[0.000000] (-) TimerEvent: {}
[0.000925] (-) JobUnselected: {'identifier': 'unitree_mujoco'}
[0.001795] (cyclonedds) JobQueued: {'identifier': 'cyclonedds', 'dependencies': OrderedDict()}
[0.002515] (ros2_unitree_legged_msgs) JobQueued: {'identifier': 'ros2_unitree_legged_msgs', 'dependencies': OrderedDict()}
[0.002633] (unitree_api) JobQueued: {'identifier': 'unitree_api', 'dependencies': OrderedDict()}
[0.002700] (unitree_go) JobQueued: {'identifier': 'unitree_go', 'dependencies': OrderedDict()}
[0.002758] (unitree_hg) JobQueued: {'identifier': 'unitree_hg', 'dependencies': OrderedDict()}
[0.002834] (rmw_cyclonedds_cpp) JobQueued: {'identifier': 'rmw_cyclonedds_cpp', 'dependencies': OrderedDict([('cyclonedds', '/ws/install/cyclonedds')])}
[0.002955] (stand_go2) JobQueued: {'identifier': 'stand_go2', 'dependencies': OrderedDict([('unitree_api', '/ws/install/unitree_api'), ('unitree_go', '/ws/install/unitree_go')])}
[0.003004] (unitree_rl_controller) JobQueued: {'identifier': 'unitree_rl_controller', 'dependencies': OrderedDict([('ros2_unitree_legged_msgs', '/ws/install/ros2_unitree_legged_msgs')])}
[0.003037] (unitree_ros2_example) JobQueued: {'identifier': 'unitree_ros2_example', 'dependencies': OrderedDict([('unitree_api', '/ws/install/unitree_api'), ('unitree_go', '/ws/install/unitree_go'), ('unitree_hg', '/ws/install/unitree_hg')])}
[0.003065] (unitree_legged_real) JobQueued: {'identifier': 'unitree_legged_real', 'dependencies': OrderedDict([('ros2_unitree_legged_msgs', '/ws/install/ros2_unitree_legged_msgs'), ('unitree_api', '/ws/install/unitree_api'), ('unitree_go', '/ws/install/unitree_go'), ('unitree_rl_controller', '/ws/install/unitree_rl_controller')])}
[0.003117] (unitree_api) JobStarted: {'identifier': 'unitree_api'}
[0.019724] (unitree_go) JobStarted: {'identifier': 'unitree_go'}
[0.026801] (ros2_unitree_legged_msgs) JobStarted: {'identifier': 'ros2_unitree_legged_msgs'}
[0.036815] (cyclonedds) JobStarted: {'identifier': 'cyclonedds'}
[0.053180] (unitree_api) JobProgress: {'identifier': 'unitree_api', 'progress': 'cmake'}
[0.055290] (unitree_api) JobProgress: {'identifier': 'unitree_api', 'progress': 'build'}
[0.057081] (unitree_api) Command: {'cmd': ['/usr/bin/cmake', '--build', '/ws/build/unitree_api', '--', '-j4', '-l4'], 'cwd': '/ws/build/unitree_api', 'env': OrderedDict([('HOSTNAME', 'pi'), ('SHLVL', '1'), ('LD_LIBRARY_PATH', '/ws/libtorch/lib:/opt/ros/humble/lib/aarch64-linux-gnu:/opt/ros/humble/lib'), ('HOME', '/root'), ('OLDPWD', '/ws/src'), ('ROS_PYTHON_VERSION', '3'), ('ROS_DISTRO', 'humble'), ('_', '/usr/bin/colcon'), ('ROS_VERSION', '2'), ('TERM', 'xterm'), ('ROS_LOCALHOST_ONLY', '0'), ('PATH', '/opt/ros/humble/bin:/usr/local/sbin:/usr/local/bin:/usr/sbin:/usr/bin:/sbin:/bin'), ('LANG', 'C.UTF-8'), ('LS_COLORS', 'rs=0:di=01;34:ln=01;36:mh=00:pi=40;33:so=01;35:do=01;35:bd=40;33;01:cd=40;33;01:or=40;31;01:mi=00:su=37;41:sg=30;43:ca=30;41:tw=30;42:ow=34;42:st=37;44:ex=01;32:*.tar=01;31:*.tgz=01;31:*.arc=01;31:*.arj=01;31:*.taz=01;31:*.lha=01;31:*.lz4=01;31:*.lzh=01;31:*.lzma=01;31:*.tlz=01;31:*.txz=01;31:*.tzo=01;31:*.t7z=01;31:*.zip=01;31:*.z=01;31:*.dz=01;31:*.gz=01;31:*.lrz=01;31:*.lz=01;31:*.lzo=01;31:*.xz=01;31:*.zst=01;31:*.tzst=01;31:*.bz2=01;31:*.bz=01;31:*.tbz=01;31:*.tbz2=01;31:*.tz=01;31:*.deb=01;31:*.rpm=01;31:*.jar=01;31:*.war=01;31:*.ear=01;31:*.sar=01;31:*.rar=01;31:*.alz=01;31:*.ace=01;31:*.zoo=01;31:*.cpio=01;31:*.7z=01;31:*.rz=01;31:*.cab=01;31:*.wim=01;31:*.swm=01;31:*.dwm=01;31:*.esd=01;31:*.jpg=01;35:*.jpeg=01;35:*.mjpg=01;35:*.mjpeg=01;35:*.gif=01;35:*.bmp=01;35:*.pbm=01;35:*.pgm=01;35:*.ppm=01;35:*.tga=01;35:*.xbm=01;35:*.xpm=01;35:*.tif=01;35:*.tiff=01;35:*.png=01;35:*.svg=01;35:*.svgz=01;35:*.mng=01;35:*.pcx=01;35:*.mov=01;35:*.mpg=01;35:*.mpeg=01;35:*.m2v=01;35:*.mkv=01;35:*.webm=01;35:*.webp=01;35:*.ogm=01;35:*.mp4=01;35:*.m4v=01;35:*.mp4v=01;35:*.vob=01;35:*.qt=01;35:*.nuv=01;35:*.wmv=01;35:*.asf=01;35:*.rm=01;35:*.rmvb=01;35:*.flc=01;35:*.avi=01;35:*.fli=01;35:*.flv=01;35:*.gl=01;35:*.dl=01;35:*.xcf=01;35:*.xwd=01;35:*.yuv=01;35:*.cgm=01;35:*.emf=01;35:*.ogv=01;35:*.ogx=01;35:*.aac=00;36:*.au=00;36:*.flac=00;36:*.m4a=00;36:*.mid=00;36:*.midi=00;36:*.mka=00;36:*.mp3=00;36:*.mpc=00;36:*.ogg=00;36:*.ra=00;36:*.wav=00;36:*.oga=00;36:*.opus=00;36:*.spx=00;36:*.xspf=00;36:'), ('AMENT_PREFIX_PATH', '/opt/ros/humble'), ('DEBIAN_FRONTEND', 'noninteractive'), ('Torch_DIR', '/ws/libtorch/share/cmake/Torch'), ('PWD', '/ws/build/unitree_api'), ('LC_ALL', 'C.UTF-8'), ('PYTHONPATH', '/opt/ros/humble/lib/python3.10/site-packages:/opt/ros/humble/local/lib/python3.10/dist-packages'), ('COLCON', '1'), ('CMAKE_PREFIX_PATH', '/ws/libtorch::/opt/ros/humble')]), 'shell': False}
[0.062434] (unitree_go) JobProgress: {'identifier': 'unitree_go', 'progress': 'cmake'}
[0.063569] (unitree_go) JobProgress: {'identifier': 'unitree_go', 'progress': 'build'}
[0.064997] (unitree_go) Command: {'cmd': ['/usr/bin/cmake', '--build', '/ws/build/unitree_go', '--', '-j4', '-l4'], 'cwd': '/ws/build/unitree_go', 'env': OrderedDict([('HOSTNAME', 'pi'), ('SHLVL', '1'), ('LD_LIBRARY_PATH', '/ws/libtorch/lib:/opt/ros/humble/lib/aarch64-linux-gnu:/opt/ros/humble/lib'), ('HOME', '/root'), ('OLDPWD', '/ws/src'), ('ROS_PYTHON_VERSION', '3'), ('ROS_DISTRO', 'humble'), ('_', '/usr/bin/colcon'), ('ROS_VERSION', '2'), ('TERM', 'xterm'), ('ROS_LOCALHOST_ONLY', '0'), ('PATH', '/opt/ros/humble/bin:/usr/local/sbin:/usr/local/bin:/usr/sbin:/usr/bin:/sbin:/bin'), ('LANG', 'C.UTF-8'), ('LS_COLORS', 'rs=0:di=01;34:ln=01;36:mh=00:pi=40;33:so=01;35:do=01;35:bd=40;33;01:cd=40;33;01:or=40;31;01:mi=00:su=37;41:sg=30;43:ca=30;41:tw=30;42:ow=34;42:st=37;44:ex=01;32:*.tar=01;31:*.tgz=01;31:*.arc=01;31:*.arj=01;31:*.taz=01;31:*.lha=01;31:*.lz4=01;31:*.lzh=01;31:*.lzma=01;31:*.tlz=01;31:*.txz=01;31:*.tzo=01;31:*.t7z=01;31:*.zip=01;31:*.z=01;31:*.dz=01;31:*.gz=01;31:*.lrz=01;31:*.lz=01;31:*.lzo=01;31:*.xz=01;31:*.zst=01;31:*.tzst=01;31:*.bz2=01;31:*.bz=01;31:*.tbz=01;31:*.tbz2=01;31:*.tz=01;31:*.deb=01;31:*.rpm=01;31:*.jar=01;31:*.war=01;31:*.ear=01;31:*.sar=01;31:*.rar=01;31:*.alz=01;31:*.ace=01;31:*.zoo=01;31:*.cpio=01;31:*.7z=01;31:*.rz=01;31:*.cab=01;31:*.wim=01;31:*.swm=01;31:*.dwm=01;31:*.esd=01;31:*.jpg=01;35:*.jpeg=01;35:*.mjpg=01;35:*.mjpeg=01;35:*.gif=01;35:*.bmp=01;35:*.pbm=01;35:*.pgm=01;35:*.ppm=01;35:*.tga=01;35:*.xbm=01;35:*.xpm=01;35:*.tif=01;35:*.tiff=01;35:*.png=01;35:*.svg=01;35:*.svgz=01;35:*.mng=01;35:*.pcx=01;35:*.mov=01;35:*.mpg=01;35:*.mpeg=01;35:*.m2v=01;35:*.mkv=01;35:*.webm=01;35:*.webp=01;35:*.ogm=01;35:*.mp4=01;35:*.m4v=01;35:*.mp4v=01;35:*.vob=01;35:*.qt=01;35:*.nuv=01;35:*.wmv=01;35:*.asf=01;35:*.rm=01;35:*.rmvb=01;35:*.flc=01;35:*.avi=01;35:*.fli=01;35:*.flv=01;35:*.gl=01;35:*.dl=01;35:*.xcf=01;35:*.xwd=01;35:*.yuv=01;35:*.cgm=01;35:*.emf=01;35:*.ogv=01;35:*.ogx=01;35:*.aac=00;36:*.au=00;36:*.flac=00;36:*.m4a=00;36:*.mid=00;36:*.midi=00;36:*.mka=00;36:*.mp3=00;36:*.mpc=00;36:*.ogg=00;36:*.ra=00;36:*.wav=00;36:*.oga=00;36:*.opus=00;36:*.spx=00;36:*.xspf=00;36:'), ('AMENT_PREFIX_PATH', '/opt/ros/humble'), ('DEBIAN_FRONTEND', 'noninteractive'), ('Torch_DIR', '/ws/libtorch/share/cmake/Torch'), ('PWD', '/ws/build/unitree_go'), ('LC_ALL', 'C.UTF-8'), ('PYTHONPATH', '/opt/ros/humble/lib/python3.10/site-packages:/opt/ros/humble/local/lib/python3.10/dist-packages'), ('COLCON', '1'), ('CMAKE_PREFIX_PATH', '/ws/libtorch::/opt/ros/humble')]), 'shell': False}
[0.067762] (ros2_unitree_legged_msgs) JobProgress: {'identifier': 'ros2_unitree_legged_msgs', 'progress': 'cmake'}
[0.068983] (ros2_unitree_legged_msgs) JobProgress: {'identifier': 'ros2_unitree_legged_msgs', 'progress': 'build'}
[0.070707] (ros2_unitree_legged_msgs) Command: {'cmd': ['/usr/bin/cmake', '--build', '/ws/build/ros2_unitree_legged_msgs', '--', '-j4', '-l4'], 'cwd': '/ws/build/ros2_unitree_legged_msgs', 'env': OrderedDict([('HOSTNAME', 'pi'), ('SHLVL', '1'), ('LD_LIBRARY_PATH', '/ws/libtorch/lib:/opt/ros/humble/lib/aarch64-linux-gnu:/opt/ros/humble/lib'), ('HOME', '/root'), ('OLDPWD', '/ws/src'), ('ROS_PYTHON_VERSION', '3'), ('ROS_DISTRO', 'humble'), ('_', '/usr/bin/colcon'), ('ROS_VERSION', '2'), ('TERM', 'xterm'), ('ROS_LOCALHOST_ONLY', '0'), ('PATH', '/opt/ros/humble/bin:/usr/local/sbin:/usr/local/bin:/usr/sbin:/usr/bin:/sbin:/bin'), ('LANG', 'C.UTF-8'), ('LS_COLORS', 'rs=0:di=01;34:ln=01;36:mh=00:pi=40;33:so=01;35:do=01;35:bd=40;33;01:cd=40;33;01:or=40;31;01:mi=00:su=37;41:sg=30;43:ca=30;41:tw=30;42:ow=34;42:st=37;44:ex=01;32:*.tar=01;31:*.tgz=01;31:*.arc=01;31:*.arj=01;31:*.taz=01;31:*.lha=01;31:*.lz4=01;31:*.lzh=01;31:*.lzma=01;31:*.tlz=01;31:*.txz=01;31:*.tzo=01;31:*.t7z=01;31:*.zip=01;31:*.z=01;31:*.dz=01;31:*.gz=01;31:*.lrz=01;31:*.lz=01;31:*.lzo=01;31:*.xz=01;31:*.zst=01;31:*.tzst=01;31:*.bz2=01;31:*.bz=01;31:*.tbz=01;31:*.tbz2=01;31:*.tz=01;31:*.deb=01;31:*.rpm=01;31:*.jar=01;31:*.war=01;31:*.ear=01;31:*.sar=01;31:*.rar=01;31:*.alz=01;31:*.ace=01;31:*.zoo=01;31:*.cpio=01;31:*.7z=01;31:*.rz=01;31:*.cab=01;31:*.wim=01;31:*.swm=01;31:*.dwm=01;31:*.esd=01;31:*.jpg=01;35:*.jpeg=01;35:*.mjpg=01;35:*.mjpeg=01;35:*.gif=01;35:*.bmp=01;35:*.pbm=01;35:*.pgm=01;35:*.ppm=01;35:*.tga=01;35:*.xbm=01;35:*.xpm=01;35:*.tif=01;35:*.tiff=01;35:*.png=01;35:*.svg=01;35:*.svgz=01;35:*.mng=01;35:*.pcx=01;35:*.mov=01;35:*.mpg=01;35:*.mpeg=01;35:*.m2v=01;35:*.mkv=01;35:*.webm=01;35:*.webp=01;35:*.ogm=01;35:*.mp4=01;35:*.m4v=01;35:*.mp4v=01;35:*.vob=01;35:*.qt=01;35:*.nuv=01;35:*.wmv=01;35:*.asf=01;35:*.rm=01;35:*.rmvb=01;35:*.flc=01;35:*.avi=01;35:*.fli=01;35:*.flv=01;35:*.gl=01;35:*.dl=01;35:*.xcf=01;35:*.xwd=01;35:*.yuv=01;35:*.cgm=01;35:*.emf=01;35:*.ogv=01;35:*.ogx=01;35:*.aac=00;36:*.au=00;36:*.flac=00;36:*.m4a=00;36:*.mid=00;36:*.midi=00;36:*.mka=00;36:*.mp3=00;36:*.mpc=00;36:*.ogg=00;36:*.ra=00;36:*.wav=00;36:*.oga=00;36:*.opus=00;36:*.spx=00;36:*.xspf=00;36:'), ('AMENT_PREFIX_PATH', '/opt/ros/humble'), ('DEBIAN_FRONTEND', 'noninteractive'), ('Torch_DIR', '/ws/libtorch/share/cmake/Torch'), ('PWD', '/ws/build/ros2_unitree_legged_msgs'), ('LC_ALL', 'C.UTF-8'), ('PYTHONPATH', '/opt/ros/humble/lib/python3.10/site-packages:/opt/ros/humble/local/lib/python3.10/dist-packages'), ('COLCON', '1'), ('CMAKE_PREFIX_PATH', '/ws/libtorch::/opt/ros/humble')]), 'shell': False}
[0.082162] (cyclonedds) JobProgress: {'identifier': 'cyclonedds', 'progress': 'cmake'}
[0.087257] (cyclonedds) JobProgress: {'identifier': 'cyclonedds', 'progress': 'build'}
[0.087513] (cyclonedds) Command: {'cmd': ['/usr/bin/cmake', '--build', '/ws/build/cyclonedds', '--', '-j4', '-l4'], 'cwd': '/ws/build/cyclonedds', 'env': OrderedDict([('HOSTNAME', 'pi'), ('SHLVL', '1'), ('LD_LIBRARY_PATH', '/ws/libtorch/lib:/opt/ros/humble/lib/aarch64-linux-gnu:/opt/ros/humble/lib'), ('HOME', '/root'), ('OLDPWD', '/ws/src'), ('ROS_PYTHON_VERSION', '3'), ('ROS_DISTRO', 'humble'), ('_', '/usr/bin/colcon'), ('ROS_VERSION', '2'), ('TERM', 'xterm'), ('ROS_LOCALHOST_ONLY', '0'), ('PATH', '/opt/ros/humble/bin:/usr/local/sbin:/usr/local/bin:/usr/sbin:/usr/bin:/sbin:/bin'), ('LANG', 'C.UTF-8'), ('LS_COLORS', 'rs=0:di=01;34:ln=01;36:mh=00:pi=40;33:so=01;35:do=01;35:bd=40;33;01:cd=40;33;01:or=40;31;01:mi=00:su=37;41:sg=30;43:ca=30;41:tw=30;42:ow=34;42:st=37;44:ex=01;32:*.tar=01;31:*.tgz=01;31:*.arc=01;31:*.arj=01;31:*.taz=01;31:*.lha=01;31:*.lz4=01;31:*.lzh=01;31:*.lzma=01;31:*.tlz=01;31:*.txz=01;31:*.tzo=01;31:*.t7z=01;31:*.zip=01;31:*.z=01;31:*.dz=01;31:*.gz=01;31:*.lrz=01;31:*.lz=01;31:*.lzo=01;31:*.xz=01;31:*.zst=01;31:*.tzst=01;31:*.bz2=01;31:*.bz=01;31:*.tbz=01;31:*.tbz2=01;31:*.tz=01;31:*.deb=01;31:*.rpm=01;31:*.jar=01;31:*.war=01;31:*.ear=01;31:*.sar=01;31:*.rar=01;31:*.alz=01;31:*.ace=01;31:*.zoo=01;31:*.cpio=01;31:*.7z=01;31:*.rz=01;31:*.cab=01;31:*.wim=01;31:*.swm=01;31:*.dwm=01;31:*.esd=01;31:*.jpg=01;35:*.jpeg=01;35:*.mjpg=01;35:*.mjpeg=01;35:*.gif=01;35:*.bmp=01;35:*.pbm=01;35:*.pgm=01;35:*.ppm=01;35:*.tga=01;35:*.xbm=01;35:*.xpm=01;35:*.tif=01;35:*.tiff=01;35:*.png=01;35:*.svg=01;35:*.svgz=01;35:*.mng=01;35:*.pcx=01;35:*.mov=01;35:*.mpg=01;35:*.mpeg=01;35:*.m2v=01;35:*.mkv=01;35:*.webm=01;35:*.webp=01;35:*.ogm=01;35:*.mp4=01;35:*.m4v=01;35:*.mp4v=01;35:*.vob=01;35:*.qt=01;35:*.nuv=01;35:*.wmv=01;35:*.asf=01;35:*.rm=01;35:*.rmvb=01;35:*.flc=01;35:*.avi=01;35:*.fli=01;35:*.flv=01;35:*.gl=01;35:*.dl=01;35:*.xcf=01;35:*.xwd=01;35:*.yuv=01;35:*.cgm=01;35:*.emf=01;35:*.ogv=01;35:*.ogx=01;35:*.aac=00;36:*.au=00;36:*.flac=00;36:*.m4a=00;36:*.mid=00;36:*.midi=00;36:*.mka=00;36:*.mp3=00;36:*.mpc=00;36:*.ogg=00;36:*.ra=00;36:*.wav=00;36:*.oga=00;36:*.opus=00;36:*.spx=00;36:*.xspf=00;36:'), ('AMENT_PREFIX_PATH', '/opt/ros/humble'), ('DEBIAN_FRONTEND', 'noninteractive'), ('Torch_DIR', '/ws/libtorch/share/cmake/Torch'), ('PWD', '/ws/build/cyclonedds'), ('LC_ALL', 'C.UTF-8'), ('PYTHONPATH', '/opt/ros/humble/lib/python3.10/site-packages:/opt/ros/humble/local/lib/python3.10/dist-packages'), ('COLCON', '1'), ('CMAKE_PREFIX_PATH', '/ws/libtorch::/opt/ros/humble')]), 'shell': False}
[0.100841] (-) TimerEvent: {}
[0.203616] (-) TimerEvent: {}
[0.217336] (unitree_api) StdoutLine: {'line': b'\x1b[35m\x1b[1mConsolidate compiler generated dependencies of target unitree_api__rosidl_generator_c\x1b[0m\n'}
[0.244002] (ros2_unitree_legged_msgs) StdoutLine: {'line': b'\x1b[35m\x1b[1mConsolidate compiler generated dependencies of target ros2_unitree_legged_msgs__rosidl_generator_c\x1b[0m\n'}
[0.275395] (unitree_go) StdoutLine: {'line': b'\x1b[35m\x1b[1mConsolidate compiler generated dependencies of target unitree_go__rosidl_generator_c\x1b[0m\n'}
[0.300032] (unitree_go) StdoutLine: {'line': b'[  0%] Built target unitree_go__dds_connext_idl\n'}
[0.300558] (unitree_api) StdoutLine: {'line': b'[  1%] Built target unitree_api__dds_connext_idl\n'}
[0.304837] (cyclonedds) StdoutLine: {'line': b'\x1b[35m\x1b[1mConsolidate compiler generated dependencies of target idlpp\x1b[0m\n'}
[0.305198] (-) TimerEvent: {}
[0.314019] (unitree_api) StdoutLine: {'line': b'[  2%] Built target unitree_api__cpp\n'}
[0.333444] (ros2_unitree_legged_msgs) StdoutLine: {'line': b'[  0%] Built target ros2_unitree_legged_msgs__cpp\n'}
[0.342440] (cyclonedds) StdoutLine: {'line': b'\x1b[35m\x1b[1mConsolidate compiler generated dependencies of target idl\x1b[0m\n'}
[0.367879] (unitree_api) StdoutLine: {'line': b'[ 13%] Built target unitree_api__rosidl_generator_c\n'}
[0.368258] (cyclonedds) StdoutLine: {'line': b'\x1b[35m\x1b[1mConsolidate compiler generated dependencies of target ddsrt-internal\x1b[0m\n'}
[0.377477] (unitree_api) StdoutLine: {'line': b'\x1b[35m\x1b[1mConsolidate compiler generated dependencies of target unitree_api__rosidl_typesupport_fastrtps_cpp\x1b[0m\n'}
[0.400064] (unitree_go) StdoutLine: {'line': b'[  0%] Built target unitree_go__cpp\n'}
[0.411433] (ros2_unitree_legged_msgs) StdoutLine: {'line': b'\x1b[35m\x1b[1mConsolidate compiler generated dependencies of target ros2_unitree_legged_msgs__rosidl_typesupport_fastrtps_cpp\x1b[0m\n'}
[0.411800] (-) TimerEvent: {}
[0.412177] (cyclonedds) StdoutLine: {'line': b'[  0%] Built target _confgen\n'}
[0.428496] (ros2_unitree_legged_msgs) StdoutLine: {'line': b'[ 12%] Built target ros2_unitree_legged_msgs__rosidl_generator_c\n'}
[0.429005] (unitree_api) StdoutLine: {'line': b'\x1b[35m\x1b[1mConsolidate compiler generated dependencies of target unitree_api__rosidl_typesupport_introspection_cpp\x1b[0m\n'}
[0.438434] (unitree_go) StdoutLine: {'line': b'[  0%] Built target ament_cmake_python_copy_unitree_go\n'}
[0.449904] (unitree_api) StdoutLine: {'line': b'[ 13%] Built target ament_cmake_python_copy_unitree_api\n'}
[0.468533] (unitree_go) StdoutLine: {'line': b'[ 12%] Built target unitree_go__rosidl_generator_c\n'}
[0.469776] (cyclonedds) StdoutLine: {'line': b'[  4%] Built target idlpp\n'}
[0.482481] (unitree_go) StdoutLine: {'line': b'[ 13%] \x1b[34m\x1b[1mGenerating C++ type support for eProsima Fast-RTPS\x1b[0m\n'}
[0.500486] (ros2_unitree_legged_msgs) StdoutLine: {'line': b'\x1b[35m\x1b[1mConsolidate compiler generated dependencies of target ros2_unitree_legged_msgs__rosidl_typesupport_introspection_cpp\x1b[0m\n'}
[0.515597] (ros2_unitree_legged_msgs) StdoutLine: {'line': b'[ 12%] Built target ament_cmake_python_copy_ros2_unitree_legged_msgs\n'}
[0.515906] (-) TimerEvent: {}
[0.521347] (cyclonedds) StdoutLine: {'line': b'[ 12%] Built target idl\n'}
[0.527592] (unitree_api) StdoutLine: {'line': b'\x1b[35m\x1b[1mConsolidate compiler generated dependencies of target unitree_api__rosidl_typesupport_cpp\x1b[0m\n'}
[0.534047] (unitree_api) StdoutLine: {'line': b'[ 25%] Built target unitree_api__rosidl_typesupport_fastrtps_cpp\n'}
[0.556451] (cyclonedds) StdoutLine: {'line': b'\x1b[35m\x1b[1mConsolidate compiler generated dependencies of target ddsc\x1b[0m\n'}
[0.565509] (ros2_unitree_legged_msgs) StdoutLine: {'line': b'\x1b[35m\x1b[1mConsolidate compiler generated dependencies of target ros2_unitree_legged_msgs__rosidl_typesupport_cpp\x1b[0m\n'}
[0.574819] (unitree_go) StdoutLine: {'line': b'[ 14%] \x1b[34m\x1b[1mGenerating C++ introspection for ROS interfaces\x1b[0m\n'}
[0.584928] (unitree_api) StdoutLine: {'line': b'\x1b[35m\x1b[1mConsolidate compiler generated dependencies of target unitree_api__rosidl_typesupport_introspection_c\x1b[0m\n'}
[0.599522] (ros2_unitree_legged_msgs) StdoutLine: {'line': b'[ 23%] Built target ros2_unitree_legged_msgs__rosidl_typesupport_fastrtps_cpp\n'}
[0.614960] (unitree_go) StdoutLine: {'line': b'\x1b[35m\x1b[1mConsolidate compiler generated dependencies of target unitree_go__rosidl_typesupport_cpp\x1b[0m\n'}
[0.615997] (-) TimerEvent: {}
[0.672630] (unitree_api) StdoutLine: {'line': b'\x1b[35m\x1b[1mConsolidate compiler generated dependencies of target unitree_api__rosidl_typesupport_fastrtps_c\x1b[0m\n'}
[0.672966] (unitree_api) StdoutLine: {'line': b'[ 36%] Built target unitree_api__rosidl_typesupport_introspection_cpp\n'}
[0.692778] (ros2_unitree_legged_msgs) StdoutLine: {'line': b'[ 35%] Built target ros2_unitree_legged_msgs__rosidl_typesupport_cpp\n'}
[0.709730] (unitree_api) StdoutLine: {'line': b'[ 47%] Built target unitree_api__rosidl_typesupport_cpp\n'}
[0.717604] (-) TimerEvent: {}
[0.718629] (cyclonedds) StdoutLine: {'line': b'[ 27%] Built target ddsrt-internal\n'}
[0.726557] (ros2_unitree_legged_msgs) StdoutLine: {'line': b'\x1b[35m\x1b[1mConsolidate compiler generated dependencies of target ros2_unitree_legged_msgs__rosidl_typesupport_fastrtps_c\x1b[0m\n'}
[0.747418] (unitree_api) StdoutLine: {'line': b'[ 59%] Built target unitree_api__rosidl_typesupport_introspection_c\n'}
[0.777969] (ros2_unitree_legged_msgs) StdoutLine: {'line': b'\x1b[35m\x1b[1mConsolidate compiler generated dependencies of target ros2_unitree_legged_msgs__rosidl_typesupport_introspection_c\x1b[0m\n'}
[0.779496] (ros2_unitree_legged_msgs) StdoutLine: {'line': b'[ 47%] Built target ros2_unitree_legged_msgs__rosidl_typesupport_introspection_cpp\n'}
[0.803583] (unitree_api) StdoutLine: {'line': b'\x1b[35m\x1b[1mConsolidate compiler generated dependencies of target unitree_api__rosidl_typesupport_c\x1b[0m\n'}
[0.817528] (cyclonedds) StdoutLine: {'line': b'[ 27%] \x1b[32mBuilding C object src/core/CMakeFiles/ddsc.dir/ddsi/src/ddsi_serdata_default.c.o\x1b[0m\n'}
[0.817865] (-) TimerEvent: {}
[0.857856] (ros2_unitree_legged_msgs) StdoutLine: {'line': b'\x1b[35m\x1b[1mConsolidate compiler generated dependencies of target ros2_unitree_legged_msgs__rosidl_typesupport_c\x1b[0m\n'}
[0.858153] (unitree_api) StdoutLine: {'line': b'[ 70%] Built target unitree_api__rosidl_typesupport_fastrtps_c\n'}
[0.863676] (cyclonedds) StdoutLine: {'line': b'[ 27%] \x1b[32mBuilding C object src/core/CMakeFiles/ddsc.dir/ddsi/src/q_thread.c.o\x1b[0m\n'}
[0.878422] (cyclonedds) StdoutLine: {'line': b'[ 27%] \x1b[32mBuilding C object src/core/CMakeFiles/ddsc.dir/ddsi/src/ddsi_serdata.c.o\x1b[0m\n'}
[0.912871] (cyclonedds) StdoutLine: {'line': b'[ 28%] \x1b[32mBuilding C object src/core/CMakeFiles/ddsc.dir/ddsi/src/q_transmit.c.o\x1b[0m\n'}
[0.919423] (-) TimerEvent: {}
[0.922092] (ros2_unitree_legged_msgs) StdoutLine: {'line': b'[ 59%] Built target ros2_unitree_legged_msgs__rosidl_typesupport_fastrtps_c\n'}
[0.957476] (unitree_api) StdoutLine: {'line': b'[ 81%] Built target unitree_api__rosidl_typesupport_c\n'}
[0.978465] (unitree_go) StdoutLine: {'line': b'[ 27%] Built target unitree_go__rosidl_typesupport_cpp\n'}
[1.013389] (ros2_unitree_legged_msgs) StdoutLine: {'line': b'[ 71%] Built target ros2_unitree_legged_msgs__rosidl_typesupport_c\n'}
[1.025434] (-) TimerEvent: {}
[1.032179] (ros2_unitree_legged_msgs) StdoutLine: {'line': b'[ 83%] Built target ros2_unitree_legged_msgs__rosidl_typesupport_introspection_c\n'}
[1.105516] (unitree_go) StdoutLine: {'line': b'\x1b[35m\x1b[1mConsolidate compiler generated dependencies of target unitree_go__rosidl_typesupport_fastrtps_c\x1b[0m\n'}
[1.125560] (-) TimerEvent: {}
[1.203690] (unitree_api) StdoutLine: {'line': b'[ 81%] Built target unitree_api\n'}
[1.229431] (-) TimerEvent: {}
[1.285043] (ros2_unitree_legged_msgs) StdoutLine: {'line': b'[ 83%] Built target ros2_unitree_legged_msgs\n'}
[1.329562] (-) TimerEvent: {}
[1.367425] (unitree_go) StdoutLine: {'line': b'[ 27%] \x1b[32mBuilding CXX object CMakeFiles/unitree_go__rosidl_typesupport_fastrtps_c.dir/rosidl_typesupport_fastrtps_c/unitree_go/msg/detail/res__type_support_c.cpp.o\x1b[0m\n'}
[1.383695] (unitree_api) StdoutLine: {'line': b'[ 82%] Built target unitree_api__py\n'}
[1.432406] (-) TimerEvent: {}
[1.496560] (unitree_api) StdoutLine: {'line': b'\x1b[35m\x1b[1mConsolidate compiler generated dependencies of target unitree_api__rosidl_generator_py\x1b[0m\n'}
[1.502138] (ros2_unitree_legged_msgs) StdoutLine: {'line': b'[ 84%] Built target ros2_unitree_legged_msgs__py\n'}
[1.532564] (-) TimerEvent: {}
[1.588792] (ros2_unitree_legged_msgs) StdoutLine: {'line': b'\x1b[35m\x1b[1mConsolidate compiler generated dependencies of target ros2_unitree_legged_msgs__rosidl_generator_py\x1b[0m\n'}
[1.635694] (-) TimerEvent: {}
[1.688883] (unitree_api) StdoutLine: {'line': b'[ 93%] Built target unitree_api__rosidl_generator_py\n'}
[1.739421] (-) TimerEvent: {}
[1.761655] (unitree_api) StdoutLine: {'line': b'\x1b[35m\x1b[1mConsolidate compiler generated dependencies of target unitree_api__rosidl_typesupport_fastrtps_c__pyext\x1b[0m\n'}
[1.805544] (ros2_unitree_legged_msgs) StdoutLine: {'line': b'[ 95%] Built target ros2_unitree_legged_msgs__rosidl_generator_py\n'}
[1.826201] (unitree_api) StdoutLine: {'line': b'\x1b[35m\x1b[1mConsolidate compiler generated dependencies of target unitree_api__rosidl_typesupport_introspection_c__pyext\x1b[0m\n'}
[1.826655] (cyclonedds) StdoutLine: {'line': b'[ 28%] \x1b[32mBuilding C object src/core/CMakeFiles/ddsc.dir/ddsi/src/q_inverse_uint32_set.c.o\x1b[0m\n'}
[1.837417] (unitree_api) StdoutLine: {'line': b'\x1b[35m\x1b[1mConsolidate compiler generated dependencies of target unitree_api__rosidl_typesupport_c__pyext\x1b[0m\n'}
[1.839537] (-) TimerEvent: {}
[1.910936] (unitree_api) StdoutLine: {'line': b'[ 95%] Built target unitree_api__rosidl_typesupport_fastrtps_c__pyext\n'}
[1.920391] (ros2_unitree_legged_msgs) StdoutLine: {'line': b'\x1b[35m\x1b[1mConsolidate compiler generated dependencies of target ros2_unitree_legged_msgs__rosidl_typesupport_fastrtps_c__pyext\x1b[0m\n'}
[1.920730] (ros2_unitree_legged_msgs) StdoutLine: {'line': b'\x1b[35m\x1b[1mConsolidate compiler generated dependencies of target ros2_unitree_legged_msgs__rosidl_typesupport_introspection_c__pyext\x1b[0m\n'}
[1.920839] (ros2_unitree_legged_msgs) StdoutLine: {'line': b'\x1b[35m\x1b[1mConsolidate compiler generated dependencies of target ros2_unitree_legged_msgs__rosidl_typesupport_c__pyext\x1b[0m\n'}
[1.929356] (unitree_api) StdoutLine: {'line': b'[ 97%] Built target unitree_api__rosidl_typesupport_introspection_c__pyext\n'}
[1.943370] (-) TimerEvent: {}
[2.026484] (unitree_api) StdoutLine: {'line': b'[100%] Built target unitree_api__rosidl_typesupport_c__pyext\n'}
[2.033980] (ros2_unitree_legged_msgs) StdoutLine: {'line': b'[ 97%] Built target ros2_unitree_legged_msgs__rosidl_typesupport_introspection_c__pyext\n'}
[2.043532] (-) TimerEvent: {}
[2.077514] (ros2_unitree_legged_msgs) StdoutLine: {'line': b'[ 99%] Built target ros2_unitree_legged_msgs__rosidl_typesupport_fastrtps_c__pyext\n'}
[2.112437] (ros2_unitree_legged_msgs) StdoutLine: {'line': b'[100%] Built target ros2_unitree_legged_msgs__rosidl_typesupport_c__pyext\n'}
[2.143659] (-) TimerEvent: {}
[2.232214] (cyclonedds) StdoutLine: {'line': b'[ 28%] \x1b[32mBuilding C object src/core/CMakeFiles/ddsc.dir/ddsi/src/q_whc.c.o\x1b[0m\n'}
[2.243832] (-) TimerEvent: {}
[2.347530] (cyclonedds) StdoutLine: {'line': b'[ 29%] \x1b[32mBuilding C object src/core/CMakeFiles/ddsc.dir/ddsi/src/q_xevent.c.o\x1b[0m\n'}
[2.352056] (-) TimerEvent: {}
[2.450675] (unitree_go) StdoutLine: {'line': b'running egg_info\n'}
[2.452161] (-) TimerEvent: {}
[2.467785] (unitree_go) StdoutLine: {'line': b'writing unitree_go.egg-info/PKG-INFO\n'}
[2.485181] (unitree_go) StdoutLine: {'line': b'writing dependency_links to unitree_go.egg-info/dependency_links.txt\n'}
[2.488584] (unitree_go) StdoutLine: {'line': b'writing top-level names to unitree_go.egg-info/top_level.txt\n'}
[2.499207] (unitree_go) StdoutLine: {'line': b"reading manifest file 'unitree_go.egg-info/SOURCES.txt'\n"}
[2.510107] (unitree_go) StdoutLine: {'line': b"writing manifest file 'unitree_go.egg-info/SOURCES.txt'\n"}
[2.516428] (ros2_unitree_legged_msgs) StdoutLine: {'line': b'running egg_info\n'}
[2.517714] (ros2_unitree_legged_msgs) StdoutLine: {'line': b'writing ros2_unitree_legged_msgs.egg-info/PKG-INFO\n'}
[2.522440] (ros2_unitree_legged_msgs) StdoutLine: {'line': b'writing dependency_links to ros2_unitree_legged_msgs.egg-info/dependency_links.txt\n'}
[2.524503] (ros2_unitree_legged_msgs) StdoutLine: {'line': b'writing top-level names to ros2_unitree_legged_msgs.egg-info/top_level.txt\n'}
[2.541454] (ros2_unitree_legged_msgs) StdoutLine: {'line': b"reading manifest file 'ros2_unitree_legged_msgs.egg-info/SOURCES.txt'\n"}
[2.549518] (cyclonedds) StdoutLine: {'line': b'[ 29%] \x1b[32mBuilding C object src/core/CMakeFiles/ddsc.dir/ddsi/src/q_xmsg.c.o\x1b[0m\n'}
[2.550814] (ros2_unitree_legged_msgs) StdoutLine: {'line': b"writing manifest file 'ros2_unitree_legged_msgs.egg-info/SOURCES.txt'\n"}
[2.552399] (-) TimerEvent: {}
[2.663431] (-) TimerEvent: {}
[2.764442] (-) TimerEvent: {}
[2.793993] (unitree_go) StdoutLine: {'line': b'[ 27%] Built target ament_cmake_python_build_unitree_go_egg\n'}
[2.825698] (unitree_go) StdoutLine: {'line': b'[ 27%] \x1b[34m\x1b[1mGenerating C introspection for ROS interfaces\x1b[0m\n'}
[2.864576] (-) TimerEvent: {}
[2.907688] (unitree_api) StdoutLine: {'line': b'running egg_info\n'}
[2.914433] (unitree_api) StdoutLine: {'line': b'writing unitree_api.egg-info/PKG-INFO\n'}
[2.917343] (unitree_api) StdoutLine: {'line': b'writing dependency_links to unitree_api.egg-info/dependency_links.txt\n'}
[2.919934] (ros2_unitree_legged_msgs) StdoutLine: {'line': b'[100%] Built target ament_cmake_python_build_ros2_unitree_legged_msgs_egg\n'}
[2.922720] (unitree_api) StdoutLine: {'line': b'writing top-level names to unitree_api.egg-info/top_level.txt\n'}
[2.942902] (unitree_api) StdoutLine: {'line': b"reading manifest file 'unitree_api.egg-info/SOURCES.txt'\n"}
[2.944056] (unitree_api) StdoutLine: {'line': b"writing manifest file 'unitree_api.egg-info/SOURCES.txt'\n"}
[2.966442] (-) TimerEvent: {}
[3.044597] (ros2_unitree_legged_msgs) CommandEnded: {'returncode': 0}
[3.047344] (ros2_unitree_legged_msgs) JobProgress: {'identifier': 'ros2_unitree_legged_msgs', 'progress': 'install'}
[3.070429] (-) TimerEvent: {}
[3.119614] (ros2_unitree_legged_msgs) Command: {'cmd': ['/usr/bin/cmake', '--install', '/ws/build/ros2_unitree_legged_msgs'], 'cwd': '/ws/build/ros2_unitree_legged_msgs', 'env': OrderedDict([('HOSTNAME', 'pi'), ('SHLVL', '1'), ('LD_LIBRARY_PATH', '/ws/libtorch/lib:/opt/ros/humble/lib/aarch64-linux-gnu:/opt/ros/humble/lib'), ('HOME', '/root'), ('OLDPWD', '/ws/src'), ('ROS_PYTHON_VERSION', '3'), ('ROS_DISTRO', 'humble'), ('_', '/usr/bin/colcon'), ('ROS_VERSION', '2'), ('TERM', 'xterm'), ('ROS_LOCALHOST_ONLY', '0'), ('PATH', '/opt/ros/humble/bin:/usr/local/sbin:/usr/local/bin:/usr/sbin:/usr/bin:/sbin:/bin'), ('LANG', 'C.UTF-8'), ('LS_COLORS', 'rs=0:di=01;34:ln=01;36:mh=00:pi=40;33:so=01;35:do=01;35:bd=40;33;01:cd=40;33;01:or=40;31;01:mi=00:su=37;41:sg=30;43:ca=30;41:tw=30;42:ow=34;42:st=37;44:ex=01;32:*.tar=01;31:*.tgz=01;31:*.arc=01;31:*.arj=01;31:*.taz=01;31:*.lha=01;31:*.lz4=01;31:*.lzh=01;31:*.lzma=01;31:*.tlz=01;31:*.txz=01;31:*.tzo=01;31:*.t7z=01;31:*.zip=01;31:*.z=01;31:*.dz=01;31:*.gz=01;31:*.lrz=01;31:*.lz=01;31:*.lzo=01;31:*.xz=01;31:*.zst=01;31:*.tzst=01;31:*.bz2=01;31:*.bz=01;31:*.tbz=01;31:*.tbz2=01;31:*.tz=01;31:*.deb=01;31:*.rpm=01;31:*.jar=01;31:*.war=01;31:*.ear=01;31:*.sar=01;31:*.rar=01;31:*.alz=01;31:*.ace=01;31:*.zoo=01;31:*.cpio=01;31:*.7z=01;31:*.rz=01;31:*.cab=01;31:*.wim=01;31:*.swm=01;31:*.dwm=01;31:*.esd=01;31:*.jpg=01;35:*.jpeg=01;35:*.mjpg=01;35:*.mjpeg=01;35:*.gif=01;35:*.bmp=01;35:*.pbm=01;35:*.pgm=01;35:*.ppm=01;35:*.tga=01;35:*.xbm=01;35:*.xpm=01;35:*.tif=01;35:*.tiff=01;35:*.png=01;35:*.svg=01;35:*.svgz=01;35:*.mng=01;35:*.pcx=01;35:*.mov=01;35:*.mpg=01;35:*.mpeg=01;35:*.m2v=01;35:*.mkv=01;35:*.webm=01;35:*.webp=01;35:*.ogm=01;35:*.mp4=01;35:*.m4v=01;35:*.mp4v=01;35:*.vob=01;35:*.qt=01;35:*.nuv=01;35:*.wmv=01;35:*.asf=01;35:*.rm=01;35:*.rmvb=01;35:*.flc=01;35:*.avi=01;35:*.fli=01;35:*.flv=01;35:*.gl=01;35:*.dl=01;35:*.xcf=01;35:*.xwd=01;35:*.yuv=01;35:*.cgm=01;35:*.emf=01;35:*.ogv=01;35:*.ogx=01;35:*.aac=00;36:*.au=00;36:*.flac=00;36:*.m4a=00;36:*.mid=00;36:*.midi=00;36:*.mka=00;36:*.mp3=00;36:*.mpc=00;36:*.ogg=00;36:*.ra=00;36:*.wav=00;36:*.oga=00;36:*.opus=00;36:*.spx=00;36:*.xspf=00;36:'), ('AMENT_PREFIX_PATH', '/opt/ros/humble'), ('DEBIAN_FRONTEND', 'noninteractive'), ('Torch_DIR', '/ws/libtorch/share/cmake/Torch'), ('PWD', '/ws/build/ros2_unitree_legged_msgs'), ('LC_ALL', 'C.UTF-8'), ('PYTHONPATH', '/opt/ros/humble/lib/python3.10/site-packages:/opt/ros/humble/local/lib/python3.10/dist-packages'), ('COLCON', '1'), ('CMAKE_PREFIX_PATH', '/ws/libtorch::/opt/ros/humble')]), 'shell': False}
[3.135184] (cyclonedds) StdoutLine: {'line': b'[ 29%] \x1b[32mBuilding C object src/core/CMakeFiles/ddsc.dir/ddsi/src/q_freelist.c.o\x1b[0m\n'}
[3.162588] (ros2_unitree_legged_msgs) StdoutLine: {'line': b'-- Install configuration: ""\n'}
[3.163694] (ros2_unitree_legged_msgs) StdoutLine: {'line': b'-- Up-to-date: /ws/install/ros2_unitree_legged_msgs/share/ament_index/resource_index/rosidl_interfaces/ros2_unitree_legged_msgs\n'}
[3.164715] (ros2_unitree_legged_msgs) StdoutLine: {'line': b'-- Up-to-date: /ws/install/ros2_unitree_legged_msgs/include/ros2_unitree_legged_msgs/ros2_unitree_legged_msgs\n'}
[3.167564] (ros2_unitree_legged_msgs) StdoutLine: {'line': b'-- Up-to-date: /ws/install/ros2_unitree_legged_msgs/include/ros2_unitree_legged_msgs/ros2_unitree_legged_msgs/msg\n'}
[3.169794] (ros2_unitree_legged_msgs) StdoutLine: {'line': b'-- Up-to-date: /ws/install/ros2_unitree_legged_msgs/include/ros2_unitree_legged_msgs/ros2_unitree_legged_msgs/msg/led.h\n'}
[3.174132] (-) TimerEvent: {}
[3.175635] (ros2_unitree_legged_msgs) StdoutLine: {'line': b'-- Up-to-date: /ws/install/ros2_unitree_legged_msgs/include/ros2_unitree_legged_msgs/ros2_unitree_legged_msgs/msg/low_cmd.h\n'}
[3.183876] (ros2_unitree_legged_msgs) StdoutLine: {'line': b'-- Up-to-date: /ws/install/ros2_unitree_legged_msgs/include/ros2_unitree_legged_msgs/ros2_unitree_legged_msgs/msg/motor_cmd.h\n'}
[3.187160] (ros2_unitree_legged_msgs) StdoutLine: {'line': b'-- Up-to-date: /ws/install/ros2_unitree_legged_msgs/include/ros2_unitree_legged_msgs/ros2_unitree_legged_msgs/msg/high_cmd.h\n'}
[3.187603] (ros2_unitree_legged_msgs) StdoutLine: {'line': b'-- Up-to-date: /ws/install/ros2_unitree_legged_msgs/include/ros2_unitree_legged_msgs/ros2_unitree_legged_msgs/msg/low_state.h\n'}
[3.187838] (ros2_unitree_legged_msgs) StdoutLine: {'line': b'-- Up-to-date: /ws/install/ros2_unitree_legged_msgs/include/ros2_unitree_legged_msgs/ros2_unitree_legged_msgs/msg/bms_cmd.h\n'}
[3.188070] (ros2_unitree_legged_msgs) StdoutLine: {'line': b'-- Up-to-date: /ws/install/ros2_unitree_legged_msgs/include/ros2_unitree_legged_msgs/ros2_unitree_legged_msgs/msg/motor_state.h\n'}
[3.197822] (ros2_unitree_legged_msgs) StdoutLine: {'line': b'-- Up-to-date: /ws/install/ros2_unitree_legged_msgs/include/ros2_unitree_legged_msgs/ros2_unitree_legged_msgs/msg/imu.h\n'}
[3.199101] (ros2_unitree_legged_msgs) StdoutLine: {'line': b'-- Up-to-date: /ws/install/ros2_unitree_legged_msgs/include/ros2_unitree_legged_msgs/ros2_unitree_legged_msgs/msg/bms_state.h\n'}
[3.200502] (ros2_unitree_legged_msgs) StdoutLine: {'line': b'-- Up-to-date: /ws/install/ros2_unitree_legged_msgs/include/ros2_unitree_legged_msgs/ros2_unitree_legged_msgs/msg/cartesian.h\n'}
[3.327779] (-) TimerEvent: {}
[3.328147] (ros2_unitree_legged_msgs) StdoutLine: {'line': b'-- Up-to-date: /ws/install/ros2_unitree_legged_msgs/include/ros2_unitree_legged_msgs/ros2_unitree_legged_msgs/msg/rosidl_generator_c__visibility_control.h\n'}
[3.337276] (ros2_unitree_legged_msgs) StdoutLine: {'line': b'-- Up-to-date: /ws/install/ros2_unitree_legged_msgs/include/ros2_unitree_legged_msgs/ros2_unitree_legged_msgs/msg/detail\n'}
[3.337769] (ros2_unitree_legged_msgs) StdoutLine: {'line': b'-- Up-to-date: /ws/install/ros2_unitree_legged_msgs/include/ros2_unitree_legged_msgs/ros2_unitree_legged_msgs/msg/detail/cartesian__functions.c\n'}
[3.337959] (ros2_unitree_legged_msgs) StdoutLine: {'line': b'-- Up-to-date: /ws/install/ros2_unitree_legged_msgs/include/ros2_unitree_legged_msgs/ros2_unitree_legged_msgs/msg/detail/motor_state__struct.h\n'}
[3.338105] (ros2_unitree_legged_msgs) StdoutLine: {'line': b'-- Up-to-date: /ws/install/ros2_unitree_legged_msgs/include/ros2_unitree_legged_msgs/ros2_unitree_legged_msgs/msg/detail/high_state__type_support.h\n'}
[3.338235] (ros2_unitree_legged_msgs) StdoutLine: {'line': b'-- Up-to-date: /ws/install/ros2_unitree_legged_msgs/include/ros2_unitree_legged_msgs/ros2_unitree_legged_msgs/msg/detail/cartesian__type_support.h\n'}
[3.338437] (ros2_unitree_legged_msgs) StdoutLine: {'line': b'-- Up-to-date: /ws/install/ros2_unitree_legged_msgs/include/ros2_unitree_legged_msgs/ros2_unitree_legged_msgs/msg/detail/high_cmd__struct.h\n'}
[3.338582] (ros2_unitree_legged_msgs) StdoutLine: {'line': b'-- Up-to-date: /ws/install/ros2_unitree_legged_msgs/include/ros2_unitree_legged_msgs/ros2_unitree_legged_msgs/msg/detail/imu__struct.h\n'}
[3.338709] (ros2_unitree_legged_msgs) StdoutLine: {'line': b'-- Up-to-date: /ws/install/ros2_unitree_legged_msgs/include/ros2_unitree_legged_msgs/ros2_unitree_legged_msgs/msg/detail/low_state__type_support.h\n'}
[3.338842] (ros2_unitree_legged_msgs) StdoutLine: {'line': b'-- Up-to-date: /ws/install/ros2_unitree_legged_msgs/include/ros2_unitree_legged_msgs/ros2_unitree_legged_msgs/msg/detail/low_cmd__struct.h\n'}
[3.338981] (ros2_unitree_legged_msgs) StdoutLine: {'line': b'-- Up-to-date: /ws/install/ros2_unitree_legged_msgs/include/ros2_unitree_legged_msgs/ros2_unitree_legged_msgs/msg/detail/bms_state__struct.h\n'}
[3.339116] (ros2_unitree_legged_msgs) StdoutLine: {'line': b'-- Up-to-date: /ws/install/ros2_unitree_legged_msgs/include/ros2_unitree_legged_msgs/ros2_unitree_legged_msgs/msg/detail/led__functions.h\n'}
[3.339235] (ros2_unitree_legged_msgs) StdoutLine: {'line': b'-- Up-to-date: /ws/install/ros2_unitree_legged_msgs/include/ros2_unitree_legged_msgs/ros2_unitree_legged_msgs/msg/detail/motor_state__functions.h\n'}
[3.340399] (ros2_unitree_legged_msgs) StdoutLine: {'line': b'-- Up-to-date: /ws/install/ros2_unitree_legged_msgs/include/ros2_unitree_legged_msgs/ros2_unitree_legged_msgs/msg/detail/low_state__functions.h\n'}
[3.340802] (ros2_unitree_legged_msgs) StdoutLine: {'line': b'-- Up-to-date: /ws/install/ros2_unitree_legged_msgs/include/ros2_unitree_legged_msgs/ros2_unitree_legged_msgs/msg/detail/bms_state__functions.h\n'}
[3.340937] (ros2_unitree_legged_msgs) StdoutLine: {'line': b'-- Up-to-date: /ws/install/ros2_unitree_legged_msgs/include/ros2_unitree_legged_msgs/ros2_unitree_legged_msgs/msg/detail/motor_cmd__functions.c\n'}
[3.341051] (ros2_unitree_legged_msgs) StdoutLine: {'line': b'-- Up-to-date: /ws/install/ros2_unitree_legged_msgs/include/ros2_unitree_legged_msgs/ros2_unitree_legged_msgs/msg/detail/low_state__struct.h\n'}
[3.341147] (ros2_unitree_legged_msgs) StdoutLine: {'line': b'-- Up-to-date: /ws/install/ros2_unitree_legged_msgs/include/ros2_unitree_legged_msgs/ros2_unitree_legged_msgs/msg/detail/low_cmd__functions.h\n'}
[3.341232] (ros2_unitree_legged_msgs) StdoutLine: {'line': b'-- Up-to-date: /ws/install/ros2_unitree_legged_msgs/include/ros2_unitree_legged_msgs/ros2_unitree_legged_msgs/msg/detail/high_cmd__functions.c\n'}
[3.341442] (ros2_unitree_legged_msgs) StdoutLine: {'line': b'-- Up-to-date: /ws/install/ros2_unitree_legged_msgs/include/ros2_unitree_legged_msgs/ros2_unitree_legged_msgs/msg/detail/bms_cmd__type_support.h\n'}
[3.341566] (ros2_unitree_legged_msgs) StdoutLine: {'line': b'-- Up-to-date: /ws/install/ros2_unitree_legged_msgs/include/ros2_unitree_legged_msgs/ros2_unitree_legged_msgs/msg/detail/low_cmd__type_support.h\n'}
[3.341664] (ros2_unitree_legged_msgs) StdoutLine: {'line': b'-- Up-to-date: /ws/install/ros2_unitree_legged_msgs/include/ros2_unitree_legged_msgs/ros2_unitree_legged_msgs/msg/detail/bms_cmd__functions.c\n'}
[3.341742] (ros2_unitree_legged_msgs) StdoutLine: {'line': b'-- Up-to-date: /ws/install/ros2_unitree_legged_msgs/include/ros2_unitree_legged_msgs/ros2_unitree_legged_msgs/msg/detail/bms_cmd__functions.h\n'}
[3.341812] (ros2_unitree_legged_msgs) StdoutLine: {'line': b'-- Up-to-date: /ws/install/ros2_unitree_legged_msgs/include/ros2_unitree_legged_msgs/ros2_unitree_legged_msgs/msg/detail/low_state__functions.c\n'}
[3.342030] (ros2_unitree_legged_msgs) StdoutLine: {'line': b'-- Up-to-date: /ws/install/ros2_unitree_legged_msgs/include/ros2_unitree_legged_msgs/ros2_unitree_legged_msgs/msg/detail/motor_cmd__struct.h\n'}
[3.344738] (ros2_unitree_legged_msgs) StdoutLine: {'line': b'-- Up-to-date: /ws/install/ros2_unitree_legged_msgs/include/ros2_unitree_legged_msgs/ros2_unitree_legged_msgs/msg/detail/led__functions.c\n'}
[3.344895] (ros2_unitree_legged_msgs) StdoutLine: {'line': b'-- Up-to-date: /ws/install/ros2_unitree_legged_msgs/include/ros2_unitree_legged_msgs/ros2_unitree_legged_msgs/msg/detail/bms_cmd__struct.h\n'}
[3.345038] (ros2_unitree_legged_msgs) StdoutLine: {'line': b'-- Up-to-date: /ws/install/ros2_unitree_legged_msgs/include/ros2_unitree_legged_msgs/ros2_unitree_legged_msgs/msg/detail/imu__functions.c\n'}
[3.345136] (ros2_unitree_legged_msgs) StdoutLine: {'line': b'-- Up-to-date: /ws/install/ros2_unitree_legged_msgs/include/ros2_unitree_legged_msgs/ros2_unitree_legged_msgs/msg/detail/high_state__functions.c\n'}
[3.345226] (ros2_unitree_legged_msgs) StdoutLine: {'line': b'-- Up-to-date: /ws/install/ros2_unitree_legged_msgs/include/ros2_unitree_legged_msgs/ros2_unitree_legged_msgs/msg/detail/imu__functions.h\n'}
[3.348450] (ros2_unitree_legged_msgs) StdoutLine: {'line': b'-- Up-to-date: /ws/install/ros2_unitree_legged_msgs/include/ros2_unitree_legged_msgs/ros2_unitree_legged_msgs/msg/detail/led__type_support.h\n'}
[3.348787] (ros2_unitree_legged_msgs) StdoutLine: {'line': b'-- Up-to-date: /ws/install/ros2_unitree_legged_msgs/include/ros2_unitree_legged_msgs/ros2_unitree_legged_msgs/msg/detail/cartesian__functions.h\n'}
[3.348899] (ros2_unitree_legged_msgs) StdoutLine: {'line': b'-- Up-to-date: /ws/install/ros2_unitree_legged_msgs/include/ros2_unitree_legged_msgs/ros2_unitree_legged_msgs/msg/detail/high_state__struct.h\n'}
[3.348981] (ros2_unitree_legged_msgs) StdoutLine: {'line': b'-- Up-to-date: /ws/install/ros2_unitree_legged_msgs/include/ros2_unitree_legged_msgs/ros2_unitree_legged_msgs/msg/detail/bms_state__functions.c\n'}
[3.349054] (ros2_unitree_legged_msgs) StdoutLine: {'line': b'-- Up-to-date: /ws/install/ros2_unitree_legged_msgs/include/ros2_unitree_legged_msgs/ros2_unitree_legged_msgs/msg/detail/imu__type_support.h\n'}
[3.349131] (ros2_unitree_legged_msgs) StdoutLine: {'line': b'-- Up-to-date: /ws/install/ros2_unitree_legged_msgs/include/ros2_unitree_legged_msgs/ros2_unitree_legged_msgs/msg/detail/motor_state__functions.c\n'}
[3.349206] (ros2_unitree_legged_msgs) StdoutLine: {'line': b'-- Up-to-date: /ws/install/ros2_unitree_legged_msgs/include/ros2_unitree_legged_msgs/ros2_unitree_legged_msgs/msg/detail/low_cmd__functions.c\n'}
[3.349278] (ros2_unitree_legged_msgs) StdoutLine: {'line': b'-- Up-to-date: /ws/install/ros2_unitree_legged_msgs/include/ros2_unitree_legged_msgs/ros2_unitree_legged_msgs/msg/detail/high_cmd__type_support.h\n'}
[3.349415] (ros2_unitree_legged_msgs) StdoutLine: {'line': b'-- Up-to-date: /ws/install/ros2_unitree_legged_msgs/include/ros2_unitree_legged_msgs/ros2_unitree_legged_msgs/msg/detail/motor_cmd__type_support.h\n'}
[3.349570] (ros2_unitree_legged_msgs) StdoutLine: {'line': b'-- Up-to-date: /ws/install/ros2_unitree_legged_msgs/include/ros2_unitree_legged_msgs/ros2_unitree_legged_msgs/msg/detail/motor_cmd__functions.h\n'}
[3.349664] (ros2_unitree_legged_msgs) StdoutLine: {'line': b'-- Up-to-date: /ws/install/ros2_unitree_legged_msgs/include/ros2_unitree_legged_msgs/ros2_unitree_legged_msgs/msg/detail/motor_state__type_support.h\n'}
[3.349745] (ros2_unitree_legged_msgs) StdoutLine: {'line': b'-- Up-to-date: /ws/install/ros2_unitree_legged_msgs/include/ros2_unitree_legged_msgs/ros2_unitree_legged_msgs/msg/detail/high_cmd__functions.h\n'}
[3.349819] (ros2_unitree_legged_msgs) StdoutLine: {'line': b'-- Up-to-date: /ws/install/ros2_unitree_legged_msgs/include/ros2_unitree_legged_msgs/ros2_unitree_legged_msgs/msg/detail/led__struct.h\n'}
[3.349897] (ros2_unitree_legged_msgs) StdoutLine: {'line': b'-- Up-to-date: /ws/install/ros2_unitree_legged_msgs/include/ros2_unitree_legged_msgs/ros2_unitree_legged_msgs/msg/detail/bms_state__type_support.h\n'}
[3.349975] (ros2_unitree_legged_msgs) StdoutLine: {'line': b'-- Up-to-date: /ws/install/ros2_unitree_legged_msgs/include/ros2_unitree_legged_msgs/ros2_unitree_legged_msgs/msg/detail/high_state__functions.h\n'}
[3.350046] (ros2_unitree_legged_msgs) StdoutLine: {'line': b'-- Up-to-date: /ws/install/ros2_unitree_legged_msgs/include/ros2_unitree_legged_msgs/ros2_unitree_legged_msgs/msg/detail/cartesian__struct.h\n'}
[3.350135] (ros2_unitree_legged_msgs) StdoutLine: {'line': b'-- Up-to-date: /ws/install/ros2_unitree_legged_msgs/include/ros2_unitree_legged_msgs/ros2_unitree_legged_msgs/msg/high_state.h\n'}
[3.350227] (ros2_unitree_legged_msgs) StdoutLine: {'line': b'-- Up-to-date: /ws/install/ros2_unitree_legged_msgs/share/ros2_unitree_legged_msgs/environment/library_path.sh\n'}
[3.350321] (ros2_unitree_legged_msgs) StdoutLine: {'line': b'-- Up-to-date: /ws/install/ros2_unitree_legged_msgs/share/ros2_unitree_legged_msgs/environment/library_path.dsv\n'}
[3.350427] (ros2_unitree_legged_msgs) StdoutLine: {'line': b'-- Up-to-date: /ws/install/ros2_unitree_legged_msgs/lib/libros2_unitree_legged_msgs__rosidl_generator_c.so\n'}
[3.350507] (ros2_unitree_legged_msgs) StdoutLine: {'line': b'-- Up-to-date: /ws/install/ros2_unitree_legged_msgs/include/ros2_unitree_legged_msgs/ros2_unitree_legged_msgs\n'}
[3.350581] (ros2_unitree_legged_msgs) StdoutLine: {'line': b'-- Up-to-date: /ws/install/ros2_unitree_legged_msgs/include/ros2_unitree_legged_msgs/ros2_unitree_legged_msgs/msg\n'}
[3.350659] (ros2_unitree_legged_msgs) StdoutLine: {'line': b'-- Up-to-date: /ws/install/ros2_unitree_legged_msgs/include/ros2_unitree_legged_msgs/ros2_unitree_legged_msgs/msg/rosidl_typesupport_fastrtps_c__visibility_control.h\n'}
[3.350744] (ros2_unitree_legged_msgs) StdoutLine: {'line': b'-- Up-to-date: /ws/install/ros2_unitree_legged_msgs/include/ros2_unitree_legged_msgs/ros2_unitree_legged_msgs/msg/detail\n'}
[3.350818] (ros2_unitree_legged_msgs) StdoutLine: {'line': b'-- Up-to-date: /ws/install/ros2_unitree_legged_msgs/include/ros2_unitree_legged_msgs/ros2_unitree_legged_msgs/msg/detail/motor_state__rosidl_typesupport_fastrtps_c.h\n'}
[3.350890] (ros2_unitree_legged_msgs) StdoutLine: {'line': b'-- Up-to-date: /ws/install/ros2_unitree_legged_msgs/include/ros2_unitree_legged_msgs/ros2_unitree_legged_msgs/msg/detail/low_state__rosidl_typesupport_fastrtps_c.h\n'}
[3.351012] (ros2_unitree_legged_msgs) StdoutLine: {'line': b'-- Up-to-date: /ws/install/ros2_unitree_legged_msgs/include/ros2_unitree_legged_msgs/ros2_unitree_legged_msgs/msg/detail/high_cmd__rosidl_typesupport_fastrtps_c.h\n'}
[3.351091] (ros2_unitree_legged_msgs) StdoutLine: {'line': b'-- Up-to-date: /ws/install/ros2_unitree_legged_msgs/include/ros2_unitree_legged_msgs/ros2_unitree_legged_msgs/msg/detail/high_state__rosidl_typesupport_fastrtps_c.h\n'}
[3.351159] (ros2_unitree_legged_msgs) StdoutLine: {'line': b'-- Up-to-date: /ws/install/ros2_unitree_legged_msgs/include/ros2_unitree_legged_msgs/ros2_unitree_legged_msgs/msg/detail/bms_cmd__rosidl_typesupport_fastrtps_c.h\n'}
[3.351240] (ros2_unitree_legged_msgs) StdoutLine: {'line': b'-- Up-to-date: /ws/install/ros2_unitree_legged_msgs/include/ros2_unitree_legged_msgs/ros2_unitree_legged_msgs/msg/detail/led__rosidl_typesupport_fastrtps_c.h\n'}
[3.357927] (ros2_unitree_legged_msgs) StdoutLine: {'line': b'-- Up-to-date: /ws/install/ros2_unitree_legged_msgs/include/ros2_unitree_legged_msgs/ros2_unitree_legged_msgs/msg/detail/cartesian__rosidl_typesupport_fastrtps_c.h\n'}
[3.358209] (ros2_unitree_legged_msgs) StdoutLine: {'line': b'-- Up-to-date: /ws/install/ros2_unitree_legged_msgs/include/ros2_unitree_legged_msgs/ros2_unitree_legged_msgs/msg/detail/motor_cmd__rosidl_typesupport_fastrtps_c.h\n'}
[3.358392] (ros2_unitree_legged_msgs) StdoutLine: {'line': b'-- Up-to-date: /ws/install/ros2_unitree_legged_msgs/include/ros2_unitree_legged_msgs/ros2_unitree_legged_msgs/msg/detail/low_cmd__rosidl_typesupport_fastrtps_c.h\n'}
[3.358575] (ros2_unitree_legged_msgs) StdoutLine: {'line': b'-- Up-to-date: /ws/install/ros2_unitree_legged_msgs/include/ros2_unitree_legged_msgs/ros2_unitree_legged_msgs/msg/detail/bms_state__rosidl_typesupport_fastrtps_c.h\n'}
[3.358675] (ros2_unitree_legged_msgs) StdoutLine: {'line': b'-- Up-to-date: /ws/install/ros2_unitree_legged_msgs/include/ros2_unitree_legged_msgs/ros2_unitree_legged_msgs/msg/detail/imu__rosidl_typesupport_fastrtps_c.h\n'}
[3.358758] (ros2_unitree_legged_msgs) StdoutLine: {'line': b'-- Up-to-date: /ws/install/ros2_unitree_legged_msgs/lib/libros2_unitree_legged_msgs__rosidl_typesupport_fastrtps_c.so\n'}
[3.358832] (ros2_unitree_legged_msgs) StdoutLine: {'line': b'-- Up-to-date: /ws/install/ros2_unitree_legged_msgs/include/ros2_unitree_legged_msgs/ros2_unitree_legged_msgs\n'}
[3.358921] (ros2_unitree_legged_msgs) StdoutLine: {'line': b'-- Up-to-date: /ws/install/ros2_unitree_legged_msgs/include/ros2_unitree_legged_msgs/ros2_unitree_legged_msgs/msg\n'}
[3.359003] (ros2_unitree_legged_msgs) StdoutLine: {'line': b'-- Up-to-date: /ws/install/ros2_unitree_legged_msgs/include/ros2_unitree_legged_msgs/ros2_unitree_legged_msgs/msg/rosidl_typesupport_introspection_c__visibility_control.h\n'}
[3.359082] (ros2_unitree_legged_msgs) StdoutLine: {'line': b'-- Up-to-date: /ws/install/ros2_unitree_legged_msgs/include/ros2_unitree_legged_msgs/ros2_unitree_legged_msgs/msg/detail\n'}
[3.359159] (ros2_unitree_legged_msgs) StdoutLine: {'line': b'-- Up-to-date: /ws/install/ros2_unitree_legged_msgs/include/ros2_unitree_legged_msgs/ros2_unitree_legged_msgs/msg/detail/imu__type_support.c\n'}
[3.359231] (ros2_unitree_legged_msgs) StdoutLine: {'line': b'-- Up-to-date: /ws/install/ros2_unitree_legged_msgs/include/ros2_unitree_legged_msgs/ros2_unitree_legged_msgs/msg/detail/led__rosidl_typesupport_introspection_c.h\n'}
[3.359315] (ros2_unitree_legged_msgs) StdoutLine: {'line': b'-- Up-to-date: /ws/install/ros2_unitree_legged_msgs/include/ros2_unitree_legged_msgs/ros2_unitree_legged_msgs/msg/detail/bms_cmd__rosidl_typesupport_introspection_c.h\n'}
[3.359459] (ros2_unitree_legged_msgs) StdoutLine: {'line': b'-- Up-to-date: /ws/install/ros2_unitree_legged_msgs/include/ros2_unitree_legged_msgs/ros2_unitree_legged_msgs/msg/detail/high_cmd__rosidl_typesupport_introspection_c.h\n'}
[3.359545] (ros2_unitree_legged_msgs) StdoutLine: {'line': b'-- Up-to-date: /ws/install/ros2_unitree_legged_msgs/include/ros2_unitree_legged_msgs/ros2_unitree_legged_msgs/msg/detail/imu__rosidl_typesupport_introspection_c.h\n'}
[3.359627] (ros2_unitree_legged_msgs) StdoutLine: {'line': b'-- Up-to-date: /ws/install/ros2_unitree_legged_msgs/include/ros2_unitree_legged_msgs/ros2_unitree_legged_msgs/msg/detail/high_state__rosidl_typesupport_introspection_c.h\n'}
[3.363469] (ros2_unitree_legged_msgs) StdoutLine: {'line': b'-- Up-to-date: /ws/install/ros2_unitree_legged_msgs/include/ros2_unitree_legged_msgs/ros2_unitree_legged_msgs/msg/detail/cartesian__type_support.c\n'}
[3.363794] (ros2_unitree_legged_msgs) StdoutLine: {'line': b'-- Up-to-date: /ws/install/ros2_unitree_legged_msgs/include/ros2_unitree_legged_msgs/ros2_unitree_legged_msgs/msg/detail/low_cmd__rosidl_typesupport_introspection_c.h\n'}
[3.363957] (ros2_unitree_legged_msgs) StdoutLine: {'line': b'-- Up-to-date: /ws/install/ros2_unitree_legged_msgs/include/ros2_unitree_legged_msgs/ros2_unitree_legged_msgs/msg/detail/led__type_support.c\n'}
[3.364059] (ros2_unitree_legged_msgs) StdoutLine: {'line': b'-- Up-to-date: /ws/install/ros2_unitree_legged_msgs/include/ros2_unitree_legged_msgs/ros2_unitree_legged_msgs/msg/detail/low_state__type_support.c\n'}
[3.364145] (ros2_unitree_legged_msgs) StdoutLine: {'line': b'-- Up-to-date: /ws/install/ros2_unitree_legged_msgs/include/ros2_unitree_legged_msgs/ros2_unitree_legged_msgs/msg/detail/cartesian__rosidl_typesupport_introspection_c.h\n'}
[3.364222] (ros2_unitree_legged_msgs) StdoutLine: {'line': b'-- Up-to-date: /ws/install/ros2_unitree_legged_msgs/include/ros2_unitree_legged_msgs/ros2_unitree_legged_msgs/msg/detail/bms_state__rosidl_typesupport_introspection_c.h\n'}
[3.367332] (ros2_unitree_legged_msgs) StdoutLine: {'line': b'-- Up-to-date: /ws/install/ros2_unitree_legged_msgs/include/ros2_unitree_legged_msgs/ros2_unitree_legged_msgs/msg/detail/motor_cmd__type_support.c\n'}
[3.367831] (ros2_unitree_legged_msgs) StdoutLine: {'line': b'-- Up-to-date: /ws/install/ros2_unitree_legged_msgs/include/ros2_unitree_legged_msgs/ros2_unitree_legged_msgs/msg/detail/high_state__type_support.c\n'}
[3.368005] (ros2_unitree_legged_msgs) StdoutLine: {'line': b'-- Up-to-date: /ws/install/ros2_unitree_legged_msgs/include/ros2_unitree_legged_msgs/ros2_unitree_legged_msgs/msg/detail/low_cmd__type_support.c\n'}
[3.368136] (ros2_unitree_legged_msgs) StdoutLine: {'line': b'-- Up-to-date: /ws/install/ros2_unitree_legged_msgs/include/ros2_unitree_legged_msgs/ros2_unitree_legged_msgs/msg/detail/bms_state__type_support.c\n'}
[3.368248] (ros2_unitree_legged_msgs) StdoutLine: {'line': b'-- Up-to-date: /ws/install/ros2_unitree_legged_msgs/include/ros2_unitree_legged_msgs/ros2_unitree_legged_msgs/msg/detail/motor_state__type_support.c\n'}
[3.368422] (ros2_unitree_legged_msgs) StdoutLine: {'line': b'-- Up-to-date: /ws/install/ros2_unitree_legged_msgs/include/ros2_unitree_legged_msgs/ros2_unitree_legged_msgs/msg/detail/bms_cmd__type_support.c\n'}
[3.368532] (ros2_unitree_legged_msgs) StdoutLine: {'line': b'-- Up-to-date: /ws/install/ros2_unitree_legged_msgs/include/ros2_unitree_legged_msgs/ros2_unitree_legged_msgs/msg/detail/motor_state__rosidl_typesupport_introspection_c.h\n'}
[3.368616] (ros2_unitree_legged_msgs) StdoutLine: {'line': b'-- Up-to-date: /ws/install/ros2_unitree_legged_msgs/include/ros2_unitree_legged_msgs/ros2_unitree_legged_msgs/msg/detail/motor_cmd__rosidl_typesupport_introspection_c.h\n'}
[3.368689] (ros2_unitree_legged_msgs) StdoutLine: {'line': b'-- Up-to-date: /ws/install/ros2_unitree_legged_msgs/include/ros2_unitree_legged_msgs/ros2_unitree_legged_msgs/msg/detail/high_cmd__type_support.c\n'}
[3.368759] (ros2_unitree_legged_msgs) StdoutLine: {'line': b'-- Up-to-date: /ws/install/ros2_unitree_legged_msgs/include/ros2_unitree_legged_msgs/ros2_unitree_legged_msgs/msg/detail/low_state__rosidl_typesupport_introspection_c.h\n'}
[3.368831] (ros2_unitree_legged_msgs) StdoutLine: {'line': b'-- Up-to-date: /ws/install/ros2_unitree_legged_msgs/lib/libros2_unitree_legged_msgs__rosidl_typesupport_introspection_c.so\n'}
[3.368908] (ros2_unitree_legged_msgs) StdoutLine: {'line': b'-- Up-to-date: /ws/install/ros2_unitree_legged_msgs/lib/libros2_unitree_legged_msgs__rosidl_typesupport_c.so\n'}
[3.368978] (ros2_unitree_legged_msgs) StdoutLine: {'line': b'-- Up-to-date: /ws/install/ros2_unitree_legged_msgs/include/ros2_unitree_legged_msgs/ros2_unitree_legged_msgs\n'}
[3.369049] (ros2_unitree_legged_msgs) StdoutLine: {'line': b'-- Up-to-date: /ws/install/ros2_unitree_legged_msgs/include/ros2_unitree_legged_msgs/ros2_unitree_legged_msgs/msg\n'}
[3.369119] (ros2_unitree_legged_msgs) StdoutLine: {'line': b'-- Up-to-date: /ws/install/ros2_unitree_legged_msgs/include/ros2_unitree_legged_msgs/ros2_unitree_legged_msgs/msg/rosidl_generator_cpp__visibility_control.hpp\n'}
[3.369189] (ros2_unitree_legged_msgs) StdoutLine: {'line': b'-- Up-to-date: /ws/install/ros2_unitree_legged_msgs/include/ros2_unitree_legged_msgs/ros2_unitree_legged_msgs/msg/motor_cmd.hpp\n'}
[3.369289] (ros2_unitree_legged_msgs) StdoutLine: {'line': b'-- Up-to-date: /ws/install/ros2_unitree_legged_msgs/include/ros2_unitree_legged_msgs/ros2_unitree_legged_msgs/msg/high_state.hpp\n'}
[3.369417] (ros2_unitree_legged_msgs) StdoutLine: {'line': b'-- Up-to-date: /ws/install/ros2_unitree_legged_msgs/include/ros2_unitree_legged_msgs/ros2_unitree_legged_msgs/msg/motor_state.hpp\n'}
[3.369521] (ros2_unitree_legged_msgs) StdoutLine: {'line': b'-- Up-to-date: /ws/install/ros2_unitree_legged_msgs/include/ros2_unitree_legged_msgs/ros2_unitree_legged_msgs/msg/bms_cmd.hpp\n'}
[3.369611] (ros2_unitree_legged_msgs) StdoutLine: {'line': b'-- Up-to-date: /ws/install/ros2_unitree_legged_msgs/include/ros2_unitree_legged_msgs/ros2_unitree_legged_msgs/msg/imu.hpp\n'}
[3.369712] (ros2_unitree_legged_msgs) StdoutLine: {'line': b'-- Up-to-date: /ws/install/ros2_unitree_legged_msgs/include/ros2_unitree_legged_msgs/ros2_unitree_legged_msgs/msg/high_cmd.hpp\n'}
[3.369796] (ros2_unitree_legged_msgs) StdoutLine: {'line': b'-- Up-to-date: /ws/install/ros2_unitree_legged_msgs/include/ros2_unitree_legged_msgs/ros2_unitree_legged_msgs/msg/cartesian.hpp\n'}
[3.369873] (ros2_unitree_legged_msgs) StdoutLine: {'line': b'-- Up-to-date: /ws/install/ros2_unitree_legged_msgs/include/ros2_unitree_legged_msgs/ros2_unitree_legged_msgs/msg/low_cmd.hpp\n'}
[3.369950] (ros2_unitree_legged_msgs) StdoutLine: {'line': b'-- Up-to-date: /ws/install/ros2_unitree_legged_msgs/include/ros2_unitree_legged_msgs/ros2_unitree_legged_msgs/msg/low_state.hpp\n'}
[3.370020] (ros2_unitree_legged_msgs) StdoutLine: {'line': b'-- Up-to-date: /ws/install/ros2_unitree_legged_msgs/include/ros2_unitree_legged_msgs/ros2_unitree_legged_msgs/msg/led.hpp\n'}
[3.370090] (unitree_api) StdoutLine: {'line': b'[100%] Built target ament_cmake_python_build_unitree_api_egg\n'}
[3.370200] (ros2_unitree_legged_msgs) StdoutLine: {'line': b'-- Up-to-date: /ws/install/ros2_unitree_legged_msgs/include/ros2_unitree_legged_msgs/ros2_unitree_legged_msgs/msg/bms_state.hpp\n'}
[3.370287] (ros2_unitree_legged_msgs) StdoutLine: {'line': b'-- Up-to-date: /ws/install/ros2_unitree_legged_msgs/include/ros2_unitree_legged_msgs/ros2_unitree_legged_msgs/msg/detail\n'}
[3.376722] (ros2_unitree_legged_msgs) StdoutLine: {'line': b'-- Up-to-date: /ws/install/ros2_unitree_legged_msgs/include/ros2_unitree_legged_msgs/ros2_unitree_legged_msgs/msg/detail/bms_state__traits.hpp\n'}
[3.376862] (ros2_unitree_legged_msgs) StdoutLine: {'line': b'-- Up-to-date: /ws/install/ros2_unitree_legged_msgs/include/ros2_unitree_legged_msgs/ros2_unitree_legged_msgs/msg/detail/imu__traits.hpp\n'}
[3.376964] (ros2_unitree_legged_msgs) StdoutLine: {'line': b'-- Up-to-date: /ws/install/ros2_unitree_legged_msgs/include/ros2_unitree_legged_msgs/ros2_unitree_legged_msgs/msg/detail/cartesian__type_support.hpp\n'}
[3.377053] (ros2_unitree_legged_msgs) StdoutLine: {'line': b'-- Up-to-date: /ws/install/ros2_unitree_legged_msgs/include/ros2_unitree_legged_msgs/ros2_unitree_legged_msgs/msg/detail/bms_cmd__struct.hpp\n'}
[3.377172] (ros2_unitree_legged_msgs) StdoutLine: {'line': b'-- Up-to-date: /ws/install/ros2_unitree_legged_msgs/include/ros2_unitree_legged_msgs/ros2_unitree_legged_msgs/msg/detail/high_state__type_support.hpp\n'}
[3.377249] (ros2_unitree_legged_msgs) StdoutLine: {'line': b'-- Up-to-date: /ws/install/ros2_unitree_legged_msgs/include/ros2_unitree_legged_msgs/ros2_unitree_legged_msgs/msg/detail/imu__type_support.hpp\n'}
[3.377354] (ros2_unitree_legged_msgs) StdoutLine: {'line': b'-- Up-to-date: /ws/install/ros2_unitree_legged_msgs/include/ros2_unitree_legged_msgs/ros2_unitree_legged_msgs/msg/detail/motor_state__traits.hpp\n'}
[3.377443] (ros2_unitree_legged_msgs) StdoutLine: {'line': b'-- Up-to-date: /ws/install/ros2_unitree_legged_msgs/include/ros2_unitree_legged_msgs/ros2_unitree_legged_msgs/msg/detail/high_state__traits.hpp\n'}
[3.377518] (ros2_unitree_legged_msgs) StdoutLine: {'line': b'-- Up-to-date: /ws/install/ros2_unitree_legged_msgs/include/ros2_unitree_legged_msgs/ros2_unitree_legged_msgs/msg/detail/bms_cmd__traits.hpp\n'}
[3.377612] (ros2_unitree_legged_msgs) StdoutLine: {'line': b'-- Up-to-date: /ws/install/ros2_unitree_legged_msgs/include/ros2_unitree_legged_msgs/ros2_unitree_legged_msgs/msg/detail/bms_state__type_support.hpp\n'}
[3.377682] (ros2_unitree_legged_msgs) StdoutLine: {'line': b'-- Up-to-date: /ws/install/ros2_unitree_legged_msgs/include/ros2_unitree_legged_msgs/ros2_unitree_legged_msgs/msg/detail/bms_state__builder.hpp\n'}
[3.377753] (ros2_unitree_legged_msgs) StdoutLine: {'line': b'-- Up-to-date: /ws/install/ros2_unitree_legged_msgs/include/ros2_unitree_legged_msgs/ros2_unitree_legged_msgs/msg/detail/high_state__builder.hpp\n'}
[3.377821] (ros2_unitree_legged_msgs) StdoutLine: {'line': b'-- Up-to-date: /ws/install/ros2_unitree_legged_msgs/include/ros2_unitree_legged_msgs/ros2_unitree_legged_msgs/msg/detail/led__builder.hpp\n'}
[3.377891] (ros2_unitree_legged_msgs) StdoutLine: {'line': b'-- Up-to-date: /ws/install/ros2_unitree_legged_msgs/include/ros2_unitree_legged_msgs/ros2_unitree_legged_msgs/msg/detail/bms_cmd__type_support.hpp\n'}
[3.377958] (ros2_unitree_legged_msgs) StdoutLine: {'line': b'-- Up-to-date: /ws/install/ros2_unitree_legged_msgs/include/ros2_unitree_legged_msgs/ros2_unitree_legged_msgs/msg/detail/cartesian__builder.hpp\n'}
[3.378025] (ros2_unitree_legged_msgs) StdoutLine: {'line': b'-- Up-to-date: /ws/install/ros2_unitree_legged_msgs/include/ros2_unitree_legged_msgs/ros2_unitree_legged_msgs/msg/detail/high_cmd__traits.hpp\n'}
[3.378092] (ros2_unitree_legged_msgs) StdoutLine: {'line': b'-- Up-to-date: /ws/install/ros2_unitree_legged_msgs/include/ros2_unitree_legged_msgs/ros2_unitree_legged_msgs/msg/detail/bms_cmd__builder.hpp\n'}
[3.378163] (ros2_unitree_legged_msgs) StdoutLine: {'line': b'-- Up-to-date: /ws/install/ros2_unitree_legged_msgs/include/ros2_unitree_legged_msgs/ros2_unitree_legged_msgs/msg/detail/low_cmd__builder.hpp\n'}
[3.378249] (ros2_unitree_legged_msgs) StdoutLine: {'line': b'-- Up-to-date: /ws/install/ros2_unitree_legged_msgs/include/ros2_unitree_legged_msgs/ros2_unitree_legged_msgs/msg/detail/bms_state__struct.hpp\n'}
[3.378338] (ros2_unitree_legged_msgs) StdoutLine: {'line': b'-- Up-to-date: /ws/install/ros2_unitree_legged_msgs/include/ros2_unitree_legged_msgs/ros2_unitree_legged_msgs/msg/detail/cartesian__struct.hpp\n'}
[3.378416] (ros2_unitree_legged_msgs) StdoutLine: {'line': b'-- Up-to-date: /ws/install/ros2_unitree_legged_msgs/include/ros2_unitree_legged_msgs/ros2_unitree_legged_msgs/msg/detail/low_state__builder.hpp\n'}
[3.378482] (ros2_unitree_legged_msgs) StdoutLine: {'line': b'-- Up-to-date: /ws/install/ros2_unitree_legged_msgs/include/ros2_unitree_legged_msgs/ros2_unitree_legged_msgs/msg/detail/led__traits.hpp\n'}
[3.378548] (ros2_unitree_legged_msgs) StdoutLine: {'line': b'-- Up-to-date: /ws/install/ros2_unitree_legged_msgs/include/ros2_unitree_legged_msgs/ros2_unitree_legged_msgs/msg/detail/high_state__struct.hpp\n'}
[3.378614] (ros2_unitree_legged_msgs) StdoutLine: {'line': b'-- Up-to-date: /ws/install/ros2_unitree_legged_msgs/include/ros2_unitree_legged_msgs/ros2_unitree_legged_msgs/msg/detail/high_cmd__builder.hpp\n'}
[3.378682] (ros2_unitree_legged_msgs) StdoutLine: {'line': b'-- Up-to-date: /ws/install/ros2_unitree_legged_msgs/include/ros2_unitree_legged_msgs/ros2_unitree_legged_msgs/msg/detail/motor_cmd__traits.hpp\n'}
[3.378749] (ros2_unitree_legged_msgs) StdoutLine: {'line': b'-- Up-to-date: /ws/install/ros2_unitree_legged_msgs/include/ros2_unitree_legged_msgs/ros2_unitree_legged_msgs/msg/detail/cartesian__traits.hpp\n'}
[3.378818] (ros2_unitree_legged_msgs) StdoutLine: {'line': b'-- Up-to-date: /ws/install/ros2_unitree_legged_msgs/include/ros2_unitree_legged_msgs/ros2_unitree_legged_msgs/msg/detail/imu__struct.hpp\n'}
[3.378885] (ros2_unitree_legged_msgs) StdoutLine: {'line': b'-- Up-to-date: /ws/install/ros2_unitree_legged_msgs/include/ros2_unitree_legged_msgs/ros2_unitree_legged_msgs/msg/detail/imu__builder.hpp\n'}
[3.378974] (ros2_unitree_legged_msgs) StdoutLine: {'line': b'-- Up-to-date: /ws/install/ros2_unitree_legged_msgs/include/ros2_unitree_legged_msgs/ros2_unitree_legged_msgs/msg/detail/motor_state__struct.hpp\n'}
[3.379043] (ros2_unitree_legged_msgs) StdoutLine: {'line': b'-- Up-to-date: /ws/install/ros2_unitree_legged_msgs/include/ros2_unitree_legged_msgs/ros2_unitree_legged_msgs/msg/detail/motor_state__builder.hpp\n'}
[3.379110] (ros2_unitree_legged_msgs) StdoutLine: {'line': b'-- Up-to-date: /ws/install/ros2_unitree_legged_msgs/include/ros2_unitree_legged_msgs/ros2_unitree_legged_msgs/msg/detail/low_cmd__type_support.hpp\n'}
[3.379179] (ros2_unitree_legged_msgs) StdoutLine: {'line': b'-- Up-to-date: /ws/install/ros2_unitree_legged_msgs/include/ros2_unitree_legged_msgs/ros2_unitree_legged_msgs/msg/detail/low_cmd__struct.hpp\n'}
[3.379247] (ros2_unitree_legged_msgs) StdoutLine: {'line': b'-- Up-to-date: /ws/install/ros2_unitree_legged_msgs/include/ros2_unitree_legged_msgs/ros2_unitree_legged_msgs/msg/detail/low_cmd__traits.hpp\n'}
[3.385627] (ros2_unitree_legged_msgs) StdoutLine: {'line': b'-- Up-to-date: /ws/install/ros2_unitree_legged_msgs/include/ros2_unitree_legged_msgs/ros2_unitree_legged_msgs/msg/detail/low_state__struct.hpp\n'}
[3.385813] (ros2_unitree_legged_msgs) StdoutLine: {'line': b'-- Up-to-date: /ws/install/ros2_unitree_legged_msgs/include/ros2_unitree_legged_msgs/ros2_unitree_legged_msgs/msg/detail/motor_cmd__builder.hpp\n'}
[3.385905] (ros2_unitree_legged_msgs) StdoutLine: {'line': b'-- Up-to-date: /ws/install/ros2_unitree_legged_msgs/include/ros2_unitree_legged_msgs/ros2_unitree_legged_msgs/msg/detail/high_cmd__struct.hpp\n'}
[3.385984] (ros2_unitree_legged_msgs) StdoutLine: {'line': b'-- Up-to-date: /ws/install/ros2_unitree_legged_msgs/include/ros2_unitree_legged_msgs/ros2_unitree_legged_msgs/msg/detail/led__type_support.hpp\n'}
[3.386055] (ros2_unitree_legged_msgs) StdoutLine: {'line': b'-- Up-to-date: /ws/install/ros2_unitree_legged_msgs/include/ros2_unitree_legged_msgs/ros2_unitree_legged_msgs/msg/detail/high_cmd__type_support.hpp\n'}
[3.386125] (ros2_unitree_legged_msgs) StdoutLine: {'line': b'-- Up-to-date: /ws/install/ros2_unitree_legged_msgs/include/ros2_unitree_legged_msgs/ros2_unitree_legged_msgs/msg/detail/motor_cmd__struct.hpp\n'}
[3.386194] (ros2_unitree_legged_msgs) StdoutLine: {'line': b'-- Up-to-date: /ws/install/ros2_unitree_legged_msgs/include/ros2_unitree_legged_msgs/ros2_unitree_legged_msgs/msg/detail/low_state__type_support.hpp\n'}
[3.386264] (ros2_unitree_legged_msgs) StdoutLine: {'line': b'-- Up-to-date: /ws/install/ros2_unitree_legged_msgs/include/ros2_unitree_legged_msgs/ros2_unitree_legged_msgs/msg/detail/motor_state__type_support.hpp\n'}
[3.386367] (ros2_unitree_legged_msgs) StdoutLine: {'line': b'-- Up-to-date: /ws/install/ros2_unitree_legged_msgs/include/ros2_unitree_legged_msgs/ros2_unitree_legged_msgs/msg/detail/low_state__traits.hpp\n'}
[3.386452] (ros2_unitree_legged_msgs) StdoutLine: {'line': b'-- Up-to-date: /ws/install/ros2_unitree_legged_msgs/include/ros2_unitree_legged_msgs/ros2_unitree_legged_msgs/msg/detail/motor_cmd__type_support.hpp\n'}
[3.386523] (ros2_unitree_legged_msgs) StdoutLine: {'line': b'-- Up-to-date: /ws/install/ros2_unitree_legged_msgs/include/ros2_unitree_legged_msgs/ros2_unitree_legged_msgs/msg/detail/led__struct.hpp\n'}
[3.386595] (ros2_unitree_legged_msgs) StdoutLine: {'line': b'-- Up-to-date: /ws/install/ros2_unitree_legged_msgs/include/ros2_unitree_legged_msgs/ros2_unitree_legged_msgs\n'}
[3.386694] (ros2_unitree_legged_msgs) StdoutLine: {'line': b'-- Up-to-date: /ws/install/ros2_unitree_legged_msgs/include/ros2_unitree_legged_msgs/ros2_unitree_legged_msgs/msg\n'}
[3.386783] (ros2_unitree_legged_msgs) StdoutLine: {'line': b'-- Up-to-date: /ws/install/ros2_unitree_legged_msgs/include/ros2_unitree_legged_msgs/ros2_unitree_legged_msgs/msg/rosidl_typesupport_fastrtps_cpp__visibility_control.h\n'}
[3.386860] (ros2_unitree_legged_msgs) StdoutLine: {'line': b'-- Up-to-date: /ws/install/ros2_unitree_legged_msgs/include/ros2_unitree_legged_msgs/ros2_unitree_legged_msgs/msg/detail\n'}
[3.386949] (ros2_unitree_legged_msgs) StdoutLine: {'line': b'-- Up-to-date: /ws/install/ros2_unitree_legged_msgs/include/ros2_unitree_legged_msgs/ros2_unitree_legged_msgs/msg/detail/imu__rosidl_typesupport_fastrtps_cpp.hpp\n'}
[3.387024] (ros2_unitree_legged_msgs) StdoutLine: {'line': b'-- Up-to-date: /ws/install/ros2_unitree_legged_msgs/include/ros2_unitree_legged_msgs/ros2_unitree_legged_msgs/msg/detail/bms_state__rosidl_typesupport_fastrtps_cpp.hpp\n'}
[3.387096] (ros2_unitree_legged_msgs) StdoutLine: {'line': b'-- Up-to-date: /ws/install/ros2_unitree_legged_msgs/include/ros2_unitree_legged_msgs/ros2_unitree_legged_msgs/msg/detail/led__rosidl_typesupport_fastrtps_cpp.hpp\n'}
[3.387164] (ros2_unitree_legged_msgs) StdoutLine: {'line': b'-- Up-to-date: /ws/install/ros2_unitree_legged_msgs/include/ros2_unitree_legged_msgs/ros2_unitree_legged_msgs/msg/detail/low_state__rosidl_typesupport_fastrtps_cpp.hpp\n'}
[3.387246] (ros2_unitree_legged_msgs) StdoutLine: {'line': b'-- Up-to-date: /ws/install/ros2_unitree_legged_msgs/include/ros2_unitree_legged_msgs/ros2_unitree_legged_msgs/msg/detail/motor_cmd__rosidl_typesupport_fastrtps_cpp.hpp\n'}
[3.387350] (ros2_unitree_legged_msgs) StdoutLine: {'line': b'-- Up-to-date: /ws/install/ros2_unitree_legged_msgs/include/ros2_unitree_legged_msgs/ros2_unitree_legged_msgs/msg/detail/high_state__rosidl_typesupport_fastrtps_cpp.hpp\n'}
[3.387440] (ros2_unitree_legged_msgs) StdoutLine: {'line': b'-- Up-to-date: /ws/install/ros2_unitree_legged_msgs/include/ros2_unitree_legged_msgs/ros2_unitree_legged_msgs/msg/detail/motor_state__rosidl_typesupport_fastrtps_cpp.hpp\n'}
[3.387520] (ros2_unitree_legged_msgs) StdoutLine: {'line': b'-- Up-to-date: /ws/install/ros2_unitree_legged_msgs/include/ros2_unitree_legged_msgs/ros2_unitree_legged_msgs/msg/detail/dds_fastrtps\n'}
[3.387607] (ros2_unitree_legged_msgs) StdoutLine: {'line': b'-- Up-to-date: /ws/install/ros2_unitree_legged_msgs/include/ros2_unitree_legged_msgs/ros2_unitree_legged_msgs/msg/detail/bms_cmd__rosidl_typesupport_fastrtps_cpp.hpp\n'}
[3.387682] (ros2_unitree_legged_msgs) StdoutLine: {'line': b'-- Up-to-date: /ws/install/ros2_unitree_legged_msgs/include/ros2_unitree_legged_msgs/ros2_unitree_legged_msgs/msg/detail/cartesian__rosidl_typesupport_fastrtps_cpp.hpp\n'}
[3.387759] (ros2_unitree_legged_msgs) StdoutLine: {'line': b'-- Up-to-date: /ws/install/ros2_unitree_legged_msgs/include/ros2_unitree_legged_msgs/ros2_unitree_legged_msgs/msg/detail/high_cmd__rosidl_typesupport_fastrtps_cpp.hpp\n'}
[3.387843] (ros2_unitree_legged_msgs) StdoutLine: {'line': b'-- Up-to-date: /ws/install/ros2_unitree_legged_msgs/include/ros2_unitree_legged_msgs/ros2_unitree_legged_msgs/msg/detail/low_cmd__rosidl_typesupport_fastrtps_cpp.hpp\n'}
[3.387969] (ros2_unitree_legged_msgs) StdoutLine: {'line': b'-- Up-to-date: /ws/install/ros2_unitree_legged_msgs/lib/libros2_unitree_legged_msgs__rosidl_typesupport_fastrtps_cpp.so\n'}
[3.388046] (ros2_unitree_legged_msgs) StdoutLine: {'line': b'-- Up-to-date: /ws/install/ros2_unitree_legged_msgs/include/ros2_unitree_legged_msgs/ros2_unitree_legged_msgs\n'}
[3.388129] (ros2_unitree_legged_msgs) StdoutLine: {'line': b'-- Up-to-date: /ws/install/ros2_unitree_legged_msgs/include/ros2_unitree_legged_msgs/ros2_unitree_legged_msgs/msg\n'}
[3.388203] (ros2_unitree_legged_msgs) StdoutLine: {'line': b'-- Up-to-date: /ws/install/ros2_unitree_legged_msgs/include/ros2_unitree_legged_msgs/ros2_unitree_legged_msgs/msg/detail\n'}
[3.388280] (ros2_unitree_legged_msgs) StdoutLine: {'line': b'-- Up-to-date: /ws/install/ros2_unitree_legged_msgs/include/ros2_unitree_legged_msgs/ros2_unitree_legged_msgs/msg/detail/low_state__type_support.cpp\n'}
[3.394597] (ros2_unitree_legged_msgs) StdoutLine: {'line': b'-- Up-to-date: /ws/install/ros2_unitree_legged_msgs/include/ros2_unitree_legged_msgs/ros2_unitree_legged_msgs/msg/detail/cartesian__type_support.cpp\n'}
[3.394738] (ros2_unitree_legged_msgs) StdoutLine: {'line': b'-- Up-to-date: /ws/install/ros2_unitree_legged_msgs/include/ros2_unitree_legged_msgs/ros2_unitree_legged_msgs/msg/detail/cartesian__rosidl_typesupport_introspection_cpp.hpp\n'}
[3.394854] (ros2_unitree_legged_msgs) StdoutLine: {'line': b'-- Up-to-date: /ws/install/ros2_unitree_legged_msgs/include/ros2_unitree_legged_msgs/ros2_unitree_legged_msgs/msg/detail/high_cmd__rosidl_typesupport_introspection_cpp.hpp\n'}
[3.394929] (ros2_unitree_legged_msgs) StdoutLine: {'line': b'-- Up-to-date: /ws/install/ros2_unitree_legged_msgs/include/ros2_unitree_legged_msgs/ros2_unitree_legged_msgs/msg/detail/bms_state__rosidl_typesupport_introspection_cpp.hpp\n'}
[3.394999] (ros2_unitree_legged_msgs) StdoutLine: {'line': b'-- Up-to-date: /ws/install/ros2_unitree_legged_msgs/include/ros2_unitree_legged_msgs/ros2_unitree_legged_msgs/msg/detail/motor_cmd__type_support.cpp\n'}
[3.395086] (ros2_unitree_legged_msgs) StdoutLine: {'line': b'-- Up-to-date: /ws/install/ros2_unitree_legged_msgs/include/ros2_unitree_legged_msgs/ros2_unitree_legged_msgs/msg/detail/bms_state__type_support.cpp\n'}
[3.395155] (ros2_unitree_legged_msgs) StdoutLine: {'line': b'-- Up-to-date: /ws/install/ros2_unitree_legged_msgs/include/ros2_unitree_legged_msgs/ros2_unitree_legged_msgs/msg/detail/bms_cmd__rosidl_typesupport_introspection_cpp.hpp\n'}
[3.395224] (ros2_unitree_legged_msgs) StdoutLine: {'line': b'-- Up-to-date: /ws/install/ros2_unitree_legged_msgs/include/ros2_unitree_legged_msgs/ros2_unitree_legged_msgs/msg/detail/imu__type_support.cpp\n'}
[3.395292] (ros2_unitree_legged_msgs) StdoutLine: {'line': b'-- Up-to-date: /ws/install/ros2_unitree_legged_msgs/include/ros2_unitree_legged_msgs/ros2_unitree_legged_msgs/msg/detail/bms_cmd__type_support.cpp\n'}
[3.395398] (ros2_unitree_legged_msgs) StdoutLine: {'line': b'-- Up-to-date: /ws/install/ros2_unitree_legged_msgs/include/ros2_unitree_legged_msgs/ros2_unitree_legged_msgs/msg/detail/high_state__type_support.cpp\n'}
[3.395475] (ros2_unitree_legged_msgs) StdoutLine: {'line': b'-- Up-to-date: /ws/install/ros2_unitree_legged_msgs/include/ros2_unitree_legged_msgs/ros2_unitree_legged_msgs/msg/detail/imu__rosidl_typesupport_introspection_cpp.hpp\n'}
[3.395559] (ros2_unitree_legged_msgs) StdoutLine: {'line': b'-- Up-to-date: /ws/install/ros2_unitree_legged_msgs/include/ros2_unitree_legged_msgs/ros2_unitree_legged_msgs/msg/detail/low_state__rosidl_typesupport_introspection_cpp.hpp\n'}
[3.395631] (ros2_unitree_legged_msgs) StdoutLine: {'line': b'-- Up-to-date: /ws/install/ros2_unitree_legged_msgs/include/ros2_unitree_legged_msgs/ros2_unitree_legged_msgs/msg/detail/led__rosidl_typesupport_introspection_cpp.hpp\n'}
[3.395706] (ros2_unitree_legged_msgs) StdoutLine: {'line': b'-- Up-to-date: /ws/install/ros2_unitree_legged_msgs/include/ros2_unitree_legged_msgs/ros2_unitree_legged_msgs/msg/detail/low_cmd__type_support.cpp\n'}
[3.395784] (ros2_unitree_legged_msgs) StdoutLine: {'line': b'-- Up-to-date: /ws/install/ros2_unitree_legged_msgs/include/ros2_unitree_legged_msgs/ros2_unitree_legged_msgs/msg/detail/high_state__rosidl_typesupport_introspection_cpp.hpp\n'}
[3.395861] (ros2_unitree_legged_msgs) StdoutLine: {'line': b'-- Up-to-date: /ws/install/ros2_unitree_legged_msgs/include/ros2_unitree_legged_msgs/ros2_unitree_legged_msgs/msg/detail/motor_state__rosidl_typesupport_introspection_cpp.hpp\n'}
[3.395934] (ros2_unitree_legged_msgs) StdoutLine: {'line': b'-- Up-to-date: /ws/install/ros2_unitree_legged_msgs/include/ros2_unitree_legged_msgs/ros2_unitree_legged_msgs/msg/detail/motor_cmd__rosidl_typesupport_introspection_cpp.hpp\n'}
[3.396005] (ros2_unitree_legged_msgs) StdoutLine: {'line': b'-- Up-to-date: /ws/install/ros2_unitree_legged_msgs/include/ros2_unitree_legged_msgs/ros2_unitree_legged_msgs/msg/detail/motor_state__type_support.cpp\n'}
[3.396075] (ros2_unitree_legged_msgs) StdoutLine: {'line': b'-- Up-to-date: /ws/install/ros2_unitree_legged_msgs/include/ros2_unitree_legged_msgs/ros2_unitree_legged_msgs/msg/detail/led__type_support.cpp\n'}
[3.396151] (ros2_unitree_legged_msgs) StdoutLine: {'line': b'-- Up-to-date: /ws/install/ros2_unitree_legged_msgs/include/ros2_unitree_legged_msgs/ros2_unitree_legged_msgs/msg/detail/low_cmd__rosidl_typesupport_introspection_cpp.hpp\n'}
[3.396251] (ros2_unitree_legged_msgs) StdoutLine: {'line': b'-- Up-to-date: /ws/install/ros2_unitree_legged_msgs/include/ros2_unitree_legged_msgs/ros2_unitree_legged_msgs/msg/detail/high_cmd__type_support.cpp\n'}
[3.402846] (ros2_unitree_legged_msgs) StdoutLine: {'line': b'-- Up-to-date: /ws/install/ros2_unitree_legged_msgs/lib/libros2_unitree_legged_msgs__rosidl_typesupport_introspection_cpp.so\n'}
[3.403191] (ros2_unitree_legged_msgs) StdoutLine: {'line': b'-- Up-to-date: /ws/install/ros2_unitree_legged_msgs/lib/libros2_unitree_legged_msgs__rosidl_typesupport_cpp.so\n'}
[3.403333] (ros2_unitree_legged_msgs) StdoutLine: {'line': b'-- Up-to-date: /ws/install/ros2_unitree_legged_msgs/share/ros2_unitree_legged_msgs/environment/pythonpath.sh\n'}
[3.403456] (ros2_unitree_legged_msgs) StdoutLine: {'line': b'-- Up-to-date: /ws/install/ros2_unitree_legged_msgs/share/ros2_unitree_legged_msgs/environment/pythonpath.dsv\n'}
[3.403541] (ros2_unitree_legged_msgs) StdoutLine: {'line': b'-- Up-to-date: /ws/install/ros2_unitree_legged_msgs/local/lib/python3.10/dist-packages/ros2_unitree_legged_msgs-0.4.0-py3.10.egg-info\n'}
[3.403625] (ros2_unitree_legged_msgs) StdoutLine: {'line': b'-- Installing: /ws/install/ros2_unitree_legged_msgs/local/lib/python3.10/dist-packages/ros2_unitree_legged_msgs-0.4.0-py3.10.egg-info/dependency_links.txt\n'}
[3.403840] (ros2_unitree_legged_msgs) StdoutLine: {'line': b'-- Installing: /ws/install/ros2_unitree_legged_msgs/local/lib/python3.10/dist-packages/ros2_unitree_legged_msgs-0.4.0-py3.10.egg-info/top_level.txt\n'}
[3.403971] (ros2_unitree_legged_msgs) StdoutLine: {'line': b'-- Installing: /ws/install/ros2_unitree_legged_msgs/local/lib/python3.10/dist-packages/ros2_unitree_legged_msgs-0.4.0-py3.10.egg-info/SOURCES.txt\n'}
[3.404071] (ros2_unitree_legged_msgs) StdoutLine: {'line': b'-- Installing: /ws/install/ros2_unitree_legged_msgs/local/lib/python3.10/dist-packages/ros2_unitree_legged_msgs-0.4.0-py3.10.egg-info/PKG-INFO\n'}
[3.404172] (ros2_unitree_legged_msgs) StdoutLine: {'line': b'-- Up-to-date: /ws/install/ros2_unitree_legged_msgs/local/lib/python3.10/dist-packages/ros2_unitree_legged_msgs\n'}
[3.404296] (ros2_unitree_legged_msgs) StdoutLine: {'line': b'-- Up-to-date: /ws/install/ros2_unitree_legged_msgs/local/lib/python3.10/dist-packages/ros2_unitree_legged_msgs/ros2_unitree_legged_msgs_s__rosidl_typesupport_fastrtps_c.cpython-310-aarch64-linux-gnu.so\n'}
[3.404477] (ros2_unitree_legged_msgs) StdoutLine: {'line': b'-- Up-to-date: /ws/install/ros2_unitree_legged_msgs/local/lib/python3.10/dist-packages/ros2_unitree_legged_msgs/_ros2_unitree_legged_msgs_s.ep.rosidl_typesupport_fastrtps_c.c\n'}
[3.404561] (ros2_unitree_legged_msgs) StdoutLine: {'line': b'-- Up-to-date: /ws/install/ros2_unitree_legged_msgs/local/lib/python3.10/dist-packages/ros2_unitree_legged_msgs/_ros2_unitree_legged_msgs_s.ep.rosidl_typesupport_introspection_c.c\n'}
[3.404642] (ros2_unitree_legged_msgs) StdoutLine: {'line': b'-- Up-to-date: /ws/install/ros2_unitree_legged_msgs/local/lib/python3.10/dist-packages/ros2_unitree_legged_msgs/libros2_unitree_legged_msgs__rosidl_generator_py.so\n'}
[3.404721] (ros2_unitree_legged_msgs) StdoutLine: {'line': b'-- Up-to-date: /ws/install/ros2_unitree_legged_msgs/local/lib/python3.10/dist-packages/ros2_unitree_legged_msgs/msg\n'}
[3.404801] (ros2_unitree_legged_msgs) StdoutLine: {'line': b'-- Up-to-date: /ws/install/ros2_unitree_legged_msgs/local/lib/python3.10/dist-packages/ros2_unitree_legged_msgs/msg/_motor_cmd_s.c\n'}
[3.404880] (ros2_unitree_legged_msgs) StdoutLine: {'line': b'-- Up-to-date: /ws/install/ros2_unitree_legged_msgs/local/lib/python3.10/dist-packages/ros2_unitree_legged_msgs/msg/_cartesian.py\n'}
[3.404954] (ros2_unitree_legged_msgs) StdoutLine: {'line': b'-- Up-to-date: /ws/install/ros2_unitree_legged_msgs/local/lib/python3.10/dist-packages/ros2_unitree_legged_msgs/msg/_bms_cmd.py\n'}
[3.405026] (ros2_unitree_legged_msgs) StdoutLine: {'line': b'-- Up-to-date: /ws/install/ros2_unitree_legged_msgs/local/lib/python3.10/dist-packages/ros2_unitree_legged_msgs/msg/_low_cmd.py\n'}
[3.405129] (ros2_unitree_legged_msgs) StdoutLine: {'line': b'-- Up-to-date: /ws/install/ros2_unitree_legged_msgs/local/lib/python3.10/dist-packages/ros2_unitree_legged_msgs/msg/_high_cmd_s.c\n'}
[3.405204] (ros2_unitree_legged_msgs) StdoutLine: {'line': b'-- Up-to-date: /ws/install/ros2_unitree_legged_msgs/local/lib/python3.10/dist-packages/ros2_unitree_legged_msgs/msg/_led.py\n'}
[3.405279] (ros2_unitree_legged_msgs) StdoutLine: {'line': b'-- Up-to-date: /ws/install/ros2_unitree_legged_msgs/local/lib/python3.10/dist-packages/ros2_unitree_legged_msgs/msg/_imu.py\n'}
[3.411112] (ros2_unitree_legged_msgs) StdoutLine: {'line': b'-- Up-to-date: /ws/install/ros2_unitree_legged_msgs/local/lib/python3.10/dist-packages/ros2_unitree_legged_msgs/msg/_imu_s.c\n'}
[3.411252] (ros2_unitree_legged_msgs) StdoutLine: {'line': b'-- Up-to-date: /ws/install/ros2_unitree_legged_msgs/local/lib/python3.10/dist-packages/ros2_unitree_legged_msgs/msg/_low_state.py\n'}
[3.411395] (ros2_unitree_legged_msgs) StdoutLine: {'line': b'-- Up-to-date: /ws/install/ros2_unitree_legged_msgs/local/lib/python3.10/dist-packages/ros2_unitree_legged_msgs/msg/_bms_state_s.c\n'}
[3.411529] (ros2_unitree_legged_msgs) StdoutLine: {'line': b'-- Up-to-date: /ws/install/ros2_unitree_legged_msgs/local/lib/python3.10/dist-packages/ros2_unitree_legged_msgs/msg/_bms_cmd_s.c\n'}
[3.411623] (ros2_unitree_legged_msgs) StdoutLine: {'line': b'-- Up-to-date: /ws/install/ros2_unitree_legged_msgs/local/lib/python3.10/dist-packages/ros2_unitree_legged_msgs/msg/_high_cmd.py\n'}
[3.411708] (ros2_unitree_legged_msgs) StdoutLine: {'line': b'-- Up-to-date: /ws/install/ros2_unitree_legged_msgs/local/lib/python3.10/dist-packages/ros2_unitree_legged_msgs/msg/_high_state.py\n'}
[3.411787] (ros2_unitree_legged_msgs) StdoutLine: {'line': b'-- Up-to-date: /ws/install/ros2_unitree_legged_msgs/local/lib/python3.10/dist-packages/ros2_unitree_legged_msgs/msg/_motor_state.py\n'}
[3.411864] (ros2_unitree_legged_msgs) StdoutLine: {'line': b'-- Up-to-date: /ws/install/ros2_unitree_legged_msgs/local/lib/python3.10/dist-packages/ros2_unitree_legged_msgs/msg/_motor_state_s.c\n'}
[3.411944] (ros2_unitree_legged_msgs) StdoutLine: {'line': b'-- Up-to-date: /ws/install/ros2_unitree_legged_msgs/local/lib/python3.10/dist-packages/ros2_unitree_legged_msgs/msg/_cartesian_s.c\n'}
[3.412071] (ros2_unitree_legged_msgs) StdoutLine: {'line': b'-- Up-to-date: /ws/install/ros2_unitree_legged_msgs/local/lib/python3.10/dist-packages/ros2_unitree_legged_msgs/msg/__init__.py\n'}
[3.412169] (ros2_unitree_legged_msgs) StdoutLine: {'line': b'-- Up-to-date: /ws/install/ros2_unitree_legged_msgs/local/lib/python3.10/dist-packages/ros2_unitree_legged_msgs/msg/_high_state_s.c\n'}
[3.412256] (ros2_unitree_legged_msgs) StdoutLine: {'line': b'-- Up-to-date: /ws/install/ros2_unitree_legged_msgs/local/lib/python3.10/dist-packages/ros2_unitree_legged_msgs/msg/_motor_cmd.py\n'}
[3.412378] (ros2_unitree_legged_msgs) StdoutLine: {'line': b'-- Up-to-date: /ws/install/ros2_unitree_legged_msgs/local/lib/python3.10/dist-packages/ros2_unitree_legged_msgs/msg/_low_cmd_s.c\n'}
[3.412467] (ros2_unitree_legged_msgs) StdoutLine: {'line': b'-- Up-to-date: /ws/install/ros2_unitree_legged_msgs/local/lib/python3.10/dist-packages/ros2_unitree_legged_msgs/msg/_low_state_s.c\n'}
[3.412551] (ros2_unitree_legged_msgs) StdoutLine: {'line': b'-- Up-to-date: /ws/install/ros2_unitree_legged_msgs/local/lib/python3.10/dist-packages/ros2_unitree_legged_msgs/msg/_led_s.c\n'}
[3.412644] (ros2_unitree_legged_msgs) StdoutLine: {'line': b'-- Up-to-date: /ws/install/ros2_unitree_legged_msgs/local/lib/python3.10/dist-packages/ros2_unitree_legged_msgs/msg/_bms_state.py\n'}
[3.412733] (ros2_unitree_legged_msgs) StdoutLine: {'line': b'-- Up-to-date: /ws/install/ros2_unitree_legged_msgs/local/lib/python3.10/dist-packages/ros2_unitree_legged_msgs/ros2_unitree_legged_msgs_s__rosidl_typesupport_introspection_c.cpython-310-aarch64-linux-gnu.so\n'}
[3.412842] (ros2_unitree_legged_msgs) StdoutLine: {'line': b'-- Up-to-date: /ws/install/ros2_unitree_legged_msgs/local/lib/python3.10/dist-packages/ros2_unitree_legged_msgs/__init__.py\n'}
[3.412951] (ros2_unitree_legged_msgs) StdoutLine: {'line': b'-- Up-to-date: /ws/install/ros2_unitree_legged_msgs/local/lib/python3.10/dist-packages/ros2_unitree_legged_msgs/_ros2_unitree_legged_msgs_s.ep.rosidl_typesupport_c.c\n'}
[3.413052] (ros2_unitree_legged_msgs) StdoutLine: {'line': b'-- Up-to-date: /ws/install/ros2_unitree_legged_msgs/local/lib/python3.10/dist-packages/ros2_unitree_legged_msgs/ros2_unitree_legged_msgs_s__rosidl_typesupport_c.cpython-310-aarch64-linux-gnu.so\n'}
[3.422695] (unitree_api) CommandEnded: {'returncode': 0}
[3.423243] (unitree_api) JobProgress: {'identifier': 'unitree_api', 'progress': 'install'}
[3.423288] (unitree_api) Command: {'cmd': ['/usr/bin/cmake', '--install', '/ws/build/unitree_api'], 'cwd': '/ws/build/unitree_api', 'env': OrderedDict([('HOSTNAME', 'pi'), ('SHLVL', '1'), ('LD_LIBRARY_PATH', '/ws/libtorch/lib:/opt/ros/humble/lib/aarch64-linux-gnu:/opt/ros/humble/lib'), ('HOME', '/root'), ('OLDPWD', '/ws/src'), ('ROS_PYTHON_VERSION', '3'), ('ROS_DISTRO', 'humble'), ('_', '/usr/bin/colcon'), ('ROS_VERSION', '2'), ('TERM', 'xterm'), ('ROS_LOCALHOST_ONLY', '0'), ('PATH', '/opt/ros/humble/bin:/usr/local/sbin:/usr/local/bin:/usr/sbin:/usr/bin:/sbin:/bin'), ('LANG', 'C.UTF-8'), ('LS_COLORS', 'rs=0:di=01;34:ln=01;36:mh=00:pi=40;33:so=01;35:do=01;35:bd=40;33;01:cd=40;33;01:or=40;31;01:mi=00:su=37;41:sg=30;43:ca=30;41:tw=30;42:ow=34;42:st=37;44:ex=01;32:*.tar=01;31:*.tgz=01;31:*.arc=01;31:*.arj=01;31:*.taz=01;31:*.lha=01;31:*.lz4=01;31:*.lzh=01;31:*.lzma=01;31:*.tlz=01;31:*.txz=01;31:*.tzo=01;31:*.t7z=01;31:*.zip=01;31:*.z=01;31:*.dz=01;31:*.gz=01;31:*.lrz=01;31:*.lz=01;31:*.lzo=01;31:*.xz=01;31:*.zst=01;31:*.tzst=01;31:*.bz2=01;31:*.bz=01;31:*.tbz=01;31:*.tbz2=01;31:*.tz=01;31:*.deb=01;31:*.rpm=01;31:*.jar=01;31:*.war=01;31:*.ear=01;31:*.sar=01;31:*.rar=01;31:*.alz=01;31:*.ace=01;31:*.zoo=01;31:*.cpio=01;31:*.7z=01;31:*.rz=01;31:*.cab=01;31:*.wim=01;31:*.swm=01;31:*.dwm=01;31:*.esd=01;31:*.jpg=01;35:*.jpeg=01;35:*.mjpg=01;35:*.mjpeg=01;35:*.gif=01;35:*.bmp=01;35:*.pbm=01;35:*.pgm=01;35:*.ppm=01;35:*.tga=01;35:*.xbm=01;35:*.xpm=01;35:*.tif=01;35:*.tiff=01;35:*.png=01;35:*.svg=01;35:*.svgz=01;35:*.mng=01;35:*.pcx=01;35:*.mov=01;35:*.mpg=01;35:*.mpeg=01;35:*.m2v=01;35:*.mkv=01;35:*.webm=01;35:*.webp=01;35:*.ogm=01;35:*.mp4=01;35:*.m4v=01;35:*.mp4v=01;35:*.vob=01;35:*.qt=01;35:*.nuv=01;35:*.wmv=01;35:*.asf=01;35:*.rm=01;35:*.rmvb=01;35:*.flc=01;35:*.avi=01;35:*.fli=01;35:*.flv=01;35:*.gl=01;35:*.dl=01;35:*.xcf=01;35:*.xwd=01;35:*.yuv=01;35:*.cgm=01;35:*.emf=01;35:*.ogv=01;35:*.ogx=01;35:*.aac=00;36:*.au=00;36:*.flac=00;36:*.m4a=00;36:*.mid=00;36:*.midi=00;36:*.mka=00;36:*.mp3=00;36:*.mpc=00;36:*.ogg=00;36:*.ra=00;36:*.wav=00;36:*.oga=00;36:*.opus=00;36:*.spx=00;36:*.xspf=00;36:'), ('AMENT_PREFIX_PATH', '/opt/ros/humble'), ('DEBIAN_FRONTEND', 'noninteractive'), ('Torch_DIR', '/ws/libtorch/share/cmake/Torch'), ('PWD', '/ws/build/unitree_api'), ('LC_ALL', 'C.UTF-8'), ('PYTHONPATH', '/opt/ros/humble/lib/python3.10/site-packages:/opt/ros/humble/local/lib/python3.10/dist-packages'), ('COLCON', '1'), ('CMAKE_PREFIX_PATH', '/ws/libtorch::/opt/ros/humble')]), 'shell': False}
[3.429392] (-) TimerEvent: {}
[3.493540] (unitree_api) StdoutLine: {'line': b'-- Install configuration: ""\n'}
[3.494881] (unitree_api) StdoutLine: {'line': b'-- Up-to-date: /ws/install/unitree_api/share/ament_index/resource_index/rosidl_interfaces/unitree_api\n'}
[3.498802] (unitree_api) StdoutLine: {'line': b'-- Up-to-date: /ws/install/unitree_api/include/unitree_api/unitree_api\n'}
[3.499150] (unitree_api) StdoutLine: {'line': b'-- Up-to-date: /ws/install/unitree_api/include/unitree_api/unitree_api/msg\n'}
[3.499270] (unitree_api) StdoutLine: {'line': b'-- Up-to-date: /ws/install/unitree_api/include/unitree_api/unitree_api/msg/request_lease.h\n'}
[3.499405] (unitree_api) StdoutLine: {'line': b'-- Up-to-date: /ws/install/unitree_api/include/unitree_api/unitree_api/msg/request_policy.h\n'}
[3.499501] (unitree_api) StdoutLine: {'line': b'-- Up-to-date: /ws/install/unitree_api/include/unitree_api/unitree_api/msg/response.h\n'}
[3.499615] (unitree_api) StdoutLine: {'line': b'-- Up-to-date: /ws/install/unitree_api/include/unitree_api/unitree_api/msg/response_header.h\n'}
[3.503162] (unitree_api) StdoutLine: {'line': b'-- Up-to-date: /ws/install/unitree_api/include/unitree_api/unitree_api/msg/request_header.h\n'}
[3.503586] (unitree_api) StdoutLine: {'line': b'-- Up-to-date: /ws/install/unitree_api/include/unitree_api/unitree_api/msg/rosidl_generator_c__visibility_control.h\n'}
[3.503765] (unitree_api) StdoutLine: {'line': b'-- Up-to-date: /ws/install/unitree_api/include/unitree_api/unitree_api/msg/response_status.h\n'}
[3.503881] (unitree_api) StdoutLine: {'line': b'-- Up-to-date: /ws/install/unitree_api/include/unitree_api/unitree_api/msg/request.h\n'}
[3.503968] (unitree_api) StdoutLine: {'line': b'-- Up-to-date: /ws/install/unitree_api/include/unitree_api/unitree_api/msg/detail\n'}
[3.504059] (unitree_api) StdoutLine: {'line': b'-- Up-to-date: /ws/install/unitree_api/include/unitree_api/unitree_api/msg/detail/request_header__functions.h\n'}
[3.504141] (unitree_api) StdoutLine: {'line': b'-- Up-to-date: /ws/install/unitree_api/include/unitree_api/unitree_api/msg/detail/response_status__struct.h\n'}
[3.505334] (unitree_api) StdoutLine: {'line': b'-- Up-to-date: /ws/install/unitree_api/include/unitree_api/unitree_api/msg/detail/request_policy__type_support.h\n'}
[3.505576] (unitree_api) StdoutLine: {'line': b'-- Up-to-date: /ws/install/unitree_api/include/unitree_api/unitree_api/msg/detail/request__functions.h\n'}
[3.505675] (unitree_api) StdoutLine: {'line': b'-- Up-to-date: /ws/install/unitree_api/include/unitree_api/unitree_api/msg/detail/request_lease__functions.c\n'}
[3.505793] (unitree_api) StdoutLine: {'line': b'-- Up-to-date: /ws/install/unitree_api/include/unitree_api/unitree_api/msg/detail/request_identity__functions.h\n'}
[3.505874] (unitree_api) StdoutLine: {'line': b'-- Up-to-date: /ws/install/unitree_api/include/unitree_api/unitree_api/msg/detail/request_identity__functions.c\n'}
[3.505944] (unitree_api) StdoutLine: {'line': b'-- Up-to-date: /ws/install/unitree_api/include/unitree_api/unitree_api/msg/detail/request_policy__functions.c\n'}
[3.506010] (unitree_api) StdoutLine: {'line': b'-- Up-to-date: /ws/install/unitree_api/include/unitree_api/unitree_api/msg/detail/response_header__functions.h\n'}
[3.506080] (unitree_api) StdoutLine: {'line': b'-- Up-to-date: /ws/install/unitree_api/include/unitree_api/unitree_api/msg/detail/request_header__struct.h\n'}
[3.506152] (unitree_api) StdoutLine: {'line': b'-- Up-to-date: /ws/install/unitree_api/include/unitree_api/unitree_api/msg/detail/request_lease__struct.h\n'}
[3.506221] (unitree_api) StdoutLine: {'line': b'-- Up-to-date: /ws/install/unitree_api/include/unitree_api/unitree_api/msg/detail/response__type_support.h\n'}
[3.510896] (unitree_api) StdoutLine: {'line': b'-- Up-to-date: /ws/install/unitree_api/include/unitree_api/unitree_api/msg/detail/request_policy__functions.h\n'}
[3.511411] (unitree_api) StdoutLine: {'line': b'-- Up-to-date: /ws/install/unitree_api/include/unitree_api/unitree_api/msg/detail/response_status__type_support.h\n'}
[3.511559] (unitree_api) StdoutLine: {'line': b'-- Up-to-date: /ws/install/unitree_api/include/unitree_api/unitree_api/msg/detail/response__functions.h\n'}
[3.511654] (unitree_api) StdoutLine: {'line': b'-- Up-to-date: /ws/install/unitree_api/include/unitree_api/unitree_api/msg/detail/response_status__functions.c\n'}
[3.511739] (unitree_api) StdoutLine: {'line': b'-- Up-to-date: /ws/install/unitree_api/include/unitree_api/unitree_api/msg/detail/request__functions.c\n'}
[3.511818] (unitree_api) StdoutLine: {'line': b'-- Up-to-date: /ws/install/unitree_api/include/unitree_api/unitree_api/msg/detail/request__type_support.h\n'}
[3.511903] (unitree_api) StdoutLine: {'line': b'-- Up-to-date: /ws/install/unitree_api/include/unitree_api/unitree_api/msg/detail/request_identity__struct.h\n'}
[3.511985] (unitree_api) StdoutLine: {'line': b'-- Up-to-date: /ws/install/unitree_api/include/unitree_api/unitree_api/msg/detail/response__struct.h\n'}
[3.512103] (unitree_api) StdoutLine: {'line': b'-- Up-to-date: /ws/install/unitree_api/include/unitree_api/unitree_api/msg/detail/response_status__functions.h\n'}
[3.512194] (unitree_api) StdoutLine: {'line': b'-- Up-to-date: /ws/install/unitree_api/include/unitree_api/unitree_api/msg/detail/request_header__functions.c\n'}
[3.512270] (unitree_api) StdoutLine: {'line': b'-- Up-to-date: /ws/install/unitree_api/include/unitree_api/unitree_api/msg/detail/request__struct.h\n'}
[3.512380] (unitree_api) StdoutLine: {'line': b'-- Up-to-date: /ws/install/unitree_api/include/unitree_api/unitree_api/msg/detail/response_header__functions.c\n'}
[3.512461] (unitree_api) StdoutLine: {'line': b'-- Up-to-date: /ws/install/unitree_api/include/unitree_api/unitree_api/msg/detail/request_header__type_support.h\n'}
[3.512537] (unitree_api) StdoutLine: {'line': b'-- Up-to-date: /ws/install/unitree_api/include/unitree_api/unitree_api/msg/detail/request_lease__functions.h\n'}
[3.512620] (unitree_api) StdoutLine: {'line': b'-- Up-to-date: /ws/install/unitree_api/include/unitree_api/unitree_api/msg/detail/response__functions.c\n'}
[3.512708] (unitree_api) StdoutLine: {'line': b'-- Up-to-date: /ws/install/unitree_api/include/unitree_api/unitree_api/msg/detail/request_policy__struct.h\n'}
[3.521426] (unitree_api) StdoutLine: {'line': b'-- Up-to-date: /ws/install/unitree_api/include/unitree_api/unitree_api/msg/detail/request_identity__type_support.h\n'}
[3.521835] (unitree_api) StdoutLine: {'line': b'-- Up-to-date: /ws/install/unitree_api/include/unitree_api/unitree_api/msg/detail/response_header__type_support.h\n'}
[3.521956] (unitree_api) StdoutLine: {'line': b'-- Up-to-date: /ws/install/unitree_api/include/unitree_api/unitree_api/msg/detail/request_lease__type_support.h\n'}
[3.522048] (unitree_api) StdoutLine: {'line': b'-- Up-to-date: /ws/install/unitree_api/include/unitree_api/unitree_api/msg/detail/response_header__struct.h\n'}
[3.522166] (unitree_api) StdoutLine: {'line': b'-- Up-to-date: /ws/install/unitree_api/include/unitree_api/unitree_api/msg/request_identity.h\n'}
[3.522251] (unitree_api) StdoutLine: {'line': b'-- Up-to-date: /ws/install/unitree_api/share/unitree_api/environment/library_path.sh\n'}
[3.522362] (unitree_api) StdoutLine: {'line': b'-- Up-to-date: /ws/install/unitree_api/share/unitree_api/environment/library_path.dsv\n'}
[3.522450] (unitree_api) StdoutLine: {'line': b'-- Up-to-date: /ws/install/unitree_api/lib/libunitree_api__rosidl_generator_c.so\n'}
[3.522528] (unitree_api) StdoutLine: {'line': b'-- Up-to-date: /ws/install/unitree_api/include/unitree_api/unitree_api\n'}
[3.522601] (unitree_api) StdoutLine: {'line': b'-- Up-to-date: /ws/install/unitree_api/include/unitree_api/unitree_api/msg\n'}
[3.522670] (unitree_api) StdoutLine: {'line': b'-- Up-to-date: /ws/install/unitree_api/include/unitree_api/unitree_api/msg/rosidl_typesupport_fastrtps_c__visibility_control.h\n'}
[3.522740] (unitree_api) StdoutLine: {'line': b'-- Up-to-date: /ws/install/unitree_api/include/unitree_api/unitree_api/msg/detail\n'}
[3.522815] (unitree_api) StdoutLine: {'line': b'-- Up-to-date: /ws/install/unitree_api/include/unitree_api/unitree_api/msg/detail/request_policy__rosidl_typesupport_fastrtps_c.h\n'}
[3.522891] (unitree_api) StdoutLine: {'line': b'-- Up-to-date: /ws/install/unitree_api/include/unitree_api/unitree_api/msg/detail/request_identity__rosidl_typesupport_fastrtps_c.h\n'}
[3.522967] (unitree_api) StdoutLine: {'line': b'-- Up-to-date: /ws/install/unitree_api/include/unitree_api/unitree_api/msg/detail/response_status__rosidl_typesupport_fastrtps_c.h\n'}
[3.523039] (unitree_api) StdoutLine: {'line': b'-- Up-to-date: /ws/install/unitree_api/include/unitree_api/unitree_api/msg/detail/request_lease__rosidl_typesupport_fastrtps_c.h\n'}
[3.523155] (unitree_api) StdoutLine: {'line': b'-- Up-to-date: /ws/install/unitree_api/include/unitree_api/unitree_api/msg/detail/request_header__rosidl_typesupport_fastrtps_c.h\n'}
[3.523232] (unitree_api) StdoutLine: {'line': b'-- Up-to-date: /ws/install/unitree_api/include/unitree_api/unitree_api/msg/detail/response__rosidl_typesupport_fastrtps_c.h\n'}
[3.523350] (unitree_api) StdoutLine: {'line': b'-- Up-to-date: /ws/install/unitree_api/include/unitree_api/unitree_api/msg/detail/response_header__rosidl_typesupport_fastrtps_c.h\n'}
[3.523437] (unitree_api) StdoutLine: {'line': b'-- Up-to-date: /ws/install/unitree_api/include/unitree_api/unitree_api/msg/detail/request__rosidl_typesupport_fastrtps_c.h\n'}
[3.523515] (unitree_api) StdoutLine: {'line': b'-- Up-to-date: /ws/install/unitree_api/lib/libunitree_api__rosidl_typesupport_fastrtps_c.so\n'}
[3.523588] (unitree_api) StdoutLine: {'line': b'-- Up-to-date: /ws/install/unitree_api/include/unitree_api/unitree_api\n'}
[3.523661] (unitree_api) StdoutLine: {'line': b'-- Up-to-date: /ws/install/unitree_api/include/unitree_api/unitree_api/msg\n'}
[3.523730] (unitree_api) StdoutLine: {'line': b'-- Up-to-date: /ws/install/unitree_api/include/unitree_api/unitree_api/msg/request_lease.hpp\n'}
[3.523797] (unitree_api) StdoutLine: {'line': b'-- Up-to-date: /ws/install/unitree_api/include/unitree_api/unitree_api/msg/rosidl_generator_cpp__visibility_control.hpp\n'}
[3.539395] (unitree_api) StdoutLine: {'line': b'-- Up-to-date: /ws/install/unitree_api/include/unitree_api/unitree_api/msg/request_header.hpp\n'}
[3.539767] (-) TimerEvent: {}
[3.540363] (unitree_api) StdoutLine: {'line': b'-- Up-to-date: /ws/install/unitree_api/include/unitree_api/unitree_api/msg/response.hpp\n'}
[3.543858] (unitree_api) StdoutLine: {'line': b'-- Up-to-date: /ws/install/unitree_api/include/unitree_api/unitree_api/msg/request_identity.hpp\n'}
[3.543987] (unitree_api) StdoutLine: {'line': b'-- Up-to-date: /ws/install/unitree_api/include/unitree_api/unitree_api/msg/response_header.hpp\n'}
[3.544072] (unitree_api) StdoutLine: {'line': b'-- Up-to-date: /ws/install/unitree_api/include/unitree_api/unitree_api/msg/request.hpp\n'}
[3.544154] (unitree_api) StdoutLine: {'line': b'-- Up-to-date: /ws/install/unitree_api/include/unitree_api/unitree_api/msg/request_policy.hpp\n'}
[3.544244] (unitree_api) StdoutLine: {'line': b'-- Up-to-date: /ws/install/unitree_api/include/unitree_api/unitree_api/msg/detail\n'}
[3.544364] (unitree_api) StdoutLine: {'line': b'-- Up-to-date: /ws/install/unitree_api/include/unitree_api/unitree_api/msg/detail/response_status__type_support.hpp\n'}
[3.544468] (unitree_api) StdoutLine: {'line': b'-- Up-to-date: /ws/install/unitree_api/include/unitree_api/unitree_api/msg/detail/request_policy__traits.hpp\n'}
[3.544553] (unitree_api) StdoutLine: {'line': b'-- Up-to-date: /ws/install/unitree_api/include/unitree_api/unitree_api/msg/detail/request_lease__traits.hpp\n'}
[3.544638] (unitree_api) StdoutLine: {'line': b'-- Up-to-date: /ws/install/unitree_api/include/unitree_api/unitree_api/msg/detail/request_lease__type_support.hpp\n'}
[3.544715] (unitree_api) StdoutLine: {'line': b'-- Up-to-date: /ws/install/unitree_api/include/unitree_api/unitree_api/msg/detail/request_identity__type_support.hpp\n'}
[3.544787] (unitree_api) StdoutLine: {'line': b'-- Up-to-date: /ws/install/unitree_api/include/unitree_api/unitree_api/msg/detail/request_header__type_support.hpp\n'}
[3.544858] (unitree_api) StdoutLine: {'line': b'-- Up-to-date: /ws/install/unitree_api/include/unitree_api/unitree_api/msg/detail/response_status__struct.hpp\n'}
[3.544937] (unitree_api) StdoutLine: {'line': b'-- Up-to-date: /ws/install/unitree_api/include/unitree_api/unitree_api/msg/detail/response_status__builder.hpp\n'}
[3.545050] (unitree_api) StdoutLine: {'line': b'-- Up-to-date: /ws/install/unitree_api/include/unitree_api/unitree_api/msg/detail/request_header__builder.hpp\n'}
[3.545141] (unitree_api) StdoutLine: {'line': b'-- Up-to-date: /ws/install/unitree_api/include/unitree_api/unitree_api/msg/detail/request_policy__struct.hpp\n'}
[3.545222] (unitree_api) StdoutLine: {'line': b'-- Up-to-date: /ws/install/unitree_api/include/unitree_api/unitree_api/msg/detail/response__traits.hpp\n'}
[3.545290] (unitree_api) StdoutLine: {'line': b'-- Up-to-date: /ws/install/unitree_api/include/unitree_api/unitree_api/msg/detail/request_header__traits.hpp\n'}
[3.555982] (unitree_api) StdoutLine: {'line': b'-- Up-to-date: /ws/install/unitree_api/include/unitree_api/unitree_api/msg/detail/response_header__struct.hpp\n'}
[3.556351] (unitree_api) StdoutLine: {'line': b'-- Up-to-date: /ws/install/unitree_api/include/unitree_api/unitree_api/msg/detail/request_lease__builder.hpp\n'}
[3.556493] (unitree_api) StdoutLine: {'line': b'-- Up-to-date: /ws/install/unitree_api/include/unitree_api/unitree_api/msg/detail/request_header__struct.hpp\n'}
[3.556600] (unitree_api) StdoutLine: {'line': b'-- Up-to-date: /ws/install/unitree_api/include/unitree_api/unitree_api/msg/detail/response_header__traits.hpp\n'}
[3.556701] (unitree_api) StdoutLine: {'line': b'-- Up-to-date: /ws/install/unitree_api/include/unitree_api/unitree_api/msg/detail/request__struct.hpp\n'}
[3.556784] (unitree_api) StdoutLine: {'line': b'-- Up-to-date: /ws/install/unitree_api/include/unitree_api/unitree_api/msg/detail/response_header__builder.hpp\n'}
[3.556886] (unitree_api) StdoutLine: {'line': b'-- Up-to-date: /ws/install/unitree_api/include/unitree_api/unitree_api/msg/detail/request__type_support.hpp\n'}
[3.556996] (unitree_api) StdoutLine: {'line': b'-- Up-to-date: /ws/install/unitree_api/include/unitree_api/unitree_api/msg/detail/response__struct.hpp\n'}
[3.557110] (unitree_api) StdoutLine: {'line': b'-- Up-to-date: /ws/install/unitree_api/include/unitree_api/unitree_api/msg/detail/response_status__traits.hpp\n'}
[3.557229] (unitree_api) StdoutLine: {'line': b'-- Up-to-date: /ws/install/unitree_api/include/unitree_api/unitree_api/msg/detail/response__type_support.hpp\n'}
[3.557446] (unitree_api) StdoutLine: {'line': b'-- Up-to-date: /ws/install/unitree_api/include/unitree_api/unitree_api/msg/detail/request_policy__type_support.hpp\n'}
[3.562291] (unitree_api) StdoutLine: {'line': b'-- Up-to-date: /ws/install/unitree_api/include/unitree_api/unitree_api/msg/detail/response_header__type_support.hpp\n'}
[3.562684] (unitree_api) StdoutLine: {'line': b'-- Up-to-date: /ws/install/unitree_api/include/unitree_api/unitree_api/msg/detail/request_identity__traits.hpp\n'}
[3.562820] (unitree_api) StdoutLine: {'line': b'-- Up-to-date: /ws/install/unitree_api/include/unitree_api/unitree_api/msg/detail/request_policy__builder.hpp\n'}
[3.564488] (unitree_api) StdoutLine: {'line': b'-- Up-to-date: /ws/install/unitree_api/include/unitree_api/unitree_api/msg/detail/request__builder.hpp\n'}
[3.569015] (unitree_api) StdoutLine: {'line': b'-- Up-to-date: /ws/install/unitree_api/include/unitree_api/unitree_api/msg/detail/request_identity__struct.hpp\n'}
[3.569208] (unitree_api) StdoutLine: {'line': b'-- Up-to-date: /ws/install/unitree_api/include/unitree_api/unitree_api/msg/detail/request_identity__builder.hpp\n'}
[3.575161] (unitree_api) StdoutLine: {'line': b'-- Up-to-date: /ws/install/unitree_api/include/unitree_api/unitree_api/msg/detail/request_lease__struct.hpp\n'}
[3.575623] (unitree_api) StdoutLine: {'line': b'-- Up-to-date: /ws/install/unitree_api/include/unitree_api/unitree_api/msg/detail/request__traits.hpp\n'}
[3.575783] (unitree_api) StdoutLine: {'line': b'-- Up-to-date: /ws/install/unitree_api/include/unitree_api/unitree_api/msg/detail/response__builder.hpp\n'}
[3.575905] (unitree_api) StdoutLine: {'line': b'-- Up-to-date: /ws/install/unitree_api/include/unitree_api/unitree_api/msg/response_status.hpp\n'}
[3.576015] (unitree_api) StdoutLine: {'line': b'-- Up-to-date: /ws/install/unitree_api/include/unitree_api/unitree_api\n'}
[3.576117] (unitree_api) StdoutLine: {'line': b'-- Up-to-date: /ws/install/unitree_api/include/unitree_api/unitree_api/msg\n'}
[3.576260] (unitree_api) StdoutLine: {'line': b'-- Up-to-date: /ws/install/unitree_api/include/unitree_api/unitree_api/msg/rosidl_typesupport_fastrtps_cpp__visibility_control.h\n'}
[3.576460] (unitree_api) StdoutLine: {'line': b'-- Up-to-date: /ws/install/unitree_api/include/unitree_api/unitree_api/msg/detail\n'}
[3.576577] (unitree_api) StdoutLine: {'line': b'-- Up-to-date: /ws/install/unitree_api/include/unitree_api/unitree_api/msg/detail/response__rosidl_typesupport_fastrtps_cpp.hpp\n'}
[3.576715] (unitree_api) StdoutLine: {'line': b'-- Up-to-date: /ws/install/unitree_api/include/unitree_api/unitree_api/msg/detail/request_identity__rosidl_typesupport_fastrtps_cpp.hpp\n'}
[3.576813] (unitree_api) StdoutLine: {'line': b'-- Up-to-date: /ws/install/unitree_api/include/unitree_api/unitree_api/msg/detail/response_header__rosidl_typesupport_fastrtps_cpp.hpp\n'}
[3.576903] (unitree_api) StdoutLine: {'line': b'-- Up-to-date: /ws/install/unitree_api/include/unitree_api/unitree_api/msg/detail/dds_fastrtps\n'}
[3.576987] (unitree_api) StdoutLine: {'line': b'-- Up-to-date: /ws/install/unitree_api/include/unitree_api/unitree_api/msg/detail/request_policy__rosidl_typesupport_fastrtps_cpp.hpp\n'}
[3.577085] (unitree_api) StdoutLine: {'line': b'-- Up-to-date: /ws/install/unitree_api/include/unitree_api/unitree_api/msg/detail/request_header__rosidl_typesupport_fastrtps_cpp.hpp\n'}
[3.577205] (unitree_api) StdoutLine: {'line': b'-- Up-to-date: /ws/install/unitree_api/include/unitree_api/unitree_api/msg/detail/request__rosidl_typesupport_fastrtps_cpp.hpp\n'}
[3.582687] (unitree_api) StdoutLine: {'line': b'-- Up-to-date: /ws/install/unitree_api/include/unitree_api/unitree_api/msg/detail/response_status__rosidl_typesupport_fastrtps_cpp.hpp\n'}
[3.583064] (unitree_api) StdoutLine: {'line': b'-- Up-to-date: /ws/install/unitree_api/include/unitree_api/unitree_api/msg/detail/request_lease__rosidl_typesupport_fastrtps_cpp.hpp\n'}
[3.583189] (unitree_api) StdoutLine: {'line': b'-- Up-to-date: /ws/install/unitree_api/lib/libunitree_api__rosidl_typesupport_fastrtps_cpp.so\n'}
[3.583293] (unitree_api) StdoutLine: {'line': b'-- Up-to-date: /ws/install/unitree_api/include/unitree_api/unitree_api\n'}
[3.583441] (unitree_api) StdoutLine: {'line': b'-- Up-to-date: /ws/install/unitree_api/include/unitree_api/unitree_api/msg\n'}
[3.583529] (unitree_api) StdoutLine: {'line': b'-- Up-to-date: /ws/install/unitree_api/include/unitree_api/unitree_api/msg/rosidl_typesupport_introspection_c__visibility_control.h\n'}
[3.583610] (unitree_api) StdoutLine: {'line': b'-- Up-to-date: /ws/install/unitree_api/include/unitree_api/unitree_api/msg/detail\n'}
[3.583684] (unitree_api) StdoutLine: {'line': b'-- Up-to-date: /ws/install/unitree_api/include/unitree_api/unitree_api/msg/detail/request__rosidl_typesupport_introspection_c.h\n'}
[3.583758] (unitree_api) StdoutLine: {'line': b'-- Up-to-date: /ws/install/unitree_api/include/unitree_api/unitree_api/msg/detail/response_status__type_support.c\n'}
[3.583835] (unitree_api) StdoutLine: {'line': b'-- Up-to-date: /ws/install/unitree_api/include/unitree_api/unitree_api/msg/detail/request_lease__type_support.c\n'}
[3.583927] (unitree_api) StdoutLine: {'line': b'-- Up-to-date: /ws/install/unitree_api/include/unitree_api/unitree_api/msg/detail/request_identity__type_support.c\n'}
[3.584010] (unitree_api) StdoutLine: {'line': b'-- Up-to-date: /ws/install/unitree_api/include/unitree_api/unitree_api/msg/detail/response_header__type_support.c\n'}
[3.584081] (unitree_api) StdoutLine: {'line': b'-- Up-to-date: /ws/install/unitree_api/include/unitree_api/unitree_api/msg/detail/request_policy__rosidl_typesupport_introspection_c.h\n'}
[3.584153] (unitree_api) StdoutLine: {'line': b'-- Up-to-date: /ws/install/unitree_api/include/unitree_api/unitree_api/msg/detail/request_header__rosidl_typesupport_introspection_c.h\n'}
[3.584225] (unitree_api) StdoutLine: {'line': b'-- Up-to-date: /ws/install/unitree_api/include/unitree_api/unitree_api/msg/detail/response__rosidl_typesupport_introspection_c.h\n'}
[3.584395] (unitree_api) StdoutLine: {'line': b'-- Up-to-date: /ws/install/unitree_api/include/unitree_api/unitree_api/msg/detail/request__type_support.c\n'}
[3.584487] (unitree_api) StdoutLine: {'line': b'-- Up-to-date: /ws/install/unitree_api/include/unitree_api/unitree_api/msg/detail/request_lease__rosidl_typesupport_introspection_c.h\n'}
[3.584561] (unitree_api) StdoutLine: {'line': b'-- Up-to-date: /ws/install/unitree_api/include/unitree_api/unitree_api/msg/detail/response__type_support.c\n'}
[3.584656] (unitree_api) StdoutLine: {'line': b'-- Up-to-date: /ws/install/unitree_api/include/unitree_api/unitree_api/msg/detail/request_policy__type_support.c\n'}
[3.584728] (unitree_api) StdoutLine: {'line': b'-- Up-to-date: /ws/install/unitree_api/include/unitree_api/unitree_api/msg/detail/response_header__rosidl_typesupport_introspection_c.h\n'}
[3.584799] (unitree_api) StdoutLine: {'line': b'-- Up-to-date: /ws/install/unitree_api/include/unitree_api/unitree_api/msg/detail/request_header__type_support.c\n'}
[3.584871] (unitree_api) StdoutLine: {'line': b'-- Up-to-date: /ws/install/unitree_api/include/unitree_api/unitree_api/msg/detail/request_identity__rosidl_typesupport_introspection_c.h\n'}
[3.584943] (unitree_api) StdoutLine: {'line': b'-- Up-to-date: /ws/install/unitree_api/include/unitree_api/unitree_api/msg/detail/response_status__rosidl_typesupport_introspection_c.h\n'}
[3.585015] (unitree_api) StdoutLine: {'line': b'-- Up-to-date: /ws/install/unitree_api/lib/libunitree_api__rosidl_typesupport_introspection_c.so\n'}
[3.585089] (unitree_api) StdoutLine: {'line': b'-- Up-to-date: /ws/install/unitree_api/lib/libunitree_api__rosidl_typesupport_c.so\n'}
[3.585162] (unitree_api) StdoutLine: {'line': b'-- Up-to-date: /ws/install/unitree_api/include/unitree_api/unitree_api\n'}
[3.585230] (unitree_api) StdoutLine: {'line': b'-- Up-to-date: /ws/install/unitree_api/include/unitree_api/unitree_api/msg\n'}
[3.594346] (unitree_api) StdoutLine: {'line': b'-- Up-to-date: /ws/install/unitree_api/include/unitree_api/unitree_api/msg/detail\n'}
[3.594740] (unitree_api) StdoutLine: {'line': b'-- Up-to-date: /ws/install/unitree_api/include/unitree_api/unitree_api/msg/detail/request_lease__rosidl_typesupport_introspection_cpp.hpp\n'}
[3.594854] (unitree_api) StdoutLine: {'line': b'-- Up-to-date: /ws/install/unitree_api/include/unitree_api/unitree_api/msg/detail/request_lease__type_support.cpp\n'}
[3.594947] (unitree_api) StdoutLine: {'line': b'-- Up-to-date: /ws/install/unitree_api/include/unitree_api/unitree_api/msg/detail/request_header__rosidl_typesupport_introspection_cpp.hpp\n'}
[3.595025] (unitree_api) StdoutLine: {'line': b'-- Up-to-date: /ws/install/unitree_api/include/unitree_api/unitree_api/msg/detail/request__type_support.cpp\n'}
[3.595103] (unitree_api) StdoutLine: {'line': b'-- Up-to-date: /ws/install/unitree_api/include/unitree_api/unitree_api/msg/detail/response__type_support.cpp\n'}
[3.595210] (unitree_api) StdoutLine: {'line': b'-- Up-to-date: /ws/install/unitree_api/include/unitree_api/unitree_api/msg/detail/request_identity__type_support.cpp\n'}
[3.595290] (unitree_api) StdoutLine: {'line': b'-- Up-to-date: /ws/install/unitree_api/include/unitree_api/unitree_api/msg/detail/request__rosidl_typesupport_introspection_cpp.hpp\n'}
[3.595410] (unitree_api) StdoutLine: {'line': b'-- Up-to-date: /ws/install/unitree_api/include/unitree_api/unitree_api/msg/detail/response_header__type_support.cpp\n'}
[3.595493] (unitree_api) StdoutLine: {'line': b'-- Up-to-date: /ws/install/unitree_api/include/unitree_api/unitree_api/msg/detail/request_identity__rosidl_typesupport_introspection_cpp.hpp\n'}
[3.595563] (unitree_api) StdoutLine: {'line': b'-- Up-to-date: /ws/install/unitree_api/include/unitree_api/unitree_api/msg/detail/request_policy__type_support.cpp\n'}
[3.595638] (unitree_api) StdoutLine: {'line': b'-- Up-to-date: /ws/install/unitree_api/include/unitree_api/unitree_api/msg/detail/response_status__type_support.cpp\n'}
[3.595711] (unitree_api) StdoutLine: {'line': b'-- Up-to-date: /ws/install/unitree_api/include/unitree_api/unitree_api/msg/detail/response_status__rosidl_typesupport_introspection_cpp.hpp\n'}
[3.595782] (unitree_api) StdoutLine: {'line': b'-- Up-to-date: /ws/install/unitree_api/include/unitree_api/unitree_api/msg/detail/request_policy__rosidl_typesupport_introspection_cpp.hpp\n'}
[3.595854] (unitree_api) StdoutLine: {'line': b'-- Up-to-date: /ws/install/unitree_api/include/unitree_api/unitree_api/msg/detail/response_header__rosidl_typesupport_introspection_cpp.hpp\n'}
[3.595947] (unitree_api) StdoutLine: {'line': b'-- Up-to-date: /ws/install/unitree_api/include/unitree_api/unitree_api/msg/detail/response__rosidl_typesupport_introspection_cpp.hpp\n'}
[3.596021] (unitree_api) StdoutLine: {'line': b'-- Up-to-date: /ws/install/unitree_api/include/unitree_api/unitree_api/msg/detail/request_header__type_support.cpp\n'}
[3.596095] (unitree_api) StdoutLine: {'line': b'-- Up-to-date: /ws/install/unitree_api/lib/libunitree_api__rosidl_typesupport_introspection_cpp.so\n'}
[3.596183] (unitree_api) StdoutLine: {'line': b'-- Up-to-date: /ws/install/unitree_api/lib/libunitree_api__rosidl_typesupport_cpp.so\n'}
[3.596266] (unitree_api) StdoutLine: {'line': b'-- Up-to-date: /ws/install/unitree_api/share/unitree_api/environment/pythonpath.sh\n'}
[3.596375] (unitree_api) StdoutLine: {'line': b'-- Up-to-date: /ws/install/unitree_api/share/unitree_api/environment/pythonpath.dsv\n'}
[3.596478] (unitree_api) StdoutLine: {'line': b'-- Up-to-date: /ws/install/unitree_api/local/lib/python3.10/dist-packages/unitree_api-0.0.0-py3.10.egg-info\n'}
[3.596585] (unitree_api) StdoutLine: {'line': b'-- Installing: /ws/install/unitree_api/local/lib/python3.10/dist-packages/unitree_api-0.0.0-py3.10.egg-info/dependency_links.txt\n'}
[3.596694] (unitree_api) StdoutLine: {'line': b'-- Installing: /ws/install/unitree_api/local/lib/python3.10/dist-packages/unitree_api-0.0.0-py3.10.egg-info/top_level.txt\n'}
[3.602373] (unitree_api) StdoutLine: {'line': b'-- Installing: /ws/install/unitree_api/local/lib/python3.10/dist-packages/unitree_api-0.0.0-py3.10.egg-info/SOURCES.txt\n'}
[3.602912] (unitree_api) StdoutLine: {'line': b'-- Installing: /ws/install/unitree_api/local/lib/python3.10/dist-packages/unitree_api-0.0.0-py3.10.egg-info/PKG-INFO\n'}
[3.603019] (unitree_api) StdoutLine: {'line': b'-- Up-to-date: /ws/install/unitree_api/local/lib/python3.10/dist-packages/unitree_api\n'}
[3.603106] (unitree_api) StdoutLine: {'line': b'-- Up-to-date: /ws/install/unitree_api/local/lib/python3.10/dist-packages/unitree_api/_unitree_api_s.ep.rosidl_typesupport_introspection_c.c\n'}
[3.603190] (unitree_api) StdoutLine: {'line': b'-- Up-to-date: /ws/install/unitree_api/local/lib/python3.10/dist-packages/unitree_api/unitree_api_s__rosidl_typesupport_fastrtps_c.cpython-310-aarch64-linux-gnu.so\n'}
[3.603265] (unitree_api) StdoutLine: {'line': b'-- Up-to-date: /ws/install/unitree_api/local/lib/python3.10/dist-packages/unitree_api/unitree_api_s__rosidl_typesupport_c.cpython-310-aarch64-linux-gnu.so\n'}
[3.603385] (unitree_api) StdoutLine: {'line': b'-- Up-to-date: /ws/install/unitree_api/local/lib/python3.10/dist-packages/unitree_api/unitree_api_s__rosidl_typesupport_introspection_c.cpython-310-aarch64-linux-gnu.so\n'}
[3.603493] (unitree_api) StdoutLine: {'line': b'-- Up-to-date: /ws/install/unitree_api/local/lib/python3.10/dist-packages/unitree_api/libunitree_api__rosidl_generator_py.so\n'}
[3.603602] (unitree_api) StdoutLine: {'line': b'-- Up-to-date: /ws/install/unitree_api/local/lib/python3.10/dist-packages/unitree_api/msg\n'}
[3.603692] (unitree_api) StdoutLine: {'line': b'-- Up-to-date: /ws/install/unitree_api/local/lib/python3.10/dist-packages/unitree_api/msg/_request_policy_s.c\n'}
[3.603777] (unitree_api) StdoutLine: {'line': b'-- Up-to-date: /ws/install/unitree_api/local/lib/python3.10/dist-packages/unitree_api/msg/_request_policy.py\n'}
[3.603858] (unitree_api) StdoutLine: {'line': b'-- Up-to-date: /ws/install/unitree_api/local/lib/python3.10/dist-packages/unitree_api/msg/_request_identity.py\n'}
[3.603938] (unitree_api) StdoutLine: {'line': b'-- Up-to-date: /ws/install/unitree_api/local/lib/python3.10/dist-packages/unitree_api/msg/_response_status.py\n'}
[3.604023] (unitree_api) StdoutLine: {'line': b'-- Up-to-date: /ws/install/unitree_api/local/lib/python3.10/dist-packages/unitree_api/msg/_response.py\n'}
[3.604147] (unitree_api) StdoutLine: {'line': b'-- Up-to-date: /ws/install/unitree_api/local/lib/python3.10/dist-packages/unitree_api/msg/_response_header_s.c\n'}
[3.604307] (unitree_api) StdoutLine: {'line': b'-- Up-to-date: /ws/install/unitree_api/local/lib/python3.10/dist-packages/unitree_api/msg/_request_header_s.c\n'}
[3.604459] (unitree_api) StdoutLine: {'line': b'-- Up-to-date: /ws/install/unitree_api/local/lib/python3.10/dist-packages/unitree_api/msg/_response_s.c\n'}
[3.604540] (unitree_api) StdoutLine: {'line': b'-- Up-to-date: /ws/install/unitree_api/local/lib/python3.10/dist-packages/unitree_api/msg/_request_lease.py\n'}
[3.604616] (unitree_api) StdoutLine: {'line': b'-- Up-to-date: /ws/install/unitree_api/local/lib/python3.10/dist-packages/unitree_api/msg/__init__.py\n'}
[3.604690] (unitree_api) StdoutLine: {'line': b'-- Up-to-date: /ws/install/unitree_api/local/lib/python3.10/dist-packages/unitree_api/msg/_request_s.c\n'}
[3.604768] (unitree_api) StdoutLine: {'line': b'-- Up-to-date: /ws/install/unitree_api/local/lib/python3.10/dist-packages/unitree_api/msg/_response_header.py\n'}
[3.604840] (unitree_api) StdoutLine: {'line': b'-- Up-to-date: /ws/install/unitree_api/local/lib/python3.10/dist-packages/unitree_api/msg/_response_status_s.c\n'}
[3.604914] (unitree_api) StdoutLine: {'line': b'-- Up-to-date: /ws/install/unitree_api/local/lib/python3.10/dist-packages/unitree_api/msg/_request.py\n'}
[3.604985] (unitree_api) StdoutLine: {'line': b'-- Up-to-date: /ws/install/unitree_api/local/lib/python3.10/dist-packages/unitree_api/msg/_request_header.py\n'}
[3.605059] (unitree_api) StdoutLine: {'line': b'-- Up-to-date: /ws/install/unitree_api/local/lib/python3.10/dist-packages/unitree_api/msg/_request_identity_s.c\n'}
[3.605133] (unitree_api) StdoutLine: {'line': b'-- Up-to-date: /ws/install/unitree_api/local/lib/python3.10/dist-packages/unitree_api/msg/_request_lease_s.c\n'}
[3.605208] (unitree_api) StdoutLine: {'line': b'-- Up-to-date: /ws/install/unitree_api/local/lib/python3.10/dist-packages/unitree_api/_unitree_api_s.ep.rosidl_typesupport_c.c\n'}
[3.605282] (unitree_api) StdoutLine: {'line': b'-- Up-to-date: /ws/install/unitree_api/local/lib/python3.10/dist-packages/unitree_api/__init__.py\n'}
[3.611667] (unitree_api) StdoutLine: {'line': b'-- Up-to-date: /ws/install/unitree_api/local/lib/python3.10/dist-packages/unitree_api/_unitree_api_s.ep.rosidl_typesupport_fastrtps_c.c\n'}
[3.620314] (ros2_unitree_legged_msgs) StdoutLine: {'line': b"Listing '/ws/install/ros2_unitree_legged_msgs/local/lib/python3.10/dist-packages/ros2_unitree_legged_msgs'...\n"}
[3.620860] (ros2_unitree_legged_msgs) StdoutLine: {'line': b"Listing '/ws/install/ros2_unitree_legged_msgs/local/lib/python3.10/dist-packages/ros2_unitree_legged_msgs/msg'...\n"}
[3.641475] (-) TimerEvent: {}
[3.711822] (ros2_unitree_legged_msgs) StdoutLine: {'line': b'-- Up-to-date: /ws/install/ros2_unitree_legged_msgs/local/lib/python3.10/dist-packages/ros2_unitree_legged_msgs/ros2_unitree_legged_msgs_s__rosidl_typesupport_fastrtps_c.cpython-310-aarch64-linux-gnu.so\n'}
[3.712397] (ros2_unitree_legged_msgs) StdoutLine: {'line': b'-- Up-to-date: /ws/install/ros2_unitree_legged_msgs/local/lib/python3.10/dist-packages/ros2_unitree_legged_msgs/ros2_unitree_legged_msgs_s__rosidl_typesupport_introspection_c.cpython-310-aarch64-linux-gnu.so\n'}
[3.713048] (ros2_unitree_legged_msgs) StdoutLine: {'line': b'-- Up-to-date: /ws/install/ros2_unitree_legged_msgs/local/lib/python3.10/dist-packages/ros2_unitree_legged_msgs/ros2_unitree_legged_msgs_s__rosidl_typesupport_c.cpython-310-aarch64-linux-gnu.so\n'}
[3.718210] (cyclonedds) StdoutLine: {'line': b'[ 30%] \x1b[32mBuilding C object src/core/CMakeFiles/ddsc.dir/ddsi/src/sysdeps.c.o\x1b[0m\n'}
[3.718857] (ros2_unitree_legged_msgs) StdoutLine: {'line': b'-- Up-to-date: /ws/install/ros2_unitree_legged_msgs/lib/libros2_unitree_legged_msgs__rosidl_generator_py.so\n'}
[3.719323] (ros2_unitree_legged_msgs) StdoutLine: {'line': b'-- Up-to-date: /ws/install/ros2_unitree_legged_msgs/share/ros2_unitree_legged_msgs/msg/MotorCmd.idl\n'}
[3.720075] (ros2_unitree_legged_msgs) StdoutLine: {'line': b'-- Up-to-date: /ws/install/ros2_unitree_legged_msgs/share/ros2_unitree_legged_msgs/msg/MotorState.idl\n'}
[3.720229] (ros2_unitree_legged_msgs) StdoutLine: {'line': b'-- Up-to-date: /ws/install/ros2_unitree_legged_msgs/share/ros2_unitree_legged_msgs/msg/BmsCmd.idl\n'}
[3.720401] (ros2_unitree_legged_msgs) StdoutLine: {'line': b'-- Up-to-date: /ws/install/ros2_unitree_legged_msgs/share/ros2_unitree_legged_msgs/msg/BmsState.idl\n'}
[3.720481] (ros2_unitree_legged_msgs) StdoutLine: {'line': b'-- Up-to-date: /ws/install/ros2_unitree_legged_msgs/share/ros2_unitree_legged_msgs/msg/Cartesian.idl\n'}
[3.720551] (ros2_unitree_legged_msgs) StdoutLine: {'line': b'-- Up-to-date: /ws/install/ros2_unitree_legged_msgs/share/ros2_unitree_legged_msgs/msg/IMU.idl\n'}
[3.720621] (ros2_unitree_legged_msgs) StdoutLine: {'line': b'-- Up-to-date: /ws/install/ros2_unitree_legged_msgs/share/ros2_unitree_legged_msgs/msg/LED.idl\n'}
[3.724483] (ros2_unitree_legged_msgs) StdoutLine: {'line': b'-- Up-to-date: /ws/install/ros2_unitree_legged_msgs/share/ros2_unitree_legged_msgs/msg/LowCmd.idl\n'}
[3.724877] (ros2_unitree_legged_msgs) StdoutLine: {'line': b'-- Up-to-date: /ws/install/ros2_unitree_legged_msgs/share/ros2_unitree_legged_msgs/msg/LowState.idl\n'}
[3.725135] (ros2_unitree_legged_msgs) StdoutLine: {'line': b'-- Up-to-date: /ws/install/ros2_unitree_legged_msgs/share/ros2_unitree_legged_msgs/msg/HighCmd.idl\n'}
[3.725265] (ros2_unitree_legged_msgs) StdoutLine: {'line': b'-- Up-to-date: /ws/install/ros2_unitree_legged_msgs/share/ros2_unitree_legged_msgs/msg/HighState.idl\n'}
[3.728869] (ros2_unitree_legged_msgs) StdoutLine: {'line': b'-- Up-to-date: /ws/install/ros2_unitree_legged_msgs/share/ros2_unitree_legged_msgs/msg/MotorCmd.msg\n'}
[3.729315] (ros2_unitree_legged_msgs) StdoutLine: {'line': b'-- Up-to-date: /ws/install/ros2_unitree_legged_msgs/share/ros2_unitree_legged_msgs/msg/MotorState.msg\n'}
[3.729492] (ros2_unitree_legged_msgs) StdoutLine: {'line': b'-- Up-to-date: /ws/install/ros2_unitree_legged_msgs/share/ros2_unitree_legged_msgs/msg/BmsCmd.msg\n'}
[3.731590] (ros2_unitree_legged_msgs) StdoutLine: {'line': b'-- Up-to-date: /ws/install/ros2_unitree_legged_msgs/share/ros2_unitree_legged_msgs/msg/BmsState.msg\n'}
[3.731984] (ros2_unitree_legged_msgs) StdoutLine: {'line': b'-- Up-to-date: /ws/install/ros2_unitree_legged_msgs/share/ros2_unitree_legged_msgs/msg/Cartesian.msg\n'}
[3.732103] (ros2_unitree_legged_msgs) StdoutLine: {'line': b'-- Up-to-date: /ws/install/ros2_unitree_legged_msgs/share/ros2_unitree_legged_msgs/msg/IMU.msg\n'}
[3.732181] (ros2_unitree_legged_msgs) StdoutLine: {'line': b'-- Up-to-date: /ws/install/ros2_unitree_legged_msgs/share/ros2_unitree_legged_msgs/msg/LED.msg\n'}
[3.732249] (ros2_unitree_legged_msgs) StdoutLine: {'line': b'-- Up-to-date: /ws/install/ros2_unitree_legged_msgs/share/ros2_unitree_legged_msgs/msg/LowCmd.msg\n'}
[3.735416] (ros2_unitree_legged_msgs) StdoutLine: {'line': b'-- Up-to-date: /ws/install/ros2_unitree_legged_msgs/share/ros2_unitree_legged_msgs/msg/LowState.msg\n'}
[3.735825] (ros2_unitree_legged_msgs) StdoutLine: {'line': b'-- Up-to-date: /ws/install/ros2_unitree_legged_msgs/share/ros2_unitree_legged_msgs/msg/HighCmd.msg\n'}
[3.735951] (ros2_unitree_legged_msgs) StdoutLine: {'line': b'-- Up-to-date: /ws/install/ros2_unitree_legged_msgs/share/ros2_unitree_legged_msgs/msg/HighState.msg\n'}
[3.736081] (ros2_unitree_legged_msgs) StdoutLine: {'line': b'-- Up-to-date: /ws/install/ros2_unitree_legged_msgs/share/ament_index/resource_index/package_run_dependencies/ros2_unitree_legged_msgs\n'}
[3.736242] (ros2_unitree_legged_msgs) StdoutLine: {'line': b'-- Up-to-date: /ws/install/ros2_unitree_legged_msgs/share/ament_index/resource_index/parent_prefix_path/ros2_unitree_legged_msgs\n'}
[3.739514] (ros2_unitree_legged_msgs) StdoutLine: {'line': b'-- Up-to-date: /ws/install/ros2_unitree_legged_msgs/share/ros2_unitree_legged_msgs/environment/ament_prefix_path.sh\n'}
[3.739797] (ros2_unitree_legged_msgs) StdoutLine: {'line': b'-- Up-to-date: /ws/install/ros2_unitree_legged_msgs/share/ros2_unitree_legged_msgs/environment/ament_prefix_path.dsv\n'}
[3.739887] (ros2_unitree_legged_msgs) StdoutLine: {'line': b'-- Up-to-date: /ws/install/ros2_unitree_legged_msgs/share/ros2_unitree_legged_msgs/environment/path.sh\n'}
[3.739985] (ros2_unitree_legged_msgs) StdoutLine: {'line': b'-- Up-to-date: /ws/install/ros2_unitree_legged_msgs/share/ros2_unitree_legged_msgs/environment/path.dsv\n'}
[3.740057] (ros2_unitree_legged_msgs) StdoutLine: {'line': b'-- Up-to-date: /ws/install/ros2_unitree_legged_msgs/share/ros2_unitree_legged_msgs/local_setup.bash\n'}
[3.740125] (ros2_unitree_legged_msgs) StdoutLine: {'line': b'-- Up-to-date: /ws/install/ros2_unitree_legged_msgs/share/ros2_unitree_legged_msgs/local_setup.sh\n'}
[3.740191] (ros2_unitree_legged_msgs) StdoutLine: {'line': b'-- Up-to-date: /ws/install/ros2_unitree_legged_msgs/share/ros2_unitree_legged_msgs/local_setup.zsh\n'}
[3.740257] (ros2_unitree_legged_msgs) StdoutLine: {'line': b'-- Up-to-date: /ws/install/ros2_unitree_legged_msgs/share/ros2_unitree_legged_msgs/local_setup.dsv\n'}
[3.740354] (ros2_unitree_legged_msgs) StdoutLine: {'line': b'-- Installing: /ws/install/ros2_unitree_legged_msgs/share/ros2_unitree_legged_msgs/package.dsv\n'}
[3.740436] (ros2_unitree_legged_msgs) StdoutLine: {'line': b'-- Up-to-date: /ws/install/ros2_unitree_legged_msgs/share/ament_index/resource_index/packages/ros2_unitree_legged_msgs\n'}
[3.740569] (ros2_unitree_legged_msgs) StdoutLine: {'line': b'-- Up-to-date: /ws/install/ros2_unitree_legged_msgs/share/ros2_unitree_legged_msgs/cmake/export_ros2_unitree_legged_msgs__rosidl_generator_cExport.cmake\n'}
[3.743925] (ros2_unitree_legged_msgs) StdoutLine: {'line': b'-- Up-to-date: /ws/install/ros2_unitree_legged_msgs/share/ros2_unitree_legged_msgs/cmake/export_ros2_unitree_legged_msgs__rosidl_generator_cExport-noconfig.cmake\n'}
[3.744255] (-) TimerEvent: {}
[3.744517] (ros2_unitree_legged_msgs) StdoutLine: {'line': b'-- Up-to-date: /ws/install/ros2_unitree_legged_msgs/share/ros2_unitree_legged_msgs/cmake/export_ros2_unitree_legged_msgs__rosidl_typesupport_fastrtps_cExport.cmake\n'}
[3.749599] (ros2_unitree_legged_msgs) StdoutLine: {'line': b'-- Up-to-date: /ws/install/ros2_unitree_legged_msgs/share/ros2_unitree_legged_msgs/cmake/export_ros2_unitree_legged_msgs__rosidl_typesupport_fastrtps_cExport-noconfig.cmake\n'}
[3.751015] (ros2_unitree_legged_msgs) StdoutLine: {'line': b'-- Up-to-date: /ws/install/ros2_unitree_legged_msgs/share/ros2_unitree_legged_msgs/cmake/ros2_unitree_legged_msgs__rosidl_typesupport_introspection_cExport.cmake\n'}
[3.751444] (ros2_unitree_legged_msgs) StdoutLine: {'line': b'-- Up-to-date: /ws/install/ros2_unitree_legged_msgs/share/ros2_unitree_legged_msgs/cmake/ros2_unitree_legged_msgs__rosidl_typesupport_introspection_cExport-noconfig.cmake\n'}
[3.751600] (ros2_unitree_legged_msgs) StdoutLine: {'line': b'-- Up-to-date: /ws/install/ros2_unitree_legged_msgs/share/ros2_unitree_legged_msgs/cmake/ros2_unitree_legged_msgs__rosidl_typesupport_cExport.cmake\n'}
[3.755128] (ros2_unitree_legged_msgs) StdoutLine: {'line': b'-- Up-to-date: /ws/install/ros2_unitree_legged_msgs/share/ros2_unitree_legged_msgs/cmake/ros2_unitree_legged_msgs__rosidl_typesupport_cExport-noconfig.cmake\n'}
[3.762402] (ros2_unitree_legged_msgs) StdoutLine: {'line': b'-- Up-to-date: /ws/install/ros2_unitree_legged_msgs/share/ros2_unitree_legged_msgs/cmake/export_ros2_unitree_legged_msgs__rosidl_generator_cppExport.cmake\n'}
[3.762740] (ros2_unitree_legged_msgs) StdoutLine: {'line': b'-- Up-to-date: /ws/install/ros2_unitree_legged_msgs/share/ros2_unitree_legged_msgs/cmake/export_ros2_unitree_legged_msgs__rosidl_typesupport_fastrtps_cppExport.cmake\n'}
[3.762869] (ros2_unitree_legged_msgs) StdoutLine: {'line': b'-- Up-to-date: /ws/install/ros2_unitree_legged_msgs/share/ros2_unitree_legged_msgs/cmake/export_ros2_unitree_legged_msgs__rosidl_typesupport_fastrtps_cppExport-noconfig.cmake\n'}
[3.762968] (ros2_unitree_legged_msgs) StdoutLine: {'line': b'-- Up-to-date: /ws/install/ros2_unitree_legged_msgs/share/ros2_unitree_legged_msgs/cmake/ros2_unitree_legged_msgs__rosidl_typesupport_introspection_cppExport.cmake\n'}
[3.763052] (ros2_unitree_legged_msgs) StdoutLine: {'line': b'-- Up-to-date: /ws/install/ros2_unitree_legged_msgs/share/ros2_unitree_legged_msgs/cmake/ros2_unitree_legged_msgs__rosidl_typesupport_introspection_cppExport-noconfig.cmake\n'}
[3.763193] (ros2_unitree_legged_msgs) StdoutLine: {'line': b'-- Up-to-date: /ws/install/ros2_unitree_legged_msgs/share/ros2_unitree_legged_msgs/cmake/ros2_unitree_legged_msgs__rosidl_typesupport_cppExport.cmake\n'}
[3.763286] (ros2_unitree_legged_msgs) StdoutLine: {'line': b'-- Up-to-date: /ws/install/ros2_unitree_legged_msgs/share/ros2_unitree_legged_msgs/cmake/ros2_unitree_legged_msgs__rosidl_typesupport_cppExport-noconfig.cmake\n'}
[3.763418] (ros2_unitree_legged_msgs) StdoutLine: {'line': b'-- Up-to-date: /ws/install/ros2_unitree_legged_msgs/share/ros2_unitree_legged_msgs/cmake/export_ros2_unitree_legged_msgs__rosidl_generator_pyExport.cmake\n'}
[3.763524] (ros2_unitree_legged_msgs) StdoutLine: {'line': b'-- Up-to-date: /ws/install/ros2_unitree_legged_msgs/share/ros2_unitree_legged_msgs/cmake/export_ros2_unitree_legged_msgs__rosidl_generator_pyExport-noconfig.cmake\n'}
[3.763602] (ros2_unitree_legged_msgs) StdoutLine: {'line': b'-- Up-to-date: /ws/install/ros2_unitree_legged_msgs/share/ros2_unitree_legged_msgs/cmake/rosidl_cmake-extras.cmake\n'}
[3.778690] (ros2_unitree_legged_msgs) StdoutLine: {'line': b'-- Up-to-date: /ws/install/ros2_unitree_legged_msgs/share/ros2_unitree_legged_msgs/cmake/ament_cmake_export_include_directories-extras.cmake\n'}
[3.779246] (ros2_unitree_legged_msgs) StdoutLine: {'line': b'-- Up-to-date: /ws/install/ros2_unitree_legged_msgs/share/ros2_unitree_legged_msgs/cmake/ament_cmake_export_libraries-extras.cmake\n'}
[3.779495] (ros2_unitree_legged_msgs) StdoutLine: {'line': b'-- Up-to-date: /ws/install/ros2_unitree_legged_msgs/share/ros2_unitree_legged_msgs/cmake/ament_cmake_export_targets-extras.cmake\n'}
[3.779641] (ros2_unitree_legged_msgs) StdoutLine: {'line': b'-- Up-to-date: /ws/install/ros2_unitree_legged_msgs/share/ros2_unitree_legged_msgs/cmake/rosidl_cmake_export_typesupport_targets-extras.cmake\n'}
[3.779739] (ros2_unitree_legged_msgs) StdoutLine: {'line': b'-- Up-to-date: /ws/install/ros2_unitree_legged_msgs/share/ros2_unitree_legged_msgs/cmake/ament_cmake_export_dependencies-extras.cmake\n'}
[3.779846] (ros2_unitree_legged_msgs) StdoutLine: {'line': b'-- Up-to-date: /ws/install/ros2_unitree_legged_msgs/share/ros2_unitree_legged_msgs/cmake/rosidl_cmake_export_typesupport_libraries-extras.cmake\n'}
[3.779940] (ros2_unitree_legged_msgs) StdoutLine: {'line': b'-- Up-to-date: /ws/install/ros2_unitree_legged_msgs/share/ros2_unitree_legged_msgs/cmake/ros2_unitree_legged_msgsConfig.cmake\n'}
[3.780029] (ros2_unitree_legged_msgs) StdoutLine: {'line': b'-- Up-to-date: /ws/install/ros2_unitree_legged_msgs/share/ros2_unitree_legged_msgs/cmake/ros2_unitree_legged_msgsConfig-version.cmake\n'}
[3.780118] (ros2_unitree_legged_msgs) StdoutLine: {'line': b'-- Up-to-date: /ws/install/ros2_unitree_legged_msgs/share/ros2_unitree_legged_msgs/package.xml\n'}
[3.821577] (ros2_unitree_legged_msgs) CommandEnded: {'returncode': 0}
[3.846661] (-) TimerEvent: {}
[3.918766] (unitree_api) StdoutLine: {'line': b"Listing '/ws/install/unitree_api/local/lib/python3.10/dist-packages/unitree_api'...\n"}
[3.919342] (unitree_api) StdoutLine: {'line': b"Listing '/ws/install/unitree_api/local/lib/python3.10/dist-packages/unitree_api/msg'...\n"}
[3.947852] (-) TimerEvent: {}
[4.009492] (unitree_api) StdoutLine: {'line': b'-- Up-to-date: /ws/install/unitree_api/local/lib/python3.10/dist-packages/unitree_api/unitree_api_s__rosidl_typesupport_fastrtps_c.cpython-310-aarch64-linux-gnu.so\n'}
[4.009870] (unitree_api) StdoutLine: {'line': b'-- Up-to-date: /ws/install/unitree_api/local/lib/python3.10/dist-packages/unitree_api/unitree_api_s__rosidl_typesupport_introspection_c.cpython-310-aarch64-linux-gnu.so\n'}
[4.009982] (unitree_api) StdoutLine: {'line': b'-- Up-to-date: /ws/install/unitree_api/local/lib/python3.10/dist-packages/unitree_api/unitree_api_s__rosidl_typesupport_c.cpython-310-aarch64-linux-gnu.so\n'}
[4.010068] (unitree_api) StdoutLine: {'line': b'-- Up-to-date: /ws/install/unitree_api/lib/libunitree_api__rosidl_generator_py.so\n'}
[4.018440] (unitree_api) StdoutLine: {'line': b'-- Up-to-date: /ws/install/unitree_api/share/unitree_api/msg/Request.idl\n'}
[4.018922] (unitree_api) StdoutLine: {'line': b'-- Up-to-date: /ws/install/unitree_api/share/unitree_api/msg/RequestHeader.idl\n'}
[4.019106] (unitree_api) StdoutLine: {'line': b'-- Up-to-date: /ws/install/unitree_api/share/unitree_api/msg/RequestIdentity.idl\n'}
[4.019241] (unitree_api) StdoutLine: {'line': b'-- Up-to-date: /ws/install/unitree_api/share/unitree_api/msg/RequestLease.idl\n'}
[4.019390] (unitree_api) StdoutLine: {'line': b'-- Up-to-date: /ws/install/unitree_api/share/unitree_api/msg/RequestPolicy.idl\n'}
[4.019484] (unitree_api) StdoutLine: {'line': b'-- Up-to-date: /ws/install/unitree_api/share/unitree_api/msg/Response.idl\n'}
[4.019566] (unitree_api) StdoutLine: {'line': b'-- Up-to-date: /ws/install/unitree_api/share/unitree_api/msg/ResponseHeader.idl\n'}
[4.019648] (unitree_api) StdoutLine: {'line': b'-- Up-to-date: /ws/install/unitree_api/share/unitree_api/msg/ResponseStatus.idl\n'}
[4.019724] (unitree_api) StdoutLine: {'line': b'-- Up-to-date: /ws/install/unitree_api/share/unitree_api/msg/Request.msg\n'}
[4.019797] (unitree_api) StdoutLine: {'line': b'-- Up-to-date: /ws/install/unitree_api/share/unitree_api/msg/RequestHeader.msg\n'}
[4.019875] (unitree_api) StdoutLine: {'line': b'-- Up-to-date: /ws/install/unitree_api/share/unitree_api/msg/RequestIdentity.msg\n'}
[4.019950] (unitree_api) StdoutLine: {'line': b'-- Up-to-date: /ws/install/unitree_api/share/unitree_api/msg/RequestLease.msg\n'}
[4.020023] (unitree_api) StdoutLine: {'line': b'-- Up-to-date: /ws/install/unitree_api/share/unitree_api/msg/RequestPolicy.msg\n'}
[4.020097] (unitree_api) StdoutLine: {'line': b'-- Up-to-date: /ws/install/unitree_api/share/unitree_api/msg/Response.msg\n'}
[4.020174] (unitree_api) StdoutLine: {'line': b'-- Up-to-date: /ws/install/unitree_api/share/unitree_api/msg/ResponseHeader.msg\n'}
[4.020256] (unitree_api) StdoutLine: {'line': b'-- Up-to-date: /ws/install/unitree_api/share/unitree_api/msg/ResponseStatus.msg\n'}
[4.020367] (unitree_api) StdoutLine: {'line': b'-- Up-to-date: /ws/install/unitree_api/share/unitree_api/msg/dds_connext\n'}
[4.020486] (unitree_api) StdoutLine: {'line': b'-- Up-to-date: /ws/install/unitree_api/share/unitree_api/msg/dds_connext/Request_.idl\n'}
[4.020586] (unitree_api) StdoutLine: {'line': b'-- Up-to-date: /ws/install/unitree_api/share/unitree_api/msg/dds_connext/RequestPolicy_.idl\n'}
[4.020670] (unitree_api) StdoutLine: {'line': b'-- Up-to-date: /ws/install/unitree_api/share/unitree_api/msg/dds_connext/RequestLease_.idl\n'}
[4.020752] (unitree_api) StdoutLine: {'line': b'-- Up-to-date: /ws/install/unitree_api/share/unitree_api/msg/dds_connext/RequestHeader_.idl\n'}
[4.020831] (unitree_api) StdoutLine: {'line': b'-- Up-to-date: /ws/install/unitree_api/share/unitree_api/msg/dds_connext/RequestIdentity_.idl\n'}
[4.020915] (unitree_api) StdoutLine: {'line': b'-- Up-to-date: /ws/install/unitree_api/share/unitree_api/msg/dds_connext/ResponseStatus_.idl\n'}
[4.020992] (unitree_api) StdoutLine: {'line': b'-- Up-to-date: /ws/install/unitree_api/share/unitree_api/msg/dds_connext/Response_.idl\n'}
[4.021069] (unitree_api) StdoutLine: {'line': b'-- Up-to-date: /ws/install/unitree_api/share/unitree_api/msg/dds_connext/ResponseHeader_.idl\n'}
[4.021146] (unitree_api) StdoutLine: {'line': b'-- Up-to-date: /ws/install/unitree_api/share/ament_index/resource_index/package_run_dependencies/unitree_api\n'}
[4.021234] (unitree_api) StdoutLine: {'line': b'-- Up-to-date: /ws/install/unitree_api/share/ament_index/resource_index/parent_prefix_path/unitree_api\n'}
[4.029737] (unitree_api) StdoutLine: {'line': b'-- Up-to-date: /ws/install/unitree_api/share/unitree_api/environment/ament_prefix_path.sh\n'}
[4.030046] (unitree_api) StdoutLine: {'line': b'-- Up-to-date: /ws/install/unitree_api/share/unitree_api/environment/ament_prefix_path.dsv\n'}
[4.030211] (unitree_api) StdoutLine: {'line': b'-- Up-to-date: /ws/install/unitree_api/share/unitree_api/environment/path.sh\n'}
[4.030392] (unitree_api) StdoutLine: {'line': b'-- Up-to-date: /ws/install/unitree_api/share/unitree_api/environment/path.dsv\n'}
[4.030496] (unitree_api) StdoutLine: {'line': b'-- Up-to-date: /ws/install/unitree_api/share/unitree_api/local_setup.bash\n'}
[4.030582] (unitree_api) StdoutLine: {'line': b'-- Up-to-date: /ws/install/unitree_api/share/unitree_api/local_setup.sh\n'}
[4.030666] (unitree_api) StdoutLine: {'line': b'-- Up-to-date: /ws/install/unitree_api/share/unitree_api/local_setup.zsh\n'}
[4.030743] (unitree_api) StdoutLine: {'line': b'-- Up-to-date: /ws/install/unitree_api/share/unitree_api/local_setup.dsv\n'}
[4.030814] (unitree_api) StdoutLine: {'line': b'-- Installing: /ws/install/unitree_api/share/unitree_api/package.dsv\n'}
[4.030905] (unitree_api) StdoutLine: {'line': b'-- Up-to-date: /ws/install/unitree_api/share/ament_index/resource_index/packages/unitree_api\n'}
[4.031009] (unitree_api) StdoutLine: {'line': b'-- Up-to-date: /ws/install/unitree_api/share/unitree_api/cmake/export_unitree_api__rosidl_generator_cExport.cmake\n'}
[4.031088] (unitree_api) StdoutLine: {'line': b'-- Up-to-date: /ws/install/unitree_api/share/unitree_api/cmake/export_unitree_api__rosidl_generator_cExport-noconfig.cmake\n'}
[4.031163] (unitree_api) StdoutLine: {'line': b'-- Up-to-date: /ws/install/unitree_api/share/unitree_api/cmake/export_unitree_api__rosidl_typesupport_fastrtps_cExport.cmake\n'}
[4.031267] (unitree_api) StdoutLine: {'line': b'-- Up-to-date: /ws/install/unitree_api/share/unitree_api/cmake/export_unitree_api__rosidl_typesupport_fastrtps_cExport-noconfig.cmake\n'}
[4.031379] (unitree_api) StdoutLine: {'line': b'-- Up-to-date: /ws/install/unitree_api/share/unitree_api/cmake/export_unitree_api__rosidl_generator_cppExport.cmake\n'}
[4.031454] (unitree_api) StdoutLine: {'line': b'-- Up-to-date: /ws/install/unitree_api/share/unitree_api/cmake/export_unitree_api__rosidl_typesupport_fastrtps_cppExport.cmake\n'}
[4.031538] (unitree_api) StdoutLine: {'line': b'-- Up-to-date: /ws/install/unitree_api/share/unitree_api/cmake/export_unitree_api__rosidl_typesupport_fastrtps_cppExport-noconfig.cmake\n'}
[4.036476] (unitree_api) StdoutLine: {'line': b'-- Up-to-date: /ws/install/unitree_api/share/unitree_api/cmake/unitree_api__rosidl_typesupport_introspection_cExport.cmake\n'}
[4.037766] (unitree_api) StdoutLine: {'line': b'-- Up-to-date: /ws/install/unitree_api/share/unitree_api/cmake/unitree_api__rosidl_typesupport_introspection_cExport-noconfig.cmake\n'}
[4.038004] (unitree_api) StdoutLine: {'line': b'-- Up-to-date: /ws/install/unitree_api/share/unitree_api/cmake/unitree_api__rosidl_typesupport_cExport.cmake\n'}
[4.038158] (unitree_api) StdoutLine: {'line': b'-- Up-to-date: /ws/install/unitree_api/share/unitree_api/cmake/unitree_api__rosidl_typesupport_cExport-noconfig.cmake\n'}
[4.038383] (unitree_api) StdoutLine: {'line': b'-- Up-to-date: /ws/install/unitree_api/share/unitree_api/cmake/unitree_api__rosidl_typesupport_introspection_cppExport.cmake\n'}
[4.038543] (unitree_api) StdoutLine: {'line': b'-- Up-to-date: /ws/install/unitree_api/share/unitree_api/cmake/unitree_api__rosidl_typesupport_introspection_cppExport-noconfig.cmake\n'}
[4.038643] (unitree_api) StdoutLine: {'line': b'-- Up-to-date: /ws/install/unitree_api/share/unitree_api/cmake/unitree_api__rosidl_typesupport_cppExport.cmake\n'}
[4.038738] (unitree_api) StdoutLine: {'line': b'-- Up-to-date: /ws/install/unitree_api/share/unitree_api/cmake/unitree_api__rosidl_typesupport_cppExport-noconfig.cmake\n'}
[4.038830] (unitree_api) StdoutLine: {'line': b'-- Up-to-date: /ws/install/unitree_api/share/unitree_api/cmake/export_unitree_api__rosidl_generator_pyExport.cmake\n'}
[4.049969] (unitree_api) StdoutLine: {'line': b'-- Up-to-date: /ws/install/unitree_api/share/unitree_api/cmake/export_unitree_api__rosidl_generator_pyExport-noconfig.cmake\n'}
[4.050283] (-) TimerEvent: {}
[4.050645] (unitree_api) StdoutLine: {'line': b'-- Up-to-date: /ws/install/unitree_api/share/unitree_api/cmake/rosidl_cmake-extras.cmake\n'}
[4.051049] (unitree_api) StdoutLine: {'line': b'-- Up-to-date: /ws/install/unitree_api/share/unitree_api/cmake/ament_cmake_export_dependencies-extras.cmake\n'}
[4.051362] (unitree_api) StdoutLine: {'line': b'-- Up-to-date: /ws/install/unitree_api/share/unitree_api/cmake/ament_cmake_export_include_directories-extras.cmake\n'}
[4.052154] (unitree_api) StdoutLine: {'line': b'-- Up-to-date: /ws/install/unitree_api/share/unitree_api/cmake/ament_cmake_export_libraries-extras.cmake\n'}
[4.054159] (unitree_api) StdoutLine: {'line': b'-- Up-to-date: /ws/install/unitree_api/share/unitree_api/cmake/ament_cmake_export_targets-extras.cmake\n'}
[4.057381] (unitree_api) StdoutLine: {'line': b'-- Up-to-date: /ws/install/unitree_api/share/unitree_api/cmake/rosidl_cmake_export_typesupport_targets-extras.cmake\n'}
[4.057731] (unitree_api) StdoutLine: {'line': b'-- Up-to-date: /ws/install/unitree_api/share/unitree_api/cmake/rosidl_cmake_export_typesupport_libraries-extras.cmake\n'}
[4.057854] (unitree_api) StdoutLine: {'line': b'-- Up-to-date: /ws/install/unitree_api/share/unitree_api/cmake/unitree_apiConfig.cmake\n'}
[4.057952] (unitree_api) StdoutLine: {'line': b'-- Up-to-date: /ws/install/unitree_api/share/unitree_api/cmake/unitree_apiConfig-version.cmake\n'}
[4.064994] (unitree_api) StdoutLine: {'line': b'-- Up-to-date: /ws/install/unitree_api/share/unitree_api/package.xml\n'}
[4.070999] (ros2_unitree_legged_msgs) JobEnded: {'identifier': 'ros2_unitree_legged_msgs', 'rc': 0}
[4.080073] (unitree_hg) JobStarted: {'identifier': 'unitree_hg'}
[4.082208] (cyclonedds) StdoutLine: {'line': b'[ 30%] \x1b[32mBuilding C object src/core/CMakeFiles/ddsc.dir/ddsi/src/ddsi_lifespan.c.o\x1b[0m\n'}
[4.126795] (unitree_api) CommandEnded: {'returncode': 0}
[4.163475] (-) TimerEvent: {}
[4.232474] (unitree_api) JobEnded: {'identifier': 'unitree_api', 'rc': 0}
[4.238914] (unitree_rl_controller) JobStarted: {'identifier': 'unitree_rl_controller'}
[4.263910] (-) TimerEvent: {}
[4.272775] (unitree_hg) JobProgress: {'identifier': 'unitree_hg', 'progress': 'cmake'}
[4.278376] (unitree_hg) JobProgress: {'identifier': 'unitree_hg', 'progress': 'build'}
[4.285447] (unitree_hg) Command: {'cmd': ['/usr/bin/cmake', '--build', '/ws/build/unitree_hg', '--', '-j4', '-l4'], 'cwd': '/ws/build/unitree_hg', 'env': OrderedDict([('HOSTNAME', 'pi'), ('SHLVL', '1'), ('LD_LIBRARY_PATH', '/ws/libtorch/lib:/opt/ros/humble/lib/aarch64-linux-gnu:/opt/ros/humble/lib'), ('HOME', '/root'), ('OLDPWD', '/ws/src'), ('ROS_PYTHON_VERSION', '3'), ('ROS_DISTRO', 'humble'), ('_', '/usr/bin/colcon'), ('ROS_VERSION', '2'), ('TERM', 'xterm'), ('ROS_LOCALHOST_ONLY', '0'), ('PATH', '/opt/ros/humble/bin:/usr/local/sbin:/usr/local/bin:/usr/sbin:/usr/bin:/sbin:/bin'), ('LANG', 'C.UTF-8'), ('LS_COLORS', 'rs=0:di=01;34:ln=01;36:mh=00:pi=40;33:so=01;35:do=01;35:bd=40;33;01:cd=40;33;01:or=40;31;01:mi=00:su=37;41:sg=30;43:ca=30;41:tw=30;42:ow=34;42:st=37;44:ex=01;32:*.tar=01;31:*.tgz=01;31:*.arc=01;31:*.arj=01;31:*.taz=01;31:*.lha=01;31:*.lz4=01;31:*.lzh=01;31:*.lzma=01;31:*.tlz=01;31:*.txz=01;31:*.tzo=01;31:*.t7z=01;31:*.zip=01;31:*.z=01;31:*.dz=01;31:*.gz=01;31:*.lrz=01;31:*.lz=01;31:*.lzo=01;31:*.xz=01;31:*.zst=01;31:*.tzst=01;31:*.bz2=01;31:*.bz=01;31:*.tbz=01;31:*.tbz2=01;31:*.tz=01;31:*.deb=01;31:*.rpm=01;31:*.jar=01;31:*.war=01;31:*.ear=01;31:*.sar=01;31:*.rar=01;31:*.alz=01;31:*.ace=01;31:*.zoo=01;31:*.cpio=01;31:*.7z=01;31:*.rz=01;31:*.cab=01;31:*.wim=01;31:*.swm=01;31:*.dwm=01;31:*.esd=01;31:*.jpg=01;35:*.jpeg=01;35:*.mjpg=01;35:*.mjpeg=01;35:*.gif=01;35:*.bmp=01;35:*.pbm=01;35:*.pgm=01;35:*.ppm=01;35:*.tga=01;35:*.xbm=01;35:*.xpm=01;35:*.tif=01;35:*.tiff=01;35:*.png=01;35:*.svg=01;35:*.svgz=01;35:*.mng=01;35:*.pcx=01;35:*.mov=01;35:*.mpg=01;35:*.mpeg=01;35:*.m2v=01;35:*.mkv=01;35:*.webm=01;35:*.webp=01;35:*.ogm=01;35:*.mp4=01;35:*.m4v=01;35:*.mp4v=01;35:*.vob=01;35:*.qt=01;35:*.nuv=01;35:*.wmv=01;35:*.asf=01;35:*.rm=01;35:*.rmvb=01;35:*.flc=01;35:*.avi=01;35:*.fli=01;35:*.flv=01;35:*.gl=01;35:*.dl=01;35:*.xcf=01;35:*.xwd=01;35:*.yuv=01;35:*.cgm=01;35:*.emf=01;35:*.ogv=01;35:*.ogx=01;35:*.aac=00;36:*.au=00;36:*.flac=00;36:*.m4a=00;36:*.mid=00;36:*.midi=00;36:*.mka=00;36:*.mp3=00;36:*.mpc=00;36:*.ogg=00;36:*.ra=00;36:*.wav=00;36:*.oga=00;36:*.opus=00;36:*.spx=00;36:*.xspf=00;36:'), ('AMENT_PREFIX_PATH', '/opt/ros/humble'), ('DEBIAN_FRONTEND', 'noninteractive'), ('Torch_DIR', '/ws/libtorch/share/cmake/Torch'), ('PWD', '/ws/build/unitree_hg'), ('LC_ALL', 'C.UTF-8'), ('PYTHONPATH', '/opt/ros/humble/lib/python3.10/site-packages:/opt/ros/humble/local/lib/python3.10/dist-packages'), ('COLCON', '1'), ('CMAKE_PREFIX_PATH', '/ws/libtorch::/opt/ros/humble')]), 'shell': False}
[4.316388] (unitree_rl_controller) JobProgress: {'identifier': 'unitree_rl_controller', 'progress': 'cmake'}
[4.318933] (unitree_rl_controller) Command: {'cmd': ['/usr/bin/cmake', '/ws/src/unitree_rl_controller-ros2', '-DCMAKE_INSTALL_PREFIX=/ws/install/unitree_rl_controller'], 'cwd': '/ws/build/unitree_rl_controller', 'env': OrderedDict([('HOSTNAME', 'pi'), ('SHLVL', '1'), ('LD_LIBRARY_PATH', '/ws/install/ros2_unitree_legged_msgs/lib:/ws/libtorch/lib:/opt/ros/humble/lib/aarch64-linux-gnu:/opt/ros/humble/lib'), ('HOME', '/root'), ('OLDPWD', '/ws/src'), ('ROS_PYTHON_VERSION', '3'), ('ROS_DISTRO', 'humble'), ('_', '/usr/bin/colcon'), ('ROS_VERSION', '2'), ('TERM', 'xterm'), ('ROS_LOCALHOST_ONLY', '0'), ('PATH', '/opt/ros/humble/bin:/usr/local/sbin:/usr/local/bin:/usr/sbin:/usr/bin:/sbin:/bin'), ('LANG', 'C.UTF-8'), ('LS_COLORS', 'rs=0:di=01;34:ln=01;36:mh=00:pi=40;33:so=01;35:do=01;35:bd=40;33;01:cd=40;33;01:or=40;31;01:mi=00:su=37;41:sg=30;43:ca=30;41:tw=30;42:ow=34;42:st=37;44:ex=01;32:*.tar=01;31:*.tgz=01;31:*.arc=01;31:*.arj=01;31:*.taz=01;31:*.lha=01;31:*.lz4=01;31:*.lzh=01;31:*.lzma=01;31:*.tlz=01;31:*.txz=01;31:*.tzo=01;31:*.t7z=01;31:*.zip=01;31:*.z=01;31:*.dz=01;31:*.gz=01;31:*.lrz=01;31:*.lz=01;31:*.lzo=01;31:*.xz=01;31:*.zst=01;31:*.tzst=01;31:*.bz2=01;31:*.bz=01;31:*.tbz=01;31:*.tbz2=01;31:*.tz=01;31:*.deb=01;31:*.rpm=01;31:*.jar=01;31:*.war=01;31:*.ear=01;31:*.sar=01;31:*.rar=01;31:*.alz=01;31:*.ace=01;31:*.zoo=01;31:*.cpio=01;31:*.7z=01;31:*.rz=01;31:*.cab=01;31:*.wim=01;31:*.swm=01;31:*.dwm=01;31:*.esd=01;31:*.jpg=01;35:*.jpeg=01;35:*.mjpg=01;35:*.mjpeg=01;35:*.gif=01;35:*.bmp=01;35:*.pbm=01;35:*.pgm=01;35:*.ppm=01;35:*.tga=01;35:*.xbm=01;35:*.xpm=01;35:*.tif=01;35:*.tiff=01;35:*.png=01;35:*.svg=01;35:*.svgz=01;35:*.mng=01;35:*.pcx=01;35:*.mov=01;35:*.mpg=01;35:*.mpeg=01;35:*.m2v=01;35:*.mkv=01;35:*.webm=01;35:*.webp=01;35:*.ogm=01;35:*.mp4=01;35:*.m4v=01;35:*.mp4v=01;35:*.vob=01;35:*.qt=01;35:*.nuv=01;35:*.wmv=01;35:*.asf=01;35:*.rm=01;35:*.rmvb=01;35:*.flc=01;35:*.avi=01;35:*.fli=01;35:*.flv=01;35:*.gl=01;35:*.dl=01;35:*.xcf=01;35:*.xwd=01;35:*.yuv=01;35:*.cgm=01;35:*.emf=01;35:*.ogv=01;35:*.ogx=01;35:*.aac=00;36:*.au=00;36:*.flac=00;36:*.m4a=00;36:*.mid=00;36:*.midi=00;36:*.mka=00;36:*.mp3=00;36:*.mpc=00;36:*.ogg=00;36:*.ra=00;36:*.wav=00;36:*.oga=00;36:*.opus=00;36:*.spx=00;36:*.xspf=00;36:'), ('AMENT_PREFIX_PATH', '/ws/install/ros2_unitree_legged_msgs:/opt/ros/humble'), ('DEBIAN_FRONTEND', 'noninteractive'), ('Torch_DIR', '/ws/libtorch/share/cmake/Torch'), ('PWD', '/ws/build/unitree_rl_controller'), ('LC_ALL', 'C.UTF-8'), ('PYTHONPATH', '/ws/install/ros2_unitree_legged_msgs/local/lib/python3.10/dist-packages:/opt/ros/humble/lib/python3.10/site-packages:/opt/ros/humble/local/lib/python3.10/dist-packages'), ('COLCON', '1'), ('CMAKE_PREFIX_PATH', '/ws/install/ros2_unitree_legged_msgs:/ws/libtorch:/opt/ros/humble')]), 'shell': False}
[4.366486] (-) TimerEvent: {}
[4.422004] (unitree_rl_controller) StdoutLine: {'line': b'-- Found ament_cmake: 1.3.12 (/opt/ros/humble/share/ament_cmake/cmake)\n'}
[4.448705] (cyclonedds) StdoutLine: {'line': b'[ 31%] \x1b[32mBuilding C object src/core/CMakeFiles/ddsc.dir/ddsi/src/ddsi_xt_typeinfo.c.o\x1b[0m\n'}
[4.471411] (-) TimerEvent: {}
[4.474595] (cyclonedds) StdoutLine: {'line': b'[ 31%] \x1b[32mBuilding C object src/core/CMakeFiles/ddsc.dir/ddsi/src/ddsi_xt_typelookup.c.o\x1b[0m\n'}
[4.551476] (unitree_hg) StdoutLine: {'line': b'[  1%] \x1b[34m\x1b[1mGenerating C code for ROS interfaces\x1b[0m\n'}
[4.573438] (-) TimerEvent: {}
[4.635061] (unitree_hg) StdoutLine: {'line': b'[  1%] Built target unitree_hg__cpp\n'}
[4.636280] (unitree_go) StdoutLine: {'line': b'[ 28%] \x1b[32mBuilding CXX object CMakeFiles/unitree_go__rosidl_typesupport_fastrtps_c.dir/rosidl_typesupport_fastrtps_c/unitree_go/msg/detail/sport_mode_cmd__type_support_c.cpp.o\x1b[0m\n'}
[4.648450] (unitree_hg) StdoutLine: {'line': b'[  2%] Built target unitree_hg__dds_connext_idl\n'}
[4.677456] (-) TimerEvent: {}
[4.723978] (cyclonedds) StdoutLine: {'line': b'[ 32%] \x1b[32mBuilding C object src/core/CMakeFiles/ddsc.dir/ddsi/src/ddsi_xt_typemap.c.o\x1b[0m\n'}
[4.725217] (cyclonedds) StdoutLine: {'line': b'[ 32%] \x1b[32mBuilding C object src/core/CMakeFiles/ddsc.dir/ddsi/src/ddsi_typelookup.c.o\x1b[0m\n'}
[4.755555] (unitree_hg) StdoutLine: {'line': b'[  2%] Built target ament_cmake_python_copy_unitree_hg\n'}
[4.765401] (unitree_hg) StdoutLine: {'line': b'[  3%] \x1b[34m\x1b[1mGenerating C++ type support for eProsima Fast-RTPS\x1b[0m\n'}
[4.773850] (unitree_hg) StdoutLine: {'line': b'\x1b[35m\x1b[1mConsolidate compiler generated dependencies of target unitree_hg__rosidl_typesupport_introspection_cpp\x1b[0m\n'}
[4.779473] (-) TimerEvent: {}
[4.878457] (cyclonedds) StdoutLine: {'line': b'[ 32%] \x1b[32mBuilding C object src/core/CMakeFiles/ddsc.dir/ddsi/src/ddsi_typewrap.c.o\x1b[0m\n'}
[4.879566] (-) TimerEvent: {}
[4.983417] (-) TimerEvent: {}
[5.016854] (unitree_hg) StdoutLine: {'line': b'[  4%] \x1b[32mBuilding CXX object CMakeFiles/unitree_hg__rosidl_typesupport_cpp.dir/rosidl_typesupport_cpp/unitree_hg/msg/bms_cmd__type_support.cpp.o\x1b[0m\n'}
[5.024563] (cyclonedds) StdoutLine: {'line': b'[ 33%] \x1b[32mBuilding C object src/core/CMakeFiles/ddsc.dir/ddsi/src/ddsi_typebuilder.c.o\x1b[0m\n'}
[5.033477] (unitree_hg) StdoutLine: {'line': b'[ 16%] Built target unitree_hg__rosidl_typesupport_introspection_cpp\n'}
[5.083553] (-) TimerEvent: {}
[5.109165] (unitree_hg) StdoutLine: {'line': b'[ 17%] \x1b[32mBuilding CXX object CMakeFiles/unitree_hg__rosidl_typesupport_cpp.dir/rosidl_typesupport_cpp/unitree_hg/msg/bms_state__type_support.cpp.o\x1b[0m\n'}
[5.183688] (-) TimerEvent: {}
[5.260194] (unitree_rl_controller) StdoutLine: {'line': b'-- Found rclcpp: 16.0.17 (/opt/ros/humble/share/rclcpp/cmake)\n'}
[5.283843] (-) TimerEvent: {}
[5.323546] (unitree_rl_controller) StdoutLine: {'line': b'-- Found rosidl_generator_c: 3.1.8 (/opt/ros/humble/share/rosidl_generator_c/cmake)\n'}
[5.329416] (unitree_rl_controller) StdoutLine: {'line': b'-- Found rosidl_adapter: 3.1.8 (/opt/ros/humble/share/rosidl_adapter/cmake)\n'}
[5.337406] (unitree_rl_controller) StdoutLine: {'line': b'-- Found rosidl_generator_cpp: 3.1.8 (/opt/ros/humble/share/rosidl_generator_cpp/cmake)\n'}
[5.356517] (unitree_rl_controller) StdoutLine: {'line': b'-- Using all available rosidl_typesupport_c: rosidl_typesupport_fastrtps_c;rosidl_typesupport_introspection_c\n'}
[5.377666] (unitree_rl_controller) StdoutLine: {'line': b'-- Using all available rosidl_typesupport_cpp: rosidl_typesupport_fastrtps_cpp;rosidl_typesupport_introspection_cpp\n'}
[5.384007] (-) TimerEvent: {}
[5.461453] (unitree_rl_controller) StdoutLine: {'line': b'-- Found rmw_implementation_cmake: 6.1.2 (/opt/ros/humble/share/rmw_implementation_cmake/cmake)\n'}
[5.465434] (unitree_rl_controller) StdoutLine: {'line': b'-- Found rmw_fastrtps_cpp: 6.2.9 (/opt/ros/humble/share/rmw_fastrtps_cpp/cmake)\n'}
[5.484158] (-) TimerEvent: {}
[5.588411] (-) TimerEvent: {}
[5.691480] (-) TimerEvent: {}
[5.795430] (-) TimerEvent: {}
[5.896207] (-) TimerEvent: {}
[6.005433] (-) TimerEvent: {}
[6.034582] (cyclonedds) StdoutLine: {'line': b'[ 33%] \x1b[32mBuilding C object src/core/CMakeFiles/ddsc.dir/ddsi/src/ddsi_security_msg.c.o\x1b[0m\n'}
[6.108435] (-) TimerEvent: {}
[6.129501] (unitree_rl_controller) StdoutLine: {'line': b"-- Using RMW implementation 'rmw_fastrtps_cpp' as default\n"}
[6.212416] (-) TimerEvent: {}
[6.313487] (-) TimerEvent: {}
[6.420442] (-) TimerEvent: {}
[6.521522] (-) TimerEvent: {}
[6.617641] (unitree_rl_controller) StdoutLine: {'line': b'-- Found ros2_unitree_legged_msgs: 0.4.0 (/ws/install/ros2_unitree_legged_msgs/share/ros2_unitree_legged_msgs/cmake)\n'}
[6.622567] (-) TimerEvent: {}
[6.675431] (cyclonedds) StdoutLine: {'line': b'[ 33%] \x1b[32mBuilding C object src/core/CMakeFiles/ddsc.dir/ddsi/src/ddsi_security_exchange.c.o\x1b[0m\n'}
[6.676713] (unitree_rl_controller) StdoutLine: {'line': b'-- Found geometry_msgs: 4.9.0 (/opt/ros/humble/share/geometry_msgs/cmake)\n'}
[6.725390] (-) TimerEvent: {}
[6.786614] (unitree_rl_controller) StdoutLine: {'line': b'-- Found nav_msgs: 4.9.0 (/opt/ros/humble/share/nav_msgs/cmake)\n'}
[6.827419] (-) TimerEvent: {}
[6.930471] (-) TimerEvent: {}
[7.034446] (-) TimerEvent: {}
[7.079411] (unitree_hg) StdoutLine: {'line': b'[ 17%] \x1b[32mBuilding CXX object CMakeFiles/unitree_hg__rosidl_typesupport_cpp.dir/rosidl_typesupport_cpp/unitree_hg/msg/hand_cmd__type_support.cpp.o\x1b[0m\n'}
[7.093100] (unitree_rl_controller) StdoutLine: {'line': b'-- Found Torch: /ws/libtorch/lib/libtorch.so  \n'}
[7.134598] (-) TimerEvent: {}
[7.140977] (cyclonedds) StdoutLine: {'line': b'[ 34%] \x1b[32mBuilding C object src/core/CMakeFiles/ddsc.dir/ddsi/src/ddsi_shm_transport.c.o\x1b[0m\n'}
[7.234763] (-) TimerEvent: {}
[7.337954] (-) TimerEvent: {}
[7.350509] (unitree_go) StdoutLine: {'line': b'[ 28%] \x1b[32mBuilding CXX object CMakeFiles/unitree_go__rosidl_typesupport_fastrtps_c.dir/rosidl_typesupport_fastrtps_c/unitree_go/msg/detail/sport_mode_state__type_support_c.cpp.o\x1b[0m\n'}
[7.438167] (-) TimerEvent: {}
[7.539722] (-) TimerEvent: {}
[7.604453] (cyclonedds) StdoutLine: {'line': b'[ 34%] \x1b[32mBuilding C object src/core/CMakeFiles/ddsc.dir/ddsi/defconfig.c.o\x1b[0m\n'}
[7.642530] (-) TimerEvent: {}
[7.744728] (-) TimerEvent: {}
[7.809430] (cyclonedds) StdoutLine: {'line': b'[ 34%] \x1b[32mBuilding C object src/core/CMakeFiles/ddsc.dir/ddsc/src/dds_alloc.c.o\x1b[0m\n'}
[7.852472] (-) TimerEvent: {}
[7.891749] (cyclonedds) StdoutLine: {'line': b'[ 35%] \x1b[32mBuilding C object src/core/CMakeFiles/ddsc.dir/ddsc/src/dds_builtin.c.o\x1b[0m\n'}
[7.922623] (unitree_rl_controller) StdoutLine: {'line': b'-- Configuring done\n'}
[7.952641] (-) TimerEvent: {}
[8.008509] (unitree_rl_controller) StdoutLine: {'line': b'-- Generating done\n'}
[8.044454] (unitree_rl_controller) StdoutLine: {'line': b'-- Build files have been written to: /ws/build/unitree_rl_controller\n'}
[8.052771] (-) TimerEvent: {}
[8.132167] (unitree_rl_controller) CommandEnded: {'returncode': 0}
[8.132965] (unitree_rl_controller) JobProgress: {'identifier': 'unitree_rl_controller', 'progress': 'build'}
[8.133030] (unitree_rl_controller) Command: {'cmd': ['/usr/bin/cmake', '--build', '/ws/build/unitree_rl_controller', '--', '-j4', '-l4'], 'cwd': '/ws/build/unitree_rl_controller', 'env': OrderedDict([('HOSTNAME', 'pi'), ('SHLVL', '1'), ('LD_LIBRARY_PATH', '/ws/install/ros2_unitree_legged_msgs/lib:/ws/libtorch/lib:/opt/ros/humble/lib/aarch64-linux-gnu:/opt/ros/humble/lib'), ('HOME', '/root'), ('OLDPWD', '/ws/src'), ('ROS_PYTHON_VERSION', '3'), ('ROS_DISTRO', 'humble'), ('_', '/usr/bin/colcon'), ('ROS_VERSION', '2'), ('TERM', 'xterm'), ('ROS_LOCALHOST_ONLY', '0'), ('PATH', '/opt/ros/humble/bin:/usr/local/sbin:/usr/local/bin:/usr/sbin:/usr/bin:/sbin:/bin'), ('LANG', 'C.UTF-8'), ('LS_COLORS', 'rs=0:di=01;34:ln=01;36:mh=00:pi=40;33:so=01;35:do=01;35:bd=40;33;01:cd=40;33;01:or=40;31;01:mi=00:su=37;41:sg=30;43:ca=30;41:tw=30;42:ow=34;42:st=37;44:ex=01;32:*.tar=01;31:*.tgz=01;31:*.arc=01;31:*.arj=01;31:*.taz=01;31:*.lha=01;31:*.lz4=01;31:*.lzh=01;31:*.lzma=01;31:*.tlz=01;31:*.txz=01;31:*.tzo=01;31:*.t7z=01;31:*.zip=01;31:*.z=01;31:*.dz=01;31:*.gz=01;31:*.lrz=01;31:*.lz=01;31:*.lzo=01;31:*.xz=01;31:*.zst=01;31:*.tzst=01;31:*.bz2=01;31:*.bz=01;31:*.tbz=01;31:*.tbz2=01;31:*.tz=01;31:*.deb=01;31:*.rpm=01;31:*.jar=01;31:*.war=01;31:*.ear=01;31:*.sar=01;31:*.rar=01;31:*.alz=01;31:*.ace=01;31:*.zoo=01;31:*.cpio=01;31:*.7z=01;31:*.rz=01;31:*.cab=01;31:*.wim=01;31:*.swm=01;31:*.dwm=01;31:*.esd=01;31:*.jpg=01;35:*.jpeg=01;35:*.mjpg=01;35:*.mjpeg=01;35:*.gif=01;35:*.bmp=01;35:*.pbm=01;35:*.pgm=01;35:*.ppm=01;35:*.tga=01;35:*.xbm=01;35:*.xpm=01;35:*.tif=01;35:*.tiff=01;35:*.png=01;35:*.svg=01;35:*.svgz=01;35:*.mng=01;35:*.pcx=01;35:*.mov=01;35:*.mpg=01;35:*.mpeg=01;35:*.m2v=01;35:*.mkv=01;35:*.webm=01;35:*.webp=01;35:*.ogm=01;35:*.mp4=01;35:*.m4v=01;35:*.mp4v=01;35:*.vob=01;35:*.qt=01;35:*.nuv=01;35:*.wmv=01;35:*.asf=01;35:*.rm=01;35:*.rmvb=01;35:*.flc=01;35:*.avi=01;35:*.fli=01;35:*.flv=01;35:*.gl=01;35:*.dl=01;35:*.xcf=01;35:*.xwd=01;35:*.yuv=01;35:*.cgm=01;35:*.emf=01;35:*.ogv=01;35:*.ogx=01;35:*.aac=00;36:*.au=00;36:*.flac=00;36:*.m4a=00;36:*.mid=00;36:*.midi=00;36:*.mka=00;36:*.mp3=00;36:*.mpc=00;36:*.ogg=00;36:*.ra=00;36:*.wav=00;36:*.oga=00;36:*.opus=00;36:*.spx=00;36:*.xspf=00;36:'), ('AMENT_PREFIX_PATH', '/ws/install/ros2_unitree_legged_msgs:/opt/ros/humble'), ('DEBIAN_FRONTEND', 'noninteractive'), ('Torch_DIR', '/ws/libtorch/share/cmake/Torch'), ('PWD', '/ws/build/unitree_rl_controller'), ('LC_ALL', 'C.UTF-8'), ('PYTHONPATH', '/ws/install/ros2_unitree_legged_msgs/local/lib/python3.10/dist-packages:/opt/ros/humble/lib/python3.10/site-packages:/opt/ros/humble/local/lib/python3.10/dist-packages'), ('COLCON', '1'), ('CMAKE_PREFIX_PATH', '/ws/install/ros2_unitree_legged_msgs:/ws/libtorch:/opt/ros/humble')]), 'shell': False}
[8.155712] (-) TimerEvent: {}
[8.250406] (unitree_hg) StdoutLine: {'line': b'[ 18%] \x1b[32mBuilding CXX object CMakeFiles/unitree_hg__rosidl_typesupport_cpp.dir/rosidl_typesupport_cpp/unitree_hg/msg/hand_state__type_support.cpp.o\x1b[0m\n'}
[8.255853] (-) TimerEvent: {}
[8.363558] (-) TimerEvent: {}
[8.466394] (-) TimerEvent: {}
[8.525962] (cyclonedds) StdoutLine: {'line': b'[ 35%] \x1b[32mBuilding C object src/core/CMakeFiles/ddsc.dir/ddsc/src/dds_coherent.c.o\x1b[0m\n'}
[8.563414] (unitree_rl_controller) StdoutLine: {'line': b'[ 33%] \x1b[32mBuilding CXX object CMakeFiles/unitree_rl_controller.dir/src/observation_buffer.cpp.o\x1b[0m\n'}
[8.566547] (-) TimerEvent: {}
[8.609074] (unitree_rl_controller) StdoutLine: {'line': b'[ 66%] \x1b[32mBuilding CXX object CMakeFiles/unitree_rl_controller.dir/src/rl_agent.cpp.o\x1b[0m\n'}
[8.669435] (-) TimerEvent: {}
[8.770193] (-) TimerEvent: {}
[8.870845] (-) TimerEvent: {}
[8.973514] (-) TimerEvent: {}
[9.061452] (cyclonedds) StdoutLine: {'line': b'[ 36%] \x1b[32mBuilding C object src/core/CMakeFiles/ddsc.dir/ddsc/src/dds_participant.c.o\x1b[0m\n'}
[9.073650] (-) TimerEvent: {}
[9.176384] (-) TimerEvent: {}
[9.283396] (-) TimerEvent: {}
[9.384673] (-) TimerEvent: {}
[9.457542] (cyclonedds) StdoutLine: {'line': b'[ 36%] \x1b[32mBuilding C object src/core/CMakeFiles/ddsc.dir/ddsc/src/dds_reader.c.o\x1b[0m\n'}
[9.484803] (-) TimerEvent: {}
[9.585495] (-) TimerEvent: {}
[9.690963] (-) TimerEvent: {}
[9.691840] (unitree_go) StdoutLine: {'line': b'[ 29%] \x1b[32mBuilding CXX object CMakeFiles/unitree_go__rosidl_typesupport_fastrtps_c.dir/rosidl_typesupport_fastrtps_c/unitree_go/msg/detail/time_spec__type_support_c.cpp.o\x1b[0m\n'}
[9.787805] (unitree_hg) StdoutLine: {'line': b'[ 19%] \x1b[32mBuilding CXX object CMakeFiles/unitree_hg__rosidl_typesupport_cpp.dir/rosidl_typesupport_cpp/unitree_hg/msg/imu_state__type_support.cpp.o\x1b[0m\n'}
[9.797418] (-) TimerEvent: {}
[9.898191] (-) TimerEvent: {}
[10.002420] (-) TimerEvent: {}
[10.103700] (-) TimerEvent: {}
[10.204410] (-) TimerEvent: {}
[10.315490] (unitree_hg) StdoutLine: {'line': b'[ 20%] \x1b[32mBuilding CXX object CMakeFiles/unitree_hg__rosidl_typesupport_cpp.dir/rosidl_typesupport_cpp/unitree_hg/msg/low_cmd__type_support.cpp.o\x1b[0m\n'}
[10.315839] (-) TimerEvent: {}
[10.422484] (-) TimerEvent: {}
[10.485501] (cyclonedds) StdoutLine: {'line': b'[ 36%] \x1b[32mBuilding C object src/core/CMakeFiles/ddsc.dir/ddsc/src/dds_writer.c.o\x1b[0m\n'}
[10.500411] (cyclonedds) StdoutLine: {'line': b'[ 37%] \x1b[32mBuilding C object src/core/CMakeFiles/ddsc.dir/ddsc/src/dds_init.c.o\x1b[0m\n'}
[10.524695] (-) TimerEvent: {}
[10.628480] (-) TimerEvent: {}
[10.734454] (-) TimerEvent: {}
[10.835180] (-) TimerEvent: {}
[10.942486] (-) TimerEvent: {}
[11.046449] (-) TimerEvent: {}
[11.152126] (-) TimerEvent: {}
[11.261422] (-) TimerEvent: {}
[11.371469] (-) TimerEvent: {}
[11.472346] (-) TimerEvent: {}
[11.476722] (cyclonedds) StdoutLine: {'line': b'[ 37%] \x1b[32mBuilding C object src/core/CMakeFiles/ddsc.dir/ddsc/src/dds_publisher.c.o\x1b[0m\n'}
[11.579455] (-) TimerEvent: {}
[11.684444] (-) TimerEvent: {}
[11.792447] (-) TimerEvent: {}
[11.893133] (-) TimerEvent: {}
[11.993806] (-) TimerEvent: {}
[12.097453] (-) TimerEvent: {}
[12.205453] (-) TimerEvent: {}
[12.306408] (-) TimerEvent: {}
[12.407092] (-) TimerEvent: {}
[12.483477] (cyclonedds) StdoutLine: {'line': b'[ 37%] \x1b[32mBuilding C object src/core/CMakeFiles/ddsc.dir/ddsc/src/dds_rhc.c.o\x1b[0m\n'}
[12.510477] (-) TimerEvent: {}
[12.563213] (unitree_hg) StdoutLine: {'line': b'[ 21%] \x1b[32mBuilding CXX object CMakeFiles/unitree_hg__rosidl_typesupport_fastrtps_cpp.dir/rosidl_typesupport_fastrtps_cpp/unitree_hg/msg/detail/dds_fastrtps/bms_cmd__type_support.cpp.o\x1b[0m\n'}
[12.613485] (-) TimerEvent: {}
[12.717460] (-) TimerEvent: {}
[12.820577] (-) TimerEvent: {}
[12.855923] (unitree_hg) StdoutLine: {'line': b'[ 22%] \x1b[32mBuilding CXX object CMakeFiles/unitree_hg__rosidl_typesupport_cpp.dir/rosidl_typesupport_cpp/unitree_hg/msg/low_state__type_support.cpp.o\x1b[0m\n'}
[12.924444] (-) TimerEvent: {}
[12.968494] (unitree_go) StdoutLine: {'line': b'[ 29%] \x1b[32mBuilding CXX object CMakeFiles/unitree_go__rosidl_typesupport_fastrtps_c.dir/rosidl_typesupport_fastrtps_c/unitree_go/msg/detail/uwb_state__type_support_c.cpp.o\x1b[0m\n'}
[13.011530] (cyclonedds) StdoutLine: {'line': b'[ 38%] \x1b[32mBuilding C object src/core/CMakeFiles/ddsc.dir/ddsc/src/dds_rhc_default.c.o\x1b[0m\n'}
[13.025461] (-) TimerEvent: {}
[13.131440] (-) TimerEvent: {}
[13.216446] (cyclonedds) StdoutLine: {'line': b'[ 38%] \x1b[32mBuilding C object src/core/CMakeFiles/ddsc.dir/ddsc/src/dds_domain.c.o\x1b[0m\n'}
[13.233445] (-) TimerEvent: {}
[13.334593] (-) TimerEvent: {}
[13.403445] (unitree_hg) StdoutLine: {'line': b'[ 23%] \x1b[32mBuilding CXX object CMakeFiles/unitree_hg__rosidl_typesupport_cpp.dir/rosidl_typesupport_cpp/unitree_hg/msg/main_board_state__type_support.cpp.o\x1b[0m\n'}
[13.437451] (-) TimerEvent: {}
[13.452631] (cyclonedds) StdoutLine: {'line': b'[ 39%] \x1b[32mBuilding C object src/core/CMakeFiles/ddsc.dir/ddsc/src/dds_instance.c.o\x1b[0m\n'}
[13.540458] (-) TimerEvent: {}
[13.642524] (-) TimerEvent: {}
[13.743163] (-) TimerEvent: {}
[13.846533] (-) TimerEvent: {}
[13.951453] (-) TimerEvent: {}
[14.052371] (-) TimerEvent: {}
[14.156473] (-) TimerEvent: {}
[14.257414] (-) TimerEvent: {}
[14.360489] (-) TimerEvent: {}
[14.464824] (-) TimerEvent: {}
[14.572497] (-) TimerEvent: {}
[14.676504] (-) TimerEvent: {}
[14.779450] (-) TimerEvent: {}
[14.882486] (-) TimerEvent: {}
[14.983164] (-) TimerEvent: {}
[15.079074] (cyclonedds) StdoutLine: {'line': b'[ 39%] \x1b[32mBuilding C object src/core/CMakeFiles/ddsc.dir/ddsc/src/dds_qos.c.o\x1b[0m\n'}
[15.081503] (unitree_go) StdoutLine: {'line': b'[ 29%] \x1b[32mBuilding CXX object CMakeFiles/unitree_go__rosidl_typesupport_introspection_cpp.dir/rosidl_typesupport_introspection_cpp/unitree_go/msg/detail/audio_data__type_support.cpp.o\x1b[0m\n'}
[15.084454] (-) TimerEvent: {}
[15.138529] (cyclonedds) StdoutLine: {'line': b'[ 39%] \x1b[32mBuilding C object src/core/CMakeFiles/ddsc.dir/ddsc/src/dds_handles.c.o\x1b[0m\n'}
[15.188512] (-) TimerEvent: {}
[15.294466] (-) TimerEvent: {}
[15.322592] (unitree_go) StdoutLine: {'line': b'[ 29%] \x1b[32mBuilding CXX object CMakeFiles/unitree_go__rosidl_typesupport_fastrtps_cpp.dir/rosidl_typesupport_fastrtps_cpp/unitree_go/msg/detail/dds_fastrtps/audio_data__type_support.cpp.o\x1b[0m\n'}
[15.398477] (-) TimerEvent: {}
[15.444448] (cyclonedds) StdoutLine: {'line': b'[ 40%] \x1b[32mBuilding C object src/core/CMakeFiles/ddsc.dir/ddsc/src/dds_entity.c.o\x1b[0m\n'}
[15.504478] (-) TimerEvent: {}
[15.607480] (-) TimerEvent: {}
[15.713465] (-) TimerEvent: {}
[15.815026] (-) TimerEvent: {}
[15.831436] (unitree_hg) StdoutLine: {'line': b'[ 24%] \x1b[32mBuilding CXX object CMakeFiles/unitree_hg__rosidl_typesupport_cpp.dir/rosidl_typesupport_cpp/unitree_hg/msg/motor_cmd__type_support.cpp.o\x1b[0m\n'}
[15.866463] (unitree_go) StdoutLine: {'line': b'[ 30%] \x1b[32mBuilding CXX object CMakeFiles/unitree_go__rosidl_typesupport_fastrtps_c.dir/rosidl_typesupport_fastrtps_c/unitree_go/msg/detail/uwb_switch__type_support_c.cpp.o\x1b[0m\n'}
[15.918451] (-) TimerEvent: {}
[16.019619] (-) TimerEvent: {}
[16.030556] (unitree_go) StdoutLine: {'line': b'[ 30%] \x1b[32mBuilding C object CMakeFiles/unitree_go__rosidl_typesupport_introspection_c.dir/rosidl_typesupport_introspection_c/unitree_go/msg/detail/audio_data__type_support.c.o\x1b[0m\n'}
[16.124446] (-) TimerEvent: {}
[16.227484] (-) TimerEvent: {}
[16.328391] (-) TimerEvent: {}
[16.432448] (-) TimerEvent: {}
[16.489599] (unitree_go) StdoutLine: {'line': b'[ 31%] \x1b[32mBuilding C object CMakeFiles/unitree_go__rosidl_typesupport_introspection_c.dir/rosidl_typesupport_introspection_c/unitree_go/msg/detail/bms_cmd__type_support.c.o\x1b[0m\n'}
[16.534579] (-) TimerEvent: {}
[16.636474] (-) TimerEvent: {}
[16.750439] (-) TimerEvent: {}
[16.825604] (cyclonedds) StdoutLine: {'line': b'[ 40%] \x1b[32mBuilding C object src/core/CMakeFiles/ddsc.dir/ddsc/src/dds_matched.c.o\x1b[0m\n'}
[16.858492] (-) TimerEvent: {}
[16.885582] (unitree_go) StdoutLine: {'line': b'[ 31%] \x1b[32mBuilding C object CMakeFiles/unitree_go__rosidl_typesupport_introspection_c.dir/rosidl_typesupport_introspection_c/unitree_go/msg/detail/bms_state__type_support.c.o\x1b[0m\n'}
[16.961466] (-) TimerEvent: {}
[17.009542] (unitree_hg) StdoutLine: {'line': b'[ 25%] \x1b[32mBuilding C object CMakeFiles/unitree_hg__rosidl_generator_c.dir/rosidl_generator_c/unitree_hg/msg/detail/bms_cmd__functions.c.o\x1b[0m\n'}
[17.061598] (-) TimerEvent: {}
[17.162550] (-) TimerEvent: {}
[17.264959] (-) TimerEvent: {}
[17.287911] (unitree_go) StdoutLine: {'line': b'[ 32%] \x1b[32mBuilding C object CMakeFiles/unitree_go__rosidl_typesupport_introspection_c.dir/rosidl_typesupport_introspection_c/unitree_go/msg/detail/error__type_support.c.o\x1b[0m\n'}
[17.348446] (unitree_hg) StdoutLine: {'line': b'[ 26%] \x1b[32mBuilding CXX object CMakeFiles/unitree_hg__rosidl_typesupport_fastrtps_cpp.dir/rosidl_typesupport_fastrtps_cpp/unitree_hg/msg/detail/dds_fastrtps/bms_state__type_support.cpp.o\x1b[0m\n'}
[17.357454] (unitree_hg) StdoutLine: {'line': b'[ 27%] \x1b[32mBuilding C object CMakeFiles/unitree_hg__rosidl_generator_c.dir/rosidl_generator_c/unitree_hg/msg/detail/bms_state__functions.c.o\x1b[0m\n'}
[17.365116] (-) TimerEvent: {}
[17.471427] (-) TimerEvent: {}
[17.496777] (unitree_go) StdoutLine: {'line': b'[ 32%] \x1b[32mBuilding C object CMakeFiles/unitree_go__rosidl_typesupport_introspection_c.dir/rosidl_typesupport_introspection_c/unitree_go/msg/detail/go2_front_video_data__type_support.c.o\x1b[0m\n'}
[17.572454] (-) TimerEvent: {}
[17.675456] (-) TimerEvent: {}
[17.706808] (unitree_hg) StdoutLine: {'line': b'[ 28%] \x1b[32mBuilding C object CMakeFiles/unitree_hg__rosidl_generator_c.dir/rosidl_generator_c/unitree_hg/msg/detail/hand_cmd__functions.c.o\x1b[0m\n'}
[17.780484] (-) TimerEvent: {}
[17.884454] (-) TimerEvent: {}
[17.985557] (-) TimerEvent: {}
[18.004497] (unitree_go) StdoutLine: {'line': b'[ 33%] \x1b[32mBuilding C object CMakeFiles/unitree_go__rosidl_typesupport_introspection_c.dir/rosidl_typesupport_introspection_c/unitree_go/msg/detail/height_map__type_support.c.o\x1b[0m\n'}
[18.034860] (unitree_hg) StdoutLine: {'line': b'[ 29%] \x1b[32mBuilding C object CMakeFiles/unitree_hg__rosidl_generator_c.dir/rosidl_generator_c/unitree_hg/msg/detail/hand_state__functions.c.o\x1b[0m\n'}
[18.085692] (-) TimerEvent: {}
[18.186375] (-) TimerEvent: {}
[18.301414] (-) TimerEvent: {}
[18.305675] (unitree_hg) StdoutLine: {'line': b'running egg_info\n'}
[18.333858] (unitree_hg) StdoutLine: {'line': b'writing unitree_hg.egg-info/PKG-INFO\n'}
[18.338027] (unitree_hg) StdoutLine: {'line': b'writing dependency_links to unitree_hg.egg-info/dependency_links.txt\n'}
[18.339428] (unitree_hg) StdoutLine: {'line': b'writing top-level names to unitree_hg.egg-info/top_level.txt\n'}
[18.386193] (unitree_hg) StdoutLine: {'line': b'[ 30%] \x1b[32mBuilding C object CMakeFiles/unitree_hg__rosidl_generator_c.dir/rosidl_generator_c/unitree_hg/msg/detail/imu_state__functions.c.o\x1b[0m\n'}
[18.387495] (unitree_hg) StdoutLine: {'line': b"reading manifest file 'unitree_hg.egg-info/SOURCES.txt'\n"}
[18.388847] (unitree_hg) StdoutLine: {'line': b"writing manifest file 'unitree_hg.egg-info/SOURCES.txt'\n"}
[18.407430] (-) TimerEvent: {}
[18.448062] (unitree_go) StdoutLine: {'line': b'[ 33%] \x1b[32mBuilding C object CMakeFiles/unitree_go__rosidl_typesupport_introspection_c.dir/rosidl_typesupport_introspection_c/unitree_go/msg/detail/imu_state__type_support.c.o\x1b[0m\n'}
[18.509601] (-) TimerEvent: {}
[18.611983] (-) TimerEvent: {}
[18.670723] (unitree_go) StdoutLine: {'line': b'[ 33%] \x1b[32mBuilding CXX object CMakeFiles/unitree_go__rosidl_typesupport_fastrtps_c.dir/rosidl_typesupport_fastrtps_c/unitree_go/msg/detail/wireless_controller__type_support_c.cpp.o\x1b[0m\n'}
[18.674589] (unitree_hg) StdoutLine: {'line': b'[ 30%] \x1b[32mBuilding C object CMakeFiles/unitree_hg__rosidl_generator_c.dir/rosidl_generator_c/unitree_hg/msg/detail/low_cmd__functions.c.o\x1b[0m\n'}
[18.680012] (unitree_hg) StdoutLine: {'line': b'[ 31%] \x1b[32mBuilding CXX object CMakeFiles/unitree_hg__rosidl_typesupport_cpp.dir/rosidl_typesupport_cpp/unitree_hg/msg/motor_state__type_support.cpp.o\x1b[0m\n'}
[18.711586] (unitree_go) StdoutLine: {'line': b'[ 34%] \x1b[32mBuilding C object CMakeFiles/unitree_go__rosidl_typesupport_introspection_c.dir/rosidl_typesupport_introspection_c/unitree_go/msg/detail/interface_config__type_support.c.o\x1b[0m\n'}
[18.712023] (-) TimerEvent: {}
[18.819568] (-) TimerEvent: {}
[18.888505] (unitree_hg) StdoutLine: {'line': b'[ 31%] Built target ament_cmake_python_build_unitree_hg_egg\n'}
[18.922442] (-) TimerEvent: {}
[19.014414] (unitree_go) StdoutLine: {'line': b'[ 34%] \x1b[32mBuilding C object CMakeFiles/unitree_go__rosidl_typesupport_introspection_c.dir/rosidl_typesupport_introspection_c/unitree_go/msg/detail/lidar_state__type_support.c.o\x1b[0m\n'}
[19.024358] (unitree_hg) StdoutLine: {'line': b'[ 32%] \x1b[32mBuilding C object CMakeFiles/unitree_hg__rosidl_generator_c.dir/rosidl_generator_c/unitree_hg/msg/detail/low_state__functions.c.o\x1b[0m\n'}
[19.025642] (-) TimerEvent: {}
[19.129713] (-) TimerEvent: {}
[19.234453] (-) TimerEvent: {}
[19.276284] (unitree_go) StdoutLine: {'line': b'[ 35%] \x1b[32mBuilding C object CMakeFiles/unitree_go__rosidl_typesupport_introspection_c.dir/rosidl_typesupport_introspection_c/unitree_go/msg/detail/low_cmd__type_support.c.o\x1b[0m\n'}
[19.337429] (-) TimerEvent: {}
[19.351244] (unitree_go) StdoutLine: {'line': b'[ 36%] \x1b[32mBuilding CXX object CMakeFiles/unitree_go__rosidl_typesupport_introspection_cpp.dir/rosidl_typesupport_introspection_cpp/unitree_go/msg/detail/bms_cmd__type_support.cpp.o\x1b[0m\n'}
[19.439525] (-) TimerEvent: {}
[19.544540] (-) TimerEvent: {}
[19.573867] (unitree_hg) StdoutLine: {'line': b'[ 33%] \x1b[32mBuilding C object CMakeFiles/unitree_hg__rosidl_generator_c.dir/rosidl_generator_c/unitree_hg/msg/detail/main_board_state__functions.c.o\x1b[0m\n'}
[19.632482] (unitree_go) StdoutLine: {'line': b'[ 36%] \x1b[32mBuilding C object CMakeFiles/unitree_go__rosidl_typesupport_introspection_c.dir/rosidl_typesupport_introspection_c/unitree_go/msg/detail/low_state__type_support.c.o\x1b[0m\n'}
[19.644755] (-) TimerEvent: {}
[19.749503] (-) TimerEvent: {}
[19.798095] (unitree_go) StdoutLine: {'line': b'[ 37%] \x1b[32mBuilding C object CMakeFiles/unitree_go__rosidl_typesupport_introspection_c.dir/rosidl_typesupport_introspection_c/unitree_go/msg/detail/motor_cmd__type_support.c.o\x1b[0m\n'}
[19.849672] (-) TimerEvent: {}
[19.953208] (-) TimerEvent: {}
[19.996736] (unitree_hg) StdoutLine: {'line': b'[ 34%] \x1b[32mBuilding C object CMakeFiles/unitree_hg__rosidl_generator_c.dir/rosidl_generator_c/unitree_hg/msg/detail/motor_cmd__functions.c.o\x1b[0m\n'}
[20.025719] (unitree_go) StdoutLine: {'line': b'[ 37%] \x1b[32mBuilding C object CMakeFiles/unitree_go__rosidl_typesupport_introspection_c.dir/rosidl_typesupport_introspection_c/unitree_go/msg/detail/motor_cmds__type_support.c.o\x1b[0m\n'}
[20.057436] (-) TimerEvent: {}
[20.158416] (-) TimerEvent: {}
[20.190932] (unitree_hg) StdoutLine: {'line': b'[ 35%] \x1b[32mBuilding C object CMakeFiles/unitree_hg__rosidl_generator_c.dir/rosidl_generator_c/unitree_hg/msg/detail/motor_state__functions.c.o\x1b[0m\n'}
[20.260423] (-) TimerEvent: {}
[20.285875] (unitree_go) StdoutLine: {'line': b'[ 38%] \x1b[32mBuilding CXX object CMakeFiles/unitree_go__rosidl_typesupport_fastrtps_cpp.dir/rosidl_typesupport_fastrtps_cpp/unitree_go/msg/detail/dds_fastrtps/bms_cmd__type_support.cpp.o\x1b[0m\n'}
[20.328492] (unitree_go) StdoutLine: {'line': b'[ 38%] \x1b[32mBuilding C object CMakeFiles/unitree_go__rosidl_typesupport_introspection_c.dir/rosidl_typesupport_introspection_c/unitree_go/msg/detail/motor_state__type_support.c.o\x1b[0m\n'}
[20.361471] (-) TimerEvent: {}
[20.431495] (unitree_hg) StdoutLine: {'line': b'[ 36%] \x1b[32mBuilding C object CMakeFiles/unitree_hg__rosidl_generator_c.dir/rosidl_generator_c/unitree_hg/msg/detail/press_sensor_state__functions.c.o\x1b[0m\n'}
[20.464434] (-) TimerEvent: {}
[20.500926] (unitree_hg) StdoutLine: {'line': b'[ 37%] \x1b[32mBuilding CXX object CMakeFiles/unitree_hg__rosidl_typesupport_cpp.dir/rosidl_typesupport_cpp/unitree_hg/msg/press_sensor_state__type_support.cpp.o\x1b[0m\n'}
[20.523613] (unitree_go) StdoutLine: {'line': b'[ 39%] \x1b[32mBuilding C object CMakeFiles/unitree_go__rosidl_typesupport_introspection_c.dir/rosidl_typesupport_introspection_c/unitree_go/msg/detail/motor_states__type_support.c.o\x1b[0m\n'}
[20.568441] (-) TimerEvent: {}
[20.669499] (-) TimerEvent: {}
[20.708589] (unitree_go) StdoutLine: {'line': b'[ 39%] \x1b[32mBuilding C object CMakeFiles/unitree_go__rosidl_typesupport_introspection_c.dir/rosidl_typesupport_introspection_c/unitree_go/msg/detail/path_point__type_support.c.o\x1b[0m\n'}
[20.718524] (unitree_hg) StdoutLine: {'line': b'[ 38%] \x1b[32m\x1b[1mLinking C shared library libunitree_hg__rosidl_generator_c.so\x1b[0m\n'}
[20.773436] (-) TimerEvent: {}
[20.874348] (-) TimerEvent: {}
[20.901055] (unitree_hg) StdoutLine: {'line': b'[ 38%] \x1b[32mBuilding CXX object CMakeFiles/unitree_hg__rosidl_typesupport_fastrtps_cpp.dir/rosidl_typesupport_fastrtps_cpp/unitree_hg/msg/detail/dds_fastrtps/hand_cmd__type_support.cpp.o\x1b[0m\n'}
[20.939424] (unitree_go) StdoutLine: {'line': b'[ 40%] \x1b[32mBuilding C object CMakeFiles/unitree_go__rosidl_typesupport_introspection_c.dir/rosidl_typesupport_introspection_c/unitree_go/msg/detail/req__type_support.c.o\x1b[0m\n'}
[20.941792] (unitree_hg) StdoutLine: {'line': b'[ 38%] Built target unitree_hg__rosidl_generator_c\n'}
[20.977482] (-) TimerEvent: {}
[21.045577] (cyclonedds) StdoutLine: {'line': b'[ 40%] \x1b[32mBuilding C object src/core/CMakeFiles/ddsc.dir/ddsc/src/dds_listener.c.o\x1b[0m\n'}
[21.078429] (-) TimerEvent: {}
[21.086372] (unitree_go) StdoutLine: {'line': b'[ 41%] \x1b[32m\x1b[1mLinking CXX shared library libunitree_go__rosidl_typesupport_fastrtps_c.so\x1b[0m\n'}
[21.134273] (unitree_go) StdoutLine: {'line': b'[ 41%] \x1b[32mBuilding C object CMakeFiles/unitree_go__rosidl_typesupport_introspection_c.dir/rosidl_typesupport_introspection_c/unitree_go/msg/detail/res__type_support.c.o\x1b[0m\n'}
[21.180630] (-) TimerEvent: {}
[21.284530] (-) TimerEvent: {}
[21.368568] (unitree_go) StdoutLine: {'line': b'[ 42%] \x1b[32mBuilding C object CMakeFiles/unitree_go__rosidl_typesupport_introspection_c.dir/rosidl_typesupport_introspection_c/unitree_go/msg/detail/sport_mode_cmd__type_support.c.o\x1b[0m\n'}
[21.384691] (-) TimerEvent: {}
[21.489469] (-) TimerEvent: {}
[21.595021] (-) TimerEvent: {}
[21.659386] (unitree_go) StdoutLine: {'line': b'[ 42%] \x1b[32mBuilding C object CMakeFiles/unitree_go__rosidl_typesupport_introspection_c.dir/rosidl_typesupport_introspection_c/unitree_go/msg/detail/sport_mode_state__type_support.c.o\x1b[0m\n'}
[21.686607] (unitree_go) StdoutLine: {'line': b'[ 50%] Built target unitree_go__rosidl_typesupport_fastrtps_c\n'}
[21.697530] (-) TimerEvent: {}
[21.800443] (-) TimerEvent: {}
[21.873913] (unitree_go) StdoutLine: {'line': b'[ 50%] \x1b[32mBuilding CXX object CMakeFiles/unitree_go__rosidl_typesupport_introspection_cpp.dir/rosidl_typesupport_introspection_cpp/unitree_go/msg/detail/bms_state__type_support.cpp.o\x1b[0m\n'}
[21.900574] (-) TimerEvent: {}
[21.952770] (unitree_go) StdoutLine: {'line': b'[ 51%] \x1b[32mBuilding C object CMakeFiles/unitree_go__rosidl_typesupport_introspection_c.dir/rosidl_typesupport_introspection_c/unitree_go/msg/detail/time_spec__type_support.c.o\x1b[0m\n'}
[22.003451] (-) TimerEvent: {}
[22.105425] (-) TimerEvent: {}
[22.198401] (unitree_go) StdoutLine: {'line': b'[ 51%] \x1b[32mBuilding C object CMakeFiles/unitree_go__rosidl_typesupport_introspection_c.dir/rosidl_typesupport_introspection_c/unitree_go/msg/detail/uwb_state__type_support.c.o\x1b[0m\n'}
[22.205577] (-) TimerEvent: {}
[22.311159] (-) TimerEvent: {}
[22.412078] (-) TimerEvent: {}
[22.431581] (unitree_go) StdoutLine: {'line': b'[ 52%] \x1b[32mBuilding C object CMakeFiles/unitree_go__rosidl_typesupport_introspection_c.dir/rosidl_typesupport_introspection_c/unitree_go/msg/detail/uwb_switch__type_support.c.o\x1b[0m\n'}
[22.512230] (-) TimerEvent: {}
[22.561121] (unitree_go) StdoutLine: {'line': b'[ 52%] \x1b[32mBuilding C object CMakeFiles/unitree_go__rosidl_typesupport_introspection_c.dir/rosidl_typesupport_introspection_c/unitree_go/msg/detail/wireless_controller__type_support.c.o\x1b[0m\n'}
[22.568463] (cyclonedds) StdoutLine: {'line': b'[ 41%] \x1b[32mBuilding C object src/core/CMakeFiles/ddsc.dir/ddsc/src/dds_read.c.o\x1b[0m\n'}
[22.586433] (unitree_hg) StdoutLine: {'line': b'[ 39%] \x1b[32m\x1b[1mLinking CXX shared library libunitree_hg__rosidl_typesupport_cpp.so\x1b[0m\n'}
[22.612436] (-) TimerEvent: {}
[22.661123] (unitree_go) StdoutLine: {'line': b'[ 52%] \x1b[32mBuilding CXX object CMakeFiles/unitree_go__rosidl_typesupport_fastrtps_cpp.dir/rosidl_typesupport_fastrtps_cpp/unitree_go/msg/detail/dds_fastrtps/bms_state__type_support.cpp.o\x1b[0m\n'}
[22.715453] (-) TimerEvent: {}
[22.739522] (unitree_go) StdoutLine: {'line': b'[ 53%] \x1b[32m\x1b[1mLinking C shared library libunitree_go__rosidl_typesupport_introspection_c.so\x1b[0m\n'}
[22.813431] (unitree_hg) StdoutLine: {'line': b'[ 40%] Built target unitree_hg__rosidl_typesupport_cpp\n'}
[22.815604] (-) TimerEvent: {}
[22.916520] (-) TimerEvent: {}
[22.973375] (unitree_go) StdoutLine: {'line': b'[ 53%] Built target unitree_go__rosidl_typesupport_introspection_c\n'}
[23.018494] (-) TimerEvent: {}
[23.119446] (-) TimerEvent: {}
[23.220319] (-) TimerEvent: {}
[23.321179] (-) TimerEvent: {}
[23.341614] (cyclonedds) StdoutLine: {'line': b'[ 41%] \x1b[32mBuilding C object src/core/CMakeFiles/ddsc.dir/ddsc/src/dds_waitset.c.o\x1b[0m\n'}
[23.421370] (-) TimerEvent: {}
[23.478695] (unitree_hg) StdoutLine: {'line': b'[ 41%] \x1b[32mBuilding CXX object CMakeFiles/unitree_hg__rosidl_typesupport_fastrtps_cpp.dir/rosidl_typesupport_fastrtps_cpp/unitree_hg/msg/detail/dds_fastrtps/low_cmd__type_support.cpp.o\x1b[0m\n'}
[23.522432] (-) TimerEvent: {}
[23.524527] (unitree_go) StdoutLine: {'line': b'[ 54%] \x1b[32mBuilding CXX object CMakeFiles/unitree_go__rosidl_typesupport_introspection_cpp.dir/rosidl_typesupport_introspection_cpp/unitree_go/msg/detail/error__type_support.cpp.o\x1b[0m\n'}
[23.624433] (-) TimerEvent: {}
[23.725338] (-) TimerEvent: {}
[23.808930] (unitree_go) StdoutLine: {'line': b'[ 55%] \x1b[32mBuilding CXX object CMakeFiles/unitree_go__rosidl_typesupport_fastrtps_cpp.dir/rosidl_typesupport_fastrtps_cpp/unitree_go/msg/detail/dds_fastrtps/error__type_support.cpp.o\x1b[0m\n'}
[23.825448] (-) TimerEvent: {}
[23.937454] (-) TimerEvent: {}
[23.990543] (cyclonedds) StdoutLine: {'line': b'[ 41%] \x1b[32mBuilding C object src/core/CMakeFiles/ddsc.dir/ddsc/src/dds_readcond.c.o\x1b[0m\n'}
[24.038521] (-) TimerEvent: {}
[24.141474] (-) TimerEvent: {}
[24.242150] (-) TimerEvent: {}
[24.316641] (cyclonedds) StdoutLine: {'line': b'[ 42%] \x1b[32mBuilding C object src/core/CMakeFiles/ddsc.dir/ddsc/src/dds_guardcond.c.o\x1b[0m\n'}
[24.342358] (-) TimerEvent: {}
[24.453450] (-) TimerEvent: {}
[24.539347] (unitree_go) StdoutLine: {'line': b'[ 55%] \x1b[32mBuilding CXX object CMakeFiles/unitree_go__rosidl_typesupport_introspection_cpp.dir/rosidl_typesupport_introspection_cpp/unitree_go/msg/detail/go2_front_video_data__type_support.cpp.o\x1b[0m\n'}
[24.556424] (-) TimerEvent: {}
[24.657289] (-) TimerEvent: {}
[24.758564] (-) TimerEvent: {}
[24.827239] (cyclonedds) StdoutLine: {'line': b'[ 42%] \x1b[32mBuilding C object src/core/CMakeFiles/ddsc.dir/ddsc/src/dds_statistics.c.o\x1b[0m\n'}
[24.858724] (-) TimerEvent: {}
[24.964443] (-) TimerEvent: {}
[25.065241] (-) TimerEvent: {}
[25.167450] (-) TimerEvent: {}
[25.273675] (-) TimerEvent: {}
[25.306326] (cyclonedds) StdoutLine: {'line': b'[ 43%] \x1b[32mBuilding C object src/core/CMakeFiles/ddsc.dir/ddsc/src/dds_subscriber.c.o\x1b[0m\n'}
[25.373854] (-) TimerEvent: {}
[25.379595] (unitree_go) StdoutLine: {'line': b'[ 55%] \x1b[32mBuilding CXX object CMakeFiles/unitree_go__rosidl_typesupport_fastrtps_cpp.dir/rosidl_typesupport_fastrtps_cpp/unitree_go/msg/detail/dds_fastrtps/go2_front_video_data__type_support.cpp.o\x1b[0m\n'}
[25.477462] (-) TimerEvent: {}
[25.498147] (unitree_hg) StdoutLine: {'line': b'[ 42%] \x1b[32mBuilding CXX object CMakeFiles/unitree_hg__rosidl_typesupport_fastrtps_cpp.dir/rosidl_typesupport_fastrtps_cpp/unitree_hg/msg/detail/dds_fastrtps/imu_state__type_support.cpp.o\x1b[0m\n'}
[25.577618] (-) TimerEvent: {}
[25.678239] (-) TimerEvent: {}
[25.785629] (-) TimerEvent: {}
[25.887452] (-) TimerEvent: {}
[25.918579] (cyclonedds) StdoutLine: {'line': b'[ 43%] \x1b[32mBuilding C object src/core/CMakeFiles/ddsc.dir/ddsc/src/dds_write.c.o\x1b[0m\n'}
[25.987626] (-) TimerEvent: {}
[26.091657] (-) TimerEvent: {}
[26.192651] (-) TimerEvent: {}
[26.298747] (-) TimerEvent: {}
[26.399418] (-) TimerEvent: {}
[26.500968] (-) TimerEvent: {}
[26.604453] (-) TimerEvent: {}
[26.614788] (unitree_hg) StdoutLine: {'line': b'[ 43%] \x1b[32mBuilding CXX object CMakeFiles/unitree_hg__rosidl_typesupport_fastrtps_cpp.dir/rosidl_typesupport_fastrtps_cpp/unitree_hg/msg/detail/dds_fastrtps/hand_state__type_support.cpp.o\x1b[0m\n'}
[26.638434] (unitree_go) StdoutLine: {'line': b'[ 56%] \x1b[32mBuilding CXX object CMakeFiles/unitree_go__rosidl_typesupport_introspection_cpp.dir/rosidl_typesupport_introspection_cpp/unitree_go/msg/detail/height_map__type_support.cpp.o\x1b[0m\n'}
[26.704588] (-) TimerEvent: {}
[26.807446] (-) TimerEvent: {}
[26.908097] (-) TimerEvent: {}
[27.008774] (-) TimerEvent: {}
[27.113450] (cyclonedds) StdoutLine: {'line': b'[ 43%] \x1b[32mBuilding C object src/core/CMakeFiles/ddsc.dir/ddsc/src/dds_whc.c.o\x1b[0m\n'}
[27.113868] (-) TimerEvent: {}
[27.214321] (-) TimerEvent: {}
[27.296422] (unitree_go) StdoutLine: {'line': b'[ 57%] \x1b[32mBuilding CXX object CMakeFiles/unitree_go__rosidl_typesupport_fastrtps_cpp.dir/rosidl_typesupport_fastrtps_cpp/unitree_go/msg/detail/dds_fastrtps/height_map__type_support.cpp.o\x1b[0m\n'}
[27.318434] (-) TimerEvent: {}
[27.419462] (-) TimerEvent: {}
[27.520530] (-) TimerEvent: {}
[27.621448] (-) TimerEvent: {}
[27.723436] (-) TimerEvent: {}
[27.827497] (-) TimerEvent: {}
[27.928420] (-) TimerEvent: {}
[28.033392] (-) TimerEvent: {}
[28.135951] (-) TimerEvent: {}
[28.175429] (unitree_go) StdoutLine: {'line': b'[ 57%] \x1b[32mBuilding CXX object CMakeFiles/unitree_go__rosidl_typesupport_introspection_cpp.dir/rosidl_typesupport_introspection_cpp/unitree_go/msg/detail/imu_state__type_support.cpp.o\x1b[0m\n'}
[28.238442] (-) TimerEvent: {}
[28.341437] (-) TimerEvent: {}
[28.442219] (-) TimerEvent: {}
[28.543026] (-) TimerEvent: {}
[28.643838] (-) TimerEvent: {}
[28.714526] (unitree_hg) StdoutLine: {'line': b'[ 44%] \x1b[32mBuilding CXX object CMakeFiles/unitree_hg__rosidl_typesupport_fastrtps_cpp.dir/rosidl_typesupport_fastrtps_cpp/unitree_hg/msg/detail/dds_fastrtps/low_state__type_support.cpp.o\x1b[0m\n'}
[28.746446] (-) TimerEvent: {}
[28.776951] (cyclonedds) StdoutLine: {'line': b'[ 44%] \x1b[32mBuilding C object src/core/CMakeFiles/ddsc.dir/ddsc/src/dds_whc_builtintopic.c.o\x1b[0m\n'}
[28.846655] (-) TimerEvent: {}
[28.949455] (-) TimerEvent: {}
[29.051438] (-) TimerEvent: {}
[29.157446] (-) TimerEvent: {}
[29.258361] (-) TimerEvent: {}
[29.294057] (unitree_go) StdoutLine: {'line': b'[ 57%] \x1b[32mBuilding CXX object CMakeFiles/unitree_go__rosidl_typesupport_fastrtps_cpp.dir/rosidl_typesupport_fastrtps_cpp/unitree_go/msg/detail/dds_fastrtps/imu_state__type_support.cpp.o\x1b[0m\n'}
[29.358521] (-) TimerEvent: {}
[29.460433] (-) TimerEvent: {}
[29.520560] (cyclonedds) StdoutLine: {'line': b'[ 44%] \x1b[32mBuilding C object src/core/CMakeFiles/ddsc.dir/ddsc/src/dds_serdata_builtintopic.c.o\x1b[0m\n'}
[29.560591] (-) TimerEvent: {}
[29.661879] (-) TimerEvent: {}
[29.763881] (-) TimerEvent: {}
[29.798387] (unitree_go) StdoutLine: {'line': b'[ 58%] \x1b[32mBuilding CXX object CMakeFiles/unitree_go__rosidl_typesupport_introspection_cpp.dir/rosidl_typesupport_introspection_cpp/unitree_go/msg/detail/interface_config__type_support.cpp.o\x1b[0m\n'}
[29.865447] (-) TimerEvent: {}
[29.968445] (-) TimerEvent: {}
[30.071454] (-) TimerEvent: {}
[30.172346] (-) TimerEvent: {}
[30.277454] (-) TimerEvent: {}
[30.378649] (-) TimerEvent: {}
[30.463177] (cyclonedds) StdoutLine: {'line': b'[ 45%] \x1b[32mBuilding C object src/core/CMakeFiles/ddsc.dir/ddsc/src/dds_sertype_builtintopic.c.o\x1b[0m\n'}
[30.478810] (-) TimerEvent: {}
[30.487167] (unitree_hg) StdoutLine: {'line': b'[ 45%] \x1b[32mBuilding CXX object CMakeFiles/unitree_hg__rosidl_typesupport_fastrtps_cpp.dir/rosidl_typesupport_fastrtps_cpp/unitree_hg/msg/detail/dds_fastrtps/main_board_state__type_support.cpp.o\x1b[0m\n'}
[30.580424] (-) TimerEvent: {}
[30.681393] (-) TimerEvent: {}
[30.788451] (-) TimerEvent: {}
[30.888905] (unitree_go) StdoutLine: {'line': b'[ 59%] \x1b[32mBuilding CXX object CMakeFiles/unitree_go__rosidl_typesupport_fastrtps_cpp.dir/rosidl_typesupport_fastrtps_cpp/unitree_go/msg/detail/dds_fastrtps/interface_config__type_support.cpp.o\x1b[0m\n'}
[30.890107] (-) TimerEvent: {}
[30.936003] (unitree_go) StdoutLine: {'line': b'[ 59%] \x1b[32mBuilding CXX object CMakeFiles/unitree_go__rosidl_typesupport_introspection_cpp.dir/rosidl_typesupport_introspection_cpp/unitree_go/msg/detail/lidar_state__type_support.cpp.o\x1b[0m\n'}
[30.990267] (-) TimerEvent: {}
[31.061459] (cyclonedds) StdoutLine: {'line': b'[ 45%] \x1b[32mBuilding C object src/core/CMakeFiles/ddsc.dir/ddsc/src/dds_data_allocator.c.o\x1b[0m\n'}
[31.090485] (-) TimerEvent: {}
[31.191810] (-) TimerEvent: {}
[31.293524] (-) TimerEvent: {}
[31.397434] (-) TimerEvent: {}
[31.498268] (-) TimerEvent: {}
[31.603435] (-) TimerEvent: {}
[31.663603] (cyclonedds) StdoutLine: {'line': b'[ 45%] \x1b[32mBuilding C object src/core/CMakeFiles/ddsc.dir/ddsc/src/dds_loan.c.o\x1b[0m\n'}
[31.703603] (-) TimerEvent: {}
[31.804195] (-) TimerEvent: {}
[31.836974] (unitree_hg) StdoutLine: {'line': b'[ 46%] \x1b[32mBuilding CXX object CMakeFiles/unitree_hg__rosidl_typesupport_fastrtps_cpp.dir/rosidl_typesupport_fastrtps_cpp/unitree_hg/msg/detail/dds_fastrtps/motor_cmd__type_support.cpp.o\x1b[0m\n'}
[31.906435] (-) TimerEvent: {}
[32.007408] (-) TimerEvent: {}
[32.111433] (-) TimerEvent: {}
[32.212274] (-) TimerEvent: {}
[32.304357] (cyclonedds) StdoutLine: {'line': b'[ 46%] \x1b[32mBuilding C object src/core/CMakeFiles/ddsc.dir/ddsc/src/shm_monitor.c.o\x1b[0m\n'}
[32.312439] (-) TimerEvent: {}
[32.422429] (-) TimerEvent: {}
[32.446550] (unitree_go) StdoutLine: {'line': b'[ 59%] \x1b[32mBuilding CXX object CMakeFiles/unitree_go__rosidl_typesupport_fastrtps_cpp.dir/rosidl_typesupport_fastrtps_cpp/unitree_go/msg/detail/dds_fastrtps/lidar_state__type_support.cpp.o\x1b[0m\n'}
[32.522600] (-) TimerEvent: {}
[32.623685] (-) TimerEvent: {}
[32.714496] (unitree_go) StdoutLine: {'line': b'[ 60%] \x1b[32mBuilding CXX object CMakeFiles/unitree_go__rosidl_typesupport_introspection_cpp.dir/rosidl_typesupport_introspection_cpp/unitree_go/msg/detail/low_cmd__type_support.cpp.o\x1b[0m\n'}
[32.723830] (-) TimerEvent: {}
[32.762386] (cyclonedds) StdoutLine: {'line': b'[ 46%] \x1b[32mBuilding C object src/core/CMakeFiles/ddsc.dir/__/security/core/src/dds_security_serialize.c.o\x1b[0m\n'}
[32.823990] (-) TimerEvent: {}
[32.925242] (-) TimerEvent: {}
[33.010621] (unitree_hg) StdoutLine: {'line': b'[ 47%] \x1b[32mBuilding CXX object CMakeFiles/unitree_hg__rosidl_typesupport_fastrtps_cpp.dir/rosidl_typesupport_fastrtps_cpp/unitree_hg/msg/detail/dds_fastrtps/motor_state__type_support.cpp.o\x1b[0m\n'}
[33.025490] (-) TimerEvent: {}
[33.130954] (-) TimerEvent: {}
[33.233101] (-) TimerEvent: {}
[33.337435] (-) TimerEvent: {}
[33.439380] (-) TimerEvent: {}
[33.543452] (-) TimerEvent: {}
[33.644321] (-) TimerEvent: {}
[33.746416] (-) TimerEvent: {}
[33.787417] (cyclonedds) StdoutLine: {'line': b'[ 46%] \x1b[32mBuilding C object src/core/CMakeFiles/ddsc.dir/__/security/core/src/dds_security_utils.c.o\x1b[0m\n'}
[33.846573] (-) TimerEvent: {}
[33.947606] (-) TimerEvent: {}
[34.048483] (-) TimerEvent: {}
[34.153452] (-) TimerEvent: {}
[34.234349] (unitree_go) StdoutLine: {'line': b'[ 61%] \x1b[32mBuilding CXX object CMakeFiles/unitree_go__rosidl_typesupport_fastrtps_cpp.dir/rosidl_typesupport_fastrtps_cpp/unitree_go/msg/detail/dds_fastrtps/low_cmd__type_support.cpp.o\x1b[0m\n'}
[34.256444] (-) TimerEvent: {}
[34.360476] (-) TimerEvent: {}
[34.445612] (unitree_go) StdoutLine: {'line': b'[ 61%] \x1b[32mBuilding CXX object CMakeFiles/unitree_go__rosidl_typesupport_introspection_cpp.dir/rosidl_typesupport_introspection_cpp/unitree_go/msg/detail/low_state__type_support.cpp.o\x1b[0m\n'}
[34.460625] (-) TimerEvent: {}
[34.561683] (-) TimerEvent: {}
[34.630955] (unitree_hg) StdoutLine: {'line': b'[ 48%] \x1b[32mBuilding CXX object CMakeFiles/unitree_hg__rosidl_typesupport_fastrtps_cpp.dir/rosidl_typesupport_fastrtps_cpp/unitree_hg/msg/detail/dds_fastrtps/press_sensor_state__type_support.cpp.o\x1b[0m\n'}
[34.661861] (-) TimerEvent: {}
[34.764982] (-) TimerEvent: {}
[34.865896] (-) TimerEvent: {}
[34.971438] (-) TimerEvent: {}
[35.072446] (-) TimerEvent: {}
[35.173216] (-) TimerEvent: {}
[35.278448] (cyclonedds) StdoutLine: {'line': b'[ 47%] \x1b[32mBuilding C object src/core/CMakeFiles/ddsc.dir/__/security/core/src/dds_security_plugins.c.o\x1b[0m\n'}
[35.278948] (-) TimerEvent: {}
[35.379388] (-) TimerEvent: {}
[35.479992] (-) TimerEvent: {}
[35.580896] (-) TimerEvent: {}
[35.681712] (-) TimerEvent: {}
[35.720573] (unitree_go) StdoutLine: {'line': b'[ 61%] \x1b[32mBuilding CXX object CMakeFiles/unitree_go__rosidl_typesupport_fastrtps_cpp.dir/rosidl_typesupport_fastrtps_cpp/unitree_go/msg/detail/dds_fastrtps/low_state__type_support.cpp.o\x1b[0m\n'}
[35.784430] (-) TimerEvent: {}
[35.885456] (-) TimerEvent: {}
[35.987905] (-) TimerEvent: {}
[36.055009] (cyclonedds) StdoutLine: {'line': b'[ 47%] \x1b[32mBuilding C object src/core/CMakeFiles/ddsc.dir/__/security/core/src/shared_secret.c.o\x1b[0m\n'}
[36.088066] (-) TimerEvent: {}
[36.191420] (-) TimerEvent: {}
[36.200800] (unitree_go) StdoutLine: {'line': b'[ 61%] \x1b[32mBuilding CXX object CMakeFiles/unitree_go__rosidl_typesupport_introspection_cpp.dir/rosidl_typesupport_introspection_cpp/unitree_go/msg/detail/motor_cmd__type_support.cpp.o\x1b[0m\n'}
[36.291585] (-) TimerEvent: {}
[36.369146] (unitree_hg) StdoutLine: {'line': b'[ 49%] \x1b[32m\x1b[1mLinking CXX shared library libunitree_hg__rosidl_typesupport_fastrtps_cpp.so\x1b[0m\n'}
[36.391719] (-) TimerEvent: {}
[36.412158] (cyclonedds) StdoutLine: {'line': b'[ 48%] \x1b[32mBuilding C object src/core/CMakeFiles/ddsc.dir/__/security/core/src/dds_security_fsm.c.o\x1b[0m\n'}
[36.491948] (-) TimerEvent: {}
[36.592862] (-) TimerEvent: {}
[36.697237] (-) TimerEvent: {}
[36.804429] (-) TimerEvent: {}
[36.892553] (unitree_hg) StdoutLine: {'line': b'[ 49%] Built target unitree_hg__rosidl_typesupport_fastrtps_cpp\n'}
[36.904566] (-) TimerEvent: {}
[36.954607] (unitree_hg) StdoutLine: {'line': b'[ 49%] \x1b[34m\x1b[1mGenerating C type support dispatch for ROS interfaces\x1b[0m\n'}
[37.004738] (-) TimerEvent: {}
[37.106112] (-) TimerEvent: {}
[37.203317] (unitree_go) StdoutLine: {'line': b'[ 62%] \x1b[32mBuilding CXX object CMakeFiles/unitree_go__rosidl_typesupport_introspection_cpp.dir/rosidl_typesupport_introspection_cpp/unitree_go/msg/detail/motor_cmds__type_support.cpp.o\x1b[0m\n'}
[37.206247] (-) TimerEvent: {}
[37.229366] (cyclonedds) StdoutLine: {'line': b'[ 48%] \x1b[32mBuilding C object src/core/CMakeFiles/ddsc.dir/__/security/core/src/dds_security_timed_cb.c.o\x1b[0m\n'}
[37.306430] (-) TimerEvent: {}
[37.407796] (-) TimerEvent: {}
[37.498965] (unitree_go) StdoutLine: {'line': b'[ 62%] \x1b[32mBuilding CXX object CMakeFiles/unitree_go__rosidl_typesupport_fastrtps_cpp.dir/rosidl_typesupport_fastrtps_cpp/unitree_go/msg/detail/dds_fastrtps/motor_cmd__type_support.cpp.o\x1b[0m\n'}
[37.507941] (-) TimerEvent: {}
[37.611426] (-) TimerEvent: {}
[37.636204] (cyclonedds) StdoutLine: {'line': b'[ 48%] \x1b[32mBuilding C object src/core/CMakeFiles/ddsc.dir/__/ddsrt/src/atomics.c.o\x1b[0m\n'}
[37.713426] (-) TimerEvent: {}
[37.816488] (-) TimerEvent: {}
[37.917121] (-) TimerEvent: {}
[38.018602] (-) TimerEvent: {}
[38.120233] (-) TimerEvent: {}
[38.224399] (cyclonedds) StdoutLine: {'line': b'[ 49%] \x1b[32mBuilding C object src/core/CMakeFiles/ddsc.dir/__/ddsrt/src/avl.c.o\x1b[0m\n'}
[38.224752] (-) TimerEvent: {}
[38.327430] (-) TimerEvent: {}
[38.408494] (unitree_go) StdoutLine: {'line': b'[ 62%] \x1b[32mBuilding CXX object CMakeFiles/unitree_go__rosidl_typesupport_introspection_cpp.dir/rosidl_typesupport_introspection_cpp/unitree_go/msg/detail/motor_state__type_support.cpp.o\x1b[0m\n'}
[38.427614] (-) TimerEvent: {}
[38.531418] (-) TimerEvent: {}
[38.631991] (-) TimerEvent: {}
[38.732545] (-) TimerEvent: {}
[38.835433] (-) TimerEvent: {}
[38.938429] (-) TimerEvent: {}
[39.041438] (-) TimerEvent: {}
[39.142010] (-) TimerEvent: {}
[39.242707] (-) TimerEvent: {}
[39.332543] (cyclonedds) StdoutLine: {'line': b'[ 49%] \x1b[32mBuilding C object src/core/CMakeFiles/ddsc.dir/__/ddsrt/src/bswap.c.o\x1b[0m\n'}
[39.342859] (-) TimerEvent: {}
[39.382388] (unitree_hg) StdoutLine: {'line': b'[ 50%] \x1b[32mBuilding CXX object CMakeFiles/unitree_hg__rosidl_typesupport_c.dir/rosidl_typesupport_c/unitree_hg/msg/bms_cmd__type_support.cpp.o\x1b[0m\n'}
[39.443032] (-) TimerEvent: {}
[39.474038] (unitree_go) StdoutLine: {'line': b'[ 63%] \x1b[32mBuilding CXX object CMakeFiles/unitree_go__rosidl_typesupport_fastrtps_cpp.dir/rosidl_typesupport_fastrtps_cpp/unitree_go/msg/detail/dds_fastrtps/motor_cmds__type_support.cpp.o\x1b[0m\n'}
[39.532572] (cyclonedds) StdoutLine: {'line': b'[ 49%] \x1b[32mBuilding C object src/core/CMakeFiles/ddsc.dir/__/ddsrt/src/io.c.o\x1b[0m\n'}
[39.542708] (unitree_hg) StdoutLine: {'line': b'[ 51%] \x1b[32mBuilding CXX object CMakeFiles/unitree_hg__rosidl_typesupport_c.dir/rosidl_typesupport_c/unitree_hg/msg/bms_state__type_support.cpp.o\x1b[0m\n'}
[39.543760] (-) TimerEvent: {}
[39.648481] (-) TimerEvent: {}
[39.711474] (unitree_hg) StdoutLine: {'line': b'[ 52%] \x1b[32mBuilding CXX object CMakeFiles/unitree_hg__rosidl_typesupport_c.dir/rosidl_typesupport_c/unitree_hg/msg/hand_cmd__type_support.cpp.o\x1b[0m\n'}
[39.748641] (-) TimerEvent: {}
[39.757446] (cyclonedds) StdoutLine: {'line': b'[ 50%] \x1b[32mBuilding C object src/core/CMakeFiles/ddsc.dir/__/ddsrt/src/log.c.o\x1b[0m\n'}
[39.815921] (unitree_go) StdoutLine: {'line': b'[ 64%] \x1b[32mBuilding CXX object CMakeFiles/unitree_go__rosidl_typesupport_introspection_cpp.dir/rosidl_typesupport_introspection_cpp/unitree_go/msg/detail/motor_states__type_support.cpp.o\x1b[0m\n'}
[39.836619] (unitree_hg) StdoutLine: {'line': b'[ 53%] \x1b[32mBuilding CXX object CMakeFiles/unitree_hg__rosidl_typesupport_c.dir/rosidl_typesupport_c/unitree_hg/msg/hand_state__type_support.cpp.o\x1b[0m\n'}
[39.848786] (-) TimerEvent: {}
[39.952982] (-) TimerEvent: {}
[39.998424] (unitree_hg) StdoutLine: {'line': b'[ 54%] \x1b[32mBuilding CXX object CMakeFiles/unitree_hg__rosidl_typesupport_c.dir/rosidl_typesupport_c/unitree_hg/msg/imu_state__type_support.cpp.o\x1b[0m\n'}
[40.053124] (-) TimerEvent: {}
[40.150416] (unitree_hg) StdoutLine: {'line': b'[ 55%] \x1b[32mBuilding CXX object CMakeFiles/unitree_hg__rosidl_typesupport_c.dir/rosidl_typesupport_c/unitree_hg/msg/low_cmd__type_support.cpp.o\x1b[0m\n'}
[40.153288] (-) TimerEvent: {}
[40.254091] (-) TimerEvent: {}
[40.311585] (unitree_hg) StdoutLine: {'line': b'[ 56%] \x1b[32mBuilding CXX object CMakeFiles/unitree_hg__rosidl_typesupport_c.dir/rosidl_typesupport_c/unitree_hg/msg/low_state__type_support.cpp.o\x1b[0m\n'}
[40.357460] (-) TimerEvent: {}
[40.392645] (cyclonedds) StdoutLine: {'line': b'[ 50%] \x1b[32mBuilding C object src/core/CMakeFiles/ddsc.dir/__/ddsrt/src/retcode.c.o\x1b[0m\n'}
[40.449729] (unitree_hg) StdoutLine: {'line': b'[ 57%] \x1b[32mBuilding CXX object CMakeFiles/unitree_hg__rosidl_typesupport_c.dir/rosidl_typesupport_c/unitree_hg/msg/main_board_state__type_support.cpp.o\x1b[0m\n'}
[40.457644] (-) TimerEvent: {}
[40.558634] (-) TimerEvent: {}
[40.580431] (cyclonedds) StdoutLine: {'line': b'[ 51%] \x1b[32mBuilding C object src/core/CMakeFiles/ddsc.dir/__/ddsrt/src/strtod.c.o\x1b[0m\n'}
[40.616549] (unitree_hg) StdoutLine: {'line': b'[ 57%] \x1b[32mBuilding CXX object CMakeFiles/unitree_hg__rosidl_typesupport_c.dir/rosidl_typesupport_c/unitree_hg/msg/motor_cmd__type_support.cpp.o\x1b[0m\n'}
[40.663415] (-) TimerEvent: {}
[40.767066] (-) TimerEvent: {}
[40.793165] (unitree_hg) StdoutLine: {'line': b'[ 58%] \x1b[32mBuilding CXX object CMakeFiles/unitree_hg__rosidl_typesupport_c.dir/rosidl_typesupport_c/unitree_hg/msg/motor_state__type_support.cpp.o\x1b[0m\n'}
[40.840973] (unitree_go) StdoutLine: {'line': b'[ 64%] \x1b[32mBuilding CXX object CMakeFiles/unitree_go__rosidl_typesupport_fastrtps_cpp.dir/rosidl_typesupport_fastrtps_cpp/unitree_go/msg/detail/dds_fastrtps/motor_state__type_support.cpp.o\x1b[0m\n'}
[40.867183] (-) TimerEvent: {}
[40.898465] (unitree_hg) StdoutLine: {'line': b'[ 59%] \x1b[32mBuilding CXX object CMakeFiles/unitree_hg__rosidl_typesupport_c.dir/rosidl_typesupport_c/unitree_hg/msg/press_sensor_state__type_support.cpp.o\x1b[0m\n'}
[40.967366] (-) TimerEvent: {}
[41.009005] (cyclonedds) StdoutLine: {'line': b'[ 51%] \x1b[32mBuilding C object src/core/CMakeFiles/ddsc.dir/__/ddsrt/src/strtol.c.o\x1b[0m\n'}
[41.047455] (unitree_hg) StdoutLine: {'line': b'[ 60%] \x1b[32m\x1b[1mLinking CXX shared library libunitree_hg__rosidl_typesupport_c.so\x1b[0m\n'}
[41.069542] (-) TimerEvent: {}
[41.171135] (-) TimerEvent: {}
[41.278259] (-) TimerEvent: {}
[41.289963] (unitree_hg) StdoutLine: {'line': b'[ 60%] Built target unitree_hg__rosidl_typesupport_c\n'}
[41.358822] (unitree_hg) StdoutLine: {'line': b'[ 60%] \x1b[34m\x1b[1mGenerating C introspection for ROS interfaces\x1b[0m\n'}
[41.378465] (-) TimerEvent: {}
[41.480263] (-) TimerEvent: {}
[41.559084] (cyclonedds) StdoutLine: {'line': b'[ 51%] \x1b[32mBuilding C object src/core/CMakeFiles/ddsc.dir/__/ddsrt/src/mh3.c.o\x1b[0m\n'}
[41.580450] (-) TimerEvent: {}
[41.682968] (-) TimerEvent: {}
[41.734763] (unitree_go) StdoutLine: {'line': b'[ 64%] \x1b[32mBuilding CXX object CMakeFiles/unitree_go__rosidl_typesupport_introspection_cpp.dir/rosidl_typesupport_introspection_cpp/unitree_go/msg/detail/path_point__type_support.cpp.o\x1b[0m\n'}
[41.754931] (cyclonedds) StdoutLine: {'line': b'[ 52%] \x1b[32mBuilding C object src/core/CMakeFiles/ddsc.dir/__/ddsrt/src/environ.c.o\x1b[0m\n'}
[41.785412] (-) TimerEvent: {}
[41.886041] (-) TimerEvent: {}
[41.983409] (cyclonedds) StdoutLine: {'line': b'[ 52%] \x1b[32mBuilding C object src/core/CMakeFiles/ddsc.dir/__/ddsrt/src/expand_vars.c.o\x1b[0m\n'}
[41.986166] (-) TimerEvent: {}
[42.086962] (-) TimerEvent: {}
[42.197413] (-) TimerEvent: {}
[42.225867] (unitree_go) StdoutLine: {'line': b'[ 65%] \x1b[32mBuilding CXX object CMakeFiles/unitree_go__rosidl_typesupport_fastrtps_cpp.dir/rosidl_typesupport_fastrtps_cpp/unitree_go/msg/detail/dds_fastrtps/motor_states__type_support.cpp.o\x1b[0m\n'}
[42.297550] (-) TimerEvent: {}
[42.398391] (-) TimerEvent: {}
[42.454881] (cyclonedds) StdoutLine: {'line': b'[ 53%] \x1b[32mBuilding C object src/core/CMakeFiles/ddsc.dir/__/ddsrt/src/fibheap.c.o\x1b[0m\n'}
[42.498575] (-) TimerEvent: {}
[42.602599] (-) TimerEvent: {}
[42.703271] (-) TimerEvent: {}
[42.804194] (-) TimerEvent: {}
[42.908917] (-) TimerEvent: {}
[42.993540] (cyclonedds) StdoutLine: {'line': b'[ 53%] \x1b[32mBuilding C object src/core/CMakeFiles/ddsc.dir/__/ddsrt/src/hopscotch.c.o\x1b[0m\n'}
[43.011444] (-) TimerEvent: {}
[43.112088] (-) TimerEvent: {}
[43.212901] (-) TimerEvent: {}
[43.287155] (unitree_go) StdoutLine: {'line': b'[ 66%] \x1b[32mBuilding CXX object CMakeFiles/unitree_go__rosidl_typesupport_introspection_cpp.dir/rosidl_typesupport_introspection_cpp/unitree_go/msg/detail/req__type_support.cpp.o\x1b[0m\n'}
[43.313060] (-) TimerEvent: {}
[43.413906] (-) TimerEvent: {}
[43.514673] (-) TimerEvent: {}
[43.626443] (-) TimerEvent: {}
[43.727044] (-) TimerEvent: {}
[43.827894] (-) TimerEvent: {}
[43.930495] (-) TimerEvent: {}
[44.031554] (-) TimerEvent: {}
[44.076140] (unitree_go) StdoutLine: {'line': b'[ 66%] \x1b[32mBuilding CXX object CMakeFiles/unitree_go__rosidl_typesupport_fastrtps_cpp.dir/rosidl_typesupport_fastrtps_cpp/unitree_go/msg/detail/dds_fastrtps/path_point__type_support.cpp.o\x1b[0m\n'}
[44.134441] (-) TimerEvent: {}
[44.232248] (cyclonedds) StdoutLine: {'line': b'[ 53%] \x1b[32mBuilding C object src/core/CMakeFiles/ddsc.dir/__/ddsrt/src/circlist.c.o\x1b[0m\n'}
[44.234585] (-) TimerEvent: {}
[44.335276] (unitree_hg) StdoutLine: {'line': b'[ 61%] \x1b[32mBuilding C object CMakeFiles/unitree_hg__rosidl_typesupport_introspection_c.dir/rosidl_typesupport_introspection_c/unitree_hg/msg/detail/bms_cmd__type_support.c.o\x1b[0m\n'}
[44.335686] (-) TimerEvent: {}
[44.438435] (-) TimerEvent: {}
[44.456018] (unitree_hg) StdoutLine: {'line': b'[ 62%] \x1b[32mBuilding C object CMakeFiles/unitree_hg__rosidl_typesupport_introspection_c.dir/rosidl_typesupport_introspection_c/unitree_hg/msg/detail/hand_cmd__type_support.c.o\x1b[0m\n'}
[44.477436] (cyclonedds) StdoutLine: {'line': b'[ 54%] \x1b[32mBuilding C object src/core/CMakeFiles/ddsc.dir/__/ddsrt/src/threads.c.o\x1b[0m\n'}
[44.543436] (-) TimerEvent: {}
[44.560669] (cyclonedds) StdoutLine: {'line': b'[ 54%] \x1b[32mBuilding C object src/core/CMakeFiles/ddsc.dir/__/ddsrt/src/string.c.o\x1b[0m\n'}
[44.646444] (-) TimerEvent: {}
[44.679746] (unitree_hg) StdoutLine: {'line': b'[ 63%] \x1b[32mBuilding C object CMakeFiles/unitree_hg__rosidl_typesupport_introspection_c.dir/rosidl_typesupport_introspection_c/unitree_hg/msg/detail/hand_state__type_support.c.o\x1b[0m\n'}
[44.751439] (-) TimerEvent: {}
[44.847432] (cyclonedds) StdoutLine: {'line': b'[ 54%] \x1b[32mBuilding C object src/core/CMakeFiles/ddsc.dir/__/ddsrt/src/sockets.c.o\x1b[0m\n'}
[44.851591] (-) TimerEvent: {}
[44.883527] (unitree_hg) StdoutLine: {'line': b'[ 64%] \x1b[32mBuilding C object CMakeFiles/unitree_hg__rosidl_typesupport_introspection_c.dir/rosidl_typesupport_introspection_c/unitree_hg/msg/detail/imu_state__type_support.c.o\x1b[0m\n'}
[44.951765] (-) TimerEvent: {}
[45.011720] (unitree_go) StdoutLine: {'line': b'[ 66%] \x1b[32mBuilding CXX object CMakeFiles/unitree_go__rosidl_typesupport_introspection_cpp.dir/rosidl_typesupport_introspection_cpp/unitree_go/msg/detail/res__type_support.cpp.o\x1b[0m\n'}
[45.051909] (-) TimerEvent: {}
[45.081940] (unitree_hg) StdoutLine: {'line': b'[ 65%] \x1b[32mBuilding C object CMakeFiles/unitree_hg__rosidl_typesupport_introspection_c.dir/rosidl_typesupport_introspection_c/unitree_hg/msg/detail/low_cmd__type_support.c.o\x1b[0m\n'}
[45.152071] (-) TimerEvent: {}
[45.195507] (unitree_hg) StdoutLine: {'line': b'[ 66%] \x1b[32mBuilding C object CMakeFiles/unitree_hg__rosidl_typesupport_introspection_c.dir/rosidl_typesupport_introspection_c/unitree_hg/msg/detail/low_state__type_support.c.o\x1b[0m\n'}
[45.252242] (-) TimerEvent: {}
[45.364733] (-) TimerEvent: {}
[45.423569] (unitree_hg) StdoutLine: {'line': b'[ 67%] \x1b[32mBuilding C object CMakeFiles/unitree_hg__rosidl_typesupport_introspection_c.dir/rosidl_typesupport_introspection_c/unitree_hg/msg/detail/main_board_state__type_support.c.o\x1b[0m\n'}
[45.464918] (-) TimerEvent: {}
[45.471751] (cyclonedds) StdoutLine: {'line': b'[ 55%] \x1b[32mBuilding C object src/core/CMakeFiles/ddsc.dir/__/ddsrt/src/md5.c.o\x1b[0m\n'}
[45.565094] (-) TimerEvent: {}
[45.634432] (unitree_go) StdoutLine: {'line': b'[ 67%] \x1b[32mBuilding CXX object CMakeFiles/unitree_go__rosidl_typesupport_fastrtps_cpp.dir/rosidl_typesupport_fastrtps_cpp/unitree_go/msg/detail/dds_fastrtps/req__type_support.cpp.o\x1b[0m\n'}
[45.641969] (unitree_hg) StdoutLine: {'line': b'[ 67%] \x1b[32mBuilding C object CMakeFiles/unitree_hg__rosidl_typesupport_introspection_c.dir/rosidl_typesupport_introspection_c/unitree_hg/msg/detail/motor_cmd__type_support.c.o\x1b[0m\n'}
[45.666436] (-) TimerEvent: {}
[45.774441] (-) TimerEvent: {}
[45.821496] (unitree_hg) StdoutLine: {'line': b'[ 68%] \x1b[32mBuilding C object CMakeFiles/unitree_hg__rosidl_typesupport_introspection_c.dir/rosidl_typesupport_introspection_c/unitree_hg/msg/detail/motor_state__type_support.c.o\x1b[0m\n'}
[45.874614] (-) TimerEvent: {}
[45.975225] (-) TimerEvent: {}
[46.043184] (unitree_hg) StdoutLine: {'line': b'[ 69%] \x1b[32mBuilding C object CMakeFiles/unitree_hg__rosidl_typesupport_introspection_c.dir/rosidl_typesupport_introspection_c/unitree_hg/msg/detail/press_sensor_state__type_support.c.o\x1b[0m\n'}
[46.071414] (cyclonedds) StdoutLine: {'line': b'[ 55%] \x1b[32mBuilding C object src/core/CMakeFiles/ddsc.dir/__/ddsrt/src/xmlparser.c.o\x1b[0m\n'}
[46.077418] (-) TimerEvent: {}
[46.186500] (-) TimerEvent: {}
[46.257569] (unitree_hg) StdoutLine: {'line': b'[ 70%] \x1b[32mBuilding C object CMakeFiles/unitree_hg__rosidl_typesupport_introspection_c.dir/rosidl_typesupport_introspection_c/unitree_hg/msg/detail/bms_state__type_support.c.o\x1b[0m\n'}
[46.286718] (-) TimerEvent: {}
[46.390447] (-) TimerEvent: {}
[46.491390] (-) TimerEvent: {}
[46.503290] (unitree_hg) StdoutLine: {'line': b'[ 71%] \x1b[32m\x1b[1mLinking C shared library libunitree_hg__rosidl_typesupport_introspection_c.so\x1b[0m\n'}
[46.591561] (-) TimerEvent: {}
[46.692844] (-) TimerEvent: {}
[46.703451] (unitree_hg) StdoutLine: {'line': b'[ 71%] Built target unitree_hg__rosidl_typesupport_introspection_c\n'}
[46.765622] (unitree_go) StdoutLine: {'line': b'[ 68%] \x1b[32mBuilding CXX object CMakeFiles/unitree_go__rosidl_typesupport_introspection_cpp.dir/rosidl_typesupport_introspection_cpp/unitree_go/msg/detail/sport_mode_cmd__type_support.cpp.o\x1b[0m\n'}
[46.770579] (unitree_hg) StdoutLine: {'line': b'[ 71%] \x1b[34m\x1b[1mGenerating C type support for eProsima Fast-RTPS\x1b[0m\n'}
[46.794418] (-) TimerEvent: {}
[46.896287] (-) TimerEvent: {}
[46.998992] (-) TimerEvent: {}
[47.071651] (cyclonedds) StdoutLine: {'line': b'[ 56%] \x1b[32mBuilding C object src/core/CMakeFiles/ddsc.dir/__/ddsrt/src/ifaddrs.c.o\x1b[0m\n'}
[47.101421] (-) TimerEvent: {}
[47.202059] (-) TimerEvent: {}
[47.305439] (-) TimerEvent: {}
[47.326066] (cyclonedds) StdoutLine: {'line': b'[ 56%] \x1b[32mBuilding C object src/core/CMakeFiles/ddsc.dir/__/ddsrt/src/cdtors.c.o\x1b[0m\n'}
[47.405623] (-) TimerEvent: {}
[47.509415] (-) TimerEvent: {}
[47.579448] (unitree_go) StdoutLine: {'line': b'[ 68%] \x1b[32mBuilding CXX object CMakeFiles/unitree_go__rosidl_typesupport_fastrtps_cpp.dir/rosidl_typesupport_fastrtps_cpp/unitree_go/msg/detail/dds_fastrtps/res__type_support.cpp.o\x1b[0m\n'}
[47.606434] (cyclonedds) StdoutLine: {'line': b'[ 56%] \x1b[32mBuilding C object src/core/CMakeFiles/ddsc.dir/__/ddsrt/src/random.c.o\x1b[0m\n'}
[47.609563] (-) TimerEvent: {}
[47.710255] (-) TimerEvent: {}
[47.810952] (-) TimerEvent: {}
[47.914410] (-) TimerEvent: {}
[48.014910] (-) TimerEvent: {}
[48.101657] (cyclonedds) StdoutLine: {'line': b'[ 57%] \x1b[32mBuilding C object src/core/CMakeFiles/ddsc.dir/__/ddsrt/src/time.c.o\x1b[0m\n'}
[48.115141] (-) TimerEvent: {}
[48.217424] (-) TimerEvent: {}
[48.309909] (cyclonedds) StdoutLine: {'line': b'[ 57%] \x1b[32mBuilding C object src/core/CMakeFiles/ddsc.dir/__/ddsrt/src/ifaddrs/posix/ifaddrs.c.o\x1b[0m\n'}
[48.317562] (-) TimerEvent: {}
[48.418389] (-) TimerEvent: {}
[48.523538] (-) TimerEvent: {}
[48.626117] (-) TimerEvent: {}
[48.678624] (unitree_go) StdoutLine: {'line': b'[ 68%] \x1b[32mBuilding CXX object CMakeFiles/unitree_go__rosidl_typesupport_introspection_cpp.dir/rosidl_typesupport_introspection_cpp/unitree_go/msg/detail/sport_mode_state__type_support.cpp.o\x1b[0m\n'}
[48.726272] (-) TimerEvent: {}
[48.806002] (cyclonedds) StdoutLine: {'line': b'[ 57%] \x1b[32mBuilding C object src/core/CMakeFiles/ddsc.dir/__/ddsrt/src/sockets/posix/socket.c.o\x1b[0m\n'}
[48.826487] (-) TimerEvent: {}
[48.930444] (-) TimerEvent: {}
[49.031025] (-) TimerEvent: {}
[49.131644] (-) TimerEvent: {}
[49.234848] (-) TimerEvent: {}
[49.309770] (cyclonedds) StdoutLine: {'line': b'[ 58%] \x1b[32mBuilding C object src/core/CMakeFiles/ddsc.dir/__/ddsrt/src/sockets/posix/gethostname.c.o\x1b[0m\n'}
[49.335028] (-) TimerEvent: {}
[49.435978] (-) TimerEvent: {}
[49.513803] (cyclonedds) StdoutLine: {'line': b'[ 58%] \x1b[32mBuilding C object src/core/CMakeFiles/ddsc.dir/__/ddsrt/src/heap/posix/heap.c.o\x1b[0m\n'}
[49.539641] (-) TimerEvent: {}
[49.605853] (unitree_go) StdoutLine: {'line': b'[ 69%] \x1b[32mBuilding CXX object CMakeFiles/unitree_go__rosidl_typesupport_fastrtps_cpp.dir/rosidl_typesupport_fastrtps_cpp/unitree_go/msg/detail/dds_fastrtps/sport_mode_cmd__type_support.cpp.o\x1b[0m\n'}
[49.639780] (-) TimerEvent: {}
[49.740371] (cyclonedds) StdoutLine: {'line': b'[ 59%] \x1b[32mBuilding C object src/core/CMakeFiles/ddsc.dir/__/ddsrt/src/dynlib/posix/dynlib.c.o\x1b[0m\n'}
[49.741882] (-) TimerEvent: {}
[49.844456] (-) TimerEvent: {}
[49.899888] (unitree_hg) StdoutLine: {'line': b'[ 72%] \x1b[32mBuilding CXX object CMakeFiles/unitree_hg__rosidl_typesupport_fastrtps_c.dir/rosidl_typesupport_fastrtps_c/unitree_hg/msg/detail/bms_cmd__type_support_c.cpp.o\x1b[0m\n'}
[49.944595] (-) TimerEvent: {}
[50.017015] (cyclonedds) StdoutLine: {'line': b'[ 59%] \x1b[32mBuilding C object src/core/CMakeFiles/ddsc.dir/__/ddsrt/src/environ/posix/environ.c.o\x1b[0m\n'}
[50.047453] (-) TimerEvent: {}
[50.148280] (-) TimerEvent: {}
[50.254448] (-) TimerEvent: {}
[50.305565] (cyclonedds) StdoutLine: {'line': b'[ 59%] \x1b[32mBuilding C object src/core/CMakeFiles/ddsc.dir/__/ddsrt/src/filesystem/posix/filesystem.c.o\x1b[0m\n'}
[50.354593] (-) TimerEvent: {}
[50.433942] (unitree_go) StdoutLine: {'line': b'[ 70%] \x1b[32mBuilding CXX object CMakeFiles/unitree_go__rosidl_typesupport_introspection_cpp.dir/rosidl_typesupport_introspection_cpp/unitree_go/msg/detail/time_spec__type_support.cpp.o\x1b[0m\n'}
[50.454766] (-) TimerEvent: {}
[50.530445] (cyclonedds) StdoutLine: {'line': b'[ 60%] \x1b[32mBuilding C object src/core/CMakeFiles/ddsc.dir/__/ddsrt/src/process/posix/process.c.o\x1b[0m\n'}
[50.555043] (-) TimerEvent: {}
[50.660648] (-) TimerEvent: {}
[50.767752] (-) TimerEvent: {}
[50.877113] (-) TimerEvent: {}
[50.931477] (cyclonedds) StdoutLine: {'line': b'[ 60%] \x1b[32mBuilding C object src/core/CMakeFiles/ddsc.dir/__/ddsrt/src/random/posix/random.c.o\x1b[0m\n'}
[50.977275] (-) TimerEvent: {}
[51.078078] (-) TimerEvent: {}
[51.097794] (unitree_go) StdoutLine: {'line': b'[ 70%] \x1b[32mBuilding CXX object CMakeFiles/unitree_go__rosidl_typesupport_fastrtps_cpp.dir/rosidl_typesupport_fastrtps_cpp/unitree_go/msg/detail/dds_fastrtps/sport_mode_state__type_support.cpp.o\x1b[0m\n'}
[51.125098] (cyclonedds) StdoutLine: {'line': b'[ 61%] \x1b[32mBuilding C object src/core/CMakeFiles/ddsc.dir/__/ddsrt/src/sync/posix/sync.c.o\x1b[0m\n'}
[51.182426] (-) TimerEvent: {}
[51.283463] (-) TimerEvent: {}
[51.387685] (-) TimerEvent: {}
[51.498768] (-) TimerEvent: {}
[51.546852] (cyclonedds) StdoutLine: {'line': b'[ 61%] \x1b[32mBuilding C object src/core/CMakeFiles/ddsc.dir/__/ddsrt/src/threads/posix/threads.c.o\x1b[0m\n'}
[51.598924] (-) TimerEvent: {}
[51.698547] (unitree_hg) StdoutLine: {'line': b'[ 73%] \x1b[32mBuilding CXX object CMakeFiles/unitree_hg__rosidl_typesupport_fastrtps_c.dir/rosidl_typesupport_fastrtps_c/unitree_hg/msg/detail/hand_state__type_support_c.cpp.o\x1b[0m\n'}
[51.698972] (-) TimerEvent: {}
[51.805451] (-) TimerEvent: {}
[51.906012] (-) TimerEvent: {}
[51.927413] (cyclonedds) StdoutLine: {'line': b'[ 61%] \x1b[32mBuilding C object src/core/CMakeFiles/ddsc.dir/__/ddsrt/src/netstat/linux/netstat.c.o\x1b[0m\n'}
[52.007427] (-) TimerEvent: {}
[52.092095] (unitree_go) StdoutLine: {'line': b'[ 70%] \x1b[32mBuilding CXX object CMakeFiles/unitree_go__rosidl_typesupport_introspection_cpp.dir/rosidl_typesupport_introspection_cpp/unitree_go/msg/detail/uwb_state__type_support.cpp.o\x1b[0m\n'}
[52.108428] (-) TimerEvent: {}
[52.172123] (cyclonedds) StdoutLine: {'line': b'[ 62%] \x1b[32mBuilding C object src/core/CMakeFiles/ddsc.dir/__/ddsrt/src/time/posix/time.c.o\x1b[0m\n'}
[52.209462] (-) TimerEvent: {}
[52.310336] (-) TimerEvent: {}
[52.412086] (-) TimerEvent: {}
[52.477058] (cyclonedds) StdoutLine: {'line': b'[ 62%] \x1b[32mBuilding C object src/core/CMakeFiles/ddsc.dir/__/ddsrt/src/rusage/posix/rusage.c.o\x1b[0m\n'}
[52.512266] (-) TimerEvent: {}
[52.613235] (-) TimerEvent: {}
[52.685673] (unitree_go) StdoutLine: {'line': b'[ 71%] \x1b[32mBuilding CXX object CMakeFiles/unitree_go__rosidl_typesupport_fastrtps_cpp.dir/rosidl_typesupport_fastrtps_cpp/unitree_go/msg/detail/dds_fastrtps/time_spec__type_support.cpp.o\x1b[0m\n'}
[52.716426] (-) TimerEvent: {}
[52.817476] (-) TimerEvent: {}
[52.918229] (-) TimerEvent: {}
[52.925726] (cyclonedds) StdoutLine: {'line': b'[ 62%] \x1b[32mBuilding C object src/core/CMakeFiles/ddsc.dir/ddsc/src/dds_topic.c.o\x1b[0m\n'}
[53.020445] (-) TimerEvent: {}
[53.121432] (-) TimerEvent: {}
[53.126902] (unitree_hg) StdoutLine: {'line': b'[ 74%] \x1b[32mBuilding CXX object CMakeFiles/unitree_hg__rosidl_typesupport_fastrtps_c.dir/rosidl_typesupport_fastrtps_c/unitree_hg/msg/detail/imu_state__type_support_c.cpp.o\x1b[0m\n'}
[53.223449] (-) TimerEvent: {}
[53.324824] (-) TimerEvent: {}
[53.425953] (-) TimerEvent: {}
[53.529763] (-) TimerEvent: {}
[53.631012] (-) TimerEvent: {}
[53.732058] (-) TimerEvent: {}
[53.832675] (-) TimerEvent: {}
[53.936816] (-) TimerEvent: {}
[54.037441] (-) TimerEvent: {}
[54.117466] (unitree_go) StdoutLine: {'line': b'[ 72%] \x1b[32mBuilding CXX object CMakeFiles/unitree_go__rosidl_typesupport_introspection_cpp.dir/rosidl_typesupport_introspection_cpp/unitree_go/msg/detail/uwb_switch__type_support.cpp.o\x1b[0m\n'}
[54.127875] (cyclonedds) StdoutLine: {'line': b'[ 63%] \x1b[32mBuilding C object src/core/CMakeFiles/ddsc.dir/ddsc/src/dds_querycond.c.o\x1b[0m\n'}
[54.139427] (-) TimerEvent: {}
[54.247962] (-) TimerEvent: {}
[54.296560] (unitree_hg) StdoutLine: {'line': b'[ 75%] \x1b[32mBuilding CXX object CMakeFiles/unitree_hg__rosidl_typesupport_fastrtps_c.dir/rosidl_typesupport_fastrtps_c/unitree_hg/msg/detail/low_cmd__type_support_c.cpp.o\x1b[0m\n'}
[54.348119] (-) TimerEvent: {}
[54.390138] (unitree_go) StdoutLine: {'line': b'[ 72%] \x1b[32mBuilding CXX object CMakeFiles/unitree_go__rosidl_typesupport_fastrtps_cpp.dir/rosidl_typesupport_fastrtps_cpp/unitree_go/msg/detail/dds_fastrtps/uwb_state__type_support.cpp.o\x1b[0m\n'}
[54.448277] (-) TimerEvent: {}
[54.552829] (-) TimerEvent: {}
[54.610111] (cyclonedds) StdoutLine: {'line': b'[ 63%] \x1b[32m\x1b[1mLinking C shared library ../../lib/libddsc.so\x1b[0m\n'}
[54.652969] (-) TimerEvent: {}
[54.753619] (-) TimerEvent: {}
[54.856927] (-) TimerEvent: {}
[54.958827] (-) TimerEvent: {}
[55.065695] (-) TimerEvent: {}
[55.166378] (-) TimerEvent: {}
[55.267408] (-) TimerEvent: {}
[55.368072] (-) TimerEvent: {}
[55.426258] (unitree_go) StdoutLine: {'line': b'[ 72%] \x1b[32mBuilding CXX object CMakeFiles/unitree_go__rosidl_typesupport_introspection_cpp.dir/rosidl_typesupport_introspection_cpp/unitree_go/msg/detail/wireless_controller__type_support.cpp.o\x1b[0m\n'}
[55.468254] (-) TimerEvent: {}
[55.569120] (-) TimerEvent: {}
[55.690359] (-) TimerEvent: {}
[55.754428] (unitree_hg) StdoutLine: {'line': b'[ 76%] \x1b[32mBuilding CXX object CMakeFiles/unitree_hg__rosidl_typesupport_fastrtps_c.dir/rosidl_typesupport_fastrtps_c/unitree_hg/msg/detail/low_state__type_support_c.cpp.o\x1b[0m\n'}
[55.791451] (-) TimerEvent: {}
[55.892019] (-) TimerEvent: {}
[56.002413] (-) TimerEvent: {}
[56.105419] (-) TimerEvent: {}
[56.206373] (-) TimerEvent: {}
[56.272532] (cyclonedds) StdoutLine: {'line': b'[ 87%] Built target ddsc\n'}
[56.306501] (-) TimerEvent: {}
[56.373508] (unitree_go) StdoutLine: {'line': b'[ 73%] \x1b[32mBuilding CXX object CMakeFiles/unitree_go__rosidl_typesupport_fastrtps_cpp.dir/rosidl_typesupport_fastrtps_cpp/unitree_go/msg/detail/dds_fastrtps/uwb_switch__type_support.cpp.o\x1b[0m\n'}
[56.374191] (cyclonedds) StdoutLine: {'line': b'[ 88%] \x1b[32mBuilding C object src/tools/idlc/CMakeFiles/idlc.dir/src/idlc.c.o\x1b[0m\n'}
[56.406632] (-) TimerEvent: {}
[56.507188] (-) TimerEvent: {}
[56.607815] (-) TimerEvent: {}
[56.708424] (-) TimerEvent: {}
[56.808999] (-) TimerEvent: {}
[56.892214] (unitree_hg) StdoutLine: {'line': b'[ 77%] \x1b[32mBuilding CXX object CMakeFiles/unitree_hg__rosidl_typesupport_fastrtps_c.dir/rosidl_typesupport_fastrtps_c/unitree_hg/msg/detail/main_board_state__type_support_c.cpp.o\x1b[0m\n'}
[56.909186] (-) TimerEvent: {}
[56.966417] (unitree_go) StdoutLine: {'line': b'[ 74%] \x1b[32m\x1b[1mLinking CXX shared library libunitree_go__rosidl_typesupport_introspection_cpp.so\x1b[0m\n'}
[57.011461] (-) TimerEvent: {}
[57.037492] (cyclonedds) StdoutLine: {'line': b'[ 88%] \x1b[32mBuilding C object src/tools/idlc/CMakeFiles/idlc.dir/src/plugin.c.o\x1b[0m\n'}
[57.111596] (-) TimerEvent: {}
[57.214415] (-) TimerEvent: {}
[57.271366] (cyclonedds) StdoutLine: {'line': b'[ 89%] \x1b[32mBuilding C object src/tools/idlc/CMakeFiles/idlc.dir/src/options.c.o\x1b[0m\n'}
[57.299525] (unitree_go) StdoutLine: {'line': b'[ 74%] Built target unitree_go__rosidl_typesupport_introspection_cpp\n'}
[57.317431] (-) TimerEvent: {}
[57.420824] (-) TimerEvent: {}
[57.452391] (unitree_go) StdoutLine: {'line': b'[ 74%] \x1b[32mBuilding CXX object CMakeFiles/unitree_go__rosidl_typesupport_fastrtps_cpp.dir/rosidl_typesupport_fastrtps_cpp/unitree_go/msg/detail/dds_fastrtps/wireless_controller__type_support.cpp.o\x1b[0m\n'}
[57.520960] (-) TimerEvent: {}
[57.599467] (cyclonedds) StdoutLine: {'line': b'[ 89%] \x1b[32mBuilding C object src/tools/idlc/CMakeFiles/idlc.dir/src/generator.c.o\x1b[0m\n'}
[57.621103] (-) TimerEvent: {}
[57.722087] (-) TimerEvent: {}
[57.823547] (-) TimerEvent: {}
[57.873168] (unitree_hg) StdoutLine: {'line': b'[ 77%] \x1b[32mBuilding CXX object CMakeFiles/unitree_hg__rosidl_typesupport_fastrtps_c.dir/rosidl_typesupport_fastrtps_c/unitree_hg/msg/detail/motor_cmd__type_support_c.cpp.o\x1b[0m\n'}
[57.923703] (-) TimerEvent: {}
[57.970249] (cyclonedds) StdoutLine: {'line': b'[ 89%] \x1b[32mBuilding C object src/tools/idlc/CMakeFiles/idlc.dir/src/descriptor.c.o\x1b[0m\n'}
[58.023863] (-) TimerEvent: {}
[58.125115] (-) TimerEvent: {}
[58.226651] (-) TimerEvent: {}
[58.327430] (-) TimerEvent: {}
[58.404919] (unitree_go) StdoutLine: {'line': b'[ 75%] \x1b[32m\x1b[1mLinking CXX shared library libunitree_go__rosidl_typesupport_fastrtps_cpp.so\x1b[0m\n'}
[58.427604] (-) TimerEvent: {}
[58.530670] (-) TimerEvent: {}
[58.632408] (-) TimerEvent: {}
[58.697521] (unitree_go) StdoutLine: {'line': b'[ 75%] Built target unitree_go__rosidl_typesupport_fastrtps_cpp\n'}
[58.724430] (unitree_go) StdoutLine: {'line': b'[ 75%] \x1b[34m\x1b[1mGenerating C type support dispatch for ROS interfaces\x1b[0m\n'}
[58.732575] (-) TimerEvent: {}
[58.741670] (unitree_hg) StdoutLine: {'line': b'[ 78%] \x1b[32mBuilding CXX object CMakeFiles/unitree_hg__rosidl_typesupport_fastrtps_c.dir/rosidl_typesupport_fastrtps_c/unitree_hg/msg/detail/motor_state__type_support_c.cpp.o\x1b[0m\n'}
[58.834423] (-) TimerEvent: {}
[58.934955] (-) TimerEvent: {}
[59.035588] (-) TimerEvent: {}
[59.136228] (-) TimerEvent: {}
[59.237430] (-) TimerEvent: {}
[59.340396] (-) TimerEvent: {}
[59.441822] (-) TimerEvent: {}
[59.527088] (unitree_hg) StdoutLine: {'line': b'[ 79%] \x1b[32mBuilding CXX object CMakeFiles/unitree_hg__rosidl_typesupport_fastrtps_c.dir/rosidl_typesupport_fastrtps_c/unitree_hg/msg/detail/press_sensor_state__type_support_c.cpp.o\x1b[0m\n'}
[59.542004] (-) TimerEvent: {}
[59.645938] (-) TimerEvent: {}
[59.750182] (-) TimerEvent: {}
[59.851639] (-) TimerEvent: {}
[59.919947] (cyclonedds) StdoutLine: {'line': b'[ 90%] \x1b[32mBuilding C object src/tools/idlc/CMakeFiles/idlc.dir/src/types.c.o\x1b[0m\n'}
[59.954418] (-) TimerEvent: {}
[60.056064] (-) TimerEvent: {}
[60.156695] (-) TimerEvent: {}
[60.257213] (-) TimerEvent: {}
[60.317431] (unitree_hg) StdoutLine: {'line': b'[ 80%] \x1b[32mBuilding CXX object CMakeFiles/unitree_hg__rosidl_typesupport_fastrtps_c.dir/rosidl_typesupport_fastrtps_c/unitree_hg/msg/detail/hand_cmd__type_support_c.cpp.o\x1b[0m\n'}
[60.358391] (-) TimerEvent: {}
[60.445841] (cyclonedds) StdoutLine: {'line': b'[ 90%] \x1b[32mBuilding C object src/tools/idlc/CMakeFiles/idlc.dir/src/descriptor_type_meta.c.o\x1b[0m\n'}
[60.459446] (-) TimerEvent: {}
[60.560265] (-) TimerEvent: {}
[60.662430] (-) TimerEvent: {}
[60.763423] (-) TimerEvent: {}
[60.864292] (-) TimerEvent: {}
[60.966956] (-) TimerEvent: {}
[61.067990] (-) TimerEvent: {}
[61.128158] (unitree_hg) StdoutLine: {'line': b'[ 81%] \x1b[32mBuilding CXX object CMakeFiles/unitree_hg__rosidl_typesupport_fastrtps_c.dir/rosidl_typesupport_fastrtps_c/unitree_hg/msg/detail/bms_state__type_support_c.cpp.o\x1b[0m\n'}
[61.168129] (-) TimerEvent: {}
[61.268939] (-) TimerEvent: {}
[61.369710] (-) TimerEvent: {}
[61.420466] (unitree_go) StdoutLine: {'line': b'[ 75%] \x1b[32mBuilding CXX object CMakeFiles/unitree_go__rosidl_typesupport_c.dir/rosidl_typesupport_c/unitree_go/msg/audio_data__type_support.cpp.o\x1b[0m\n'}
[61.469867] (-) TimerEvent: {}
[61.501570] (unitree_go) StdoutLine: {'line': b'[ 76%] \x1b[32mBuilding CXX object CMakeFiles/unitree_go__rosidl_typesupport_c.dir/rosidl_typesupport_c/unitree_go/msg/error__type_support.cpp.o\x1b[0m\n'}
[61.553552] (cyclonedds) StdoutLine: {'line': b'[ 90%] \x1b[32m\x1b[1mLinking C executable ../../../bin/idlc\x1b[0m\n'}
[61.570025] (-) TimerEvent: {}
[61.581684] (unitree_go) StdoutLine: {'line': b'[ 76%] \x1b[32mBuilding CXX object CMakeFiles/unitree_go__rosidl_typesupport_c.dir/rosidl_typesupport_c/unitree_go/msg/go2_front_video_data__type_support.cpp.o\x1b[0m\n'}
[61.661794] (unitree_go) StdoutLine: {'line': b'[ 77%] \x1b[32mBuilding CXX object CMakeFiles/unitree_go__rosidl_typesupport_c.dir/rosidl_typesupport_c/unitree_go/msg/height_map__type_support.cpp.o\x1b[0m\n'}
[61.670168] (-) TimerEvent: {}
[61.749380] (unitree_go) StdoutLine: {'line': b'[ 77%] \x1b[32mBuilding CXX object CMakeFiles/unitree_go__rosidl_typesupport_c.dir/rosidl_typesupport_c/unitree_go/msg/imu_state__type_support.cpp.o\x1b[0m\n'}
[61.770366] (-) TimerEvent: {}
[61.855414] (cyclonedds) StdoutLine: {'line': b'[ 90%] Built target idlc\n'}
[61.871962] (-) TimerEvent: {}
[61.888767] (unitree_go) StdoutLine: {'line': b'[ 78%] \x1b[32mBuilding CXX object CMakeFiles/unitree_go__rosidl_typesupport_c.dir/rosidl_typesupport_c/unitree_go/msg/interface_config__type_support.cpp.o\x1b[0m\n'}
[61.921467] (cyclonedds) StdoutLine: {'line': b'[ 91%] \x1b[32mBuilding C object src/security/builtin_plugins/cryptographic/CMakeFiles/dds_security_crypto.dir/src/crypto_cipher.c.o\x1b[0m\n'}
[61.964561] (unitree_go) StdoutLine: {'line': b'[ 78%] \x1b[32mBuilding CXX object CMakeFiles/unitree_go__rosidl_typesupport_c.dir/rosidl_typesupport_c/unitree_go/msg/lidar_state__type_support.cpp.o\x1b[0m\n'}
[61.974439] (-) TimerEvent: {}
[62.033519] (unitree_hg) StdoutLine: {'line': b'[ 82%] \x1b[32m\x1b[1mLinking CXX shared library libunitree_hg__rosidl_typesupport_fastrtps_c.so\x1b[0m\n'}
[62.041850] (unitree_go) StdoutLine: {'line': b'[ 79%] \x1b[32mBuilding CXX object CMakeFiles/unitree_go__rosidl_typesupport_c.dir/rosidl_typesupport_c/unitree_go/msg/low_cmd__type_support.cpp.o\x1b[0m\n'}
[62.074575] (-) TimerEvent: {}
[62.147621] (unitree_go) StdoutLine: {'line': b'[ 79%] \x1b[32mBuilding CXX object CMakeFiles/unitree_go__rosidl_typesupport_c.dir/rosidl_typesupport_c/unitree_go/msg/low_state__type_support.cpp.o\x1b[0m\n'}
[62.174724] (-) TimerEvent: {}
[62.253428] (unitree_go) StdoutLine: {'line': b'[ 80%] \x1b[32mBuilding CXX object CMakeFiles/unitree_go__rosidl_typesupport_c.dir/rosidl_typesupport_c/unitree_go/msg/motor_cmd__type_support.cpp.o\x1b[0m\n'}
[62.274855] (-) TimerEvent: {}
[62.286478] (unitree_hg) StdoutLine: {'line': b'[ 82%] Built target unitree_hg__rosidl_typesupport_fastrtps_c\n'}
[62.326417] (unitree_go) StdoutLine: {'line': b'[ 80%] \x1b[32mBuilding CXX object CMakeFiles/unitree_go__rosidl_typesupport_c.dir/rosidl_typesupport_c/unitree_go/msg/motor_cmds__type_support.cpp.o\x1b[0m\n'}
[62.336566] (unitree_hg) StdoutLine: {'line': b'[ 82%] Built target unitree_hg\n'}
[62.375024] (-) TimerEvent: {}
[62.382276] (cyclonedds) StdoutLine: {'line': b'[ 91%] \x1b[32mBuilding C object src/security/builtin_plugins/cryptographic/CMakeFiles/dds_security_crypto.dir/src/crypto_key_exchange.c.o\x1b[0m\n'}
[62.398475] (unitree_go) StdoutLine: {'line': b'[ 80%] \x1b[32mBuilding CXX object CMakeFiles/unitree_go__rosidl_typesupport_c.dir/rosidl_typesupport_c/unitree_go/msg/motor_state__type_support.cpp.o\x1b[0m\n'}
[62.410966] (unitree_hg) StdoutLine: {'line': b'[ 83%] \x1b[34m\x1b[1mGenerating Python code for ROS interfaces\x1b[0m\n'}
[62.462352] (unitree_go) StdoutLine: {'line': b'[ 81%] \x1b[32mBuilding CXX object CMakeFiles/unitree_go__rosidl_typesupport_c.dir/rosidl_typesupport_c/unitree_go/msg/motor_states__type_support.cpp.o\x1b[0m\n'}
[62.480449] (-) TimerEvent: {}
[62.549411] (unitree_go) StdoutLine: {'line': b'[ 81%] \x1b[32mBuilding CXX object CMakeFiles/unitree_go__rosidl_typesupport_c.dir/rosidl_typesupport_c/unitree_go/msg/path_point__type_support.cpp.o\x1b[0m\n'}
[62.581489] (-) TimerEvent: {}
[62.676057] (unitree_go) StdoutLine: {'line': b'[ 82%] \x1b[32mBuilding CXX object CMakeFiles/unitree_go__rosidl_typesupport_c.dir/rosidl_typesupport_c/unitree_go/msg/req__type_support.cpp.o\x1b[0m\n'}
[62.681625] (-) TimerEvent: {}
[62.785426] (-) TimerEvent: {}
[62.821548] (unitree_go) StdoutLine: {'line': b'[ 82%] \x1b[32mBuilding CXX object CMakeFiles/unitree_go__rosidl_typesupport_c.dir/rosidl_typesupport_c/unitree_go/msg/res__type_support.cpp.o\x1b[0m\n'}
[62.888418] (-) TimerEvent: {}
[62.937727] (unitree_go) StdoutLine: {'line': b'[ 83%] \x1b[32mBuilding CXX object CMakeFiles/unitree_go__rosidl_typesupport_c.dir/rosidl_typesupport_c/unitree_go/msg/sport_mode_cmd__type_support.cpp.o\x1b[0m\n'}
[62.990421] (-) TimerEvent: {}
[63.009137] (unitree_go) StdoutLine: {'line': b'[ 83%] \x1b[32mBuilding CXX object CMakeFiles/unitree_go__rosidl_typesupport_c.dir/rosidl_typesupport_c/unitree_go/msg/sport_mode_state__type_support.cpp.o\x1b[0m\n'}
[63.082482] (unitree_go) StdoutLine: {'line': b'[ 84%] \x1b[32mBuilding CXX object CMakeFiles/unitree_go__rosidl_typesupport_c.dir/rosidl_typesupport_c/unitree_go/msg/time_spec__type_support.cpp.o\x1b[0m\n'}
[63.092454] (-) TimerEvent: {}
[63.101713] (cyclonedds) StdoutLine: {'line': b'[ 91%] \x1b[32mBuilding C object src/security/builtin_plugins/cryptographic/CMakeFiles/dds_security_crypto.dir/src/crypto_key_factory.c.o\x1b[0m\n'}
[63.148897] (unitree_go) StdoutLine: {'line': b'[ 84%] \x1b[32mBuilding CXX object CMakeFiles/unitree_go__rosidl_typesupport_c.dir/rosidl_typesupport_c/unitree_go/msg/uwb_state__type_support.cpp.o\x1b[0m\n'}
[63.192611] (-) TimerEvent: {}
[63.218414] (unitree_go) StdoutLine: {'line': b'[ 85%] \x1b[32mBuilding CXX object CMakeFiles/unitree_go__rosidl_typesupport_c.dir/rosidl_typesupport_c/unitree_go/msg/uwb_switch__type_support.cpp.o\x1b[0m\n'}
[63.281536] (unitree_go) StdoutLine: {'line': b'[ 85%] \x1b[32mBuilding CXX object CMakeFiles/unitree_go__rosidl_typesupport_c.dir/rosidl_typesupport_c/unitree_go/msg/wireless_controller__type_support.cpp.o\x1b[0m\n'}
[63.292743] (-) TimerEvent: {}
[63.351349] (unitree_go) StdoutLine: {'line': b'[ 85%] \x1b[32mBuilding CXX object CMakeFiles/unitree_go__rosidl_typesupport_c.dir/rosidl_typesupport_c/unitree_go/msg/bms_state__type_support.cpp.o\x1b[0m\n'}
[63.392893] (-) TimerEvent: {}
[63.423258] (unitree_go) StdoutLine: {'line': b'[ 86%] \x1b[32mBuilding CXX object CMakeFiles/unitree_go__rosidl_typesupport_c.dir/rosidl_typesupport_c/unitree_go/msg/bms_cmd__type_support.cpp.o\x1b[0m\n'}
[63.488406] (unitree_go) StdoutLine: {'line': b'[ 87%] \x1b[32m\x1b[1mLinking CXX shared library libunitree_go__rosidl_typesupport_c.so\x1b[0m\n'}
[63.493041] (-) TimerEvent: {}
[63.596567] (-) TimerEvent: {}
[63.606404] (unitree_go) StdoutLine: {'line': b'[ 87%] Built target unitree_go__rosidl_typesupport_c\n'}
[63.652491] (unitree_go) StdoutLine: {'line': b'[ 87%] Built target unitree_go\n'}
[63.696705] (-) TimerEvent: {}
[63.704090] (unitree_go) StdoutLine: {'line': b'[ 88%] \x1b[34m\x1b[1mGenerating Python code for ROS interfaces\x1b[0m\n'}
[63.796857] (-) TimerEvent: {}
[63.897796] (-) TimerEvent: {}
[63.998372] (-) TimerEvent: {}
[64.068404] (cyclonedds) StdoutLine: {'line': b'[ 92%] \x1b[32mBuilding C object src/security/builtin_plugins/cryptographic/CMakeFiles/dds_security_crypto.dir/src/crypto_objects.c.o\x1b[0m\n'}
[64.098493] (-) TimerEvent: {}
[64.199483] (-) TimerEvent: {}
[64.300657] (-) TimerEvent: {}
[64.403397] (-) TimerEvent: {}
[64.503861] (-) TimerEvent: {}
[64.604409] (-) TimerEvent: {}
[64.670465] (cyclonedds) StdoutLine: {'line': b'[ 92%] \x1b[32mBuilding C object src/security/builtin_plugins/cryptographic/CMakeFiles/dds_security_crypto.dir/src/crypto_transform.c.o\x1b[0m\n'}
[64.704534] (-) TimerEvent: {}
[64.805032] (-) TimerEvent: {}
[64.906442] (-) TimerEvent: {}
[65.006990] (-) TimerEvent: {}
[65.108387] (-) TimerEvent: {}
[65.208881] (-) TimerEvent: {}
[65.310396] (-) TimerEvent: {}
[65.410900] (-) TimerEvent: {}
[65.512415] (-) TimerEvent: {}
[65.613024] (-) TimerEvent: {}
[65.649992] (cyclonedds) StdoutLine: {'line': b'[ 93%] \x1b[32mBuilding C object src/security/builtin_plugins/cryptographic/CMakeFiles/dds_security_crypto.dir/src/crypto_utils.c.o\x1b[0m\n'}
[65.713121] (-) TimerEvent: {}
[65.813947] (-) TimerEvent: {}
[65.917936] (-) TimerEvent: {}
[65.970222] (unitree_hg) StdoutLine: {'line': b'[ 83%] Built target unitree_hg__py\n'}
[66.018186] (-) TimerEvent: {}
[66.026595] (cyclonedds) StdoutLine: {'line': b'[ 93%] \x1b[32mBuilding C object src/security/builtin_plugins/cryptographic/CMakeFiles/dds_security_crypto.dir/src/cryptography.c.o\x1b[0m\n'}
[66.030121] (unitree_hg) StdoutLine: {'line': b'[ 84%] \x1b[32mBuilding C object CMakeFiles/unitree_hg__rosidl_generator_py.dir/rosidl_generator_py/unitree_hg/msg/_bms_cmd_s.c.o\x1b[0m\n'}
[66.118428] (-) TimerEvent: {}
[66.221424] (-) TimerEvent: {}
[66.260216] (unitree_hg) StdoutLine: {'line': b'[ 85%] \x1b[32mBuilding C object CMakeFiles/unitree_hg__rosidl_generator_py.dir/rosidl_generator_py/unitree_hg/msg/_hand_state_s.c.o\x1b[0m\n'}
[66.290082] (cyclonedds) StdoutLine: {'line': b'[ 93%] \x1b[32mBuilding C object src/security/builtin_plugins/cryptographic/CMakeFiles/dds_security_crypto.dir/__/__/openssl/src/openssl_support.c.o\x1b[0m\n'}
[66.316837] (unitree_rl_controller) StdoutLine: {'line': b'[100%] \x1b[32m\x1b[1mLinking CXX shared library libunitree_rl_controller.so\x1b[0m\n'}
[66.321541] (-) TimerEvent: {}
[66.422171] (-) TimerEvent: {}
[66.501581] (unitree_hg) StdoutLine: {'line': b'[ 86%] \x1b[32mBuilding C object CMakeFiles/unitree_hg__rosidl_generator_py.dir/rosidl_generator_py/unitree_hg/msg/_imu_state_s.c.o\x1b[0m\n'}
[66.522648] (-) TimerEvent: {}
[66.613278] (cyclonedds) StdoutLine: {'line': b'[ 94%] \x1b[32m\x1b[1mLinking C shared library ../../../../lib/libdds_security_crypto.so\x1b[0m\n'}
[66.622863] (-) TimerEvent: {}
[66.725625] (-) TimerEvent: {}
[66.831525] (-) TimerEvent: {}
[66.907169] (unitree_hg) StdoutLine: {'line': b'[ 87%] \x1b[32mBuilding C object CMakeFiles/unitree_hg__rosidl_generator_py.dir/rosidl_generator_py/unitree_hg/msg/_low_cmd_s.c.o\x1b[0m\n'}
[66.933578] (-) TimerEvent: {}
[66.948557] (cyclonedds) StdoutLine: {'line': b'[ 94%] Built target dds_security_crypto\n'}
[67.030882] (cyclonedds) StdoutLine: {'line': b'[ 94%] \x1b[34m\x1b[1mGenerating ddsperf_types.c, ddsperf_types.h\x1b[0m\n'}
[67.034455] (-) TimerEvent: {}
[67.143521] (cyclonedds) StdoutLine: {'line': b'[ 94%] Built target ddsperf_types_generate\n'}
[67.144194] (-) TimerEvent: {}
[67.224869] (cyclonedds) StdoutLine: {'line': b'[ 94%] \x1b[32mBuilding C object src/security/builtin_plugins/authentication/CMakeFiles/dds_security_auth.dir/src/authentication.c.o\x1b[0m\n'}
[67.247406] (-) TimerEvent: {}
[67.291429] (unitree_hg) StdoutLine: {'line': b'[ 88%] \x1b[32mBuilding C object CMakeFiles/unitree_hg__rosidl_generator_py.dir/rosidl_generator_py/unitree_hg/msg/_low_state_s.c.o\x1b[0m\n'}
[67.347642] (-) TimerEvent: {}
[67.448399] (-) TimerEvent: {}
[67.549774] (-) TimerEvent: {}
[67.652399] (-) TimerEvent: {}
[67.657661] (unitree_hg) StdoutLine: {'line': b'[ 89%] \x1b[32mBuilding C object CMakeFiles/unitree_hg__rosidl_generator_py.dir/rosidl_generator_py/unitree_hg/msg/_main_board_state_s.c.o\x1b[0m\n'}
[67.752541] (-) TimerEvent: {}
[67.855424] (-) TimerEvent: {}
[67.882986] (unitree_rl_controller) StdoutLine: {'line': b'[100%] Built target unitree_rl_controller\n'}
[67.912146] (unitree_rl_controller) CommandEnded: {'returncode': 0}
[67.913294] (unitree_rl_controller) JobProgress: {'identifier': 'unitree_rl_controller', 'progress': 'install'}
[67.913869] (unitree_rl_controller) Command: {'cmd': ['/usr/bin/cmake', '--install', '/ws/build/unitree_rl_controller'], 'cwd': '/ws/build/unitree_rl_controller', 'env': OrderedDict([('HOSTNAME', 'pi'), ('SHLVL', '1'), ('LD_LIBRARY_PATH', '/ws/install/ros2_unitree_legged_msgs/lib:/ws/libtorch/lib:/opt/ros/humble/lib/aarch64-linux-gnu:/opt/ros/humble/lib'), ('HOME', '/root'), ('OLDPWD', '/ws/src'), ('ROS_PYTHON_VERSION', '3'), ('ROS_DISTRO', 'humble'), ('_', '/usr/bin/colcon'), ('ROS_VERSION', '2'), ('TERM', 'xterm'), ('ROS_LOCALHOST_ONLY', '0'), ('PATH', '/opt/ros/humble/bin:/usr/local/sbin:/usr/local/bin:/usr/sbin:/usr/bin:/sbin:/bin'), ('LANG', 'C.UTF-8'), ('LS_COLORS', 'rs=0:di=01;34:ln=01;36:mh=00:pi=40;33:so=01;35:do=01;35:bd=40;33;01:cd=40;33;01:or=40;31;01:mi=00:su=37;41:sg=30;43:ca=30;41:tw=30;42:ow=34;42:st=37;44:ex=01;32:*.tar=01;31:*.tgz=01;31:*.arc=01;31:*.arj=01;31:*.taz=01;31:*.lha=01;31:*.lz4=01;31:*.lzh=01;31:*.lzma=01;31:*.tlz=01;31:*.txz=01;31:*.tzo=01;31:*.t7z=01;31:*.zip=01;31:*.z=01;31:*.dz=01;31:*.gz=01;31:*.lrz=01;31:*.lz=01;31:*.lzo=01;31:*.xz=01;31:*.zst=01;31:*.tzst=01;31:*.bz2=01;31:*.bz=01;31:*.tbz=01;31:*.tbz2=01;31:*.tz=01;31:*.deb=01;31:*.rpm=01;31:*.jar=01;31:*.war=01;31:*.ear=01;31:*.sar=01;31:*.rar=01;31:*.alz=01;31:*.ace=01;31:*.zoo=01;31:*.cpio=01;31:*.7z=01;31:*.rz=01;31:*.cab=01;31:*.wim=01;31:*.swm=01;31:*.dwm=01;31:*.esd=01;31:*.jpg=01;35:*.jpeg=01;35:*.mjpg=01;35:*.mjpeg=01;35:*.gif=01;35:*.bmp=01;35:*.pbm=01;35:*.pgm=01;35:*.ppm=01;35:*.tga=01;35:*.xbm=01;35:*.xpm=01;35:*.tif=01;35:*.tiff=01;35:*.png=01;35:*.svg=01;35:*.svgz=01;35:*.mng=01;35:*.pcx=01;35:*.mov=01;35:*.mpg=01;35:*.mpeg=01;35:*.m2v=01;35:*.mkv=01;35:*.webm=01;35:*.webp=01;35:*.ogm=01;35:*.mp4=01;35:*.m4v=01;35:*.mp4v=01;35:*.vob=01;35:*.qt=01;35:*.nuv=01;35:*.wmv=01;35:*.asf=01;35:*.rm=01;35:*.rmvb=01;35:*.flc=01;35:*.avi=01;35:*.fli=01;35:*.flv=01;35:*.gl=01;35:*.dl=01;35:*.xcf=01;35:*.xwd=01;35:*.yuv=01;35:*.cgm=01;35:*.emf=01;35:*.ogv=01;35:*.ogx=01;35:*.aac=00;36:*.au=00;36:*.flac=00;36:*.m4a=00;36:*.mid=00;36:*.midi=00;36:*.mka=00;36:*.mp3=00;36:*.mpc=00;36:*.ogg=00;36:*.ra=00;36:*.wav=00;36:*.oga=00;36:*.opus=00;36:*.spx=00;36:*.xspf=00;36:'), ('AMENT_PREFIX_PATH', '/ws/install/ros2_unitree_legged_msgs:/opt/ros/humble'), ('DEBIAN_FRONTEND', 'noninteractive'), ('Torch_DIR', '/ws/libtorch/share/cmake/Torch'), ('PWD', '/ws/build/unitree_rl_controller'), ('LC_ALL', 'C.UTF-8'), ('PYTHONPATH', '/ws/install/ros2_unitree_legged_msgs/local/lib/python3.10/dist-packages:/opt/ros/humble/lib/python3.10/site-packages:/opt/ros/humble/local/lib/python3.10/dist-packages'), ('COLCON', '1'), ('CMAKE_PREFIX_PATH', '/ws/install/ros2_unitree_legged_msgs:/ws/libtorch:/opt/ros/humble')]), 'shell': False}
[67.931722] (unitree_rl_controller) StdoutLine: {'line': b'-- Install configuration: ""\n'}
[67.932139] (unitree_rl_controller) StdoutLine: {'line': b'-- Installing: /ws/install/unitree_rl_controller/share/unitree_rl_controller/environment/library_path.sh\n'}
[67.932531] (unitree_rl_controller) StdoutLine: {'line': b'-- Installing: /ws/install/unitree_rl_controller/share/unitree_rl_controller/environment/library_path.dsv\n'}
[67.933061] (unitree_rl_controller) StdoutLine: {'line': b'-- Installing: /ws/install/unitree_rl_controller/lib/libunitree_rl_controller.so\n'}
[67.934687] (unitree_hg) StdoutLine: {'line': b'[ 90%] \x1b[32mBuilding C object CMakeFiles/unitree_hg__rosidl_generator_py.dir/rosidl_generator_py/unitree_hg/msg/_motor_cmd_s.c.o\x1b[0m\n'}
[67.934956] (unitree_rl_controller) StdoutLine: {'line': b'-- Set runtime path of "/ws/install/unitree_rl_controller/lib/libunitree_rl_controller.so" to ""\n'}
[67.935439] (unitree_rl_controller) StdoutLine: {'line': b'-- Installing: /ws/install/unitree_rl_controller/include\n'}
[67.935984] (unitree_rl_controller) StdoutLine: {'line': b'-- Installing: /ws/install/unitree_rl_controller/include/observation_buffer.hpp\n'}
[67.936529] (unitree_rl_controller) StdoutLine: {'line': b'-- Installing: /ws/install/unitree_rl_controller/include/rl_agent.h\n'}
[67.937658] (unitree_rl_controller) StdoutLine: {'line': b'-- Installing: /ws/install/unitree_rl_controller/share/ament_index/resource_index/package_run_dependencies/unitree_rl_controller\n'}
[67.937901] (unitree_rl_controller) StdoutLine: {'line': b'-- Installing: /ws/install/unitree_rl_controller/share/ament_index/resource_index/parent_prefix_path/unitree_rl_controller\n'}
[67.938891] (unitree_rl_controller) StdoutLine: {'line': b'-- Installing: /ws/install/unitree_rl_controller/share/unitree_rl_controller/environment/ament_prefix_path.sh\n'}
[67.939121] (unitree_rl_controller) StdoutLine: {'line': b'-- Installing: /ws/install/unitree_rl_controller/share/unitree_rl_controller/environment/ament_prefix_path.dsv\n'}
[67.939732] (unitree_rl_controller) StdoutLine: {'line': b'-- Installing: /ws/install/unitree_rl_controller/share/unitree_rl_controller/environment/path.sh\n'}
[67.940776] (unitree_rl_controller) StdoutLine: {'line': b'-- Installing: /ws/install/unitree_rl_controller/share/unitree_rl_controller/environment/path.dsv\n'}
[67.940995] (unitree_rl_controller) StdoutLine: {'line': b'-- Installing: /ws/install/unitree_rl_controller/share/unitree_rl_controller/local_setup.bash\n'}
[67.941614] (unitree_rl_controller) StdoutLine: {'line': b'-- Installing: /ws/install/unitree_rl_controller/share/unitree_rl_controller/local_setup.sh\n'}
[67.942318] (unitree_rl_controller) StdoutLine: {'line': b'-- Installing: /ws/install/unitree_rl_controller/share/unitree_rl_controller/local_setup.zsh\n'}
[67.943363] (unitree_rl_controller) StdoutLine: {'line': b'-- Installing: /ws/install/unitree_rl_controller/share/unitree_rl_controller/local_setup.dsv\n'}
[67.943836] (unitree_rl_controller) StdoutLine: {'line': b'-- Installing: /ws/install/unitree_rl_controller/share/unitree_rl_controller/package.dsv\n'}
[67.944675] (unitree_rl_controller) StdoutLine: {'line': b'-- Installing: /ws/install/unitree_rl_controller/share/ament_index/resource_index/packages/unitree_rl_controller\n'}
[67.945830] (unitree_rl_controller) StdoutLine: {'line': b'-- Installing: /ws/install/unitree_rl_controller/share/unitree_rl_controller/cmake/ament_cmake_export_dependencies-extras.cmake\n'}
[67.946065] (unitree_rl_controller) StdoutLine: {'line': b'-- Installing: /ws/install/unitree_rl_controller/share/unitree_rl_controller/cmake/ament_cmake_export_include_directories-extras.cmake\n'}
[67.946648] (unitree_rl_controller) StdoutLine: {'line': b'-- Installing: /ws/install/unitree_rl_controller/share/unitree_rl_controller/cmake/ament_cmake_export_libraries-extras.cmake\n'}
[67.947557] (unitree_rl_controller) StdoutLine: {'line': b'-- Installing: /ws/install/unitree_rl_controller/share/unitree_rl_controller/cmake/unitree_rl_controllerConfig.cmake\n'}
[67.947746] (unitree_rl_controller) StdoutLine: {'line': b'-- Installing: /ws/install/unitree_rl_controller/share/unitree_rl_controller/cmake/unitree_rl_controllerConfig-version.cmake\n'}
[67.948266] (unitree_rl_controller) StdoutLine: {'line': b'-- Installing: /ws/install/unitree_rl_controller/share/unitree_rl_controller/package.xml\n'}
[67.955634] (-) TimerEvent: {}
[67.966156] (unitree_rl_controller) CommandEnded: {'returncode': 0}
[68.017287] (unitree_rl_controller) JobEnded: {'identifier': 'unitree_rl_controller', 'rc': 0}
[68.055770] (-) TimerEvent: {}
[68.145722] (unitree_hg) StdoutLine: {'line': b'[ 91%] \x1b[32mBuilding C object CMakeFiles/unitree_hg__rosidl_generator_py.dir/rosidl_generator_py/unitree_hg/msg/_motor_state_s.c.o\x1b[0m\n'}
[68.155907] (-) TimerEvent: {}
[68.258390] (-) TimerEvent: {}
[68.356520] (unitree_hg) StdoutLine: {'line': b'[ 92%] \x1b[32mBuilding C object CMakeFiles/unitree_hg__rosidl_generator_py.dir/rosidl_generator_py/unitree_hg/msg/_press_sensor_state_s.c.o\x1b[0m\n'}
[68.358504] (-) TimerEvent: {}
[68.460360] (-) TimerEvent: {}
[68.555636] (unitree_hg) StdoutLine: {'line': b'[ 92%] \x1b[32mBuilding C object CMakeFiles/unitree_hg__rosidl_generator_py.dir/rosidl_generator_py/unitree_hg/msg/_hand_cmd_s.c.o\x1b[0m\n'}
[68.561147] (-) TimerEvent: {}
[68.661717] (-) TimerEvent: {}
[68.695909] (cyclonedds) StdoutLine: {'line': b'[ 95%] \x1b[32mBuilding C object src/security/builtin_plugins/authentication/CMakeFiles/dds_security_auth.dir/src/auth_utils.c.o\x1b[0m\n'}
[68.759665] (unitree_hg) StdoutLine: {'line': b'[ 93%] \x1b[32mBuilding C object CMakeFiles/unitree_hg__rosidl_generator_py.dir/rosidl_generator_py/unitree_hg/msg/_bms_state_s.c.o\x1b[0m\n'}
[68.761838] (-) TimerEvent: {}
[68.866391] (-) TimerEvent: {}
[68.967171] (-) TimerEvent: {}
[69.008261] (unitree_hg) StdoutLine: {'line': b'[ 94%] \x1b[32m\x1b[1mLinking C shared library rosidl_generator_py/unitree_hg/libunitree_hg__rosidl_generator_py.so\x1b[0m\n'}
[69.067329] (-) TimerEvent: {}
[69.113180] (unitree_hg) StdoutLine: {'line': b'[ 94%] Built target unitree_hg__rosidl_generator_py\n'}
[69.152172] (unitree_hg) StdoutLine: {'line': b'[ 95%] \x1b[32mBuilding C object CMakeFiles/unitree_hg__rosidl_typesupport_fastrtps_c__pyext.dir/rosidl_generator_py/unitree_hg/_unitree_hg_s.ep.rosidl_typesupport_fastrtps_c.c.o\x1b[0m\n'}
[69.167422] (-) TimerEvent: {}
[69.268155] (-) TimerEvent: {}
[69.324019] (cyclonedds) StdoutLine: {'line': b'[ 95%] \x1b[32mBuilding C object src/security/builtin_plugins/authentication/CMakeFiles/dds_security_auth.dir/__/__/openssl/src/openssl_support.c.o\x1b[0m\n'}
[69.368262] (-) TimerEvent: {}
[69.391706] (unitree_hg) StdoutLine: {'line': b'[ 96%] \x1b[32m\x1b[1mLinking C shared library rosidl_generator_py/unitree_hg/unitree_hg_s__rosidl_typesupport_fastrtps_c.cpython-310-aarch64-linux-gnu.so\x1b[0m\n'}
[69.468432] (-) TimerEvent: {}
[69.469094] (unitree_hg) StdoutLine: {'line': b'[ 96%] Built target unitree_hg__rosidl_typesupport_fastrtps_c__pyext\n'}
[69.516514] (unitree_hg) StdoutLine: {'line': b'[ 97%] \x1b[32mBuilding C object CMakeFiles/unitree_hg__rosidl_typesupport_c__pyext.dir/rosidl_generator_py/unitree_hg/_unitree_hg_s.ep.rosidl_typesupport_c.c.o\x1b[0m\n'}
[69.569929] (cyclonedds) StdoutLine: {'line': b'[ 95%] \x1b[32m\x1b[1mLinking C shared library ../../../../lib/libdds_security_auth.so\x1b[0m\n'}
[69.570254] (-) TimerEvent: {}
[69.671386] (-) TimerEvent: {}
[69.744404] (cyclonedds) StdoutLine: {'line': b'[ 95%] Built target dds_security_auth\n'}
[69.765205] (unitree_hg) StdoutLine: {'line': b'[ 98%] \x1b[32m\x1b[1mLinking C shared library rosidl_generator_py/unitree_hg/unitree_hg_s__rosidl_typesupport_c.cpython-310-aarch64-linux-gnu.so\x1b[0m\n'}
[69.771506] (-) TimerEvent: {}
[69.789970] (cyclonedds) StdoutLine: {'line': b'[ 95%] \x1b[32mBuilding C object src/tools/ddsperf/CMakeFiles/ddsperf.dir/ddsperf.c.o\x1b[0m\n'}
[69.847278] (unitree_hg) StdoutLine: {'line': b'[ 98%] Built target unitree_hg__rosidl_typesupport_c__pyext\n'}
[69.871780] (-) TimerEvent: {}
[69.893350] (unitree_hg) StdoutLine: {'line': b'[ 99%] \x1b[32mBuilding C object CMakeFiles/unitree_hg__rosidl_typesupport_introspection_c__pyext.dir/rosidl_generator_py/unitree_hg/_unitree_hg_s.ep.rosidl_typesupport_introspection_c.c.o\x1b[0m\n'}
[69.971923] (-) TimerEvent: {}
[70.072431] (-) TimerEvent: {}
[70.148171] (unitree_hg) StdoutLine: {'line': b'[100%] \x1b[32m\x1b[1mLinking C shared library rosidl_generator_py/unitree_hg/unitree_hg_s__rosidl_typesupport_introspection_c.cpython-310-aarch64-linux-gnu.so\x1b[0m\n'}
[70.172572] (-) TimerEvent: {}
[70.237585] (unitree_hg) StdoutLine: {'line': b'[100%] Built target unitree_hg__rosidl_typesupport_introspection_c__pyext\n'}
[70.267101] (unitree_hg) CommandEnded: {'returncode': 0}
[70.273732] (-) TimerEvent: {}
[70.277421] (unitree_hg) JobProgress: {'identifier': 'unitree_hg', 'progress': 'install'}
[70.277687] (unitree_hg) Command: {'cmd': ['/usr/bin/cmake', '--install', '/ws/build/unitree_hg'], 'cwd': '/ws/build/unitree_hg', 'env': OrderedDict([('HOSTNAME', 'pi'), ('SHLVL', '1'), ('LD_LIBRARY_PATH', '/ws/libtorch/lib:/opt/ros/humble/lib/aarch64-linux-gnu:/opt/ros/humble/lib'), ('HOME', '/root'), ('OLDPWD', '/ws/src'), ('ROS_PYTHON_VERSION', '3'), ('ROS_DISTRO', 'humble'), ('_', '/usr/bin/colcon'), ('ROS_VERSION', '2'), ('TERM', 'xterm'), ('ROS_LOCALHOST_ONLY', '0'), ('PATH', '/opt/ros/humble/bin:/usr/local/sbin:/usr/local/bin:/usr/sbin:/usr/bin:/sbin:/bin'), ('LANG', 'C.UTF-8'), ('LS_COLORS', 'rs=0:di=01;34:ln=01;36:mh=00:pi=40;33:so=01;35:do=01;35:bd=40;33;01:cd=40;33;01:or=40;31;01:mi=00:su=37;41:sg=30;43:ca=30;41:tw=30;42:ow=34;42:st=37;44:ex=01;32:*.tar=01;31:*.tgz=01;31:*.arc=01;31:*.arj=01;31:*.taz=01;31:*.lha=01;31:*.lz4=01;31:*.lzh=01;31:*.lzma=01;31:*.tlz=01;31:*.txz=01;31:*.tzo=01;31:*.t7z=01;31:*.zip=01;31:*.z=01;31:*.dz=01;31:*.gz=01;31:*.lrz=01;31:*.lz=01;31:*.lzo=01;31:*.xz=01;31:*.zst=01;31:*.tzst=01;31:*.bz2=01;31:*.bz=01;31:*.tbz=01;31:*.tbz2=01;31:*.tz=01;31:*.deb=01;31:*.rpm=01;31:*.jar=01;31:*.war=01;31:*.ear=01;31:*.sar=01;31:*.rar=01;31:*.alz=01;31:*.ace=01;31:*.zoo=01;31:*.cpio=01;31:*.7z=01;31:*.rz=01;31:*.cab=01;31:*.wim=01;31:*.swm=01;31:*.dwm=01;31:*.esd=01;31:*.jpg=01;35:*.jpeg=01;35:*.mjpg=01;35:*.mjpeg=01;35:*.gif=01;35:*.bmp=01;35:*.pbm=01;35:*.pgm=01;35:*.ppm=01;35:*.tga=01;35:*.xbm=01;35:*.xpm=01;35:*.tif=01;35:*.tiff=01;35:*.png=01;35:*.svg=01;35:*.svgz=01;35:*.mng=01;35:*.pcx=01;35:*.mov=01;35:*.mpg=01;35:*.mpeg=01;35:*.m2v=01;35:*.mkv=01;35:*.webm=01;35:*.webp=01;35:*.ogm=01;35:*.mp4=01;35:*.m4v=01;35:*.mp4v=01;35:*.vob=01;35:*.qt=01;35:*.nuv=01;35:*.wmv=01;35:*.asf=01;35:*.rm=01;35:*.rmvb=01;35:*.flc=01;35:*.avi=01;35:*.fli=01;35:*.flv=01;35:*.gl=01;35:*.dl=01;35:*.xcf=01;35:*.xwd=01;35:*.yuv=01;35:*.cgm=01;35:*.emf=01;35:*.ogv=01;35:*.ogx=01;35:*.aac=00;36:*.au=00;36:*.flac=00;36:*.m4a=00;36:*.mid=00;36:*.midi=00;36:*.mka=00;36:*.mp3=00;36:*.mpc=00;36:*.ogg=00;36:*.ra=00;36:*.wav=00;36:*.oga=00;36:*.opus=00;36:*.spx=00;36:*.xspf=00;36:'), ('AMENT_PREFIX_PATH', '/opt/ros/humble'), ('DEBIAN_FRONTEND', 'noninteractive'), ('Torch_DIR', '/ws/libtorch/share/cmake/Torch'), ('PWD', '/ws/build/unitree_hg'), ('LC_ALL', 'C.UTF-8'), ('PYTHONPATH', '/opt/ros/humble/lib/python3.10/site-packages:/opt/ros/humble/local/lib/python3.10/dist-packages'), ('COLCON', '1'), ('CMAKE_PREFIX_PATH', '/ws/libtorch::/opt/ros/humble')]), 'shell': False}
[70.292404] (unitree_hg) StdoutLine: {'line': b'-- Install configuration: ""\n'}
[70.294109] (unitree_hg) StdoutLine: {'line': b'-- Installing: /ws/install/unitree_hg/share/ament_index/resource_index/rosidl_interfaces/unitree_hg\n'}
[70.295956] (unitree_hg) StdoutLine: {'line': b'-- Installing: /ws/install/unitree_hg/include/unitree_hg/unitree_hg\n'}
[70.296593] (unitree_hg) StdoutLine: {'line': b'-- Installing: /ws/install/unitree_hg/include/unitree_hg/unitree_hg/msg\n'}
[70.297555] (unitree_hg) StdoutLine: {'line': b'-- Installing: /ws/install/unitree_hg/include/unitree_hg/unitree_hg/msg/low_cmd.h\n'}
[70.298131] (unitree_hg) StdoutLine: {'line': b'-- Installing: /ws/install/unitree_hg/include/unitree_hg/unitree_hg/msg/motor_cmd.h\n'}
[70.299188] (unitree_hg) StdoutLine: {'line': b'-- Installing: /ws/install/unitree_hg/include/unitree_hg/unitree_hg/msg/low_state.h\n'}
[70.299748] (unitree_hg) StdoutLine: {'line': b'-- Installing: /ws/install/unitree_hg/include/unitree_hg/unitree_hg/msg/bms_cmd.h\n'}
[70.300519] (unitree_hg) StdoutLine: {'line': b'-- Installing: /ws/install/unitree_hg/include/unitree_hg/unitree_hg/msg/hand_state.h\n'}
[70.300974] (unitree_hg) StdoutLine: {'line': b'-- Installing: /ws/install/unitree_hg/include/unitree_hg/unitree_hg/msg/main_board_state.h\n'}
[70.301786] (unitree_hg) StdoutLine: {'line': b'-- Installing: /ws/install/unitree_hg/include/unitree_hg/unitree_hg/msg/motor_state.h\n'}
[70.302373] (unitree_hg) StdoutLine: {'line': b'-- Installing: /ws/install/unitree_hg/include/unitree_hg/unitree_hg/msg/bms_state.h\n'}
[70.303244] (unitree_hg) StdoutLine: {'line': b'-- Installing: /ws/install/unitree_hg/include/unitree_hg/unitree_hg/msg/rosidl_generator_c__visibility_control.h\n'}
[70.303662] (unitree_hg) StdoutLine: {'line': b'-- Installing: /ws/install/unitree_hg/include/unitree_hg/unitree_hg/msg/imu_state.h\n'}
[70.304255] (unitree_hg) StdoutLine: {'line': b'-- Installing: /ws/install/unitree_hg/include/unitree_hg/unitree_hg/msg/hand_cmd.h\n'}
[70.304840] (unitree_hg) StdoutLine: {'line': b'-- Installing: /ws/install/unitree_hg/include/unitree_hg/unitree_hg/msg/detail\n'}
[70.305442] (unitree_hg) StdoutLine: {'line': b'-- Installing: /ws/install/unitree_hg/include/unitree_hg/unitree_hg/msg/detail/motor_state__struct.h\n'}
[70.306195] (unitree_hg) StdoutLine: {'line': b'-- Installing: /ws/install/unitree_hg/include/unitree_hg/unitree_hg/msg/detail/main_board_state__type_support.h\n'}
[70.307180] (unitree_hg) StdoutLine: {'line': b'-- Installing: /ws/install/unitree_hg/include/unitree_hg/unitree_hg/msg/detail/press_sensor_state__type_support.h\n'}
[70.308039] (unitree_hg) StdoutLine: {'line': b'-- Installing: /ws/install/unitree_hg/include/unitree_hg/unitree_hg/msg/detail/press_sensor_state__functions.h\n'}
[70.308379] (unitree_hg) StdoutLine: {'line': b'-- Installing: /ws/install/unitree_hg/include/unitree_hg/unitree_hg/msg/detail/press_sensor_state__struct.h\n'}
[70.310090] (unitree_hg) StdoutLine: {'line': b'-- Installing: /ws/install/unitree_hg/include/unitree_hg/unitree_hg/msg/detail/hand_cmd__functions.c\n'}
[70.310649] (unitree_hg) StdoutLine: {'line': b'-- Installing: /ws/install/unitree_hg/include/unitree_hg/unitree_hg/msg/detail/main_board_state__struct.h\n'}
[70.312484] (unitree_hg) StdoutLine: {'line': b'-- Installing: /ws/install/unitree_hg/include/unitree_hg/unitree_hg/msg/detail/low_state__type_support.h\n'}
[70.314746] (unitree_hg) StdoutLine: {'line': b'-- Installing: /ws/install/unitree_hg/include/unitree_hg/unitree_hg/msg/detail/low_cmd__struct.h\n'}
[70.314924] (unitree_hg) StdoutLine: {'line': b'-- Installing: /ws/install/unitree_hg/include/unitree_hg/unitree_hg/msg/detail/bms_state__struct.h\n'}
[70.315017] (unitree_hg) StdoutLine: {'line': b'-- Installing: /ws/install/unitree_hg/include/unitree_hg/unitree_hg/msg/detail/motor_state__functions.h\n'}
[70.315114] (unitree_hg) StdoutLine: {'line': b'-- Installing: /ws/install/unitree_hg/include/unitree_hg/unitree_hg/msg/detail/hand_state__functions.h\n'}
[70.315237] (unitree_hg) StdoutLine: {'line': b'-- Installing: /ws/install/unitree_hg/include/unitree_hg/unitree_hg/msg/detail/low_state__functions.h\n'}
[70.315374] (unitree_hg) StdoutLine: {'line': b'-- Installing: /ws/install/unitree_hg/include/unitree_hg/unitree_hg/msg/detail/hand_cmd__functions.h\n'}
[70.315474] (unitree_hg) StdoutLine: {'line': b'-- Installing: /ws/install/unitree_hg/include/unitree_hg/unitree_hg/msg/detail/hand_state__struct.h\n'}
[70.315575] (unitree_hg) StdoutLine: {'line': b'-- Installing: /ws/install/unitree_hg/include/unitree_hg/unitree_hg/msg/detail/bms_state__functions.h\n'}
[70.315678] (unitree_hg) StdoutLine: {'line': b'-- Installing: /ws/install/unitree_hg/include/unitree_hg/unitree_hg/msg/detail/motor_cmd__functions.c\n'}
[70.315771] (unitree_hg) StdoutLine: {'line': b'-- Installing: /ws/install/unitree_hg/include/unitree_hg/unitree_hg/msg/detail/low_state__struct.h\n'}
[70.315844] (unitree_hg) StdoutLine: {'line': b'-- Installing: /ws/install/unitree_hg/include/unitree_hg/unitree_hg/msg/detail/low_cmd__functions.h\n'}
[70.315915] (unitree_hg) StdoutLine: {'line': b'-- Installing: /ws/install/unitree_hg/include/unitree_hg/unitree_hg/msg/detail/main_board_state__functions.h\n'}
[70.316457] (unitree_hg) StdoutLine: {'line': b'-- Installing: /ws/install/unitree_hg/include/unitree_hg/unitree_hg/msg/detail/imu_state__type_support.h\n'}
[70.316990] (unitree_hg) StdoutLine: {'line': b'-- Installing: /ws/install/unitree_hg/include/unitree_hg/unitree_hg/msg/detail/bms_cmd__type_support.h\n'}
[70.317081] (unitree_hg) StdoutLine: {'line': b'-- Installing: /ws/install/unitree_hg/include/unitree_hg/unitree_hg/msg/detail/low_cmd__type_support.h\n'}
[70.317800] (unitree_hg) StdoutLine: {'line': b'-- Installing: /ws/install/unitree_hg/include/unitree_hg/unitree_hg/msg/detail/bms_cmd__functions.c\n'}
[70.318259] (unitree_hg) StdoutLine: {'line': b'-- Installing: /ws/install/unitree_hg/include/unitree_hg/unitree_hg/msg/detail/bms_cmd__functions.h\n'}
[70.318376] (unitree_hg) StdoutLine: {'line': b'-- Installing: /ws/install/unitree_hg/include/unitree_hg/unitree_hg/msg/detail/low_state__functions.c\n'}
[70.319157] (unitree_hg) StdoutLine: {'line': b'-- Installing: /ws/install/unitree_hg/include/unitree_hg/unitree_hg/msg/detail/hand_cmd__struct.h\n'}
[70.319288] (unitree_hg) StdoutLine: {'line': b'-- Installing: /ws/install/unitree_hg/include/unitree_hg/unitree_hg/msg/detail/hand_cmd__type_support.h\n'}
[70.319677] (unitree_hg) StdoutLine: {'line': b'-- Installing: /ws/install/unitree_hg/include/unitree_hg/unitree_hg/msg/detail/motor_cmd__struct.h\n'}
[70.320056] (unitree_hg) StdoutLine: {'line': b'-- Installing: /ws/install/unitree_hg/include/unitree_hg/unitree_hg/msg/detail/imu_state__functions.h\n'}
[70.320485] (unitree_hg) StdoutLine: {'line': b'-- Installing: /ws/install/unitree_hg/include/unitree_hg/unitree_hg/msg/detail/bms_cmd__struct.h\n'}
[70.320859] (unitree_hg) StdoutLine: {'line': b'-- Installing: /ws/install/unitree_hg/include/unitree_hg/unitree_hg/msg/detail/press_sensor_state__functions.c\n'}
[70.321057] (unitree_hg) StdoutLine: {'line': b'-- Installing: /ws/install/unitree_hg/include/unitree_hg/unitree_hg/msg/detail/imu_state__functions.c\n'}
[70.321717] (unitree_hg) StdoutLine: {'line': b'-- Installing: /ws/install/unitree_hg/include/unitree_hg/unitree_hg/msg/detail/bms_state__functions.c\n'}
[70.322383] (unitree_hg) StdoutLine: {'line': b'-- Installing: /ws/install/unitree_hg/include/unitree_hg/unitree_hg/msg/detail/hand_state__type_support.h\n'}
[70.322500] (unitree_hg) StdoutLine: {'line': b'-- Installing: /ws/install/unitree_hg/include/unitree_hg/unitree_hg/msg/detail/motor_state__functions.c\n'}
[70.323793] (unitree_hg) StdoutLine: {'line': b'-- Installing: /ws/install/unitree_hg/include/unitree_hg/unitree_hg/msg/detail/low_cmd__functions.c\n'}
[70.324081] (unitree_hg) StdoutLine: {'line': b'-- Installing: /ws/install/unitree_hg/include/unitree_hg/unitree_hg/msg/detail/hand_state__functions.c\n'}
[70.324204] (unitree_hg) StdoutLine: {'line': b'-- Installing: /ws/install/unitree_hg/include/unitree_hg/unitree_hg/msg/detail/main_board_state__functions.c\n'}
[70.324338] (unitree_hg) StdoutLine: {'line': b'-- Installing: /ws/install/unitree_hg/include/unitree_hg/unitree_hg/msg/detail/motor_cmd__type_support.h\n'}
[70.325356] (unitree_hg) StdoutLine: {'line': b'-- Installing: /ws/install/unitree_hg/include/unitree_hg/unitree_hg/msg/detail/imu_state__struct.h\n'}
[70.325597] (unitree_hg) StdoutLine: {'line': b'-- Installing: /ws/install/unitree_hg/include/unitree_hg/unitree_hg/msg/detail/motor_cmd__functions.h\n'}
[70.325707] (unitree_hg) StdoutLine: {'line': b'-- Installing: /ws/install/unitree_hg/include/unitree_hg/unitree_hg/msg/detail/motor_state__type_support.h\n'}
[70.327668] (unitree_hg) StdoutLine: {'line': b'-- Installing: /ws/install/unitree_hg/include/unitree_hg/unitree_hg/msg/detail/bms_state__type_support.h\n'}
[70.328884] (unitree_hg) StdoutLine: {'line': b'-- Installing: /ws/install/unitree_hg/include/unitree_hg/unitree_hg/msg/press_sensor_state.h\n'}
[70.329606] (unitree_hg) StdoutLine: {'line': b'-- Installing: /ws/install/unitree_hg/share/unitree_hg/environment/library_path.sh\n'}
[70.330359] (unitree_hg) StdoutLine: {'line': b'-- Installing: /ws/install/unitree_hg/share/unitree_hg/environment/library_path.dsv\n'}
[70.331190] (unitree_hg) StdoutLine: {'line': b'-- Installing: /ws/install/unitree_hg/lib/libunitree_hg__rosidl_generator_c.so\n'}
[70.331881] (unitree_hg) StdoutLine: {'line': b'-- Set runtime path of "/ws/install/unitree_hg/lib/libunitree_hg__rosidl_generator_c.so" to ""\n'}
[70.332018] (unitree_hg) StdoutLine: {'line': b'-- Up-to-date: /ws/install/unitree_hg/include/unitree_hg/unitree_hg\n'}
[70.332136] (unitree_hg) StdoutLine: {'line': b'-- Up-to-date: /ws/install/unitree_hg/include/unitree_hg/unitree_hg/msg\n'}
[70.332225] (unitree_hg) StdoutLine: {'line': b'-- Installing: /ws/install/unitree_hg/include/unitree_hg/unitree_hg/msg/rosidl_typesupport_fastrtps_c__visibility_control.h\n'}
[70.332337] (unitree_hg) StdoutLine: {'line': b'-- Up-to-date: /ws/install/unitree_hg/include/unitree_hg/unitree_hg/msg/detail\n'}
[70.332446] (unitree_hg) StdoutLine: {'line': b'-- Installing: /ws/install/unitree_hg/include/unitree_hg/unitree_hg/msg/detail/motor_state__rosidl_typesupport_fastrtps_c.h\n'}
[70.332538] (unitree_hg) StdoutLine: {'line': b'-- Installing: /ws/install/unitree_hg/include/unitree_hg/unitree_hg/msg/detail/hand_state__rosidl_typesupport_fastrtps_c.h\n'}
[70.332612] (unitree_hg) StdoutLine: {'line': b'-- Installing: /ws/install/unitree_hg/include/unitree_hg/unitree_hg/msg/detail/main_board_state__rosidl_typesupport_fastrtps_c.h\n'}
[70.332699] (unitree_hg) StdoutLine: {'line': b'-- Installing: /ws/install/unitree_hg/include/unitree_hg/unitree_hg/msg/detail/low_state__rosidl_typesupport_fastrtps_c.h\n'}
[70.332790] (unitree_hg) StdoutLine: {'line': b'-- Installing: /ws/install/unitree_hg/include/unitree_hg/unitree_hg/msg/detail/bms_cmd__rosidl_typesupport_fastrtps_c.h\n'}
[70.332875] (unitree_hg) StdoutLine: {'line': b'-- Installing: /ws/install/unitree_hg/include/unitree_hg/unitree_hg/msg/detail/hand_cmd__rosidl_typesupport_fastrtps_c.h\n'}
[70.332955] (unitree_hg) StdoutLine: {'line': b'-- Installing: /ws/install/unitree_hg/include/unitree_hg/unitree_hg/msg/detail/press_sensor_state__rosidl_typesupport_fastrtps_c.h\n'}
[70.333043] (unitree_hg) StdoutLine: {'line': b'-- Installing: /ws/install/unitree_hg/include/unitree_hg/unitree_hg/msg/detail/motor_cmd__rosidl_typesupport_fastrtps_c.h\n'}
[70.333128] (unitree_hg) StdoutLine: {'line': b'-- Installing: /ws/install/unitree_hg/include/unitree_hg/unitree_hg/msg/detail/low_cmd__rosidl_typesupport_fastrtps_c.h\n'}
[70.334088] (unitree_hg) StdoutLine: {'line': b'-- Installing: /ws/install/unitree_hg/include/unitree_hg/unitree_hg/msg/detail/bms_state__rosidl_typesupport_fastrtps_c.h\n'}
[70.334374] (unitree_hg) StdoutLine: {'line': b'-- Installing: /ws/install/unitree_hg/include/unitree_hg/unitree_hg/msg/detail/imu_state__rosidl_typesupport_fastrtps_c.h\n'}
[70.334501] (unitree_hg) StdoutLine: {'line': b'-- Installing: /ws/install/unitree_hg/lib/libunitree_hg__rosidl_typesupport_fastrtps_c.so\n'}
[70.334590] (unitree_hg) StdoutLine: {'line': b'-- Set runtime path of "/ws/install/unitree_hg/lib/libunitree_hg__rosidl_typesupport_fastrtps_c.so" to ""\n'}
[70.334671] (unitree_hg) StdoutLine: {'line': b'-- Up-to-date: /ws/install/unitree_hg/include/unitree_hg/unitree_hg\n'}
[70.334751] (unitree_hg) StdoutLine: {'line': b'-- Up-to-date: /ws/install/unitree_hg/include/unitree_hg/unitree_hg/msg\n'}
[70.334831] (unitree_hg) StdoutLine: {'line': b'-- Installing: /ws/install/unitree_hg/include/unitree_hg/unitree_hg/msg/rosidl_generator_cpp__visibility_control.hpp\n'}
[70.334911] (unitree_hg) StdoutLine: {'line': b'-- Installing: /ws/install/unitree_hg/include/unitree_hg/unitree_hg/msg/imu_state.hpp\n'}
[70.334998] (unitree_hg) StdoutLine: {'line': b'-- Installing: /ws/install/unitree_hg/include/unitree_hg/unitree_hg/msg/motor_cmd.hpp\n'}
[70.335077] (unitree_hg) StdoutLine: {'line': b'-- Installing: /ws/install/unitree_hg/include/unitree_hg/unitree_hg/msg/main_board_state.hpp\n'}
[70.335189] (unitree_hg) StdoutLine: {'line': b'-- Installing: /ws/install/unitree_hg/include/unitree_hg/unitree_hg/msg/motor_state.hpp\n'}
[70.336942] (unitree_hg) StdoutLine: {'line': b'-- Installing: /ws/install/unitree_hg/include/unitree_hg/unitree_hg/msg/bms_cmd.hpp\n'}
[70.337216] (unitree_hg) StdoutLine: {'line': b'-- Installing: /ws/install/unitree_hg/include/unitree_hg/unitree_hg/msg/low_cmd.hpp\n'}
[70.337381] (unitree_hg) StdoutLine: {'line': b'-- Installing: /ws/install/unitree_hg/include/unitree_hg/unitree_hg/msg/low_state.hpp\n'}
[70.337525] (unitree_hg) StdoutLine: {'line': b'-- Installing: /ws/install/unitree_hg/include/unitree_hg/unitree_hg/msg/press_sensor_state.hpp\n'}
[70.337635] (unitree_hg) StdoutLine: {'line': b'-- Installing: /ws/install/unitree_hg/include/unitree_hg/unitree_hg/msg/hand_state.hpp\n'}
[70.337732] (unitree_hg) StdoutLine: {'line': b'-- Installing: /ws/install/unitree_hg/include/unitree_hg/unitree_hg/msg/bms_state.hpp\n'}
[70.337817] (unitree_hg) StdoutLine: {'line': b'-- Up-to-date: /ws/install/unitree_hg/include/unitree_hg/unitree_hg/msg/detail\n'}
[70.339524] (unitree_hg) StdoutLine: {'line': b'-- Installing: /ws/install/unitree_hg/include/unitree_hg/unitree_hg/msg/detail/imu_state__type_support.hpp\n'}
[70.339764] (unitree_hg) StdoutLine: {'line': b'-- Installing: /ws/install/unitree_hg/include/unitree_hg/unitree_hg/msg/detail/bms_state__traits.hpp\n'}
[70.339876] (unitree_hg) StdoutLine: {'line': b'-- Installing: /ws/install/unitree_hg/include/unitree_hg/unitree_hg/msg/detail/bms_cmd__struct.hpp\n'}
[70.339956] (unitree_hg) StdoutLine: {'line': b'-- Installing: /ws/install/unitree_hg/include/unitree_hg/unitree_hg/msg/detail/hand_cmd__struct.hpp\n'}
[70.340038] (unitree_hg) StdoutLine: {'line': b'-- Installing: /ws/install/unitree_hg/include/unitree_hg/unitree_hg/msg/detail/hand_state__type_support.hpp\n'}
[70.340114] (unitree_hg) StdoutLine: {'line': b'-- Installing: /ws/install/unitree_hg/include/unitree_hg/unitree_hg/msg/detail/motor_state__traits.hpp\n'}
[70.341405] (unitree_hg) StdoutLine: {'line': b'-- Installing: /ws/install/unitree_hg/include/unitree_hg/unitree_hg/msg/detail/main_board_state__type_support.hpp\n'}
[70.342104] (unitree_hg) StdoutLine: {'line': b'-- Installing: /ws/install/unitree_hg/include/unitree_hg/unitree_hg/msg/detail/bms_cmd__traits.hpp\n'}
[70.342228] (unitree_hg) StdoutLine: {'line': b'-- Installing: /ws/install/unitree_hg/include/unitree_hg/unitree_hg/msg/detail/imu_state__builder.hpp\n'}
[70.342365] (unitree_hg) StdoutLine: {'line': b'-- Installing: /ws/install/unitree_hg/include/unitree_hg/unitree_hg/msg/detail/bms_state__type_support.hpp\n'}
[70.342499] (unitree_hg) StdoutLine: {'line': b'-- Installing: /ws/install/unitree_hg/include/unitree_hg/unitree_hg/msg/detail/bms_state__builder.hpp\n'}
[70.342594] (unitree_hg) StdoutLine: {'line': b'-- Installing: /ws/install/unitree_hg/include/unitree_hg/unitree_hg/msg/detail/imu_state__traits.hpp\n'}
[70.343831] (unitree_hg) StdoutLine: {'line': b'-- Installing: /ws/install/unitree_hg/include/unitree_hg/unitree_hg/msg/detail/bms_cmd__type_support.hpp\n'}
[70.344089] (unitree_hg) StdoutLine: {'line': b'-- Installing: /ws/install/unitree_hg/include/unitree_hg/unitree_hg/msg/detail/hand_cmd__traits.hpp\n'}
[70.344185] (unitree_hg) StdoutLine: {'line': b'-- Installing: /ws/install/unitree_hg/include/unitree_hg/unitree_hg/msg/detail/bms_cmd__builder.hpp\n'}
[70.344287] (unitree_hg) StdoutLine: {'line': b'-- Installing: /ws/install/unitree_hg/include/unitree_hg/unitree_hg/msg/detail/low_cmd__builder.hpp\n'}
[70.344452] (unitree_hg) StdoutLine: {'line': b'-- Installing: /ws/install/unitree_hg/include/unitree_hg/unitree_hg/msg/detail/bms_state__struct.hpp\n'}
[70.345818] (unitree_hg) StdoutLine: {'line': b'-- Installing: /ws/install/unitree_hg/include/unitree_hg/unitree_hg/msg/detail/press_sensor_state__builder.hpp\n'}
[70.346046] (unitree_hg) StdoutLine: {'line': b'-- Installing: /ws/install/unitree_hg/include/unitree_hg/unitree_hg/msg/detail/press_sensor_state__type_support.hpp\n'}
[70.346140] (unitree_hg) StdoutLine: {'line': b'-- Installing: /ws/install/unitree_hg/include/unitree_hg/unitree_hg/msg/detail/low_state__builder.hpp\n'}
[70.346217] (unitree_hg) StdoutLine: {'line': b'-- Installing: /ws/install/unitree_hg/include/unitree_hg/unitree_hg/msg/detail/motor_cmd__traits.hpp\n'}
[70.346361] (unitree_hg) StdoutLine: {'line': b'-- Installing: /ws/install/unitree_hg/include/unitree_hg/unitree_hg/msg/detail/imu_state__struct.hpp\n'}
[70.347433] (unitree_hg) StdoutLine: {'line': b'-- Installing: /ws/install/unitree_hg/include/unitree_hg/unitree_hg/msg/detail/hand_state__traits.hpp\n'}
[70.348033] (unitree_hg) StdoutLine: {'line': b'-- Installing: /ws/install/unitree_hg/include/unitree_hg/unitree_hg/msg/detail/hand_cmd__type_support.hpp\n'}
[70.348151] (unitree_hg) StdoutLine: {'line': b'-- Installing: /ws/install/unitree_hg/include/unitree_hg/unitree_hg/msg/detail/motor_state__struct.hpp\n'}
[70.348232] (unitree_hg) StdoutLine: {'line': b'-- Installing: /ws/install/unitree_hg/include/unitree_hg/unitree_hg/msg/detail/motor_state__builder.hpp\n'}
[70.348327] (unitree_hg) StdoutLine: {'line': b'-- Installing: /ws/install/unitree_hg/include/unitree_hg/unitree_hg/msg/detail/low_cmd__type_support.hpp\n'}
[70.349594] (unitree_hg) StdoutLine: {'line': b'-- Installing: /ws/install/unitree_hg/include/unitree_hg/unitree_hg/msg/detail/low_cmd__struct.hpp\n'}
[70.349945] (unitree_hg) StdoutLine: {'line': b'-- Installing: /ws/install/unitree_hg/include/unitree_hg/unitree_hg/msg/detail/main_board_state__struct.hpp\n'}
[70.350059] (unitree_hg) StdoutLine: {'line': b'-- Installing: /ws/install/unitree_hg/include/unitree_hg/unitree_hg/msg/detail/hand_cmd__builder.hpp\n'}
[70.350141] (unitree_hg) StdoutLine: {'line': b'-- Installing: /ws/install/unitree_hg/include/unitree_hg/unitree_hg/msg/detail/low_cmd__traits.hpp\n'}
[70.351356] (unitree_hg) StdoutLine: {'line': b'-- Installing: /ws/install/unitree_hg/include/unitree_hg/unitree_hg/msg/detail/press_sensor_state__traits.hpp\n'}
[70.352184] (unitree_hg) StdoutLine: {'line': b'-- Installing: /ws/install/unitree_hg/include/unitree_hg/unitree_hg/msg/detail/press_sensor_state__struct.hpp\n'}
[70.352440] (unitree_hg) StdoutLine: {'line': b'-- Installing: /ws/install/unitree_hg/include/unitree_hg/unitree_hg/msg/detail/low_state__struct.hpp\n'}
[70.352532] (unitree_hg) StdoutLine: {'line': b'-- Installing: /ws/install/unitree_hg/include/unitree_hg/unitree_hg/msg/detail/motor_cmd__builder.hpp\n'}
[70.352603] (unitree_hg) StdoutLine: {'line': b'-- Installing: /ws/install/unitree_hg/include/unitree_hg/unitree_hg/msg/detail/main_board_state__builder.hpp\n'}
[70.352675] (unitree_hg) StdoutLine: {'line': b'-- Installing: /ws/install/unitree_hg/include/unitree_hg/unitree_hg/msg/detail/hand_state__struct.hpp\n'}
[70.353664] (unitree_hg) StdoutLine: {'line': b'-- Installing: /ws/install/unitree_hg/include/unitree_hg/unitree_hg/msg/detail/motor_cmd__struct.hpp\n'}
[70.353823] (unitree_hg) StdoutLine: {'line': b'-- Installing: /ws/install/unitree_hg/include/unitree_hg/unitree_hg/msg/detail/low_state__type_support.hpp\n'}
[70.353903] (unitree_hg) StdoutLine: {'line': b'-- Installing: /ws/install/unitree_hg/include/unitree_hg/unitree_hg/msg/detail/main_board_state__traits.hpp\n'}
[70.353974] (unitree_hg) StdoutLine: {'line': b'-- Installing: /ws/install/unitree_hg/include/unitree_hg/unitree_hg/msg/detail/motor_state__type_support.hpp\n'}
[70.354750] (unitree_hg) StdoutLine: {'line': b'-- Installing: /ws/install/unitree_hg/include/unitree_hg/unitree_hg/msg/detail/low_state__traits.hpp\n'}
[70.355393] (unitree_hg) StdoutLine: {'line': b'-- Installing: /ws/install/unitree_hg/include/unitree_hg/unitree_hg/msg/detail/motor_cmd__type_support.hpp\n'}
[70.355538] (unitree_hg) StdoutLine: {'line': b'-- Installing: /ws/install/unitree_hg/include/unitree_hg/unitree_hg/msg/detail/hand_state__builder.hpp\n'}
[70.355638] (unitree_hg) StdoutLine: {'line': b'-- Installing: /ws/install/unitree_hg/include/unitree_hg/unitree_hg/msg/hand_cmd.hpp\n'}
[70.357031] (unitree_hg) StdoutLine: {'line': b'-- Up-to-date: /ws/install/unitree_hg/include/unitree_hg/unitree_hg\n'}
[70.357346] (unitree_hg) StdoutLine: {'line': b'-- Up-to-date: /ws/install/unitree_hg/include/unitree_hg/unitree_hg/msg\n'}
[70.357465] (unitree_hg) StdoutLine: {'line': b'-- Installing: /ws/install/unitree_hg/include/unitree_hg/unitree_hg/msg/rosidl_typesupport_fastrtps_cpp__visibility_control.h\n'}
[70.357571] (unitree_hg) StdoutLine: {'line': b'-- Up-to-date: /ws/install/unitree_hg/include/unitree_hg/unitree_hg/msg/detail\n'}
[70.357676] (unitree_hg) StdoutLine: {'line': b'-- Installing: /ws/install/unitree_hg/include/unitree_hg/unitree_hg/msg/detail/bms_state__rosidl_typesupport_fastrtps_cpp.hpp\n'}
[70.357772] (unitree_hg) StdoutLine: {'line': b'-- Installing: /ws/install/unitree_hg/include/unitree_hg/unitree_hg/msg/detail/low_state__rosidl_typesupport_fastrtps_cpp.hpp\n'}
[70.359191] (unitree_hg) StdoutLine: {'line': b'-- Installing: /ws/install/unitree_hg/include/unitree_hg/unitree_hg/msg/detail/motor_cmd__rosidl_typesupport_fastrtps_cpp.hpp\n'}
[70.359805] (unitree_hg) StdoutLine: {'line': b'-- Installing: /ws/install/unitree_hg/include/unitree_hg/unitree_hg/msg/detail/hand_state__rosidl_typesupport_fastrtps_cpp.hpp\n'}
[70.360033] (unitree_hg) StdoutLine: {'line': b'-- Installing: /ws/install/unitree_hg/include/unitree_hg/unitree_hg/msg/detail/motor_state__rosidl_typesupport_fastrtps_cpp.hpp\n'}
[70.360123] (unitree_hg) StdoutLine: {'line': b'-- Installing: /ws/install/unitree_hg/include/unitree_hg/unitree_hg/msg/detail/main_board_state__rosidl_typesupport_fastrtps_cpp.hpp\n'}
[70.360200] (unitree_hg) StdoutLine: {'line': b'-- Installing: /ws/install/unitree_hg/include/unitree_hg/unitree_hg/msg/detail/dds_fastrtps\n'}
[70.360284] (unitree_hg) StdoutLine: {'line': b'-- Installing: /ws/install/unitree_hg/include/unitree_hg/unitree_hg/msg/detail/imu_state__rosidl_typesupport_fastrtps_cpp.hpp\n'}
[70.361658] (unitree_hg) StdoutLine: {'line': b'-- Installing: /ws/install/unitree_hg/include/unitree_hg/unitree_hg/msg/detail/bms_cmd__rosidl_typesupport_fastrtps_cpp.hpp\n'}
[70.361918] (unitree_hg) StdoutLine: {'line': b'-- Installing: /ws/install/unitree_hg/include/unitree_hg/unitree_hg/msg/detail/press_sensor_state__rosidl_typesupport_fastrtps_cpp.hpp\n'}
[70.362050] (unitree_hg) StdoutLine: {'line': b'-- Installing: /ws/install/unitree_hg/include/unitree_hg/unitree_hg/msg/detail/low_cmd__rosidl_typesupport_fastrtps_cpp.hpp\n'}
[70.362129] (unitree_hg) StdoutLine: {'line': b'-- Installing: /ws/install/unitree_hg/include/unitree_hg/unitree_hg/msg/detail/hand_cmd__rosidl_typesupport_fastrtps_cpp.hpp\n'}
[70.364335] (unitree_hg) StdoutLine: {'line': b'-- Installing: /ws/install/unitree_hg/lib/libunitree_hg__rosidl_typesupport_fastrtps_cpp.so\n'}
[70.364665] (unitree_hg) StdoutLine: {'line': b'-- Set runtime path of "/ws/install/unitree_hg/lib/libunitree_hg__rosidl_typesupport_fastrtps_cpp.so" to ""\n'}
[70.364966] (unitree_hg) StdoutLine: {'line': b'-- Up-to-date: /ws/install/unitree_hg/include/unitree_hg/unitree_hg\n'}
[70.365249] (unitree_hg) StdoutLine: {'line': b'-- Up-to-date: /ws/install/unitree_hg/include/unitree_hg/unitree_hg/msg\n'}
[70.365770] (unitree_hg) StdoutLine: {'line': b'-- Installing: /ws/install/unitree_hg/include/unitree_hg/unitree_hg/msg/rosidl_typesupport_introspection_c__visibility_control.h\n'}
[70.365934] (unitree_hg) StdoutLine: {'line': b'-- Up-to-date: /ws/install/unitree_hg/include/unitree_hg/unitree_hg/msg/detail\n'}
[70.366504] (unitree_hg) StdoutLine: {'line': b'-- Installing: /ws/install/unitree_hg/include/unitree_hg/unitree_hg/msg/detail/press_sensor_state__type_support.c\n'}
[70.366717] (unitree_hg) StdoutLine: {'line': b'-- Installing: /ws/install/unitree_hg/include/unitree_hg/unitree_hg/msg/detail/press_sensor_state__rosidl_typesupport_introspection_c.h\n'}
[70.367495] (unitree_hg) StdoutLine: {'line': b'-- Installing: /ws/install/unitree_hg/include/unitree_hg/unitree_hg/msg/detail/main_board_state__rosidl_typesupport_introspection_c.h\n'}
[70.368444] (unitree_hg) StdoutLine: {'line': b'-- Installing: /ws/install/unitree_hg/include/unitree_hg/unitree_hg/msg/detail/main_board_state__type_support.c\n'}
[70.369354] (unitree_hg) StdoutLine: {'line': b'-- Installing: /ws/install/unitree_hg/include/unitree_hg/unitree_hg/msg/detail/hand_state__type_support.c\n'}
[70.370327] (unitree_hg) StdoutLine: {'line': b'-- Installing: /ws/install/unitree_hg/include/unitree_hg/unitree_hg/msg/detail/bms_cmd__rosidl_typesupport_introspection_c.h\n'}
[70.371246] (unitree_hg) StdoutLine: {'line': b'-- Installing: /ws/install/unitree_hg/include/unitree_hg/unitree_hg/msg/detail/imu_state__type_support.c\n'}
[70.372082] (unitree_hg) StdoutLine: {'line': b'-- Installing: /ws/install/unitree_hg/include/unitree_hg/unitree_hg/msg/detail/imu_state__rosidl_typesupport_introspection_c.h\n'}
[70.373744] (-) TimerEvent: {}
[70.375279] (unitree_hg) StdoutLine: {'line': b'-- Installing: /ws/install/unitree_hg/include/unitree_hg/unitree_hg/msg/detail/hand_state__rosidl_typesupport_introspection_c.h\n'}
[70.377272] (unitree_hg) StdoutLine: {'line': b'-- Installing: /ws/install/unitree_hg/include/unitree_hg/unitree_hg/msg/detail/hand_cmd__rosidl_typesupport_introspection_c.h\n'}
[70.378500] (unitree_hg) StdoutLine: {'line': b'-- Installing: /ws/install/unitree_hg/include/unitree_hg/unitree_hg/msg/detail/low_cmd__rosidl_typesupport_introspection_c.h\n'}
[70.378714] (unitree_hg) StdoutLine: {'line': b'-- Installing: /ws/install/unitree_hg/include/unitree_hg/unitree_hg/msg/detail/low_state__type_support.c\n'}
[70.378832] (unitree_hg) StdoutLine: {'line': b'-- Installing: /ws/install/unitree_hg/include/unitree_hg/unitree_hg/msg/detail/bms_state__rosidl_typesupport_introspection_c.h\n'}
[70.378929] (unitree_hg) StdoutLine: {'line': b'-- Installing: /ws/install/unitree_hg/include/unitree_hg/unitree_hg/msg/detail/motor_cmd__type_support.c\n'}
[70.379021] (unitree_hg) StdoutLine: {'line': b'-- Installing: /ws/install/unitree_hg/include/unitree_hg/unitree_hg/msg/detail/low_cmd__type_support.c\n'}
[70.379107] (unitree_hg) StdoutLine: {'line': b'-- Installing: /ws/install/unitree_hg/include/unitree_hg/unitree_hg/msg/detail/bms_state__type_support.c\n'}
[70.379187] (unitree_hg) StdoutLine: {'line': b'-- Installing: /ws/install/unitree_hg/include/unitree_hg/unitree_hg/msg/detail/motor_state__type_support.c\n'}
[70.379263] (unitree_hg) StdoutLine: {'line': b'-- Installing: /ws/install/unitree_hg/include/unitree_hg/unitree_hg/msg/detail/bms_cmd__type_support.c\n'}
[70.382673] (unitree_hg) StdoutLine: {'line': b'-- Installing: /ws/install/unitree_hg/include/unitree_hg/unitree_hg/msg/detail/motor_state__rosidl_typesupport_introspection_c.h\n'}
[70.383574] (unitree_hg) StdoutLine: {'line': b'-- Installing: /ws/install/unitree_hg/include/unitree_hg/unitree_hg/msg/detail/motor_cmd__rosidl_typesupport_introspection_c.h\n'}
[70.384441] (unitree_hg) StdoutLine: {'line': b'-- Installing: /ws/install/unitree_hg/include/unitree_hg/unitree_hg/msg/detail/low_state__rosidl_typesupport_introspection_c.h\n'}
[70.384686] (unitree_hg) StdoutLine: {'line': b'-- Installing: /ws/install/unitree_hg/include/unitree_hg/unitree_hg/msg/detail/hand_cmd__type_support.c\n'}
[70.384817] (unitree_hg) StdoutLine: {'line': b'-- Installing: /ws/install/unitree_hg/lib/libunitree_hg__rosidl_typesupport_introspection_c.so\n'}
[70.386583] (unitree_hg) StdoutLine: {'line': b'-- Set runtime path of "/ws/install/unitree_hg/lib/libunitree_hg__rosidl_typesupport_introspection_c.so" to ""\n'}
[70.386748] (unitree_hg) StdoutLine: {'line': b'-- Installing: /ws/install/unitree_hg/lib/libunitree_hg__rosidl_typesupport_c.so\n'}
[70.386858] (unitree_hg) StdoutLine: {'line': b'-- Set runtime path of "/ws/install/unitree_hg/lib/libunitree_hg__rosidl_typesupport_c.so" to ""\n'}
[70.386949] (unitree_hg) StdoutLine: {'line': b'-- Up-to-date: /ws/install/unitree_hg/include/unitree_hg/unitree_hg\n'}
[70.387050] (unitree_hg) StdoutLine: {'line': b'-- Up-to-date: /ws/install/unitree_hg/include/unitree_hg/unitree_hg/msg\n'}
[70.387144] (unitree_hg) StdoutLine: {'line': b'-- Up-to-date: /ws/install/unitree_hg/include/unitree_hg/unitree_hg/msg/detail\n'}
[70.387241] (unitree_hg) StdoutLine: {'line': b'-- Installing: /ws/install/unitree_hg/include/unitree_hg/unitree_hg/msg/detail/low_state__type_support.cpp\n'}
[70.387414] (unitree_hg) StdoutLine: {'line': b'-- Installing: /ws/install/unitree_hg/include/unitree_hg/unitree_hg/msg/detail/hand_state__type_support.cpp\n'}
[70.387607] (unitree_hg) StdoutLine: {'line': b'-- Installing: /ws/install/unitree_hg/include/unitree_hg/unitree_hg/msg/detail/bms_state__rosidl_typesupport_introspection_cpp.hpp\n'}
[70.387722] (unitree_hg) StdoutLine: {'line': b'-- Installing: /ws/install/unitree_hg/include/unitree_hg/unitree_hg/msg/detail/press_sensor_state__rosidl_typesupport_introspection_cpp.hpp\n'}
[70.387844] (unitree_hg) StdoutLine: {'line': b'-- Installing: /ws/install/unitree_hg/include/unitree_hg/unitree_hg/msg/detail/motor_cmd__type_support.cpp\n'}
[70.387971] (unitree_hg) StdoutLine: {'line': b'-- Installing: /ws/install/unitree_hg/include/unitree_hg/unitree_hg/msg/detail/hand_cmd__type_support.cpp\n'}
[70.394145] (unitree_hg) StdoutLine: {'line': b'-- Installing: /ws/install/unitree_hg/include/unitree_hg/unitree_hg/msg/detail/bms_state__type_support.cpp\n'}
[70.394428] (unitree_hg) StdoutLine: {'line': b'-- Installing: /ws/install/unitree_hg/include/unitree_hg/unitree_hg/msg/detail/bms_cmd__rosidl_typesupport_introspection_cpp.hpp\n'}
[70.394623] (unitree_hg) StdoutLine: {'line': b'-- Installing: /ws/install/unitree_hg/include/unitree_hg/unitree_hg/msg/detail/hand_cmd__rosidl_typesupport_introspection_cpp.hpp\n'}
[70.394794] (unitree_hg) StdoutLine: {'line': b'-- Installing: /ws/install/unitree_hg/include/unitree_hg/unitree_hg/msg/detail/press_sensor_state__type_support.cpp\n'}
[70.394892] (unitree_hg) StdoutLine: {'line': b'-- Installing: /ws/install/unitree_hg/include/unitree_hg/unitree_hg/msg/detail/bms_cmd__type_support.cpp\n'}
[70.396783] (unitree_hg) StdoutLine: {'line': b'-- Installing: /ws/install/unitree_hg/include/unitree_hg/unitree_hg/msg/detail/low_state__rosidl_typesupport_introspection_cpp.hpp\n'}
[70.397047] (unitree_hg) StdoutLine: {'line': b'-- Installing: /ws/install/unitree_hg/include/unitree_hg/unitree_hg/msg/detail/hand_state__rosidl_typesupport_introspection_cpp.hpp\n'}
[70.397995] (unitree_hg) StdoutLine: {'line': b'-- Installing: /ws/install/unitree_hg/include/unitree_hg/unitree_hg/msg/detail/main_board_state__type_support.cpp\n'}
[70.399033] (unitree_hg) StdoutLine: {'line': b'-- Installing: /ws/install/unitree_hg/include/unitree_hg/unitree_hg/msg/detail/low_cmd__type_support.cpp\n'}
[70.400034] (unitree_hg) StdoutLine: {'line': b'-- Installing: /ws/install/unitree_hg/include/unitree_hg/unitree_hg/msg/detail/imu_state__type_support.cpp\n'}
[70.400438] (unitree_hg) StdoutLine: {'line': b'-- Installing: /ws/install/unitree_hg/include/unitree_hg/unitree_hg/msg/detail/motor_state__rosidl_typesupport_introspection_cpp.hpp\n'}
[70.400565] (unitree_hg) StdoutLine: {'line': b'-- Installing: /ws/install/unitree_hg/include/unitree_hg/unitree_hg/msg/detail/main_board_state__rosidl_typesupport_introspection_cpp.hpp\n'}
[70.400666] (unitree_hg) StdoutLine: {'line': b'-- Installing: /ws/install/unitree_hg/include/unitree_hg/unitree_hg/msg/detail/motor_cmd__rosidl_typesupport_introspection_cpp.hpp\n'}
[70.400783] (unitree_hg) StdoutLine: {'line': b'-- Installing: /ws/install/unitree_hg/include/unitree_hg/unitree_hg/msg/detail/motor_state__type_support.cpp\n'}
[70.400887] (unitree_hg) StdoutLine: {'line': b'-- Installing: /ws/install/unitree_hg/include/unitree_hg/unitree_hg/msg/detail/low_cmd__rosidl_typesupport_introspection_cpp.hpp\n'}
[70.400978] (unitree_hg) StdoutLine: {'line': b'-- Installing: /ws/install/unitree_hg/include/unitree_hg/unitree_hg/msg/detail/imu_state__rosidl_typesupport_introspection_cpp.hpp\n'}
[70.401058] (unitree_hg) StdoutLine: {'line': b'-- Installing: /ws/install/unitree_hg/lib/libunitree_hg__rosidl_typesupport_introspection_cpp.so\n'}
[70.401141] (unitree_hg) StdoutLine: {'line': b'-- Set runtime path of "/ws/install/unitree_hg/lib/libunitree_hg__rosidl_typesupport_introspection_cpp.so" to ""\n'}
[70.401223] (unitree_hg) StdoutLine: {'line': b'-- Installing: /ws/install/unitree_hg/lib/libunitree_hg__rosidl_typesupport_cpp.so\n'}
[70.401320] (unitree_hg) StdoutLine: {'line': b'-- Set runtime path of "/ws/install/unitree_hg/lib/libunitree_hg__rosidl_typesupport_cpp.so" to ""\n'}
[70.401460] (unitree_hg) StdoutLine: {'line': b'-- Installing: /ws/install/unitree_hg/share/unitree_hg/environment/pythonpath.sh\n'}
[70.401544] (unitree_hg) StdoutLine: {'line': b'-- Installing: /ws/install/unitree_hg/share/unitree_hg/environment/pythonpath.dsv\n'}
[70.401620] (unitree_hg) StdoutLine: {'line': b'-- Installing: /ws/install/unitree_hg/local/lib/python3.10/dist-packages/unitree_hg-0.0.0-py3.10.egg-info\n'}
[70.401694] (unitree_hg) StdoutLine: {'line': b'-- Installing: /ws/install/unitree_hg/local/lib/python3.10/dist-packages/unitree_hg-0.0.0-py3.10.egg-info/dependency_links.txt\n'}
[70.401769] (unitree_hg) StdoutLine: {'line': b'-- Installing: /ws/install/unitree_hg/local/lib/python3.10/dist-packages/unitree_hg-0.0.0-py3.10.egg-info/top_level.txt\n'}
[70.401848] (unitree_hg) StdoutLine: {'line': b'-- Installing: /ws/install/unitree_hg/local/lib/python3.10/dist-packages/unitree_hg-0.0.0-py3.10.egg-info/SOURCES.txt\n'}
[70.401926] (unitree_hg) StdoutLine: {'line': b'-- Installing: /ws/install/unitree_hg/local/lib/python3.10/dist-packages/unitree_hg-0.0.0-py3.10.egg-info/PKG-INFO\n'}
[70.402001] (unitree_hg) StdoutLine: {'line': b'-- Installing: /ws/install/unitree_hg/local/lib/python3.10/dist-packages/unitree_hg\n'}
[70.402072] (unitree_hg) StdoutLine: {'line': b'-- Installing: /ws/install/unitree_hg/local/lib/python3.10/dist-packages/unitree_hg/unitree_hg_s__rosidl_typesupport_introspection_c.cpython-310-aarch64-linux-gnu.so\n'}
[70.402143] (unitree_hg) StdoutLine: {'line': b'-- Installing: /ws/install/unitree_hg/local/lib/python3.10/dist-packages/unitree_hg/_unitree_hg_s.ep.rosidl_typesupport_c.c\n'}
[70.402211] (unitree_hg) StdoutLine: {'line': b'-- Installing: /ws/install/unitree_hg/local/lib/python3.10/dist-packages/unitree_hg/msg\n'}
[70.402281] (unitree_hg) StdoutLine: {'line': b'-- Installing: /ws/install/unitree_hg/local/lib/python3.10/dist-packages/unitree_hg/msg/_motor_cmd_s.c\n'}
[70.402389] (unitree_hg) StdoutLine: {'line': b'-- Installing: /ws/install/unitree_hg/local/lib/python3.10/dist-packages/unitree_hg/msg/_main_board_state_s.c\n'}
[70.402466] (unitree_hg) StdoutLine: {'line': b'-- Installing: /ws/install/unitree_hg/local/lib/python3.10/dist-packages/unitree_hg/msg/_bms_cmd.py\n'}
[70.402537] (unitree_hg) StdoutLine: {'line': b'-- Installing: /ws/install/unitree_hg/local/lib/python3.10/dist-packages/unitree_hg/msg/_hand_state.py\n'}
[70.405569] (unitree_hg) StdoutLine: {'line': b'-- Installing: /ws/install/unitree_hg/local/lib/python3.10/dist-packages/unitree_hg/msg/_hand_cmd_s.c\n'}
[70.405747] (unitree_hg) StdoutLine: {'line': b'-- Installing: /ws/install/unitree_hg/local/lib/python3.10/dist-packages/unitree_hg/msg/_low_cmd.py\n'}
[70.405837] (unitree_hg) StdoutLine: {'line': b'-- Installing: /ws/install/unitree_hg/local/lib/python3.10/dist-packages/unitree_hg/msg/_press_sensor_state_s.c\n'}
[70.405923] (unitree_hg) StdoutLine: {'line': b'-- Installing: /ws/install/unitree_hg/local/lib/python3.10/dist-packages/unitree_hg/msg/_imu_state_s.c\n'}
[70.406023] (unitree_hg) StdoutLine: {'line': b'-- Installing: /ws/install/unitree_hg/local/lib/python3.10/dist-packages/unitree_hg/msg/_hand_state_s.c\n'}
[70.406102] (unitree_hg) StdoutLine: {'line': b'-- Installing: /ws/install/unitree_hg/local/lib/python3.10/dist-packages/unitree_hg/msg/_low_state.py\n'}
[70.406188] (unitree_hg) StdoutLine: {'line': b'-- Installing: /ws/install/unitree_hg/local/lib/python3.10/dist-packages/unitree_hg/msg/_imu_state.py\n'}
[70.406392] (unitree_hg) StdoutLine: {'line': b'-- Installing: /ws/install/unitree_hg/local/lib/python3.10/dist-packages/unitree_hg/msg/_bms_state_s.c\n'}
[70.406506] (unitree_hg) StdoutLine: {'line': b'-- Installing: /ws/install/unitree_hg/local/lib/python3.10/dist-packages/unitree_hg/msg/_bms_cmd_s.c\n'}
[70.406582] (unitree_hg) StdoutLine: {'line': b'-- Installing: /ws/install/unitree_hg/local/lib/python3.10/dist-packages/unitree_hg/msg/_motor_state.py\n'}
[70.406659] (unitree_hg) StdoutLine: {'line': b'-- Installing: /ws/install/unitree_hg/local/lib/python3.10/dist-packages/unitree_hg/msg/_motor_state_s.c\n'}
[70.406763] (unitree_hg) StdoutLine: {'line': b'-- Installing: /ws/install/unitree_hg/local/lib/python3.10/dist-packages/unitree_hg/msg/__init__.py\n'}
[70.406837] (unitree_hg) StdoutLine: {'line': b'-- Installing: /ws/install/unitree_hg/local/lib/python3.10/dist-packages/unitree_hg/msg/_press_sensor_state.py\n'}
[70.406919] (unitree_hg) StdoutLine: {'line': b'-- Installing: /ws/install/unitree_hg/local/lib/python3.10/dist-packages/unitree_hg/msg/_motor_cmd.py\n'}
[70.406988] (unitree_hg) StdoutLine: {'line': b'-- Installing: /ws/install/unitree_hg/local/lib/python3.10/dist-packages/unitree_hg/msg/_low_cmd_s.c\n'}
[70.407056] (unitree_hg) StdoutLine: {'line': b'-- Installing: /ws/install/unitree_hg/local/lib/python3.10/dist-packages/unitree_hg/msg/_main_board_state.py\n'}
[70.407148] (unitree_hg) StdoutLine: {'line': b'-- Installing: /ws/install/unitree_hg/local/lib/python3.10/dist-packages/unitree_hg/msg/_hand_cmd.py\n'}
[70.407231] (unitree_hg) StdoutLine: {'line': b'-- Installing: /ws/install/unitree_hg/local/lib/python3.10/dist-packages/unitree_hg/msg/_low_state_s.c\n'}
[70.410397] (unitree_hg) StdoutLine: {'line': b'-- Installing: /ws/install/unitree_hg/local/lib/python3.10/dist-packages/unitree_hg/msg/_bms_state.py\n'}
[70.410704] (unitree_hg) StdoutLine: {'line': b'-- Installing: /ws/install/unitree_hg/local/lib/python3.10/dist-packages/unitree_hg/__init__.py\n'}
[70.410814] (unitree_hg) StdoutLine: {'line': b'-- Installing: /ws/install/unitree_hg/local/lib/python3.10/dist-packages/unitree_hg/libunitree_hg__rosidl_generator_py.so\n'}
[70.410909] (unitree_hg) StdoutLine: {'line': b'-- Installing: /ws/install/unitree_hg/local/lib/python3.10/dist-packages/unitree_hg/_unitree_hg_s.ep.rosidl_typesupport_introspection_c.c\n'}
[70.410994] (unitree_hg) StdoutLine: {'line': b'-- Installing: /ws/install/unitree_hg/local/lib/python3.10/dist-packages/unitree_hg/_unitree_hg_s.ep.rosidl_typesupport_fastrtps_c.c\n'}
[70.411077] (unitree_hg) StdoutLine: {'line': b'-- Installing: /ws/install/unitree_hg/local/lib/python3.10/dist-packages/unitree_hg/unitree_hg_s__rosidl_typesupport_fastrtps_c.cpython-310-aarch64-linux-gnu.so\n'}
[70.411173] (unitree_hg) StdoutLine: {'line': b'-- Installing: /ws/install/unitree_hg/local/lib/python3.10/dist-packages/unitree_hg/unitree_hg_s__rosidl_typesupport_c.cpython-310-aarch64-linux-gnu.so\n'}
[70.473918] (-) TimerEvent: {}
[70.501686] (unitree_hg) StdoutLine: {'line': b"Listing '/ws/install/unitree_hg/local/lib/python3.10/dist-packages/unitree_hg'...\n"}
[70.502250] (unitree_hg) StdoutLine: {'line': b"Compiling '/ws/install/unitree_hg/local/lib/python3.10/dist-packages/unitree_hg/__init__.py'...\n"}
[70.502655] (unitree_hg) StdoutLine: {'line': b"Listing '/ws/install/unitree_hg/local/lib/python3.10/dist-packages/unitree_hg/msg'...\n"}
[70.502851] (unitree_hg) StdoutLine: {'line': b"Compiling '/ws/install/unitree_hg/local/lib/python3.10/dist-packages/unitree_hg/msg/__init__.py'...\n"}
[70.503011] (unitree_hg) StdoutLine: {'line': b"Compiling '/ws/install/unitree_hg/local/lib/python3.10/dist-packages/unitree_hg/msg/_bms_cmd.py'...\n"}
[70.503192] (unitree_hg) StdoutLine: {'line': b"Compiling '/ws/install/unitree_hg/local/lib/python3.10/dist-packages/unitree_hg/msg/_bms_state.py'...\n"}
[70.503411] (unitree_hg) StdoutLine: {'line': b"Compiling '/ws/install/unitree_hg/local/lib/python3.10/dist-packages/unitree_hg/msg/_hand_cmd.py'...\n"}
[70.503585] (unitree_hg) StdoutLine: {'line': b"Compiling '/ws/install/unitree_hg/local/lib/python3.10/dist-packages/unitree_hg/msg/_hand_state.py'...\n"}
[70.503748] (unitree_hg) StdoutLine: {'line': b"Compiling '/ws/install/unitree_hg/local/lib/python3.10/dist-packages/unitree_hg/msg/_imu_state.py'...\n"}
[70.503880] (unitree_hg) StdoutLine: {'line': b"Compiling '/ws/install/unitree_hg/local/lib/python3.10/dist-packages/unitree_hg/msg/_low_cmd.py'...\n"}
[70.504022] (unitree_hg) StdoutLine: {'line': b"Compiling '/ws/install/unitree_hg/local/lib/python3.10/dist-packages/unitree_hg/msg/_low_state.py'...\n"}
[70.504168] (unitree_hg) StdoutLine: {'line': b"Compiling '/ws/install/unitree_hg/local/lib/python3.10/dist-packages/unitree_hg/msg/_main_board_state.py'...\n"}
[70.509417] (unitree_hg) StdoutLine: {'line': b"Compiling '/ws/install/unitree_hg/local/lib/python3.10/dist-packages/unitree_hg/msg/_motor_cmd.py'...\n"}
[70.510541] (unitree_hg) StdoutLine: {'line': b"Compiling '/ws/install/unitree_hg/local/lib/python3.10/dist-packages/unitree_hg/msg/_motor_state.py'...\n"}
[70.511544] (unitree_hg) StdoutLine: {'line': b"Compiling '/ws/install/unitree_hg/local/lib/python3.10/dist-packages/unitree_hg/msg/_press_sensor_state.py'...\n"}
[70.519038] (unitree_hg) StdoutLine: {'line': b'-- Installing: /ws/install/unitree_hg/local/lib/python3.10/dist-packages/unitree_hg/unitree_hg_s__rosidl_typesupport_fastrtps_c.cpython-310-aarch64-linux-gnu.so\n'}
[70.520731] (unitree_hg) StdoutLine: {'line': b'-- Set runtime path of "/ws/install/unitree_hg/local/lib/python3.10/dist-packages/unitree_hg/unitree_hg_s__rosidl_typesupport_fastrtps_c.cpython-310-aarch64-linux-gnu.so" to ""\n'}
[70.521653] (unitree_hg) StdoutLine: {'line': b'-- Installing: /ws/install/unitree_hg/local/lib/python3.10/dist-packages/unitree_hg/unitree_hg_s__rosidl_typesupport_introspection_c.cpython-310-aarch64-linux-gnu.so\n'}
[70.522989] (unitree_hg) StdoutLine: {'line': b'-- Set runtime path of "/ws/install/unitree_hg/local/lib/python3.10/dist-packages/unitree_hg/unitree_hg_s__rosidl_typesupport_introspection_c.cpython-310-aarch64-linux-gnu.so" to ""\n'}
[70.525561] (unitree_hg) StdoutLine: {'line': b'-- Installing: /ws/install/unitree_hg/local/lib/python3.10/dist-packages/unitree_hg/unitree_hg_s__rosidl_typesupport_c.cpython-310-aarch64-linux-gnu.so\n'}
[70.526536] (unitree_hg) StdoutLine: {'line': b'-- Set runtime path of "/ws/install/unitree_hg/local/lib/python3.10/dist-packages/unitree_hg/unitree_hg_s__rosidl_typesupport_c.cpython-310-aarch64-linux-gnu.so" to ""\n'}
[70.527479] (unitree_hg) StdoutLine: {'line': b'-- Installing: /ws/install/unitree_hg/lib/libunitree_hg__rosidl_generator_py.so\n'}
[70.528423] (unitree_hg) StdoutLine: {'line': b'-- Set runtime path of "/ws/install/unitree_hg/lib/libunitree_hg__rosidl_generator_py.so" to ""\n'}
[70.529243] (unitree_hg) StdoutLine: {'line': b'-- Installing: /ws/install/unitree_hg/share/unitree_hg/msg/BmsCmd.idl\n'}
[70.530130] (unitree_hg) StdoutLine: {'line': b'-- Installing: /ws/install/unitree_hg/share/unitree_hg/msg/BmsState.idl\n'}
[70.530987] (unitree_hg) StdoutLine: {'line': b'-- Installing: /ws/install/unitree_hg/share/unitree_hg/msg/HandCmd.idl\n'}
[70.531911] (unitree_hg) StdoutLine: {'line': b'-- Installing: /ws/install/unitree_hg/share/unitree_hg/msg/HandState.idl\n'}
[70.532776] (unitree_hg) StdoutLine: {'line': b'-- Installing: /ws/install/unitree_hg/share/unitree_hg/msg/IMUState.idl\n'}
[70.533684] (unitree_hg) StdoutLine: {'line': b'-- Installing: /ws/install/unitree_hg/share/unitree_hg/msg/LowCmd.idl\n'}
[70.534512] (unitree_hg) StdoutLine: {'line': b'-- Installing: /ws/install/unitree_hg/share/unitree_hg/msg/LowState.idl\n'}
[70.535518] (unitree_hg) StdoutLine: {'line': b'-- Installing: /ws/install/unitree_hg/share/unitree_hg/msg/MainBoardState.idl\n'}
[70.536349] (unitree_hg) StdoutLine: {'line': b'-- Installing: /ws/install/unitree_hg/share/unitree_hg/msg/MotorCmd.idl\n'}
[70.536508] (unitree_hg) StdoutLine: {'line': b'-- Installing: /ws/install/unitree_hg/share/unitree_hg/msg/MotorState.idl\n'}
[70.537762] (unitree_hg) StdoutLine: {'line': b'-- Installing: /ws/install/unitree_hg/share/unitree_hg/msg/PressSensorState.idl\n'}
[70.538676] (unitree_hg) StdoutLine: {'line': b'-- Installing: /ws/install/unitree_hg/share/unitree_hg/msg/BmsCmd.msg\n'}
[70.539578] (unitree_hg) StdoutLine: {'line': b'-- Installing: /ws/install/unitree_hg/share/unitree_hg/msg/BmsState.msg\n'}
[70.540471] (unitree_hg) StdoutLine: {'line': b'-- Installing: /ws/install/unitree_hg/share/unitree_hg/msg/HandCmd.msg\n'}
[70.541447] (unitree_hg) StdoutLine: {'line': b'-- Installing: /ws/install/unitree_hg/share/unitree_hg/msg/HandState.msg\n'}
[70.542461] (unitree_hg) StdoutLine: {'line': b'-- Installing: /ws/install/unitree_hg/share/unitree_hg/msg/IMUState.msg\n'}
[70.542910] (unitree_hg) StdoutLine: {'line': b'-- Installing: /ws/install/unitree_hg/share/unitree_hg/msg/LowCmd.msg\n'}
[70.543055] (unitree_hg) StdoutLine: {'line': b'-- Installing: /ws/install/unitree_hg/share/unitree_hg/msg/LowState.msg\n'}
[70.545238] (unitree_hg) StdoutLine: {'line': b'-- Installing: /ws/install/unitree_hg/share/unitree_hg/msg/MainBoardState.msg\n'}
[70.545581] (unitree_hg) StdoutLine: {'line': b'-- Installing: /ws/install/unitree_hg/share/unitree_hg/msg/MotorCmd.msg\n'}
[70.545717] (unitree_hg) StdoutLine: {'line': b'-- Installing: /ws/install/unitree_hg/share/unitree_hg/msg/MotorState.msg\n'}
[70.545809] (unitree_hg) StdoutLine: {'line': b'-- Installing: /ws/install/unitree_hg/share/unitree_hg/msg/PressSensorState.msg\n'}
[70.545919] (unitree_hg) StdoutLine: {'line': b'-- Installing: /ws/install/unitree_hg/share/unitree_hg/msg/dds_connext\n'}
[70.546051] (unitree_hg) StdoutLine: {'line': b'-- Installing: /ws/install/unitree_hg/share/unitree_hg/msg/dds_connext/MotorState_.idl\n'}
[70.546188] (unitree_hg) StdoutLine: {'line': b'-- Installing: /ws/install/unitree_hg/share/unitree_hg/msg/dds_connext/MotorCmd_.idl\n'}
[70.546337] (unitree_hg) StdoutLine: {'line': b'-- Installing: /ws/install/unitree_hg/share/unitree_hg/msg/dds_connext/HandCmd_.idl\n'}
[70.546499] (unitree_hg) StdoutLine: {'line': b'-- Installing: /ws/install/unitree_hg/share/unitree_hg/msg/dds_connext/HandState_.idl\n'}
[70.546627] (unitree_hg) StdoutLine: {'line': b'-- Installing: /ws/install/unitree_hg/share/unitree_hg/msg/dds_connext/MainBoardState_.idl\n'}
[70.546748] (unitree_hg) StdoutLine: {'line': b'-- Installing: /ws/install/unitree_hg/share/unitree_hg/msg/dds_connext/BmsCmd_.idl\n'}
[70.546870] (unitree_hg) StdoutLine: {'line': b'-- Installing: /ws/install/unitree_hg/share/unitree_hg/msg/dds_connext/IMUState_.idl\n'}
[70.546970] (unitree_hg) StdoutLine: {'line': b'-- Installing: /ws/install/unitree_hg/share/unitree_hg/msg/dds_connext/LowState_.idl\n'}
[70.547068] (unitree_hg) StdoutLine: {'line': b'-- Installing: /ws/install/unitree_hg/share/unitree_hg/msg/dds_connext/PressSensorState_.idl\n'}
[70.547176] (unitree_hg) StdoutLine: {'line': b'-- Installing: /ws/install/unitree_hg/share/unitree_hg/msg/dds_connext/BmsState_.idl\n'}
[70.547279] (unitree_hg) StdoutLine: {'line': b'-- Installing: /ws/install/unitree_hg/share/unitree_hg/msg/dds_connext/LowCmd_.idl\n'}
[70.553278] (unitree_hg) StdoutLine: {'line': b'-- Installing: /ws/install/unitree_hg/share/ament_index/resource_index/package_run_dependencies/unitree_hg\n'}
[70.554396] (unitree_hg) StdoutLine: {'line': b'-- Installing: /ws/install/unitree_hg/share/ament_index/resource_index/parent_prefix_path/unitree_hg\n'}
[70.555380] (unitree_hg) StdoutLine: {'line': b'-- Installing: /ws/install/unitree_hg/share/unitree_hg/environment/ament_prefix_path.sh\n'}
[70.556366] (unitree_hg) StdoutLine: {'line': b'-- Installing: /ws/install/unitree_hg/share/unitree_hg/environment/ament_prefix_path.dsv\n'}
[70.557409] (unitree_hg) StdoutLine: {'line': b'-- Installing: /ws/install/unitree_hg/share/unitree_hg/environment/path.sh\n'}
[70.558410] (unitree_hg) StdoutLine: {'line': b'-- Installing: /ws/install/unitree_hg/share/unitree_hg/environment/path.dsv\n'}
[70.559376] (unitree_hg) StdoutLine: {'line': b'-- Installing: /ws/install/unitree_hg/share/unitree_hg/local_setup.bash\n'}
[70.560291] (unitree_hg) StdoutLine: {'line': b'-- Installing: /ws/install/unitree_hg/share/unitree_hg/local_setup.sh\n'}
[70.561215] (unitree_hg) StdoutLine: {'line': b'-- Installing: /ws/install/unitree_hg/share/unitree_hg/local_setup.zsh\n'}
[70.561463] (unitree_hg) StdoutLine: {'line': b'-- Installing: /ws/install/unitree_hg/share/unitree_hg/local_setup.dsv\n'}
[70.561601] (unitree_hg) StdoutLine: {'line': b'-- Installing: /ws/install/unitree_hg/share/unitree_hg/package.dsv\n'}
[70.563157] (unitree_hg) StdoutLine: {'line': b'-- Installing: /ws/install/unitree_hg/share/ament_index/resource_index/packages/unitree_hg\n'}
[70.564403] (unitree_hg) StdoutLine: {'line': b'-- Installing: /ws/install/unitree_hg/share/unitree_hg/cmake/export_unitree_hg__rosidl_generator_cExport.cmake\n'}
[70.565267] (unitree_hg) StdoutLine: {'line': b'-- Installing: /ws/install/unitree_hg/share/unitree_hg/cmake/export_unitree_hg__rosidl_generator_cExport-noconfig.cmake\n'}
[70.566090] (unitree_hg) StdoutLine: {'line': b'-- Installing: /ws/install/unitree_hg/share/unitree_hg/cmake/export_unitree_hg__rosidl_typesupport_fastrtps_cExport.cmake\n'}
[70.566237] (unitree_hg) StdoutLine: {'line': b'-- Installing: /ws/install/unitree_hg/share/unitree_hg/cmake/export_unitree_hg__rosidl_typesupport_fastrtps_cExport-noconfig.cmake\n'}
[70.566374] (unitree_hg) StdoutLine: {'line': b'-- Installing: /ws/install/unitree_hg/share/unitree_hg/cmake/export_unitree_hg__rosidl_generator_cppExport.cmake\n'}
[70.566487] (unitree_hg) StdoutLine: {'line': b'-- Installing: /ws/install/unitree_hg/share/unitree_hg/cmake/export_unitree_hg__rosidl_typesupport_fastrtps_cppExport.cmake\n'}
[70.566592] (unitree_hg) StdoutLine: {'line': b'-- Installing: /ws/install/unitree_hg/share/unitree_hg/cmake/export_unitree_hg__rosidl_typesupport_fastrtps_cppExport-noconfig.cmake\n'}
[70.566688] (unitree_hg) StdoutLine: {'line': b'-- Installing: /ws/install/unitree_hg/share/unitree_hg/cmake/unitree_hg__rosidl_typesupport_introspection_cExport.cmake\n'}
[70.566800] (unitree_hg) StdoutLine: {'line': b'-- Installing: /ws/install/unitree_hg/share/unitree_hg/cmake/unitree_hg__rosidl_typesupport_introspection_cExport-noconfig.cmake\n'}
[70.566892] (unitree_hg) StdoutLine: {'line': b'-- Installing: /ws/install/unitree_hg/share/unitree_hg/cmake/unitree_hg__rosidl_typesupport_cExport.cmake\n'}
[70.566978] (unitree_hg) StdoutLine: {'line': b'-- Installing: /ws/install/unitree_hg/share/unitree_hg/cmake/unitree_hg__rosidl_typesupport_cExport-noconfig.cmake\n'}
[70.567059] (unitree_hg) StdoutLine: {'line': b'-- Installing: /ws/install/unitree_hg/share/unitree_hg/cmake/unitree_hg__rosidl_typesupport_introspection_cppExport.cmake\n'}
[70.567136] (unitree_hg) StdoutLine: {'line': b'-- Installing: /ws/install/unitree_hg/share/unitree_hg/cmake/unitree_hg__rosidl_typesupport_introspection_cppExport-noconfig.cmake\n'}
[70.567210] (unitree_hg) StdoutLine: {'line': b'-- Installing: /ws/install/unitree_hg/share/unitree_hg/cmake/unitree_hg__rosidl_typesupport_cppExport.cmake\n'}
[70.567278] (unitree_hg) StdoutLine: {'line': b'-- Installing: /ws/install/unitree_hg/share/unitree_hg/cmake/unitree_hg__rosidl_typesupport_cppExport-noconfig.cmake\n'}
[70.567391] (unitree_hg) StdoutLine: {'line': b'-- Installing: /ws/install/unitree_hg/share/unitree_hg/cmake/export_unitree_hg__rosidl_generator_pyExport.cmake\n'}
[70.567487] (unitree_hg) StdoutLine: {'line': b'-- Installing: /ws/install/unitree_hg/share/unitree_hg/cmake/export_unitree_hg__rosidl_generator_pyExport-noconfig.cmake\n'}
[70.567573] (unitree_hg) StdoutLine: {'line': b'-- Installing: /ws/install/unitree_hg/share/unitree_hg/cmake/rosidl_cmake-extras.cmake\n'}
[70.567653] (unitree_hg) StdoutLine: {'line': b'-- Installing: /ws/install/unitree_hg/share/unitree_hg/cmake/ament_cmake_export_dependencies-extras.cmake\n'}
[70.567733] (unitree_hg) StdoutLine: {'line': b'-- Installing: /ws/install/unitree_hg/share/unitree_hg/cmake/ament_cmake_export_include_directories-extras.cmake\n'}
[70.567803] (unitree_hg) StdoutLine: {'line': b'-- Installing: /ws/install/unitree_hg/share/unitree_hg/cmake/ament_cmake_export_libraries-extras.cmake\n'}
[70.567871] (unitree_hg) StdoutLine: {'line': b'-- Installing: /ws/install/unitree_hg/share/unitree_hg/cmake/ament_cmake_export_targets-extras.cmake\n'}
[70.567938] (unitree_hg) StdoutLine: {'line': b'-- Installing: /ws/install/unitree_hg/share/unitree_hg/cmake/rosidl_cmake_export_typesupport_targets-extras.cmake\n'}
[70.568012] (unitree_hg) StdoutLine: {'line': b'-- Installing: /ws/install/unitree_hg/share/unitree_hg/cmake/rosidl_cmake_export_typesupport_libraries-extras.cmake\n'}
[70.568085] (unitree_hg) StdoutLine: {'line': b'-- Installing: /ws/install/unitree_hg/share/unitree_hg/cmake/unitree_hgConfig.cmake\n'}
[70.568204] (unitree_hg) StdoutLine: {'line': b'-- Installing: /ws/install/unitree_hg/share/unitree_hg/cmake/unitree_hgConfig-version.cmake\n'}
[70.568286] (unitree_hg) StdoutLine: {'line': b'-- Installing: /ws/install/unitree_hg/share/unitree_hg/package.xml\n'}
[70.571459] (unitree_hg) CommandEnded: {'returncode': 0}
[70.574251] (-) TimerEvent: {}
[70.611055] (unitree_hg) JobEnded: {'identifier': 'unitree_hg', 'rc': 0}
[70.674409] (-) TimerEvent: {}
[70.774858] (-) TimerEvent: {}
[70.877418] (-) TimerEvent: {}
[70.894164] (unitree_go) StdoutLine: {'line': b'[ 88%] Built target unitree_go__py\n'}
[70.937850] (unitree_go) StdoutLine: {'line': b'[ 88%] \x1b[32mBuilding C object CMakeFiles/unitree_go__rosidl_generator_py.dir/rosidl_generator_py/unitree_go/msg/_audio_data_s.c.o\x1b[0m\n'}
[70.977549] (-) TimerEvent: {}
[71.078098] (-) TimerEvent: {}
[71.134786] (unitree_go) StdoutLine: {'line': b'[ 89%] \x1b[32mBuilding C object CMakeFiles/unitree_go__rosidl_generator_py.dir/rosidl_generator_py/unitree_go/msg/_error_s.c.o\x1b[0m\n'}
[71.178222] (-) TimerEvent: {}
[71.278755] (-) TimerEvent: {}
[71.305003] (unitree_go) StdoutLine: {'line': b'[ 89%] \x1b[32mBuilding C object CMakeFiles/unitree_go__rosidl_generator_py.dir/rosidl_generator_py/unitree_go/msg/_go2_front_video_data_s.c.o\x1b[0m\n'}
[71.378874] (-) TimerEvent: {}
[71.381351] (cyclonedds) StdoutLine: {'line': b'[ 95%] \x1b[32mBuilding C object src/tools/ddsperf/CMakeFiles/ddsperf.dir/netload.c.o\x1b[0m\n'}
[71.479022] (-) TimerEvent: {}
[71.498566] (cyclonedds) StdoutLine: {'line': b'[ 95%] \x1b[32mBuilding C object src/tools/ddsperf/CMakeFiles/ddsperf.dir/async_listener.c.o\x1b[0m\n'}
[71.505034] (unitree_go) StdoutLine: {'line': b'[ 90%] \x1b[32mBuilding C object CMakeFiles/unitree_go__rosidl_generator_py.dir/rosidl_generator_py/unitree_go/msg/_height_map_s.c.o\x1b[0m\n'}
[71.579146] (-) TimerEvent: {}
[71.630461] (cyclonedds) StdoutLine: {'line': b'[ 96%] \x1b[32mBuilding C object src/tools/ddsperf/CMakeFiles/ddsperf.dir/ddsperf_types.c.o\x1b[0m\n'}
[71.679286] (-) TimerEvent: {}
[71.702361] (unitree_go) StdoutLine: {'line': b'[ 90%] \x1b[32mBuilding C object CMakeFiles/unitree_go__rosidl_generator_py.dir/rosidl_generator_py/unitree_go/msg/_imu_state_s.c.o\x1b[0m\n'}
[71.713442] (cyclonedds) StdoutLine: {'line': b'[ 97%] \x1b[32mBuilding C object src/tools/ddsperf/CMakeFiles/ddsperf.dir/cputime.c.o\x1b[0m\n'}
[71.779408] (-) TimerEvent: {}
[71.879904] (-) TimerEvent: {}
[71.910332] (unitree_go) StdoutLine: {'line': b'[ 91%] \x1b[32mBuilding C object CMakeFiles/unitree_go__rosidl_generator_py.dir/rosidl_generator_py/unitree_go/msg/_interface_config_s.c.o\x1b[0m\n'}
[71.910777] (cyclonedds) StdoutLine: {'line': b'[ 97%] \x1b[32m\x1b[1mLinking C executable ../../../bin/ddsperf\x1b[0m\n'}
[71.980034] (-) TimerEvent: {}
[72.080543] (-) TimerEvent: {}
[72.149348] (cyclonedds) StdoutLine: {'line': b'[ 98%] Built target ddsperf\n'}
[72.171080] (unitree_go) StdoutLine: {'line': b'[ 91%] \x1b[32mBuilding C object CMakeFiles/unitree_go__rosidl_generator_py.dir/rosidl_generator_py/unitree_go/msg/_lidar_state_s.c.o\x1b[0m\n'}
[72.180673] (-) TimerEvent: {}
[72.190539] (cyclonedds) StdoutLine: {'line': b'[ 98%] \x1b[32mBuilding C object src/security/builtin_plugins/access_control/CMakeFiles/dds_security_ac.dir/src/access_control_objects.c.o\x1b[0m\n'}
[72.280806] (-) TimerEvent: {}
[72.368085] (unitree_go) StdoutLine: {'line': b'[ 92%] \x1b[32mBuilding C object CMakeFiles/unitree_go__rosidl_generator_py.dir/rosidl_generator_py/unitree_go/msg/_low_cmd_s.c.o\x1b[0m\n'}
[72.380945] (-) TimerEvent: {}
[72.481463] (-) TimerEvent: {}
[72.499590] (cyclonedds) StdoutLine: {'line': b'[ 98%] \x1b[32mBuilding C object src/security/builtin_plugins/access_control/CMakeFiles/dds_security_ac.dir/src/access_control.c.o\x1b[0m\n'}
[72.581593] (-) TimerEvent: {}
[72.585629] (unitree_go) StdoutLine: {'line': b'[ 92%] \x1b[32mBuilding C object CMakeFiles/unitree_go__rosidl_generator_py.dir/rosidl_generator_py/unitree_go/msg/_low_state_s.c.o\x1b[0m\n'}
[72.681751] (-) TimerEvent: {}
[72.782199] (-) TimerEvent: {}
[72.822177] (unitree_go) StdoutLine: {'line': b'[ 92%] \x1b[32mBuilding C object CMakeFiles/unitree_go__rosidl_generator_py.dir/rosidl_generator_py/unitree_go/msg/_motor_cmd_s.c.o\x1b[0m\n'}
[72.882328] (-) TimerEvent: {}
[72.982797] (-) TimerEvent: {}
[73.012468] (unitree_go) StdoutLine: {'line': b'[ 93%] \x1b[32mBuilding C object CMakeFiles/unitree_go__rosidl_generator_py.dir/rosidl_generator_py/unitree_go/msg/_motor_cmds_s.c.o\x1b[0m\n'}
[73.082926] (-) TimerEvent: {}
[73.182429] (unitree_go) StdoutLine: {'line': b'[ 93%] \x1b[32mBuilding C object CMakeFiles/unitree_go__rosidl_generator_py.dir/rosidl_generator_py/unitree_go/msg/_motor_state_s.c.o\x1b[0m\n'}
[73.182992] (-) TimerEvent: {}
[73.283366] (-) TimerEvent: {}
[73.376949] (unitree_go) StdoutLine: {'line': b'[ 94%] \x1b[32mBuilding C object CMakeFiles/unitree_go__rosidl_generator_py.dir/rosidl_generator_py/unitree_go/msg/_motor_states_s.c.o\x1b[0m\n'}
[73.383480] (-) TimerEvent: {}
[73.430313] (cyclonedds) StdoutLine: {'line': b'[ 98%] \x1b[32mBuilding C object src/security/builtin_plugins/access_control/CMakeFiles/dds_security_ac.dir/__/__/openssl/src/openssl_support.c.o\x1b[0m\n'}
[73.483607] (-) TimerEvent: {}
[73.554618] (unitree_go) StdoutLine: {'line': b'[ 94%] \x1b[32mBuilding C object CMakeFiles/unitree_go__rosidl_generator_py.dir/rosidl_generator_py/unitree_go/msg/_path_point_s.c.o\x1b[0m\n'}
[73.583742] (-) TimerEvent: {}
[73.656800] (cyclonedds) StdoutLine: {'line': b'[ 99%] \x1b[32mBuilding C object src/security/builtin_plugins/access_control/CMakeFiles/dds_security_ac.dir/src/access_control_utils.c.o\x1b[0m\n'}
[73.683950] (-) TimerEvent: {}
[73.733988] (unitree_go) StdoutLine: {'line': b'[ 95%] \x1b[32mBuilding C object CMakeFiles/unitree_go__rosidl_generator_py.dir/rosidl_generator_py/unitree_go/msg/_req_s.c.o\x1b[0m\n'}
[73.784073] (-) TimerEvent: {}
[73.884580] (-) TimerEvent: {}
[73.909397] (unitree_go) StdoutLine: {'line': b'[ 95%] \x1b[32mBuilding C object CMakeFiles/unitree_go__rosidl_generator_py.dir/rosidl_generator_py/unitree_go/msg/_res_s.c.o\x1b[0m\n'}
[73.984698] (-) TimerEvent: {}
[74.003690] (cyclonedds) StdoutLine: {'line': b'[ 99%] \x1b[32mBuilding C object src/security/builtin_plugins/access_control/CMakeFiles/dds_security_ac.dir/src/access_control_parser.c.o\x1b[0m\n'}
[74.084835] (-) TimerEvent: {}
[74.096872] (unitree_go) StdoutLine: {'line': b'[ 96%] \x1b[32mBuilding C object CMakeFiles/unitree_go__rosidl_generator_py.dir/rosidl_generator_py/unitree_go/msg/_sport_mode_cmd_s.c.o\x1b[0m\n'}
[74.184961] (-) TimerEvent: {}
[74.285384] (-) TimerEvent: {}
[74.297678] (unitree_go) StdoutLine: {'line': b'[ 96%] \x1b[32mBuilding C object CMakeFiles/unitree_go__rosidl_generator_py.dir/rosidl_generator_py/unitree_go/msg/_sport_mode_state_s.c.o\x1b[0m\n'}
[74.385518] (-) TimerEvent: {}
[74.485992] (-) TimerEvent: {}
[74.508365] (unitree_go) StdoutLine: {'line': b'[ 97%] \x1b[32mBuilding C object CMakeFiles/unitree_go__rosidl_generator_py.dir/rosidl_generator_py/unitree_go/msg/_time_spec_s.c.o\x1b[0m\n'}
[74.586119] (-) TimerEvent: {}
[74.621719] (cyclonedds) StdoutLine: {'line': b'[100%] \x1b[32m\x1b[1mLinking C shared library ../../../../lib/libdds_security_ac.so\x1b[0m\n'}
[74.683028] (unitree_go) StdoutLine: {'line': b'[ 97%] \x1b[32mBuilding C object CMakeFiles/unitree_go__rosidl_generator_py.dir/rosidl_generator_py/unitree_go/msg/_uwb_state_s.c.o\x1b[0m\n'}
[74.686232] (-) TimerEvent: {}
[74.776433] (cyclonedds) StdoutLine: {'line': b'[100%] Built target dds_security_ac\n'}
[74.786394] (-) TimerEvent: {}
[74.807175] (cyclonedds) CommandEnded: {'returncode': 0}
[74.808253] (cyclonedds) JobProgress: {'identifier': 'cyclonedds', 'progress': 'install'}
[74.808634] (cyclonedds) Command: {'cmd': ['/usr/bin/cmake', '--install', '/ws/build/cyclonedds'], 'cwd': '/ws/build/cyclonedds', 'env': OrderedDict([('HOSTNAME', 'pi'), ('SHLVL', '1'), ('LD_LIBRARY_PATH', '/ws/libtorch/lib:/opt/ros/humble/lib/aarch64-linux-gnu:/opt/ros/humble/lib'), ('HOME', '/root'), ('OLDPWD', '/ws/src'), ('ROS_PYTHON_VERSION', '3'), ('ROS_DISTRO', 'humble'), ('_', '/usr/bin/colcon'), ('ROS_VERSION', '2'), ('TERM', 'xterm'), ('ROS_LOCALHOST_ONLY', '0'), ('PATH', '/opt/ros/humble/bin:/usr/local/sbin:/usr/local/bin:/usr/sbin:/usr/bin:/sbin:/bin'), ('LANG', 'C.UTF-8'), ('LS_COLORS', 'rs=0:di=01;34:ln=01;36:mh=00:pi=40;33:so=01;35:do=01;35:bd=40;33;01:cd=40;33;01:or=40;31;01:mi=00:su=37;41:sg=30;43:ca=30;41:tw=30;42:ow=34;42:st=37;44:ex=01;32:*.tar=01;31:*.tgz=01;31:*.arc=01;31:*.arj=01;31:*.taz=01;31:*.lha=01;31:*.lz4=01;31:*.lzh=01;31:*.lzma=01;31:*.tlz=01;31:*.txz=01;31:*.tzo=01;31:*.t7z=01;31:*.zip=01;31:*.z=01;31:*.dz=01;31:*.gz=01;31:*.lrz=01;31:*.lz=01;31:*.lzo=01;31:*.xz=01;31:*.zst=01;31:*.tzst=01;31:*.bz2=01;31:*.bz=01;31:*.tbz=01;31:*.tbz2=01;31:*.tz=01;31:*.deb=01;31:*.rpm=01;31:*.jar=01;31:*.war=01;31:*.ear=01;31:*.sar=01;31:*.rar=01;31:*.alz=01;31:*.ace=01;31:*.zoo=01;31:*.cpio=01;31:*.7z=01;31:*.rz=01;31:*.cab=01;31:*.wim=01;31:*.swm=01;31:*.dwm=01;31:*.esd=01;31:*.jpg=01;35:*.jpeg=01;35:*.mjpg=01;35:*.mjpeg=01;35:*.gif=01;35:*.bmp=01;35:*.pbm=01;35:*.pgm=01;35:*.ppm=01;35:*.tga=01;35:*.xbm=01;35:*.xpm=01;35:*.tif=01;35:*.tiff=01;35:*.png=01;35:*.svg=01;35:*.svgz=01;35:*.mng=01;35:*.pcx=01;35:*.mov=01;35:*.mpg=01;35:*.mpeg=01;35:*.m2v=01;35:*.mkv=01;35:*.webm=01;35:*.webp=01;35:*.ogm=01;35:*.mp4=01;35:*.m4v=01;35:*.mp4v=01;35:*.vob=01;35:*.qt=01;35:*.nuv=01;35:*.wmv=01;35:*.asf=01;35:*.rm=01;35:*.rmvb=01;35:*.flc=01;35:*.avi=01;35:*.fli=01;35:*.flv=01;35:*.gl=01;35:*.dl=01;35:*.xcf=01;35:*.xwd=01;35:*.yuv=01;35:*.cgm=01;35:*.emf=01;35:*.ogv=01;35:*.ogx=01;35:*.aac=00;36:*.au=00;36:*.flac=00;36:*.m4a=00;36:*.mid=00;36:*.midi=00;36:*.mka=00;36:*.mp3=00;36:*.mpc=00;36:*.ogg=00;36:*.ra=00;36:*.wav=00;36:*.oga=00;36:*.opus=00;36:*.spx=00;36:*.xspf=00;36:'), ('AMENT_PREFIX_PATH', '/opt/ros/humble'), ('DEBIAN_FRONTEND', 'noninteractive'), ('Torch_DIR', '/ws/libtorch/share/cmake/Torch'), ('PWD', '/ws/build/cyclonedds'), ('LC_ALL', 'C.UTF-8'), ('PYTHONPATH', '/opt/ros/humble/lib/python3.10/site-packages:/opt/ros/humble/local/lib/python3.10/dist-packages'), ('COLCON', '1'), ('CMAKE_PREFIX_PATH', '/ws/libtorch::/opt/ros/humble')]), 'shell': False}
[74.826465] (cyclonedds) StdoutLine: {'line': b'-- Install configuration: "RelWithDebInfo"\n'}
[74.827314] (cyclonedds) StdoutLine: {'line': b'-- Installing: /ws/install/cyclonedds/lib/cmake/CycloneDDS/CycloneDDSConfig.cmake\n'}
[74.828316] (cyclonedds) StdoutLine: {'line': b'-- Installing: /ws/install/cyclonedds/lib/cmake/CycloneDDS/CycloneDDSConfigVersion.cmake\n'}
[74.828775] (cyclonedds) StdoutLine: {'line': b'-- Installing: /ws/install/cyclonedds/lib/cmake/CycloneDDS/CycloneDDSTargets.cmake\n'}
[74.829220] (cyclonedds) StdoutLine: {'line': b'-- Installing: /ws/install/cyclonedds/lib/cmake/CycloneDDS/CycloneDDSTargets-relwithdebinfo.cmake\n'}
[74.829450] (cyclonedds) StdoutLine: {'line': b'-- Installing: /ws/install/cyclonedds/lib/pkgconfig/CycloneDDS.pc\n'}
[74.830537] (cyclonedds) StdoutLine: {'line': b'-- Installing: /ws/install/cyclonedds/include/idlc\n'}
[74.831012] (cyclonedds) StdoutLine: {'line': b'-- Installing: /ws/install/cyclonedds/include/idlc/generator.h\n'}
[74.831140] (cyclonedds) StdoutLine: {'line': b'-- Installing: /ws/install/cyclonedds/include/idlc/options.h\n'}
[74.833428] (cyclonedds) StdoutLine: {'line': b'-- Installing: /ws/install/cyclonedds/bin/idlc\n'}
[74.834427] (cyclonedds) StdoutLine: {'line': b'-- Set runtime path of "/ws/install/cyclonedds/bin/idlc" to "$ORIGIN/../lib"\n'}
[74.834709] (cyclonedds) StdoutLine: {'line': b'-- Installing: /ws/install/cyclonedds/lib/cmake/CycloneDDS/idlc/Generate.cmake\n'}
[74.835243] (cyclonedds) StdoutLine: {'line': b'-- Installing: /ws/install/cyclonedds/bin/ddsperf\n'}
[74.836584] (cyclonedds) StdoutLine: {'line': b'-- Set runtime path of "/ws/install/cyclonedds/bin/ddsperf" to "$ORIGIN/../lib"\n'}
[74.836916] (cyclonedds) StdoutLine: {'line': b'-- Up-to-date: /ws/install/cyclonedds/include\n'}
[74.837155] (cyclonedds) StdoutLine: {'line': b'-- Installing: /ws/install/cyclonedds/include/dds\n'}
[74.838116] (cyclonedds) StdoutLine: {'line': b'-- Installing: /ws/install/cyclonedds/include/dds/ddsrt\n'}
[74.838335] (cyclonedds) StdoutLine: {'line': b'-- Installing: /ws/install/cyclonedds/include/dds/ddsrt/static_assert.h\n'}
[74.838452] (cyclonedds) StdoutLine: {'line': b'-- Installing: /ws/install/cyclonedds/include/dds/ddsrt/atomics.h\n'}
[74.838546] (cyclonedds) StdoutLine: {'line': b'-- Installing: /ws/install/cyclonedds/include/dds/ddsrt/dynlib.h\n'}
[74.838634] (cyclonedds) StdoutLine: {'line': b'-- Installing: /ws/install/cyclonedds/include/dds/ddsrt/bswap.h\n'}
[74.839847] (cyclonedds) StdoutLine: {'line': b'-- Installing: /ws/install/cyclonedds/include/dds/ddsrt/mh3.h\n'}
[74.840074] (cyclonedds) StdoutLine: {'line': b'-- Installing: /ws/install/cyclonedds/include/dds/ddsrt/expand_vars.h\n'}
[74.840192] (cyclonedds) StdoutLine: {'line': b'-- Installing: /ws/install/cyclonedds/include/dds/ddsrt/types\n'}
[74.840288] (cyclonedds) StdoutLine: {'line': b'-- Installing: /ws/install/cyclonedds/include/dds/ddsrt/types/posix.h\n'}
[74.840395] (cyclonedds) StdoutLine: {'line': b'-- Installing: /ws/install/cyclonedds/include/dds/ddsrt/types/windows.h\n'}
[74.840478] (cyclonedds) StdoutLine: {'line': b'-- Installing: /ws/install/cyclonedds/include/dds/ddsrt/types/vxworks.h\n'}
[74.840582] (cyclonedds) StdoutLine: {'line': b'-- Installing: /ws/install/cyclonedds/include/dds/ddsrt/align.h\n'}
[74.840666] (cyclonedds) StdoutLine: {'line': b'-- Installing: /ws/install/cyclonedds/include/dds/ddsrt/md5.h\n'}
[74.840753] (cyclonedds) StdoutLine: {'line': b'-- Installing: /ws/install/cyclonedds/include/dds/ddsrt/sockets.h\n'}
[74.840833] (cyclonedds) StdoutLine: {'line': b'-- Installing: /ws/install/cyclonedds/include/dds/ddsrt/atomics\n'}
[74.840914] (cyclonedds) StdoutLine: {'line': b'-- Installing: /ws/install/cyclonedds/include/dds/ddsrt/atomics/gcc.h\n'}
[74.842445] (cyclonedds) StdoutLine: {'line': b'-- Installing: /ws/install/cyclonedds/include/dds/ddsrt/atomics/arm.h\n'}
[74.842609] (cyclonedds) StdoutLine: {'line': b'-- Installing: /ws/install/cyclonedds/include/dds/ddsrt/atomics/msvc.h\n'}
[74.842701] (cyclonedds) StdoutLine: {'line': b'-- Installing: /ws/install/cyclonedds/include/dds/ddsrt/atomics/sun.h\n'}
[74.842781] (cyclonedds) StdoutLine: {'line': b'-- Installing: /ws/install/cyclonedds/include/dds/ddsrt/sched.h\n'}
[74.842849] (cyclonedds) StdoutLine: {'line': b'-- Installing: /ws/install/cyclonedds/include/dds/ddsrt/iovec.h\n'}
[74.842918] (cyclonedds) StdoutLine: {'line': b'-- Installing: /ws/install/cyclonedds/include/dds/ddsrt/strtod.h\n'}
[74.842996] (cyclonedds) StdoutLine: {'line': b'-- Installing: /ws/install/cyclonedds/include/dds/ddsrt/arch.h\n'}
[74.843069] (cyclonedds) StdoutLine: {'line': b'-- Installing: /ws/install/cyclonedds/include/dds/ddsrt/retcode.h\n'}
[74.843141] (cyclonedds) StdoutLine: {'line': b'-- Installing: /ws/install/cyclonedds/include/dds/ddsrt/string.h\n'}
[74.843212] (cyclonedds) StdoutLine: {'line': b'-- Installing: /ws/install/cyclonedds/include/dds/ddsrt/ifaddrs.h\n'}
[74.843285] (cyclonedds) StdoutLine: {'line': b'-- Installing: /ws/install/cyclonedds/include/dds/ddsrt/log.h\n'}
[74.843388] (cyclonedds) StdoutLine: {'line': b'-- Installing: /ws/install/cyclonedds/include/dds/ddsrt/threads.h\n'}
[74.843466] (cyclonedds) StdoutLine: {'line': b'-- Installing: /ws/install/cyclonedds/include/dds/ddsrt/hopscotch.h\n'}
[74.843664] (cyclonedds) StdoutLine: {'line': b'-- Installing: /ws/install/cyclonedds/include/dds/ddsrt/xmlparser.h\n'}
[74.843775] (cyclonedds) StdoutLine: {'line': b'-- Installing: /ws/install/cyclonedds/include/dds/ddsrt/attributes.h\n'}
[74.843891] (cyclonedds) StdoutLine: {'line': b'-- Installing: /ws/install/cyclonedds/include/dds/ddsrt/circlist.h\n'}
[74.843971] (cyclonedds) StdoutLine: {'line': b'-- Installing: /ws/install/cyclonedds/include/dds/ddsrt/misc.h\n'}
[74.844043] (cyclonedds) StdoutLine: {'line': b'-- Installing: /ws/install/cyclonedds/include/dds/ddsrt/sync.h\n'}
[74.844112] (cyclonedds) StdoutLine: {'line': b'-- Installing: /ws/install/cyclonedds/include/dds/ddsrt/types.h\n'}
[74.844196] (cyclonedds) StdoutLine: {'line': b'-- Installing: /ws/install/cyclonedds/include/dds/ddsrt/time\n'}
[74.844378] (cyclonedds) StdoutLine: {'line': b'-- Installing: /ws/install/cyclonedds/include/dds/ddsrt/time/freertos.h\n'}
[74.844505] (cyclonedds) StdoutLine: {'line': b'-- Installing: /ws/install/cyclonedds/include/dds/ddsrt/random.h\n'}
[74.844597] (cyclonedds) StdoutLine: {'line': b'-- Installing: /ws/install/cyclonedds/include/dds/ddsrt/filesystem.h\n'}
[74.844676] (cyclonedds) StdoutLine: {'line': b'-- Installing: /ws/install/cyclonedds/include/dds/ddsrt/time.h\n'}
[74.844853] (cyclonedds) StdoutLine: {'line': b'-- Installing: /ws/install/cyclonedds/include/dds/ddsrt/threads\n'}
[74.844972] (cyclonedds) StdoutLine: {'line': b'-- Installing: /ws/install/cyclonedds/include/dds/ddsrt/threads/posix.h\n'}
[74.845068] (cyclonedds) StdoutLine: {'line': b'-- Installing: /ws/install/cyclonedds/include/dds/ddsrt/threads/windows.h\n'}
[74.845243] (cyclonedds) StdoutLine: {'line': b'-- Installing: /ws/install/cyclonedds/include/dds/ddsrt/threads/freertos.h\n'}
[74.845462] (cyclonedds) StdoutLine: {'line': b'-- Installing: /ws/install/cyclonedds/include/dds/ddsrt/cdtors.h\n'}
[74.845660] (cyclonedds) StdoutLine: {'line': b'-- Installing: /ws/install/cyclonedds/include/dds/ddsrt/process.h\n'}
[74.848492] (cyclonedds) StdoutLine: {'line': b'-- Installing: /ws/install/cyclonedds/include/dds/ddsrt/fibheap.h\n'}
[74.848683] (cyclonedds) StdoutLine: {'line': b'-- Installing: /ws/install/cyclonedds/include/dds/ddsrt/netstat.h\n'}
[74.848779] (cyclonedds) StdoutLine: {'line': b'-- Installing: /ws/install/cyclonedds/include/dds/ddsrt/sockets\n'}
[74.848867] (cyclonedds) StdoutLine: {'line': b'-- Installing: /ws/install/cyclonedds/include/dds/ddsrt/sockets/posix.h\n'}
[74.848946] (cyclonedds) StdoutLine: {'line': b'-- Installing: /ws/install/cyclonedds/include/dds/ddsrt/sockets/windows.h\n'}
[74.849025] (cyclonedds) StdoutLine: {'line': b'-- Installing: /ws/install/cyclonedds/include/dds/ddsrt/sync\n'}
[74.849114] (cyclonedds) StdoutLine: {'line': b'-- Installing: /ws/install/cyclonedds/include/dds/ddsrt/sync/posix.h\n'}
[74.849208] (cyclonedds) StdoutLine: {'line': b'-- Installing: /ws/install/cyclonedds/include/dds/ddsrt/sync/windows.h\n'}
[74.849285] (cyclonedds) StdoutLine: {'line': b'-- Installing: /ws/install/cyclonedds/include/dds/ddsrt/sync/freertos.h\n'}
[74.849392] (cyclonedds) StdoutLine: {'line': b'-- Installing: /ws/install/cyclonedds/include/dds/ddsrt/filesystem\n'}
[74.849494] (cyclonedds) StdoutLine: {'line': b'-- Installing: /ws/install/cyclonedds/include/dds/ddsrt/filesystem/posix.h\n'}
[74.849572] (cyclonedds) StdoutLine: {'line': b'-- Installing: /ws/install/cyclonedds/include/dds/ddsrt/filesystem/windows.h\n'}
[74.849649] (cyclonedds) StdoutLine: {'line': b'-- Installing: /ws/install/cyclonedds/include/dds/ddsrt/heap.h\n'}
[74.849718] (cyclonedds) StdoutLine: {'line': b'-- Installing: /ws/install/cyclonedds/include/dds/ddsrt/endian.h\n'}
[74.849786] (cyclonedds) StdoutLine: {'line': b'-- Installing: /ws/install/cyclonedds/include/dds/ddsrt/environ.h\n'}
[74.849853] (cyclonedds) StdoutLine: {'line': b'-- Installing: /ws/install/cyclonedds/include/dds/ddsrt/countargs.h\n'}
[74.849918] (cyclonedds) StdoutLine: {'line': b'-- Installing: /ws/install/cyclonedds/include/dds/ddsrt/avl.h\n'}
[74.850117] (cyclonedds) StdoutLine: {'line': b'-- Installing: /ws/install/cyclonedds/include/dds/ddsrt/rusage.h\n'}
[74.850239] (cyclonedds) StdoutLine: {'line': b'-- Installing: /ws/install/cyclonedds/include/dds/ddsrt/strtol.h\n'}
[74.850450] (cyclonedds) StdoutLine: {'line': b'-- Installing: /ws/install/cyclonedds/include/dds/ddsrt/io.h\n'}
[74.850586] (cyclonedds) StdoutLine: {'line': b'-- Up-to-date: /ws/install/cyclonedds/include\n'}
[74.850766] (cyclonedds) StdoutLine: {'line': b'-- Up-to-date: /ws/install/cyclonedds/include/dds\n'}
[74.850928] (cyclonedds) StdoutLine: {'line': b'-- Installing: /ws/install/cyclonedds/include/dds/version.h\n'}
[74.851034] (cyclonedds) StdoutLine: {'line': b'-- Installing: /ws/install/cyclonedds/include/dds/features.h\n'}
[74.851190] (cyclonedds) StdoutLine: {'line': b'-- Installing: /ws/install/cyclonedds/include/dds/config.h\n'}
[74.851391] (cyclonedds) StdoutLine: {'line': b'-- Installing: /ws/install/cyclonedds/include/idl\n'}
[74.851527] (cyclonedds) StdoutLine: {'line': b'-- Installing: /ws/install/cyclonedds/include/idl/stream.h\n'}
[74.851626] (cyclonedds) StdoutLine: {'line': b'-- Installing: /ws/install/cyclonedds/include/idl/symbol.h\n'}
[74.851727] (cyclonedds) StdoutLine: {'line': b'-- Installing: /ws/install/cyclonedds/include/idl/visit.h\n'}
[74.851808] (cyclonedds) StdoutLine: {'line': b'-- Installing: /ws/install/cyclonedds/include/idl/scope.h\n'}
[74.854518] (cyclonedds) StdoutLine: {'line': b'-- Installing: /ws/install/cyclonedds/include/idl/retcode.h\n'}
[74.854709] (cyclonedds) StdoutLine: {'line': b'-- Installing: /ws/install/cyclonedds/include/idl/string.h\n'}
[74.854791] (cyclonedds) StdoutLine: {'line': b'-- Installing: /ws/install/cyclonedds/include/idl/print.h\n'}
[74.854861] (cyclonedds) StdoutLine: {'line': b'-- Installing: /ws/install/cyclonedds/include/idl/tree.h\n'}
[74.854932] (cyclonedds) StdoutLine: {'line': b'-- Installing: /ws/install/cyclonedds/include/idl/expression.h\n'}
[74.855002] (cyclonedds) StdoutLine: {'line': b'-- Installing: /ws/install/cyclonedds/include/idl/file.h\n'}
[74.855075] (cyclonedds) StdoutLine: {'line': b'-- Installing: /ws/install/cyclonedds/include/idl/processor.h\n'}
[74.855143] (cyclonedds) StdoutLine: {'line': b'-- Up-to-date: /ws/install/cyclonedds/include/idl\n'}
[74.855213] (cyclonedds) StdoutLine: {'line': b'-- Installing: /ws/install/cyclonedds/include/idl/version.h\n'}
[74.855287] (cyclonedds) StdoutLine: {'line': b'-- Installing: /ws/install/cyclonedds/include/idl/export.h\n'}
[74.855412] (cyclonedds) StdoutLine: {'line': b'-- Installing: /ws/install/cyclonedds/include/idl/md5.h\n'}
[74.855512] (cyclonedds) StdoutLine: {'line': b'-- Installing: /ws/install/cyclonedds/include/idl/attributes.h\n'}
[74.855599] (cyclonedds) StdoutLine: {'line': b'-- Installing: /ws/install/cyclonedds/include/idl/misc.h\n'}
[74.855671] (cyclonedds) StdoutLine: {'line': b'-- Installing: /ws/install/cyclonedds/include/idl/endian.h\n'}
[74.855740] (cyclonedds) StdoutLine: {'line': b'-- Installing: /ws/install/cyclonedds/lib/libcycloneddsidl.so.0.10.5\n'}
[74.855955] (cyclonedds) StdoutLine: {'line': b'-- Installing: /ws/install/cyclonedds/lib/libcycloneddsidl.so.0\n'}
[74.856121] (cyclonedds) StdoutLine: {'line': b'-- Set runtime path of "/ws/install/cyclonedds/lib/libcycloneddsidl.so.0.10.5" to "$ORIGIN/../lib"\n'}
[74.856208] (cyclonedds) StdoutLine: {'line': b'-- Installing: /ws/install/cyclonedds/lib/libcycloneddsidl.so\n'}
[74.856466] (cyclonedds) StdoutLine: {'line': b'-- Up-to-date: /ws/install/cyclonedds/include\n'}
[74.856681] (cyclonedds) StdoutLine: {'line': b'-- Up-to-date: /ws/install/cyclonedds/include/dds\n'}
[74.856782] (cyclonedds) StdoutLine: {'line': b'-- Installing: /ws/install/cyclonedds/include/dds/security\n'}
[74.856937] (cyclonedds) StdoutLine: {'line': b'-- Installing: /ws/install/cyclonedds/include/dds/security/dds_security_api_defs.h\n'}
[74.857108] (cyclonedds) StdoutLine: {'line': b'-- Installing: /ws/install/cyclonedds/include/dds/security/dds_security_api_access_control.h\n'}
[74.857282] (cyclonedds) StdoutLine: {'line': b'-- Installing: /ws/install/cyclonedds/include/dds/security/dds_security_api_err.h\n'}
[74.857528] (cyclonedds) StdoutLine: {'line': b'-- Installing: /ws/install/cyclonedds/include/dds/security/dds_security_api_types.h\n'}
[74.857761] (cyclonedds) StdoutLine: {'line': b'-- Installing: /ws/install/cyclonedds/include/dds/security/dds_security_api_authentication.h\n'}
[74.857972] (cyclonedds) StdoutLine: {'line': b'-- Installing: /ws/install/cyclonedds/include/dds/security/dds_security_api_cryptography.h\n'}
[74.860441] (cyclonedds) StdoutLine: {'line': b'-- Installing: /ws/install/cyclonedds/include/dds/security/dds_security_api.h\n'}
[74.860621] (cyclonedds) StdoutLine: {'line': b'-- Installing: /ws/install/cyclonedds/include/dds/security/core/\n'}
[74.860736] (cyclonedds) StdoutLine: {'line': b'-- Installing: /ws/install/cyclonedds/include/dds/security/core//dds_security_utils.h\n'}
[74.860816] (cyclonedds) StdoutLine: {'line': b'-- Installing: /ws/install/cyclonedds/include/dds/security/core//dds_security_fsm.h\n'}
[74.860912] (cyclonedds) StdoutLine: {'line': b'-- Installing: /ws/install/cyclonedds/include/dds/security/core//dds_security_plugins.h\n'}
[74.861002] (cyclonedds) StdoutLine: {'line': b'-- Installing: /ws/install/cyclonedds/include/dds/security/core//dds_security_types.h\n'}
[74.861084] (cyclonedds) StdoutLine: {'line': b'-- Installing: /ws/install/cyclonedds/include/dds/security/core//dds_security_serialize.h\n'}
[74.861174] (cyclonedds) StdoutLine: {'line': b'-- Installing: /ws/install/cyclonedds/include/dds/security/core//shared_secret.h\n'}
[74.861259] (cyclonedds) StdoutLine: {'line': b'-- Installing: /ws/install/cyclonedds/include/dds/security/core//dds_security_timed_cb.h\n'}
[74.861500] (cyclonedds) StdoutLine: {'line': b'-- Installing: /ws/install/cyclonedds/lib/libdds_security_ac.so\n'}
[74.861689] (cyclonedds) StdoutLine: {'line': b'-- Set runtime path of "/ws/install/cyclonedds/lib/libdds_security_ac.so" to "$ORIGIN/../lib"\n'}
[74.861963] (cyclonedds) StdoutLine: {'line': b'-- Installing: /ws/install/cyclonedds/lib/libdds_security_auth.so\n'}
[74.862968] (cyclonedds) StdoutLine: {'line': b'-- Set runtime path of "/ws/install/cyclonedds/lib/libdds_security_auth.so" to "$ORIGIN/../lib"\n'}
[74.863232] (cyclonedds) StdoutLine: {'line': b'-- Installing: /ws/install/cyclonedds/lib/libdds_security_crypto.so\n'}
[74.864560] (cyclonedds) StdoutLine: {'line': b'-- Set runtime path of "/ws/install/cyclonedds/lib/libdds_security_crypto.so" to "$ORIGIN/../lib"\n'}
[74.864881] (cyclonedds) StdoutLine: {'line': b'-- Up-to-date: /ws/install/cyclonedds/include\n'}
[74.865048] (cyclonedds) StdoutLine: {'line': b'-- Up-to-date: /ws/install/cyclonedds/include/dds\n'}
[74.865142] (cyclonedds) StdoutLine: {'line': b'-- Installing: /ws/install/cyclonedds/include/dds/ddsi\n'}
[74.866453] (cyclonedds) StdoutLine: {'line': b'-- Installing: /ws/install/cyclonedds/include/dds/ddsi/ddsi_cfgunits.h\n'}
[74.866610] (cyclonedds) StdoutLine: {'line': b'-- Installing: /ws/install/cyclonedds/include/dds/ddsi/ddsi_serdata_default.h\n'}
[74.866694] (cyclonedds) StdoutLine: {'line': b'-- Installing: /ws/install/cyclonedds/include/dds/ddsi/ddsi_typelib.h\n'}
[74.866764] (cyclonedds) StdoutLine: {'line': b'-- Installing: /ws/install/cyclonedds/include/dds/ddsi/ddsi_security_omg.h\n'}
[74.866835] (cyclonedds) StdoutLine: {'line': b'-- Installing: /ws/install/cyclonedds/include/dds/ddsi/q_sockwaitset.h\n'}
[74.866909] (cyclonedds) StdoutLine: {'line': b'-- Installing: /ws/install/cyclonedds/include/dds/ddsi/ddsi_time.h\n'}
[74.867098] (cyclonedds) StdoutLine: {'line': b'-- Installing: /ws/install/cyclonedds/include/dds/ddsi/ddsi_handshake.h\n'}
[74.867200] (cyclonedds) StdoutLine: {'line': b'-- Installing: /ws/install/cyclonedds/include/dds/ddsi/q_bswap.h\n'}
[74.867281] (cyclonedds) StdoutLine: {'line': b'-- Installing: /ws/install/cyclonedds/include/dds/ddsi/ddsi_endpoint.h\n'}
[74.867685] (cyclonedds) StdoutLine: {'line': b'-- Installing: /ws/install/cyclonedds/include/dds/ddsi/q_lease.h\n'}
[74.867815] (cyclonedds) StdoutLine: {'line': b'-- Installing: /ws/install/cyclonedds/include/dds/ddsi/ddsi_config_impl.h\n'}
[74.867898] (cyclonedds) StdoutLine: {'line': b'-- Installing: /ws/install/cyclonedds/include/dds/ddsi/ddsi_xt_typelookup.idl\n'}
[74.870477] (cyclonedds) StdoutLine: {'line': b'-- Installing: /ws/install/cyclonedds/include/dds/ddsi/q_pcap.h\n'}
[74.870654] (cyclonedds) StdoutLine: {'line': b'-- Installing: /ws/install/cyclonedds/include/dds/ddsi/q_hbcontrol.h\n'}
[74.870737] (cyclonedds) StdoutLine: {'line': b'-- Installing: /ws/install/cyclonedds/include/dds/ddsi/ddsi_entity_match.h\n'}
[74.870813] (cyclonedds) StdoutLine: {'line': b'-- Installing: /ws/install/cyclonedds/include/dds/ddsi/ddsi_security_msg.h\n'}
[74.870919] (cyclonedds) StdoutLine: {'line': b'-- Installing: /ws/install/cyclonedds/include/dds/ddsi/ddsi_proxy_participant.h\n'}
[74.870993] (cyclonedds) StdoutLine: {'line': b'-- Installing: /ws/install/cyclonedds/include/dds/ddsi/ddsi_xt_typelookup.h\n'}
[74.871059] (cyclonedds) StdoutLine: {'line': b'-- Installing: /ws/install/cyclonedds/include/dds/ddsi/ddsi_serdata_plist.h\n'}
[74.871126] (cyclonedds) StdoutLine: {'line': b'-- Installing: /ws/install/cyclonedds/include/dds/ddsi/ddsi_serdata.h\n'}
[74.871194] (cyclonedds) StdoutLine: {'line': b'-- Installing: /ws/install/cyclonedds/include/dds/ddsi/ddsi_xt_typeinfo.h\n'}
[74.871264] (cyclonedds) StdoutLine: {'line': b'-- Installing: /ws/install/cyclonedds/include/dds/ddsi/ddsi_ipaddr.h\n'}
[74.871362] (cyclonedds) StdoutLine: {'line': b'-- Installing: /ws/install/cyclonedds/include/dds/ddsi/sysdeps.h\n'}
[74.871447] (cyclonedds) StdoutLine: {'line': b'-- Installing: /ws/install/cyclonedds/include/dds/ddsi/q_thread.h\n'}
[74.871514] (cyclonedds) StdoutLine: {'line': b'-- Installing: /ws/install/cyclonedds/include/dds/ddsi/ddsi_tran.h\n'}
[74.871582] (cyclonedds) StdoutLine: {'line': b'-- Installing: /ws/install/cyclonedds/include/dds/ddsi/q_radmin.h\n'}
[74.871649] (cyclonedds) StdoutLine: {'line': b'-- Installing: /ws/install/cyclonedds/include/dds/ddsi/q_xmsg.h\n'}
[74.871713] (cyclonedds) StdoutLine: {'line': b'-- Installing: /ws/install/cyclonedds/include/dds/ddsi/q_receive.h\n'}
[74.872415] (cyclonedds) StdoutLine: {'line': b'-- Installing: /ws/install/cyclonedds/include/dds/ddsi/q_addrset.h\n'}
[74.872533] (cyclonedds) StdoutLine: {'line': b'-- Installing: /ws/install/cyclonedds/include/dds/ddsi/ddsi_xt_typemap.idl\n'}
[74.872680] (cyclonedds) StdoutLine: {'line': b'-- Installing: /ws/install/cyclonedds/include/dds/ddsi/ddsi_xt_typemap.h\n'}
[74.872772] (cyclonedds) StdoutLine: {'line': b'-- Installing: /ws/install/cyclonedds/include/dds/ddsi/q_transmit.h\n'}
[74.872890] (cyclonedds) StdoutLine: {'line': b'-- Installing: /ws/install/cyclonedds/include/dds/ddsi/ddsi_xt_impl.h\n'}
[74.873012] (cyclonedds) StdoutLine: {'line': b'-- Installing: /ws/install/cyclonedds/include/dds/ddsi/ddsi_vnet.h\n'}
[74.873123] (cyclonedds) StdoutLine: {'line': b'-- Installing: /ws/install/cyclonedds/include/dds/ddsi/ddsi_cdrstream.h\n'}
[74.873202] (cyclonedds) StdoutLine: {'line': b'-- Installing: /ws/install/cyclonedds/include/dds/ddsi/ddsi_portmapping.h\n'}
[74.873323] (cyclonedds) StdoutLine: {'line': b'-- Installing: /ws/install/cyclonedds/include/dds/ddsi/ddsi_raweth.h\n'}
[74.873416] (cyclonedds) StdoutLine: {'line': b'-- Installing: /ws/install/cyclonedds/include/dds/ddsi/ddsi_guid.h\n'}
[74.873505] (cyclonedds) StdoutLine: {'line': b'-- Installing: /ws/install/cyclonedds/include/dds/ddsi/ddsi_tcp.h\n'}
[74.873574] (cyclonedds) StdoutLine: {'line': b'-- Installing: /ws/install/cyclonedds/include/dds/ddsi/ddsi_iid.h\n'}
[74.873641] (cyclonedds) StdoutLine: {'line': b'-- Installing: /ws/install/cyclonedds/include/dds/ddsi/ddsi_mcgroup.h\n'}
[74.873709] (cyclonedds) StdoutLine: {'line': b'-- Installing: /ws/install/cyclonedds/include/dds/ddsi/q_debmon.h\n'}
[74.873780] (cyclonedds) StdoutLine: {'line': b'-- Installing: /ws/install/cyclonedds/include/dds/ddsi/ddsi_lifespan.h\n'}
[74.873849] (cyclonedds) StdoutLine: {'line': b'-- Installing: /ws/install/cyclonedds/include/dds/ddsi/ddsi_sertype.h\n'}
[74.873914] (cyclonedds) StdoutLine: {'line': b'-- Installing: /ws/install/cyclonedds/include/dds/ddsi/ddsi_rhc.h\n'}
[74.875361] (cyclonedds) StdoutLine: {'line': b'-- Installing: /ws/install/cyclonedds/include/dds/ddsi/q_bitset.h\n'}
[74.875557] (cyclonedds) StdoutLine: {'line': b'-- Installing: /ws/install/cyclonedds/include/dds/ddsi/ddsi_cfgelems.h\n'}
[74.875652] (cyclonedds) StdoutLine: {'line': b'-- Installing: /ws/install/cyclonedds/include/dds/ddsi/ddsi_domaingv.h\n'}
[74.875797] (cyclonedds) StdoutLine: {'line': b'-- Installing: /ws/install/cyclonedds/include/dds/ddsi/ddsi_list_tmpl.h\n'}
[74.875872] (cyclonedds) StdoutLine: {'line': b'-- Installing: /ws/install/cyclonedds/include/dds/ddsi/ddsi_typelookup.h\n'}
[74.875963] (cyclonedds) StdoutLine: {'line': b'-- Installing: /ws/install/cyclonedds/include/dds/ddsi/q_inverse_uint32_set.h\n'}
[74.876032] (cyclonedds) StdoutLine: {'line': b'-- Installing: /ws/install/cyclonedds/include/dds/ddsi/ddsi_deadline.h\n'}
[74.876149] (cyclonedds) StdoutLine: {'line': b'-- Installing: /ws/install/cyclonedds/include/dds/ddsi/ddsi_acknack.h\n'}
[74.876225] (cyclonedds) StdoutLine: {'line': b'-- Installing: /ws/install/cyclonedds/include/dds/ddsi/q_ddsi_discovery.h\n'}
[74.876327] (cyclonedds) StdoutLine: {'line': b'-- Installing: /ws/install/cyclonedds/include/dds/ddsi/ddsi_config.h\n'}
[74.876460] (cyclonedds) StdoutLine: {'line': b'-- Installing: /ws/install/cyclonedds/include/dds/ddsi/ddsi_tkmap.h\n'}
[74.876548] (cyclonedds) StdoutLine: {'line': b'-- Installing: /ws/install/cyclonedds/include/dds/ddsi/ddsi_security_util.h\n'}
[74.876633] (cyclonedds) StdoutLine: {'line': b'-- Installing: /ws/install/cyclonedds/include/dds/ddsi/q_freelist.h\n'}
[74.876702] (cyclonedds) StdoutLine: {'line': b'-- Installing: /ws/install/cyclonedds/include/dds/ddsi/ddsi_pmd.h\n'}
[74.876769] (cyclonedds) StdoutLine: {'line': b'-- Installing: /ws/install/cyclonedds/include/dds/ddsi/q_gc.h\n'}
[74.876840] (cyclonedds) StdoutLine: {'line': b'-- Installing: /ws/install/cyclonedds/include/dds/ddsi/ddsi_xt_typeinfo.idl\n'}
[74.878369] (cyclonedds) StdoutLine: {'line': b'-- Installing: /ws/install/cyclonedds/include/dds/ddsi/q_lat_estim.h\n'}
[74.878576] (cyclonedds) StdoutLine: {'line': b'-- Installing: /ws/install/cyclonedds/include/dds/ddsi/ddsi_typebuilder.h\n'}
[74.878670] (cyclonedds) StdoutLine: {'line': b'-- Installing: /ws/install/cyclonedds/include/dds/ddsi/ddsi_participant.h\n'}
[74.878770] (cyclonedds) StdoutLine: {'line': b'-- Installing: /ws/install/cyclonedds/include/dds/ddsi/q_xevent.h\n'}
[74.878866] (cyclonedds) StdoutLine: {'line': b'-- Installing: /ws/install/cyclonedds/include/dds/ddsi/ddsi_plist.h\n'}
[74.878958] (cyclonedds) StdoutLine: {'line': b'-- Installing: /ws/install/cyclonedds/include/dds/ddsi/ddsi_deliver_locally.h\n'}
[74.879048] (cyclonedds) StdoutLine: {'line': b'-- Installing: /ws/install/cyclonedds/include/dds/ddsi/ddsi_serdata_pserop.h\n'}
[74.879140] (cyclonedds) StdoutLine: {'line': b'-- Installing: /ws/install/cyclonedds/include/dds/ddsi/q_misc.h\n'}
[74.879233] (cyclonedds) StdoutLine: {'line': b'-- Installing: /ws/install/cyclonedds/include/dds/ddsi/ddsi_list_genptr.h\n'}
[74.879424] (cyclonedds) StdoutLine: {'line': b'-- Installing: /ws/install/cyclonedds/include/dds/ddsi/ddsi_xqos.h\n'}
[74.879526] (cyclonedds) StdoutLine: {'line': b'-- Installing: /ws/install/cyclonedds/include/dds/ddsi/q_qosmatch.h\n'}
[74.879599] (cyclonedds) StdoutLine: {'line': b'-- Installing: /ws/install/cyclonedds/include/dds/ddsi/ddsi_plist_generic.h\n'}
[74.879662] (cyclonedds) StdoutLine: {'line': b'-- Installing: /ws/install/cyclonedds/include/dds/ddsi/ddsi_wraddrset.h\n'}
[74.879728] (cyclonedds) StdoutLine: {'line': b'-- Installing: /ws/install/cyclonedds/include/dds/ddsi/ddsi_statistics.h\n'}
[74.879791] (cyclonedds) StdoutLine: {'line': b'-- Installing: /ws/install/cyclonedds/include/dds/ddsi/q_init.h\n'}
[74.879857] (cyclonedds) StdoutLine: {'line': b'-- Installing: /ws/install/cyclonedds/include/dds/ddsi/ddsi_locator.h\n'}
[74.881751] (cyclonedds) StdoutLine: {'line': b'-- Installing: /ws/install/cyclonedds/include/dds/ddsi/ddsi_threadmon.h\n'}
[74.882007] (cyclonedds) StdoutLine: {'line': b'-- Installing: /ws/install/cyclonedds/include/dds/ddsi/ddsi_entity.h\n'}
[74.882100] (cyclonedds) StdoutLine: {'line': b'-- Installing: /ws/install/cyclonedds/include/dds/ddsi/ddsi_udp.h\n'}
[74.882177] (cyclonedds) StdoutLine: {'line': b'-- Installing: /ws/install/cyclonedds/include/dds/ddsi/q_whc.h\n'}
[74.882248] (cyclonedds) StdoutLine: {'line': b'-- Installing: /ws/install/cyclonedds/include/dds/ddsi/ddsi_keyhash.h\n'}
[74.882336] (cyclonedds) StdoutLine: {'line': b'-- Installing: /ws/install/cyclonedds/include/dds/ddsi/ddsi_topic.h\n'}
[74.882448] (cyclonedds) StdoutLine: {'line': b'-- Installing: /ws/install/cyclonedds/include/dds/ddsi/ddsi_ssl.h\n'}
[74.882519] (cyclonedds) StdoutLine: {'line': b'-- Installing: /ws/install/cyclonedds/include/dds/ddsi/ddsi_shm_transport.h\n'}
[74.882588] (cyclonedds) StdoutLine: {'line': b'-- Installing: /ws/install/cyclonedds/include/dds/ddsi/ddsi_vendor.h\n'}
[74.882657] (cyclonedds) StdoutLine: {'line': b'-- Installing: /ws/install/cyclonedds/include/dds/ddsi/ddsi_sertopic.h\n'}
[74.882735] (cyclonedds) StdoutLine: {'line': b'-- Installing: /ws/install/cyclonedds/include/dds/ddsi/ddsi_entity_index.h\n'}
[74.882823] (cyclonedds) StdoutLine: {'line': b'-- Installing: /ws/install/cyclonedds/include/dds/ddsi/q_protocol.h\n'}
[74.882890] (cyclonedds) StdoutLine: {'line': b'-- Installing: /ws/install/cyclonedds/include/dds/ddsi/ddsi_typewrap.h\n'}
[74.884466] (cyclonedds) StdoutLine: {'line': b'-- Installing: /ws/install/cyclonedds/include/dds/ddsi/ddsi_builtin_topic_if.h\n'}
[74.884613] (cyclonedds) StdoutLine: {'line': b'-- Installing: /ws/install/cyclonedds/include/dds/ddsi/ddsi_proxy_endpoint.h\n'}
[74.884698] (cyclonedds) StdoutLine: {'line': b'-- Installing: /ws/install/cyclonedds/include/dds/ddsi/q_feature_check.h\n'}
[74.884767] (cyclonedds) StdoutLine: {'line': b'-- Installing: /ws/install/cyclonedds/include/dds/ddsi/q_rtps.h\n'}
[74.884835] (cyclonedds) StdoutLine: {'line': b'-- Installing: /ws/install/cyclonedds/include/dds/ddsi/ddsi_security_exchange.h\n'}
[74.884907] (cyclonedds) StdoutLine: {'line': b'-- Installing: /ws/install/cyclonedds/include/dds/ddsi/q_unused.h\n'}
[74.884978] (cyclonedds) StdoutLine: {'line': b'-- Installing: /ws/install/cyclonedds/include/dds/ddsi/q_log.h\n'}
[74.885044] (cyclonedds) StdoutLine: {'line': b'-- Installing: /ws/install/cyclonedds/include/dds/ddsi/ddsi_ownip.h\n'}
[74.885111] (cyclonedds) StdoutLine: {'line': b'-- Up-to-date: /ws/install/cyclonedds/include\n'}
[74.885178] (cyclonedds) StdoutLine: {'line': b'-- Installing: /ws/install/cyclonedds/include/ddsc\n'}
[74.885245] (cyclonedds) StdoutLine: {'line': b'-- Installing: /ws/install/cyclonedds/include/ddsc/dds.h\n'}
[74.885329] (cyclonedds) StdoutLine: {'line': b'-- Up-to-date: /ws/install/cyclonedds/include/dds\n'}
[74.885422] (cyclonedds) StdoutLine: {'line': b'-- Installing: /ws/install/cyclonedds/include/dds/ddsc\n'}
[74.885491] (cyclonedds) StdoutLine: {'line': b'-- Installing: /ws/install/cyclonedds/include/dds/ddsc/dds_public_impl.h\n'}
[74.885561] (cyclonedds) StdoutLine: {'line': b'-- Installing: /ws/install/cyclonedds/include/dds/ddsc/dds_public_listener.h\n'}
[74.885630] (cyclonedds) StdoutLine: {'line': b'-- Installing: /ws/install/cyclonedds/include/dds/ddsc/dds_public_qos.h\n'}
[74.885778] (cyclonedds) StdoutLine: {'line': b'-- Installing: /ws/install/cyclonedds/include/dds/ddsc/dds_public_qosdefs.h\n'}
[74.885916] (cyclonedds) StdoutLine: {'line': b'-- Installing: /ws/install/cyclonedds/include/dds/ddsc/dds_data_allocator.h\n'}
[74.886003] (cyclonedds) StdoutLine: {'line': b'-- Installing: /ws/install/cyclonedds/include/dds/ddsc/dds_public_alloc.h\n'}
[74.886117] (cyclonedds) StdoutLine: {'line': b'-- Installing: /ws/install/cyclonedds/include/dds/ddsc/dds_internal_api.h\n'}
[74.886235] (cyclonedds) StdoutLine: {'line': b'-- Installing: /ws/install/cyclonedds/include/dds/ddsc/dds_public_status.h\n'}
[74.886322] (cyclonedds) StdoutLine: {'line': b'-- Installing: /ws/install/cyclonedds/include/dds/ddsc/dds_rhc.h\n'}
[74.886457] (-) TimerEvent: {}
[74.886672] (cyclonedds) StdoutLine: {'line': b'-- Installing: /ws/install/cyclonedds/include/dds/ddsc/dds_public_error.h\n'}
[74.886785] (cyclonedds) StdoutLine: {'line': b'-- Installing: /ws/install/cyclonedds/include/dds/ddsc/dds_statistics.h\n'}
[74.886870] (cyclonedds) StdoutLine: {'line': b'-- Installing: /ws/install/cyclonedds/include/dds/ddsc/dds_loan_api.h\n'}
[74.886950] (cyclonedds) StdoutLine: {'line': b'-- Installing: /ws/install/cyclonedds/include/dds/ddsc/dds_opcodes.h\n'}
[74.887047] (cyclonedds) StdoutLine: {'line': b'-- Installing: /ws/install/cyclonedds/include/dds/ddsc/dds_basic_types.h\n'}
[74.887165] (cyclonedds) StdoutLine: {'line': b'-- Installing: /ws/install/cyclonedds/include/dds/dds.h\n'}
[74.887429] (cyclonedds) StdoutLine: {'line': b'-- Up-to-date: /ws/install/cyclonedds/include\n'}
[74.890569] (cyclonedds) StdoutLine: {'line': b'-- Up-to-date: /ws/install/cyclonedds/include/dds\n'}
[74.890859] (cyclonedds) StdoutLine: {'line': b'-- Installing: /ws/install/cyclonedds/include/dds/export.h\n'}
[74.890975] (cyclonedds) StdoutLine: {'line': b'-- Installing: /ws/install/cyclonedds/lib/libddsc.so.0.10.5\n'}
[74.901644] (unitree_go) StdoutLine: {'line': b'[ 98%] \x1b[32mBuilding C object CMakeFiles/unitree_go__rosidl_generator_py.dir/rosidl_generator_py/unitree_go/msg/_uwb_switch_s.c.o\x1b[0m\n'}
[74.905499] (cyclonedds) StdoutLine: {'line': b'-- Installing: /ws/install/cyclonedds/lib/libddsc.so.0\n'}
[74.906424] (cyclonedds) StdoutLine: {'line': b'-- Set runtime path of "/ws/install/cyclonedds/lib/libddsc.so.0.10.5" to "$ORIGIN/../lib"\n'}
[74.906657] (cyclonedds) StdoutLine: {'line': b'-- Installing: /ws/install/cyclonedds/lib/libddsc.so\n'}
[74.906798] (cyclonedds) StdoutLine: {'line': b'-- Installing: /ws/install/cyclonedds/share/doc/CycloneDDS/CONTRIBUTING.md\n'}
[74.906878] (cyclonedds) StdoutLine: {'line': b'-- Installing: /ws/install/cyclonedds/share/doc/CycloneDDS/CYCLONEDDS_QUALITY_DECLARATION.md\n'}
[74.906981] (cyclonedds) StdoutLine: {'line': b'-- Installing: /ws/install/cyclonedds/share/doc/CycloneDDS/LICENSE\n'}
[74.907082] (cyclonedds) StdoutLine: {'line': b'-- Installing: /ws/install/cyclonedds/share/doc/CycloneDDS/NOTICE.md\n'}
[74.907159] (cyclonedds) StdoutLine: {'line': b'-- Installing: /ws/install/cyclonedds/share/doc/CycloneDDS/README.md\n'}
[74.907274] (cyclonedds) StdoutLine: {'line': b'-- Installing: /ws/install/cyclonedds/share/doc/CycloneDDS/CHANGELOG.rst\n'}
[74.910754] (cyclonedds) CommandEnded: {'returncode': 0}
[74.932813] (cyclonedds) JobEnded: {'identifier': 'cyclonedds', 'rc': 0}
[74.934600] (rmw_cyclonedds_cpp) JobStarted: {'identifier': 'rmw_cyclonedds_cpp'}
[74.965775] (rmw_cyclonedds_cpp) JobProgress: {'identifier': 'rmw_cyclonedds_cpp', 'progress': 'cmake'}
[74.970286] (rmw_cyclonedds_cpp) Command: {'cmd': ['/usr/bin/cmake', '/ws/src/unitree_ros2/cyclonedds_ws/src/rmw_cyclonedds/rmw_cyclonedds_cpp', '-DCMAKE_INSTALL_PREFIX=/ws/install/rmw_cyclonedds_cpp'], 'cwd': '/ws/build/rmw_cyclonedds_cpp', 'env': OrderedDict([('HOSTNAME', 'pi'), ('SHLVL', '1'), ('LD_LIBRARY_PATH', '/ws/install/cyclonedds/lib:/ws/libtorch/lib:/opt/ros/humble/lib/aarch64-linux-gnu:/opt/ros/humble/lib'), ('HOME', '/root'), ('OLDPWD', '/ws/src'), ('ROS_PYTHON_VERSION', '3'), ('ROS_DISTRO', 'humble'), ('_', '/usr/bin/colcon'), ('ROS_VERSION', '2'), ('PKG_CONFIG_PATH', '/ws/install/cyclonedds/lib/aarch64-linux-gnu/pkgconfig:/ws/install/cyclonedds/lib/pkgconfig'), ('TERM', 'xterm'), ('ROS_LOCALHOST_ONLY', '0'), ('PATH', '/ws/install/cyclonedds/bin:/opt/ros/humble/bin:/usr/local/sbin:/usr/local/bin:/usr/sbin:/usr/bin:/sbin:/bin'), ('LANG', 'C.UTF-8'), ('LS_COLORS', 'rs=0:di=01;34:ln=01;36:mh=00:pi=40;33:so=01;35:do=01;35:bd=40;33;01:cd=40;33;01:or=40;31;01:mi=00:su=37;41:sg=30;43:ca=30;41:tw=30;42:ow=34;42:st=37;44:ex=01;32:*.tar=01;31:*.tgz=01;31:*.arc=01;31:*.arj=01;31:*.taz=01;31:*.lha=01;31:*.lz4=01;31:*.lzh=01;31:*.lzma=01;31:*.tlz=01;31:*.txz=01;31:*.tzo=01;31:*.t7z=01;31:*.zip=01;31:*.z=01;31:*.dz=01;31:*.gz=01;31:*.lrz=01;31:*.lz=01;31:*.lzo=01;31:*.xz=01;31:*.zst=01;31:*.tzst=01;31:*.bz2=01;31:*.bz=01;31:*.tbz=01;31:*.tbz2=01;31:*.tz=01;31:*.deb=01;31:*.rpm=01;31:*.jar=01;31:*.war=01;31:*.ear=01;31:*.sar=01;31:*.rar=01;31:*.alz=01;31:*.ace=01;31:*.zoo=01;31:*.cpio=01;31:*.7z=01;31:*.rz=01;31:*.cab=01;31:*.wim=01;31:*.swm=01;31:*.dwm=01;31:*.esd=01;31:*.jpg=01;35:*.jpeg=01;35:*.mjpg=01;35:*.mjpeg=01;35:*.gif=01;35:*.bmp=01;35:*.pbm=01;35:*.pgm=01;35:*.ppm=01;35:*.tga=01;35:*.xbm=01;35:*.xpm=01;35:*.tif=01;35:*.tiff=01;35:*.png=01;35:*.svg=01;35:*.svgz=01;35:*.mng=01;35:*.pcx=01;35:*.mov=01;35:*.mpg=01;35:*.mpeg=01;35:*.m2v=01;35:*.mkv=01;35:*.webm=01;35:*.webp=01;35:*.ogm=01;35:*.mp4=01;35:*.m4v=01;35:*.mp4v=01;35:*.vob=01;35:*.qt=01;35:*.nuv=01;35:*.wmv=01;35:*.asf=01;35:*.rm=01;35:*.rmvb=01;35:*.flc=01;35:*.avi=01;35:*.fli=01;35:*.flv=01;35:*.gl=01;35:*.dl=01;35:*.xcf=01;35:*.xwd=01;35:*.yuv=01;35:*.cgm=01;35:*.emf=01;35:*.ogv=01;35:*.ogx=01;35:*.aac=00;36:*.au=00;36:*.flac=00;36:*.m4a=00;36:*.mid=00;36:*.midi=00;36:*.mka=00;36:*.mp3=00;36:*.mpc=00;36:*.ogg=00;36:*.ra=00;36:*.wav=00;36:*.oga=00;36:*.opus=00;36:*.spx=00;36:*.xspf=00;36:'), ('AMENT_PREFIX_PATH', '/opt/ros/humble'), ('DEBIAN_FRONTEND', 'noninteractive'), ('Torch_DIR', '/ws/libtorch/share/cmake/Torch'), ('PWD', '/ws/build/rmw_cyclonedds_cpp'), ('LC_ALL', 'C.UTF-8'), ('PYTHONPATH', '/opt/ros/humble/lib/python3.10/site-packages:/opt/ros/humble/local/lib/python3.10/dist-packages'), ('COLCON', '1'), ('CMAKE_PREFIX_PATH', '/ws/install/cyclonedds:/ws/libtorch:/opt/ros/humble')]), 'shell': False}
[74.988069] (-) TimerEvent: {}
[75.075840] (rmw_cyclonedds_cpp) StdoutLine: {'line': b'-- The C compiler identification is GNU 11.4.0\n'}
[75.088192] (-) TimerEvent: {}
[75.091168] (unitree_go) StdoutLine: {'line': b'[ 98%] \x1b[32mBuilding C object CMakeFiles/unitree_go__rosidl_generator_py.dir/rosidl_generator_py/unitree_go/msg/_wireless_controller_s.c.o\x1b[0m\n'}
[75.177604] (rmw_cyclonedds_cpp) StdoutLine: {'line': b'-- The CXX compiler identification is GNU 11.4.0\n'}
[75.188292] (-) TimerEvent: {}
[75.189011] (rmw_cyclonedds_cpp) StdoutLine: {'line': b'-- Detecting C compiler ABI info\n'}
[75.272316] (unitree_go) StdoutLine: {'line': b'[ 98%] \x1b[32mBuilding C object CMakeFiles/unitree_go__rosidl_generator_py.dir/rosidl_generator_py/unitree_go/msg/_bms_state_s.c.o\x1b[0m\n'}
[75.288442] (-) TimerEvent: {}
[75.319427] (rmw_cyclonedds_cpp) StdoutLine: {'line': b'-- Detecting C compiler ABI info - done\n'}
[75.329882] (rmw_cyclonedds_cpp) StdoutLine: {'line': b'-- Check for working C compiler: /usr/bin/cc - skipped\n'}
[75.330859] (rmw_cyclonedds_cpp) StdoutLine: {'line': b'-- Detecting C compile features\n'}
[75.332229] (rmw_cyclonedds_cpp) StdoutLine: {'line': b'-- Detecting C compile features - done\n'}
[75.335705] (rmw_cyclonedds_cpp) StdoutLine: {'line': b'-- Detecting CXX compiler ABI info\n'}
[75.388557] (-) TimerEvent: {}
[75.471489] (unitree_go) StdoutLine: {'line': b'[ 99%] \x1b[32mBuilding C object CMakeFiles/unitree_go__rosidl_generator_py.dir/rosidl_generator_py/unitree_go/msg/_bms_cmd_s.c.o\x1b[0m\n'}
[75.478507] (rmw_cyclonedds_cpp) StdoutLine: {'line': b'-- Detecting CXX compiler ABI info - done\n'}
[75.488724] (-) TimerEvent: {}
[75.489268] (rmw_cyclonedds_cpp) StdoutLine: {'line': b'-- Check for working CXX compiler: /usr/bin/c++ - skipped\n'}
[75.489739] (rmw_cyclonedds_cpp) StdoutLine: {'line': b'-- Detecting CXX compile features\n'}
[75.492679] (rmw_cyclonedds_cpp) StdoutLine: {'line': b'-- Detecting CXX compile features - done\n'}
[75.497141] (rmw_cyclonedds_cpp) StdoutLine: {'line': b'-- Found ament_cmake_ros: 0.10.0 (/opt/ros/humble/share/ament_cmake_ros/cmake)\n'}
[75.588834] (-) TimerEvent: {}
[75.649846] (unitree_go) StdoutLine: {'line': b'[100%] \x1b[32m\x1b[1mLinking C shared library rosidl_generator_py/unitree_go/libunitree_go__rosidl_generator_py.so\x1b[0m\n'}
[75.688973] (-) TimerEvent: {}
[75.755200] (unitree_go) StdoutLine: {'line': b'[100%] Built target unitree_go__rosidl_generator_py\n'}
[75.774212] (rmw_cyclonedds_cpp) StdoutLine: {'line': b'-- Found Python3: /usr/bin/python3 (found version "3.10.12") found components: Interpreter \n'}
[75.789096] (-) TimerEvent: {}
[75.796413] (unitree_go) StdoutLine: {'line': b'[100%] \x1b[32mBuilding C object CMakeFiles/unitree_go__rosidl_typesupport_fastrtps_c__pyext.dir/rosidl_generator_py/unitree_go/_unitree_go_s.ep.rosidl_typesupport_fastrtps_c.c.o\x1b[0m\n'}
[75.889248] (-) TimerEvent: {}
[75.939013] (rmw_cyclonedds_cpp) StdoutLine: {'line': b'-- Found rcutils: 5.1.8 (/opt/ros/humble/share/rcutils/cmake)\n'}
[75.950570] (rmw_cyclonedds_cpp) StdoutLine: {'line': b'-- Found rcpputils: 2.4.6 (/opt/ros/humble/share/rcpputils/cmake)\n'}
[75.957585] (rmw_cyclonedds_cpp) StdoutLine: {'line': b'-- Found tracetools: 4.1.1 (/opt/ros/humble/share/tracetools/cmake)\n'}
[75.969423] (rmw_cyclonedds_cpp) StdoutLine: {'line': b'-- Found rmw: 6.1.2 (/opt/ros/humble/share/rmw/cmake)\n'}
[75.985989] (rmw_cyclonedds_cpp) StdoutLine: {'line': b'-- Found rmw_dds_common: 1.6.0 (/opt/ros/humble/share/rmw_dds_common/cmake)\n'}
[75.989357] (-) TimerEvent: {}
[76.007860] (rmw_cyclonedds_cpp) StdoutLine: {'line': b'-- Found rosidl_generator_c: 3.1.8 (/opt/ros/humble/share/rosidl_generator_c/cmake)\n'}
[76.016394] (rmw_cyclonedds_cpp) StdoutLine: {'line': b'-- Found rosidl_adapter: 3.1.8 (/opt/ros/humble/share/rosidl_adapter/cmake)\n'}
[76.030431] (rmw_cyclonedds_cpp) StdoutLine: {'line': b'-- Found rosidl_generator_cpp: 3.1.8 (/opt/ros/humble/share/rosidl_generator_cpp/cmake)\n'}
[76.043457] (rmw_cyclonedds_cpp) StdoutLine: {'line': b'-- Using all available rosidl_typesupport_c: rosidl_typesupport_fastrtps_c;rosidl_typesupport_introspection_c\n'}
[76.062845] (rmw_cyclonedds_cpp) StdoutLine: {'line': b'-- Using all available rosidl_typesupport_cpp: rosidl_typesupport_fastrtps_cpp;rosidl_typesupport_introspection_cpp\n'}
[76.073773] (unitree_go) StdoutLine: {'line': b'[100%] \x1b[32m\x1b[1mLinking C shared library rosidl_generator_py/unitree_go/unitree_go_s__rosidl_typesupport_fastrtps_c.cpython-310-aarch64-linux-gnu.so\x1b[0m\n'}
[76.089904] (-) TimerEvent: {}
[76.093428] (rmw_cyclonedds_cpp) StdoutLine: {'line': b'-- Found ament_lint_auto: 0.12.14 (/opt/ros/humble/share/ament_lint_auto/cmake)\n'}
[76.150418] (unitree_go) StdoutLine: {'line': b'[100%] Built target unitree_go__rosidl_typesupport_fastrtps_c__pyext\n'}
[76.186589] (unitree_go) StdoutLine: {'line': b'[100%] \x1b[32mBuilding C object CMakeFiles/unitree_go__rosidl_typesupport_c__pyext.dir/rosidl_generator_py/unitree_go/_unitree_go_s.ep.rosidl_typesupport_c.c.o\x1b[0m\n'}
[76.190043] (-) TimerEvent: {}
[76.243001] (rmw_cyclonedds_cpp) StdoutLine: {'line': b"-- Added test 'copyright' to check source files copyright and LICENSE\n"}
[76.246444] (rmw_cyclonedds_cpp) StdoutLine: {'line': b"-- Added test 'cppcheck' to perform static code analysis on C / C++ code\n"}
[76.246932] (rmw_cyclonedds_cpp) StdoutLine: {'line': b'-- Configured cppcheck include dirs: \n'}
[76.247077] (rmw_cyclonedds_cpp) StdoutLine: {'line': b'-- Configured cppcheck exclude dirs and/or files: \n'}
[76.253471] (rmw_cyclonedds_cpp) StdoutLine: {'line': b"-- Added test 'cpplint' to check C / C++ code against the Google style\n"}
[76.253713] (rmw_cyclonedds_cpp) StdoutLine: {'line': b'-- Configured cpplint exclude dirs and/or files: \n'}
[76.255371] (rmw_cyclonedds_cpp) StdoutLine: {'line': b"-- Added test 'lint_cmake' to check CMake code style\n"}
[76.258921] (rmw_cyclonedds_cpp) StdoutLine: {'line': b"-- Added test 'uncrustify' to check C / C++ code style\n"}
[76.259112] (rmw_cyclonedds_cpp) StdoutLine: {'line': b'-- Configured uncrustify additional arguments: \n'}
[76.260058] (rmw_cyclonedds_cpp) StdoutLine: {'line': b"-- Added test 'xmllint' to check XML markup files\n"}
[76.264150] (rmw_cyclonedds_cpp) StdoutLine: {'line': b'-- Configuring done\n'}
[76.278446] (rmw_cyclonedds_cpp) StdoutLine: {'line': b'-- Generating done\n'}
[76.279701] (rmw_cyclonedds_cpp) StdoutLine: {'line': b'-- Build files have been written to: /ws/build/rmw_cyclonedds_cpp\n'}
[76.290168] (-) TimerEvent: {}
[76.290718] (rmw_cyclonedds_cpp) CommandEnded: {'returncode': 0}
[76.293231] (rmw_cyclonedds_cpp) JobProgress: {'identifier': 'rmw_cyclonedds_cpp', 'progress': 'build'}
[76.295985] (rmw_cyclonedds_cpp) Command: {'cmd': ['/usr/bin/cmake', '--build', '/ws/build/rmw_cyclonedds_cpp', '--', '-j4', '-l4'], 'cwd': '/ws/build/rmw_cyclonedds_cpp', 'env': OrderedDict([('HOSTNAME', 'pi'), ('SHLVL', '1'), ('LD_LIBRARY_PATH', '/ws/install/cyclonedds/lib:/ws/libtorch/lib:/opt/ros/humble/lib/aarch64-linux-gnu:/opt/ros/humble/lib'), ('HOME', '/root'), ('OLDPWD', '/ws/src'), ('ROS_PYTHON_VERSION', '3'), ('ROS_DISTRO', 'humble'), ('_', '/usr/bin/colcon'), ('ROS_VERSION', '2'), ('PKG_CONFIG_PATH', '/ws/install/cyclonedds/lib/aarch64-linux-gnu/pkgconfig:/ws/install/cyclonedds/lib/pkgconfig'), ('TERM', 'xterm'), ('ROS_LOCALHOST_ONLY', '0'), ('PATH', '/ws/install/cyclonedds/bin:/opt/ros/humble/bin:/usr/local/sbin:/usr/local/bin:/usr/sbin:/usr/bin:/sbin:/bin'), ('LANG', 'C.UTF-8'), ('LS_COLORS', 'rs=0:di=01;34:ln=01;36:mh=00:pi=40;33:so=01;35:do=01;35:bd=40;33;01:cd=40;33;01:or=40;31;01:mi=00:su=37;41:sg=30;43:ca=30;41:tw=30;42:ow=34;42:st=37;44:ex=01;32:*.tar=01;31:*.tgz=01;31:*.arc=01;31:*.arj=01;31:*.taz=01;31:*.lha=01;31:*.lz4=01;31:*.lzh=01;31:*.lzma=01;31:*.tlz=01;31:*.txz=01;31:*.tzo=01;31:*.t7z=01;31:*.zip=01;31:*.z=01;31:*.dz=01;31:*.gz=01;31:*.lrz=01;31:*.lz=01;31:*.lzo=01;31:*.xz=01;31:*.zst=01;31:*.tzst=01;31:*.bz2=01;31:*.bz=01;31:*.tbz=01;31:*.tbz2=01;31:*.tz=01;31:*.deb=01;31:*.rpm=01;31:*.jar=01;31:*.war=01;31:*.ear=01;31:*.sar=01;31:*.rar=01;31:*.alz=01;31:*.ace=01;31:*.zoo=01;31:*.cpio=01;31:*.7z=01;31:*.rz=01;31:*.cab=01;31:*.wim=01;31:*.swm=01;31:*.dwm=01;31:*.esd=01;31:*.jpg=01;35:*.jpeg=01;35:*.mjpg=01;35:*.mjpeg=01;35:*.gif=01;35:*.bmp=01;35:*.pbm=01;35:*.pgm=01;35:*.ppm=01;35:*.tga=01;35:*.xbm=01;35:*.xpm=01;35:*.tif=01;35:*.tiff=01;35:*.png=01;35:*.svg=01;35:*.svgz=01;35:*.mng=01;35:*.pcx=01;35:*.mov=01;35:*.mpg=01;35:*.mpeg=01;35:*.m2v=01;35:*.mkv=01;35:*.webm=01;35:*.webp=01;35:*.ogm=01;35:*.mp4=01;35:*.m4v=01;35:*.mp4v=01;35:*.vob=01;35:*.qt=01;35:*.nuv=01;35:*.wmv=01;35:*.asf=01;35:*.rm=01;35:*.rmvb=01;35:*.flc=01;35:*.avi=01;35:*.fli=01;35:*.flv=01;35:*.gl=01;35:*.dl=01;35:*.xcf=01;35:*.xwd=01;35:*.yuv=01;35:*.cgm=01;35:*.emf=01;35:*.ogv=01;35:*.ogx=01;35:*.aac=00;36:*.au=00;36:*.flac=00;36:*.m4a=00;36:*.mid=00;36:*.midi=00;36:*.mka=00;36:*.mp3=00;36:*.mpc=00;36:*.ogg=00;36:*.ra=00;36:*.wav=00;36:*.oga=00;36:*.opus=00;36:*.spx=00;36:*.xspf=00;36:'), ('AMENT_PREFIX_PATH', '/opt/ros/humble'), ('DEBIAN_FRONTEND', 'noninteractive'), ('Torch_DIR', '/ws/libtorch/share/cmake/Torch'), ('PWD', '/ws/build/rmw_cyclonedds_cpp'), ('LC_ALL', 'C.UTF-8'), ('PYTHONPATH', '/opt/ros/humble/lib/python3.10/site-packages:/opt/ros/humble/local/lib/python3.10/dist-packages'), ('COLCON', '1'), ('CMAKE_PREFIX_PATH', '/ws/install/cyclonedds:/ws/libtorch:/opt/ros/humble')]), 'shell': False}
[76.388366] (rmw_cyclonedds_cpp) StdoutLine: {'line': b'[  8%] \x1b[32mBuilding CXX object CMakeFiles/rmw_cyclonedds_cpp.dir/src/rmw_get_network_flow_endpoints.cpp.o\x1b[0m\n'}
[76.390272] (-) TimerEvent: {}
[76.465946] (unitree_go) StdoutLine: {'line': b'[100%] \x1b[32m\x1b[1mLinking C shared library rosidl_generator_py/unitree_go/unitree_go_s__rosidl_typesupport_c.cpython-310-aarch64-linux-gnu.so\x1b[0m\n'}
[76.490401] (-) TimerEvent: {}
[76.508688] (rmw_cyclonedds_cpp) StdoutLine: {'line': b'[ 16%] \x1b[32mBuilding CXX object CMakeFiles/rmw_cyclonedds_cpp.dir/src/serdes.cpp.o\x1b[0m\n'}
[76.545707] (unitree_go) StdoutLine: {'line': b'[100%] Built target unitree_go__rosidl_typesupport_c__pyext\n'}
[76.582449] (unitree_go) StdoutLine: {'line': b'[100%] \x1b[32mBuilding C object CMakeFiles/unitree_go__rosidl_typesupport_introspection_c__pyext.dir/rosidl_generator_py/unitree_go/_unitree_go_s.ep.rosidl_typesupport_introspection_c.c.o\x1b[0m\n'}
[76.590534] (-) TimerEvent: {}
[76.691153] (-) TimerEvent: {}
[76.791612] (-) TimerEvent: {}
[76.867751] (rmw_cyclonedds_cpp) StdoutLine: {'line': b'[ 25%] \x1b[32mBuilding CXX object CMakeFiles/rmw_cyclonedds_cpp.dir/src/u16string.cpp.o\x1b[0m\n'}
[76.874052] (unitree_go) StdoutLine: {'line': b'[100%] \x1b[32m\x1b[1mLinking C shared library rosidl_generator_py/unitree_go/unitree_go_s__rosidl_typesupport_introspection_c.cpython-310-aarch64-linux-gnu.so\x1b[0m\n'}
[76.891727] (-) TimerEvent: {}
[76.949727] (unitree_go) StdoutLine: {'line': b'[100%] Built target unitree_go__rosidl_typesupport_introspection_c__pyext\n'}
[76.973536] (unitree_go) CommandEnded: {'returncode': 0}
[76.974557] (unitree_go) JobProgress: {'identifier': 'unitree_go', 'progress': 'install'}
[76.974947] (unitree_go) Command: {'cmd': ['/usr/bin/cmake', '--install', '/ws/build/unitree_go'], 'cwd': '/ws/build/unitree_go', 'env': OrderedDict([('HOSTNAME', 'pi'), ('SHLVL', '1'), ('LD_LIBRARY_PATH', '/ws/libtorch/lib:/opt/ros/humble/lib/aarch64-linux-gnu:/opt/ros/humble/lib'), ('HOME', '/root'), ('OLDPWD', '/ws/src'), ('ROS_PYTHON_VERSION', '3'), ('ROS_DISTRO', 'humble'), ('_', '/usr/bin/colcon'), ('ROS_VERSION', '2'), ('TERM', 'xterm'), ('ROS_LOCALHOST_ONLY', '0'), ('PATH', '/opt/ros/humble/bin:/usr/local/sbin:/usr/local/bin:/usr/sbin:/usr/bin:/sbin:/bin'), ('LANG', 'C.UTF-8'), ('LS_COLORS', 'rs=0:di=01;34:ln=01;36:mh=00:pi=40;33:so=01;35:do=01;35:bd=40;33;01:cd=40;33;01:or=40;31;01:mi=00:su=37;41:sg=30;43:ca=30;41:tw=30;42:ow=34;42:st=37;44:ex=01;32:*.tar=01;31:*.tgz=01;31:*.arc=01;31:*.arj=01;31:*.taz=01;31:*.lha=01;31:*.lz4=01;31:*.lzh=01;31:*.lzma=01;31:*.tlz=01;31:*.txz=01;31:*.tzo=01;31:*.t7z=01;31:*.zip=01;31:*.z=01;31:*.dz=01;31:*.gz=01;31:*.lrz=01;31:*.lz=01;31:*.lzo=01;31:*.xz=01;31:*.zst=01;31:*.tzst=01;31:*.bz2=01;31:*.bz=01;31:*.tbz=01;31:*.tbz2=01;31:*.tz=01;31:*.deb=01;31:*.rpm=01;31:*.jar=01;31:*.war=01;31:*.ear=01;31:*.sar=01;31:*.rar=01;31:*.alz=01;31:*.ace=01;31:*.zoo=01;31:*.cpio=01;31:*.7z=01;31:*.rz=01;31:*.cab=01;31:*.wim=01;31:*.swm=01;31:*.dwm=01;31:*.esd=01;31:*.jpg=01;35:*.jpeg=01;35:*.mjpg=01;35:*.mjpeg=01;35:*.gif=01;35:*.bmp=01;35:*.pbm=01;35:*.pgm=01;35:*.ppm=01;35:*.tga=01;35:*.xbm=01;35:*.xpm=01;35:*.tif=01;35:*.tiff=01;35:*.png=01;35:*.svg=01;35:*.svgz=01;35:*.mng=01;35:*.pcx=01;35:*.mov=01;35:*.mpg=01;35:*.mpeg=01;35:*.m2v=01;35:*.mkv=01;35:*.webm=01;35:*.webp=01;35:*.ogm=01;35:*.mp4=01;35:*.m4v=01;35:*.mp4v=01;35:*.vob=01;35:*.qt=01;35:*.nuv=01;35:*.wmv=01;35:*.asf=01;35:*.rm=01;35:*.rmvb=01;35:*.flc=01;35:*.avi=01;35:*.fli=01;35:*.flv=01;35:*.gl=01;35:*.dl=01;35:*.xcf=01;35:*.xwd=01;35:*.yuv=01;35:*.cgm=01;35:*.emf=01;35:*.ogv=01;35:*.ogx=01;35:*.aac=00;36:*.au=00;36:*.flac=00;36:*.m4a=00;36:*.mid=00;36:*.midi=00;36:*.mka=00;36:*.mp3=00;36:*.mpc=00;36:*.ogg=00;36:*.ra=00;36:*.wav=00;36:*.oga=00;36:*.opus=00;36:*.spx=00;36:*.xspf=00;36:'), ('AMENT_PREFIX_PATH', '/opt/ros/humble'), ('DEBIAN_FRONTEND', 'noninteractive'), ('Torch_DIR', '/ws/libtorch/share/cmake/Torch'), ('PWD', '/ws/build/unitree_go'), ('LC_ALL', 'C.UTF-8'), ('PYTHONPATH', '/opt/ros/humble/lib/python3.10/site-packages:/opt/ros/humble/local/lib/python3.10/dist-packages'), ('COLCON', '1'), ('CMAKE_PREFIX_PATH', '/ws/libtorch::/opt/ros/humble')]), 'shell': False}
[76.991914] (-) TimerEvent: {}
[76.996453] (unitree_go) StdoutLine: {'line': b'-- Install configuration: ""\n'}
[77.001599] (unitree_go) StdoutLine: {'line': b'-- Installing: /ws/install/unitree_go/share/ament_index/resource_index/rosidl_interfaces/unitree_go\n'}
[77.002002] (unitree_go) StdoutLine: {'line': b'-- Installing: /ws/install/unitree_go/include/unitree_go/unitree_go\n'}
[77.002113] (unitree_go) StdoutLine: {'line': b'-- Installing: /ws/install/unitree_go/include/unitree_go/unitree_go/msg\n'}
[77.002191] (unitree_go) StdoutLine: {'line': b'-- Installing: /ws/install/unitree_go/include/unitree_go/unitree_go/msg/low_cmd.h\n'}
[77.002263] (unitree_go) StdoutLine: {'line': b'-- Installing: /ws/install/unitree_go/include/unitree_go/unitree_go/msg/motor_cmd.h\n'}
[77.002394] (unitree_go) StdoutLine: {'line': b'-- Installing: /ws/install/unitree_go/include/unitree_go/unitree_go/msg/audio_data.h\n'}
[77.002474] (unitree_go) StdoutLine: {'line': b'-- Installing: /ws/install/unitree_go/include/unitree_go/unitree_go/msg/lidar_state.h\n'}
[77.002545] (unitree_go) StdoutLine: {'line': b'-- Installing: /ws/install/unitree_go/include/unitree_go/unitree_go/msg/height_map.h\n'}
[77.002614] (unitree_go) StdoutLine: {'line': b'-- Installing: /ws/install/unitree_go/include/unitree_go/unitree_go/msg/go2_front_video_data.h\n'}
[77.002683] (unitree_go) StdoutLine: {'line': b'-- Installing: /ws/install/unitree_go/include/unitree_go/unitree_go/msg/uwb_switch.h\n'}
[77.002751] (unitree_go) StdoutLine: {'line': b'-- Installing: /ws/install/unitree_go/include/unitree_go/unitree_go/msg/motor_cmds.h\n'}
[77.002817] (unitree_go) StdoutLine: {'line': b'-- Installing: /ws/install/unitree_go/include/unitree_go/unitree_go/msg/low_state.h\n'}
[77.002912] (unitree_go) StdoutLine: {'line': b'-- Installing: /ws/install/unitree_go/include/unitree_go/unitree_go/msg/bms_cmd.h\n'}
[77.002983] (unitree_go) StdoutLine: {'line': b'-- Installing: /ws/install/unitree_go/include/unitree_go/unitree_go/msg/res.h\n'}
[77.003064] (unitree_go) StdoutLine: {'line': b'-- Installing: /ws/install/unitree_go/include/unitree_go/unitree_go/msg/wireless_controller.h\n'}
[77.003136] (unitree_go) StdoutLine: {'line': b'-- Installing: /ws/install/unitree_go/include/unitree_go/unitree_go/msg/motor_states.h\n'}
[77.007314] (unitree_go) StdoutLine: {'line': b'-- Installing: /ws/install/unitree_go/include/unitree_go/unitree_go/msg/sport_mode_cmd.h\n'}
[77.008262] (unitree_go) StdoutLine: {'line': b'-- Installing: /ws/install/unitree_go/include/unitree_go/unitree_go/msg/time_spec.h\n'}
[77.009526] (unitree_go) StdoutLine: {'line': b'-- Installing: /ws/install/unitree_go/include/unitree_go/unitree_go/msg/sport_mode_state.h\n'}
[77.010145] (unitree_go) StdoutLine: {'line': b'-- Installing: /ws/install/unitree_go/include/unitree_go/unitree_go/msg/motor_state.h\n'}
[77.010862] (unitree_go) StdoutLine: {'line': b'-- Installing: /ws/install/unitree_go/include/unitree_go/unitree_go/msg/interface_config.h\n'}
[77.011554] (unitree_go) StdoutLine: {'line': b'-- Installing: /ws/install/unitree_go/include/unitree_go/unitree_go/msg/error.h\n'}
[77.011979] (unitree_go) StdoutLine: {'line': b'-- Installing: /ws/install/unitree_go/include/unitree_go/unitree_go/msg/bms_state.h\n'}
[77.012512] (unitree_go) StdoutLine: {'line': b'-- Installing: /ws/install/unitree_go/include/unitree_go/unitree_go/msg/uwb_state.h\n'}
[77.013243] (unitree_go) StdoutLine: {'line': b'-- Installing: /ws/install/unitree_go/include/unitree_go/unitree_go/msg/rosidl_generator_c__visibility_control.h\n'}
[77.013762] (unitree_go) StdoutLine: {'line': b'-- Installing: /ws/install/unitree_go/include/unitree_go/unitree_go/msg/path_point.h\n'}
[77.014448] (unitree_go) StdoutLine: {'line': b'-- Installing: /ws/install/unitree_go/include/unitree_go/unitree_go/msg/imu_state.h\n'}
[77.015253] (unitree_go) StdoutLine: {'line': b'-- Installing: /ws/install/unitree_go/include/unitree_go/unitree_go/msg/req.h\n'}
[77.016237] (unitree_go) StdoutLine: {'line': b'-- Installing: /ws/install/unitree_go/include/unitree_go/unitree_go/msg/detail\n'}
[77.016830] (unitree_go) StdoutLine: {'line': b'-- Installing: /ws/install/unitree_go/include/unitree_go/unitree_go/msg/detail/uwb_switch__functions.h\n'}
[77.017567] (unitree_go) StdoutLine: {'line': b'-- Installing: /ws/install/unitree_go/include/unitree_go/unitree_go/msg/detail/res__struct.h\n'}
[77.018372] (unitree_go) StdoutLine: {'line': b'-- Installing: /ws/install/unitree_go/include/unitree_go/unitree_go/msg/detail/motor_cmds__type_support.h\n'}
[77.018597] (unitree_go) StdoutLine: {'line': b'-- Installing: /ws/install/unitree_go/include/unitree_go/unitree_go/msg/detail/motor_state__struct.h\n'}
[77.019284] (unitree_go) StdoutLine: {'line': b'-- Installing: /ws/install/unitree_go/include/unitree_go/unitree_go/msg/detail/path_point__functions.h\n'}
[77.019763] (unitree_go) StdoutLine: {'line': b'-- Installing: /ws/install/unitree_go/include/unitree_go/unitree_go/msg/detail/path_point__struct.h\n'}
[77.020221] (unitree_go) StdoutLine: {'line': b'-- Installing: /ws/install/unitree_go/include/unitree_go/unitree_go/msg/detail/time_spec__struct.h\n'}
[77.020819] (unitree_go) StdoutLine: {'line': b'-- Installing: /ws/install/unitree_go/include/unitree_go/unitree_go/msg/detail/sport_mode_state__struct.h\n'}
[77.020982] (unitree_go) StdoutLine: {'line': b'-- Installing: /ws/install/unitree_go/include/unitree_go/unitree_go/msg/detail/error__functions.c\n'}
[77.021099] (unitree_go) StdoutLine: {'line': b'-- Installing: /ws/install/unitree_go/include/unitree_go/unitree_go/msg/detail/req__struct.h\n'}
[77.021877] (unitree_go) StdoutLine: {'line': b'-- Installing: /ws/install/unitree_go/include/unitree_go/unitree_go/msg/detail/uwb_state__functions.h\n'}
[77.022052] (unitree_go) StdoutLine: {'line': b'-- Installing: /ws/install/unitree_go/include/unitree_go/unitree_go/msg/detail/height_map__functions.c\n'}
[77.022170] (unitree_go) StdoutLine: {'line': b'-- Installing: /ws/install/unitree_go/include/unitree_go/unitree_go/msg/detail/motor_states__functions.h\n'}
[77.022255] (unitree_go) StdoutLine: {'line': b'-- Installing: /ws/install/unitree_go/include/unitree_go/unitree_go/msg/detail/low_state__type_support.h\n'}
[77.022463] (unitree_go) StdoutLine: {'line': b'-- Installing: /ws/install/unitree_go/include/unitree_go/unitree_go/msg/detail/go2_front_video_data__struct.h\n'}
[77.022589] (unitree_go) StdoutLine: {'line': b'-- Installing: /ws/install/unitree_go/include/unitree_go/unitree_go/msg/detail/sport_mode_cmd__functions.h\n'}
[77.022674] (unitree_go) StdoutLine: {'line': b'-- Installing: /ws/install/unitree_go/include/unitree_go/unitree_go/msg/detail/sport_mode_cmd__functions.c\n'}
[77.022780] (unitree_go) StdoutLine: {'line': b'-- Installing: /ws/install/unitree_go/include/unitree_go/unitree_go/msg/detail/low_cmd__struct.h\n'}
[77.022864] (unitree_go) StdoutLine: {'line': b'-- Installing: /ws/install/unitree_go/include/unitree_go/unitree_go/msg/detail/error__struct.h\n'}
[77.022984] (unitree_go) StdoutLine: {'line': b'-- Installing: /ws/install/unitree_go/include/unitree_go/unitree_go/msg/detail/time_spec__type_support.h\n'}
[77.023075] (unitree_go) StdoutLine: {'line': b'-- Installing: /ws/install/unitree_go/include/unitree_go/unitree_go/msg/detail/bms_state__struct.h\n'}
[77.023211] (unitree_go) StdoutLine: {'line': b'-- Installing: /ws/install/unitree_go/include/unitree_go/unitree_go/msg/detail/motor_state__functions.h\n'}
[77.023317] (unitree_go) StdoutLine: {'line': b'-- Installing: /ws/install/unitree_go/include/unitree_go/unitree_go/msg/detail/motor_cmds__functions.c\n'}
[77.023447] (unitree_go) StdoutLine: {'line': b'-- Installing: /ws/install/unitree_go/include/unitree_go/unitree_go/msg/detail/uwb_switch__type_support.h\n'}
[77.023598] (unitree_go) StdoutLine: {'line': b'-- Installing: /ws/install/unitree_go/include/unitree_go/unitree_go/msg/detail/res__type_support.h\n'}
[77.023697] (unitree_go) StdoutLine: {'line': b'-- Installing: /ws/install/unitree_go/include/unitree_go/unitree_go/msg/detail/low_state__functions.h\n'}
[77.023822] (unitree_go) StdoutLine: {'line': b'-- Installing: /ws/install/unitree_go/include/unitree_go/unitree_go/msg/detail/res__functions.c\n'}
[77.023951] (unitree_go) StdoutLine: {'line': b'-- Installing: /ws/install/unitree_go/include/unitree_go/unitree_go/msg/detail/bms_state__functions.h\n'}
[77.024033] (unitree_go) StdoutLine: {'line': b'-- Installing: /ws/install/unitree_go/include/unitree_go/unitree_go/msg/detail/motor_cmd__functions.c\n'}
[77.024182] (unitree_go) StdoutLine: {'line': b'-- Installing: /ws/install/unitree_go/include/unitree_go/unitree_go/msg/detail/low_state__struct.h\n'}
[77.024295] (unitree_go) StdoutLine: {'line': b'-- Installing: /ws/install/unitree_go/include/unitree_go/unitree_go/msg/detail/low_cmd__functions.h\n'}
[77.024398] (unitree_go) StdoutLine: {'line': b'-- Installing: /ws/install/unitree_go/include/unitree_go/unitree_go/msg/detail/go2_front_video_data__type_support.h\n'}
[77.024521] (unitree_go) StdoutLine: {'line': b'-- Installing: /ws/install/unitree_go/include/unitree_go/unitree_go/msg/detail/audio_data__functions.c\n'}
[77.024597] (unitree_go) StdoutLine: {'line': b'-- Installing: /ws/install/unitree_go/include/unitree_go/unitree_go/msg/detail/interface_config__functions.h\n'}
[77.024714] (unitree_go) StdoutLine: {'line': b'-- Installing: /ws/install/unitree_go/include/unitree_go/unitree_go/msg/detail/lidar_state__struct.h\n'}
[77.024800] (unitree_go) StdoutLine: {'line': b'-- Installing: /ws/install/unitree_go/include/unitree_go/unitree_go/msg/detail/error__functions.h\n'}
[77.024909] (unitree_go) StdoutLine: {'line': b'-- Installing: /ws/install/unitree_go/include/unitree_go/unitree_go/msg/detail/imu_state__type_support.h\n'}
[77.025027] (unitree_go) StdoutLine: {'line': b'-- Installing: /ws/install/unitree_go/include/unitree_go/unitree_go/msg/detail/bms_cmd__type_support.h\n'}
[77.025139] (unitree_go) StdoutLine: {'line': b'-- Installing: /ws/install/unitree_go/include/unitree_go/unitree_go/msg/detail/low_cmd__type_support.h\n'}
[77.025250] (unitree_go) StdoutLine: {'line': b'-- Installing: /ws/install/unitree_go/include/unitree_go/unitree_go/msg/detail/sport_mode_state__functions.h\n'}
[77.025344] (unitree_go) StdoutLine: {'line': b'-- Installing: /ws/install/unitree_go/include/unitree_go/unitree_go/msg/detail/height_map__type_support.h\n'}
[77.025430] (unitree_go) StdoutLine: {'line': b'-- Installing: /ws/install/unitree_go/include/unitree_go/unitree_go/msg/detail/req__type_support.h\n'}
[77.025524] (unitree_go) StdoutLine: {'line': b'-- Installing: /ws/install/unitree_go/include/unitree_go/unitree_go/msg/detail/bms_cmd__functions.c\n'}
[77.025620] (unitree_go) StdoutLine: {'line': b'-- Installing: /ws/install/unitree_go/include/unitree_go/unitree_go/msg/detail/bms_cmd__functions.h\n'}
[77.025721] (unitree_go) StdoutLine: {'line': b'-- Installing: /ws/install/unitree_go/include/unitree_go/unitree_go/msg/detail/low_state__functions.c\n'}
[77.025812] (unitree_go) StdoutLine: {'line': b'-- Installing: /ws/install/unitree_go/include/unitree_go/unitree_go/msg/detail/motor_cmd__struct.h\n'}
[77.025896] (unitree_go) StdoutLine: {'line': b'-- Installing: /ws/install/unitree_go/include/unitree_go/unitree_go/msg/detail/imu_state__functions.h\n'}
[77.025987] (unitree_go) StdoutLine: {'line': b'-- Installing: /ws/install/unitree_go/include/unitree_go/unitree_go/msg/detail/motor_states__functions.c\n'}
[77.026078] (unitree_go) StdoutLine: {'line': b'-- Installing: /ws/install/unitree_go/include/unitree_go/unitree_go/msg/detail/audio_data__functions.h\n'}
[77.026165] (unitree_go) StdoutLine: {'line': b'-- Installing: /ws/install/unitree_go/include/unitree_go/unitree_go/msg/detail/path_point__type_support.h\n'}
[77.026388] (unitree_go) StdoutLine: {'line': b'-- Installing: /ws/install/unitree_go/include/unitree_go/unitree_go/msg/detail/bms_cmd__struct.h\n'}
[77.026527] (unitree_go) StdoutLine: {'line': b'-- Installing: /ws/install/unitree_go/include/unitree_go/unitree_go/msg/detail/req__functions.c\n'}
[77.026620] (unitree_go) StdoutLine: {'line': b'-- Installing: /ws/install/unitree_go/include/unitree_go/unitree_go/msg/detail/uwb_state__struct.h\n'}
[77.026703] (unitree_go) StdoutLine: {'line': b'-- Installing: /ws/install/unitree_go/include/unitree_go/unitree_go/msg/detail/imu_state__functions.c\n'}
[77.027267] (unitree_go) StdoutLine: {'line': b'-- Installing: /ws/install/unitree_go/include/unitree_go/unitree_go/msg/detail/wireless_controller__functions.c\n'}
[77.027558] (unitree_go) StdoutLine: {'line': b'-- Installing: /ws/install/unitree_go/include/unitree_go/unitree_go/msg/detail/time_spec__functions.c\n'}
[77.027662] (unitree_go) StdoutLine: {'line': b'-- Installing: /ws/install/unitree_go/include/unitree_go/unitree_go/msg/detail/interface_config__type_support.h\n'}
[77.029011] (unitree_go) StdoutLine: {'line': b'-- Installing: /ws/install/unitree_go/include/unitree_go/unitree_go/msg/detail/motor_states__type_support.h\n'}
[77.029206] (unitree_go) StdoutLine: {'line': b'-- Installing: /ws/install/unitree_go/include/unitree_go/unitree_go/msg/detail/wireless_controller__functions.h\n'}
[77.029294] (unitree_go) StdoutLine: {'line': b'-- Installing: /ws/install/unitree_go/include/unitree_go/unitree_go/msg/detail/lidar_state__functions.h\n'}
[77.029685] (unitree_go) StdoutLine: {'line': b'-- Installing: /ws/install/unitree_go/include/unitree_go/unitree_go/msg/detail/uwb_state__type_support.h\n'}
[77.029777] (unitree_go) StdoutLine: {'line': b'-- Installing: /ws/install/unitree_go/include/unitree_go/unitree_go/msg/detail/bms_state__functions.c\n'}
[77.029877] (unitree_go) StdoutLine: {'line': b'-- Installing: /ws/install/unitree_go/include/unitree_go/unitree_go/msg/detail/res__functions.h\n'}
[77.030074] (unitree_go) StdoutLine: {'line': b'-- Installing: /ws/install/unitree_go/include/unitree_go/unitree_go/msg/detail/wireless_controller__struct.h\n'}
[77.030228] (unitree_go) StdoutLine: {'line': b'-- Installing: /ws/install/unitree_go/include/unitree_go/unitree_go/msg/detail/sport_mode_state__type_support.h\n'}
[77.030330] (unitree_go) StdoutLine: {'line': b'-- Installing: /ws/install/unitree_go/include/unitree_go/unitree_go/msg/detail/motor_cmds__functions.h\n'}
[77.030447] (unitree_go) StdoutLine: {'line': b'-- Installing: /ws/install/unitree_go/include/unitree_go/unitree_go/msg/detail/uwb_state__functions.c\n'}
[77.030526] (unitree_go) StdoutLine: {'line': b'-- Installing: /ws/install/unitree_go/include/unitree_go/unitree_go/msg/detail/audio_data__struct.h\n'}
[77.030605] (unitree_go) StdoutLine: {'line': b'-- Installing: /ws/install/unitree_go/include/unitree_go/unitree_go/msg/detail/uwb_switch__struct.h\n'}
[77.030682] (unitree_go) StdoutLine: {'line': b'-- Installing: /ws/install/unitree_go/include/unitree_go/unitree_go/msg/detail/motor_state__functions.c\n'}
[77.030755] (unitree_go) StdoutLine: {'line': b'-- Installing: /ws/install/unitree_go/include/unitree_go/unitree_go/msg/detail/req__functions.h\n'}
[77.030825] (unitree_go) StdoutLine: {'line': b'-- Installing: /ws/install/unitree_go/include/unitree_go/unitree_go/msg/detail/interface_config__struct.h\n'}
[77.030890] (unitree_go) StdoutLine: {'line': b'-- Installing: /ws/install/unitree_go/include/unitree_go/unitree_go/msg/detail/interface_config__functions.c\n'}
[77.030962] (unitree_go) StdoutLine: {'line': b'-- Installing: /ws/install/unitree_go/include/unitree_go/unitree_go/msg/detail/lidar_state__functions.c\n'}
[77.031034] (unitree_go) StdoutLine: {'line': b'-- Installing: /ws/install/unitree_go/include/unitree_go/unitree_go/msg/detail/go2_front_video_data__functions.h\n'}
[77.031117] (unitree_go) StdoutLine: {'line': b'-- Installing: /ws/install/unitree_go/include/unitree_go/unitree_go/msg/detail/error__type_support.h\n'}
[77.031209] (unitree_go) StdoutLine: {'line': b'-- Installing: /ws/install/unitree_go/include/unitree_go/unitree_go/msg/detail/low_cmd__functions.c\n'}
[77.031290] (unitree_go) StdoutLine: {'line': b'-- Installing: /ws/install/unitree_go/include/unitree_go/unitree_go/msg/detail/sport_mode_cmd__struct.h\n'}
[77.031383] (unitree_go) StdoutLine: {'line': b'-- Installing: /ws/install/unitree_go/include/unitree_go/unitree_go/msg/detail/go2_front_video_data__functions.c\n'}
[77.031460] (unitree_go) StdoutLine: {'line': b'-- Installing: /ws/install/unitree_go/include/unitree_go/unitree_go/msg/detail/audio_data__type_support.h\n'}
[77.031531] (unitree_go) StdoutLine: {'line': b'-- Installing: /ws/install/unitree_go/include/unitree_go/unitree_go/msg/detail/time_spec__functions.h\n'}
[77.031601] (unitree_go) StdoutLine: {'line': b'-- Installing: /ws/install/unitree_go/include/unitree_go/unitree_go/msg/detail/motor_cmd__type_support.h\n'}
[77.031670] (unitree_go) StdoutLine: {'line': b'-- Installing: /ws/install/unitree_go/include/unitree_go/unitree_go/msg/detail/imu_state__struct.h\n'}
[77.031738] (unitree_go) StdoutLine: {'line': b'-- Installing: /ws/install/unitree_go/include/unitree_go/unitree_go/msg/detail/uwb_switch__functions.c\n'}
[77.031809] (unitree_go) StdoutLine: {'line': b'-- Installing: /ws/install/unitree_go/include/unitree_go/unitree_go/msg/detail/motor_cmd__functions.h\n'}
[77.031879] (unitree_go) StdoutLine: {'line': b'-- Installing: /ws/install/unitree_go/include/unitree_go/unitree_go/msg/detail/motor_cmds__struct.h\n'}
[77.031945] (unitree_go) StdoutLine: {'line': b'-- Installing: /ws/install/unitree_go/include/unitree_go/unitree_go/msg/detail/path_point__functions.c\n'}
[77.032013] (unitree_go) StdoutLine: {'line': b'-- Installing: /ws/install/unitree_go/include/unitree_go/unitree_go/msg/detail/wireless_controller__type_support.h\n'}
[77.032083] (unitree_go) StdoutLine: {'line': b'-- Installing: /ws/install/unitree_go/include/unitree_go/unitree_go/msg/detail/motor_state__type_support.h\n'}
[77.032151] (unitree_go) StdoutLine: {'line': b'-- Installing: /ws/install/unitree_go/include/unitree_go/unitree_go/msg/detail/sport_mode_cmd__type_support.h\n'}
[77.032259] (unitree_go) StdoutLine: {'line': b'-- Installing: /ws/install/unitree_go/include/unitree_go/unitree_go/msg/detail/height_map__functions.h\n'}
[77.032456] (unitree_go) StdoutLine: {'line': b'-- Installing: /ws/install/unitree_go/include/unitree_go/unitree_go/msg/detail/lidar_state__type_support.h\n'}
[77.032589] (unitree_go) StdoutLine: {'line': b'-- Installing: /ws/install/unitree_go/include/unitree_go/unitree_go/msg/detail/bms_state__type_support.h\n'}
[77.032681] (unitree_go) StdoutLine: {'line': b'-- Installing: /ws/install/unitree_go/include/unitree_go/unitree_go/msg/detail/sport_mode_state__functions.c\n'}
[77.032793] (unitree_go) StdoutLine: {'line': b'-- Installing: /ws/install/unitree_go/include/unitree_go/unitree_go/msg/detail/height_map__struct.h\n'}
[77.032917] (unitree_go) StdoutLine: {'line': b'-- Installing: /ws/install/unitree_go/include/unitree_go/unitree_go/msg/detail/motor_states__struct.h\n'}
[77.033019] (unitree_go) StdoutLine: {'line': b'-- Installing: /ws/install/unitree_go/share/unitree_go/environment/library_path.sh\n'}
[77.033128] (unitree_go) StdoutLine: {'line': b'-- Installing: /ws/install/unitree_go/share/unitree_go/environment/library_path.dsv\n'}
[77.033244] (unitree_go) StdoutLine: {'line': b'-- Installing: /ws/install/unitree_go/lib/libunitree_go__rosidl_generator_c.so\n'}
[77.033337] (unitree_go) StdoutLine: {'line': b'-- Set runtime path of "/ws/install/unitree_go/lib/libunitree_go__rosidl_generator_c.so" to ""\n'}
[77.033467] (unitree_go) StdoutLine: {'line': b'-- Up-to-date: /ws/install/unitree_go/include/unitree_go/unitree_go\n'}
[77.033563] (unitree_go) StdoutLine: {'line': b'-- Up-to-date: /ws/install/unitree_go/include/unitree_go/unitree_go/msg\n'}
[77.033694] (unitree_go) StdoutLine: {'line': b'-- Installing: /ws/install/unitree_go/include/unitree_go/unitree_go/msg/rosidl_typesupport_fastrtps_c__visibility_control.h\n'}
[77.033784] (unitree_go) StdoutLine: {'line': b'-- Up-to-date: /ws/install/unitree_go/include/unitree_go/unitree_go/msg/detail\n'}
[77.033932] (unitree_go) StdoutLine: {'line': b'-- Installing: /ws/install/unitree_go/include/unitree_go/unitree_go/msg/detail/motor_state__rosidl_typesupport_fastrtps_c.h\n'}
[77.034025] (unitree_go) StdoutLine: {'line': b'-- Installing: /ws/install/unitree_go/include/unitree_go/unitree_go/msg/detail/low_state__rosidl_typesupport_fastrtps_c.h\n'}
[77.034145] (unitree_go) StdoutLine: {'line': b'-- Installing: /ws/install/unitree_go/include/unitree_go/unitree_go/msg/detail/audio_data__rosidl_typesupport_fastrtps_c.h\n'}
[77.034229] (unitree_go) StdoutLine: {'line': b'-- Installing: /ws/install/unitree_go/include/unitree_go/unitree_go/msg/detail/bms_cmd__rosidl_typesupport_fastrtps_c.h\n'}
[77.034356] (unitree_go) StdoutLine: {'line': b'-- Installing: /ws/install/unitree_go/include/unitree_go/unitree_go/msg/detail/sport_mode_cmd__rosidl_typesupport_fastrtps_c.h\n'}
[77.034440] (unitree_go) StdoutLine: {'line': b'-- Installing: /ws/install/unitree_go/include/unitree_go/unitree_go/msg/detail/res__rosidl_typesupport_fastrtps_c.h\n'}
[77.034547] (unitree_go) StdoutLine: {'line': b'-- Installing: /ws/install/unitree_go/include/unitree_go/unitree_go/msg/detail/wireless_controller__rosidl_typesupport_fastrtps_c.h\n'}
[77.034621] (unitree_go) StdoutLine: {'line': b'-- Installing: /ws/install/unitree_go/include/unitree_go/unitree_go/msg/detail/height_map__rosidl_typesupport_fastrtps_c.h\n'}
[77.034739] (unitree_go) StdoutLine: {'line': b'-- Installing: /ws/install/unitree_go/include/unitree_go/unitree_go/msg/detail/motor_cmd__rosidl_typesupport_fastrtps_c.h\n'}
[77.034835] (unitree_go) StdoutLine: {'line': b'-- Installing: /ws/install/unitree_go/include/unitree_go/unitree_go/msg/detail/time_spec__rosidl_typesupport_fastrtps_c.h\n'}
[77.034965] (unitree_go) StdoutLine: {'line': b'-- Installing: /ws/install/unitree_go/include/unitree_go/unitree_go/msg/detail/req__rosidl_typesupport_fastrtps_c.h\n'}
[77.035061] (unitree_go) StdoutLine: {'line': b'-- Installing: /ws/install/unitree_go/include/unitree_go/unitree_go/msg/detail/uwb_switch__rosidl_typesupport_fastrtps_c.h\n'}
[77.035228] (unitree_go) StdoutLine: {'line': b'-- Installing: /ws/install/unitree_go/include/unitree_go/unitree_go/msg/detail/low_cmd__rosidl_typesupport_fastrtps_c.h\n'}
[77.035351] (unitree_go) StdoutLine: {'line': b'-- Installing: /ws/install/unitree_go/include/unitree_go/unitree_go/msg/detail/path_point__rosidl_typesupport_fastrtps_c.h\n'}
[77.035446] (unitree_go) StdoutLine: {'line': b'-- Installing: /ws/install/unitree_go/include/unitree_go/unitree_go/msg/detail/motor_cmds__rosidl_typesupport_fastrtps_c.h\n'}
[77.035526] (unitree_go) StdoutLine: {'line': b'-- Installing: /ws/install/unitree_go/include/unitree_go/unitree_go/msg/detail/bms_state__rosidl_typesupport_fastrtps_c.h\n'}
[77.035626] (unitree_go) StdoutLine: {'line': b'-- Installing: /ws/install/unitree_go/include/unitree_go/unitree_go/msg/detail/imu_state__rosidl_typesupport_fastrtps_c.h\n'}
[77.035716] (unitree_go) StdoutLine: {'line': b'-- Installing: /ws/install/unitree_go/include/unitree_go/unitree_go/msg/detail/error__rosidl_typesupport_fastrtps_c.h\n'}
[77.035799] (unitree_go) StdoutLine: {'line': b'-- Installing: /ws/install/unitree_go/include/unitree_go/unitree_go/msg/detail/lidar_state__rosidl_typesupport_fastrtps_c.h\n'}
[77.035870] (unitree_go) StdoutLine: {'line': b'-- Installing: /ws/install/unitree_go/include/unitree_go/unitree_go/msg/detail/sport_mode_state__rosidl_typesupport_fastrtps_c.h\n'}
[77.035948] (unitree_go) StdoutLine: {'line': b'-- Installing: /ws/install/unitree_go/include/unitree_go/unitree_go/msg/detail/motor_states__rosidl_typesupport_fastrtps_c.h\n'}
[77.036027] (unitree_go) StdoutLine: {'line': b'-- Installing: /ws/install/unitree_go/include/unitree_go/unitree_go/msg/detail/interface_config__rosidl_typesupport_fastrtps_c.h\n'}
[77.036277] (unitree_go) StdoutLine: {'line': b'-- Installing: /ws/install/unitree_go/include/unitree_go/unitree_go/msg/detail/uwb_state__rosidl_typesupport_fastrtps_c.h\n'}
[77.036495] (unitree_go) StdoutLine: {'line': b'-- Installing: /ws/install/unitree_go/include/unitree_go/unitree_go/msg/detail/go2_front_video_data__rosidl_typesupport_fastrtps_c.h\n'}
[77.036680] (unitree_go) StdoutLine: {'line': b'-- Installing: /ws/install/unitree_go/lib/libunitree_go__rosidl_typesupport_fastrtps_c.so\n'}
[77.036829] (unitree_go) StdoutLine: {'line': b'-- Set runtime path of "/ws/install/unitree_go/lib/libunitree_go__rosidl_typesupport_fastrtps_c.so" to ""\n'}
[77.036947] (unitree_go) StdoutLine: {'line': b'-- Up-to-date: /ws/install/unitree_go/include/unitree_go/unitree_go\n'}
[77.037077] (unitree_go) StdoutLine: {'line': b'-- Up-to-date: /ws/install/unitree_go/include/unitree_go/unitree_go/msg\n'}
[77.037209] (unitree_go) StdoutLine: {'line': b'-- Installing: /ws/install/unitree_go/include/unitree_go/unitree_go/msg/rosidl_generator_cpp__visibility_control.hpp\n'}
[77.037358] (unitree_go) StdoutLine: {'line': b'-- Installing: /ws/install/unitree_go/include/unitree_go/unitree_go/msg/imu_state.hpp\n'}
[77.037458] (unitree_go) StdoutLine: {'line': b'-- Installing: /ws/install/unitree_go/include/unitree_go/unitree_go/msg/motor_cmd.hpp\n'}
[77.037593] (unitree_go) StdoutLine: {'line': b'-- Installing: /ws/install/unitree_go/include/unitree_go/unitree_go/msg/motor_cmds.hpp\n'}
[77.037686] (unitree_go) StdoutLine: {'line': b'-- Installing: /ws/install/unitree_go/include/unitree_go/unitree_go/msg/uwb_state.hpp\n'}
[77.037796] (unitree_go) StdoutLine: {'line': b'-- Installing: /ws/install/unitree_go/include/unitree_go/unitree_go/msg/audio_data.hpp\n'}
[77.037900] (unitree_go) StdoutLine: {'line': b'-- Installing: /ws/install/unitree_go/include/unitree_go/unitree_go/msg/sport_mode_cmd.hpp\n'}
[77.037974] (unitree_go) StdoutLine: {'line': b'-- Installing: /ws/install/unitree_go/include/unitree_go/unitree_go/msg/time_spec.hpp\n'}
[77.038098] (unitree_go) StdoutLine: {'line': b'-- Installing: /ws/install/unitree_go/include/unitree_go/unitree_go/msg/motor_state.hpp\n'}
[77.038216] (unitree_go) StdoutLine: {'line': b'-- Installing: /ws/install/unitree_go/include/unitree_go/unitree_go/msg/bms_cmd.hpp\n'}
[77.038323] (unitree_go) StdoutLine: {'line': b'-- Installing: /ws/install/unitree_go/include/unitree_go/unitree_go/msg/req.hpp\n'}
[77.038473] (unitree_go) StdoutLine: {'line': b'-- Installing: /ws/install/unitree_go/include/unitree_go/unitree_go/msg/uwb_switch.hpp\n'}
[77.038601] (unitree_go) StdoutLine: {'line': b'-- Installing: /ws/install/unitree_go/include/unitree_go/unitree_go/msg/interface_config.hpp\n'}
[77.038740] (unitree_go) StdoutLine: {'line': b'-- Installing: /ws/install/unitree_go/include/unitree_go/unitree_go/msg/sport_mode_state.hpp\n'}
[77.038897] (unitree_go) StdoutLine: {'line': b'-- Installing: /ws/install/unitree_go/include/unitree_go/unitree_go/msg/go2_front_video_data.hpp\n'}
[77.039062] (unitree_go) StdoutLine: {'line': b'-- Installing: /ws/install/unitree_go/include/unitree_go/unitree_go/msg/low_cmd.hpp\n'}
[77.039229] (unitree_go) StdoutLine: {'line': b'-- Installing: /ws/install/unitree_go/include/unitree_go/unitree_go/msg/res.hpp\n'}
[77.039424] (unitree_go) StdoutLine: {'line': b'-- Installing: /ws/install/unitree_go/include/unitree_go/unitree_go/msg/low_state.hpp\n'}
[77.039591] (unitree_go) StdoutLine: {'line': b'-- Installing: /ws/install/unitree_go/include/unitree_go/unitree_go/msg/error.hpp\n'}
[77.039755] (unitree_go) StdoutLine: {'line': b'-- Installing: /ws/install/unitree_go/include/unitree_go/unitree_go/msg/wireless_controller.hpp\n'}
[77.040057] (unitree_go) StdoutLine: {'line': b'-- Installing: /ws/install/unitree_go/include/unitree_go/unitree_go/msg/lidar_state.hpp\n'}
[77.040242] (unitree_go) StdoutLine: {'line': b'-- Installing: /ws/install/unitree_go/include/unitree_go/unitree_go/msg/path_point.hpp\n'}
[77.040491] (unitree_go) StdoutLine: {'line': b'-- Installing: /ws/install/unitree_go/include/unitree_go/unitree_go/msg/bms_state.hpp\n'}
[77.040622] (unitree_go) StdoutLine: {'line': b'-- Installing: /ws/install/unitree_go/include/unitree_go/unitree_go/msg/height_map.hpp\n'}
[77.040755] (unitree_go) StdoutLine: {'line': b'-- Up-to-date: /ws/install/unitree_go/include/unitree_go/unitree_go/msg/detail\n'}
[77.040911] (unitree_go) StdoutLine: {'line': b'-- Installing: /ws/install/unitree_go/include/unitree_go/unitree_go/msg/detail/imu_state__type_support.hpp\n'}
[77.041109] (unitree_go) StdoutLine: {'line': b'-- Installing: /ws/install/unitree_go/include/unitree_go/unitree_go/msg/detail/bms_state__traits.hpp\n'}
[77.041311] (unitree_go) StdoutLine: {'line': b'-- Installing: /ws/install/unitree_go/include/unitree_go/unitree_go/msg/detail/sport_mode_state__traits.hpp\n'}
[77.041516] (unitree_go) StdoutLine: {'line': b'-- Installing: /ws/install/unitree_go/include/unitree_go/unitree_go/msg/detail/uwb_switch__struct.hpp\n'}
[77.041694] (unitree_go) StdoutLine: {'line': b'-- Installing: /ws/install/unitree_go/include/unitree_go/unitree_go/msg/detail/motor_states__traits.hpp\n'}
[77.041874] (unitree_go) StdoutLine: {'line': b'-- Installing: /ws/install/unitree_go/include/unitree_go/unitree_go/msg/detail/lidar_state__traits.hpp\n'}
[77.042069] (unitree_go) StdoutLine: {'line': b'-- Installing: /ws/install/unitree_go/include/unitree_go/unitree_go/msg/detail/go2_front_video_data__traits.hpp\n'}
[77.042255] (unitree_go) StdoutLine: {'line': b'-- Installing: /ws/install/unitree_go/include/unitree_go/unitree_go/msg/detail/bms_cmd__struct.hpp\n'}
[77.042455] (unitree_go) StdoutLine: {'line': b'-- Installing: /ws/install/unitree_go/include/unitree_go/unitree_go/msg/detail/height_map__type_support.hpp\n'}
[77.042633] (unitree_go) StdoutLine: {'line': b'-- Installing: /ws/install/unitree_go/include/unitree_go/unitree_go/msg/detail/sport_mode_cmd__builder.hpp\n'}
[77.042811] (unitree_go) StdoutLine: {'line': b'-- Installing: /ws/install/unitree_go/include/unitree_go/unitree_go/msg/detail/req__traits.hpp\n'}
[77.042985] (unitree_go) StdoutLine: {'line': b'-- Installing: /ws/install/unitree_go/include/unitree_go/unitree_go/msg/detail/uwb_switch__builder.hpp\n'}
[77.043153] (unitree_go) StdoutLine: {'line': b'-- Installing: /ws/install/unitree_go/include/unitree_go/unitree_go/msg/detail/sport_mode_cmd__traits.hpp\n'}
[77.043377] (unitree_go) StdoutLine: {'line': b'-- Installing: /ws/install/unitree_go/include/unitree_go/unitree_go/msg/detail/lidar_state__struct.hpp\n'}
[77.043573] (unitree_go) StdoutLine: {'line': b'-- Installing: /ws/install/unitree_go/include/unitree_go/unitree_go/msg/detail/motor_state__traits.hpp\n'}
[77.043755] (unitree_go) StdoutLine: {'line': b'-- Installing: /ws/install/unitree_go/include/unitree_go/unitree_go/msg/detail/req__builder.hpp\n'}
[77.043933] (unitree_go) StdoutLine: {'line': b'-- Installing: /ws/install/unitree_go/include/unitree_go/unitree_go/msg/detail/bms_cmd__traits.hpp\n'}
[77.044106] (unitree_go) StdoutLine: {'line': b'-- Installing: /ws/install/unitree_go/include/unitree_go/unitree_go/msg/detail/imu_state__builder.hpp\n'}
[77.044276] (unitree_go) StdoutLine: {'line': b'-- Installing: /ws/install/unitree_go/include/unitree_go/unitree_go/msg/detail/path_point__traits.hpp\n'}
[77.044484] (unitree_go) StdoutLine: {'line': b'-- Installing: /ws/install/unitree_go/include/unitree_go/unitree_go/msg/detail/res__builder.hpp\n'}
[77.044667] (unitree_go) StdoutLine: {'line': b'-- Installing: /ws/install/unitree_go/include/unitree_go/unitree_go/msg/detail/bms_state__type_support.hpp\n'}
[77.044851] (unitree_go) StdoutLine: {'line': b'-- Installing: /ws/install/unitree_go/include/unitree_go/unitree_go/msg/detail/uwb_switch__type_support.hpp\n'}
[77.045028] (unitree_go) StdoutLine: {'line': b'-- Installing: /ws/install/unitree_go/include/unitree_go/unitree_go/msg/detail/height_map__struct.hpp\n'}
[77.045220] (unitree_go) StdoutLine: {'line': b'-- Installing: /ws/install/unitree_go/include/unitree_go/unitree_go/msg/detail/bms_state__builder.hpp\n'}
[77.045405] (unitree_go) StdoutLine: {'line': b'-- Installing: /ws/install/unitree_go/include/unitree_go/unitree_go/msg/detail/motor_states__type_support.hpp\n'}
[77.045592] (unitree_go) StdoutLine: {'line': b'-- Installing: /ws/install/unitree_go/include/unitree_go/unitree_go/msg/detail/sport_mode_state__type_support.hpp\n'}
[77.045759] (unitree_go) StdoutLine: {'line': b'-- Installing: /ws/install/unitree_go/include/unitree_go/unitree_go/msg/detail/imu_state__traits.hpp\n'}
[77.045945] (unitree_go) StdoutLine: {'line': b'-- Installing: /ws/install/unitree_go/include/unitree_go/unitree_go/msg/detail/path_point__struct.hpp\n'}
[77.046134] (unitree_go) StdoutLine: {'line': b'-- Installing: /ws/install/unitree_go/include/unitree_go/unitree_go/msg/detail/sport_mode_state__struct.hpp\n'}
[77.046346] (unitree_go) StdoutLine: {'line': b'-- Installing: /ws/install/unitree_go/include/unitree_go/unitree_go/msg/detail/audio_data__type_support.hpp\n'}
[77.046519] (unitree_go) StdoutLine: {'line': b'-- Installing: /ws/install/unitree_go/include/unitree_go/unitree_go/msg/detail/bms_cmd__type_support.hpp\n'}
[77.046693] (unitree_go) StdoutLine: {'line': b'-- Installing: /ws/install/unitree_go/include/unitree_go/unitree_go/msg/detail/go2_front_video_data__type_support.hpp\n'}
[77.046866] (unitree_go) StdoutLine: {'line': b'-- Installing: /ws/install/unitree_go/include/unitree_go/unitree_go/msg/detail/res__struct.hpp\n'}
[77.047053] (unitree_go) StdoutLine: {'line': b'-- Installing: /ws/install/unitree_go/include/unitree_go/unitree_go/msg/detail/lidar_state__type_support.hpp\n'}
[77.047228] (unitree_go) StdoutLine: {'line': b'-- Installing: /ws/install/unitree_go/include/unitree_go/unitree_go/msg/detail/interface_config__struct.hpp\n'}
[77.047431] (unitree_go) StdoutLine: {'line': b'-- Installing: /ws/install/unitree_go/include/unitree_go/unitree_go/msg/detail/error__builder.hpp\n'}
[77.047610] (unitree_go) StdoutLine: {'line': b'-- Installing: /ws/install/unitree_go/include/unitree_go/unitree_go/msg/detail/motor_cmds__type_support.hpp\n'}
[77.047787] (unitree_go) StdoutLine: {'line': b'-- Installing: /ws/install/unitree_go/include/unitree_go/unitree_go/msg/detail/bms_cmd__builder.hpp\n'}
[77.047959] (unitree_go) StdoutLine: {'line': b'-- Installing: /ws/install/unitree_go/include/unitree_go/unitree_go/msg/detail/time_spec__traits.hpp\n'}
[77.048140] (unitree_go) StdoutLine: {'line': b'-- Installing: /ws/install/unitree_go/include/unitree_go/unitree_go/msg/detail/time_spec__builder.hpp\n'}
[77.048335] (unitree_go) StdoutLine: {'line': b'-- Installing: /ws/install/unitree_go/include/unitree_go/unitree_go/msg/detail/low_cmd__builder.hpp\n'}
[77.048592] (unitree_go) StdoutLine: {'line': b'-- Installing: /ws/install/unitree_go/include/unitree_go/unitree_go/msg/detail/wireless_controller__builder.hpp\n'}
[77.048797] (unitree_go) StdoutLine: {'line': b'-- Installing: /ws/install/unitree_go/include/unitree_go/unitree_go/msg/detail/motor_cmds__builder.hpp\n'}
[77.048994] (unitree_go) StdoutLine: {'line': b'-- Installing: /ws/install/unitree_go/include/unitree_go/unitree_go/msg/detail/bms_state__struct.hpp\n'}
[77.049190] (unitree_go) StdoutLine: {'line': b'-- Installing: /ws/install/unitree_go/include/unitree_go/unitree_go/msg/detail/motor_states__builder.hpp\n'}
[77.049413] (unitree_go) StdoutLine: {'line': b'-- Installing: /ws/install/unitree_go/include/unitree_go/unitree_go/msg/detail/low_state__builder.hpp\n'}
[77.049630] (unitree_go) StdoutLine: {'line': b'-- Installing: /ws/install/unitree_go/include/unitree_go/unitree_go/msg/detail/time_spec__type_support.hpp\n'}
[77.049818] (unitree_go) StdoutLine: {'line': b'-- Installing: /ws/install/unitree_go/include/unitree_go/unitree_go/msg/detail/req__struct.hpp\n'}
[77.050029] (unitree_go) StdoutLine: {'line': b'-- Installing: /ws/install/unitree_go/include/unitree_go/unitree_go/msg/detail/wireless_controller__type_support.hpp\n'}
[77.050215] (unitree_go) StdoutLine: {'line': b'-- Installing: /ws/install/unitree_go/include/unitree_go/unitree_go/msg/detail/lidar_state__builder.hpp\n'}
[77.050416] (unitree_go) StdoutLine: {'line': b'-- Installing: /ws/install/unitree_go/include/unitree_go/unitree_go/msg/detail/motor_cmd__traits.hpp\n'}
[77.050616] (unitree_go) StdoutLine: {'line': b'-- Installing: /ws/install/unitree_go/include/unitree_go/unitree_go/msg/detail/path_point__builder.hpp\n'}
[77.050796] (unitree_go) StdoutLine: {'line': b'-- Installing: /ws/install/unitree_go/include/unitree_go/unitree_go/msg/detail/error__traits.hpp\n'}
[77.050971] (unitree_go) StdoutLine: {'line': b'-- Installing: /ws/install/unitree_go/include/unitree_go/unitree_go/msg/detail/audio_data__traits.hpp\n'}
[77.051151] (unitree_go) StdoutLine: {'line': b'-- Installing: /ws/install/unitree_go/include/unitree_go/unitree_go/msg/detail/imu_state__struct.hpp\n'}
[77.051376] (unitree_go) StdoutLine: {'line': b'-- Installing: /ws/install/unitree_go/include/unitree_go/unitree_go/msg/detail/sport_mode_cmd__type_support.hpp\n'}
[77.051557] (unitree_go) StdoutLine: {'line': b'-- Installing: /ws/install/unitree_go/include/unitree_go/unitree_go/msg/detail/motor_state__struct.hpp\n'}
[77.051743] (unitree_go) StdoutLine: {'line': b'-- Installing: /ws/install/unitree_go/include/unitree_go/unitree_go/msg/detail/error__struct.hpp\n'}
[77.051927] (unitree_go) StdoutLine: {'line': b'-- Installing: /ws/install/unitree_go/include/unitree_go/unitree_go/msg/detail/motor_state__builder.hpp\n'}
[77.052136] (unitree_go) StdoutLine: {'line': b'-- Installing: /ws/install/unitree_go/include/unitree_go/unitree_go/msg/detail/low_cmd__type_support.hpp\n'}
[77.052339] (unitree_go) StdoutLine: {'line': b'-- Installing: /ws/install/unitree_go/include/unitree_go/unitree_go/msg/detail/go2_front_video_data__builder.hpp\n'}
[77.052576] (unitree_go) StdoutLine: {'line': b'-- Installing: /ws/install/unitree_go/include/unitree_go/unitree_go/msg/detail/low_cmd__struct.hpp\n'}
[77.052764] (unitree_go) StdoutLine: {'line': b'-- Installing: /ws/install/unitree_go/include/unitree_go/unitree_go/msg/detail/error__type_support.hpp\n'}
[77.052935] (unitree_go) StdoutLine: {'line': b'-- Installing: /ws/install/unitree_go/include/unitree_go/unitree_go/msg/detail/uwb_state__struct.hpp\n'}
[77.053130] (unitree_go) StdoutLine: {'line': b'-- Installing: /ws/install/unitree_go/include/unitree_go/unitree_go/msg/detail/uwb_state__builder.hpp\n'}
[77.053332] (unitree_go) StdoutLine: {'line': b'-- Installing: /ws/install/unitree_go/include/unitree_go/unitree_go/msg/detail/low_cmd__traits.hpp\n'}
[77.053525] (unitree_go) StdoutLine: {'line': b'-- Installing: /ws/install/unitree_go/include/unitree_go/unitree_go/msg/detail/low_state__struct.hpp\n'}
[77.053723] (unitree_go) StdoutLine: {'line': b'-- Installing: /ws/install/unitree_go/include/unitree_go/unitree_go/msg/detail/go2_front_video_data__struct.hpp\n'}
[77.053905] (unitree_go) StdoutLine: {'line': b'-- Installing: /ws/install/unitree_go/include/unitree_go/unitree_go/msg/detail/sport_mode_cmd__struct.hpp\n'}
[77.054094] (unitree_go) StdoutLine: {'line': b'-- Installing: /ws/install/unitree_go/include/unitree_go/unitree_go/msg/detail/motor_cmd__builder.hpp\n'}
[77.054269] (unitree_go) StdoutLine: {'line': b'-- Installing: /ws/install/unitree_go/include/unitree_go/unitree_go/msg/detail/interface_config__type_support.hpp\n'}
[77.054470] (unitree_go) StdoutLine: {'line': b'-- Installing: /ws/install/unitree_go/include/unitree_go/unitree_go/msg/detail/motor_cmds__struct.hpp\n'}
[77.054831] (unitree_go) StdoutLine: {'line': b'-- Installing: /ws/install/unitree_go/include/unitree_go/unitree_go/msg/detail/height_map__builder.hpp\n'}
[77.055174] (unitree_go) StdoutLine: {'line': b'-- Installing: /ws/install/unitree_go/include/unitree_go/unitree_go/msg/detail/sport_mode_state__builder.hpp\n'}
[77.055384] (unitree_go) StdoutLine: {'line': b'-- Installing: /ws/install/unitree_go/include/unitree_go/unitree_go/msg/detail/time_spec__struct.hpp\n'}
[77.055519] (unitree_go) StdoutLine: {'line': b'-- Installing: /ws/install/unitree_go/include/unitree_go/unitree_go/msg/detail/motor_cmd__struct.hpp\n'}
[77.055607] (unitree_go) StdoutLine: {'line': b'-- Installing: /ws/install/unitree_go/include/unitree_go/unitree_go/msg/detail/low_state__type_support.hpp\n'}
[77.055743] (unitree_go) StdoutLine: {'line': b'-- Installing: /ws/install/unitree_go/include/unitree_go/unitree_go/msg/detail/interface_config__builder.hpp\n'}
[77.055872] (unitree_go) StdoutLine: {'line': b'-- Installing: /ws/install/unitree_go/include/unitree_go/unitree_go/msg/detail/motor_states__struct.hpp\n'}
[77.056023] (unitree_go) StdoutLine: {'line': b'-- Installing: /ws/install/unitree_go/include/unitree_go/unitree_go/msg/detail/height_map__traits.hpp\n'}
[77.056209] (unitree_go) StdoutLine: {'line': b'-- Installing: /ws/install/unitree_go/include/unitree_go/unitree_go/msg/detail/motor_cmds__traits.hpp\n'}
[77.056399] (unitree_go) StdoutLine: {'line': b'-- Installing: /ws/install/unitree_go/include/unitree_go/unitree_go/msg/detail/motor_state__type_support.hpp\n'}
[77.056568] (unitree_go) StdoutLine: {'line': b'-- Installing: /ws/install/unitree_go/include/unitree_go/unitree_go/msg/detail/req__type_support.hpp\n'}
[77.056735] (unitree_go) StdoutLine: {'line': b'-- Installing: /ws/install/unitree_go/include/unitree_go/unitree_go/msg/detail/wireless_controller__struct.hpp\n'}
[77.056919] (unitree_go) StdoutLine: {'line': b'-- Installing: /ws/install/unitree_go/include/unitree_go/unitree_go/msg/detail/low_state__traits.hpp\n'}
[77.057113] (unitree_go) StdoutLine: {'line': b'-- Installing: /ws/install/unitree_go/include/unitree_go/unitree_go/msg/detail/uwb_switch__traits.hpp\n'}
[77.057295] (unitree_go) StdoutLine: {'line': b'-- Installing: /ws/install/unitree_go/include/unitree_go/unitree_go/msg/detail/uwb_state__traits.hpp\n'}
[77.057519] (unitree_go) StdoutLine: {'line': b'-- Installing: /ws/install/unitree_go/include/unitree_go/unitree_go/msg/detail/motor_cmd__type_support.hpp\n'}
[77.057714] (unitree_go) StdoutLine: {'line': b'-- Installing: /ws/install/unitree_go/include/unitree_go/unitree_go/msg/detail/res__traits.hpp\n'}
[77.057914] (unitree_go) StdoutLine: {'line': b'-- Installing: /ws/install/unitree_go/include/unitree_go/unitree_go/msg/detail/wireless_controller__traits.hpp\n'}
[77.058098] (unitree_go) StdoutLine: {'line': b'-- Installing: /ws/install/unitree_go/include/unitree_go/unitree_go/msg/detail/audio_data__builder.hpp\n'}
[77.058294] (unitree_go) StdoutLine: {'line': b'-- Installing: /ws/install/unitree_go/include/unitree_go/unitree_go/msg/detail/interface_config__traits.hpp\n'}
[77.058522] (unitree_go) StdoutLine: {'line': b'-- Installing: /ws/install/unitree_go/include/unitree_go/unitree_go/msg/detail/audio_data__struct.hpp\n'}
[77.058710] (unitree_go) StdoutLine: {'line': b'-- Installing: /ws/install/unitree_go/include/unitree_go/unitree_go/msg/detail/uwb_state__type_support.hpp\n'}
[77.058892] (unitree_go) StdoutLine: {'line': b'-- Installing: /ws/install/unitree_go/include/unitree_go/unitree_go/msg/detail/res__type_support.hpp\n'}
[77.059075] (unitree_go) StdoutLine: {'line': b'-- Installing: /ws/install/unitree_go/include/unitree_go/unitree_go/msg/detail/path_point__type_support.hpp\n'}
[77.059281] (unitree_go) StdoutLine: {'line': b'-- Installing: /ws/install/unitree_go/include/unitree_go/unitree_go/msg/motor_states.hpp\n'}
[77.059593] (unitree_go) StdoutLine: {'line': b'-- Up-to-date: /ws/install/unitree_go/include/unitree_go/unitree_go\n'}
[77.059744] (unitree_go) StdoutLine: {'line': b'-- Up-to-date: /ws/install/unitree_go/include/unitree_go/unitree_go/msg\n'}
[77.059834] (unitree_go) StdoutLine: {'line': b'-- Installing: /ws/install/unitree_go/include/unitree_go/unitree_go/msg/rosidl_typesupport_fastrtps_cpp__visibility_control.h\n'}
[77.059957] (unitree_go) StdoutLine: {'line': b'-- Up-to-date: /ws/install/unitree_go/include/unitree_go/unitree_go/msg/detail\n'}
[77.060090] (unitree_go) StdoutLine: {'line': b'-- Installing: /ws/install/unitree_go/include/unitree_go/unitree_go/msg/detail/wireless_controller__rosidl_typesupport_fastrtps_cpp.hpp\n'}
[77.060220] (unitree_go) StdoutLine: {'line': b'-- Installing: /ws/install/unitree_go/include/unitree_go/unitree_go/msg/detail/interface_config__rosidl_typesupport_fastrtps_cpp.hpp\n'}
[77.060442] (unitree_go) StdoutLine: {'line': b'-- Installing: /ws/install/unitree_go/include/unitree_go/unitree_go/msg/detail/uwb_state__rosidl_typesupport_fastrtps_cpp.hpp\n'}
[77.060621] (unitree_go) StdoutLine: {'line': b'-- Installing: /ws/install/unitree_go/include/unitree_go/unitree_go/msg/detail/sport_mode_state__rosidl_typesupport_fastrtps_cpp.hpp\n'}
[77.060864] (unitree_go) StdoutLine: {'line': b'-- Installing: /ws/install/unitree_go/include/unitree_go/unitree_go/msg/detail/bms_state__rosidl_typesupport_fastrtps_cpp.hpp\n'}
[77.061038] (unitree_go) StdoutLine: {'line': b'-- Installing: /ws/install/unitree_go/include/unitree_go/unitree_go/msg/detail/low_state__rosidl_typesupport_fastrtps_cpp.hpp\n'}
[77.061211] (unitree_go) StdoutLine: {'line': b'-- Installing: /ws/install/unitree_go/include/unitree_go/unitree_go/msg/detail/motor_cmd__rosidl_typesupport_fastrtps_cpp.hpp\n'}
[77.061412] (unitree_go) StdoutLine: {'line': b'-- Installing: /ws/install/unitree_go/include/unitree_go/unitree_go/msg/detail/lidar_state__rosidl_typesupport_fastrtps_cpp.hpp\n'}
[77.061583] (unitree_go) StdoutLine: {'line': b'-- Installing: /ws/install/unitree_go/include/unitree_go/unitree_go/msg/detail/motor_states__rosidl_typesupport_fastrtps_cpp.hpp\n'}
[77.061752] (unitree_go) StdoutLine: {'line': b'-- Installing: /ws/install/unitree_go/include/unitree_go/unitree_go/msg/detail/motor_cmds__rosidl_typesupport_fastrtps_cpp.hpp\n'}
[77.061925] (unitree_go) StdoutLine: {'line': b'-- Installing: /ws/install/unitree_go/include/unitree_go/unitree_go/msg/detail/sport_mode_cmd__rosidl_typesupport_fastrtps_cpp.hpp\n'}
[77.062093] (unitree_go) StdoutLine: {'line': b'-- Installing: /ws/install/unitree_go/include/unitree_go/unitree_go/msg/detail/time_spec__rosidl_typesupport_fastrtps_cpp.hpp\n'}
[77.062269] (unitree_go) StdoutLine: {'line': b'-- Installing: /ws/install/unitree_go/include/unitree_go/unitree_go/msg/detail/motor_state__rosidl_typesupport_fastrtps_cpp.hpp\n'}
[77.062475] (unitree_go) StdoutLine: {'line': b'-- Installing: /ws/install/unitree_go/include/unitree_go/unitree_go/msg/detail/path_point__rosidl_typesupport_fastrtps_cpp.hpp\n'}
[77.062648] (unitree_go) StdoutLine: {'line': b'-- Installing: /ws/install/unitree_go/include/unitree_go/unitree_go/msg/detail/req__rosidl_typesupport_fastrtps_cpp.hpp\n'}
[77.062827] (unitree_go) StdoutLine: {'line': b'-- Installing: /ws/install/unitree_go/include/unitree_go/unitree_go/msg/detail/dds_fastrtps\n'}
[77.063021] (unitree_go) StdoutLine: {'line': b'-- Installing: /ws/install/unitree_go/include/unitree_go/unitree_go/msg/detail/res__rosidl_typesupport_fastrtps_cpp.hpp\n'}
[77.063220] (unitree_go) StdoutLine: {'line': b'-- Installing: /ws/install/unitree_go/include/unitree_go/unitree_go/msg/detail/imu_state__rosidl_typesupport_fastrtps_cpp.hpp\n'}
[77.063409] (unitree_go) StdoutLine: {'line': b'-- Installing: /ws/install/unitree_go/include/unitree_go/unitree_go/msg/detail/bms_cmd__rosidl_typesupport_fastrtps_cpp.hpp\n'}
[77.063585] (unitree_go) StdoutLine: {'line': b'-- Installing: /ws/install/unitree_go/include/unitree_go/unitree_go/msg/detail/uwb_switch__rosidl_typesupport_fastrtps_cpp.hpp\n'}
[77.063762] (unitree_go) StdoutLine: {'line': b'-- Installing: /ws/install/unitree_go/include/unitree_go/unitree_go/msg/detail/height_map__rosidl_typesupport_fastrtps_cpp.hpp\n'}
[77.063990] (unitree_go) StdoutLine: {'line': b'-- Installing: /ws/install/unitree_go/include/unitree_go/unitree_go/msg/detail/error__rosidl_typesupport_fastrtps_cpp.hpp\n'}
[77.064156] (unitree_go) StdoutLine: {'line': b'-- Installing: /ws/install/unitree_go/include/unitree_go/unitree_go/msg/detail/low_cmd__rosidl_typesupport_fastrtps_cpp.hpp\n'}
[77.064369] (unitree_go) StdoutLine: {'line': b'-- Installing: /ws/install/unitree_go/include/unitree_go/unitree_go/msg/detail/go2_front_video_data__rosidl_typesupport_fastrtps_cpp.hpp\n'}
[77.064559] (unitree_go) StdoutLine: {'line': b'-- Installing: /ws/install/unitree_go/include/unitree_go/unitree_go/msg/detail/audio_data__rosidl_typesupport_fastrtps_cpp.hpp\n'}
[77.064915] (unitree_go) StdoutLine: {'line': b'-- Installing: /ws/install/unitree_go/lib/libunitree_go__rosidl_typesupport_fastrtps_cpp.so\n'}
[77.066534] (unitree_go) StdoutLine: {'line': b'-- Set runtime path of "/ws/install/unitree_go/lib/libunitree_go__rosidl_typesupport_fastrtps_cpp.so" to ""\n'}
[77.066759] (unitree_go) StdoutLine: {'line': b'-- Up-to-date: /ws/install/unitree_go/include/unitree_go/unitree_go\n'}
[77.066868] (unitree_go) StdoutLine: {'line': b'-- Up-to-date: /ws/install/unitree_go/include/unitree_go/unitree_go/msg\n'}
[77.066965] (unitree_go) StdoutLine: {'line': b'-- Installing: /ws/install/unitree_go/include/unitree_go/unitree_go/msg/rosidl_typesupport_introspection_c__visibility_control.h\n'}
[77.067101] (unitree_go) StdoutLine: {'line': b'-- Up-to-date: /ws/install/unitree_go/include/unitree_go/unitree_go/msg/detail\n'}
[77.067192] (unitree_go) StdoutLine: {'line': b'-- Installing: /ws/install/unitree_go/include/unitree_go/unitree_go/msg/detail/uwb_state__rosidl_typesupport_introspection_c.h\n'}
[77.067338] (unitree_go) StdoutLine: {'line': b'-- Installing: /ws/install/unitree_go/include/unitree_go/unitree_go/msg/detail/motor_states__type_support.c\n'}
[77.067552] (unitree_go) StdoutLine: {'line': b'-- Installing: /ws/install/unitree_go/include/unitree_go/unitree_go/msg/detail/time_spec__type_support.c\n'}
[77.067737] (unitree_go) StdoutLine: {'line': b'-- Installing: /ws/install/unitree_go/include/unitree_go/unitree_go/msg/detail/audio_data__type_support.c\n'}
[77.067926] (unitree_go) StdoutLine: {'line': b'-- Installing: /ws/install/unitree_go/include/unitree_go/unitree_go/msg/detail/path_point__type_support.c\n'}
[77.068118] (unitree_go) StdoutLine: {'line': b'-- Installing: /ws/install/unitree_go/include/unitree_go/unitree_go/msg/detail/bms_cmd__rosidl_typesupport_introspection_c.h\n'}
[77.068314] (unitree_go) StdoutLine: {'line': b'-- Installing: /ws/install/unitree_go/include/unitree_go/unitree_go/msg/detail/height_map__rosidl_typesupport_introspection_c.h\n'}
[77.068502] (unitree_go) StdoutLine: {'line': b'-- Installing: /ws/install/unitree_go/include/unitree_go/unitree_go/msg/detail/sport_mode_state__type_support.c\n'}
[77.068728] (unitree_go) StdoutLine: {'line': b'-- Installing: /ws/install/unitree_go/include/unitree_go/unitree_go/msg/detail/motor_states__rosidl_typesupport_introspection_c.h\n'}
[77.068907] (unitree_go) StdoutLine: {'line': b'-- Installing: /ws/install/unitree_go/include/unitree_go/unitree_go/msg/detail/motor_cmds__type_support.c\n'}
[77.069130] (unitree_go) StdoutLine: {'line': b'-- Installing: /ws/install/unitree_go/include/unitree_go/unitree_go/msg/detail/imu_state__type_support.c\n'}
[77.069349] (unitree_go) StdoutLine: {'line': b'-- Installing: /ws/install/unitree_go/include/unitree_go/unitree_go/msg/detail/motor_cmds__rosidl_typesupport_introspection_c.h\n'}
[77.069535] (unitree_go) StdoutLine: {'line': b'-- Installing: /ws/install/unitree_go/include/unitree_go/unitree_go/msg/detail/wireless_controller__rosidl_typesupport_introspection_c.h\n'}
[77.069712] (unitree_go) StdoutLine: {'line': b'-- Installing: /ws/install/unitree_go/include/unitree_go/unitree_go/msg/detail/imu_state__rosidl_typesupport_introspection_c.h\n'}
[77.069881] (unitree_go) StdoutLine: {'line': b'-- Installing: /ws/install/unitree_go/include/unitree_go/unitree_go/msg/detail/height_map__type_support.c\n'}
[77.070077] (unitree_go) StdoutLine: {'line': b'-- Installing: /ws/install/unitree_go/include/unitree_go/unitree_go/msg/detail/wireless_controller__type_support.c\n'}
[77.070407] (unitree_go) StdoutLine: {'line': b'-- Installing: /ws/install/unitree_go/include/unitree_go/unitree_go/msg/detail/res__rosidl_typesupport_introspection_c.h\n'}
[77.070603] (unitree_go) StdoutLine: {'line': b'-- Installing: /ws/install/unitree_go/include/unitree_go/unitree_go/msg/detail/uwb_switch__type_support.c\n'}
[77.071555] (unitree_go) StdoutLine: {'line': b'-- Installing: /ws/install/unitree_go/include/unitree_go/unitree_go/msg/detail/time_spec__rosidl_typesupport_introspection_c.h\n'}
[77.071788] (unitree_go) StdoutLine: {'line': b'-- Installing: /ws/install/unitree_go/include/unitree_go/unitree_go/msg/detail/go2_front_video_data__rosidl_typesupport_introspection_c.h\n'}
[77.071980] (unitree_go) StdoutLine: {'line': b'-- Installing: /ws/install/unitree_go/include/unitree_go/unitree_go/msg/detail/lidar_state__rosidl_typesupport_introspection_c.h\n'}
[77.072167] (unitree_go) StdoutLine: {'line': b'-- Installing: /ws/install/unitree_go/include/unitree_go/unitree_go/msg/detail/error__rosidl_typesupport_introspection_c.h\n'}
[77.072362] (unitree_go) StdoutLine: {'line': b'-- Installing: /ws/install/unitree_go/include/unitree_go/unitree_go/msg/detail/lidar_state__type_support.c\n'}
[77.072583] (unitree_go) StdoutLine: {'line': b'-- Installing: /ws/install/unitree_go/include/unitree_go/unitree_go/msg/detail/interface_config__rosidl_typesupport_introspection_c.h\n'}
[77.072784] (unitree_go) StdoutLine: {'line': b'-- Installing: /ws/install/unitree_go/include/unitree_go/unitree_go/msg/detail/low_cmd__rosidl_typesupport_introspection_c.h\n'}
[77.072968] (unitree_go) StdoutLine: {'line': b'-- Installing: /ws/install/unitree_go/include/unitree_go/unitree_go/msg/detail/req__rosidl_typesupport_introspection_c.h\n'}
[77.073142] (unitree_go) StdoutLine: {'line': b'-- Installing: /ws/install/unitree_go/include/unitree_go/unitree_go/msg/detail/low_state__type_support.c\n'}
[77.073403] (unitree_go) StdoutLine: {'line': b'-- Installing: /ws/install/unitree_go/include/unitree_go/unitree_go/msg/detail/sport_mode_cmd__type_support.c\n'}
[77.073643] (unitree_go) StdoutLine: {'line': b'-- Installing: /ws/install/unitree_go/include/unitree_go/unitree_go/msg/detail/bms_state__rosidl_typesupport_introspection_c.h\n'}
[77.073819] (unitree_go) StdoutLine: {'line': b'-- Installing: /ws/install/unitree_go/include/unitree_go/unitree_go/msg/detail/motor_cmd__type_support.c\n'}
[77.074014] (unitree_go) StdoutLine: {'line': b'-- Installing: /ws/install/unitree_go/include/unitree_go/unitree_go/msg/detail/sport_mode_state__rosidl_typesupport_introspection_c.h\n'}
[77.074194] (unitree_go) StdoutLine: {'line': b'-- Installing: /ws/install/unitree_go/include/unitree_go/unitree_go/msg/detail/path_point__rosidl_typesupport_introspection_c.h\n'}
[77.074392] (unitree_go) StdoutLine: {'line': b'-- Installing: /ws/install/unitree_go/include/unitree_go/unitree_go/msg/detail/low_cmd__type_support.c\n'}
[77.074659] (unitree_go) StdoutLine: {'line': b'-- Installing: /ws/install/unitree_go/include/unitree_go/unitree_go/msg/detail/res__type_support.c\n'}
[77.074873] (unitree_go) StdoutLine: {'line': b'-- Installing: /ws/install/unitree_go/include/unitree_go/unitree_go/msg/detail/bms_state__type_support.c\n'}
[77.075104] (unitree_go) StdoutLine: {'line': b'-- Installing: /ws/install/unitree_go/include/unitree_go/unitree_go/msg/detail/motor_state__type_support.c\n'}
[77.075353] (unitree_go) StdoutLine: {'line': b'-- Installing: /ws/install/unitree_go/include/unitree_go/unitree_go/msg/detail/audio_data__rosidl_typesupport_introspection_c.h\n'}
[77.075569] (unitree_go) StdoutLine: {'line': b'-- Installing: /ws/install/unitree_go/include/unitree_go/unitree_go/msg/detail/bms_cmd__type_support.c\n'}
[77.075791] (unitree_go) StdoutLine: {'line': b'-- Installing: /ws/install/unitree_go/include/unitree_go/unitree_go/msg/detail/motor_state__rosidl_typesupport_introspection_c.h\n'}
[77.076004] (unitree_go) StdoutLine: {'line': b'-- Installing: /ws/install/unitree_go/include/unitree_go/unitree_go/msg/detail/motor_cmd__rosidl_typesupport_introspection_c.h\n'}
[77.076212] (unitree_go) StdoutLine: {'line': b'-- Installing: /ws/install/unitree_go/include/unitree_go/unitree_go/msg/detail/interface_config__type_support.c\n'}
[77.076465] (unitree_go) StdoutLine: {'line': b'-- Installing: /ws/install/unitree_go/include/unitree_go/unitree_go/msg/detail/uwb_switch__rosidl_typesupport_introspection_c.h\n'}
[77.076689] (unitree_go) StdoutLine: {'line': b'-- Installing: /ws/install/unitree_go/include/unitree_go/unitree_go/msg/detail/low_state__rosidl_typesupport_introspection_c.h\n'}
[77.076897] (unitree_go) StdoutLine: {'line': b'-- Installing: /ws/install/unitree_go/include/unitree_go/unitree_go/msg/detail/uwb_state__type_support.c\n'}
[77.077152] (unitree_go) StdoutLine: {'line': b'-- Installing: /ws/install/unitree_go/include/unitree_go/unitree_go/msg/detail/error__type_support.c\n'}
[77.077372] (unitree_go) StdoutLine: {'line': b'-- Installing: /ws/install/unitree_go/include/unitree_go/unitree_go/msg/detail/sport_mode_cmd__rosidl_typesupport_introspection_c.h\n'}
[77.077587] (unitree_go) StdoutLine: {'line': b'-- Installing: /ws/install/unitree_go/include/unitree_go/unitree_go/msg/detail/go2_front_video_data__type_support.c\n'}
[77.077802] (unitree_go) StdoutLine: {'line': b'-- Installing: /ws/install/unitree_go/include/unitree_go/unitree_go/msg/detail/req__type_support.c\n'}
[77.078195] (unitree_go) StdoutLine: {'line': b'-- Installing: /ws/install/unitree_go/lib/libunitree_go__rosidl_typesupport_introspection_c.so\n'}
[77.079432] (unitree_go) StdoutLine: {'line': b'-- Set runtime path of "/ws/install/unitree_go/lib/libunitree_go__rosidl_typesupport_introspection_c.so" to ""\n'}
[77.079667] (unitree_go) StdoutLine: {'line': b'-- Installing: /ws/install/unitree_go/lib/libunitree_go__rosidl_typesupport_c.so\n'}
[77.080366] (unitree_go) StdoutLine: {'line': b'-- Set runtime path of "/ws/install/unitree_go/lib/libunitree_go__rosidl_typesupport_c.so" to ""\n'}
[77.080604] (unitree_go) StdoutLine: {'line': b'-- Up-to-date: /ws/install/unitree_go/include/unitree_go/unitree_go\n'}
[77.080751] (unitree_go) StdoutLine: {'line': b'-- Up-to-date: /ws/install/unitree_go/include/unitree_go/unitree_go/msg\n'}
[77.080933] (unitree_go) StdoutLine: {'line': b'-- Up-to-date: /ws/install/unitree_go/include/unitree_go/unitree_go/msg/detail\n'}
[77.081051] (unitree_go) StdoutLine: {'line': b'-- Installing: /ws/install/unitree_go/include/unitree_go/unitree_go/msg/detail/low_state__type_support.cpp\n'}
[77.081177] (unitree_go) StdoutLine: {'line': b'-- Installing: /ws/install/unitree_go/include/unitree_go/unitree_go/msg/detail/audio_data__rosidl_typesupport_introspection_cpp.hpp\n'}
[77.081328] (unitree_go) StdoutLine: {'line': b'-- Installing: /ws/install/unitree_go/include/unitree_go/unitree_go/msg/detail/error__type_support.cpp\n'}
[77.081496] (unitree_go) StdoutLine: {'line': b'-- Installing: /ws/install/unitree_go/include/unitree_go/unitree_go/msg/detail/motor_cmds__rosidl_typesupport_introspection_cpp.hpp\n'}
[77.081707] (unitree_go) StdoutLine: {'line': b'-- Installing: /ws/install/unitree_go/include/unitree_go/unitree_go/msg/detail/lidar_state__type_support.cpp\n'}
[77.081935] (unitree_go) StdoutLine: {'line': b'-- Installing: /ws/install/unitree_go/include/unitree_go/unitree_go/msg/detail/interface_config__type_support.cpp\n'}
[77.082153] (unitree_go) StdoutLine: {'line': b'-- Installing: /ws/install/unitree_go/include/unitree_go/unitree_go/msg/detail/uwb_state__type_support.cpp\n'}
[77.082442] (unitree_go) StdoutLine: {'line': b'-- Installing: /ws/install/unitree_go/include/unitree_go/unitree_go/msg/detail/time_spec__type_support.cpp\n'}
[77.082665] (unitree_go) StdoutLine: {'line': b'-- Installing: /ws/install/unitree_go/include/unitree_go/unitree_go/msg/detail/bms_state__rosidl_typesupport_introspection_cpp.hpp\n'}
[77.082881] (unitree_go) StdoutLine: {'line': b'-- Installing: /ws/install/unitree_go/include/unitree_go/unitree_go/msg/detail/wireless_controller__rosidl_typesupport_introspection_cpp.hpp\n'}
[77.083107] (unitree_go) StdoutLine: {'line': b'-- Installing: /ws/install/unitree_go/include/unitree_go/unitree_go/msg/detail/uwb_state__rosidl_typesupport_introspection_cpp.hpp\n'}
[77.083287] (unitree_go) StdoutLine: {'line': b'-- Installing: /ws/install/unitree_go/include/unitree_go/unitree_go/msg/detail/motor_cmd__type_support.cpp\n'}
[77.083508] (unitree_go) StdoutLine: {'line': b'-- Installing: /ws/install/unitree_go/include/unitree_go/unitree_go/msg/detail/bms_state__type_support.cpp\n'}
[77.083711] (unitree_go) StdoutLine: {'line': b'-- Installing: /ws/install/unitree_go/include/unitree_go/unitree_go/msg/detail/height_map__rosidl_typesupport_introspection_cpp.hpp\n'}
[77.083896] (unitree_go) StdoutLine: {'line': b'-- Installing: /ws/install/unitree_go/include/unitree_go/unitree_go/msg/detail/res__type_support.cpp\n'}
[77.084073] (unitree_go) StdoutLine: {'line': b'-- Installing: /ws/install/unitree_go/include/unitree_go/unitree_go/msg/detail/req__type_support.cpp\n'}
[77.084255] (unitree_go) StdoutLine: {'line': b'-- Installing: /ws/install/unitree_go/include/unitree_go/unitree_go/msg/detail/bms_cmd__rosidl_typesupport_introspection_cpp.hpp\n'}
[77.084453] (unitree_go) StdoutLine: {'line': b'-- Installing: /ws/install/unitree_go/include/unitree_go/unitree_go/msg/detail/error__rosidl_typesupport_introspection_cpp.hpp\n'}
[77.084631] (unitree_go) StdoutLine: {'line': b'-- Installing: /ws/install/unitree_go/include/unitree_go/unitree_go/msg/detail/bms_cmd__type_support.cpp\n'}
[77.084813] (unitree_go) StdoutLine: {'line': b'-- Installing: /ws/install/unitree_go/include/unitree_go/unitree_go/msg/detail/time_spec__rosidl_typesupport_introspection_cpp.hpp\n'}
[77.085009] (unitree_go) StdoutLine: {'line': b'-- Installing: /ws/install/unitree_go/include/unitree_go/unitree_go/msg/detail/motor_states__rosidl_typesupport_introspection_cpp.hpp\n'}
[77.085190] (unitree_go) StdoutLine: {'line': b'-- Installing: /ws/install/unitree_go/include/unitree_go/unitree_go/msg/detail/interface_config__rosidl_typesupport_introspection_cpp.hpp\n'}
[77.085395] (unitree_go) StdoutLine: {'line': b'-- Installing: /ws/install/unitree_go/include/unitree_go/unitree_go/msg/detail/motor_states__type_support.cpp\n'}
[77.085589] (unitree_go) StdoutLine: {'line': b'-- Installing: /ws/install/unitree_go/include/unitree_go/unitree_go/msg/detail/uwb_switch__rosidl_typesupport_introspection_cpp.hpp\n'}
[77.085797] (unitree_go) StdoutLine: {'line': b'-- Installing: /ws/install/unitree_go/include/unitree_go/unitree_go/msg/detail/path_point__rosidl_typesupport_introspection_cpp.hpp\n'}
[77.086009] (unitree_go) StdoutLine: {'line': b'-- Installing: /ws/install/unitree_go/include/unitree_go/unitree_go/msg/detail/lidar_state__rosidl_typesupport_introspection_cpp.hpp\n'}
[77.086230] (unitree_go) StdoutLine: {'line': b'-- Installing: /ws/install/unitree_go/include/unitree_go/unitree_go/msg/detail/low_state__rosidl_typesupport_introspection_cpp.hpp\n'}
[77.086468] (unitree_go) StdoutLine: {'line': b'-- Installing: /ws/install/unitree_go/include/unitree_go/unitree_go/msg/detail/uwb_switch__type_support.cpp\n'}
[77.086682] (unitree_go) StdoutLine: {'line': b'-- Installing: /ws/install/unitree_go/include/unitree_go/unitree_go/msg/detail/low_cmd__type_support.cpp\n'}
[77.086937] (unitree_go) StdoutLine: {'line': b'-- Installing: /ws/install/unitree_go/include/unitree_go/unitree_go/msg/detail/height_map__type_support.cpp\n'}
[77.087164] (unitree_go) StdoutLine: {'line': b'-- Installing: /ws/install/unitree_go/include/unitree_go/unitree_go/msg/detail/go2_front_video_data__type_support.cpp\n'}
[77.087398] (unitree_go) StdoutLine: {'line': b'-- Installing: /ws/install/unitree_go/include/unitree_go/unitree_go/msg/detail/sport_mode_state__type_support.cpp\n'}
[77.087653] (unitree_go) StdoutLine: {'line': b'-- Installing: /ws/install/unitree_go/include/unitree_go/unitree_go/msg/detail/audio_data__type_support.cpp\n'}
[77.087873] (unitree_go) StdoutLine: {'line': b'-- Installing: /ws/install/unitree_go/include/unitree_go/unitree_go/msg/detail/motor_cmds__type_support.cpp\n'}
[77.088092] (unitree_go) StdoutLine: {'line': b'-- Installing: /ws/install/unitree_go/include/unitree_go/unitree_go/msg/detail/imu_state__type_support.cpp\n'}
[77.088311] (unitree_go) StdoutLine: {'line': b'-- Installing: /ws/install/unitree_go/include/unitree_go/unitree_go/msg/detail/sport_mode_cmd__rosidl_typesupport_introspection_cpp.hpp\n'}
[77.088572] (unitree_go) StdoutLine: {'line': b'-- Installing: /ws/install/unitree_go/include/unitree_go/unitree_go/msg/detail/req__rosidl_typesupport_introspection_cpp.hpp\n'}
[77.088775] (unitree_go) StdoutLine: {'line': b'-- Installing: /ws/install/unitree_go/include/unitree_go/unitree_go/msg/detail/motor_state__rosidl_typesupport_introspection_cpp.hpp\n'}
[77.088985] (unitree_go) StdoutLine: {'line': b'-- Installing: /ws/install/unitree_go/include/unitree_go/unitree_go/msg/detail/res__rosidl_typesupport_introspection_cpp.hpp\n'}
[77.089189] (unitree_go) StdoutLine: {'line': b'-- Installing: /ws/install/unitree_go/include/unitree_go/unitree_go/msg/detail/sport_mode_cmd__type_support.cpp\n'}
[77.089446] (unitree_go) StdoutLine: {'line': b'-- Installing: /ws/install/unitree_go/include/unitree_go/unitree_go/msg/detail/motor_cmd__rosidl_typesupport_introspection_cpp.hpp\n'}
[77.089659] (unitree_go) StdoutLine: {'line': b'-- Installing: /ws/install/unitree_go/include/unitree_go/unitree_go/msg/detail/motor_state__type_support.cpp\n'}
[77.089886] (unitree_go) StdoutLine: {'line': b'-- Installing: /ws/install/unitree_go/include/unitree_go/unitree_go/msg/detail/low_cmd__rosidl_typesupport_introspection_cpp.hpp\n'}
[77.090093] (unitree_go) StdoutLine: {'line': b'-- Installing: /ws/install/unitree_go/include/unitree_go/unitree_go/msg/detail/sport_mode_state__rosidl_typesupport_introspection_cpp.hpp\n'}
[77.090291] (unitree_go) StdoutLine: {'line': b'-- Installing: /ws/install/unitree_go/include/unitree_go/unitree_go/msg/detail/go2_front_video_data__rosidl_typesupport_introspection_cpp.hpp\n'}
[77.090533] (unitree_go) StdoutLine: {'line': b'-- Installing: /ws/install/unitree_go/include/unitree_go/unitree_go/msg/detail/wireless_controller__type_support.cpp\n'}
[77.090759] (unitree_go) StdoutLine: {'line': b'-- Installing: /ws/install/unitree_go/include/unitree_go/unitree_go/msg/detail/path_point__type_support.cpp\n'}
[77.090967] (unitree_go) StdoutLine: {'line': b'-- Installing: /ws/install/unitree_go/include/unitree_go/unitree_go/msg/detail/imu_state__rosidl_typesupport_introspection_cpp.hpp\n'}
[77.091335] (unitree_go) StdoutLine: {'line': b'-- Installing: /ws/install/unitree_go/lib/libunitree_go__rosidl_typesupport_introspection_cpp.so\n'}
[77.092026] (-) TimerEvent: {}
[77.093411] (unitree_go) StdoutLine: {'line': b'-- Set runtime path of "/ws/install/unitree_go/lib/libunitree_go__rosidl_typesupport_introspection_cpp.so" to ""\n'}
[77.094116] (unitree_go) StdoutLine: {'line': b'-- Installing: /ws/install/unitree_go/lib/libunitree_go__rosidl_typesupport_cpp.so\n'}
[77.094447] (unitree_go) StdoutLine: {'line': b'-- Set runtime path of "/ws/install/unitree_go/lib/libunitree_go__rosidl_typesupport_cpp.so" to ""\n'}
[77.094747] (unitree_go) StdoutLine: {'line': b'-- Installing: /ws/install/unitree_go/share/unitree_go/environment/pythonpath.sh\n'}
[77.094955] (unitree_go) StdoutLine: {'line': b'-- Installing: /ws/install/unitree_go/share/unitree_go/environment/pythonpath.dsv\n'}
[77.095197] (unitree_go) StdoutLine: {'line': b'-- Installing: /ws/install/unitree_go/local/lib/python3.10/dist-packages/unitree_go-0.0.0-py3.10.egg-info\n'}
[77.095543] (unitree_go) StdoutLine: {'line': b'-- Installing: /ws/install/unitree_go/local/lib/python3.10/dist-packages/unitree_go-0.0.0-py3.10.egg-info/dependency_links.txt\n'}
[77.095760] (unitree_go) StdoutLine: {'line': b'-- Installing: /ws/install/unitree_go/local/lib/python3.10/dist-packages/unitree_go-0.0.0-py3.10.egg-info/top_level.txt\n'}
[77.095927] (unitree_go) StdoutLine: {'line': b'-- Installing: /ws/install/unitree_go/local/lib/python3.10/dist-packages/unitree_go-0.0.0-py3.10.egg-info/SOURCES.txt\n'}
[77.096105] (unitree_go) StdoutLine: {'line': b'-- Installing: /ws/install/unitree_go/local/lib/python3.10/dist-packages/unitree_go-0.0.0-py3.10.egg-info/PKG-INFO\n'}
[77.096417] (unitree_go) StdoutLine: {'line': b'-- Installing: /ws/install/unitree_go/local/lib/python3.10/dist-packages/unitree_go\n'}
[77.096622] (unitree_go) StdoutLine: {'line': b'-- Installing: /ws/install/unitree_go/local/lib/python3.10/dist-packages/unitree_go/unitree_go_s__rosidl_typesupport_fastrtps_c.cpython-310-aarch64-linux-gnu.so\n'}
[77.096908] (unitree_go) StdoutLine: {'line': b'-- Installing: /ws/install/unitree_go/local/lib/python3.10/dist-packages/unitree_go/unitree_go_s__rosidl_typesupport_introspection_c.cpython-310-aarch64-linux-gnu.so\n'}
[77.097231] (unitree_go) StdoutLine: {'line': b'-- Installing: /ws/install/unitree_go/local/lib/python3.10/dist-packages/unitree_go/_unitree_go_s.ep.rosidl_typesupport_c.c\n'}
[77.097644] (unitree_go) StdoutLine: {'line': b'-- Installing: /ws/install/unitree_go/local/lib/python3.10/dist-packages/unitree_go/msg\n'}
[77.098191] (unitree_go) StdoutLine: {'line': b'-- Installing: /ws/install/unitree_go/local/lib/python3.10/dist-packages/unitree_go/msg/_error_s.c\n'}
[77.098636] (unitree_go) StdoutLine: {'line': b'-- Installing: /ws/install/unitree_go/local/lib/python3.10/dist-packages/unitree_go/msg/_motor_cmds.py\n'}
[77.098878] (unitree_go) StdoutLine: {'line': b'-- Installing: /ws/install/unitree_go/local/lib/python3.10/dist-packages/unitree_go/msg/_go2_front_video_data_s.c\n'}
[77.098986] (unitree_go) StdoutLine: {'line': b'-- Installing: /ws/install/unitree_go/local/lib/python3.10/dist-packages/unitree_go/msg/_motor_cmd_s.c\n'}
[77.099861] (unitree_go) StdoutLine: {'line': b'-- Installing: /ws/install/unitree_go/local/lib/python3.10/dist-packages/unitree_go/msg/_bms_cmd.py\n'}
[77.100379] (unitree_go) StdoutLine: {'line': b'-- Installing: /ws/install/unitree_go/local/lib/python3.10/dist-packages/unitree_go/msg/_path_point.py\n'}
[77.100758] (unitree_go) StdoutLine: {'line': b'-- Installing: /ws/install/unitree_go/local/lib/python3.10/dist-packages/unitree_go/msg/_go2_front_video_data.py\n'}
[77.101143] (unitree_go) StdoutLine: {'line': b'-- Installing: /ws/install/unitree_go/local/lib/python3.10/dist-packages/unitree_go/msg/_low_cmd.py\n'}
[77.102619] (unitree_go) StdoutLine: {'line': b'-- Installing: /ws/install/unitree_go/local/lib/python3.10/dist-packages/unitree_go/msg/_res_s.c\n'}
[77.102718] (unitree_go) StdoutLine: {'line': b'-- Installing: /ws/install/unitree_go/local/lib/python3.10/dist-packages/unitree_go/msg/_interface_config_s.c\n'}
[77.102795] (unitree_go) StdoutLine: {'line': b'-- Installing: /ws/install/unitree_go/local/lib/python3.10/dist-packages/unitree_go/msg/_motor_states_s.c\n'}
[77.102866] (unitree_go) StdoutLine: {'line': b'-- Installing: /ws/install/unitree_go/local/lib/python3.10/dist-packages/unitree_go/msg/_imu_state_s.c\n'}
[77.102939] (unitree_go) StdoutLine: {'line': b'-- Installing: /ws/install/unitree_go/local/lib/python3.10/dist-packages/unitree_go/msg/_error.py\n'}
[77.103031] (unitree_go) StdoutLine: {'line': b'-- Installing: /ws/install/unitree_go/local/lib/python3.10/dist-packages/unitree_go/msg/_height_map.py\n'}
[77.103105] (unitree_go) StdoutLine: {'line': b'-- Installing: /ws/install/unitree_go/local/lib/python3.10/dist-packages/unitree_go/msg/_res.py\n'}
[77.103175] (unitree_go) StdoutLine: {'line': b'-- Installing: /ws/install/unitree_go/local/lib/python3.10/dist-packages/unitree_go/msg/_interface_config.py\n'}
[77.103242] (unitree_go) StdoutLine: {'line': b'-- Installing: /ws/install/unitree_go/local/lib/python3.10/dist-packages/unitree_go/msg/_low_state.py\n'}
[77.103459] (unitree_go) StdoutLine: {'line': b'-- Installing: /ws/install/unitree_go/local/lib/python3.10/dist-packages/unitree_go/msg/_motor_cmds_s.c\n'}
[77.103579] (unitree_go) StdoutLine: {'line': b'-- Installing: /ws/install/unitree_go/local/lib/python3.10/dist-packages/unitree_go/msg/_wireless_controller.py\n'}
[77.104199] (unitree_go) StdoutLine: {'line': b'-- Installing: /ws/install/unitree_go/local/lib/python3.10/dist-packages/unitree_go/msg/_imu_state.py\n'}
[77.104421] (unitree_go) StdoutLine: {'line': b'-- Installing: /ws/install/unitree_go/local/lib/python3.10/dist-packages/unitree_go/msg/_uwb_state.py\n'}
[77.104809] (unitree_go) StdoutLine: {'line': b'-- Installing: /ws/install/unitree_go/local/lib/python3.10/dist-packages/unitree_go/msg/_sport_mode_cmd_s.c\n'}
[77.104953] (unitree_go) StdoutLine: {'line': b'-- Installing: /ws/install/unitree_go/local/lib/python3.10/dist-packages/unitree_go/msg/_uwb_state_s.c\n'}
[77.105046] (unitree_go) StdoutLine: {'line': b'-- Installing: /ws/install/unitree_go/local/lib/python3.10/dist-packages/unitree_go/msg/_sport_mode_state.py\n'}
[77.105409] (unitree_go) StdoutLine: {'line': b'-- Installing: /ws/install/unitree_go/local/lib/python3.10/dist-packages/unitree_go/msg/_path_point_s.c\n'}
[77.106071] (unitree_go) StdoutLine: {'line': b'-- Installing: /ws/install/unitree_go/local/lib/python3.10/dist-packages/unitree_go/msg/_time_spec.py\n'}
[77.106232] (unitree_go) StdoutLine: {'line': b'-- Installing: /ws/install/unitree_go/local/lib/python3.10/dist-packages/unitree_go/msg/_bms_state_s.c\n'}
[77.106390] (unitree_go) StdoutLine: {'line': b'-- Installing: /ws/install/unitree_go/local/lib/python3.10/dist-packages/unitree_go/msg/_bms_cmd_s.c\n'}
[77.106823] (unitree_go) StdoutLine: {'line': b'-- Installing: /ws/install/unitree_go/local/lib/python3.10/dist-packages/unitree_go/msg/_lidar_state.py\n'}
[77.106911] (unitree_go) StdoutLine: {'line': b'-- Installing: /ws/install/unitree_go/local/lib/python3.10/dist-packages/unitree_go/msg/_time_spec_s.c\n'}
[77.106988] (unitree_go) StdoutLine: {'line': b'-- Installing: /ws/install/unitree_go/local/lib/python3.10/dist-packages/unitree_go/msg/_sport_mode_cmd.py\n'}
[77.107404] (unitree_go) StdoutLine: {'line': b'-- Installing: /ws/install/unitree_go/local/lib/python3.10/dist-packages/unitree_go/msg/_motor_state.py\n'}
[77.108071] (unitree_go) StdoutLine: {'line': b'-- Installing: /ws/install/unitree_go/local/lib/python3.10/dist-packages/unitree_go/msg/_motor_state_s.c\n'}
[77.108224] (unitree_go) StdoutLine: {'line': b'-- Installing: /ws/install/unitree_go/local/lib/python3.10/dist-packages/unitree_go/msg/__init__.py\n'}
[77.108345] (unitree_go) StdoutLine: {'line': b'-- Installing: /ws/install/unitree_go/local/lib/python3.10/dist-packages/unitree_go/msg/_uwb_switch_s.c\n'}
[77.108437] (unitree_go) StdoutLine: {'line': b'-- Installing: /ws/install/unitree_go/local/lib/python3.10/dist-packages/unitree_go/msg/_motor_cmd.py\n'}
[77.108659] (unitree_go) StdoutLine: {'line': b'-- Installing: /ws/install/unitree_go/local/lib/python3.10/dist-packages/unitree_go/msg/_audio_data_s.c\n'}
[77.109194] (unitree_go) StdoutLine: {'line': b'-- Installing: /ws/install/unitree_go/local/lib/python3.10/dist-packages/unitree_go/msg/_low_cmd_s.c\n'}
[77.109578] (unitree_go) StdoutLine: {'line': b'-- Installing: /ws/install/unitree_go/local/lib/python3.10/dist-packages/unitree_go/msg/_uwb_switch.py\n'}
[77.110240] (unitree_go) StdoutLine: {'line': b'-- Installing: /ws/install/unitree_go/local/lib/python3.10/dist-packages/unitree_go/msg/_audio_data.py\n'}
[77.110367] (unitree_go) StdoutLine: {'line': b'-- Installing: /ws/install/unitree_go/local/lib/python3.10/dist-packages/unitree_go/msg/_lidar_state_s.c\n'}
[77.110457] (unitree_go) StdoutLine: {'line': b'-- Installing: /ws/install/unitree_go/local/lib/python3.10/dist-packages/unitree_go/msg/_low_state_s.c\n'}
[77.110531] (unitree_go) StdoutLine: {'line': b'-- Installing: /ws/install/unitree_go/local/lib/python3.10/dist-packages/unitree_go/msg/_motor_states.py\n'}
[77.110604] (unitree_go) StdoutLine: {'line': b'-- Installing: /ws/install/unitree_go/local/lib/python3.10/dist-packages/unitree_go/msg/_req_s.c\n'}
[77.112210] (unitree_go) StdoutLine: {'line': b'-- Installing: /ws/install/unitree_go/local/lib/python3.10/dist-packages/unitree_go/msg/_wireless_controller_s.c\n'}
[77.112319] (unitree_go) StdoutLine: {'line': b'-- Installing: /ws/install/unitree_go/local/lib/python3.10/dist-packages/unitree_go/msg/_height_map_s.c\n'}
[77.112434] (unitree_go) StdoutLine: {'line': b'-- Installing: /ws/install/unitree_go/local/lib/python3.10/dist-packages/unitree_go/msg/_sport_mode_state_s.c\n'}
[77.112533] (unitree_go) StdoutLine: {'line': b'-- Installing: /ws/install/unitree_go/local/lib/python3.10/dist-packages/unitree_go/msg/_req.py\n'}
[77.112628] (unitree_go) StdoutLine: {'line': b'-- Installing: /ws/install/unitree_go/local/lib/python3.10/dist-packages/unitree_go/msg/_bms_state.py\n'}
[77.112729] (unitree_go) StdoutLine: {'line': b'-- Installing: /ws/install/unitree_go/local/lib/python3.10/dist-packages/unitree_go/__init__.py\n'}
[77.112831] (unitree_go) StdoutLine: {'line': b'-- Installing: /ws/install/unitree_go/local/lib/python3.10/dist-packages/unitree_go/unitree_go_s__rosidl_typesupport_c.cpython-310-aarch64-linux-gnu.so\n'}
[77.112946] (unitree_go) StdoutLine: {'line': b'-- Installing: /ws/install/unitree_go/local/lib/python3.10/dist-packages/unitree_go/libunitree_go__rosidl_generator_py.so\n'}
[77.113056] (unitree_go) StdoutLine: {'line': b'-- Installing: /ws/install/unitree_go/local/lib/python3.10/dist-packages/unitree_go/_unitree_go_s.ep.rosidl_typesupport_fastrtps_c.c\n'}
[77.113148] (unitree_go) StdoutLine: {'line': b'-- Installing: /ws/install/unitree_go/local/lib/python3.10/dist-packages/unitree_go/_unitree_go_s.ep.rosidl_typesupport_introspection_c.c\n'}
[77.192152] (-) TimerEvent: {}
[77.221881] (rmw_cyclonedds_cpp) StdoutLine: {'line': b'[ 33%] \x1b[32mBuilding CXX object CMakeFiles/rmw_cyclonedds_cpp.dir/src/exception.cpp.o\x1b[0m\n'}
[77.228364] (unitree_go) StdoutLine: {'line': b"Listing '/ws/install/unitree_go/local/lib/python3.10/dist-packages/unitree_go'...\n"}
[77.229014] (unitree_go) StdoutLine: {'line': b"Compiling '/ws/install/unitree_go/local/lib/python3.10/dist-packages/unitree_go/__init__.py'...\n"}
[77.229173] (unitree_go) StdoutLine: {'line': b"Listing '/ws/install/unitree_go/local/lib/python3.10/dist-packages/unitree_go/msg'...\n"}
[77.229285] (unitree_go) StdoutLine: {'line': b"Compiling '/ws/install/unitree_go/local/lib/python3.10/dist-packages/unitree_go/msg/__init__.py'...\n"}
[77.229537] (unitree_go) StdoutLine: {'line': b"Compiling '/ws/install/unitree_go/local/lib/python3.10/dist-packages/unitree_go/msg/_audio_data.py'...\n"}
[77.229714] (unitree_go) StdoutLine: {'line': b"Compiling '/ws/install/unitree_go/local/lib/python3.10/dist-packages/unitree_go/msg/_bms_cmd.py'...\n"}
[77.229849] (unitree_go) StdoutLine: {'line': b"Compiling '/ws/install/unitree_go/local/lib/python3.10/dist-packages/unitree_go/msg/_bms_state.py'...\n"}
[77.229968] (unitree_go) StdoutLine: {'line': b"Compiling '/ws/install/unitree_go/local/lib/python3.10/dist-packages/unitree_go/msg/_error.py'...\n"}
[77.230071] (unitree_go) StdoutLine: {'line': b"Compiling '/ws/install/unitree_go/local/lib/python3.10/dist-packages/unitree_go/msg/_go2_front_video_data.py'...\n"}
[77.230163] (unitree_go) StdoutLine: {'line': b"Compiling '/ws/install/unitree_go/local/lib/python3.10/dist-packages/unitree_go/msg/_height_map.py'...\n"}
[77.230276] (unitree_go) StdoutLine: {'line': b"Compiling '/ws/install/unitree_go/local/lib/python3.10/dist-packages/unitree_go/msg/_imu_state.py'...\n"}
[77.230410] (unitree_go) StdoutLine: {'line': b"Compiling '/ws/install/unitree_go/local/lib/python3.10/dist-packages/unitree_go/msg/_interface_config.py'...\n"}
[77.230528] (unitree_go) StdoutLine: {'line': b"Compiling '/ws/install/unitree_go/local/lib/python3.10/dist-packages/unitree_go/msg/_lidar_state.py'...\n"}
[77.230626] (unitree_go) StdoutLine: {'line': b"Compiling '/ws/install/unitree_go/local/lib/python3.10/dist-packages/unitree_go/msg/_low_cmd.py'...\n"}
[77.230737] (unitree_go) StdoutLine: {'line': b"Compiling '/ws/install/unitree_go/local/lib/python3.10/dist-packages/unitree_go/msg/_low_state.py'...\n"}
[77.230845] (unitree_go) StdoutLine: {'line': b"Compiling '/ws/install/unitree_go/local/lib/python3.10/dist-packages/unitree_go/msg/_motor_cmd.py'...\n"}
[77.230942] (unitree_go) StdoutLine: {'line': b"Compiling '/ws/install/unitree_go/local/lib/python3.10/dist-packages/unitree_go/msg/_motor_cmds.py'...\n"}
[77.231031] (unitree_go) StdoutLine: {'line': b"Compiling '/ws/install/unitree_go/local/lib/python3.10/dist-packages/unitree_go/msg/_motor_state.py'...\n"}
[77.231117] (unitree_go) StdoutLine: {'line': b"Compiling '/ws/install/unitree_go/local/lib/python3.10/dist-packages/unitree_go/msg/_motor_states.py'...\n"}
[77.231232] (unitree_go) StdoutLine: {'line': b"Compiling '/ws/install/unitree_go/local/lib/python3.10/dist-packages/unitree_go/msg/_path_point.py'...\n"}
[77.231507] (unitree_go) StdoutLine: {'line': b"Compiling '/ws/install/unitree_go/local/lib/python3.10/dist-packages/unitree_go/msg/_req.py'...\n"}
[77.231647] (unitree_go) StdoutLine: {'line': b"Compiling '/ws/install/unitree_go/local/lib/python3.10/dist-packages/unitree_go/msg/_res.py'...\n"}
[77.231739] (unitree_go) StdoutLine: {'line': b"Compiling '/ws/install/unitree_go/local/lib/python3.10/dist-packages/unitree_go/msg/_sport_mode_cmd.py'...\n"}
[77.231807] (unitree_go) StdoutLine: {'line': b"Compiling '/ws/install/unitree_go/local/lib/python3.10/dist-packages/unitree_go/msg/_sport_mode_state.py'...\n"}
[77.231888] (unitree_go) StdoutLine: {'line': b"Compiling '/ws/install/unitree_go/local/lib/python3.10/dist-packages/unitree_go/msg/_time_spec.py'...\n"}
[77.231985] (unitree_go) StdoutLine: {'line': b"Compiling '/ws/install/unitree_go/local/lib/python3.10/dist-packages/unitree_go/msg/_uwb_state.py'...\n"}
[77.232096] (unitree_go) StdoutLine: {'line': b"Compiling '/ws/install/unitree_go/local/lib/python3.10/dist-packages/unitree_go/msg/_uwb_switch.py'...\n"}
[77.232206] (unitree_go) StdoutLine: {'line': b"Compiling '/ws/install/unitree_go/local/lib/python3.10/dist-packages/unitree_go/msg/_wireless_controller.py'...\n"}
[77.241523] (unitree_go) StdoutLine: {'line': b'-- Installing: /ws/install/unitree_go/local/lib/python3.10/dist-packages/unitree_go/unitree_go_s__rosidl_typesupport_fastrtps_c.cpython-310-aarch64-linux-gnu.so\n'}
[77.242248] (unitree_go) StdoutLine: {'line': b'-- Set runtime path of "/ws/install/unitree_go/local/lib/python3.10/dist-packages/unitree_go/unitree_go_s__rosidl_typesupport_fastrtps_c.cpython-310-aarch64-linux-gnu.so" to ""\n'}
[77.242701] (unitree_go) StdoutLine: {'line': b'-- Installing: /ws/install/unitree_go/local/lib/python3.10/dist-packages/unitree_go/unitree_go_s__rosidl_typesupport_introspection_c.cpython-310-aarch64-linux-gnu.so\n'}
[77.243352] (unitree_go) StdoutLine: {'line': b'-- Set runtime path of "/ws/install/unitree_go/local/lib/python3.10/dist-packages/unitree_go/unitree_go_s__rosidl_typesupport_introspection_c.cpython-310-aarch64-linux-gnu.so" to ""\n'}
[77.243787] (unitree_go) StdoutLine: {'line': b'-- Installing: /ws/install/unitree_go/local/lib/python3.10/dist-packages/unitree_go/unitree_go_s__rosidl_typesupport_c.cpython-310-aarch64-linux-gnu.so\n'}
[77.244392] (unitree_go) StdoutLine: {'line': b'-- Set runtime path of "/ws/install/unitree_go/local/lib/python3.10/dist-packages/unitree_go/unitree_go_s__rosidl_typesupport_c.cpython-310-aarch64-linux-gnu.so" to ""\n'}
[77.245415] (unitree_go) StdoutLine: {'line': b'-- Installing: /ws/install/unitree_go/lib/libunitree_go__rosidl_generator_py.so\n'}
[77.245751] (unitree_go) StdoutLine: {'line': b'-- Set runtime path of "/ws/install/unitree_go/lib/libunitree_go__rosidl_generator_py.so" to ""\n'}
[77.246340] (unitree_go) StdoutLine: {'line': b'-- Installing: /ws/install/unitree_go/share/unitree_go/msg/AudioData.idl\n'}
[77.246503] (unitree_go) StdoutLine: {'line': b'-- Installing: /ws/install/unitree_go/share/unitree_go/msg/BmsCmd.idl\n'}
[77.246640] (unitree_go) StdoutLine: {'line': b'-- Installing: /ws/install/unitree_go/share/unitree_go/msg/BmsState.idl\n'}
[77.247422] (unitree_go) StdoutLine: {'line': b'-- Installing: /ws/install/unitree_go/share/unitree_go/msg/Error.idl\n'}
[77.247586] (unitree_go) StdoutLine: {'line': b'-- Installing: /ws/install/unitree_go/share/unitree_go/msg/Go2FrontVideoData.idl\n'}
[77.247683] (unitree_go) StdoutLine: {'line': b'-- Installing: /ws/install/unitree_go/share/unitree_go/msg/HeightMap.idl\n'}
[77.247803] (unitree_go) StdoutLine: {'line': b'-- Installing: /ws/install/unitree_go/share/unitree_go/msg/IMUState.idl\n'}
[77.247990] (unitree_go) StdoutLine: {'line': b'-- Installing: /ws/install/unitree_go/share/unitree_go/msg/InterfaceConfig.idl\n'}
[77.248085] (unitree_go) StdoutLine: {'line': b'-- Installing: /ws/install/unitree_go/share/unitree_go/msg/LidarState.idl\n'}
[77.248216] (unitree_go) StdoutLine: {'line': b'-- Installing: /ws/install/unitree_go/share/unitree_go/msg/LowCmd.idl\n'}
[77.248464] (unitree_go) StdoutLine: {'line': b'-- Installing: /ws/install/unitree_go/share/unitree_go/msg/LowState.idl\n'}
[77.248707] (unitree_go) StdoutLine: {'line': b'-- Installing: /ws/install/unitree_go/share/unitree_go/msg/MotorCmd.idl\n'}
[77.248928] (unitree_go) StdoutLine: {'line': b'-- Installing: /ws/install/unitree_go/share/unitree_go/msg/MotorCmds.idl\n'}
[77.249158] (unitree_go) StdoutLine: {'line': b'-- Installing: /ws/install/unitree_go/share/unitree_go/msg/MotorState.idl\n'}
[77.249437] (unitree_go) StdoutLine: {'line': b'-- Installing: /ws/install/unitree_go/share/unitree_go/msg/MotorStates.idl\n'}
[77.249673] (unitree_go) StdoutLine: {'line': b'-- Installing: /ws/install/unitree_go/share/unitree_go/msg/PathPoint.idl\n'}
[77.249886] (unitree_go) StdoutLine: {'line': b'-- Installing: /ws/install/unitree_go/share/unitree_go/msg/Req.idl\n'}
[77.250130] (unitree_go) StdoutLine: {'line': b'-- Installing: /ws/install/unitree_go/share/unitree_go/msg/Res.idl\n'}
[77.250403] (unitree_go) StdoutLine: {'line': b'-- Installing: /ws/install/unitree_go/share/unitree_go/msg/SportModeCmd.idl\n'}
[77.250645] (unitree_go) StdoutLine: {'line': b'-- Installing: /ws/install/unitree_go/share/unitree_go/msg/SportModeState.idl\n'}
[77.250857] (unitree_go) StdoutLine: {'line': b'-- Installing: /ws/install/unitree_go/share/unitree_go/msg/TimeSpec.idl\n'}
[77.251091] (unitree_go) StdoutLine: {'line': b'-- Installing: /ws/install/unitree_go/share/unitree_go/msg/UwbState.idl\n'}
[77.251346] (unitree_go) StdoutLine: {'line': b'-- Installing: /ws/install/unitree_go/share/unitree_go/msg/UwbSwitch.idl\n'}
[77.251599] (unitree_go) StdoutLine: {'line': b'-- Installing: /ws/install/unitree_go/share/unitree_go/msg/WirelessController.idl\n'}
[77.251823] (unitree_go) StdoutLine: {'line': b'-- Installing: /ws/install/unitree_go/share/unitree_go/msg/AudioData.msg\n'}
[77.252055] (unitree_go) StdoutLine: {'line': b'-- Installing: /ws/install/unitree_go/share/unitree_go/msg/BmsCmd.msg\n'}
[77.252307] (unitree_go) StdoutLine: {'line': b'-- Installing: /ws/install/unitree_go/share/unitree_go/msg/BmsState.msg\n'}
[77.252548] (unitree_go) StdoutLine: {'line': b'-- Installing: /ws/install/unitree_go/share/unitree_go/msg/Error.msg\n'}
[77.252765] (unitree_go) StdoutLine: {'line': b'-- Installing: /ws/install/unitree_go/share/unitree_go/msg/Go2FrontVideoData.msg\n'}
[77.252998] (unitree_go) StdoutLine: {'line': b'-- Installing: /ws/install/unitree_go/share/unitree_go/msg/HeightMap.msg\n'}
[77.253245] (unitree_go) StdoutLine: {'line': b'-- Installing: /ws/install/unitree_go/share/unitree_go/msg/IMUState.msg\n'}
[77.253494] (unitree_go) StdoutLine: {'line': b'-- Installing: /ws/install/unitree_go/share/unitree_go/msg/InterfaceConfig.msg\n'}
[77.253712] (unitree_go) StdoutLine: {'line': b'-- Installing: /ws/install/unitree_go/share/unitree_go/msg/LidarState.msg\n'}
[77.253960] (unitree_go) StdoutLine: {'line': b'-- Installing: /ws/install/unitree_go/share/unitree_go/msg/LowCmd.msg\n'}
[77.254203] (unitree_go) StdoutLine: {'line': b'-- Installing: /ws/install/unitree_go/share/unitree_go/msg/LowState.msg\n'}
[77.254510] (unitree_go) StdoutLine: {'line': b'-- Installing: /ws/install/unitree_go/share/unitree_go/msg/MotorCmd.msg\n'}
[77.254733] (unitree_go) StdoutLine: {'line': b'-- Installing: /ws/install/unitree_go/share/unitree_go/msg/MotorCmds.msg\n'}
[77.254966] (unitree_go) StdoutLine: {'line': b'-- Installing: /ws/install/unitree_go/share/unitree_go/msg/MotorState.msg\n'}
[77.255293] (unitree_go) StdoutLine: {'line': b'-- Installing: /ws/install/unitree_go/share/unitree_go/msg/MotorStates.msg\n'}
[77.255668] (unitree_go) StdoutLine: {'line': b'-- Installing: /ws/install/unitree_go/share/unitree_go/msg/PathPoint.msg\n'}
[77.255947] (unitree_go) StdoutLine: {'line': b'-- Installing: /ws/install/unitree_go/share/unitree_go/msg/Req.msg\n'}
[77.256202] (unitree_go) StdoutLine: {'line': b'-- Installing: /ws/install/unitree_go/share/unitree_go/msg/Res.msg\n'}
[77.256467] (unitree_go) StdoutLine: {'line': b'-- Installing: /ws/install/unitree_go/share/unitree_go/msg/SportModeCmd.msg\n'}
[77.256709] (unitree_go) StdoutLine: {'line': b'-- Installing: /ws/install/unitree_go/share/unitree_go/msg/SportModeState.msg\n'}
[77.256925] (unitree_go) StdoutLine: {'line': b'-- Installing: /ws/install/unitree_go/share/unitree_go/msg/TimeSpec.msg\n'}
[77.257164] (unitree_go) StdoutLine: {'line': b'-- Installing: /ws/install/unitree_go/share/unitree_go/msg/UwbState.msg\n'}
[77.257424] (unitree_go) StdoutLine: {'line': b'-- Installing: /ws/install/unitree_go/share/unitree_go/msg/UwbSwitch.msg\n'}
[77.257668] (unitree_go) StdoutLine: {'line': b'-- Installing: /ws/install/unitree_go/share/unitree_go/msg/WirelessController.msg\n'}
[77.257870] (unitree_go) StdoutLine: {'line': b'-- Installing: /ws/install/unitree_go/share/unitree_go/msg/dds_connext\n'}
[77.258029] (unitree_go) StdoutLine: {'line': b'-- Installing: /ws/install/unitree_go/share/unitree_go/msg/dds_connext/MotorState_.idl\n'}
[77.258213] (unitree_go) StdoutLine: {'line': b'-- Installing: /ws/install/unitree_go/share/unitree_go/msg/dds_connext/HeightMap_.idl\n'}
[77.258425] (unitree_go) StdoutLine: {'line': b'-- Installing: /ws/install/unitree_go/share/unitree_go/msg/dds_connext/MotorCmd_.idl\n'}
[77.258582] (unitree_go) StdoutLine: {'line': b'-- Installing: /ws/install/unitree_go/share/unitree_go/msg/dds_connext/Req_.idl\n'}
[77.258734] (unitree_go) StdoutLine: {'line': b'-- Installing: /ws/install/unitree_go/share/unitree_go/msg/dds_connext/LidarState_.idl\n'}
[77.258885] (unitree_go) StdoutLine: {'line': b'-- Installing: /ws/install/unitree_go/share/unitree_go/msg/dds_connext/MotorStates_.idl\n'}
[77.259048] (unitree_go) StdoutLine: {'line': b'-- Installing: /ws/install/unitree_go/share/unitree_go/msg/dds_connext/WirelessController_.idl\n'}
[77.259229] (unitree_go) StdoutLine: {'line': b'-- Installing: /ws/install/unitree_go/share/unitree_go/msg/dds_connext/TimeSpec_.idl\n'}
[77.259427] (unitree_go) StdoutLine: {'line': b'-- Installing: /ws/install/unitree_go/share/unitree_go/msg/dds_connext/BmsCmd_.idl\n'}
[77.259589] (unitree_go) StdoutLine: {'line': b'-- Installing: /ws/install/unitree_go/share/unitree_go/msg/dds_connext/AudioData_.idl\n'}
[77.259743] (unitree_go) StdoutLine: {'line': b'-- Installing: /ws/install/unitree_go/share/unitree_go/msg/dds_connext/SportModeCmd_.idl\n'}
[77.259897] (unitree_go) StdoutLine: {'line': b'-- Installing: /ws/install/unitree_go/share/unitree_go/msg/dds_connext/IMUState_.idl\n'}
[77.260058] (unitree_go) StdoutLine: {'line': b'-- Installing: /ws/install/unitree_go/share/unitree_go/msg/dds_connext/PathPoint_.idl\n'}
[77.260205] (unitree_go) StdoutLine: {'line': b'-- Installing: /ws/install/unitree_go/share/unitree_go/msg/dds_connext/LowState_.idl\n'}
[77.260401] (unitree_go) StdoutLine: {'line': b'-- Installing: /ws/install/unitree_go/share/unitree_go/msg/dds_connext/MotorCmds_.idl\n'}
[77.260557] (unitree_go) StdoutLine: {'line': b'-- Installing: /ws/install/unitree_go/share/unitree_go/msg/dds_connext/Go2FrontVideoData_.idl\n'}
[77.260717] (unitree_go) StdoutLine: {'line': b'-- Installing: /ws/install/unitree_go/share/unitree_go/msg/dds_connext/Res_.idl\n'}
[77.260868] (unitree_go) StdoutLine: {'line': b'-- Installing: /ws/install/unitree_go/share/unitree_go/msg/dds_connext/UwbSwitch_.idl\n'}
[77.261017] (unitree_go) StdoutLine: {'line': b'-- Installing: /ws/install/unitree_go/share/unitree_go/msg/dds_connext/BmsState_.idl\n'}
[77.261166] (unitree_go) StdoutLine: {'line': b'-- Installing: /ws/install/unitree_go/share/unitree_go/msg/dds_connext/UwbState_.idl\n'}
[77.261335] (unitree_go) StdoutLine: {'line': b'-- Installing: /ws/install/unitree_go/share/unitree_go/msg/dds_connext/Error_.idl\n'}
[77.261479] (unitree_go) StdoutLine: {'line': b'-- Installing: /ws/install/unitree_go/share/unitree_go/msg/dds_connext/InterfaceConfig_.idl\n'}
[77.261629] (unitree_go) StdoutLine: {'line': b'-- Installing: /ws/install/unitree_go/share/unitree_go/msg/dds_connext/SportModeState_.idl\n'}
[77.261782] (unitree_go) StdoutLine: {'line': b'-- Installing: /ws/install/unitree_go/share/unitree_go/msg/dds_connext/LowCmd_.idl\n'}
[77.262160] (unitree_go) StdoutLine: {'line': b'-- Installing: /ws/install/unitree_go/share/ament_index/resource_index/package_run_dependencies/unitree_go\n'}
[77.262549] (unitree_go) StdoutLine: {'line': b'-- Installing: /ws/install/unitree_go/share/ament_index/resource_index/parent_prefix_path/unitree_go\n'}
[77.262811] (unitree_go) StdoutLine: {'line': b'-- Installing: /ws/install/unitree_go/share/unitree_go/environment/ament_prefix_path.sh\n'}
[77.263044] (unitree_go) StdoutLine: {'line': b'-- Installing: /ws/install/unitree_go/share/unitree_go/environment/ament_prefix_path.dsv\n'}
[77.263291] (unitree_go) StdoutLine: {'line': b'-- Installing: /ws/install/unitree_go/share/unitree_go/environment/path.sh\n'}
[77.263557] (unitree_go) StdoutLine: {'line': b'-- Installing: /ws/install/unitree_go/share/unitree_go/environment/path.dsv\n'}
[77.263801] (unitree_go) StdoutLine: {'line': b'-- Installing: /ws/install/unitree_go/share/unitree_go/local_setup.bash\n'}
[77.264022] (unitree_go) StdoutLine: {'line': b'-- Installing: /ws/install/unitree_go/share/unitree_go/local_setup.sh\n'}
[77.264263] (unitree_go) StdoutLine: {'line': b'-- Installing: /ws/install/unitree_go/share/unitree_go/local_setup.zsh\n'}
[77.264520] (unitree_go) StdoutLine: {'line': b'-- Installing: /ws/install/unitree_go/share/unitree_go/local_setup.dsv\n'}
[77.264750] (unitree_go) StdoutLine: {'line': b'-- Installing: /ws/install/unitree_go/share/unitree_go/package.dsv\n'}
[77.265031] (unitree_go) StdoutLine: {'line': b'-- Installing: /ws/install/unitree_go/share/ament_index/resource_index/packages/unitree_go\n'}
[77.265362] (unitree_go) StdoutLine: {'line': b'-- Installing: /ws/install/unitree_go/share/unitree_go/cmake/export_unitree_go__rosidl_generator_cExport.cmake\n'}
[77.265629] (unitree_go) StdoutLine: {'line': b'-- Installing: /ws/install/unitree_go/share/unitree_go/cmake/export_unitree_go__rosidl_generator_cExport-noconfig.cmake\n'}
[77.265925] (unitree_go) StdoutLine: {'line': b'-- Installing: /ws/install/unitree_go/share/unitree_go/cmake/export_unitree_go__rosidl_typesupport_fastrtps_cExport.cmake\n'}
[77.266167] (unitree_go) StdoutLine: {'line': b'-- Installing: /ws/install/unitree_go/share/unitree_go/cmake/export_unitree_go__rosidl_typesupport_fastrtps_cExport-noconfig.cmake\n'}
[77.266466] (unitree_go) StdoutLine: {'line': b'-- Installing: /ws/install/unitree_go/share/unitree_go/cmake/export_unitree_go__rosidl_generator_cppExport.cmake\n'}
[77.266744] (unitree_go) StdoutLine: {'line': b'-- Installing: /ws/install/unitree_go/share/unitree_go/cmake/export_unitree_go__rosidl_typesupport_fastrtps_cppExport.cmake\n'}
[77.266994] (unitree_go) StdoutLine: {'line': b'-- Installing: /ws/install/unitree_go/share/unitree_go/cmake/export_unitree_go__rosidl_typesupport_fastrtps_cppExport-noconfig.cmake\n'}
[77.267234] (unitree_go) StdoutLine: {'line': b'-- Installing: /ws/install/unitree_go/share/unitree_go/cmake/unitree_go__rosidl_typesupport_introspection_cExport.cmake\n'}
[77.267519] (unitree_go) StdoutLine: {'line': b'-- Installing: /ws/install/unitree_go/share/unitree_go/cmake/unitree_go__rosidl_typesupport_introspection_cExport-noconfig.cmake\n'}
[77.267790] (unitree_go) StdoutLine: {'line': b'-- Installing: /ws/install/unitree_go/share/unitree_go/cmake/unitree_go__rosidl_typesupport_cExport.cmake\n'}
[77.268045] (unitree_go) StdoutLine: {'line': b'-- Installing: /ws/install/unitree_go/share/unitree_go/cmake/unitree_go__rosidl_typesupport_cExport-noconfig.cmake\n'}
[77.268291] (unitree_go) StdoutLine: {'line': b'-- Installing: /ws/install/unitree_go/share/unitree_go/cmake/unitree_go__rosidl_typesupport_introspection_cppExport.cmake\n'}
[77.268600] (unitree_go) StdoutLine: {'line': b'-- Installing: /ws/install/unitree_go/share/unitree_go/cmake/unitree_go__rosidl_typesupport_introspection_cppExport-noconfig.cmake\n'}
[77.268871] (unitree_go) StdoutLine: {'line': b'-- Installing: /ws/install/unitree_go/share/unitree_go/cmake/unitree_go__rosidl_typesupport_cppExport.cmake\n'}
[77.269126] (unitree_go) StdoutLine: {'line': b'-- Installing: /ws/install/unitree_go/share/unitree_go/cmake/unitree_go__rosidl_typesupport_cppExport-noconfig.cmake\n'}
[77.269381] (unitree_go) StdoutLine: {'line': b'-- Installing: /ws/install/unitree_go/share/unitree_go/cmake/export_unitree_go__rosidl_generator_pyExport.cmake\n'}
[77.269638] (unitree_go) StdoutLine: {'line': b'-- Installing: /ws/install/unitree_go/share/unitree_go/cmake/export_unitree_go__rosidl_generator_pyExport-noconfig.cmake\n'}
[77.269895] (unitree_go) StdoutLine: {'line': b'-- Installing: /ws/install/unitree_go/share/unitree_go/cmake/rosidl_cmake-extras.cmake\n'}
[77.270137] (unitree_go) StdoutLine: {'line': b'-- Installing: /ws/install/unitree_go/share/unitree_go/cmake/ament_cmake_export_dependencies-extras.cmake\n'}
[77.270380] (unitree_go) StdoutLine: {'line': b'-- Installing: /ws/install/unitree_go/share/unitree_go/cmake/ament_cmake_export_include_directories-extras.cmake\n'}
[77.270621] (unitree_go) StdoutLine: {'line': b'-- Installing: /ws/install/unitree_go/share/unitree_go/cmake/ament_cmake_export_libraries-extras.cmake\n'}
[77.270871] (unitree_go) StdoutLine: {'line': b'-- Installing: /ws/install/unitree_go/share/unitree_go/cmake/ament_cmake_export_targets-extras.cmake\n'}
[77.271111] (unitree_go) StdoutLine: {'line': b'-- Installing: /ws/install/unitree_go/share/unitree_go/cmake/rosidl_cmake_export_typesupport_targets-extras.cmake\n'}
[77.271367] (unitree_go) StdoutLine: {'line': b'-- Installing: /ws/install/unitree_go/share/unitree_go/cmake/rosidl_cmake_export_typesupport_libraries-extras.cmake\n'}
[77.271628] (unitree_go) StdoutLine: {'line': b'-- Installing: /ws/install/unitree_go/share/unitree_go/cmake/unitree_goConfig.cmake\n'}
[77.271793] (unitree_go) StdoutLine: {'line': b'-- Installing: /ws/install/unitree_go/share/unitree_go/cmake/unitree_goConfig-version.cmake\n'}
[77.272033] (unitree_go) StdoutLine: {'line': b'-- Installing: /ws/install/unitree_go/share/unitree_go/package.xml\n'}
[77.276133] (unitree_go) CommandEnded: {'returncode': 0}
[77.292286] (-) TimerEvent: {}
[77.305667] (unitree_go) JobEnded: {'identifier': 'unitree_go', 'rc': 0}
[77.307924] (stand_go2) JobStarted: {'identifier': 'stand_go2'}
[77.314936] (unitree_ros2_example) JobStarted: {'identifier': 'unitree_ros2_example'}
[77.336933] (unitree_legged_real) JobStarted: {'identifier': 'unitree_legged_real'}
[77.355927] (stand_go2) JobProgress: {'identifier': 'stand_go2', 'progress': 'cmake'}
[77.359452] (stand_go2) Command: {'cmd': ['/usr/bin/cmake', '/ws/src/unitree_mujoco/example/ros2', '-DCMAKE_INSTALL_PREFIX=/ws/install/stand_go2'], 'cwd': '/ws/build/stand_go2', 'env': OrderedDict([('HOSTNAME', 'pi'), ('SHLVL', '1'), ('LD_LIBRARY_PATH', '/ws/install/unitree_go/lib:/ws/install/unitree_api/lib:/ws/libtorch/lib:/opt/ros/humble/lib/aarch64-linux-gnu:/opt/ros/humble/lib'), ('HOME', '/root'), ('OLDPWD', '/ws/src'), ('ROS_PYTHON_VERSION', '3'), ('ROS_DISTRO', 'humble'), ('_', '/usr/bin/colcon'), ('ROS_VERSION', '2'), ('TERM', 'xterm'), ('ROS_LOCALHOST_ONLY', '0'), ('PATH', '/opt/ros/humble/bin:/usr/local/sbin:/usr/local/bin:/usr/sbin:/usr/bin:/sbin:/bin'), ('LANG', 'C.UTF-8'), ('LS_COLORS', 'rs=0:di=01;34:ln=01;36:mh=00:pi=40;33:so=01;35:do=01;35:bd=40;33;01:cd=40;33;01:or=40;31;01:mi=00:su=37;41:sg=30;43:ca=30;41:tw=30;42:ow=34;42:st=37;44:ex=01;32:*.tar=01;31:*.tgz=01;31:*.arc=01;31:*.arj=01;31:*.taz=01;31:*.lha=01;31:*.lz4=01;31:*.lzh=01;31:*.lzma=01;31:*.tlz=01;31:*.txz=01;31:*.tzo=01;31:*.t7z=01;31:*.zip=01;31:*.z=01;31:*.dz=01;31:*.gz=01;31:*.lrz=01;31:*.lz=01;31:*.lzo=01;31:*.xz=01;31:*.zst=01;31:*.tzst=01;31:*.bz2=01;31:*.bz=01;31:*.tbz=01;31:*.tbz2=01;31:*.tz=01;31:*.deb=01;31:*.rpm=01;31:*.jar=01;31:*.war=01;31:*.ear=01;31:*.sar=01;31:*.rar=01;31:*.alz=01;31:*.ace=01;31:*.zoo=01;31:*.cpio=01;31:*.7z=01;31:*.rz=01;31:*.cab=01;31:*.wim=01;31:*.swm=01;31:*.dwm=01;31:*.esd=01;31:*.jpg=01;35:*.jpeg=01;35:*.mjpg=01;35:*.mjpeg=01;35:*.gif=01;35:*.bmp=01;35:*.pbm=01;35:*.pgm=01;35:*.ppm=01;35:*.tga=01;35:*.xbm=01;35:*.xpm=01;35:*.tif=01;35:*.tiff=01;35:*.png=01;35:*.svg=01;35:*.svgz=01;35:*.mng=01;35:*.pcx=01;35:*.mov=01;35:*.mpg=01;35:*.mpeg=01;35:*.m2v=01;35:*.mkv=01;35:*.webm=01;35:*.webp=01;35:*.ogm=01;35:*.mp4=01;35:*.m4v=01;35:*.mp4v=01;35:*.vob=01;35:*.qt=01;35:*.nuv=01;35:*.wmv=01;35:*.asf=01;35:*.rm=01;35:*.rmvb=01;35:*.flc=01;35:*.avi=01;35:*.fli=01;35:*.flv=01;35:*.gl=01;35:*.dl=01;35:*.xcf=01;35:*.xwd=01;35:*.yuv=01;35:*.cgm=01;35:*.emf=01;35:*.ogv=01;35:*.ogx=01;35:*.aac=00;36:*.au=00;36:*.flac=00;36:*.m4a=00;36:*.mid=00;36:*.midi=00;36:*.mka=00;36:*.mp3=00;36:*.mpc=00;36:*.ogg=00;36:*.ra=00;36:*.wav=00;36:*.oga=00;36:*.opus=00;36:*.spx=00;36:*.xspf=00;36:'), ('AMENT_PREFIX_PATH', '/ws/install/unitree_go:/ws/install/unitree_api:/opt/ros/humble'), ('DEBIAN_FRONTEND', 'noninteractive'), ('Torch_DIR', '/ws/libtorch/share/cmake/Torch'), ('PWD', '/ws/build/stand_go2'), ('LC_ALL', 'C.UTF-8'), ('PYTHONPATH', '/ws/install/unitree_go/local/lib/python3.10/dist-packages:/ws/install/unitree_api/local/lib/python3.10/dist-packages:/opt/ros/humble/lib/python3.10/site-packages:/opt/ros/humble/local/lib/python3.10/dist-packages'), ('COLCON', '1'), ('CMAKE_PREFIX_PATH', '/ws/install/unitree_go:/ws/install/unitree_api:/ws/libtorch:/opt/ros/humble')]), 'shell': False}
[77.372719] (unitree_ros2_example) JobProgress: {'identifier': 'unitree_ros2_example', 'progress': 'cmake'}
[77.372882] (unitree_ros2_example) Command: {'cmd': ['/usr/bin/cmake', '/ws/src/unitree_ros2/example/src', '-DCMAKE_INSTALL_PREFIX=/ws/install/unitree_ros2_example'], 'cwd': '/ws/build/unitree_ros2_example', 'env': OrderedDict([('HOSTNAME', 'pi'), ('SHLVL', '1'), ('LD_LIBRARY_PATH', '/ws/install/unitree_hg/lib:/ws/install/unitree_go/lib:/ws/install/unitree_api/lib:/ws/libtorch/lib:/opt/ros/humble/lib/aarch64-linux-gnu:/opt/ros/humble/lib'), ('HOME', '/root'), ('OLDPWD', '/ws/src'), ('ROS_PYTHON_VERSION', '3'), ('ROS_DISTRO', 'humble'), ('_', '/usr/bin/colcon'), ('ROS_VERSION', '2'), ('TERM', 'xterm'), ('ROS_LOCALHOST_ONLY', '0'), ('PATH', '/opt/ros/humble/bin:/usr/local/sbin:/usr/local/bin:/usr/sbin:/usr/bin:/sbin:/bin'), ('LANG', 'C.UTF-8'), ('LS_COLORS', 'rs=0:di=01;34:ln=01;36:mh=00:pi=40;33:so=01;35:do=01;35:bd=40;33;01:cd=40;33;01:or=40;31;01:mi=00:su=37;41:sg=30;43:ca=30;41:tw=30;42:ow=34;42:st=37;44:ex=01;32:*.tar=01;31:*.tgz=01;31:*.arc=01;31:*.arj=01;31:*.taz=01;31:*.lha=01;31:*.lz4=01;31:*.lzh=01;31:*.lzma=01;31:*.tlz=01;31:*.txz=01;31:*.tzo=01;31:*.t7z=01;31:*.zip=01;31:*.z=01;31:*.dz=01;31:*.gz=01;31:*.lrz=01;31:*.lz=01;31:*.lzo=01;31:*.xz=01;31:*.zst=01;31:*.tzst=01;31:*.bz2=01;31:*.bz=01;31:*.tbz=01;31:*.tbz2=01;31:*.tz=01;31:*.deb=01;31:*.rpm=01;31:*.jar=01;31:*.war=01;31:*.ear=01;31:*.sar=01;31:*.rar=01;31:*.alz=01;31:*.ace=01;31:*.zoo=01;31:*.cpio=01;31:*.7z=01;31:*.rz=01;31:*.cab=01;31:*.wim=01;31:*.swm=01;31:*.dwm=01;31:*.esd=01;31:*.jpg=01;35:*.jpeg=01;35:*.mjpg=01;35:*.mjpeg=01;35:*.gif=01;35:*.bmp=01;35:*.pbm=01;35:*.pgm=01;35:*.ppm=01;35:*.tga=01;35:*.xbm=01;35:*.xpm=01;35:*.tif=01;35:*.tiff=01;35:*.png=01;35:*.svg=01;35:*.svgz=01;35:*.mng=01;35:*.pcx=01;35:*.mov=01;35:*.mpg=01;35:*.mpeg=01;35:*.m2v=01;35:*.mkv=01;35:*.webm=01;35:*.webp=01;35:*.ogm=01;35:*.mp4=01;35:*.m4v=01;35:*.mp4v=01;35:*.vob=01;35:*.qt=01;35:*.nuv=01;35:*.wmv=01;35:*.asf=01;35:*.rm=01;35:*.rmvb=01;35:*.flc=01;35:*.avi=01;35:*.fli=01;35:*.flv=01;35:*.gl=01;35:*.dl=01;35:*.xcf=01;35:*.xwd=01;35:*.yuv=01;35:*.cgm=01;35:*.emf=01;35:*.ogv=01;35:*.ogx=01;35:*.aac=00;36:*.au=00;36:*.flac=00;36:*.m4a=00;36:*.mid=00;36:*.midi=00;36:*.mka=00;36:*.mp3=00;36:*.mpc=00;36:*.ogg=00;36:*.ra=00;36:*.wav=00;36:*.oga=00;36:*.opus=00;36:*.spx=00;36:*.xspf=00;36:'), ('AMENT_PREFIX_PATH', '/ws/install/unitree_hg:/ws/install/unitree_go:/ws/install/unitree_api:/opt/ros/humble'), ('DEBIAN_FRONTEND', 'noninteractive'), ('Torch_DIR', '/ws/libtorch/share/cmake/Torch'), ('PWD', '/ws/build/unitree_ros2_example'), ('LC_ALL', 'C.UTF-8'), ('PYTHONPATH', '/ws/install/unitree_hg/local/lib/python3.10/dist-packages:/ws/install/unitree_go/local/lib/python3.10/dist-packages:/ws/install/unitree_api/local/lib/python3.10/dist-packages:/opt/ros/humble/lib/python3.10/site-packages:/opt/ros/humble/local/lib/python3.10/dist-packages'), ('COLCON', '1'), ('CMAKE_PREFIX_PATH', '/ws/install/unitree_hg:/ws/install/unitree_go:/ws/install/unitree_api:/ws/libtorch:/opt/ros/humble')]), 'shell': False}
[77.382151] (unitree_legged_real) JobProgress: {'identifier': 'unitree_legged_real', 'progress': 'cmake'}
[77.385638] (unitree_legged_real) Command: {'cmd': ['/usr/bin/cmake', '/ws/src/unitree_ros2_to_real', '-DCMAKE_INSTALL_PREFIX=/ws/install/unitree_legged_real'], 'cwd': '/ws/build/unitree_legged_real', 'env': OrderedDict([('HOSTNAME', 'pi'), ('SHLVL', '1'), ('LD_LIBRARY_PATH', '/ws/install/unitree_rl_controller/lib:/ws/install/unitree_go/lib:/ws/install/unitree_api/lib:/ws/install/ros2_unitree_legged_msgs/lib:/ws/libtorch/lib:/opt/ros/humble/lib/aarch64-linux-gnu:/opt/ros/humble/lib'), ('HOME', '/root'), ('OLDPWD', '/ws/src'), ('ROS_PYTHON_VERSION', '3'), ('ROS_DISTRO', 'humble'), ('_', '/usr/bin/colcon'), ('ROS_VERSION', '2'), ('TERM', 'xterm'), ('ROS_LOCALHOST_ONLY', '0'), ('PATH', '/opt/ros/humble/bin:/usr/local/sbin:/usr/local/bin:/usr/sbin:/usr/bin:/sbin:/bin'), ('LANG', 'C.UTF-8'), ('LS_COLORS', 'rs=0:di=01;34:ln=01;36:mh=00:pi=40;33:so=01;35:do=01;35:bd=40;33;01:cd=40;33;01:or=40;31;01:mi=00:su=37;41:sg=30;43:ca=30;41:tw=30;42:ow=34;42:st=37;44:ex=01;32:*.tar=01;31:*.tgz=01;31:*.arc=01;31:*.arj=01;31:*.taz=01;31:*.lha=01;31:*.lz4=01;31:*.lzh=01;31:*.lzma=01;31:*.tlz=01;31:*.txz=01;31:*.tzo=01;31:*.t7z=01;31:*.zip=01;31:*.z=01;31:*.dz=01;31:*.gz=01;31:*.lrz=01;31:*.lz=01;31:*.lzo=01;31:*.xz=01;31:*.zst=01;31:*.tzst=01;31:*.bz2=01;31:*.bz=01;31:*.tbz=01;31:*.tbz2=01;31:*.tz=01;31:*.deb=01;31:*.rpm=01;31:*.jar=01;31:*.war=01;31:*.ear=01;31:*.sar=01;31:*.rar=01;31:*.alz=01;31:*.ace=01;31:*.zoo=01;31:*.cpio=01;31:*.7z=01;31:*.rz=01;31:*.cab=01;31:*.wim=01;31:*.swm=01;31:*.dwm=01;31:*.esd=01;31:*.jpg=01;35:*.jpeg=01;35:*.mjpg=01;35:*.mjpeg=01;35:*.gif=01;35:*.bmp=01;35:*.pbm=01;35:*.pgm=01;35:*.ppm=01;35:*.tga=01;35:*.xbm=01;35:*.xpm=01;35:*.tif=01;35:*.tiff=01;35:*.png=01;35:*.svg=01;35:*.svgz=01;35:*.mng=01;35:*.pcx=01;35:*.mov=01;35:*.mpg=01;35:*.mpeg=01;35:*.m2v=01;35:*.mkv=01;35:*.webm=01;35:*.webp=01;35:*.ogm=01;35:*.mp4=01;35:*.m4v=01;35:*.mp4v=01;35:*.vob=01;35:*.qt=01;35:*.nuv=01;35:*.wmv=01;35:*.asf=01;35:*.rm=01;35:*.rmvb=01;35:*.flc=01;35:*.avi=01;35:*.fli=01;35:*.flv=01;35:*.gl=01;35:*.dl=01;35:*.xcf=01;35:*.xwd=01;35:*.yuv=01;35:*.cgm=01;35:*.emf=01;35:*.ogv=01;35:*.ogx=01;35:*.aac=00;36:*.au=00;36:*.flac=00;36:*.m4a=00;36:*.mid=00;36:*.midi=00;36:*.mka=00;36:*.mp3=00;36:*.mpc=00;36:*.ogg=00;36:*.ra=00;36:*.wav=00;36:*.oga=00;36:*.opus=00;36:*.spx=00;36:*.xspf=00;36:'), ('AMENT_PREFIX_PATH', '/ws/install/unitree_rl_controller:/ws/install/unitree_go:/ws/install/unitree_api:/ws/install/ros2_unitree_legged_msgs:/opt/ros/humble'), ('DEBIAN_FRONTEND', 'noninteractive'), ('Torch_DIR', '/ws/libtorch/share/cmake/Torch'), ('PWD', '/ws/build/unitree_legged_real'), ('LC_ALL', 'C.UTF-8'), ('PYTHONPATH', '/ws/install/unitree_go/local/lib/python3.10/dist-packages:/ws/install/unitree_api/local/lib/python3.10/dist-packages:/ws/install/ros2_unitree_legged_msgs/local/lib/python3.10/dist-packages:/opt/ros/humble/lib/python3.10/site-packages:/opt/ros/humble/local/lib/python3.10/dist-packages'), ('COLCON', '1'), ('CMAKE_PREFIX_PATH', '/ws/install/unitree_rl_controller:/ws/install/unitree_go:/ws/install/unitree_api:/ws/install/ros2_unitree_legged_msgs:/ws/libtorch:/opt/ros/humble')]), 'shell': False}
[77.395445] (-) TimerEvent: {}
[77.496149] (-) TimerEvent: {}
[77.544515] (stand_go2) StdoutLine: {'line': b'-- The C compiler identification is GNU 11.4.0\n'}
[77.546828] (unitree_legged_real) StdoutLine: {'line': b'-- The C compiler identification is GNU 11.4.0\n'}
[77.552370] (unitree_ros2_example) StdoutLine: {'line': b'-- The C compiler identification is GNU 11.4.0\n'}
[77.596285] (-) TimerEvent: {}
[77.684584] (rmw_cyclonedds_cpp) StdoutLine: {'line': b'[ 41%] \x1b[32mBuilding CXX object CMakeFiles/rmw_cyclonedds_cpp.dir/src/demangle.cpp.o\x1b[0m\n'}
[77.700672] (-) TimerEvent: {}
[77.702784] (unitree_ros2_example) StdoutLine: {'line': b'-- The CXX compiler identification is GNU 11.4.0\n'}
[77.710535] (stand_go2) StdoutLine: {'line': b'-- The CXX compiler identification is GNU 11.4.0\n'}
[77.715650] (unitree_legged_real) StdoutLine: {'line': b'-- The CXX compiler identification is GNU 11.4.0\n'}
[77.723986] (unitree_ros2_example) StdoutLine: {'line': b'-- Detecting C compiler ABI info\n'}
[77.726945] (stand_go2) StdoutLine: {'line': b'-- Detecting C compiler ABI info\n'}
[77.727790] (unitree_legged_real) StdoutLine: {'line': b'-- Detecting C compiler ABI info\n'}
[77.800794] (-) TimerEvent: {}
[77.905452] (-) TimerEvent: {}
[77.924771] (unitree_ros2_example) StdoutLine: {'line': b'-- Detecting C compiler ABI info - done\n'}
[77.941899] (unitree_legged_real) StdoutLine: {'line': b'-- Detecting C compiler ABI info - done\n'}
[77.944392] (unitree_ros2_example) StdoutLine: {'line': b'-- Check for working C compiler: /usr/bin/cc - skipped\n'}
[77.944675] (unitree_ros2_example) StdoutLine: {'line': b'-- Detecting C compile features\n'}
[77.944772] (unitree_ros2_example) StdoutLine: {'line': b'-- Detecting C compile features - done\n'}
[77.944852] (stand_go2) StdoutLine: {'line': b'-- Detecting C compiler ABI info - done\n'}
[77.949522] (unitree_ros2_example) StdoutLine: {'line': b'-- Detecting CXX compiler ABI info\n'}
[77.952425] (unitree_legged_real) StdoutLine: {'line': b'-- Check for working C compiler: /usr/bin/cc - skipped\n'}
[77.952827] (unitree_legged_real) StdoutLine: {'line': b'-- Detecting C compile features\n'}
[77.953119] (unitree_legged_real) StdoutLine: {'line': b'-- Detecting C compile features - done\n'}
[77.958886] (unitree_legged_real) StdoutLine: {'line': b'-- Detecting CXX compiler ABI info\n'}
[77.969389] (stand_go2) StdoutLine: {'line': b'-- Check for working C compiler: /usr/bin/cc - skipped\n'}
[77.970410] (stand_go2) StdoutLine: {'line': b'-- Detecting C compile features\n'}
[77.970556] (stand_go2) StdoutLine: {'line': b'-- Detecting C compile features - done\n'}
[77.976920] (stand_go2) StdoutLine: {'line': b'-- Detecting CXX compiler ABI info\n'}
[78.006487] (-) TimerEvent: {}
[78.107064] (-) TimerEvent: {}
[78.204554] (unitree_legged_real) StdoutLine: {'line': b'-- Detecting CXX compiler ABI info - done\n'}
[78.208426] (stand_go2) StdoutLine: {'line': b'-- Detecting CXX compiler ABI info - done\n'}
[78.208784] (-) TimerEvent: {}
[78.209199] (unitree_ros2_example) StdoutLine: {'line': b'-- Detecting CXX compiler ABI info - done\n'}
[78.222079] (stand_go2) StdoutLine: {'line': b'-- Check for working CXX compiler: /usr/bin/c++ - skipped\n'}
[78.224426] (stand_go2) StdoutLine: {'line': b'-- Detecting CXX compile features\n'}
[78.225016] (stand_go2) StdoutLine: {'line': b'-- Detecting CXX compile features - done\n'}
[78.225422] (unitree_legged_real) StdoutLine: {'line': b'-- Check for working CXX compiler: /usr/bin/c++ - skipped\n'}
[78.225921] (unitree_legged_real) StdoutLine: {'line': b'-- Detecting CXX compile features\n'}
[78.226672] (unitree_legged_real) StdoutLine: {'line': b'-- Detecting CXX compile features - done\n'}
[78.231068] (stand_go2) StdoutLine: {'line': b'-- Found ament_cmake: 1.3.12 (/opt/ros/humble/share/ament_cmake/cmake)\n'}
[78.232370] (unitree_legged_real) StdoutLine: {'line': b'-- Found ament_cmake: 1.3.12 (/opt/ros/humble/share/ament_cmake/cmake)\n'}
[78.233935] (unitree_ros2_example) StdoutLine: {'line': b'-- Check for working CXX compiler: /usr/bin/c++ - skipped\n'}
[78.237088] (unitree_ros2_example) StdoutLine: {'line': b'-- Detecting CXX compile features\n'}
[78.237398] (unitree_ros2_example) StdoutLine: {'line': b'-- Detecting CXX compile features - done\n'}
[78.241444] (unitree_ros2_example) StdoutLine: {'line': b'-- Found ament_cmake: 1.3.12 (/opt/ros/humble/share/ament_cmake/cmake)\n'}
[78.308971] (-) TimerEvent: {}
[78.409581] (-) TimerEvent: {}
[78.510420] (-) TimerEvent: {}
[78.576227] (stand_go2) StdoutLine: {'line': b'-- Found Python3: /usr/bin/python3 (found version "3.10.12") found components: Interpreter \n'}
[78.587557] (rmw_cyclonedds_cpp) StdoutLine: {'line': b'[ 50%] \x1b[32mBuilding CXX object CMakeFiles/rmw_cyclonedds_cpp.dir/src/deserialization_exception.cpp.o\x1b[0m\n'}
[78.593333] (unitree_legged_real) StdoutLine: {'line': b'-- Found Python3: /usr/bin/python3 (found version "3.10.12") found components: Interpreter \n'}
[78.603606] (unitree_ros2_example) StdoutLine: {'line': b'-- Found Python3: /usr/bin/python3 (found version "3.10.12") found components: Interpreter \n'}
[78.613432] (-) TimerEvent: {}
[78.713984] (-) TimerEvent: {}
[78.814644] (-) TimerEvent: {}
[78.815081] (stand_go2) StdoutLine: {'line': b'-- Found unitree_go: 0.0.0 (/ws/install/unitree_go/share/unitree_go/cmake)\n'}
[78.840039] (unitree_legged_real) StdoutLine: {'line': b'-- Found rclcpp: 16.0.17 (/opt/ros/humble/share/rclcpp/cmake)\n'}
[78.847397] (unitree_ros2_example) StdoutLine: {'line': b'-- Found unitree_go: 0.0.0 (/ws/install/unitree_go/share/unitree_go/cmake)\n'}
[78.890401] (stand_go2) StdoutLine: {'line': b'-- Found rosidl_generator_c: 3.1.8 (/opt/ros/humble/share/rosidl_generator_c/cmake)\n'}
[78.901483] (stand_go2) StdoutLine: {'line': b'-- Found rosidl_adapter: 3.1.8 (/opt/ros/humble/share/rosidl_adapter/cmake)\n'}
[78.910806] (unitree_ros2_example) StdoutLine: {'line': b'-- Found rosidl_generator_c: 3.1.8 (/opt/ros/humble/share/rosidl_generator_c/cmake)\n'}
[78.913766] (stand_go2) StdoutLine: {'line': b'-- Found rosidl_generator_cpp: 3.1.8 (/opt/ros/humble/share/rosidl_generator_cpp/cmake)\n'}
[78.914661] (-) TimerEvent: {}
[78.926201] (unitree_ros2_example) StdoutLine: {'line': b'-- Found rosidl_adapter: 3.1.8 (/opt/ros/humble/share/rosidl_adapter/cmake)\n'}
[78.928420] (unitree_legged_real) StdoutLine: {'line': b'-- Found rosidl_generator_c: 3.1.8 (/opt/ros/humble/share/rosidl_generator_c/cmake)\n'}
[78.939822] (unitree_legged_real) StdoutLine: {'line': b'-- Found rosidl_adapter: 3.1.8 (/opt/ros/humble/share/rosidl_adapter/cmake)\n'}
[78.941006] (stand_go2) StdoutLine: {'line': b'-- Using all available rosidl_typesupport_c: rosidl_typesupport_fastrtps_c;rosidl_typesupport_introspection_c\n'}
[78.941852] (unitree_ros2_example) StdoutLine: {'line': b'-- Found rosidl_generator_cpp: 3.1.8 (/opt/ros/humble/share/rosidl_generator_cpp/cmake)\n'}
[78.958679] (unitree_legged_real) StdoutLine: {'line': b'-- Found rosidl_generator_cpp: 3.1.8 (/opt/ros/humble/share/rosidl_generator_cpp/cmake)\n'}
[78.963444] (unitree_ros2_example) StdoutLine: {'line': b'-- Using all available rosidl_typesupport_c: rosidl_typesupport_fastrtps_c;rosidl_typesupport_introspection_c\n'}
[78.968195] (stand_go2) StdoutLine: {'line': b'-- Using all available rosidl_typesupport_cpp: rosidl_typesupport_fastrtps_cpp;rosidl_typesupport_introspection_cpp\n'}
[78.979557] (rmw_cyclonedds_cpp) StdoutLine: {'line': b'[ 58%] \x1b[32mBuilding CXX object CMakeFiles/rmw_cyclonedds_cpp.dir/src/Serialization.cpp.o\x1b[0m\n'}
[78.981410] (unitree_legged_real) StdoutLine: {'line': b'-- Using all available rosidl_typesupport_c: rosidl_typesupport_fastrtps_c;rosidl_typesupport_introspection_c\n'}
[78.996777] (unitree_ros2_example) StdoutLine: {'line': b'-- Using all available rosidl_typesupport_cpp: rosidl_typesupport_fastrtps_cpp;rosidl_typesupport_introspection_cpp\n'}
[79.009917] (unitree_legged_real) StdoutLine: {'line': b'-- Using all available rosidl_typesupport_cpp: rosidl_typesupport_fastrtps_cpp;rosidl_typesupport_introspection_cpp\n'}
[79.014811] (-) TimerEvent: {}
[79.068490] (stand_go2) StdoutLine: {'line': b'-- Found unitree_api: 0.0.0 (/ws/install/unitree_api/share/unitree_api/cmake)\n'}
[79.088748] (stand_go2) StdoutLine: {'line': b'-- Found rclcpp: 16.0.17 (/opt/ros/humble/share/rclcpp/cmake)\n'}
[79.103412] (unitree_ros2_example) StdoutLine: {'line': b'-- Found unitree_hg: 0.0.0 (/ws/install/unitree_hg/share/unitree_hg/cmake)\n'}
[79.109503] (unitree_legged_real) StdoutLine: {'line': b'-- Found rmw_implementation_cmake: 6.1.2 (/opt/ros/humble/share/rmw_implementation_cmake/cmake)\n'}
[79.113164] (unitree_legged_real) StdoutLine: {'line': b'-- Found rmw_fastrtps_cpp: 6.2.9 (/opt/ros/humble/share/rmw_fastrtps_cpp/cmake)\n'}
[79.114933] (-) TimerEvent: {}
[79.131625] (unitree_ros2_example) StdoutLine: {'line': b'-- Found unitree_api: 0.0.0 (/ws/install/unitree_api/share/unitree_api/cmake)\n'}
[79.158357] (unitree_ros2_example) StdoutLine: {'line': b'-- Found rclcpp: 16.0.17 (/opt/ros/humble/share/rclcpp/cmake)\n'}
[79.168720] (stand_go2) StdoutLine: {'line': b'-- Found rmw_implementation_cmake: 6.1.2 (/opt/ros/humble/share/rmw_implementation_cmake/cmake)\n'}
[79.173497] (stand_go2) StdoutLine: {'line': b'-- Found rmw_fastrtps_cpp: 6.2.9 (/opt/ros/humble/share/rmw_fastrtps_cpp/cmake)\n'}
[79.215064] (-) TimerEvent: {}
[79.242037] (unitree_ros2_example) StdoutLine: {'line': b'-- Found rmw_implementation_cmake: 6.1.2 (/opt/ros/humble/share/rmw_implementation_cmake/cmake)\n'}
[79.246666] (unitree_ros2_example) StdoutLine: {'line': b'-- Found rmw_fastrtps_cpp: 6.2.9 (/opt/ros/humble/share/rmw_fastrtps_cpp/cmake)\n'}
[79.315637] (-) TimerEvent: {}
[79.335679] (unitree_legged_real) StdoutLine: {'line': b'-- Found OpenSSL: /usr/lib/aarch64-linux-gnu/libcrypto.so (found version "3.0.2")  \n'}
[79.380800] (unitree_legged_real) StdoutLine: {'line': b'-- Found FastRTPS: /opt/ros/humble/include  \n'}
[79.383834] (stand_go2) StdoutLine: {'line': b'-- Found OpenSSL: /usr/lib/aarch64-linux-gnu/libcrypto.so (found version "3.0.2")  \n'}
[79.415775] (-) TimerEvent: {}
[79.420483] (stand_go2) StdoutLine: {'line': b'-- Found FastRTPS: /opt/ros/humble/include  \n'}
[79.450440] (unitree_legged_real) StdoutLine: {'line': b"-- Using RMW implementation 'rmw_fastrtps_cpp' as default\n"}
[79.460732] (unitree_ros2_example) StdoutLine: {'line': b'-- Found OpenSSL: /usr/lib/aarch64-linux-gnu/libcrypto.so (found version "3.0.2")  \n'}
[79.468363] (unitree_legged_real) StdoutLine: {'line': b'-- Looking for pthread.h\n'}
[79.489072] (stand_go2) StdoutLine: {'line': b"-- Using RMW implementation 'rmw_fastrtps_cpp' as default\n"}
[79.498604] (unitree_ros2_example) StdoutLine: {'line': b'-- Found FastRTPS: /opt/ros/humble/include  \n'}
[79.503876] (stand_go2) StdoutLine: {'line': b'-- Looking for pthread.h\n'}
[79.516105] (-) TimerEvent: {}
[79.572090] (unitree_ros2_example) StdoutLine: {'line': b"-- Using RMW implementation 'rmw_fastrtps_cpp' as default\n"}
[79.592979] (unitree_ros2_example) StdoutLine: {'line': b'-- Looking for pthread.h\n'}
[79.616433] (-) TimerEvent: {}
[79.699531] (unitree_legged_real) StdoutLine: {'line': b'-- Looking for pthread.h - found\n'}
[79.702910] (unitree_legged_real) StdoutLine: {'line': b'-- Performing Test CMAKE_HAVE_LIBC_PTHREAD\n'}
[79.716201] (stand_go2) StdoutLine: {'line': b'-- Looking for pthread.h - found\n'}
[79.716761] (-) TimerEvent: {}
[79.719877] (stand_go2) StdoutLine: {'line': b'-- Performing Test CMAKE_HAVE_LIBC_PTHREAD\n'}
[79.816924] (-) TimerEvent: {}
[79.839413] (unitree_ros2_example) StdoutLine: {'line': b'-- Looking for pthread.h - found\n'}
[79.839977] (unitree_ros2_example) StdoutLine: {'line': b'-- Performing Test CMAKE_HAVE_LIBC_PTHREAD\n'}
[79.918360] (-) TimerEvent: {}
[79.941356] (unitree_legged_real) StdoutLine: {'line': b'-- Performing Test CMAKE_HAVE_LIBC_PTHREAD - Success\n'}
[79.944722] (unitree_legged_real) StdoutLine: {'line': b'-- Found Threads: TRUE  \n'}
[79.973843] (stand_go2) StdoutLine: {'line': b'-- Performing Test CMAKE_HAVE_LIBC_PTHREAD - Success\n'}
[79.977402] (stand_go2) StdoutLine: {'line': b'-- Found Threads: TRUE  \n'}
[80.018465] (-) TimerEvent: {}
[80.043148] (unitree_ros2_example) StdoutLine: {'line': b'-- Performing Test CMAKE_HAVE_LIBC_PTHREAD - Success\n'}
[80.050358] (unitree_ros2_example) StdoutLine: {'line': b'-- Found Threads: TRUE  \n'}
[80.076522] (stand_go2) StdoutLine: {'line': b'-- Found rosbag2_cpp: 0.15.15 (/opt/ros/humble/share/rosbag2_cpp/cmake)\n'}
[80.081691] (unitree_legged_real) StdoutLine: {'line': b'-- Found sensor_msgs: 4.9.0 (/opt/ros/humble/share/sensor_msgs/cmake)\n'}
[80.118599] (-) TimerEvent: {}
[80.134630] (unitree_ros2_example) StdoutLine: {'line': b'-- Found rosbag2_cpp: 0.15.15 (/opt/ros/humble/share/rosbag2_cpp/cmake)\n'}
[80.163961] (unitree_legged_real) StdoutLine: {'line': b'-- Found std_srvs: 4.9.0 (/opt/ros/humble/share/std_srvs/cmake)\n'}
[80.180596] (stand_go2) StdoutLine: {'line': b'-- Found ament_lint_auto: 0.12.14 (/opt/ros/humble/share/ament_lint_auto/cmake)\n'}
[80.197471] (unitree_legged_real) StdoutLine: {'line': b'-- Found ros2_unitree_legged_msgs: 0.4.0 (/ws/install/ros2_unitree_legged_msgs/share/ros2_unitree_legged_msgs/cmake)\n'}
[80.210557] (unitree_legged_real) StdoutLine: {'line': b'-- Found unitree_rl_controller: 0.0.0 (/ws/install/unitree_rl_controller/share/unitree_rl_controller/cmake)\n'}
[80.218719] (-) TimerEvent: {}
[80.232058] (unitree_ros2_example) StdoutLine: {'line': b'-- Found ament_lint_auto: 0.12.14 (/opt/ros/humble/share/ament_lint_auto/cmake)\n'}
[80.266194] (unitree_legged_real) StdoutLine: {'line': b'-- Found Torch: /ws/libtorch/lib/libtorch.so  \n'}
[80.267384] (unitree_legged_real) StdoutLine: {'line': b'-- TORCH_FOUND: TRUE\n'}
[80.268693] (unitree_legged_real) StdoutLine: {'line': b'-- TORCH_INCLUDE_DIRS: /ws/libtorch/include;/ws/libtorch/include/torch/csrc/api/include\n'}
[80.271673] (unitree_legged_real) StdoutLine: {'line': b'-- TORCH_LIBRARIES: torch;torch_library;/ws/libtorch/lib/libc10.so;/ws/libtorch/lib/libkineto.a\n'}
[80.271931] (unitree_legged_real) StdoutLine: {'line': b'-- Found unitree_go: 0.0.0 (/ws/install/unitree_go/share/unitree_go/cmake)\n'}
[80.294518] (unitree_legged_real) StdoutLine: {'line': b'-- Found unitree_api: 0.0.0 (/ws/install/unitree_api/share/unitree_api/cmake)\n'}
[80.318891] (-) TimerEvent: {}
[80.334812] (unitree_legged_real) StdoutLine: {'line': b'-- Found tf2: 0.25.18 (/opt/ros/humble/share/tf2/cmake)\n'}
[80.355342] (unitree_legged_real) StdoutLine: {'line': b'-- Found tf2_ros: 0.25.18 (/opt/ros/humble/share/tf2_ros/cmake)\n'}
[80.387550] (stand_go2) StdoutLine: {'line': b"-- Added test 'copyright' to check source files copyright and LICENSE\n"}
[80.391877] (stand_go2) StdoutLine: {'line': b"-- Added test 'cppcheck' to perform static code analysis on C / C++ code\n"}
[80.393319] (stand_go2) StdoutLine: {'line': b'-- Configured cppcheck include dirs: /ws/src/unitree_mujoco/example/ros2/include\n'}
[80.394148] (stand_go2) StdoutLine: {'line': b'-- Configured cppcheck exclude dirs and/or files: \n'}
[80.395101] (stand_go2) StdoutLine: {'line': b"-- Added test 'cpplint' to check C / C++ code against the Google style\n"}
[80.395317] (stand_go2) StdoutLine: {'line': b'-- Configured cpplint exclude dirs and/or files: \n'}
[80.400503] (stand_go2) StdoutLine: {'line': b"-- Added test 'lint_cmake' to check CMake code style\n"}
[80.406518] (stand_go2) StdoutLine: {'line': b"-- Added test 'uncrustify' to check C / C++ code style\n"}
[80.407951] (stand_go2) StdoutLine: {'line': b'-- Configured uncrustify additional arguments: \n'}
[80.409104] (stand_go2) StdoutLine: {'line': b"-- Added test 'xmllint' to check XML markup files\n"}
[80.416591] (stand_go2) StdoutLine: {'line': b'-- Configuring done\n'}
[80.419945] (-) TimerEvent: {}
[80.444755] (unitree_ros2_example) StdoutLine: {'line': b"-- Added test 'copyright' to check source files copyright and LICENSE\n"}
[80.445115] (stand_go2) StdoutLine: {'line': b'-- Generating done\n'}
[80.451896] (unitree_ros2_example) StdoutLine: {'line': b"-- Added test 'cppcheck' to perform static code analysis on C / C++ code\n"}
[80.453099] (stand_go2) StdoutLine: {'line': b'-- Build files have been written to: /ws/build/stand_go2\n'}
[80.453778] (unitree_ros2_example) StdoutLine: {'line': b'-- Configured cppcheck include dirs: /ws/src/unitree_ros2/example/src/include;/ws/src/unitree_ros2/example/src/include/common;/ws/src/unitree_ros2/example/src/include/nlohmann\n'}
[80.453997] (unitree_ros2_example) StdoutLine: {'line': b'-- Configured cppcheck exclude dirs and/or files: \n'}
[80.464421] (unitree_ros2_example) StdoutLine: {'line': b"-- Added test 'cpplint' to check C / C++ code against the Google style\n"}
[80.464797] (unitree_ros2_example) StdoutLine: {'line': b'-- Configured cpplint exclude dirs and/or files: \n'}
[80.466786] (unitree_ros2_example) StdoutLine: {'line': b"-- Added test 'lint_cmake' to check CMake code style\n"}
[80.476408] (unitree_ros2_example) StdoutLine: {'line': b"-- Added test 'uncrustify' to check C / C++ code style\n"}
[80.477395] (unitree_ros2_example) StdoutLine: {'line': b'-- Configured uncrustify additional arguments: \n'}
[80.478729] (unitree_ros2_example) StdoutLine: {'line': b"-- Added test 'xmllint' to check XML markup files\n"}
[80.481355] (unitree_ros2_example) StdoutLine: {'line': b'-- Configuring done\n'}
[80.482375] (stand_go2) CommandEnded: {'returncode': 0}
[80.484737] (stand_go2) JobProgress: {'identifier': 'stand_go2', 'progress': 'build'}
[80.484803] (stand_go2) Command: {'cmd': ['/usr/bin/cmake', '--build', '/ws/build/stand_go2', '--', '-j4', '-l4'], 'cwd': '/ws/build/stand_go2', 'env': OrderedDict([('HOSTNAME', 'pi'), ('SHLVL', '1'), ('LD_LIBRARY_PATH', '/ws/install/unitree_go/lib:/ws/install/unitree_api/lib:/ws/libtorch/lib:/opt/ros/humble/lib/aarch64-linux-gnu:/opt/ros/humble/lib'), ('HOME', '/root'), ('OLDPWD', '/ws/src'), ('ROS_PYTHON_VERSION', '3'), ('ROS_DISTRO', 'humble'), ('_', '/usr/bin/colcon'), ('ROS_VERSION', '2'), ('TERM', 'xterm'), ('ROS_LOCALHOST_ONLY', '0'), ('PATH', '/opt/ros/humble/bin:/usr/local/sbin:/usr/local/bin:/usr/sbin:/usr/bin:/sbin:/bin'), ('LANG', 'C.UTF-8'), ('LS_COLORS', 'rs=0:di=01;34:ln=01;36:mh=00:pi=40;33:so=01;35:do=01;35:bd=40;33;01:cd=40;33;01:or=40;31;01:mi=00:su=37;41:sg=30;43:ca=30;41:tw=30;42:ow=34;42:st=37;44:ex=01;32:*.tar=01;31:*.tgz=01;31:*.arc=01;31:*.arj=01;31:*.taz=01;31:*.lha=01;31:*.lz4=01;31:*.lzh=01;31:*.lzma=01;31:*.tlz=01;31:*.txz=01;31:*.tzo=01;31:*.t7z=01;31:*.zip=01;31:*.z=01;31:*.dz=01;31:*.gz=01;31:*.lrz=01;31:*.lz=01;31:*.lzo=01;31:*.xz=01;31:*.zst=01;31:*.tzst=01;31:*.bz2=01;31:*.bz=01;31:*.tbz=01;31:*.tbz2=01;31:*.tz=01;31:*.deb=01;31:*.rpm=01;31:*.jar=01;31:*.war=01;31:*.ear=01;31:*.sar=01;31:*.rar=01;31:*.alz=01;31:*.ace=01;31:*.zoo=01;31:*.cpio=01;31:*.7z=01;31:*.rz=01;31:*.cab=01;31:*.wim=01;31:*.swm=01;31:*.dwm=01;31:*.esd=01;31:*.jpg=01;35:*.jpeg=01;35:*.mjpg=01;35:*.mjpeg=01;35:*.gif=01;35:*.bmp=01;35:*.pbm=01;35:*.pgm=01;35:*.ppm=01;35:*.tga=01;35:*.xbm=01;35:*.xpm=01;35:*.tif=01;35:*.tiff=01;35:*.png=01;35:*.svg=01;35:*.svgz=01;35:*.mng=01;35:*.pcx=01;35:*.mov=01;35:*.mpg=01;35:*.mpeg=01;35:*.m2v=01;35:*.mkv=01;35:*.webm=01;35:*.webp=01;35:*.ogm=01;35:*.mp4=01;35:*.m4v=01;35:*.mp4v=01;35:*.vob=01;35:*.qt=01;35:*.nuv=01;35:*.wmv=01;35:*.asf=01;35:*.rm=01;35:*.rmvb=01;35:*.flc=01;35:*.avi=01;35:*.fli=01;35:*.flv=01;35:*.gl=01;35:*.dl=01;35:*.xcf=01;35:*.xwd=01;35:*.yuv=01;35:*.cgm=01;35:*.emf=01;35:*.ogv=01;35:*.ogx=01;35:*.aac=00;36:*.au=00;36:*.flac=00;36:*.m4a=00;36:*.mid=00;36:*.midi=00;36:*.mka=00;36:*.mp3=00;36:*.mpc=00;36:*.ogg=00;36:*.ra=00;36:*.wav=00;36:*.oga=00;36:*.opus=00;36:*.spx=00;36:*.xspf=00;36:'), ('AMENT_PREFIX_PATH', '/ws/install/unitree_go:/ws/install/unitree_api:/opt/ros/humble'), ('DEBIAN_FRONTEND', 'noninteractive'), ('Torch_DIR', '/ws/libtorch/share/cmake/Torch'), ('PWD', '/ws/build/stand_go2'), ('LC_ALL', 'C.UTF-8'), ('PYTHONPATH', '/ws/install/unitree_go/local/lib/python3.10/dist-packages:/ws/install/unitree_api/local/lib/python3.10/dist-packages:/opt/ros/humble/lib/python3.10/site-packages:/opt/ros/humble/local/lib/python3.10/dist-packages'), ('COLCON', '1'), ('CMAKE_PREFIX_PATH', '/ws/install/unitree_go:/ws/install/unitree_api:/ws/libtorch:/opt/ros/humble')]), 'shell': False}
[80.520087] (-) TimerEvent: {}
[80.582534] (unitree_ros2_example) StdoutLine: {'line': b'-- Generating done\n'}
[80.615478] (unitree_ros2_example) StdoutLine: {'line': b'-- Build files have been written to: /ws/build/unitree_ros2_example\n'}
[80.620240] (-) TimerEvent: {}
[80.647929] (stand_go2) StdoutLine: {'line': b'[ 33%] \x1b[32mBuilding CXX object CMakeFiles/stand_go2.dir/src/stand_go2.cpp.o\x1b[0m\n'}
[80.668703] (unitree_ros2_example) CommandEnded: {'returncode': 0}
[80.673131] (unitree_ros2_example) JobProgress: {'identifier': 'unitree_ros2_example', 'progress': 'build'}
[80.673200] (unitree_ros2_example) Command: {'cmd': ['/usr/bin/cmake', '--build', '/ws/build/unitree_ros2_example', '--', '-j4', '-l4'], 'cwd': '/ws/build/unitree_ros2_example', 'env': OrderedDict([('HOSTNAME', 'pi'), ('SHLVL', '1'), ('LD_LIBRARY_PATH', '/ws/install/unitree_hg/lib:/ws/install/unitree_go/lib:/ws/install/unitree_api/lib:/ws/libtorch/lib:/opt/ros/humble/lib/aarch64-linux-gnu:/opt/ros/humble/lib'), ('HOME', '/root'), ('OLDPWD', '/ws/src'), ('ROS_PYTHON_VERSION', '3'), ('ROS_DISTRO', 'humble'), ('_', '/usr/bin/colcon'), ('ROS_VERSION', '2'), ('TERM', 'xterm'), ('ROS_LOCALHOST_ONLY', '0'), ('PATH', '/opt/ros/humble/bin:/usr/local/sbin:/usr/local/bin:/usr/sbin:/usr/bin:/sbin:/bin'), ('LANG', 'C.UTF-8'), ('LS_COLORS', 'rs=0:di=01;34:ln=01;36:mh=00:pi=40;33:so=01;35:do=01;35:bd=40;33;01:cd=40;33;01:or=40;31;01:mi=00:su=37;41:sg=30;43:ca=30;41:tw=30;42:ow=34;42:st=37;44:ex=01;32:*.tar=01;31:*.tgz=01;31:*.arc=01;31:*.arj=01;31:*.taz=01;31:*.lha=01;31:*.lz4=01;31:*.lzh=01;31:*.lzma=01;31:*.tlz=01;31:*.txz=01;31:*.tzo=01;31:*.t7z=01;31:*.zip=01;31:*.z=01;31:*.dz=01;31:*.gz=01;31:*.lrz=01;31:*.lz=01;31:*.lzo=01;31:*.xz=01;31:*.zst=01;31:*.tzst=01;31:*.bz2=01;31:*.bz=01;31:*.tbz=01;31:*.tbz2=01;31:*.tz=01;31:*.deb=01;31:*.rpm=01;31:*.jar=01;31:*.war=01;31:*.ear=01;31:*.sar=01;31:*.rar=01;31:*.alz=01;31:*.ace=01;31:*.zoo=01;31:*.cpio=01;31:*.7z=01;31:*.rz=01;31:*.cab=01;31:*.wim=01;31:*.swm=01;31:*.dwm=01;31:*.esd=01;31:*.jpg=01;35:*.jpeg=01;35:*.mjpg=01;35:*.mjpeg=01;35:*.gif=01;35:*.bmp=01;35:*.pbm=01;35:*.pgm=01;35:*.ppm=01;35:*.tga=01;35:*.xbm=01;35:*.xpm=01;35:*.tif=01;35:*.tiff=01;35:*.png=01;35:*.svg=01;35:*.svgz=01;35:*.mng=01;35:*.pcx=01;35:*.mov=01;35:*.mpg=01;35:*.mpeg=01;35:*.m2v=01;35:*.mkv=01;35:*.webm=01;35:*.webp=01;35:*.ogm=01;35:*.mp4=01;35:*.m4v=01;35:*.mp4v=01;35:*.vob=01;35:*.qt=01;35:*.nuv=01;35:*.wmv=01;35:*.asf=01;35:*.rm=01;35:*.rmvb=01;35:*.flc=01;35:*.avi=01;35:*.fli=01;35:*.flv=01;35:*.gl=01;35:*.dl=01;35:*.xcf=01;35:*.xwd=01;35:*.yuv=01;35:*.cgm=01;35:*.emf=01;35:*.ogv=01;35:*.ogx=01;35:*.aac=00;36:*.au=00;36:*.flac=00;36:*.m4a=00;36:*.mid=00;36:*.midi=00;36:*.mka=00;36:*.mp3=00;36:*.mpc=00;36:*.ogg=00;36:*.ra=00;36:*.wav=00;36:*.oga=00;36:*.opus=00;36:*.spx=00;36:*.xspf=00;36:'), ('AMENT_PREFIX_PATH', '/ws/install/unitree_hg:/ws/install/unitree_go:/ws/install/unitree_api:/opt/ros/humble'), ('DEBIAN_FRONTEND', 'noninteractive'), ('Torch_DIR', '/ws/libtorch/share/cmake/Torch'), ('PWD', '/ws/build/unitree_ros2_example'), ('LC_ALL', 'C.UTF-8'), ('PYTHONPATH', '/ws/install/unitree_hg/local/lib/python3.10/dist-packages:/ws/install/unitree_go/local/lib/python3.10/dist-packages:/ws/install/unitree_api/local/lib/python3.10/dist-packages:/opt/ros/humble/lib/python3.10/site-packages:/opt/ros/humble/local/lib/python3.10/dist-packages'), ('COLCON', '1'), ('CMAKE_PREFIX_PATH', '/ws/install/unitree_hg:/ws/install/unitree_go:/ws/install/unitree_api:/ws/libtorch:/opt/ros/humble')]), 'shell': False}
[80.679034] (unitree_legged_real) StdoutLine: {'line': b'-- Found tf2_sensor_msgs: 0.25.18 (/opt/ros/humble/share/tf2_sensor_msgs/cmake)\n'}
[80.704851] (unitree_legged_real) StderrLine: {'line': b'\x1b[0m-- CMAKE_SYSTEM_PROCESSOR: aarch64\x1b[0m\n'}
[80.720766] (-) TimerEvent: {}
[80.802752] (unitree_ros2_example) StdoutLine: {'line': b'[  5%] \x1b[32mBuilding CXX object CMakeFiles/low_level_ctrl.dir/src/low_level_ctrl.cpp.o\x1b[0m\n'}
[80.823457] (-) TimerEvent: {}
[80.912921] (unitree_legged_real) StdoutLine: {'line': b'-- Configuring done\n'}
[80.923644] (-) TimerEvent: {}
[81.024941] (-) TimerEvent: {}
[81.033703] (unitree_legged_real) StdoutLine: {'line': b'-- Generating done\n'}
[81.059651] (unitree_legged_real) StdoutLine: {'line': b'-- Build files have been written to: /ws/build/unitree_legged_real\n'}
[81.097003] (unitree_legged_real) CommandEnded: {'returncode': 0}
[81.098638] (unitree_legged_real) JobProgress: {'identifier': 'unitree_legged_real', 'progress': 'build'}
[81.098822] (unitree_legged_real) Command: {'cmd': ['/usr/bin/cmake', '--build', '/ws/build/unitree_legged_real', '--', '-j4', '-l4'], 'cwd': '/ws/build/unitree_legged_real', 'env': OrderedDict([('HOSTNAME', 'pi'), ('SHLVL', '1'), ('LD_LIBRARY_PATH', '/ws/install/unitree_rl_controller/lib:/ws/install/unitree_go/lib:/ws/install/unitree_api/lib:/ws/install/ros2_unitree_legged_msgs/lib:/ws/libtorch/lib:/opt/ros/humble/lib/aarch64-linux-gnu:/opt/ros/humble/lib'), ('HOME', '/root'), ('OLDPWD', '/ws/src'), ('ROS_PYTHON_VERSION', '3'), ('ROS_DISTRO', 'humble'), ('_', '/usr/bin/colcon'), ('ROS_VERSION', '2'), ('TERM', 'xterm'), ('ROS_LOCALHOST_ONLY', '0'), ('PATH', '/opt/ros/humble/bin:/usr/local/sbin:/usr/local/bin:/usr/sbin:/usr/bin:/sbin:/bin'), ('LANG', 'C.UTF-8'), ('LS_COLORS', 'rs=0:di=01;34:ln=01;36:mh=00:pi=40;33:so=01;35:do=01;35:bd=40;33;01:cd=40;33;01:or=40;31;01:mi=00:su=37;41:sg=30;43:ca=30;41:tw=30;42:ow=34;42:st=37;44:ex=01;32:*.tar=01;31:*.tgz=01;31:*.arc=01;31:*.arj=01;31:*.taz=01;31:*.lha=01;31:*.lz4=01;31:*.lzh=01;31:*.lzma=01;31:*.tlz=01;31:*.txz=01;31:*.tzo=01;31:*.t7z=01;31:*.zip=01;31:*.z=01;31:*.dz=01;31:*.gz=01;31:*.lrz=01;31:*.lz=01;31:*.lzo=01;31:*.xz=01;31:*.zst=01;31:*.tzst=01;31:*.bz2=01;31:*.bz=01;31:*.tbz=01;31:*.tbz2=01;31:*.tz=01;31:*.deb=01;31:*.rpm=01;31:*.jar=01;31:*.war=01;31:*.ear=01;31:*.sar=01;31:*.rar=01;31:*.alz=01;31:*.ace=01;31:*.zoo=01;31:*.cpio=01;31:*.7z=01;31:*.rz=01;31:*.cab=01;31:*.wim=01;31:*.swm=01;31:*.dwm=01;31:*.esd=01;31:*.jpg=01;35:*.jpeg=01;35:*.mjpg=01;35:*.mjpeg=01;35:*.gif=01;35:*.bmp=01;35:*.pbm=01;35:*.pgm=01;35:*.ppm=01;35:*.tga=01;35:*.xbm=01;35:*.xpm=01;35:*.tif=01;35:*.tiff=01;35:*.png=01;35:*.svg=01;35:*.svgz=01;35:*.mng=01;35:*.pcx=01;35:*.mov=01;35:*.mpg=01;35:*.mpeg=01;35:*.m2v=01;35:*.mkv=01;35:*.webm=01;35:*.webp=01;35:*.ogm=01;35:*.mp4=01;35:*.m4v=01;35:*.mp4v=01;35:*.vob=01;35:*.qt=01;35:*.nuv=01;35:*.wmv=01;35:*.asf=01;35:*.rm=01;35:*.rmvb=01;35:*.flc=01;35:*.avi=01;35:*.fli=01;35:*.flv=01;35:*.gl=01;35:*.dl=01;35:*.xcf=01;35:*.xwd=01;35:*.yuv=01;35:*.cgm=01;35:*.emf=01;35:*.ogv=01;35:*.ogx=01;35:*.aac=00;36:*.au=00;36:*.flac=00;36:*.m4a=00;36:*.mid=00;36:*.midi=00;36:*.mka=00;36:*.mp3=00;36:*.mpc=00;36:*.ogg=00;36:*.ra=00;36:*.wav=00;36:*.oga=00;36:*.opus=00;36:*.spx=00;36:*.xspf=00;36:'), ('AMENT_PREFIX_PATH', '/ws/install/unitree_rl_controller:/ws/install/unitree_go:/ws/install/unitree_api:/ws/install/ros2_unitree_legged_msgs:/opt/ros/humble'), ('DEBIAN_FRONTEND', 'noninteractive'), ('Torch_DIR', '/ws/libtorch/share/cmake/Torch'), ('PWD', '/ws/build/unitree_legged_real'), ('LC_ALL', 'C.UTF-8'), ('PYTHONPATH', '/ws/install/unitree_go/local/lib/python3.10/dist-packages:/ws/install/unitree_api/local/lib/python3.10/dist-packages:/ws/install/ros2_unitree_legged_msgs/local/lib/python3.10/dist-packages:/opt/ros/humble/lib/python3.10/site-packages:/opt/ros/humble/local/lib/python3.10/dist-packages'), ('COLCON', '1'), ('CMAKE_PREFIX_PATH', '/ws/install/unitree_rl_controller:/ws/install/unitree_go:/ws/install/unitree_api:/ws/install/ros2_unitree_legged_msgs:/ws/libtorch:/opt/ros/humble')]), 'shell': False}
[81.112388] (rmw_cyclonedds_cpp) StdoutLine: {'line': b'[ 66%] \x1b[32mBuilding CXX object CMakeFiles/rmw_cyclonedds_cpp.dir/src/TypeSupport2.cpp.o\x1b[0m\n'}
[81.125075] (-) TimerEvent: {}
[81.222167] (unitree_legged_real) StdoutLine: {'line': b'[ 14%] \x1b[32mBuilding CXX object CMakeFiles/lcm_server.dir/unitree_legged_sdk/examples/lcm_server.cpp.o\x1b[0m\n'}
[81.227391] (-) TimerEvent: {}
[81.331122] (-) TimerEvent: {}
[81.434677] (-) TimerEvent: {}
[81.538435] (-) TimerEvent: {}
[81.639244] (-) TimerEvent: {}
[81.739980] (-) TimerEvent: {}
[81.840771] (-) TimerEvent: {}
[81.941623] (-) TimerEvent: {}
[82.044421] (-) TimerEvent: {}
[82.145371] (-) TimerEvent: {}
[82.246145] (-) TimerEvent: {}
[82.346987] (-) TimerEvent: {}
[82.449433] (-) TimerEvent: {}
[82.550253] (-) TimerEvent: {}
[82.651003] (-) TimerEvent: {}
[82.712775] (unitree_legged_real) StderrLine: {'line': b'In file included from \x1b[01m\x1b[K/usr/include/boost/smart_ptr/detail/sp_thread_sleep.hpp:22\x1b[m\x1b[K,\n'}
[82.714181] (unitree_legged_real) StderrLine: {'line': b'                 from \x1b[01m\x1b[K/usr/include/boost/smart_ptr/detail/yield_k.hpp:23\x1b[m\x1b[K,\n'}
[82.715365] (unitree_legged_real) StderrLine: {'line': b'                 from \x1b[01m\x1b[K/usr/include/boost/smart_ptr/detail/spinlock_gcc_atomic.hpp:14\x1b[m\x1b[K,\n'}
[82.716590] (unitree_legged_real) StderrLine: {'line': b'                 from \x1b[01m\x1b[K/usr/include/boost/smart_ptr/detail/spinlock.hpp:42\x1b[m\x1b[K,\n'}
[82.722347] (unitree_legged_real) StderrLine: {'line': b'                 from \x1b[01m\x1b[K/usr/include/boost/smart_ptr/detail/spinlock_pool.hpp:25\x1b[m\x1b[K,\n'}
[82.725612] (unitree_legged_real) StderrLine: {'line': b'                 from \x1b[01m\x1b[K/usr/include/boost/smart_ptr/shared_ptr.hpp:29\x1b[m\x1b[K,\n'}
[82.726536] (unitree_legged_real) StderrLine: {'line': b'                 from \x1b[01m\x1b[K/usr/include/boost/shared_ptr.hpp:17\x1b[m\x1b[K,\n'}
[82.726767] (unitree_legged_real) StderrLine: {'line': b'                 from \x1b[01m\x1b[K/ws/src/unitree_ros2_to_real/unitree_legged_sdk/include/unitree_legged_sdk/loop.h:14\x1b[m\x1b[K,\n'}
[82.726923] (unitree_legged_real) StderrLine: {'line': b'                 from \x1b[01m\x1b[K/ws/src/unitree_ros2_to_real/unitree_legged_sdk/include/unitree_legged_sdk/unitree_legged_sdk.h:11\x1b[m\x1b[K,\n'}
[82.727071] (unitree_legged_real) StderrLine: {'line': b'                 from \x1b[01m\x1b[K/ws/src/unitree_ros2_to_real/unitree_legged_sdk/include/unitree_legged_sdk/lcm_server.h:10\x1b[m\x1b[K,\n'}
[82.727201] (unitree_legged_real) StderrLine: {'line': b'                 from \x1b[01m\x1b[K/ws/src/unitree_ros2_to_real/unitree_legged_sdk/examples/lcm_server.cpp:1\x1b[m\x1b[K:\n'}
[82.727382] (unitree_legged_real) StderrLine: {'line': b'\x1b[01m\x1b[K/usr/include/boost/bind.hpp:36:1:\x1b[m\x1b[K \x1b[01;36m\x1b[Knote: \x1b[m\x1b[K\xe2\x80\x98\x1b[01m\x1b[K#pragma message: The practice of declaring the Bind placeholders (_1, _2, ...) in the global namespace is deprecated. Please use <boost/bind/bind.hpp> + using namespace boost::placeholders, or define BOOST_BIND_GLOBAL_PLACEHOLDERS to retain the current behavior.\x1b[m\x1b[K\xe2\x80\x99\n'}
[82.727594] (unitree_legged_real) StderrLine: {'line': b'   36 | \x1b[01;36m\x1b[KBOOST_PRAGMA_MESSAGE\x1b[m\x1b[K(\n'}
[82.727724] (unitree_legged_real) StderrLine: {'line': b'      | \x1b[01;36m\x1b[K^~~~~~~~~~~~~~~~~~~~\x1b[m\x1b[K\n'}
[82.752430] (-) TimerEvent: {}
[82.853276] (-) TimerEvent: {}
[82.955876] (-) TimerEvent: {}
[83.056737] (-) TimerEvent: {}
[83.157554] (-) TimerEvent: {}
[83.261431] (-) TimerEvent: {}
[83.362251] (-) TimerEvent: {}
[83.463042] (-) TimerEvent: {}
[83.563810] (-) TimerEvent: {}
[83.598509] (rmw_cyclonedds_cpp) StdoutLine: {'line': b'[ 75%] \x1b[32mBuilding CXX object CMakeFiles/rmw_cyclonedds_cpp.dir/src/TypeSupport.cpp.o\x1b[0m\n'}
[83.663939] (-) TimerEvent: {}
[83.677550] (unitree_legged_real) StdoutLine: {'line': b'[ 28%] \x1b[32m\x1b[1mLinking CXX executable lcm_server\x1b[0m\n'}
[83.766427] (-) TimerEvent: {}
[83.866981] (-) TimerEvent: {}
[83.891258] (unitree_legged_real) StdoutLine: {'line': b'[ 28%] Built target lcm_server\n'}
[83.944501] (unitree_legged_real) StdoutLine: {'line': b'[ 42%] \x1b[32mBuilding CXX object CMakeFiles/ros2_rl_go2.dir/src/ros2_rl_go2.cpp.o\x1b[0m\n'}
[83.968426] (-) TimerEvent: {}
[84.068984] (-) TimerEvent: {}
[84.169526] (-) TimerEvent: {}
[84.213878] (rmw_cyclonedds_cpp) StdoutLine: {'line': b'[ 83%] \x1b[32mBuilding CXX object CMakeFiles/rmw_cyclonedds_cpp.dir/src/serdata.cpp.o\x1b[0m\n'}
[84.269667] (-) TimerEvent: {}
[84.372420] (-) TimerEvent: {}
[84.473005] (-) TimerEvent: {}
[84.573600] (-) TimerEvent: {}
[84.674881] (-) TimerEvent: {}
[84.778685] (-) TimerEvent: {}
[84.879288] (-) TimerEvent: {}
[84.979884] (-) TimerEvent: {}
[85.080506] (-) TimerEvent: {}
[85.181084] (-) TimerEvent: {}
[85.283421] (-) TimerEvent: {}
[85.384753] (-) TimerEvent: {}
[85.486136] (-) TimerEvent: {}
[85.590173] (-) TimerEvent: {}
[85.690778] (-) TimerEvent: {}
[85.791379] (-) TimerEvent: {}
[85.891934] (-) TimerEvent: {}
[85.993430] (-) TimerEvent: {}
[86.094101] (-) TimerEvent: {}
[86.197558] (-) TimerEvent: {}
[86.298195] (-) TimerEvent: {}
[86.398841] (-) TimerEvent: {}
[86.499691] (-) TimerEvent: {}
[86.603447] (-) TimerEvent: {}
[86.704318] (-) TimerEvent: {}
[86.805086] (-) TimerEvent: {}
[86.906111] (-) TimerEvent: {}
[87.010400] (-) TimerEvent: {}
[87.115752] (-) TimerEvent: {}
[87.222129] (-) TimerEvent: {}
[87.323282] (-) TimerEvent: {}
[87.424322] (-) TimerEvent: {}
[87.527448] (-) TimerEvent: {}
[87.628825] (-) TimerEvent: {}
[87.733287] (-) TimerEvent: {}
[87.834559] (-) TimerEvent: {}
[87.935268] (-) TimerEvent: {}
[88.035977] (-) TimerEvent: {}
[88.139769] (-) TimerEvent: {}
[88.240466] (-) TimerEvent: {}
[88.341356] (-) TimerEvent: {}
[88.441953] (-) TimerEvent: {}
[88.544615] (-) TimerEvent: {}
[88.645461] (-) TimerEvent: {}
[88.746508] (-) TimerEvent: {}
[88.852897] (-) TimerEvent: {}
[88.953985] (-) TimerEvent: {}
[89.055127] (-) TimerEvent: {}
[89.159449] (-) TimerEvent: {}
[89.260167] (-) TimerEvent: {}
[89.360907] (-) TimerEvent: {}
[89.461591] (-) TimerEvent: {}
[89.562209] (-) TimerEvent: {}
[89.665448] (-) TimerEvent: {}
[89.766166] (-) TimerEvent: {}
[89.866865] (-) TimerEvent: {}
[89.967584] (-) TimerEvent: {}
[90.068255] (-) TimerEvent: {}
[90.171748] (-) TimerEvent: {}
[90.272458] (-) TimerEvent: {}
[90.373177] (-) TimerEvent: {}
[90.476921] (-) TimerEvent: {}
[90.577605] (-) TimerEvent: {}
[90.678337] (-) TimerEvent: {}
[90.781086] (-) TimerEvent: {}
[90.883428] (-) TimerEvent: {}
[90.984269] (-) TimerEvent: {}
[91.085610] (-) TimerEvent: {}
[91.189888] (-) TimerEvent: {}
[91.292667] (-) TimerEvent: {}
[91.395445] (-) TimerEvent: {}
[91.496088] (-) TimerEvent: {}
[91.584585] (rmw_cyclonedds_cpp) StdoutLine: {'line': b'[ 91%] \x1b[32mBuilding CXX object CMakeFiles/rmw_cyclonedds_cpp.dir/src/rmw_node.cpp.o\x1b[0m\n'}
[91.596206] (-) TimerEvent: {}
[91.668334] (unitree_ros2_example) StdoutLine: {'line': b'[ 10%] \x1b[32mBuilding CXX object CMakeFiles/low_level_ctrl.dir/src/common/motor_crc.cpp.o\x1b[0m\n'}
[91.671405] (stand_go2) StdoutLine: {'line': b'[ 66%] \x1b[32mBuilding CXX object CMakeFiles/stand_go2.dir/src/motor_crc.cpp.o\x1b[0m\n'}
[91.696356] (-) TimerEvent: {}
[91.799895] (-) TimerEvent: {}
[91.900430] (-) TimerEvent: {}
[92.003406] (-) TimerEvent: {}
[92.103913] (-) TimerEvent: {}
[92.208323] (-) TimerEvent: {}
[92.313840] (-) TimerEvent: {}
[92.416452] (-) TimerEvent: {}
[92.517032] (-) TimerEvent: {}
[92.618047] (-) TimerEvent: {}
[92.718658] (-) TimerEvent: {}
[92.822675] (-) TimerEvent: {}
[92.923271] (-) TimerEvent: {}
[93.023887] (-) TimerEvent: {}
[93.124482] (-) TimerEvent: {}
[93.225397] (-) TimerEvent: {}
[93.328958] (-) TimerEvent: {}
[93.429535] (-) TimerEvent: {}
[93.530098] (-) TimerEvent: {}
[93.633755] (-) TimerEvent: {}
[93.736416] (-) TimerEvent: {}
[93.840848] (-) TimerEvent: {}
[93.941685] (-) TimerEvent: {}
[94.045948] (-) TimerEvent: {}
[94.146688] (-) TimerEvent: {}
[94.247281] (-) TimerEvent: {}
[94.350413] (-) TimerEvent: {}
[94.450974] (-) TimerEvent: {}
[94.551611] (-) TimerEvent: {}
[94.652392] (-) TimerEvent: {}
[94.753490] (-) TimerEvent: {}
[94.864431] (-) TimerEvent: {}
[94.965043] (-) TimerEvent: {}
[95.065703] (-) TimerEvent: {}
[95.166323] (-) TimerEvent: {}
[95.269488] (-) TimerEvent: {}
[95.370103] (-) TimerEvent: {}
[95.470756] (-) TimerEvent: {}
[95.571395] (-) TimerEvent: {}
[95.672388] (-) TimerEvent: {}
[95.775905] (-) TimerEvent: {}
[95.876702] (-) TimerEvent: {}
[95.977530] (-) TimerEvent: {}
[96.078385] (-) TimerEvent: {}
[96.181433] (-) TimerEvent: {}
[96.282442] (-) TimerEvent: {}
[96.383225] (-) TimerEvent: {}
[96.484047] (-) TimerEvent: {}
[96.586425] (-) TimerEvent: {}
[96.687185] (-) TimerEvent: {}
[96.788053] (-) TimerEvent: {}
[96.890431] (-) TimerEvent: {}
[96.991225] (-) TimerEvent: {}
[97.092065] (-) TimerEvent: {}
[97.195457] (-) TimerEvent: {}
[97.296347] (-) TimerEvent: {}
[97.397152] (-) TimerEvent: {}
[97.497964] (-) TimerEvent: {}
[97.601446] (-) TimerEvent: {}
[97.702363] (-) TimerEvent: {}
[97.803231] (-) TimerEvent: {}
[97.904639] (-) TimerEvent: {}
[98.005467] (-) TimerEvent: {}
[98.108450] (-) TimerEvent: {}
[98.209331] (-) TimerEvent: {}
[98.310651] (-) TimerEvent: {}
[98.416149] (-) TimerEvent: {}
[98.445133] (stand_go2) StdoutLine: {'line': b'[100%] \x1b[32m\x1b[1mLinking CXX executable stand_go2\x1b[0m\n'}
[98.516466] (-) TimerEvent: {}
[98.617645] (-) TimerEvent: {}
[98.710627] (unitree_ros2_example) StdoutLine: {'line': b'[ 15%] \x1b[32m\x1b[1mLinking CXX executable low_level_ctrl\x1b[0m\n'}
[98.717864] (-) TimerEvent: {}
[98.822606] (-) TimerEvent: {}
[98.924012] (-) TimerEvent: {}
[99.024777] (-) TimerEvent: {}
[99.125733] (-) TimerEvent: {}
[99.176606] (stand_go2) StdoutLine: {'line': b'[100%] Built target stand_go2\n'}
[99.211454] (stand_go2) CommandEnded: {'returncode': 0}
[99.212130] (stand_go2) JobProgress: {'identifier': 'stand_go2', 'progress': 'install'}
[99.214087] (stand_go2) Command: {'cmd': ['/usr/bin/cmake', '--install', '/ws/build/stand_go2'], 'cwd': '/ws/build/stand_go2', 'env': OrderedDict([('HOSTNAME', 'pi'), ('SHLVL', '1'), ('LD_LIBRARY_PATH', '/ws/install/unitree_go/lib:/ws/install/unitree_api/lib:/ws/libtorch/lib:/opt/ros/humble/lib/aarch64-linux-gnu:/opt/ros/humble/lib'), ('HOME', '/root'), ('OLDPWD', '/ws/src'), ('ROS_PYTHON_VERSION', '3'), ('ROS_DISTRO', 'humble'), ('_', '/usr/bin/colcon'), ('ROS_VERSION', '2'), ('TERM', 'xterm'), ('ROS_LOCALHOST_ONLY', '0'), ('PATH', '/opt/ros/humble/bin:/usr/local/sbin:/usr/local/bin:/usr/sbin:/usr/bin:/sbin:/bin'), ('LANG', 'C.UTF-8'), ('LS_COLORS', 'rs=0:di=01;34:ln=01;36:mh=00:pi=40;33:so=01;35:do=01;35:bd=40;33;01:cd=40;33;01:or=40;31;01:mi=00:su=37;41:sg=30;43:ca=30;41:tw=30;42:ow=34;42:st=37;44:ex=01;32:*.tar=01;31:*.tgz=01;31:*.arc=01;31:*.arj=01;31:*.taz=01;31:*.lha=01;31:*.lz4=01;31:*.lzh=01;31:*.lzma=01;31:*.tlz=01;31:*.txz=01;31:*.tzo=01;31:*.t7z=01;31:*.zip=01;31:*.z=01;31:*.dz=01;31:*.gz=01;31:*.lrz=01;31:*.lz=01;31:*.lzo=01;31:*.xz=01;31:*.zst=01;31:*.tzst=01;31:*.bz2=01;31:*.bz=01;31:*.tbz=01;31:*.tbz2=01;31:*.tz=01;31:*.deb=01;31:*.rpm=01;31:*.jar=01;31:*.war=01;31:*.ear=01;31:*.sar=01;31:*.rar=01;31:*.alz=01;31:*.ace=01;31:*.zoo=01;31:*.cpio=01;31:*.7z=01;31:*.rz=01;31:*.cab=01;31:*.wim=01;31:*.swm=01;31:*.dwm=01;31:*.esd=01;31:*.jpg=01;35:*.jpeg=01;35:*.mjpg=01;35:*.mjpeg=01;35:*.gif=01;35:*.bmp=01;35:*.pbm=01;35:*.pgm=01;35:*.ppm=01;35:*.tga=01;35:*.xbm=01;35:*.xpm=01;35:*.tif=01;35:*.tiff=01;35:*.png=01;35:*.svg=01;35:*.svgz=01;35:*.mng=01;35:*.pcx=01;35:*.mov=01;35:*.mpg=01;35:*.mpeg=01;35:*.m2v=01;35:*.mkv=01;35:*.webm=01;35:*.webp=01;35:*.ogm=01;35:*.mp4=01;35:*.m4v=01;35:*.mp4v=01;35:*.vob=01;35:*.qt=01;35:*.nuv=01;35:*.wmv=01;35:*.asf=01;35:*.rm=01;35:*.rmvb=01;35:*.flc=01;35:*.avi=01;35:*.fli=01;35:*.flv=01;35:*.gl=01;35:*.dl=01;35:*.xcf=01;35:*.xwd=01;35:*.yuv=01;35:*.cgm=01;35:*.emf=01;35:*.ogv=01;35:*.ogx=01;35:*.aac=00;36:*.au=00;36:*.flac=00;36:*.m4a=00;36:*.mid=00;36:*.midi=00;36:*.mka=00;36:*.mp3=00;36:*.mpc=00;36:*.ogg=00;36:*.ra=00;36:*.wav=00;36:*.oga=00;36:*.opus=00;36:*.spx=00;36:*.xspf=00;36:'), ('AMENT_PREFIX_PATH', '/ws/install/unitree_go:/ws/install/unitree_api:/opt/ros/humble'), ('DEBIAN_FRONTEND', 'noninteractive'), ('Torch_DIR', '/ws/libtorch/share/cmake/Torch'), ('PWD', '/ws/build/stand_go2'), ('LC_ALL', 'C.UTF-8'), ('PYTHONPATH', '/ws/install/unitree_go/local/lib/python3.10/dist-packages:/ws/install/unitree_api/local/lib/python3.10/dist-packages:/opt/ros/humble/lib/python3.10/site-packages:/opt/ros/humble/local/lib/python3.10/dist-packages'), ('COLCON', '1'), ('CMAKE_PREFIX_PATH', '/ws/install/unitree_go:/ws/install/unitree_api:/ws/libtorch:/opt/ros/humble')]), 'shell': False}
[99.227596] (-) TimerEvent: {}
[99.246332] (stand_go2) StdoutLine: {'line': b'-- Install configuration: ""\n'}
[99.246939] (stand_go2) StdoutLine: {'line': b'-- Installing: /ws/install/stand_go2/lib/stand_go2/stand_go2\n'}
[99.252426] (stand_go2) StdoutLine: {'line': b'-- Set runtime path of "/ws/install/stand_go2/lib/stand_go2/stand_go2" to ""\n'}
[99.252774] (stand_go2) StdoutLine: {'line': b'-- Installing: /ws/install/stand_go2/share/ament_index/resource_index/package_run_dependencies/stand_go2\n'}
[99.252989] (stand_go2) StdoutLine: {'line': b'-- Installing: /ws/install/stand_go2/share/ament_index/resource_index/parent_prefix_path/stand_go2\n'}
[99.253101] (stand_go2) StdoutLine: {'line': b'-- Installing: /ws/install/stand_go2/share/stand_go2/environment/ament_prefix_path.sh\n'}
[99.253180] (stand_go2) StdoutLine: {'line': b'-- Installing: /ws/install/stand_go2/share/stand_go2/environment/ament_prefix_path.dsv\n'}
[99.253253] (stand_go2) StdoutLine: {'line': b'-- Installing: /ws/install/stand_go2/share/stand_go2/environment/path.sh\n'}
[99.253351] (stand_go2) StdoutLine: {'line': b'-- Installing: /ws/install/stand_go2/share/stand_go2/environment/path.dsv\n'}
[99.253434] (stand_go2) StdoutLine: {'line': b'-- Installing: /ws/install/stand_go2/share/stand_go2/local_setup.bash\n'}
[99.253619] (stand_go2) StdoutLine: {'line': b'-- Installing: /ws/install/stand_go2/share/stand_go2/local_setup.sh\n'}
[99.253723] (stand_go2) StdoutLine: {'line': b'-- Installing: /ws/install/stand_go2/share/stand_go2/local_setup.zsh\n'}
[99.253800] (stand_go2) StdoutLine: {'line': b'-- Installing: /ws/install/stand_go2/share/stand_go2/local_setup.dsv\n'}
[99.254069] (stand_go2) StdoutLine: {'line': b'-- Installing: /ws/install/stand_go2/share/stand_go2/package.dsv\n'}
[99.254382] (stand_go2) StdoutLine: {'line': b'-- Installing: /ws/install/stand_go2/share/ament_index/resource_index/packages/stand_go2\n'}
[99.254648] (stand_go2) StdoutLine: {'line': b'-- Installing: /ws/install/stand_go2/share/stand_go2/cmake/stand_go2Config.cmake\n'}
[99.254797] (stand_go2) StdoutLine: {'line': b'-- Installing: /ws/install/stand_go2/share/stand_go2/cmake/stand_go2Config-version.cmake\n'}
[99.257482] (stand_go2) StdoutLine: {'line': b'-- Installing: /ws/install/stand_go2/share/stand_go2/package.xml\n'}
[99.259091] (stand_go2) CommandEnded: {'returncode': 0}
[99.312137] (stand_go2) JobEnded: {'identifier': 'stand_go2', 'rc': 0}
[99.327824] (-) TimerEvent: {}
[99.430418] (-) TimerEvent: {}
[99.434245] (unitree_ros2_example) StdoutLine: {'line': b'[ 15%] Built target low_level_ctrl\n'}
[99.483008] (unitree_ros2_example) StdoutLine: {'line': b'[ 20%] \x1b[32mBuilding CXX object CMakeFiles/read_low_state.dir/src/read_low_state.cpp.o\x1b[0m\n'}
[99.530556] (-) TimerEvent: {}
[99.631200] (-) TimerEvent: {}
[99.733765] (-) TimerEvent: {}
[99.834398] (-) TimerEvent: {}
[99.935043] (-) TimerEvent: {}
[100.035716] (-) TimerEvent: {}
[100.136738] (-) TimerEvent: {}
[100.237279] (-) TimerEvent: {}
[100.338105] (-) TimerEvent: {}
[100.438677] (-) TimerEvent: {}
[100.539340] (-) TimerEvent: {}
[100.640108] (-) TimerEvent: {}
[100.740726] (-) TimerEvent: {}
[100.841285] (-) TimerEvent: {}
[100.945827] (-) TimerEvent: {}
[101.046471] (-) TimerEvent: {}
[101.147049] (-) TimerEvent: {}
[101.247652] (-) TimerEvent: {}
[101.348246] (-) TimerEvent: {}
[101.448835] (-) TimerEvent: {}
[101.549420] (-) TimerEvent: {}
[101.650512] (-) TimerEvent: {}
[101.751270] (-) TimerEvent: {}
[101.853216] (-) TimerEvent: {}
[101.956396] (-) TimerEvent: {}
[102.057067] (-) TimerEvent: {}
[102.157632] (-) TimerEvent: {}
[102.846618] (-) TimerEvent: {}
[102.947123] (-) TimerEvent: {}
[103.049400] (-) TimerEvent: {}
[103.152180] (-) TimerEvent: {}
[103.252688] (-) TimerEvent: {}
[103.356939] (-) TimerEvent: {}
[103.457443] (-) TimerEvent: {}
[103.558014] (-) TimerEvent: {}
[103.658718] (-) TimerEvent: {}
[103.759357] (-) TimerEvent: {}
[103.832018] (rmw_cyclonedds_cpp) StdoutLine: {'line': b'[100%] \x1b[32m\x1b[1mLinking CXX shared library librmw_cyclonedds_cpp.so\x1b[0m\n'}
[103.859501] (-) TimerEvent: {}
[103.965433] (-) TimerEvent: {}
[104.068831] (-) TimerEvent: {}
[104.169361] (-) TimerEvent: {}
[104.270290] (-) TimerEvent: {}
[104.370982] (-) TimerEvent: {}
[104.475080] (-) TimerEvent: {}
[104.577082] (-) TimerEvent: {}
[104.677529] (-) TimerEvent: {}
[104.685475] (rmw_cyclonedds_cpp) StdoutLine: {'line': b'[100%] Built target rmw_cyclonedds_cpp\n'}
[104.718272] (rmw_cyclonedds_cpp) CommandEnded: {'returncode': 0}
[104.719069] (rmw_cyclonedds_cpp) JobProgress: {'identifier': 'rmw_cyclonedds_cpp', 'progress': 'install'}
[104.719132] (rmw_cyclonedds_cpp) Command: {'cmd': ['/usr/bin/cmake', '--install', '/ws/build/rmw_cyclonedds_cpp'], 'cwd': '/ws/build/rmw_cyclonedds_cpp', 'env': OrderedDict([('HOSTNAME', 'pi'), ('SHLVL', '1'), ('LD_LIBRARY_PATH', '/ws/install/cyclonedds/lib:/ws/libtorch/lib:/opt/ros/humble/lib/aarch64-linux-gnu:/opt/ros/humble/lib'), ('HOME', '/root'), ('OLDPWD', '/ws/src'), ('ROS_PYTHON_VERSION', '3'), ('ROS_DISTRO', 'humble'), ('_', '/usr/bin/colcon'), ('ROS_VERSION', '2'), ('PKG_CONFIG_PATH', '/ws/install/cyclonedds/lib/aarch64-linux-gnu/pkgconfig:/ws/install/cyclonedds/lib/pkgconfig'), ('TERM', 'xterm'), ('ROS_LOCALHOST_ONLY', '0'), ('PATH', '/ws/install/cyclonedds/bin:/opt/ros/humble/bin:/usr/local/sbin:/usr/local/bin:/usr/sbin:/usr/bin:/sbin:/bin'), ('LANG', 'C.UTF-8'), ('LS_COLORS', 'rs=0:di=01;34:ln=01;36:mh=00:pi=40;33:so=01;35:do=01;35:bd=40;33;01:cd=40;33;01:or=40;31;01:mi=00:su=37;41:sg=30;43:ca=30;41:tw=30;42:ow=34;42:st=37;44:ex=01;32:*.tar=01;31:*.tgz=01;31:*.arc=01;31:*.arj=01;31:*.taz=01;31:*.lha=01;31:*.lz4=01;31:*.lzh=01;31:*.lzma=01;31:*.tlz=01;31:*.txz=01;31:*.tzo=01;31:*.t7z=01;31:*.zip=01;31:*.z=01;31:*.dz=01;31:*.gz=01;31:*.lrz=01;31:*.lz=01;31:*.lzo=01;31:*.xz=01;31:*.zst=01;31:*.tzst=01;31:*.bz2=01;31:*.bz=01;31:*.tbz=01;31:*.tbz2=01;31:*.tz=01;31:*.deb=01;31:*.rpm=01;31:*.jar=01;31:*.war=01;31:*.ear=01;31:*.sar=01;31:*.rar=01;31:*.alz=01;31:*.ace=01;31:*.zoo=01;31:*.cpio=01;31:*.7z=01;31:*.rz=01;31:*.cab=01;31:*.wim=01;31:*.swm=01;31:*.dwm=01;31:*.esd=01;31:*.jpg=01;35:*.jpeg=01;35:*.mjpg=01;35:*.mjpeg=01;35:*.gif=01;35:*.bmp=01;35:*.pbm=01;35:*.pgm=01;35:*.ppm=01;35:*.tga=01;35:*.xbm=01;35:*.xpm=01;35:*.tif=01;35:*.tiff=01;35:*.png=01;35:*.svg=01;35:*.svgz=01;35:*.mng=01;35:*.pcx=01;35:*.mov=01;35:*.mpg=01;35:*.mpeg=01;35:*.m2v=01;35:*.mkv=01;35:*.webm=01;35:*.webp=01;35:*.ogm=01;35:*.mp4=01;35:*.m4v=01;35:*.mp4v=01;35:*.vob=01;35:*.qt=01;35:*.nuv=01;35:*.wmv=01;35:*.asf=01;35:*.rm=01;35:*.rmvb=01;35:*.flc=01;35:*.avi=01;35:*.fli=01;35:*.flv=01;35:*.gl=01;35:*.dl=01;35:*.xcf=01;35:*.xwd=01;35:*.yuv=01;35:*.cgm=01;35:*.emf=01;35:*.ogv=01;35:*.ogx=01;35:*.aac=00;36:*.au=00;36:*.flac=00;36:*.m4a=00;36:*.mid=00;36:*.midi=00;36:*.mka=00;36:*.mp3=00;36:*.mpc=00;36:*.ogg=00;36:*.ra=00;36:*.wav=00;36:*.oga=00;36:*.opus=00;36:*.spx=00;36:*.xspf=00;36:'), ('AMENT_PREFIX_PATH', '/opt/ros/humble'), ('DEBIAN_FRONTEND', 'noninteractive'), ('Torch_DIR', '/ws/libtorch/share/cmake/Torch'), ('PWD', '/ws/build/rmw_cyclonedds_cpp'), ('LC_ALL', 'C.UTF-8'), ('PYTHONPATH', '/opt/ros/humble/lib/python3.10/site-packages:/opt/ros/humble/local/lib/python3.10/dist-packages'), ('COLCON', '1'), ('CMAKE_PREFIX_PATH', '/ws/install/cyclonedds:/ws/libtorch:/opt/ros/humble')]), 'shell': False}
[104.736420] (rmw_cyclonedds_cpp) StdoutLine: {'line': b'-- Install configuration: ""\n'}
[104.738156] (rmw_cyclonedds_cpp) StdoutLine: {'line': b'-- Installing: /ws/install/rmw_cyclonedds_cpp/share/ament_index/resource_index/rmw_typesupport_c/rmw_cyclonedds_cpp\n'}
[104.740115] (rmw_cyclonedds_cpp) StdoutLine: {'line': b'-- Installing: /ws/install/rmw_cyclonedds_cpp/share/ament_index/resource_index/rmw_typesupport_cpp/rmw_cyclonedds_cpp\n'}
[104.740463] (rmw_cyclonedds_cpp) StdoutLine: {'line': b'-- Installing: /ws/install/rmw_cyclonedds_cpp/share/ament_index/resource_index/rmw_typesupport/rmw_cyclonedds_cpp\n'}
[104.740839] (rmw_cyclonedds_cpp) StdoutLine: {'line': b'-- Installing: /ws/install/rmw_cyclonedds_cpp/share/ament_index/resource_index/package_run_dependencies/rmw_cyclonedds_cpp\n'}
[104.741214] (rmw_cyclonedds_cpp) StdoutLine: {'line': b'-- Installing: /ws/install/rmw_cyclonedds_cpp/share/ament_index/resource_index/parent_prefix_path/rmw_cyclonedds_cpp\n'}
[104.745116] (rmw_cyclonedds_cpp) StdoutLine: {'line': b'-- Installing: /ws/install/rmw_cyclonedds_cpp/share/rmw_cyclonedds_cpp/environment/ament_prefix_path.sh\n'}
[104.747375] (rmw_cyclonedds_cpp) StdoutLine: {'line': b'-- Installing: /ws/install/rmw_cyclonedds_cpp/share/rmw_cyclonedds_cpp/environment/ament_prefix_path.dsv\n'}
[104.749114] (rmw_cyclonedds_cpp) StdoutLine: {'line': b'-- Installing: /ws/install/rmw_cyclonedds_cpp/share/rmw_cyclonedds_cpp/environment/path.sh\n'}
[104.749527] (rmw_cyclonedds_cpp) StdoutLine: {'line': b'-- Installing: /ws/install/rmw_cyclonedds_cpp/share/rmw_cyclonedds_cpp/environment/path.dsv\n'}
[104.749806] (rmw_cyclonedds_cpp) StdoutLine: {'line': b'-- Installing: /ws/install/rmw_cyclonedds_cpp/share/rmw_cyclonedds_cpp/local_setup.bash\n'}
[104.750164] (rmw_cyclonedds_cpp) StdoutLine: {'line': b'-- Installing: /ws/install/rmw_cyclonedds_cpp/share/rmw_cyclonedds_cpp/local_setup.sh\n'}
[104.754883] (rmw_cyclonedds_cpp) StdoutLine: {'line': b'-- Installing: /ws/install/rmw_cyclonedds_cpp/share/rmw_cyclonedds_cpp/local_setup.zsh\n'}
[104.756110] (rmw_cyclonedds_cpp) StdoutLine: {'line': b'-- Installing: /ws/install/rmw_cyclonedds_cpp/share/rmw_cyclonedds_cpp/local_setup.dsv\n'}
[104.756536] (rmw_cyclonedds_cpp) StdoutLine: {'line': b'-- Installing: /ws/install/rmw_cyclonedds_cpp/share/rmw_cyclonedds_cpp/package.dsv\n'}
[104.756875] (rmw_cyclonedds_cpp) StdoutLine: {'line': b'-- Installing: /ws/install/rmw_cyclonedds_cpp/share/ament_index/resource_index/packages/rmw_cyclonedds_cpp\n'}
[104.758023] (rmw_cyclonedds_cpp) StdoutLine: {'line': b'-- Installing: /ws/install/rmw_cyclonedds_cpp/share/rmw_cyclonedds_cpp/cmake/export_rmw_cyclonedds_cppExport.cmake\n'}
[104.758784] (rmw_cyclonedds_cpp) StdoutLine: {'line': b'-- Installing: /ws/install/rmw_cyclonedds_cpp/share/rmw_cyclonedds_cpp/cmake/export_rmw_cyclonedds_cppExport-noconfig.cmake\n'}
[104.759008] (rmw_cyclonedds_cpp) StdoutLine: {'line': b'-- Installing: /ws/install/rmw_cyclonedds_cpp/share/rmw_cyclonedds_cpp/cmake/ament_cmake_export_dependencies-extras.cmake\n'}
[104.760004] (rmw_cyclonedds_cpp) StdoutLine: {'line': b'-- Installing: /ws/install/rmw_cyclonedds_cpp/share/rmw_cyclonedds_cpp/cmake/ament_cmake_export_targets-extras.cmake\n'}
[104.760261] (rmw_cyclonedds_cpp) StdoutLine: {'line': b'-- Installing: /ws/install/rmw_cyclonedds_cpp/share/rmw_cyclonedds_cpp/cmake/rmw_cyclonedds_cppConfig.cmake\n'}
[104.761243] (rmw_cyclonedds_cpp) StdoutLine: {'line': b'-- Installing: /ws/install/rmw_cyclonedds_cpp/share/rmw_cyclonedds_cpp/cmake/rmw_cyclonedds_cppConfig-version.cmake\n'}
[104.761480] (rmw_cyclonedds_cpp) StdoutLine: {'line': b'-- Installing: /ws/install/rmw_cyclonedds_cpp/share/rmw_cyclonedds_cpp/package.xml\n'}
[104.763648] (rmw_cyclonedds_cpp) StdoutLine: {'line': b'-- Installing: /ws/install/rmw_cyclonedds_cpp/lib/librmw_cyclonedds_cpp.so\n'}
[104.769988] (rmw_cyclonedds_cpp) StdoutLine: {'line': b'-- Set runtime path of "/ws/install/rmw_cyclonedds_cpp/lib/librmw_cyclonedds_cpp.so" to ""\n'}
[104.770323] (rmw_cyclonedds_cpp) StdoutLine: {'line': b'-- Installing: /ws/install/rmw_cyclonedds_cpp/share/ament_index/resource_index/rmw_output_patterns/rmw_cyclonedds_cpp\n'}
[104.774596] (rmw_cyclonedds_cpp) CommandEnded: {'returncode': 0}
[104.778486] (-) TimerEvent: {}
[104.817979] (rmw_cyclonedds_cpp) JobEnded: {'identifier': 'rmw_cyclonedds_cpp', 'rc': 0}
[104.878655] (-) TimerEvent: {}
[104.979128] (-) TimerEvent: {}
[105.079605] (-) TimerEvent: {}
[105.180088] (-) TimerEvent: {}
[105.280572] (-) TimerEvent: {}
[105.381074] (-) TimerEvent: {}
[105.481619] (-) TimerEvent: {}
[105.582159] (-) TimerEvent: {}
[105.682709] (-) TimerEvent: {}
[105.783219] (-) TimerEvent: {}
[105.883767] (-) TimerEvent: {}
[105.984230] (-) TimerEvent: {}
[106.084734] (-) TimerEvent: {}
[106.185244] (-) TimerEvent: {}
[106.285737] (-) TimerEvent: {}
[106.386233] (-) TimerEvent: {}
[106.486753] (-) TimerEvent: {}
[106.587244] (-) TimerEvent: {}
[106.687781] (-) TimerEvent: {}
[106.788280] (-) TimerEvent: {}
[106.888987] (-) TimerEvent: {}
[106.989431] (-) TimerEvent: {}
[107.089899] (-) TimerEvent: {}
[107.190374] (-) TimerEvent: {}
[107.290862] (-) TimerEvent: {}
[107.391370] (-) TimerEvent: {}
[107.491839] (-) TimerEvent: {}
[107.592296] (-) TimerEvent: {}
[107.692754] (-) TimerEvent: {}
[107.793236] (-) TimerEvent: {}
[107.893717] (-) TimerEvent: {}
[107.994157] (-) TimerEvent: {}
[108.094639] (-) TimerEvent: {}
[108.195126] (-) TimerEvent: {}
[108.295837] (-) TimerEvent: {}
[108.396370] (-) TimerEvent: {}
[108.496957] (-) TimerEvent: {}
[108.597609] (-) TimerEvent: {}
[108.698105] (-) TimerEvent: {}
[108.798919] (-) TimerEvent: {}
[108.899689] (-) TimerEvent: {}
[109.000532] (-) TimerEvent: {}
[109.101186] (-) TimerEvent: {}
[109.201723] (-) TimerEvent: {}
[109.302223] (-) TimerEvent: {}
[109.402753] (-) TimerEvent: {}
[109.503261] (-) TimerEvent: {}
[109.603801] (-) TimerEvent: {}
[109.704287] (-) TimerEvent: {}
[109.804825] (-) TimerEvent: {}
[109.907449] (-) TimerEvent: {}
[110.007955] (-) TimerEvent: {}
[110.108487] (-) TimerEvent: {}
[110.208997] (-) TimerEvent: {}
[110.309514] (-) TimerEvent: {}
[110.410014] (-) TimerEvent: {}
[110.510516] (-) TimerEvent: {}
[110.611017] (-) TimerEvent: {}
[110.711545] (-) TimerEvent: {}
[110.812026] (-) TimerEvent: {}
[110.912522] (-) TimerEvent: {}
[111.012996] (-) TimerEvent: {}
[111.113487] (-) TimerEvent: {}
[111.213960] (-) TimerEvent: {}
[111.314421] (-) TimerEvent: {}
[111.414902] (-) TimerEvent: {}
[111.515379] (-) TimerEvent: {}
[111.615861] (-) TimerEvent: {}
[111.716353] (-) TimerEvent: {}
[111.816822] (-) TimerEvent: {}
[111.917286] (-) TimerEvent: {}
[112.017779] (-) TimerEvent: {}
[112.118249] (-) TimerEvent: {}
[112.218748] (-) TimerEvent: {}
[112.319255] (-) TimerEvent: {}
[112.419807] (-) TimerEvent: {}
[112.520313] (-) TimerEvent: {}
[112.620780] (-) TimerEvent: {}
[112.721238] (-) TimerEvent: {}
[112.821707] (-) TimerEvent: {}
[112.954103] (-) TimerEvent: {}
[113.054646] (-) TimerEvent: {}
[113.155140] (-) TimerEvent: {}
[113.255661] (-) TimerEvent: {}
[113.356128] (-) TimerEvent: {}
[113.456587] (-) TimerEvent: {}
[113.557015] (-) TimerEvent: {}
[113.657494] (-) TimerEvent: {}
[113.757958] (-) TimerEvent: {}
[113.858401] (-) TimerEvent: {}
[113.958842] (-) TimerEvent: {}
[114.059263] (-) TimerEvent: {}
[114.159713] (-) TimerEvent: {}
[114.260179] (-) TimerEvent: {}
[114.360679] (-) TimerEvent: {}
[114.461132] (-) TimerEvent: {}
[114.561683] (-) TimerEvent: {}
[114.662152] (-) TimerEvent: {}
[114.762623] (-) TimerEvent: {}
[114.863056] (-) TimerEvent: {}
[114.963509] (-) TimerEvent: {}
[115.063953] (-) TimerEvent: {}
[115.165535] (-) TimerEvent: {}
[115.266876] (-) TimerEvent: {}
[115.367881] (-) TimerEvent: {}
[115.471788] (-) TimerEvent: {}
[115.572573] (-) TimerEvent: {}
[115.673017] (-) TimerEvent: {}
[115.773777] (-) TimerEvent: {}
[115.874216] (-) TimerEvent: {}
[115.974878] (-) TimerEvent: {}
[116.076405] (-) TimerEvent: {}
[116.177049] (-) TimerEvent: {}
[116.278421] (-) TimerEvent: {}
[116.379231] (-) TimerEvent: {}
[116.434281] (unitree_ros2_example) StdoutLine: {'line': b'[ 25%] \x1b[32m\x1b[1mLinking CXX executable read_low_state\x1b[0m\n'}
[116.482401] (-) TimerEvent: {}
[116.582877] (-) TimerEvent: {}
[116.683517] (-) TimerEvent: {}
[116.784491] (-) TimerEvent: {}
[116.885550] (-) TimerEvent: {}
[116.986452] (-) TimerEvent: {}
[117.087231] (-) TimerEvent: {}
[117.188232] (-) TimerEvent: {}
[117.289333] (-) TimerEvent: {}
[117.389846] (-) TimerEvent: {}
[117.491174] (-) TimerEvent: {}
[117.561975] (unitree_ros2_example) StdoutLine: {'line': b'[ 25%] Built target read_low_state\n'}
[117.591852] (-) TimerEvent: {}
[117.609972] (unitree_ros2_example) StdoutLine: {'line': b'[ 30%] \x1b[32mBuilding CXX object CMakeFiles/read_low_state_hg.dir/src/read_low_state_hg.cpp.o\x1b[0m\n'}
[117.691991] (-) TimerEvent: {}
[117.792631] (-) TimerEvent: {}
[117.893094] (-) TimerEvent: {}
[117.994071] (-) TimerEvent: {}
[118.094622] (-) TimerEvent: {}
[118.195295] (-) TimerEvent: {}
[118.295816] (-) TimerEvent: {}
[118.396419] (-) TimerEvent: {}
[118.497028] (-) TimerEvent: {}
[118.597718] (-) TimerEvent: {}
[118.698363] (-) TimerEvent: {}
[118.799132] (-) TimerEvent: {}
[118.899695] (-) TimerEvent: {}
[119.000239] (-) TimerEvent: {}
[119.100804] (-) TimerEvent: {}
[119.201410] (-) TimerEvent: {}
[119.302084] (-) TimerEvent: {}
[119.403132] (-) TimerEvent: {}
[119.503780] (-) TimerEvent: {}
[119.604324] (-) TimerEvent: {}
[119.704891] (-) TimerEvent: {}
[119.805375] (-) TimerEvent: {}
[119.905884] (-) TimerEvent: {}
[120.006393] (-) TimerEvent: {}
[120.106914] (-) TimerEvent: {}
[120.207936] (-) TimerEvent: {}
[120.308526] (-) TimerEvent: {}
[120.409018] (-) TimerEvent: {}
[120.509607] (-) TimerEvent: {}
[120.610115] (-) TimerEvent: {}
[120.710702] (-) TimerEvent: {}
[120.811206] (-) TimerEvent: {}
[120.911837] (-) TimerEvent: {}
[121.012430] (-) TimerEvent: {}
[121.112936] (-) TimerEvent: {}
[121.213433] (-) TimerEvent: {}
[121.313909] (-) TimerEvent: {}
[121.414407] (-) TimerEvent: {}
[121.514932] (-) TimerEvent: {}
[121.617984] (-) TimerEvent: {}
[121.718540] (-) TimerEvent: {}
[121.822053] (-) TimerEvent: {}
[121.922654] (-) TimerEvent: {}
[122.023168] (-) TimerEvent: {}
[122.123721] (-) TimerEvent: {}
[122.224226] (-) TimerEvent: {}
[122.324759] (-) TimerEvent: {}
[122.425320] (-) TimerEvent: {}
[122.526065] (-) TimerEvent: {}
[122.626596] (-) TimerEvent: {}
[122.727121] (-) TimerEvent: {}
[122.827760] (-) TimerEvent: {}
[122.928273] (-) TimerEvent: {}
[123.028830] (-) TimerEvent: {}
[123.129366] (-) TimerEvent: {}
[123.229871] (-) TimerEvent: {}
[123.330396] (-) TimerEvent: {}
[123.430914] (-) TimerEvent: {}
[123.531425] (-) TimerEvent: {}
[123.631961] (-) TimerEvent: {}
[123.732513] (-) TimerEvent: {}
[123.833056] (-) TimerEvent: {}
[123.933557] (-) TimerEvent: {}
[124.034084] (-) TimerEvent: {}
[124.134625] (-) TimerEvent: {}
[124.235152] (-) TimerEvent: {}
[124.335790] (-) TimerEvent: {}
[124.436988] (-) TimerEvent: {}
[124.540574] (-) TimerEvent: {}
[124.641219] (-) TimerEvent: {}
[124.741726] (-) TimerEvent: {}
[124.842228] (-) TimerEvent: {}
[124.942744] (-) TimerEvent: {}
[125.043255] (-) TimerEvent: {}
[125.143885] (-) TimerEvent: {}
[125.244482] (-) TimerEvent: {}
[125.345003] (-) TimerEvent: {}
[125.445595] (-) TimerEvent: {}
[125.546107] (-) TimerEvent: {}
[125.646624] (-) TimerEvent: {}
[125.747149] (-) TimerEvent: {}
[125.847706] (-) TimerEvent: {}
[125.948186] (-) TimerEvent: {}
[126.048689] (-) TimerEvent: {}
[126.149175] (-) TimerEvent: {}
[126.251493] (-) TimerEvent: {}
[126.351982] (-) TimerEvent: {}
[126.452486] (-) TimerEvent: {}
[126.552963] (-) TimerEvent: {}
[126.653657] (-) TimerEvent: {}
[126.754773] (-) TimerEvent: {}
[126.855337] (-) TimerEvent: {}
[126.955838] (-) TimerEvent: {}
[127.056360] (-) TimerEvent: {}
[127.156840] (-) TimerEvent: {}
[127.258578] (-) TimerEvent: {}
[127.359085] (-) TimerEvent: {}
[127.459696] (-) TimerEvent: {}
[127.560201] (-) TimerEvent: {}
[127.660747] (-) TimerEvent: {}
[127.761728] (-) TimerEvent: {}
[127.862213] (-) TimerEvent: {}
[127.962821] (-) TimerEvent: {}
[128.063357] (-) TimerEvent: {}
[128.163858] (-) TimerEvent: {}
[128.264438] (-) TimerEvent: {}
[128.364986] (-) TimerEvent: {}
[128.465783] (-) TimerEvent: {}
[128.566388] (-) TimerEvent: {}
[128.667063] (-) TimerEvent: {}
[128.768434] (-) TimerEvent: {}
[128.871632] (-) TimerEvent: {}
[128.975575] (-) TimerEvent: {}
[129.076227] (-) TimerEvent: {}
[129.176737] (-) TimerEvent: {}
[129.277264] (-) TimerEvent: {}
[129.377882] (-) TimerEvent: {}
[129.478630] (-) TimerEvent: {}
[129.579568] (-) TimerEvent: {}
[129.680047] (-) TimerEvent: {}
[129.780596] (-) TimerEvent: {}
[129.881337] (-) TimerEvent: {}
[129.981869] (-) TimerEvent: {}
[130.082388] (-) TimerEvent: {}
[130.182935] (-) TimerEvent: {}
[130.283422] (-) TimerEvent: {}
[130.383914] (-) TimerEvent: {}
[130.484433] (-) TimerEvent: {}
[130.584918] (-) TimerEvent: {}
[130.685432] (-) TimerEvent: {}
[130.786015] (-) TimerEvent: {}
[130.886510] (-) TimerEvent: {}
[130.987039] (-) TimerEvent: {}
[131.087516] (-) TimerEvent: {}
[131.187965] (-) TimerEvent: {}
[131.288391] (-) TimerEvent: {}
[131.388831] (-) TimerEvent: {}
[131.489279] (-) TimerEvent: {}
[131.589737] (-) TimerEvent: {}
[131.690166] (-) TimerEvent: {}
[131.790608] (-) TimerEvent: {}
[131.891041] (-) TimerEvent: {}
[131.991503] (-) TimerEvent: {}
[132.091945] (-) TimerEvent: {}
[132.192422] (-) TimerEvent: {}
[132.293149] (-) TimerEvent: {}
[132.394646] (-) TimerEvent: {}
[132.495475] (-) TimerEvent: {}
[132.595940] (-) TimerEvent: {}
[132.696510] (-) TimerEvent: {}
[132.796990] (-) TimerEvent: {}
[132.897510] (-) TimerEvent: {}
[132.998131] (-) TimerEvent: {}
[133.099342] (-) TimerEvent: {}
[133.199844] (-) TimerEvent: {}
[133.300333] (-) TimerEvent: {}
[133.400118] (unitree_ros2_example) StdoutLine: {'line': b'[ 35%] \x1b[32m\x1b[1mLinking CXX executable read_low_state_hg\x1b[0m\n'}
[133.400462] (-) TimerEvent: {}
[133.501041] (-) TimerEvent: {}
[133.602452] (-) TimerEvent: {}
[133.688193] (unitree_ros2_example) StdoutLine: {'line': b'[ 40%] \x1b[32mBuilding CXX object CMakeFiles/read_motion_state.dir/src/read_motion_state.cpp.o\x1b[0m\n'}
[133.702590] (-) TimerEvent: {}
[133.803654] (-) TimerEvent: {}
[133.907623] (-) TimerEvent: {}
[134.009199] (-) TimerEvent: {}
[134.110192] (-) TimerEvent: {}
[134.211512] (-) TimerEvent: {}
[134.312152] (-) TimerEvent: {}
[134.412656] (-) TimerEvent: {}
[134.607229] (-) TimerEvent: {}
[134.711729] (-) TimerEvent: {}
[134.750878] (unitree_ros2_example) StdoutLine: {'line': b'[ 45%] \x1b[32mBuilding CXX object CMakeFiles/g1_low_level_example.dir/src/g1/lowlevel/g1_low_level_example.cpp.o\x1b[0m\n'}
[134.811866] (-) TimerEvent: {}
[134.912407] (-) TimerEvent: {}
[134.952543] (unitree_ros2_example) StdoutLine: {'line': b'[ 45%] Built target read_low_state_hg\n'}
[134.973906] (unitree_ros2_example) StdoutLine: {'line': b'[ 50%] \x1b[32mBuilding CXX object CMakeFiles/low_level_ctrl_hg.dir/src/h1-2/lowlevel/low_level_ctrl_hg.cpp.o\x1b[0m\n'}
[134.987937] (unitree_ros2_example) StdoutLine: {'line': b'[ 55%] \x1b[32mBuilding CXX object CMakeFiles/g1_low_level_example.dir/src/common/motor_crc_hg.cpp.o\x1b[0m\n'}
[135.012585] (-) TimerEvent: {}
[135.113383] (-) TimerEvent: {}
[135.216507] (-) TimerEvent: {}
[135.317627] (-) TimerEvent: {}
[135.418379] (-) TimerEvent: {}
[135.521438] (-) TimerEvent: {}
[135.622318] (-) TimerEvent: {}
[135.726439] (-) TimerEvent: {}
[135.827445] (-) TimerEvent: {}
[135.928433] (-) TimerEvent: {}
[136.029436] (-) TimerEvent: {}
[136.130438] (-) TimerEvent: {}
[136.231347] (-) TimerEvent: {}
[136.333944] (-) TimerEvent: {}
[136.437429] (-) TimerEvent: {}
[136.538411] (-) TimerEvent: {}
[136.639329] (-) TimerEvent: {}
[136.742446] (-) TimerEvent: {}
[136.843375] (-) TimerEvent: {}
[136.944210] (-) TimerEvent: {}
[137.047457] (-) TimerEvent: {}
[137.148750] (-) TimerEvent: {}
[137.252879] (-) TimerEvent: {}
[137.353747] (-) TimerEvent: {}
[137.454597] (-) TimerEvent: {}
[137.559413] (-) TimerEvent: {}
[137.660191] (-) TimerEvent: {}
[137.761032] (-) TimerEvent: {}
[137.861921] (-) TimerEvent: {}
[137.963085] (-) TimerEvent: {}
[138.063864] (-) TimerEvent: {}
[138.172441] (-) TimerEvent: {}
[138.273269] (-) TimerEvent: {}
[138.376434] (-) TimerEvent: {}
[138.479428] (-) TimerEvent: {}
[138.582438] (-) TimerEvent: {}
[138.683226] (-) TimerEvent: {}
[138.783964] (-) TimerEvent: {}
[138.887452] (-) TimerEvent: {}
[138.989000] (-) TimerEvent: {}
[139.092415] (-) TimerEvent: {}
[139.195449] (-) TimerEvent: {}
[139.299101] (-) TimerEvent: {}
[139.407613] (-) TimerEvent: {}
[139.512431] (-) TimerEvent: {}
[139.613214] (-) TimerEvent: {}
[139.719461] (-) TimerEvent: {}
[139.820677] (-) TimerEvent: {}
[139.922340] (-) TimerEvent: {}
[140.023503] (-) TimerEvent: {}
[140.125101] (-) TimerEvent: {}
[140.228426] (-) TimerEvent: {}
[140.334055] (-) TimerEvent: {}
[140.437678] (-) TimerEvent: {}
[140.538409] (-) TimerEvent: {}
[140.642645] (-) TimerEvent: {}
[140.744225] (-) TimerEvent: {}
[140.845022] (-) TimerEvent: {}
[140.949071] (-) TimerEvent: {}
[141.049798] (-) TimerEvent: {}
[141.153843] (-) TimerEvent: {}
[141.257746] (-) TimerEvent: {}
[141.366571] (-) TimerEvent: {}
[141.467334] (-) TimerEvent: {}
[141.568156] (-) TimerEvent: {}
[141.670856] (-) TimerEvent: {}
[141.771876] (-) TimerEvent: {}
[141.872855] (-) TimerEvent: {}
[141.974417] (-) TimerEvent: {}
[142.075184] (-) TimerEvent: {}
[142.177874] (-) TimerEvent: {}
[142.278678] (-) TimerEvent: {}
[142.382752] (-) TimerEvent: {}
[142.493006] (-) TimerEvent: {}
[142.593968] (-) TimerEvent: {}
[142.694795] (-) TimerEvent: {}
[142.797433] (-) TimerEvent: {}
[142.898034] (-) TimerEvent: {}
[142.998998] (-) TimerEvent: {}
[143.102197] (-) TimerEvent: {}
[143.203096] (-) TimerEvent: {}
[143.305416] (-) TimerEvent: {}
[143.408414] (-) TimerEvent: {}
[143.509376] (-) TimerEvent: {}
[143.610241] (-) TimerEvent: {}
[143.713257] (-) TimerEvent: {}
[143.814200] (-) TimerEvent: {}
[143.915003] (-) TimerEvent: {}
[144.015823] (-) TimerEvent: {}
[144.125844] (-) TimerEvent: {}
[144.226494] (-) TimerEvent: {}
[144.329438] (-) TimerEvent: {}
[144.430174] (-) TimerEvent: {}
[144.532410] (-) TimerEvent: {}
[144.633465] (-) TimerEvent: {}
[144.734081] (-) TimerEvent: {}
[144.834665] (-) TimerEvent: {}
[144.935217] (-) TimerEvent: {}
[145.036889] (-) TimerEvent: {}
[145.138156] (-) TimerEvent: {}
[145.241447] (-) TimerEvent: {}
[145.342510] (-) TimerEvent: {}
[145.444996] (-) TimerEvent: {}
[145.547493] (-) TimerEvent: {}
[145.648035] (-) TimerEvent: {}
[145.748684] (-) TimerEvent: {}
[145.852418] (-) TimerEvent: {}
[145.953249] (-) TimerEvent: {}
[146.056359] (-) TimerEvent: {}
[146.159628] (-) TimerEvent: {}
[146.263716] (-) TimerEvent: {}
[146.342067] (unitree_legged_real) StdoutLine: {'line': b'[ 57%] \x1b[32mBuilding CXX object CMakeFiles/ros2_rl_go2.dir/src/motor_crc.cpp.o\x1b[0m\n'}
[146.363986] (-) TimerEvent: {}
[146.466418] (-) TimerEvent: {}
[146.566917] (-) TimerEvent: {}
[146.667620] (-) TimerEvent: {}
[146.770405] (-) TimerEvent: {}
[146.871122] (-) TimerEvent: {}
[146.971853] (-) TimerEvent: {}
[147.072705] (-) TimerEvent: {}
[147.173598] (-) TimerEvent: {}
[147.275961] (-) TimerEvent: {}
[147.376814] (-) TimerEvent: {}
[147.483432] (-) TimerEvent: {}
[147.584183] (-) TimerEvent: {}
[147.684995] (-) TimerEvent: {}
[147.785808] (-) TimerEvent: {}
[147.886643] (-) TimerEvent: {}
[147.987404] (-) TimerEvent: {}
[148.088845] (-) TimerEvent: {}
[148.190898] (-) TimerEvent: {}
[148.294416] (-) TimerEvent: {}
[148.395360] (-) TimerEvent: {}
[148.496178] (-) TimerEvent: {}
[148.596977] (-) TimerEvent: {}
[148.697768] (-) TimerEvent: {}
[148.798642] (-) TimerEvent: {}
[148.902674] (-) TimerEvent: {}
[149.003375] (-) TimerEvent: {}
[149.104012] (-) TimerEvent: {}
[149.206466] (-) TimerEvent: {}
[149.307272] (-) TimerEvent: {}
[149.410411] (-) TimerEvent: {}
[149.511039] (-) TimerEvent: {}
[149.611670] (-) TimerEvent: {}
[149.713096] (-) TimerEvent: {}
[149.813721] (-) TimerEvent: {}
[149.919112] (-) TimerEvent: {}
[150.020888] (-) TimerEvent: {}
[150.127453] (-) TimerEvent: {}
[150.228157] (-) TimerEvent: {}
[150.333435] (-) TimerEvent: {}
[150.434043] (-) TimerEvent: {}
[150.534928] (-) TimerEvent: {}
[150.635845] (-) TimerEvent: {}
[150.739419] (-) TimerEvent: {}
[150.840223] (-) TimerEvent: {}
[150.942906] (-) TimerEvent: {}
[151.043734] (-) TimerEvent: {}
[151.144555] (-) TimerEvent: {}
[151.248438] (-) TimerEvent: {}
[151.349252] (-) TimerEvent: {}
[151.450611] (-) TimerEvent: {}
[151.556778] (-) TimerEvent: {}
[151.659448] (-) TimerEvent: {}
[151.760339] (-) TimerEvent: {}
[151.861146] (-) TimerEvent: {}
[151.962467] (-) TimerEvent: {}
[152.066589] (-) TimerEvent: {}
[152.167512] (-) TimerEvent: {}
[152.268778] (-) TimerEvent: {}
[152.369598] (-) TimerEvent: {}
[152.473434] (-) TimerEvent: {}
[152.574232] (-) TimerEvent: {}
[152.675512] (-) TimerEvent: {}
[152.776772] (-) TimerEvent: {}
[152.878050] (-) TimerEvent: {}
[152.981673] (-) TimerEvent: {}
[153.082537] (-) TimerEvent: {}
[153.183391] (-) TimerEvent: {}
[153.284192] (-) TimerEvent: {}
[153.388470] (-) TimerEvent: {}
[153.489013] (-) TimerEvent: {}
[153.589829] (-) TimerEvent: {}
[153.693118] (-) TimerEvent: {}
[153.794002] (-) TimerEvent: {}
[153.894873] (-) TimerEvent: {}
[153.997444] (-) TimerEvent: {}
[154.098215] (-) TimerEvent: {}
[154.203850] (-) TimerEvent: {}
[154.304853] (-) TimerEvent: {}
[154.407909] (-) TimerEvent: {}
[154.439365] (unitree_legged_real) StdoutLine: {'line': b'[ 71%] \x1b[32m\x1b[1mLinking CXX executable ros2_rl_go2\x1b[0m\n'}
[154.508054] (-) TimerEvent: {}
[154.612012] (-) TimerEvent: {}
[154.713504] (-) TimerEvent: {}
[154.826827] (-) TimerEvent: {}
[154.927728] (-) TimerEvent: {}
[155.029371] (-) TimerEvent: {}
[155.132436] (-) TimerEvent: {}
[155.233296] (-) TimerEvent: {}
[155.334146] (-) TimerEvent: {}
[155.436438] (-) TimerEvent: {}
[155.537382] (-) TimerEvent: {}
[155.640434] (-) TimerEvent: {}
[155.743447] (-) TimerEvent: {}
[155.844449] (-) TimerEvent: {}
[155.947129] (-) TimerEvent: {}
[156.050286] (-) TimerEvent: {}
[156.155437] (-) TimerEvent: {}
[156.256631] (-) TimerEvent: {}
[156.360910] (-) TimerEvent: {}
[156.462846] (-) TimerEvent: {}
[156.566385] (-) TimerEvent: {}
[156.671258] (-) TimerEvent: {}
[156.772986] (-) TimerEvent: {}
[156.876444] (-) TimerEvent: {}
[156.982437] (-) TimerEvent: {}
[157.086430] (-) TimerEvent: {}
[157.188712] (-) TimerEvent: {}
[157.289390] (-) TimerEvent: {}
[157.390349] (-) TimerEvent: {}
[157.491597] (-) TimerEvent: {}
[157.592157] (-) TimerEvent: {}
[157.693432] (-) TimerEvent: {}
[157.794002] (-) TimerEvent: {}
[157.897517] (-) TimerEvent: {}
[157.998029] (-) TimerEvent: {}
[158.099150] (-) TimerEvent: {}
[158.140152] (unitree_legged_real) StdoutLine: {'line': b'[ 71%] Built target ros2_rl_go2\n'}
[158.180569] (unitree_legged_real) StdoutLine: {'line': b'[ 85%] \x1b[32mBuilding CXX object CMakeFiles/go2_heightmap_node.dir/src/go2_heightmap_node.cpp.o\x1b[0m\n'}
[158.199395] (-) TimerEvent: {}
[158.300044] (-) TimerEvent: {}
[158.400665] (-) TimerEvent: {}
[158.502446] (-) TimerEvent: {}
[158.606847] (-) TimerEvent: {}
[158.712204] (-) TimerEvent: {}
[158.812821] (-) TimerEvent: {}
[158.913467] (-) TimerEvent: {}
[158.947917] (unitree_ros2_example) StdoutLine: {'line': b'[ 60%] \x1b[32m\x1b[1mLinking CXX executable read_motion_state\x1b[0m\n'}
[159.013568] (-) TimerEvent: {}
[159.070352] (unitree_legged_real) StderrLine: {'line': b'In file included from \x1b[01m\x1b[K/ws/src/unitree_ros2_to_real/include/go2_heightmap_node.hpp:16\x1b[m\x1b[K,\n'}
[159.071699] (unitree_legged_real) StderrLine: {'line': b'                 from \x1b[01m\x1b[K/ws/src/unitree_ros2_to_real/src/go2_heightmap_node.cpp:1\x1b[m\x1b[K:\n'}
[159.071934] (unitree_legged_real) StderrLine: {'line': b'\x1b[01m\x1b[K/opt/ros/humble/include/tf2_sensor_msgs/tf2_sensor_msgs.h:32:2:\x1b[m\x1b[K \x1b[01;35m\x1b[Kwarning: \x1b[m\x1b[K#warning This header is obsolete, please include tf2_sensor_msgs/tf2_sensor_msgs.hpp instead [\x1b[01;35m\x1b[K-Wcpp\x1b[m\x1b[K]\n'}
[159.072072] (unitree_legged_real) StderrLine: {'line': b'   32 | #\x1b[01;35m\x1b[Kwarning\x1b[m\x1b[K This header is obsolete, please include tf2_sensor_msgs/tf2_sensor_msgs.hpp instead\n'}
[159.072171] (unitree_legged_real) StderrLine: {'line': b'      |  \x1b[01;35m\x1b[K^~~~~~~\x1b[m\x1b[K\n'}
[159.113766] (-) TimerEvent: {}
[159.150488] (unitree_ros2_example) StdoutLine: {'line': b'[ 65%] \x1b[32mBuilding CXX object CMakeFiles/low_level_ctrl_hg.dir/src/common/motor_crc_hg.cpp.o\x1b[0m\n'}
[159.219969] (-) TimerEvent: {}
[159.321089] (-) TimerEvent: {}
[159.421708] (-) TimerEvent: {}
[159.526944] (-) TimerEvent: {}
[159.627652] (-) TimerEvent: {}
[159.729910] (-) TimerEvent: {}
[159.835945] (-) TimerEvent: {}
[159.941641] (-) TimerEvent: {}
[160.055741] (-) TimerEvent: {}
[160.156650] (-) TimerEvent: {}
[160.257491] (-) TimerEvent: {}
[160.330036] (unitree_ros2_example) StdoutLine: {'line': b'[ 70%] \x1b[32m\x1b[1mLinking CXX executable g1_low_level_example\x1b[0m\n'}
[160.357641] (-) TimerEvent: {}
[160.392900] (unitree_ros2_example) StdoutLine: {'line': b'[ 70%] Built target read_motion_state\n'}
[160.457873] (-) TimerEvent: {}
[160.558714] (-) TimerEvent: {}
[160.659612] (-) TimerEvent: {}
[160.760849] (-) TimerEvent: {}
[160.861834] (-) TimerEvent: {}
[160.962647] (-) TimerEvent: {}
[161.063757] (-) TimerEvent: {}
[161.164454] (-) TimerEvent: {}
[161.265658] (-) TimerEvent: {}
[161.369750] (-) TimerEvent: {}
[161.475174] (-) TimerEvent: {}
[161.576361] (-) TimerEvent: {}
[161.603254] (unitree_ros2_example) StdoutLine: {'line': b'[ 70%] Built target g1_low_level_example\n'}
[161.676718] (-) TimerEvent: {}
[161.777214] (-) TimerEvent: {}
[161.877717] (-) TimerEvent: {}
[161.978191] (-) TimerEvent: {}
[162.078653] (-) TimerEvent: {}
[162.179119] (-) TimerEvent: {}
[162.279667] (-) TimerEvent: {}
[162.380167] (-) TimerEvent: {}
[162.480652] (-) TimerEvent: {}
[162.581105] (-) TimerEvent: {}
[162.681563] (-) TimerEvent: {}
[162.782014] (-) TimerEvent: {}
[162.882464] (-) TimerEvent: {}
[162.982915] (-) TimerEvent: {}
[163.083390] (-) TimerEvent: {}
[163.183868] (-) TimerEvent: {}
[163.284345] (-) TimerEvent: {}
[163.384796] (-) TimerEvent: {}
[163.485276] (-) TimerEvent: {}
[163.585809] (-) TimerEvent: {}
[163.686275] (-) TimerEvent: {}
[163.786761] (-) TimerEvent: {}
[163.887237] (-) TimerEvent: {}
[163.987729] (-) TimerEvent: {}
[164.088212] (-) TimerEvent: {}
[164.188680] (-) TimerEvent: {}
[164.289154] (-) TimerEvent: {}
[164.389609] (-) TimerEvent: {}
[164.490070] (-) TimerEvent: {}
[164.590541] (-) TimerEvent: {}
[164.690989] (-) TimerEvent: {}
[164.791434] (-) TimerEvent: {}
[164.891919] (-) TimerEvent: {}
[164.913073] (unitree_ros2_example) StdoutLine: {'line': b'[ 75%] \x1b[32m\x1b[1mLinking CXX executable low_level_ctrl_hg\x1b[0m\n'}
[164.992037] (-) TimerEvent: {}
[165.092584] (-) TimerEvent: {}
[165.193263] (-) TimerEvent: {}
[165.294055] (-) TimerEvent: {}
[165.394748] (-) TimerEvent: {}
[165.495380] (-) TimerEvent: {}
[165.595993] (-) TimerEvent: {}
[165.696570] (-) TimerEvent: {}
[165.797077] (-) TimerEvent: {}
[165.900330] (-) TimerEvent: {}
[166.000781] (-) TimerEvent: {}
[166.051221] (unitree_ros2_example) StdoutLine: {'line': b'[ 75%] Built target low_level_ctrl_hg\n'}
[166.094329] (unitree_ros2_example) StdoutLine: {'line': b'[ 80%] \x1b[32mBuilding CXX object CMakeFiles/read_wireless_controller.dir/src/read_wireless_controller.cpp.o\x1b[0m\n'}
[166.096366] (unitree_ros2_example) StdoutLine: {'line': b'[ 85%] \x1b[32mBuilding CXX object CMakeFiles/sport_mode_ctrl.dir/src/common/ros2_sport_client.cpp.o\x1b[0m\n'}
[166.096746] (unitree_ros2_example) StdoutLine: {'line': b'[ 90%] \x1b[32mBuilding CXX object CMakeFiles/sport_mode_ctrl.dir/src/sport_mode_ctrl.cpp.o\x1b[0m\n'}
[166.101535] (-) TimerEvent: {}
[166.204178] (-) TimerEvent: {}
[166.306954] (-) TimerEvent: {}
[166.407753] (-) TimerEvent: {}
[166.509272] (-) TimerEvent: {}
[166.612904] (-) TimerEvent: {}
[166.713746] (-) TimerEvent: {}
[166.814570] (-) TimerEvent: {}
[166.915409] (-) TimerEvent: {}
[167.016736] (-) TimerEvent: {}
[167.117869] (-) TimerEvent: {}
[167.218423] (-) TimerEvent: {}
[167.319331] (-) TimerEvent: {}
[167.420007] (-) TimerEvent: {}
[167.520702] (-) TimerEvent: {}
[167.632063] (-) TimerEvent: {}
[167.732642] (-) TimerEvent: {}
[167.833763] (-) TimerEvent: {}
[167.940415] (-) TimerEvent: {}
[168.040982] (-) TimerEvent: {}
[168.141542] (-) TimerEvent: {}
[168.242125] (-) TimerEvent: {}
[168.342688] (-) TimerEvent: {}
[168.445421] (-) TimerEvent: {}
[168.545994] (-) TimerEvent: {}
[168.646544] (-) TimerEvent: {}
[168.747079] (-) TimerEvent: {}
[168.848434] (-) TimerEvent: {}
[168.951428] (-) TimerEvent: {}
[169.052052] (-) TimerEvent: {}
[169.152671] (-) TimerEvent: {}
[169.253238] (-) TimerEvent: {}
[169.353823] (-) TimerEvent: {}
[169.457643] (-) TimerEvent: {}
[169.558317] (-) TimerEvent: {}
[169.658943] (-) TimerEvent: {}
[169.759540] (-) TimerEvent: {}
[169.860170] (-) TimerEvent: {}
[169.961498] (-) TimerEvent: {}
[170.064442] (-) TimerEvent: {}
[170.165032] (-) TimerEvent: {}
[170.265616] (-) TimerEvent: {}
[170.366248] (-) TimerEvent: {}
[170.466888] (-) TimerEvent: {}
[170.569059] (-) TimerEvent: {}
[170.671412] (-) TimerEvent: {}
[170.771936] (-) TimerEvent: {}
[170.872700] (-) TimerEvent: {}
[170.976868] (-) TimerEvent: {}
[171.078985] (-) TimerEvent: {}
[171.179686] (-) TimerEvent: {}
[171.281465] (-) TimerEvent: {}
[171.382047] (-) TimerEvent: {}
[171.482589] (-) TimerEvent: {}
[171.583091] (-) TimerEvent: {}
[171.683609] (-) TimerEvent: {}
[171.784128] (-) TimerEvent: {}
[171.884653] (-) TimerEvent: {}
[171.988737] (-) TimerEvent: {}
[172.089553] (-) TimerEvent: {}
[172.190342] (-) TimerEvent: {}
[172.290832] (-) TimerEvent: {}
[172.392842] (-) TimerEvent: {}
[172.493403] (-) TimerEvent: {}
[172.593941] (-) TimerEvent: {}
[172.694448] (-) TimerEvent: {}
[172.794950] (-) TimerEvent: {}
[172.895476] (-) TimerEvent: {}
[172.995972] (-) TimerEvent: {}
[173.096969] (-) TimerEvent: {}
[173.197507] (-) TimerEvent: {}
[173.298010] (-) TimerEvent: {}
[173.398548] (-) TimerEvent: {}
[173.499040] (-) TimerEvent: {}
[173.603011] (-) TimerEvent: {}
[173.703524] (-) TimerEvent: {}
[173.804097] (-) TimerEvent: {}
[173.907915] (-) TimerEvent: {}
[174.009181] (-) TimerEvent: {}
[174.111866] (-) TimerEvent: {}
[174.213579] (-) TimerEvent: {}
[174.314180] (-) TimerEvent: {}
[174.414745] (-) TimerEvent: {}
[174.515245] (-) TimerEvent: {}
[174.615797] (-) TimerEvent: {}
[174.716351] (-) TimerEvent: {}
[174.816894] (-) TimerEvent: {}
[174.917433] (-) TimerEvent: {}
[175.018400] (-) TimerEvent: {}
[175.119490] (-) TimerEvent: {}
[175.221697] (-) TimerEvent: {}
[175.324901] (-) TimerEvent: {}
[175.425464] (-) TimerEvent: {}
[175.526017] (-) TimerEvent: {}
[175.628859] (-) TimerEvent: {}
[175.729399] (-) TimerEvent: {}
[175.829965] (-) TimerEvent: {}
[175.930576] (-) TimerEvent: {}
[176.031091] (-) TimerEvent: {}
[176.134732] (-) TimerEvent: {}
[176.235609] (-) TimerEvent: {}
[176.336142] (-) TimerEvent: {}
[176.437248] (-) TimerEvent: {}
[176.537837] (-) TimerEvent: {}
[176.639561] (-) TimerEvent: {}
[176.740992] (-) TimerEvent: {}
[176.841889] (-) TimerEvent: {}
[176.942686] (-) TimerEvent: {}
[177.043328] (-) TimerEvent: {}
[177.143886] (-) TimerEvent: {}
[177.244451] (-) TimerEvent: {}
[177.346469] (-) TimerEvent: {}
[177.450558] (-) TimerEvent: {}
[177.551057] (-) TimerEvent: {}
[177.651602] (-) TimerEvent: {}
[177.752201] (-) TimerEvent: {}
[177.852812] (-) TimerEvent: {}
[177.953588] (-) TimerEvent: {}
[178.054123] (-) TimerEvent: {}
[178.155501] (-) TimerEvent: {}
[178.260029] (-) TimerEvent: {}
[178.360656] (-) TimerEvent: {}
[178.462336] (-) TimerEvent: {}
[178.562987] (-) TimerEvent: {}
[178.663684] (-) TimerEvent: {}
[178.764401] (-) TimerEvent: {}
[178.868952] (-) TimerEvent: {}
[178.969555] (-) TimerEvent: {}
[179.070144] (-) TimerEvent: {}
[179.170739] (-) TimerEvent: {}
[179.274862] (-) TimerEvent: {}
[179.375441] (-) TimerEvent: {}
[179.476023] (-) TimerEvent: {}
[179.581228] (-) TimerEvent: {}
[179.681836] (-) TimerEvent: {}
[179.782432] (-) TimerEvent: {}
[179.886710] (-) TimerEvent: {}
[179.987319] (-) TimerEvent: {}
[180.088450] (-) TimerEvent: {}
[180.189498] (-) TimerEvent: {}
[180.290177] (-) TimerEvent: {}
[180.394977] (-) TimerEvent: {}
[180.497419] (-) TimerEvent: {}
[180.598154] (-) TimerEvent: {}
[180.698864] (-) TimerEvent: {}
[180.800434] (-) TimerEvent: {}
[180.900946] (-) TimerEvent: {}
[181.003435] (-) TimerEvent: {}
[181.103948] (-) TimerEvent: {}
[181.204478] (-) TimerEvent: {}
[181.304992] (-) TimerEvent: {}
[181.407420] (-) TimerEvent: {}
[181.507940] (-) TimerEvent: {}
[181.608460] (-) TimerEvent: {}
[181.709507] (-) TimerEvent: {}
[181.813652] (-) TimerEvent: {}
[181.914143] (-) TimerEvent: {}
[182.037779] (-) TimerEvent: {}
[182.138344] (-) TimerEvent: {}
[182.240239] (-) TimerEvent: {}
[182.341314] (-) TimerEvent: {}
[182.444790] (-) TimerEvent: {}
[182.545273] (-) TimerEvent: {}
[182.645778] (-) TimerEvent: {}
[182.746265] (-) TimerEvent: {}
[182.847052] (-) TimerEvent: {}
[182.947589] (-) TimerEvent: {}
[183.048256] (-) TimerEvent: {}
[183.148894] (-) TimerEvent: {}
[183.252826] (-) TimerEvent: {}
[183.303218] (unitree_ros2_example) StdoutLine: {'line': b'[ 95%] \x1b[32m\x1b[1mLinking CXX executable read_wireless_controller\x1b[0m\n'}
[183.352980] (-) TimerEvent: {}
[183.457037] (-) TimerEvent: {}
[183.562015] (-) TimerEvent: {}
[183.664459] (-) TimerEvent: {}
[183.765280] (-) TimerEvent: {}
[183.866200] (-) TimerEvent: {}
[183.966839] (-) TimerEvent: {}
[184.067399] (-) TimerEvent: {}
[184.167933] (-) TimerEvent: {}
[184.270457] (-) TimerEvent: {}
[184.371259] (-) TimerEvent: {}
[184.443815] (unitree_ros2_example) StdoutLine: {'line': b'[ 95%] Built target read_wireless_controller\n'}
[184.471386] (-) TimerEvent: {}
[184.571921] (-) TimerEvent: {}
[184.672407] (-) TimerEvent: {}
[184.772860] (-) TimerEvent: {}
[184.873637] (-) TimerEvent: {}
[184.974183] (-) TimerEvent: {}
[185.074690] (-) TimerEvent: {}
[185.175177] (-) TimerEvent: {}
[185.275689] (-) TimerEvent: {}
[185.376242] (-) TimerEvent: {}
[185.476819] (-) TimerEvent: {}
[185.577441] (-) TimerEvent: {}
[185.637281] (unitree_ros2_example) StdoutLine: {'line': b'[100%] \x1b[32m\x1b[1mLinking CXX executable sport_mode_ctrl\x1b[0m\n'}
[185.677607] (-) TimerEvent: {}
[185.778393] (-) TimerEvent: {}
[185.879288] (-) TimerEvent: {}
[185.979965] (-) TimerEvent: {}
[186.080922] (-) TimerEvent: {}
[186.181536] (-) TimerEvent: {}
[186.282216] (-) TimerEvent: {}
[186.382724] (-) TimerEvent: {}
[186.483215] (-) TimerEvent: {}
[186.583687] (-) TimerEvent: {}
[186.684112] (-) TimerEvent: {}
[186.784579] (-) TimerEvent: {}
[186.827138] (unitree_ros2_example) StdoutLine: {'line': b'[100%] Built target sport_mode_ctrl\n'}
[186.849798] (unitree_ros2_example) CommandEnded: {'returncode': 0}
[186.851458] (unitree_ros2_example) JobProgress: {'identifier': 'unitree_ros2_example', 'progress': 'install'}
[186.851878] (unitree_ros2_example) Command: {'cmd': ['/usr/bin/cmake', '--install', '/ws/build/unitree_ros2_example'], 'cwd': '/ws/build/unitree_ros2_example', 'env': OrderedDict([('HOSTNAME', 'pi'), ('SHLVL', '1'), ('LD_LIBRARY_PATH', '/ws/install/unitree_hg/lib:/ws/install/unitree_go/lib:/ws/install/unitree_api/lib:/ws/libtorch/lib:/opt/ros/humble/lib/aarch64-linux-gnu:/opt/ros/humble/lib'), ('HOME', '/root'), ('OLDPWD', '/ws/src'), ('ROS_PYTHON_VERSION', '3'), ('ROS_DISTRO', 'humble'), ('_', '/usr/bin/colcon'), ('ROS_VERSION', '2'), ('TERM', 'xterm'), ('ROS_LOCALHOST_ONLY', '0'), ('PATH', '/opt/ros/humble/bin:/usr/local/sbin:/usr/local/bin:/usr/sbin:/usr/bin:/sbin:/bin'), ('LANG', 'C.UTF-8'), ('LS_COLORS', 'rs=0:di=01;34:ln=01;36:mh=00:pi=40;33:so=01;35:do=01;35:bd=40;33;01:cd=40;33;01:or=40;31;01:mi=00:su=37;41:sg=30;43:ca=30;41:tw=30;42:ow=34;42:st=37;44:ex=01;32:*.tar=01;31:*.tgz=01;31:*.arc=01;31:*.arj=01;31:*.taz=01;31:*.lha=01;31:*.lz4=01;31:*.lzh=01;31:*.lzma=01;31:*.tlz=01;31:*.txz=01;31:*.tzo=01;31:*.t7z=01;31:*.zip=01;31:*.z=01;31:*.dz=01;31:*.gz=01;31:*.lrz=01;31:*.lz=01;31:*.lzo=01;31:*.xz=01;31:*.zst=01;31:*.tzst=01;31:*.bz2=01;31:*.bz=01;31:*.tbz=01;31:*.tbz2=01;31:*.tz=01;31:*.deb=01;31:*.rpm=01;31:*.jar=01;31:*.war=01;31:*.ear=01;31:*.sar=01;31:*.rar=01;31:*.alz=01;31:*.ace=01;31:*.zoo=01;31:*.cpio=01;31:*.7z=01;31:*.rz=01;31:*.cab=01;31:*.wim=01;31:*.swm=01;31:*.dwm=01;31:*.esd=01;31:*.jpg=01;35:*.jpeg=01;35:*.mjpg=01;35:*.mjpeg=01;35:*.gif=01;35:*.bmp=01;35:*.pbm=01;35:*.pgm=01;35:*.ppm=01;35:*.tga=01;35:*.xbm=01;35:*.xpm=01;35:*.tif=01;35:*.tiff=01;35:*.png=01;35:*.svg=01;35:*.svgz=01;35:*.mng=01;35:*.pcx=01;35:*.mov=01;35:*.mpg=01;35:*.mpeg=01;35:*.m2v=01;35:*.mkv=01;35:*.webm=01;35:*.webp=01;35:*.ogm=01;35:*.mp4=01;35:*.m4v=01;35:*.mp4v=01;35:*.vob=01;35:*.qt=01;35:*.nuv=01;35:*.wmv=01;35:*.asf=01;35:*.rm=01;35:*.rmvb=01;35:*.flc=01;35:*.avi=01;35:*.fli=01;35:*.flv=01;35:*.gl=01;35:*.dl=01;35:*.xcf=01;35:*.xwd=01;35:*.yuv=01;35:*.cgm=01;35:*.emf=01;35:*.ogv=01;35:*.ogx=01;35:*.aac=00;36:*.au=00;36:*.flac=00;36:*.m4a=00;36:*.mid=00;36:*.midi=00;36:*.mka=00;36:*.mp3=00;36:*.mpc=00;36:*.ogg=00;36:*.ra=00;36:*.wav=00;36:*.oga=00;36:*.opus=00;36:*.spx=00;36:*.xspf=00;36:'), ('AMENT_PREFIX_PATH', '/ws/install/unitree_hg:/ws/install/unitree_go:/ws/install/unitree_api:/opt/ros/humble'), ('DEBIAN_FRONTEND', 'noninteractive'), ('Torch_DIR', '/ws/libtorch/share/cmake/Torch'), ('PWD', '/ws/build/unitree_ros2_example'), ('LC_ALL', 'C.UTF-8'), ('PYTHONPATH', '/ws/install/unitree_hg/local/lib/python3.10/dist-packages:/ws/install/unitree_go/local/lib/python3.10/dist-packages:/ws/install/unitree_api/local/lib/python3.10/dist-packages:/opt/ros/humble/lib/python3.10/site-packages:/opt/ros/humble/local/lib/python3.10/dist-packages'), ('COLCON', '1'), ('CMAKE_PREFIX_PATH', '/ws/install/unitree_hg:/ws/install/unitree_go:/ws/install/unitree_api:/ws/libtorch:/opt/ros/humble')]), 'shell': False}
[186.867759] (unitree_ros2_example) StdoutLine: {'line': b'-- Install configuration: ""\n'}
[186.868527] (unitree_ros2_example) StdoutLine: {'line': b'-- Installing: /ws/install/unitree_ros2_example/bin/low_level_ctrl\n'}
[186.871257] (unitree_ros2_example) StdoutLine: {'line': b'-- Set runtime path of "/ws/install/unitree_ros2_example/bin/low_level_ctrl" to ""\n'}
[186.871548] (unitree_ros2_example) StdoutLine: {'line': b'-- Installing: /ws/install/unitree_ros2_example/bin/low_level_ctrl_hg\n'}
[186.878610] (unitree_ros2_example) StdoutLine: {'line': b'-- Set runtime path of "/ws/install/unitree_ros2_example/bin/low_level_ctrl_hg" to ""\n'}
[186.878915] (unitree_ros2_example) StdoutLine: {'line': b'-- Installing: /ws/install/unitree_ros2_example/bin/g1_low_level_example\n'}
[186.884684] (-) TimerEvent: {}
[186.885476] (unitree_ros2_example) StdoutLine: {'line': b'-- Set runtime path of "/ws/install/unitree_ros2_example/bin/g1_low_level_example" to ""\n'}
[186.889224] (unitree_ros2_example) StdoutLine: {'line': b'-- Installing: /ws/install/unitree_ros2_example/bin/read_low_state\n'}
[186.895028] (unitree_ros2_example) StdoutLine: {'line': b'-- Set runtime path of "/ws/install/unitree_ros2_example/bin/read_low_state" to ""\n'}
[186.895747] (unitree_ros2_example) StdoutLine: {'line': b'-- Installing: /ws/install/unitree_ros2_example/bin/read_low_state_hg\n'}
[186.902350] (unitree_ros2_example) StdoutLine: {'line': b'-- Set runtime path of "/ws/install/unitree_ros2_example/bin/read_low_state_hg" to ""\n'}
[186.902623] (unitree_ros2_example) StdoutLine: {'line': b'-- Installing: /ws/install/unitree_ros2_example/bin/read_motion_state\n'}
[186.909264] (unitree_ros2_example) StdoutLine: {'line': b'-- Set runtime path of "/ws/install/unitree_ros2_example/bin/read_motion_state" to ""\n'}
[186.910179] (unitree_ros2_example) StdoutLine: {'line': b'-- Installing: /ws/install/unitree_ros2_example/bin/read_wireless_controller\n'}
[186.915931] (unitree_ros2_example) StdoutLine: {'line': b'-- Set runtime path of "/ws/install/unitree_ros2_example/bin/read_wireless_controller" to ""\n'}
[186.916295] (unitree_ros2_example) StdoutLine: {'line': b'-- Installing: /ws/install/unitree_ros2_example/bin/sport_mode_ctrl\n'}
[186.924013] (unitree_ros2_example) StdoutLine: {'line': b'-- Set runtime path of "/ws/install/unitree_ros2_example/bin/sport_mode_ctrl" to ""\n'}
[186.924341] (unitree_ros2_example) StdoutLine: {'line': b'-- Installing: /ws/install/unitree_ros2_example/share/ament_index/resource_index/package_run_dependencies/unitree_ros2_example\n'}
[186.924686] (unitree_ros2_example) StdoutLine: {'line': b'-- Installing: /ws/install/unitree_ros2_example/share/ament_index/resource_index/parent_prefix_path/unitree_ros2_example\n'}
[186.925039] (unitree_ros2_example) StdoutLine: {'line': b'-- Installing: /ws/install/unitree_ros2_example/share/unitree_ros2_example/environment/ament_prefix_path.sh\n'}
[186.925291] (unitree_ros2_example) StdoutLine: {'line': b'-- Installing: /ws/install/unitree_ros2_example/share/unitree_ros2_example/environment/ament_prefix_path.dsv\n'}
[186.925565] (unitree_ros2_example) StdoutLine: {'line': b'-- Installing: /ws/install/unitree_ros2_example/share/unitree_ros2_example/environment/path.sh\n'}
[186.925813] (unitree_ros2_example) StdoutLine: {'line': b'-- Installing: /ws/install/unitree_ros2_example/share/unitree_ros2_example/environment/path.dsv\n'}
[186.926082] (unitree_ros2_example) StdoutLine: {'line': b'-- Installing: /ws/install/unitree_ros2_example/share/unitree_ros2_example/local_setup.bash\n'}
[186.926323] (unitree_ros2_example) StdoutLine: {'line': b'-- Installing: /ws/install/unitree_ros2_example/share/unitree_ros2_example/local_setup.sh\n'}
[186.926574] (unitree_ros2_example) StdoutLine: {'line': b'-- Installing: /ws/install/unitree_ros2_example/share/unitree_ros2_example/local_setup.zsh\n'}
[186.926783] (unitree_ros2_example) StdoutLine: {'line': b'-- Installing: /ws/install/unitree_ros2_example/share/unitree_ros2_example/local_setup.dsv\n'}
[186.926983] (unitree_ros2_example) StdoutLine: {'line': b'-- Installing: /ws/install/unitree_ros2_example/share/unitree_ros2_example/package.dsv\n'}
[186.927281] (unitree_ros2_example) StdoutLine: {'line': b'-- Installing: /ws/install/unitree_ros2_example/share/ament_index/resource_index/packages/unitree_ros2_example\n'}
[186.927577] (unitree_ros2_example) StdoutLine: {'line': b'-- Installing: /ws/install/unitree_ros2_example/share/unitree_ros2_example/cmake/unitree_ros2_exampleConfig.cmake\n'}
[186.927757] (unitree_ros2_example) StdoutLine: {'line': b'-- Installing: /ws/install/unitree_ros2_example/share/unitree_ros2_example/cmake/unitree_ros2_exampleConfig-version.cmake\n'}
[186.928005] (unitree_ros2_example) StdoutLine: {'line': b'-- Installing: /ws/install/unitree_ros2_example/share/unitree_ros2_example/package.xml\n'}
[186.935394] (unitree_ros2_example) CommandEnded: {'returncode': 0}
[186.963082] (unitree_ros2_example) JobEnded: {'identifier': 'unitree_ros2_example', 'rc': 0}
[186.984806] (-) TimerEvent: {}
[187.085216] (-) TimerEvent: {}
[187.185685] (-) TimerEvent: {}
[187.286105] (-) TimerEvent: {}
[187.386610] (-) TimerEvent: {}
[187.487036] (-) TimerEvent: {}
[187.587489] (-) TimerEvent: {}
[187.687921] (-) TimerEvent: {}
[187.788360] (-) TimerEvent: {}
[187.888809] (-) TimerEvent: {}
[187.989259] (-) TimerEvent: {}
[188.089878] (-) TimerEvent: {}
[188.190310] (-) TimerEvent: {}
[188.290714] (-) TimerEvent: {}
[188.391112] (-) TimerEvent: {}
[188.403886] (unitree_legged_real) StdoutLine: {'line': b'[100%] \x1b[32m\x1b[1mLinking CXX executable go2_heightmap_node\x1b[0m\n'}
[188.491243] (-) TimerEvent: {}
[188.591808] (-) TimerEvent: {}
[188.692200] (-) TimerEvent: {}
[188.733177] (unitree_legged_real) StdoutLine: {'line': b'[100%] Built target go2_heightmap_node\n'}
[188.754099] (unitree_legged_real) CommandEnded: {'returncode': 0}
[188.755057] (unitree_legged_real) JobProgress: {'identifier': 'unitree_legged_real', 'progress': 'install'}
[188.755475] (unitree_legged_real) Command: {'cmd': ['/usr/bin/cmake', '--install', '/ws/build/unitree_legged_real'], 'cwd': '/ws/build/unitree_legged_real', 'env': OrderedDict([('HOSTNAME', 'pi'), ('SHLVL', '1'), ('LD_LIBRARY_PATH', '/ws/install/unitree_rl_controller/lib:/ws/install/unitree_go/lib:/ws/install/unitree_api/lib:/ws/install/ros2_unitree_legged_msgs/lib:/ws/libtorch/lib:/opt/ros/humble/lib/aarch64-linux-gnu:/opt/ros/humble/lib'), ('HOME', '/root'), ('OLDPWD', '/ws/src'), ('ROS_PYTHON_VERSION', '3'), ('ROS_DISTRO', 'humble'), ('_', '/usr/bin/colcon'), ('ROS_VERSION', '2'), ('TERM', 'xterm'), ('ROS_LOCALHOST_ONLY', '0'), ('PATH', '/opt/ros/humble/bin:/usr/local/sbin:/usr/local/bin:/usr/sbin:/usr/bin:/sbin:/bin'), ('LANG', 'C.UTF-8'), ('LS_COLORS', 'rs=0:di=01;34:ln=01;36:mh=00:pi=40;33:so=01;35:do=01;35:bd=40;33;01:cd=40;33;01:or=40;31;01:mi=00:su=37;41:sg=30;43:ca=30;41:tw=30;42:ow=34;42:st=37;44:ex=01;32:*.tar=01;31:*.tgz=01;31:*.arc=01;31:*.arj=01;31:*.taz=01;31:*.lha=01;31:*.lz4=01;31:*.lzh=01;31:*.lzma=01;31:*.tlz=01;31:*.txz=01;31:*.tzo=01;31:*.t7z=01;31:*.zip=01;31:*.z=01;31:*.dz=01;31:*.gz=01;31:*.lrz=01;31:*.lz=01;31:*.lzo=01;31:*.xz=01;31:*.zst=01;31:*.tzst=01;31:*.bz2=01;31:*.bz=01;31:*.tbz=01;31:*.tbz2=01;31:*.tz=01;31:*.deb=01;31:*.rpm=01;31:*.jar=01;31:*.war=01;31:*.ear=01;31:*.sar=01;31:*.rar=01;31:*.alz=01;31:*.ace=01;31:*.zoo=01;31:*.cpio=01;31:*.7z=01;31:*.rz=01;31:*.cab=01;31:*.wim=01;31:*.swm=01;31:*.dwm=01;31:*.esd=01;31:*.jpg=01;35:*.jpeg=01;35:*.mjpg=01;35:*.mjpeg=01;35:*.gif=01;35:*.bmp=01;35:*.pbm=01;35:*.pgm=01;35:*.ppm=01;35:*.tga=01;35:*.xbm=01;35:*.xpm=01;35:*.tif=01;35:*.tiff=01;35:*.png=01;35:*.svg=01;35:*.svgz=01;35:*.mng=01;35:*.pcx=01;35:*.mov=01;35:*.mpg=01;35:*.mpeg=01;35:*.m2v=01;35:*.mkv=01;35:*.webm=01;35:*.webp=01;35:*.ogm=01;35:*.mp4=01;35:*.m4v=01;35:*.mp4v=01;35:*.vob=01;35:*.qt=01;35:*.nuv=01;35:*.wmv=01;35:*.asf=01;35:*.rm=01;35:*.rmvb=01;35:*.flc=01;35:*.avi=01;35:*.fli=01;35:*.flv=01;35:*.gl=01;35:*.dl=01;35:*.xcf=01;35:*.xwd=01;35:*.yuv=01;35:*.cgm=01;35:*.emf=01;35:*.ogv=01;35:*.ogx=01;35:*.aac=00;36:*.au=00;36:*.flac=00;36:*.m4a=00;36:*.mid=00;36:*.midi=00;36:*.mka=00;36:*.mp3=00;36:*.mpc=00;36:*.ogg=00;36:*.ra=00;36:*.wav=00;36:*.oga=00;36:*.opus=00;36:*.spx=00;36:*.xspf=00;36:'), ('AMENT_PREFIX_PATH', '/ws/install/unitree_rl_controller:/ws/install/unitree_go:/ws/install/unitree_api:/ws/install/ros2_unitree_legged_msgs:/opt/ros/humble'), ('DEBIAN_FRONTEND', 'noninteractive'), ('Torch_DIR', '/ws/libtorch/share/cmake/Torch'), ('PWD', '/ws/build/unitree_legged_real'), ('LC_ALL', 'C.UTF-8'), ('PYTHONPATH', '/ws/install/unitree_go/local/lib/python3.10/dist-packages:/ws/install/unitree_api/local/lib/python3.10/dist-packages:/ws/install/ros2_unitree_legged_msgs/local/lib/python3.10/dist-packages:/opt/ros/humble/lib/python3.10/site-packages:/opt/ros/humble/local/lib/python3.10/dist-packages'), ('COLCON', '1'), ('CMAKE_PREFIX_PATH', '/ws/install/unitree_rl_controller:/ws/install/unitree_go:/ws/install/unitree_api:/ws/install/ros2_unitree_legged_msgs:/ws/libtorch:/opt/ros/humble')]), 'shell': False}
[188.772912] (unitree_legged_real) StdoutLine: {'line': b'-- Install configuration: ""\n'}
[188.773233] (unitree_legged_real) StdoutLine: {'line': b'-- Installing: /ws/install/unitree_legged_real/lib\n'}
[188.773389] (unitree_legged_real) StdoutLine: {'line': b'-- Installing: /ws/install/unitree_legged_real/lib/libunitree_legged_sdk_amd64.so\n'}
[188.783834] (unitree_legged_real) StdoutLine: {'line': b'-- Installing: /ws/install/unitree_legged_real/lib/libunitree_legged_sdk_arm64.so\n'}
[188.792037] (unitree_legged_real) StdoutLine: {'line': b'-- Installing: /ws/install/unitree_legged_real/lib/libddsc.so\n'}
[188.792259] (-) TimerEvent: {}
[188.892594] (-) TimerEvent: {}
[188.906160] (unitree_legged_real) StdoutLine: {'line': b'-- Installing: /ws/install/unitree_legged_real/lib/libddscxx.so\n'}
[188.953564] (unitree_legged_real) StdoutLine: {'line': b'-- Up-to-date: /ws/install/unitree_legged_real/lib/libddsc.so\n'}
[188.953943] (unitree_legged_real) StdoutLine: {'line': b'-- Up-to-date: /ws/install/unitree_legged_real/lib/libddscxx.so\n'}
[188.954091] (unitree_legged_real) StdoutLine: {'line': b'-- Installing: /ws/install/unitree_legged_real/lib/unitree_legged_real/ros2_rl_go2\n'}
[188.957319] (unitree_legged_real) StdoutLine: {'line': b'-- Set runtime path of "/ws/install/unitree_legged_real/lib/unitree_legged_real/ros2_rl_go2" to ""\n'}
[188.957594] (unitree_legged_real) StdoutLine: {'line': b'-- Installing: /ws/install/unitree_legged_real/lib/unitree_legged_real/go2_heightmap_node\n'}
[188.959873] (unitree_legged_real) StdoutLine: {'line': b'-- Set runtime path of "/ws/install/unitree_legged_real/lib/unitree_legged_real/go2_heightmap_node" to ""\n'}
[188.960468] (unitree_legged_real) StdoutLine: {'line': b'-- Installing: /ws/install/unitree_legged_real/lib/unitree_legged_real/lcm_server\n'}
[188.960816] (unitree_legged_real) StdoutLine: {'line': b'-- Set runtime path of "/ws/install/unitree_legged_real/lib/unitree_legged_real/lcm_server" to ""\n'}
[188.961147] (unitree_legged_real) StdoutLine: {'line': b'-- Installing: /ws/install/unitree_legged_real/share/ament_index/resource_index/package_run_dependencies/unitree_legged_real\n'}
[188.961524] (unitree_legged_real) StdoutLine: {'line': b'-- Installing: /ws/install/unitree_legged_real/share/ament_index/resource_index/parent_prefix_path/unitree_legged_real\n'}
[188.961934] (unitree_legged_real) StdoutLine: {'line': b'-- Installing: /ws/install/unitree_legged_real/share/unitree_legged_real/environment/ament_prefix_path.sh\n'}
[188.962203] (unitree_legged_real) StdoutLine: {'line': b'-- Installing: /ws/install/unitree_legged_real/share/unitree_legged_real/environment/ament_prefix_path.dsv\n'}
[188.962516] (unitree_legged_real) StdoutLine: {'line': b'-- Installing: /ws/install/unitree_legged_real/share/unitree_legged_real/environment/path.sh\n'}
[188.962796] (unitree_legged_real) StdoutLine: {'line': b'-- Installing: /ws/install/unitree_legged_real/share/unitree_legged_real/environment/path.dsv\n'}
[188.963044] (unitree_legged_real) StdoutLine: {'line': b'-- Installing: /ws/install/unitree_legged_real/share/unitree_legged_real/local_setup.bash\n'}
[188.963347] (unitree_legged_real) StdoutLine: {'line': b'-- Installing: /ws/install/unitree_legged_real/share/unitree_legged_real/local_setup.sh\n'}
[188.963649] (unitree_legged_real) StdoutLine: {'line': b'-- Installing: /ws/install/unitree_legged_real/share/unitree_legged_real/local_setup.zsh\n'}
[188.963931] (unitree_legged_real) StdoutLine: {'line': b'-- Installing: /ws/install/unitree_legged_real/share/unitree_legged_real/local_setup.dsv\n'}
[188.964207] (unitree_legged_real) StdoutLine: {'line': b'-- Installing: /ws/install/unitree_legged_real/share/unitree_legged_real/package.dsv\n'}
[188.964580] (unitree_legged_real) StdoutLine: {'line': b'-- Installing: /ws/install/unitree_legged_real/share/ament_index/resource_index/packages/unitree_legged_real\n'}
[188.964901] (unitree_legged_real) StdoutLine: {'line': b'-- Installing: /ws/install/unitree_legged_real/share/unitree_legged_real/cmake/unitree_legged_realConfig.cmake\n'}
[188.965069] (unitree_legged_real) StdoutLine: {'line': b'-- Installing: /ws/install/unitree_legged_real/share/unitree_legged_real/cmake/unitree_legged_realConfig-version.cmake\n'}
[188.965293] (unitree_legged_real) StdoutLine: {'line': b'-- Installing: /ws/install/unitree_legged_real/share/unitree_legged_real/package.xml\n'}
[188.969175] (unitree_legged_real) CommandEnded: {'returncode': 0}
[188.991014] (unitree_legged_real) JobEnded: {'identifier': 'unitree_legged_real', 'rc': 0}
[188.993742] (-) TimerEvent: {}
[188.994576] (-) EventReactorShutdown: {}
