[0.159s] DEBUG:colcon:Command line arguments: ['/usr/bin/colcon', 'build', '--packages-skip', 'unitree_mujoco']
[0.159s] DEBUG:colcon:Parsed command line arguments: Namespace(log_base=None, log_level=None, verb_name='build', build_base='build', install_base='install', merge_install=False, symlink_install=False, test_result_base=None, continue_on_error=False, executor='parallel', parallel_workers=4, event_handlers=None, ignore_user_meta=False, metas=['./colcon.meta'], base_paths=['.'], packages_ignore=None, packages_ignore_regex=None, paths=None, packages_up_to=None, packages_up_to_regex=None, packages_above=None, packages_above_and_dependencies=None, packages_above_depth=None, packages_select_by_dep=None, packages_skip_by_dep=None, packages_skip_up_to=None, packages_select_build_failed=False, packages_skip_build_finished=False, packages_select_test_failures=False, packages_skip_test_passed=False, packages_select=None, packages_skip=['unitree_mujoco'], packages_select_regex=None, packages_skip_regex=None, packages_start=None, packages_end=None, cmake_args=None, cmake_target=None, cmake_target_skip_unavailable=False, cmake_clean_cache=False, cmake_clean_first=False, cmake_force_configure=False, ament_cmake_args=None, catkin_cmake_args=None, catkin_skip_building_tests=False, mixin_files=None, mixin=None, verb_parser=<colcon_mixin.mixin.mixin_argument.MixinArgumentDecorator object at 0xffff8849eaa0>, verb_extension=<colcon_core.verb.build.BuildVerb object at 0xffff8849de40>, main=<bound method BuildVerb.main of <colcon_core.verb.build.BuildVerb object at 0xffff8849de40>>, mixin_verb=('build',))
[0.323s] Level 1:colcon.colcon_core.package_discovery:discover_packages(colcon_meta) check parameters
[0.324s] INFO:colcon.colcon_metadata.package_discovery.colcon_meta:Using configuration from '/root/.colcon/metadata/default/Gazebo.meta'
[0.325s] INFO:colcon.colcon_metadata.package_discovery.colcon_meta:Using configuration from '/root/.colcon/metadata/default/fastdds.meta'
[0.326s] INFO:colcon.colcon_metadata.package_discovery.colcon_meta:Using configuration from '/root/.colcon/metadata/default/fastrtps.meta'
[0.326s] Level 1:colcon.colcon_core.package_discovery:discover_packages(recursive) check parameters
[0.326s] Level 1:colcon.colcon_core.package_discovery:discover_packages(ignore) check parameters
[0.326s] Level 1:colcon.colcon_core.package_discovery:discover_packages(path) check parameters
[0.326s] Level 1:colcon.colcon_core.package_discovery:discover_packages(colcon_meta) discover
[0.326s] Level 1:colcon.colcon_core.package_discovery:discover_packages(recursive) discover
[0.326s] INFO:colcon.colcon_core.package_discovery:Crawling recursively for packages in '/ws'
[0.326s] Level 1:colcon.colcon_core.package_identification:_identify(.) by extensions ['ignore', 'ignore_ament_install']
[0.326s] Level 1:colcon.colcon_core.package_identification:_identify(.) by extension 'ignore'
[0.326s] Level 1:colcon.colcon_core.package_identification:_identify(.) by extension 'ignore_ament_install'
[0.326s] Level 1:colcon.colcon_core.package_identification:_identify(.) by extensions ['colcon_pkg']
[0.327s] Level 1:colcon.colcon_core.package_identification:_identify(.) by extension 'colcon_pkg'
[0.327s] Level 1:colcon.colcon_core.package_identification:_identify(.) by extensions ['colcon_meta']
[0.327s] Level 1:colcon.colcon_core.package_identification:_identify(.) by extension 'colcon_meta'
[0.327s] Level 1:colcon.colcon_core.package_identification:_identify(.) by extensions ['ros']
[0.327s] Level 1:colcon.colcon_core.package_identification:_identify(.) by extension 'ros'
[0.343s] Level 1:colcon.colcon_core.package_identification:_identify(.) by extensions ['cmake', 'python']
[0.343s] Level 1:colcon.colcon_core.package_identification:_identify(.) by extension 'cmake'
[0.343s] Level 1:colcon.colcon_core.package_identification:_identify(.) by extension 'python'
[0.343s] Level 1:colcon.colcon_core.package_identification:_identify(.) by extensions ['python_setup_py']
[0.343s] Level 1:colcon.colcon_core.package_identification:_identify(.) by extension 'python_setup_py'
[0.343s] Level 1:colcon.colcon_core.package_identification:_identify(build) by extensions ['ignore', 'ignore_ament_install']
[0.343s] Level 1:colcon.colcon_core.package_identification:_identify(build) by extension 'ignore'
[0.344s] Level 1:colcon.colcon_core.package_identification:_identify(build) ignored
[0.344s] Level 1:colcon.colcon_core.package_identification:_identify(img) by extensions ['ignore', 'ignore_ament_install']
[0.344s] Level 1:colcon.colcon_core.package_identification:_identify(img) by extension 'ignore'
[0.344s] Level 1:colcon.colcon_core.package_identification:_identify(img) by extension 'ignore_ament_install'
[0.344s] Level 1:colcon.colcon_core.package_identification:_identify(img) by extensions ['colcon_pkg']
[0.344s] Level 1:colcon.colcon_core.package_identification:_identify(img) by extension 'colcon_pkg'
[0.344s] Level 1:colcon.colcon_core.package_identification:_identify(img) by extensions ['colcon_meta']
[0.344s] Level 1:colcon.colcon_core.package_identification:_identify(img) by extension 'colcon_meta'
[0.344s] Level 1:colcon.colcon_core.package_identification:_identify(img) by extensions ['ros']
[0.344s] Level 1:colcon.colcon_core.package_identification:_identify(img) by extension 'ros'
[0.344s] Level 1:colcon.colcon_core.package_identification:_identify(img) by extensions ['cmake', 'python']
[0.344s] Level 1:colcon.colcon_core.package_identification:_identify(img) by extension 'cmake'
[0.344s] Level 1:colcon.colcon_core.package_identification:_identify(img) by extension 'python'
[0.344s] Level 1:colcon.colcon_core.package_identification:_identify(img) by extensions ['python_setup_py']
[0.344s] Level 1:colcon.colcon_core.package_identification:_identify(img) by extension 'python_setup_py'
[0.345s] Level 1:colcon.colcon_core.package_identification:_identify(install) by extensions ['ignore', 'ignore_ament_install']
[0.345s] Level 1:colcon.colcon_core.package_identification:_identify(install) by extension 'ignore'
[0.345s] Level 1:colcon.colcon_core.package_identification:_identify(install) ignored
[0.345s] Level 1:colcon.colcon_core.package_identification:_identify(libtorch) by extensions ['ignore', 'ignore_ament_install']
[0.345s] Level 1:colcon.colcon_core.package_identification:_identify(libtorch) by extension 'ignore'
[0.345s] Level 1:colcon.colcon_core.package_identification:_identify(libtorch) by extension 'ignore_ament_install'
[0.345s] Level 1:colcon.colcon_core.package_identification:_identify(libtorch) by extensions ['colcon_pkg']
[0.345s] Level 1:colcon.colcon_core.package_identification:_identify(libtorch) by extension 'colcon_pkg'
[0.345s] Level 1:colcon.colcon_core.package_identification:_identify(libtorch) by extensions ['colcon_meta']
[0.345s] Level 1:colcon.colcon_core.package_identification:_identify(libtorch) by extension 'colcon_meta'
[0.345s] Level 1:colcon.colcon_core.package_identification:_identify(libtorch) by extensions ['ros']
[0.345s] Level 1:colcon.colcon_core.package_identification:_identify(libtorch) by extension 'ros'
[0.345s] Level 1:colcon.colcon_core.package_identification:_identify(libtorch) by extensions ['cmake', 'python']
[0.345s] Level 1:colcon.colcon_core.package_identification:_identify(libtorch) by extension 'cmake'
[0.345s] Level 1:colcon.colcon_core.package_identification:_identify(libtorch) by extension 'python'
[0.345s] Level 1:colcon.colcon_core.package_identification:_identify(libtorch) by extensions ['python_setup_py']
[0.345s] Level 1:colcon.colcon_core.package_identification:_identify(libtorch) by extension 'python_setup_py'
[0.346s] Level 1:colcon.colcon_core.package_identification:_identify(libtorch/bin) by extensions ['ignore', 'ignore_ament_install']
[0.346s] Level 1:colcon.colcon_core.package_identification:_identify(libtorch/bin) by extension 'ignore'
[0.346s] Level 1:colcon.colcon_core.package_identification:_identify(libtorch/bin) by extension 'ignore_ament_install'
[0.346s] Level 1:colcon.colcon_core.package_identification:_identify(libtorch/bin) by extensions ['colcon_pkg']
[0.346s] Level 1:colcon.colcon_core.package_identification:_identify(libtorch/bin) by extension 'colcon_pkg'
[0.346s] Level 1:colcon.colcon_core.package_identification:_identify(libtorch/bin) by extensions ['colcon_meta']
[0.346s] Level 1:colcon.colcon_core.package_identification:_identify(libtorch/bin) by extension 'colcon_meta'
[0.346s] Level 1:colcon.colcon_core.package_identification:_identify(libtorch/bin) by extensions ['ros']
[0.346s] Level 1:colcon.colcon_core.package_identification:_identify(libtorch/bin) by extension 'ros'
[0.346s] Level 1:colcon.colcon_core.package_identification:_identify(libtorch/bin) by extensions ['cmake', 'python']
[0.346s] Level 1:colcon.colcon_core.package_identification:_identify(libtorch/bin) by extension 'cmake'
[0.346s] Level 1:colcon.colcon_core.package_identification:_identify(libtorch/bin) by extension 'python'
[0.346s] Level 1:colcon.colcon_core.package_identification:_identify(libtorch/bin) by extensions ['python_setup_py']
[0.346s] Level 1:colcon.colcon_core.package_identification:_identify(libtorch/bin) by extension 'python_setup_py'
[0.346s] Level 1:colcon.colcon_core.package_identification:_identify(libtorch/include) by extensions ['ignore', 'ignore_ament_install']
[0.346s] Level 1:colcon.colcon_core.package_identification:_identify(libtorch/include) by extension 'ignore'
[0.346s] Level 1:colcon.colcon_core.package_identification:_identify(libtorch/include) by extension 'ignore_ament_install'
[0.347s] Level 1:colcon.colcon_core.package_identification:_identify(libtorch/include) by extensions ['colcon_pkg']
[0.347s] Level 1:colcon.colcon_core.package_identification:_identify(libtorch/include) by extension 'colcon_pkg'
[0.347s] Level 1:colcon.colcon_core.package_identification:_identify(libtorch/include) by extensions ['colcon_meta']
[0.347s] Level 1:colcon.colcon_core.package_identification:_identify(libtorch/include) by extension 'colcon_meta'
[0.347s] Level 1:colcon.colcon_core.package_identification:_identify(libtorch/include) by extensions ['ros']
[0.347s] Level 1:colcon.colcon_core.package_identification:_identify(libtorch/include) by extension 'ros'
[0.347s] Level 1:colcon.colcon_core.package_identification:_identify(libtorch/include) by extensions ['cmake', 'python']
[0.347s] Level 1:colcon.colcon_core.package_identification:_identify(libtorch/include) by extension 'cmake'
[0.347s] Level 1:colcon.colcon_core.package_identification:_identify(libtorch/include) by extension 'python'
[0.347s] Level 1:colcon.colcon_core.package_identification:_identify(libtorch/include) by extensions ['python_setup_py']
[0.347s] Level 1:colcon.colcon_core.package_identification:_identify(libtorch/include) by extension 'python_setup_py'
[0.347s] Level 1:colcon.colcon_core.package_identification:_identify(libtorch/include/ATen) by extensions ['ignore', 'ignore_ament_install']
[0.347s] Level 1:colcon.colcon_core.package_identification:_identify(libtorch/include/ATen) by extension 'ignore'
[0.347s] Level 1:colcon.colcon_core.package_identification:_identify(libtorch/include/ATen) by extension 'ignore_ament_install'
[0.347s] Level 1:colcon.colcon_core.package_identification:_identify(libtorch/include/ATen) by extensions ['colcon_pkg']
[0.347s] Level 1:colcon.colcon_core.package_identification:_identify(libtorch/include/ATen) by extension 'colcon_pkg'
[0.347s] Level 1:colcon.colcon_core.package_identification:_identify(libtorch/include/ATen) by extensions ['colcon_meta']
[0.348s] Level 1:colcon.colcon_core.package_identification:_identify(libtorch/include/ATen) by extension 'colcon_meta'
[0.348s] Level 1:colcon.colcon_core.package_identification:_identify(libtorch/include/ATen) by extensions ['ros']
[0.348s] Level 1:colcon.colcon_core.package_identification:_identify(libtorch/include/ATen) by extension 'ros'
[0.348s] Level 1:colcon.colcon_core.package_identification:_identify(libtorch/include/ATen) by extensions ['cmake', 'python']
[0.348s] Level 1:colcon.colcon_core.package_identification:_identify(libtorch/include/ATen) by extension 'cmake'
[0.348s] Level 1:colcon.colcon_core.package_identification:_identify(libtorch/include/ATen) by extension 'python'
[0.348s] Level 1:colcon.colcon_core.package_identification:_identify(libtorch/include/ATen) by extensions ['python_setup_py']
[0.348s] Level 1:colcon.colcon_core.package_identification:_identify(libtorch/include/ATen) by extension 'python_setup_py'
[0.348s] Level 1:colcon.colcon_core.package_identification:_identify(libtorch/include/ATen/core) by extensions ['ignore', 'ignore_ament_install']
[0.348s] Level 1:colcon.colcon_core.package_identification:_identify(libtorch/include/ATen/core) by extension 'ignore'
[0.348s] Level 1:colcon.colcon_core.package_identification:_identify(libtorch/include/ATen/core) by extension 'ignore_ament_install'
[0.348s] Level 1:colcon.colcon_core.package_identification:_identify(libtorch/include/ATen/core) by extensions ['colcon_pkg']
[0.348s] Level 1:colcon.colcon_core.package_identification:_identify(libtorch/include/ATen/core) by extension 'colcon_pkg'
[0.348s] Level 1:colcon.colcon_core.package_identification:_identify(libtorch/include/ATen/core) by extensions ['colcon_meta']
[0.348s] Level 1:colcon.colcon_core.package_identification:_identify(libtorch/include/ATen/core) by extension 'colcon_meta'
[0.348s] Level 1:colcon.colcon_core.package_identification:_identify(libtorch/include/ATen/core) by extensions ['ros']
[0.348s] Level 1:colcon.colcon_core.package_identification:_identify(libtorch/include/ATen/core) by extension 'ros'
[0.349s] Level 1:colcon.colcon_core.package_identification:_identify(libtorch/include/ATen/core) by extensions ['cmake', 'python']
[0.349s] Level 1:colcon.colcon_core.package_identification:_identify(libtorch/include/ATen/core) by extension 'cmake'
[0.349s] Level 1:colcon.colcon_core.package_identification:_identify(libtorch/include/ATen/core) by extension 'python'
[0.349s] Level 1:colcon.colcon_core.package_identification:_identify(libtorch/include/ATen/core) by extensions ['python_setup_py']
[0.349s] Level 1:colcon.colcon_core.package_identification:_identify(libtorch/include/ATen/core) by extension 'python_setup_py'
[0.349s] Level 1:colcon.colcon_core.package_identification:_identify(libtorch/include/ATen/core/boxing) by extensions ['ignore', 'ignore_ament_install']
[0.349s] Level 1:colcon.colcon_core.package_identification:_identify(libtorch/include/ATen/core/boxing) by extension 'ignore'
[0.349s] Level 1:colcon.colcon_core.package_identification:_identify(libtorch/include/ATen/core/boxing) by extension 'ignore_ament_install'
[0.349s] Level 1:colcon.colcon_core.package_identification:_identify(libtorch/include/ATen/core/boxing) by extensions ['colcon_pkg']
[0.349s] Level 1:colcon.colcon_core.package_identification:_identify(libtorch/include/ATen/core/boxing) by extension 'colcon_pkg'
[0.349s] Level 1:colcon.colcon_core.package_identification:_identify(libtorch/include/ATen/core/boxing) by extensions ['colcon_meta']
[0.349s] Level 1:colcon.colcon_core.package_identification:_identify(libtorch/include/ATen/core/boxing) by extension 'colcon_meta'
[0.349s] Level 1:colcon.colcon_core.package_identification:_identify(libtorch/include/ATen/core/boxing) by extensions ['ros']
[0.349s] Level 1:colcon.colcon_core.package_identification:_identify(libtorch/include/ATen/core/boxing) by extension 'ros'
[0.349s] Level 1:colcon.colcon_core.package_identification:_identify(libtorch/include/ATen/core/boxing) by extensions ['cmake', 'python']
[0.349s] Level 1:colcon.colcon_core.package_identification:_identify(libtorch/include/ATen/core/boxing) by extension 'cmake'
[0.349s] Level 1:colcon.colcon_core.package_identification:_identify(libtorch/include/ATen/core/boxing) by extension 'python'
[0.349s] Level 1:colcon.colcon_core.package_identification:_identify(libtorch/include/ATen/core/boxing) by extensions ['python_setup_py']
[0.349s] Level 1:colcon.colcon_core.package_identification:_identify(libtorch/include/ATen/core/boxing) by extension 'python_setup_py'
[0.350s] Level 1:colcon.colcon_core.package_identification:_identify(libtorch/include/ATen/core/boxing/impl) by extensions ['ignore', 'ignore_ament_install']
[0.350s] Level 1:colcon.colcon_core.package_identification:_identify(libtorch/include/ATen/core/boxing/impl) by extension 'ignore'
[0.350s] Level 1:colcon.colcon_core.package_identification:_identify(libtorch/include/ATen/core/boxing/impl) by extension 'ignore_ament_install'
[0.350s] Level 1:colcon.colcon_core.package_identification:_identify(libtorch/include/ATen/core/boxing/impl) by extensions ['colcon_pkg']
[0.350s] Level 1:colcon.colcon_core.package_identification:_identify(libtorch/include/ATen/core/boxing/impl) by extension 'colcon_pkg'
[0.350s] Level 1:colcon.colcon_core.package_identification:_identify(libtorch/include/ATen/core/boxing/impl) by extensions ['colcon_meta']
[0.350s] Level 1:colcon.colcon_core.package_identification:_identify(libtorch/include/ATen/core/boxing/impl) by extension 'colcon_meta'
[0.350s] Level 1:colcon.colcon_core.package_identification:_identify(libtorch/include/ATen/core/boxing/impl) by extensions ['ros']
[0.350s] Level 1:colcon.colcon_core.package_identification:_identify(libtorch/include/ATen/core/boxing/impl) by extension 'ros'
[0.350s] Level 1:colcon.colcon_core.package_identification:_identify(libtorch/include/ATen/core/boxing/impl) by extensions ['cmake', 'python']
[0.350s] Level 1:colcon.colcon_core.package_identification:_identify(libtorch/include/ATen/core/boxing/impl) by extension 'cmake'
[0.350s] Level 1:colcon.colcon_core.package_identification:_identify(libtorch/include/ATen/core/boxing/impl) by extension 'python'
[0.350s] Level 1:colcon.colcon_core.package_identification:_identify(libtorch/include/ATen/core/boxing/impl) by extensions ['python_setup_py']
[0.350s] Level 1:colcon.colcon_core.package_identification:_identify(libtorch/include/ATen/core/boxing/impl) by extension 'python_setup_py'
[0.350s] Level 1:colcon.colcon_core.package_identification:_identify(libtorch/include/ATen/core/dispatch) by extensions ['ignore', 'ignore_ament_install']
[0.351s] Level 1:colcon.colcon_core.package_identification:_identify(libtorch/include/ATen/core/dispatch) by extension 'ignore'
[0.351s] Level 1:colcon.colcon_core.package_identification:_identify(libtorch/include/ATen/core/dispatch) by extension 'ignore_ament_install'
[0.351s] Level 1:colcon.colcon_core.package_identification:_identify(libtorch/include/ATen/core/dispatch) by extensions ['colcon_pkg']
[0.351s] Level 1:colcon.colcon_core.package_identification:_identify(libtorch/include/ATen/core/dispatch) by extension 'colcon_pkg'
[0.351s] Level 1:colcon.colcon_core.package_identification:_identify(libtorch/include/ATen/core/dispatch) by extensions ['colcon_meta']
[0.351s] Level 1:colcon.colcon_core.package_identification:_identify(libtorch/include/ATen/core/dispatch) by extension 'colcon_meta'
[0.351s] Level 1:colcon.colcon_core.package_identification:_identify(libtorch/include/ATen/core/dispatch) by extensions ['ros']
[0.351s] Level 1:colcon.colcon_core.package_identification:_identify(libtorch/include/ATen/core/dispatch) by extension 'ros'
[0.351s] Level 1:colcon.colcon_core.package_identification:_identify(libtorch/include/ATen/core/dispatch) by extensions ['cmake', 'python']
[0.351s] Level 1:colcon.colcon_core.package_identification:_identify(libtorch/include/ATen/core/dispatch) by extension 'cmake'
[0.351s] Level 1:colcon.colcon_core.package_identification:_identify(libtorch/include/ATen/core/dispatch) by extension 'python'
[0.351s] Level 1:colcon.colcon_core.package_identification:_identify(libtorch/include/ATen/core/dispatch) by extensions ['python_setup_py']
[0.351s] Level 1:colcon.colcon_core.package_identification:_identify(libtorch/include/ATen/core/dispatch) by extension 'python_setup_py'
[0.351s] Level 1:colcon.colcon_core.package_identification:_identify(libtorch/include/ATen/core/op_registration) by extensions ['ignore', 'ignore_ament_install']
[0.351s] Level 1:colcon.colcon_core.package_identification:_identify(libtorch/include/ATen/core/op_registration) by extension 'ignore'
[0.351s] Level 1:colcon.colcon_core.package_identification:_identify(libtorch/include/ATen/core/op_registration) by extension 'ignore_ament_install'
[0.351s] Level 1:colcon.colcon_core.package_identification:_identify(libtorch/include/ATen/core/op_registration) by extensions ['colcon_pkg']
[0.351s] Level 1:colcon.colcon_core.package_identification:_identify(libtorch/include/ATen/core/op_registration) by extension 'colcon_pkg'
[0.351s] Level 1:colcon.colcon_core.package_identification:_identify(libtorch/include/ATen/core/op_registration) by extensions ['colcon_meta']
[0.352s] Level 1:colcon.colcon_core.package_identification:_identify(libtorch/include/ATen/core/op_registration) by extension 'colcon_meta'
[0.352s] Level 1:colcon.colcon_core.package_identification:_identify(libtorch/include/ATen/core/op_registration) by extensions ['ros']
[0.352s] Level 1:colcon.colcon_core.package_identification:_identify(libtorch/include/ATen/core/op_registration) by extension 'ros'
[0.352s] Level 1:colcon.colcon_core.package_identification:_identify(libtorch/include/ATen/core/op_registration) by extensions ['cmake', 'python']
[0.352s] Level 1:colcon.colcon_core.package_identification:_identify(libtorch/include/ATen/core/op_registration) by extension 'cmake'
[0.352s] Level 1:colcon.colcon_core.package_identification:_identify(libtorch/include/ATen/core/op_registration) by extension 'python'
[0.352s] Level 1:colcon.colcon_core.package_identification:_identify(libtorch/include/ATen/core/op_registration) by extensions ['python_setup_py']
[0.352s] Level 1:colcon.colcon_core.package_identification:_identify(libtorch/include/ATen/core/op_registration) by extension 'python_setup_py'
[0.352s] Level 1:colcon.colcon_core.package_identification:_identify(libtorch/include/ATen/cpu) by extensions ['ignore', 'ignore_ament_install']
[0.352s] Level 1:colcon.colcon_core.package_identification:_identify(libtorch/include/ATen/cpu) by extension 'ignore'
[0.352s] Level 1:colcon.colcon_core.package_identification:_identify(libtorch/include/ATen/cpu) by extension 'ignore_ament_install'
[0.352s] Level 1:colcon.colcon_core.package_identification:_identify(libtorch/include/ATen/cpu) by extensions ['colcon_pkg']
[0.352s] Level 1:colcon.colcon_core.package_identification:_identify(libtorch/include/ATen/cpu) by extension 'colcon_pkg'
[0.352s] Level 1:colcon.colcon_core.package_identification:_identify(libtorch/include/ATen/cpu) by extensions ['colcon_meta']
[0.352s] Level 1:colcon.colcon_core.package_identification:_identify(libtorch/include/ATen/cpu) by extension 'colcon_meta'
[0.352s] Level 1:colcon.colcon_core.package_identification:_identify(libtorch/include/ATen/cpu) by extensions ['ros']
[0.352s] Level 1:colcon.colcon_core.package_identification:_identify(libtorch/include/ATen/cpu) by extension 'ros'
[0.352s] Level 1:colcon.colcon_core.package_identification:_identify(libtorch/include/ATen/cpu) by extensions ['cmake', 'python']
[0.352s] Level 1:colcon.colcon_core.package_identification:_identify(libtorch/include/ATen/cpu) by extension 'cmake'
[0.353s] Level 1:colcon.colcon_core.package_identification:_identify(libtorch/include/ATen/cpu) by extension 'python'
[0.353s] Level 1:colcon.colcon_core.package_identification:_identify(libtorch/include/ATen/cpu) by extensions ['python_setup_py']
[0.353s] Level 1:colcon.colcon_core.package_identification:_identify(libtorch/include/ATen/cpu) by extension 'python_setup_py'
[0.353s] Level 1:colcon.colcon_core.package_identification:_identify(libtorch/include/ATen/cpu/vec256) by extensions ['ignore', 'ignore_ament_install']
[0.353s] Level 1:colcon.colcon_core.package_identification:_identify(libtorch/include/ATen/cpu/vec256) by extension 'ignore'
[0.353s] Level 1:colcon.colcon_core.package_identification:_identify(libtorch/include/ATen/cpu/vec256) by extension 'ignore_ament_install'
[0.353s] Level 1:colcon.colcon_core.package_identification:_identify(libtorch/include/ATen/cpu/vec256) by extensions ['colcon_pkg']
[0.353s] Level 1:colcon.colcon_core.package_identification:_identify(libtorch/include/ATen/cpu/vec256) by extension 'colcon_pkg'
[0.353s] Level 1:colcon.colcon_core.package_identification:_identify(libtorch/include/ATen/cpu/vec256) by extensions ['colcon_meta']
[0.353s] Level 1:colcon.colcon_core.package_identification:_identify(libtorch/include/ATen/cpu/vec256) by extension 'colcon_meta'
[0.353s] Level 1:colcon.colcon_core.package_identification:_identify(libtorch/include/ATen/cpu/vec256) by extensions ['ros']
[0.353s] Level 1:colcon.colcon_core.package_identification:_identify(libtorch/include/ATen/cpu/vec256) by extension 'ros'
[0.353s] Level 1:colcon.colcon_core.package_identification:_identify(libtorch/include/ATen/cpu/vec256) by extensions ['cmake', 'python']
[0.353s] Level 1:colcon.colcon_core.package_identification:_identify(libtorch/include/ATen/cpu/vec256) by extension 'cmake'
[0.353s] Level 1:colcon.colcon_core.package_identification:_identify(libtorch/include/ATen/cpu/vec256) by extension 'python'
[0.353s] Level 1:colcon.colcon_core.package_identification:_identify(libtorch/include/ATen/cpu/vec256) by extensions ['python_setup_py']
[0.353s] Level 1:colcon.colcon_core.package_identification:_identify(libtorch/include/ATen/cpu/vec256) by extension 'python_setup_py'
[0.354s] Level 1:colcon.colcon_core.package_identification:_identify(libtorch/include/ATen/cuda) by extensions ['ignore', 'ignore_ament_install']
[0.354s] Level 1:colcon.colcon_core.package_identification:_identify(libtorch/include/ATen/cuda) by extension 'ignore'
[0.354s] Level 1:colcon.colcon_core.package_identification:_identify(libtorch/include/ATen/cuda) by extension 'ignore_ament_install'
[0.354s] Level 1:colcon.colcon_core.package_identification:_identify(libtorch/include/ATen/cuda) by extensions ['colcon_pkg']
[0.354s] Level 1:colcon.colcon_core.package_identification:_identify(libtorch/include/ATen/cuda) by extension 'colcon_pkg'
[0.354s] Level 1:colcon.colcon_core.package_identification:_identify(libtorch/include/ATen/cuda) by extensions ['colcon_meta']
[0.354s] Level 1:colcon.colcon_core.package_identification:_identify(libtorch/include/ATen/cuda) by extension 'colcon_meta'
[0.354s] Level 1:colcon.colcon_core.package_identification:_identify(libtorch/include/ATen/cuda) by extensions ['ros']
[0.354s] Level 1:colcon.colcon_core.package_identification:_identify(libtorch/include/ATen/cuda) by extension 'ros'
[0.354s] Level 1:colcon.colcon_core.package_identification:_identify(libtorch/include/ATen/cuda) by extensions ['cmake', 'python']
[0.354s] Level 1:colcon.colcon_core.package_identification:_identify(libtorch/include/ATen/cuda) by extension 'cmake'
[0.354s] Level 1:colcon.colcon_core.package_identification:_identify(libtorch/include/ATen/cuda) by extension 'python'
[0.354s] Level 1:colcon.colcon_core.package_identification:_identify(libtorch/include/ATen/cuda) by extensions ['python_setup_py']
[0.354s] Level 1:colcon.colcon_core.package_identification:_identify(libtorch/include/ATen/cuda) by extension 'python_setup_py'
[0.354s] Level 1:colcon.colcon_core.package_identification:_identify(libtorch/include/ATen/cuda/detail) by extensions ['ignore', 'ignore_ament_install']
[0.354s] Level 1:colcon.colcon_core.package_identification:_identify(libtorch/include/ATen/cuda/detail) by extension 'ignore'
[0.354s] Level 1:colcon.colcon_core.package_identification:_identify(libtorch/include/ATen/cuda/detail) by extension 'ignore_ament_install'
[0.354s] Level 1:colcon.colcon_core.package_identification:_identify(libtorch/include/ATen/cuda/detail) by extensions ['colcon_pkg']
[0.355s] Level 1:colcon.colcon_core.package_identification:_identify(libtorch/include/ATen/cuda/detail) by extension 'colcon_pkg'
[0.355s] Level 1:colcon.colcon_core.package_identification:_identify(libtorch/include/ATen/cuda/detail) by extensions ['colcon_meta']
[0.355s] Level 1:colcon.colcon_core.package_identification:_identify(libtorch/include/ATen/cuda/detail) by extension 'colcon_meta'
[0.355s] Level 1:colcon.colcon_core.package_identification:_identify(libtorch/include/ATen/cuda/detail) by extensions ['ros']
[0.355s] Level 1:colcon.colcon_core.package_identification:_identify(libtorch/include/ATen/cuda/detail) by extension 'ros'
[0.355s] Level 1:colcon.colcon_core.package_identification:_identify(libtorch/include/ATen/cuda/detail) by extensions ['cmake', 'python']
[0.355s] Level 1:colcon.colcon_core.package_identification:_identify(libtorch/include/ATen/cuda/detail) by extension 'cmake'
[0.355s] Level 1:colcon.colcon_core.package_identification:_identify(libtorch/include/ATen/cuda/detail) by extension 'python'
[0.355s] Level 1:colcon.colcon_core.package_identification:_identify(libtorch/include/ATen/cuda/detail) by extensions ['python_setup_py']
[0.355s] Level 1:colcon.colcon_core.package_identification:_identify(libtorch/include/ATen/cuda/detail) by extension 'python_setup_py'
[0.355s] Level 1:colcon.colcon_core.package_identification:_identify(libtorch/include/ATen/cudnn) by extensions ['ignore', 'ignore_ament_install']
[0.355s] Level 1:colcon.colcon_core.package_identification:_identify(libtorch/include/ATen/cudnn) by extension 'ignore'
[0.355s] Level 1:colcon.colcon_core.package_identification:_identify(libtorch/include/ATen/cudnn) by extension 'ignore_ament_install'
[0.355s] Level 1:colcon.colcon_core.package_identification:_identify(libtorch/include/ATen/cudnn) by extensions ['colcon_pkg']
[0.355s] Level 1:colcon.colcon_core.package_identification:_identify(libtorch/include/ATen/cudnn) by extension 'colcon_pkg'
[0.355s] Level 1:colcon.colcon_core.package_identification:_identify(libtorch/include/ATen/cudnn) by extensions ['colcon_meta']
[0.355s] Level 1:colcon.colcon_core.package_identification:_identify(libtorch/include/ATen/cudnn) by extension 'colcon_meta'
[0.355s] Level 1:colcon.colcon_core.package_identification:_identify(libtorch/include/ATen/cudnn) by extensions ['ros']
[0.355s] Level 1:colcon.colcon_core.package_identification:_identify(libtorch/include/ATen/cudnn) by extension 'ros'
[0.356s] Level 1:colcon.colcon_core.package_identification:_identify(libtorch/include/ATen/cudnn) by extensions ['cmake', 'python']
[0.356s] Level 1:colcon.colcon_core.package_identification:_identify(libtorch/include/ATen/cudnn) by extension 'cmake'
[0.356s] Level 1:colcon.colcon_core.package_identification:_identify(libtorch/include/ATen/cudnn) by extension 'python'
[0.356s] Level 1:colcon.colcon_core.package_identification:_identify(libtorch/include/ATen/cudnn) by extensions ['python_setup_py']
[0.356s] Level 1:colcon.colcon_core.package_identification:_identify(libtorch/include/ATen/cudnn) by extension 'python_setup_py'
[0.356s] Level 1:colcon.colcon_core.package_identification:_identify(libtorch/include/ATen/detail) by extensions ['ignore', 'ignore_ament_install']
[0.356s] Level 1:colcon.colcon_core.package_identification:_identify(libtorch/include/ATen/detail) by extension 'ignore'
[0.356s] Level 1:colcon.colcon_core.package_identification:_identify(libtorch/include/ATen/detail) by extension 'ignore_ament_install'
[0.356s] Level 1:colcon.colcon_core.package_identification:_identify(libtorch/include/ATen/detail) by extensions ['colcon_pkg']
[0.356s] Level 1:colcon.colcon_core.package_identification:_identify(libtorch/include/ATen/detail) by extension 'colcon_pkg'
[0.356s] Level 1:colcon.colcon_core.package_identification:_identify(libtorch/include/ATen/detail) by extensions ['colcon_meta']
[0.356s] Level 1:colcon.colcon_core.package_identification:_identify(libtorch/include/ATen/detail) by extension 'colcon_meta'
[0.356s] Level 1:colcon.colcon_core.package_identification:_identify(libtorch/include/ATen/detail) by extensions ['ros']
[0.356s] Level 1:colcon.colcon_core.package_identification:_identify(libtorch/include/ATen/detail) by extension 'ros'
[0.356s] Level 1:colcon.colcon_core.package_identification:_identify(libtorch/include/ATen/detail) by extensions ['cmake', 'python']
[0.356s] Level 1:colcon.colcon_core.package_identification:_identify(libtorch/include/ATen/detail) by extension 'cmake'
[0.356s] Level 1:colcon.colcon_core.package_identification:_identify(libtorch/include/ATen/detail) by extension 'python'
[0.356s] Level 1:colcon.colcon_core.package_identification:_identify(libtorch/include/ATen/detail) by extensions ['python_setup_py']
[0.356s] Level 1:colcon.colcon_core.package_identification:_identify(libtorch/include/ATen/detail) by extension 'python_setup_py'
[0.357s] Level 1:colcon.colcon_core.package_identification:_identify(libtorch/include/ATen/hip) by extensions ['ignore', 'ignore_ament_install']
[0.357s] Level 1:colcon.colcon_core.package_identification:_identify(libtorch/include/ATen/hip) by extension 'ignore'
[0.357s] Level 1:colcon.colcon_core.package_identification:_identify(libtorch/include/ATen/hip) by extension 'ignore_ament_install'
[0.357s] Level 1:colcon.colcon_core.package_identification:_identify(libtorch/include/ATen/hip) by extensions ['colcon_pkg']
[0.357s] Level 1:colcon.colcon_core.package_identification:_identify(libtorch/include/ATen/hip) by extension 'colcon_pkg'
[0.357s] Level 1:colcon.colcon_core.package_identification:_identify(libtorch/include/ATen/hip) by extensions ['colcon_meta']
[0.357s] Level 1:colcon.colcon_core.package_identification:_identify(libtorch/include/ATen/hip) by extension 'colcon_meta'
[0.357s] Level 1:colcon.colcon_core.package_identification:_identify(libtorch/include/ATen/hip) by extensions ['ros']
[0.357s] Level 1:colcon.colcon_core.package_identification:_identify(libtorch/include/ATen/hip) by extension 'ros'
[0.357s] Level 1:colcon.colcon_core.package_identification:_identify(libtorch/include/ATen/hip) by extensions ['cmake', 'python']
[0.357s] Level 1:colcon.colcon_core.package_identification:_identify(libtorch/include/ATen/hip) by extension 'cmake'
[0.357s] Level 1:colcon.colcon_core.package_identification:_identify(libtorch/include/ATen/hip) by extension 'python'
[0.357s] Level 1:colcon.colcon_core.package_identification:_identify(libtorch/include/ATen/hip) by extensions ['python_setup_py']
[0.357s] Level 1:colcon.colcon_core.package_identification:_identify(libtorch/include/ATen/hip) by extension 'python_setup_py'
[0.357s] Level 1:colcon.colcon_core.package_identification:_identify(libtorch/include/ATen/hip/impl) by extensions ['ignore', 'ignore_ament_install']
[0.357s] Level 1:colcon.colcon_core.package_identification:_identify(libtorch/include/ATen/hip/impl) by extension 'ignore'
[0.357s] Level 1:colcon.colcon_core.package_identification:_identify(libtorch/include/ATen/hip/impl) by extension 'ignore_ament_install'
[0.358s] Level 1:colcon.colcon_core.package_identification:_identify(libtorch/include/ATen/hip/impl) by extensions ['colcon_pkg']
[0.358s] Level 1:colcon.colcon_core.package_identification:_identify(libtorch/include/ATen/hip/impl) by extension 'colcon_pkg'
[0.358s] Level 1:colcon.colcon_core.package_identification:_identify(libtorch/include/ATen/hip/impl) by extensions ['colcon_meta']
[0.358s] Level 1:colcon.colcon_core.package_identification:_identify(libtorch/include/ATen/hip/impl) by extension 'colcon_meta'
[0.358s] Level 1:colcon.colcon_core.package_identification:_identify(libtorch/include/ATen/hip/impl) by extensions ['ros']
[0.358s] Level 1:colcon.colcon_core.package_identification:_identify(libtorch/include/ATen/hip/impl) by extension 'ros'
[0.358s] Level 1:colcon.colcon_core.package_identification:_identify(libtorch/include/ATen/hip/impl) by extensions ['cmake', 'python']
[0.358s] Level 1:colcon.colcon_core.package_identification:_identify(libtorch/include/ATen/hip/impl) by extension 'cmake'
[0.358s] Level 1:colcon.colcon_core.package_identification:_identify(libtorch/include/ATen/hip/impl) by extension 'python'
[0.358s] Level 1:colcon.colcon_core.package_identification:_identify(libtorch/include/ATen/hip/impl) by extensions ['python_setup_py']
[0.358s] Level 1:colcon.colcon_core.package_identification:_identify(libtorch/include/ATen/hip/impl) by extension 'python_setup_py'
[0.358s] Level 1:colcon.colcon_core.package_identification:_identify(libtorch/include/ATen/native) by extensions ['ignore', 'ignore_ament_install']
[0.358s] Level 1:colcon.colcon_core.package_identification:_identify(libtorch/include/ATen/native) by extension 'ignore'
[0.358s] Level 1:colcon.colcon_core.package_identification:_identify(libtorch/include/ATen/native) by extension 'ignore_ament_install'
[0.358s] Level 1:colcon.colcon_core.package_identification:_identify(libtorch/include/ATen/native) by extensions ['colcon_pkg']
[0.358s] Level 1:colcon.colcon_core.package_identification:_identify(libtorch/include/ATen/native) by extension 'colcon_pkg'
[0.358s] Level 1:colcon.colcon_core.package_identification:_identify(libtorch/include/ATen/native) by extensions ['colcon_meta']
[0.358s] Level 1:colcon.colcon_core.package_identification:_identify(libtorch/include/ATen/native) by extension 'colcon_meta'
[0.359s] Level 1:colcon.colcon_core.package_identification:_identify(libtorch/include/ATen/native) by extensions ['ros']
[0.359s] Level 1:colcon.colcon_core.package_identification:_identify(libtorch/include/ATen/native) by extension 'ros'
[0.359s] Level 1:colcon.colcon_core.package_identification:_identify(libtorch/include/ATen/native) by extensions ['cmake', 'python']
[0.359s] Level 1:colcon.colcon_core.package_identification:_identify(libtorch/include/ATen/native) by extension 'cmake'
[0.359s] Level 1:colcon.colcon_core.package_identification:_identify(libtorch/include/ATen/native) by extension 'python'
[0.359s] Level 1:colcon.colcon_core.package_identification:_identify(libtorch/include/ATen/native) by extensions ['python_setup_py']
[0.359s] Level 1:colcon.colcon_core.package_identification:_identify(libtorch/include/ATen/native) by extension 'python_setup_py'
[0.359s] Level 1:colcon.colcon_core.package_identification:_identify(libtorch/include/ATen/native/cpu) by extensions ['ignore', 'ignore_ament_install']
[0.359s] Level 1:colcon.colcon_core.package_identification:_identify(libtorch/include/ATen/native/cpu) by extension 'ignore'
[0.359s] Level 1:colcon.colcon_core.package_identification:_identify(libtorch/include/ATen/native/cpu) by extension 'ignore_ament_install'
[0.359s] Level 1:colcon.colcon_core.package_identification:_identify(libtorch/include/ATen/native/cpu) by extensions ['colcon_pkg']
[0.359s] Level 1:colcon.colcon_core.package_identification:_identify(libtorch/include/ATen/native/cpu) by extension 'colcon_pkg'
[0.359s] Level 1:colcon.colcon_core.package_identification:_identify(libtorch/include/ATen/native/cpu) by extensions ['colcon_meta']
[0.359s] Level 1:colcon.colcon_core.package_identification:_identify(libtorch/include/ATen/native/cpu) by extension 'colcon_meta'
[0.359s] Level 1:colcon.colcon_core.package_identification:_identify(libtorch/include/ATen/native/cpu) by extensions ['ros']
[0.359s] Level 1:colcon.colcon_core.package_identification:_identify(libtorch/include/ATen/native/cpu) by extension 'ros'
[0.359s] Level 1:colcon.colcon_core.package_identification:_identify(libtorch/include/ATen/native/cpu) by extensions ['cmake', 'python']
[0.359s] Level 1:colcon.colcon_core.package_identification:_identify(libtorch/include/ATen/native/cpu) by extension 'cmake'
[0.360s] Level 1:colcon.colcon_core.package_identification:_identify(libtorch/include/ATen/native/cpu) by extension 'python'
[0.360s] Level 1:colcon.colcon_core.package_identification:_identify(libtorch/include/ATen/native/cpu) by extensions ['python_setup_py']
[0.360s] Level 1:colcon.colcon_core.package_identification:_identify(libtorch/include/ATen/native/cpu) by extension 'python_setup_py'
[0.360s] Level 1:colcon.colcon_core.package_identification:_identify(libtorch/include/ATen/native/cuda) by extensions ['ignore', 'ignore_ament_install']
[0.360s] Level 1:colcon.colcon_core.package_identification:_identify(libtorch/include/ATen/native/cuda) by extension 'ignore'
[0.360s] Level 1:colcon.colcon_core.package_identification:_identify(libtorch/include/ATen/native/cuda) by extension 'ignore_ament_install'
[0.360s] Level 1:colcon.colcon_core.package_identification:_identify(libtorch/include/ATen/native/cuda) by extensions ['colcon_pkg']
[0.360s] Level 1:colcon.colcon_core.package_identification:_identify(libtorch/include/ATen/native/cuda) by extension 'colcon_pkg'
[0.360s] Level 1:colcon.colcon_core.package_identification:_identify(libtorch/include/ATen/native/cuda) by extensions ['colcon_meta']
[0.360s] Level 1:colcon.colcon_core.package_identification:_identify(libtorch/include/ATen/native/cuda) by extension 'colcon_meta'
[0.360s] Level 1:colcon.colcon_core.package_identification:_identify(libtorch/include/ATen/native/cuda) by extensions ['ros']
[0.360s] Level 1:colcon.colcon_core.package_identification:_identify(libtorch/include/ATen/native/cuda) by extension 'ros'
[0.360s] Level 1:colcon.colcon_core.package_identification:_identify(libtorch/include/ATen/native/cuda) by extensions ['cmake', 'python']
[0.360s] Level 1:colcon.colcon_core.package_identification:_identify(libtorch/include/ATen/native/cuda) by extension 'cmake'
[0.360s] Level 1:colcon.colcon_core.package_identification:_identify(libtorch/include/ATen/native/cuda) by extension 'python'
[0.360s] Level 1:colcon.colcon_core.package_identification:_identify(libtorch/include/ATen/native/cuda) by extensions ['python_setup_py']
[0.360s] Level 1:colcon.colcon_core.package_identification:_identify(libtorch/include/ATen/native/cuda) by extension 'python_setup_py'
[0.361s] Level 1:colcon.colcon_core.package_identification:_identify(libtorch/include/ATen/native/quantized) by extensions ['ignore', 'ignore_ament_install']
[0.361s] Level 1:colcon.colcon_core.package_identification:_identify(libtorch/include/ATen/native/quantized) by extension 'ignore'
[0.361s] Level 1:colcon.colcon_core.package_identification:_identify(libtorch/include/ATen/native/quantized) by extension 'ignore_ament_install'
[0.361s] Level 1:colcon.colcon_core.package_identification:_identify(libtorch/include/ATen/native/quantized) by extensions ['colcon_pkg']
[0.361s] Level 1:colcon.colcon_core.package_identification:_identify(libtorch/include/ATen/native/quantized) by extension 'colcon_pkg'
[0.361s] Level 1:colcon.colcon_core.package_identification:_identify(libtorch/include/ATen/native/quantized) by extensions ['colcon_meta']
[0.361s] Level 1:colcon.colcon_core.package_identification:_identify(libtorch/include/ATen/native/quantized) by extension 'colcon_meta'
[0.361s] Level 1:colcon.colcon_core.package_identification:_identify(libtorch/include/ATen/native/quantized) by extensions ['ros']
[0.361s] Level 1:colcon.colcon_core.package_identification:_identify(libtorch/include/ATen/native/quantized) by extension 'ros'
[0.361s] Level 1:colcon.colcon_core.package_identification:_identify(libtorch/include/ATen/native/quantized) by extensions ['cmake', 'python']
[0.361s] Level 1:colcon.colcon_core.package_identification:_identify(libtorch/include/ATen/native/quantized) by extension 'cmake'
[0.361s] Level 1:colcon.colcon_core.package_identification:_identify(libtorch/include/ATen/native/quantized) by extension 'python'
[0.361s] Level 1:colcon.colcon_core.package_identification:_identify(libtorch/include/ATen/native/quantized) by extensions ['python_setup_py']
[0.361s] Level 1:colcon.colcon_core.package_identification:_identify(libtorch/include/ATen/native/quantized) by extension 'python_setup_py'
[0.361s] Level 1:colcon.colcon_core.package_identification:_identify(libtorch/include/ATen/native/quantized/cpu) by extensions ['ignore', 'ignore_ament_install']
[0.361s] Level 1:colcon.colcon_core.package_identification:_identify(libtorch/include/ATen/native/quantized/cpu) by extension 'ignore'
[0.361s] Level 1:colcon.colcon_core.package_identification:_identify(libtorch/include/ATen/native/quantized/cpu) by extension 'ignore_ament_install'
[0.361s] Level 1:colcon.colcon_core.package_identification:_identify(libtorch/include/ATen/native/quantized/cpu) by extensions ['colcon_pkg']
[0.362s] Level 1:colcon.colcon_core.package_identification:_identify(libtorch/include/ATen/native/quantized/cpu) by extension 'colcon_pkg'
[0.362s] Level 1:colcon.colcon_core.package_identification:_identify(libtorch/include/ATen/native/quantized/cpu) by extensions ['colcon_meta']
[0.362s] Level 1:colcon.colcon_core.package_identification:_identify(libtorch/include/ATen/native/quantized/cpu) by extension 'colcon_meta'
[0.362s] Level 1:colcon.colcon_core.package_identification:_identify(libtorch/include/ATen/native/quantized/cpu) by extensions ['ros']
[0.362s] Level 1:colcon.colcon_core.package_identification:_identify(libtorch/include/ATen/native/quantized/cpu) by extension 'ros'
[0.362s] Level 1:colcon.colcon_core.package_identification:_identify(libtorch/include/ATen/native/quantized/cpu) by extensions ['cmake', 'python']
[0.362s] Level 1:colcon.colcon_core.package_identification:_identify(libtorch/include/ATen/native/quantized/cpu) by extension 'cmake'
[0.362s] Level 1:colcon.colcon_core.package_identification:_identify(libtorch/include/ATen/native/quantized/cpu) by extension 'python'
[0.362s] Level 1:colcon.colcon_core.package_identification:_identify(libtorch/include/ATen/native/quantized/cpu) by extensions ['python_setup_py']
[0.362s] Level 1:colcon.colcon_core.package_identification:_identify(libtorch/include/ATen/native/quantized/cpu) by extension 'python_setup_py'
[0.362s] Level 1:colcon.colcon_core.package_identification:_identify(libtorch/include/ATen/quantized) by extensions ['ignore', 'ignore_ament_install']
[0.362s] Level 1:colcon.colcon_core.package_identification:_identify(libtorch/include/ATen/quantized) by extension 'ignore'
[0.362s] Level 1:colcon.colcon_core.package_identification:_identify(libtorch/include/ATen/quantized) by extension 'ignore_ament_install'
[0.362s] Level 1:colcon.colcon_core.package_identification:_identify(libtorch/include/ATen/quantized) by extensions ['colcon_pkg']
[0.362s] Level 1:colcon.colcon_core.package_identification:_identify(libtorch/include/ATen/quantized) by extension 'colcon_pkg'
[0.362s] Level 1:colcon.colcon_core.package_identification:_identify(libtorch/include/ATen/quantized) by extensions ['colcon_meta']
[0.362s] Level 1:colcon.colcon_core.package_identification:_identify(libtorch/include/ATen/quantized) by extension 'colcon_meta'
[0.362s] Level 1:colcon.colcon_core.package_identification:_identify(libtorch/include/ATen/quantized) by extensions ['ros']
[0.362s] Level 1:colcon.colcon_core.package_identification:_identify(libtorch/include/ATen/quantized) by extension 'ros'
[0.363s] Level 1:colcon.colcon_core.package_identification:_identify(libtorch/include/ATen/quantized) by extensions ['cmake', 'python']
[0.363s] Level 1:colcon.colcon_core.package_identification:_identify(libtorch/include/ATen/quantized) by extension 'cmake'
[0.363s] Level 1:colcon.colcon_core.package_identification:_identify(libtorch/include/ATen/quantized) by extension 'python'
[0.363s] Level 1:colcon.colcon_core.package_identification:_identify(libtorch/include/ATen/quantized) by extensions ['python_setup_py']
[0.363s] Level 1:colcon.colcon_core.package_identification:_identify(libtorch/include/ATen/quantized) by extension 'python_setup_py'
[0.363s] Level 1:colcon.colcon_core.package_identification:_identify(libtorch/include/TH) by extensions ['ignore', 'ignore_ament_install']
[0.363s] Level 1:colcon.colcon_core.package_identification:_identify(libtorch/include/TH) by extension 'ignore'
[0.363s] Level 1:colcon.colcon_core.package_identification:_identify(libtorch/include/TH) by extension 'ignore_ament_install'
[0.363s] Level 1:colcon.colcon_core.package_identification:_identify(libtorch/include/TH) by extensions ['colcon_pkg']
[0.363s] Level 1:colcon.colcon_core.package_identification:_identify(libtorch/include/TH) by extension 'colcon_pkg'
[0.363s] Level 1:colcon.colcon_core.package_identification:_identify(libtorch/include/TH) by extensions ['colcon_meta']
[0.363s] Level 1:colcon.colcon_core.package_identification:_identify(libtorch/include/TH) by extension 'colcon_meta'
[0.363s] Level 1:colcon.colcon_core.package_identification:_identify(libtorch/include/TH) by extensions ['ros']
[0.363s] Level 1:colcon.colcon_core.package_identification:_identify(libtorch/include/TH) by extension 'ros'
[0.363s] Level 1:colcon.colcon_core.package_identification:_identify(libtorch/include/TH) by extensions ['cmake', 'python']
[0.363s] Level 1:colcon.colcon_core.package_identification:_identify(libtorch/include/TH) by extension 'cmake'
[0.363s] Level 1:colcon.colcon_core.package_identification:_identify(libtorch/include/TH) by extension 'python'
[0.363s] Level 1:colcon.colcon_core.package_identification:_identify(libtorch/include/TH) by extensions ['python_setup_py']
[0.363s] Level 1:colcon.colcon_core.package_identification:_identify(libtorch/include/TH) by extension 'python_setup_py'
[0.364s] Level 1:colcon.colcon_core.package_identification:_identify(libtorch/include/TH/generic) by extensions ['ignore', 'ignore_ament_install']
[0.364s] Level 1:colcon.colcon_core.package_identification:_identify(libtorch/include/TH/generic) by extension 'ignore'
[0.364s] Level 1:colcon.colcon_core.package_identification:_identify(libtorch/include/TH/generic) by extension 'ignore_ament_install'
[0.364s] Level 1:colcon.colcon_core.package_identification:_identify(libtorch/include/TH/generic) by extensions ['colcon_pkg']
[0.364s] Level 1:colcon.colcon_core.package_identification:_identify(libtorch/include/TH/generic) by extension 'colcon_pkg'
[0.364s] Level 1:colcon.colcon_core.package_identification:_identify(libtorch/include/TH/generic) by extensions ['colcon_meta']
[0.364s] Level 1:colcon.colcon_core.package_identification:_identify(libtorch/include/TH/generic) by extension 'colcon_meta'
[0.364s] Level 1:colcon.colcon_core.package_identification:_identify(libtorch/include/TH/generic) by extensions ['ros']
[0.364s] Level 1:colcon.colcon_core.package_identification:_identify(libtorch/include/TH/generic) by extension 'ros'
[0.364s] Level 1:colcon.colcon_core.package_identification:_identify(libtorch/include/TH/generic) by extensions ['cmake', 'python']
[0.364s] Level 1:colcon.colcon_core.package_identification:_identify(libtorch/include/TH/generic) by extension 'cmake'
[0.364s] Level 1:colcon.colcon_core.package_identification:_identify(libtorch/include/TH/generic) by extension 'python'
[0.364s] Level 1:colcon.colcon_core.package_identification:_identify(libtorch/include/TH/generic) by extensions ['python_setup_py']
[0.364s] Level 1:colcon.colcon_core.package_identification:_identify(libtorch/include/TH/generic) by extension 'python_setup_py'
[0.364s] Level 1:colcon.colcon_core.package_identification:_identify(libtorch/include/THCUNN) by extensions ['ignore', 'ignore_ament_install']
[0.364s] Level 1:colcon.colcon_core.package_identification:_identify(libtorch/include/THCUNN) by extension 'ignore'
[0.364s] Level 1:colcon.colcon_core.package_identification:_identify(libtorch/include/THCUNN) by extension 'ignore_ament_install'
[0.365s] Level 1:colcon.colcon_core.package_identification:_identify(libtorch/include/THCUNN) by extensions ['colcon_pkg']
[0.365s] Level 1:colcon.colcon_core.package_identification:_identify(libtorch/include/THCUNN) by extension 'colcon_pkg'
[0.365s] Level 1:colcon.colcon_core.package_identification:_identify(libtorch/include/THCUNN) by extensions ['colcon_meta']
[0.365s] Level 1:colcon.colcon_core.package_identification:_identify(libtorch/include/THCUNN) by extension 'colcon_meta'
[0.365s] Level 1:colcon.colcon_core.package_identification:_identify(libtorch/include/THCUNN) by extensions ['ros']
[0.365s] Level 1:colcon.colcon_core.package_identification:_identify(libtorch/include/THCUNN) by extension 'ros'
[0.365s] Level 1:colcon.colcon_core.package_identification:_identify(libtorch/include/THCUNN) by extensions ['cmake', 'python']
[0.365s] Level 1:colcon.colcon_core.package_identification:_identify(libtorch/include/THCUNN) by extension 'cmake'
[0.365s] Level 1:colcon.colcon_core.package_identification:_identify(libtorch/include/THCUNN) by extension 'python'
[0.365s] Level 1:colcon.colcon_core.package_identification:_identify(libtorch/include/THCUNN) by extensions ['python_setup_py']
[0.365s] Level 1:colcon.colcon_core.package_identification:_identify(libtorch/include/THCUNN) by extension 'python_setup_py'
[0.365s] Level 1:colcon.colcon_core.package_identification:_identify(libtorch/include/THCUNN/generic) by extensions ['ignore', 'ignore_ament_install']
[0.365s] Level 1:colcon.colcon_core.package_identification:_identify(libtorch/include/THCUNN/generic) by extension 'ignore'
[0.365s] Level 1:colcon.colcon_core.package_identification:_identify(libtorch/include/THCUNN/generic) by extension 'ignore_ament_install'
[0.365s] Level 1:colcon.colcon_core.package_identification:_identify(libtorch/include/THCUNN/generic) by extensions ['colcon_pkg']
[0.365s] Level 1:colcon.colcon_core.package_identification:_identify(libtorch/include/THCUNN/generic) by extension 'colcon_pkg'
[0.365s] Level 1:colcon.colcon_core.package_identification:_identify(libtorch/include/THCUNN/generic) by extensions ['colcon_meta']
[0.365s] Level 1:colcon.colcon_core.package_identification:_identify(libtorch/include/THCUNN/generic) by extension 'colcon_meta'
[0.365s] Level 1:colcon.colcon_core.package_identification:_identify(libtorch/include/THCUNN/generic) by extensions ['ros']
[0.366s] Level 1:colcon.colcon_core.package_identification:_identify(libtorch/include/THCUNN/generic) by extension 'ros'
[0.366s] Level 1:colcon.colcon_core.package_identification:_identify(libtorch/include/THCUNN/generic) by extensions ['cmake', 'python']
[0.366s] Level 1:colcon.colcon_core.package_identification:_identify(libtorch/include/THCUNN/generic) by extension 'cmake'
[0.366s] Level 1:colcon.colcon_core.package_identification:_identify(libtorch/include/THCUNN/generic) by extension 'python'
[0.366s] Level 1:colcon.colcon_core.package_identification:_identify(libtorch/include/THCUNN/generic) by extensions ['python_setup_py']
[0.366s] Level 1:colcon.colcon_core.package_identification:_identify(libtorch/include/THCUNN/generic) by extension 'python_setup_py'
[0.366s] Level 1:colcon.colcon_core.package_identification:_identify(libtorch/include/c10) by extensions ['ignore', 'ignore_ament_install']
[0.366s] Level 1:colcon.colcon_core.package_identification:_identify(libtorch/include/c10) by extension 'ignore'
[0.366s] Level 1:colcon.colcon_core.package_identification:_identify(libtorch/include/c10) by extension 'ignore_ament_install'
[0.366s] Level 1:colcon.colcon_core.package_identification:_identify(libtorch/include/c10) by extensions ['colcon_pkg']
[0.366s] Level 1:colcon.colcon_core.package_identification:_identify(libtorch/include/c10) by extension 'colcon_pkg'
[0.366s] Level 1:colcon.colcon_core.package_identification:_identify(libtorch/include/c10) by extensions ['colcon_meta']
[0.366s] Level 1:colcon.colcon_core.package_identification:_identify(libtorch/include/c10) by extension 'colcon_meta'
[0.366s] Level 1:colcon.colcon_core.package_identification:_identify(libtorch/include/c10) by extensions ['ros']
[0.366s] Level 1:colcon.colcon_core.package_identification:_identify(libtorch/include/c10) by extension 'ros'
[0.366s] Level 1:colcon.colcon_core.package_identification:_identify(libtorch/include/c10) by extensions ['cmake', 'python']
[0.366s] Level 1:colcon.colcon_core.package_identification:_identify(libtorch/include/c10) by extension 'cmake'
[0.366s] Level 1:colcon.colcon_core.package_identification:_identify(libtorch/include/c10) by extension 'python'
[0.366s] Level 1:colcon.colcon_core.package_identification:_identify(libtorch/include/c10) by extensions ['python_setup_py']
[0.366s] Level 1:colcon.colcon_core.package_identification:_identify(libtorch/include/c10) by extension 'python_setup_py'
[0.367s] Level 1:colcon.colcon_core.package_identification:_identify(libtorch/include/c10/core) by extensions ['ignore', 'ignore_ament_install']
[0.367s] Level 1:colcon.colcon_core.package_identification:_identify(libtorch/include/c10/core) by extension 'ignore'
[0.367s] Level 1:colcon.colcon_core.package_identification:_identify(libtorch/include/c10/core) by extension 'ignore_ament_install'
[0.367s] Level 1:colcon.colcon_core.package_identification:_identify(libtorch/include/c10/core) by extensions ['colcon_pkg']
[0.367s] Level 1:colcon.colcon_core.package_identification:_identify(libtorch/include/c10/core) by extension 'colcon_pkg'
[0.367s] Level 1:colcon.colcon_core.package_identification:_identify(libtorch/include/c10/core) by extensions ['colcon_meta']
[0.367s] Level 1:colcon.colcon_core.package_identification:_identify(libtorch/include/c10/core) by extension 'colcon_meta'
[0.367s] Level 1:colcon.colcon_core.package_identification:_identify(libtorch/include/c10/core) by extensions ['ros']
[0.367s] Level 1:colcon.colcon_core.package_identification:_identify(libtorch/include/c10/core) by extension 'ros'
[0.367s] Level 1:colcon.colcon_core.package_identification:_identify(libtorch/include/c10/core) by extensions ['cmake', 'python']
[0.367s] Level 1:colcon.colcon_core.package_identification:_identify(libtorch/include/c10/core) by extension 'cmake'
[0.367s] Level 1:colcon.colcon_core.package_identification:_identify(libtorch/include/c10/core) by extension 'python'
[0.367s] Level 1:colcon.colcon_core.package_identification:_identify(libtorch/include/c10/core) by extensions ['python_setup_py']
[0.367s] Level 1:colcon.colcon_core.package_identification:_identify(libtorch/include/c10/core) by extension 'python_setup_py'
[0.367s] Level 1:colcon.colcon_core.package_identification:_identify(libtorch/include/c10/core/impl) by extensions ['ignore', 'ignore_ament_install']
[0.367s] Level 1:colcon.colcon_core.package_identification:_identify(libtorch/include/c10/core/impl) by extension 'ignore'
[0.368s] Level 1:colcon.colcon_core.package_identification:_identify(libtorch/include/c10/core/impl) by extension 'ignore_ament_install'
[0.368s] Level 1:colcon.colcon_core.package_identification:_identify(libtorch/include/c10/core/impl) by extensions ['colcon_pkg']
[0.368s] Level 1:colcon.colcon_core.package_identification:_identify(libtorch/include/c10/core/impl) by extension 'colcon_pkg'
[0.368s] Level 1:colcon.colcon_core.package_identification:_identify(libtorch/include/c10/core/impl) by extensions ['colcon_meta']
[0.368s] Level 1:colcon.colcon_core.package_identification:_identify(libtorch/include/c10/core/impl) by extension 'colcon_meta'
[0.368s] Level 1:colcon.colcon_core.package_identification:_identify(libtorch/include/c10/core/impl) by extensions ['ros']
[0.368s] Level 1:colcon.colcon_core.package_identification:_identify(libtorch/include/c10/core/impl) by extension 'ros'
[0.368s] Level 1:colcon.colcon_core.package_identification:_identify(libtorch/include/c10/core/impl) by extensions ['cmake', 'python']
[0.368s] Level 1:colcon.colcon_core.package_identification:_identify(libtorch/include/c10/core/impl) by extension 'cmake'
[0.368s] Level 1:colcon.colcon_core.package_identification:_identify(libtorch/include/c10/core/impl) by extension 'python'
[0.368s] Level 1:colcon.colcon_core.package_identification:_identify(libtorch/include/c10/core/impl) by extensions ['python_setup_py']
[0.368s] Level 1:colcon.colcon_core.package_identification:_identify(libtorch/include/c10/core/impl) by extension 'python_setup_py'
[0.368s] Level 1:colcon.colcon_core.package_identification:_identify(libtorch/include/c10/cuda) by extensions ['ignore', 'ignore_ament_install']
[0.368s] Level 1:colcon.colcon_core.package_identification:_identify(libtorch/include/c10/cuda) by extension 'ignore'
[0.368s] Level 1:colcon.colcon_core.package_identification:_identify(libtorch/include/c10/cuda) by extension 'ignore_ament_install'
[0.368s] Level 1:colcon.colcon_core.package_identification:_identify(libtorch/include/c10/cuda) by extensions ['colcon_pkg']
[0.368s] Level 1:colcon.colcon_core.package_identification:_identify(libtorch/include/c10/cuda) by extension 'colcon_pkg'
[0.368s] Level 1:colcon.colcon_core.package_identification:_identify(libtorch/include/c10/cuda) by extensions ['colcon_meta']
[0.368s] Level 1:colcon.colcon_core.package_identification:_identify(libtorch/include/c10/cuda) by extension 'colcon_meta'
[0.369s] Level 1:colcon.colcon_core.package_identification:_identify(libtorch/include/c10/cuda) by extensions ['ros']
[0.369s] Level 1:colcon.colcon_core.package_identification:_identify(libtorch/include/c10/cuda) by extension 'ros'
[0.369s] Level 1:colcon.colcon_core.package_identification:_identify(libtorch/include/c10/cuda) by extensions ['cmake', 'python']
[0.369s] Level 1:colcon.colcon_core.package_identification:_identify(libtorch/include/c10/cuda) by extension 'cmake'
[0.369s] Level 1:colcon.colcon_core.package_identification:_identify(libtorch/include/c10/cuda) by extension 'python'
[0.369s] Level 1:colcon.colcon_core.package_identification:_identify(libtorch/include/c10/cuda) by extensions ['python_setup_py']
[0.369s] Level 1:colcon.colcon_core.package_identification:_identify(libtorch/include/c10/cuda) by extension 'python_setup_py'
[0.369s] Level 1:colcon.colcon_core.package_identification:_identify(libtorch/include/c10/cuda/impl) by extensions ['ignore', 'ignore_ament_install']
[0.369s] Level 1:colcon.colcon_core.package_identification:_identify(libtorch/include/c10/cuda/impl) by extension 'ignore'
[0.369s] Level 1:colcon.colcon_core.package_identification:_identify(libtorch/include/c10/cuda/impl) by extension 'ignore_ament_install'
[0.369s] Level 1:colcon.colcon_core.package_identification:_identify(libtorch/include/c10/cuda/impl) by extensions ['colcon_pkg']
[0.369s] Level 1:colcon.colcon_core.package_identification:_identify(libtorch/include/c10/cuda/impl) by extension 'colcon_pkg'
[0.369s] Level 1:colcon.colcon_core.package_identification:_identify(libtorch/include/c10/cuda/impl) by extensions ['colcon_meta']
[0.369s] Level 1:colcon.colcon_core.package_identification:_identify(libtorch/include/c10/cuda/impl) by extension 'colcon_meta'
[0.369s] Level 1:colcon.colcon_core.package_identification:_identify(libtorch/include/c10/cuda/impl) by extensions ['ros']
[0.369s] Level 1:colcon.colcon_core.package_identification:_identify(libtorch/include/c10/cuda/impl) by extension 'ros'
[0.369s] Level 1:colcon.colcon_core.package_identification:_identify(libtorch/include/c10/cuda/impl) by extensions ['cmake', 'python']
[0.369s] Level 1:colcon.colcon_core.package_identification:_identify(libtorch/include/c10/cuda/impl) by extension 'cmake'
[0.370s] Level 1:colcon.colcon_core.package_identification:_identify(libtorch/include/c10/cuda/impl) by extension 'python'
[0.370s] Level 1:colcon.colcon_core.package_identification:_identify(libtorch/include/c10/cuda/impl) by extensions ['python_setup_py']
[0.370s] Level 1:colcon.colcon_core.package_identification:_identify(libtorch/include/c10/cuda/impl) by extension 'python_setup_py'
[0.370s] Level 1:colcon.colcon_core.package_identification:_identify(libtorch/include/c10/macros) by extensions ['ignore', 'ignore_ament_install']
[0.370s] Level 1:colcon.colcon_core.package_identification:_identify(libtorch/include/c10/macros) by extension 'ignore'
[0.370s] Level 1:colcon.colcon_core.package_identification:_identify(libtorch/include/c10/macros) by extension 'ignore_ament_install'
[0.370s] Level 1:colcon.colcon_core.package_identification:_identify(libtorch/include/c10/macros) by extensions ['colcon_pkg']
[0.370s] Level 1:colcon.colcon_core.package_identification:_identify(libtorch/include/c10/macros) by extension 'colcon_pkg'
[0.370s] Level 1:colcon.colcon_core.package_identification:_identify(libtorch/include/c10/macros) by extensions ['colcon_meta']
[0.370s] Level 1:colcon.colcon_core.package_identification:_identify(libtorch/include/c10/macros) by extension 'colcon_meta'
[0.370s] Level 1:colcon.colcon_core.package_identification:_identify(libtorch/include/c10/macros) by extensions ['ros']
[0.370s] Level 1:colcon.colcon_core.package_identification:_identify(libtorch/include/c10/macros) by extension 'ros'
[0.370s] Level 1:colcon.colcon_core.package_identification:_identify(libtorch/include/c10/macros) by extensions ['cmake', 'python']
[0.370s] Level 1:colcon.colcon_core.package_identification:_identify(libtorch/include/c10/macros) by extension 'cmake'
[0.370s] Level 1:colcon.colcon_core.package_identification:_identify(libtorch/include/c10/macros) by extension 'python'
[0.370s] Level 1:colcon.colcon_core.package_identification:_identify(libtorch/include/c10/macros) by extensions ['python_setup_py']
[0.370s] Level 1:colcon.colcon_core.package_identification:_identify(libtorch/include/c10/macros) by extension 'python_setup_py'
[0.371s] Level 1:colcon.colcon_core.package_identification:_identify(libtorch/include/c10/util) by extensions ['ignore', 'ignore_ament_install']
[0.371s] Level 1:colcon.colcon_core.package_identification:_identify(libtorch/include/c10/util) by extension 'ignore'
[0.371s] Level 1:colcon.colcon_core.package_identification:_identify(libtorch/include/c10/util) by extension 'ignore_ament_install'
[0.371s] Level 1:colcon.colcon_core.package_identification:_identify(libtorch/include/c10/util) by extensions ['colcon_pkg']
[0.371s] Level 1:colcon.colcon_core.package_identification:_identify(libtorch/include/c10/util) by extension 'colcon_pkg'
[0.371s] Level 1:colcon.colcon_core.package_identification:_identify(libtorch/include/c10/util) by extensions ['colcon_meta']
[0.371s] Level 1:colcon.colcon_core.package_identification:_identify(libtorch/include/c10/util) by extension 'colcon_meta'
[0.371s] Level 1:colcon.colcon_core.package_identification:_identify(libtorch/include/c10/util) by extensions ['ros']
[0.371s] Level 1:colcon.colcon_core.package_identification:_identify(libtorch/include/c10/util) by extension 'ros'
[0.371s] Level 1:colcon.colcon_core.package_identification:_identify(libtorch/include/c10/util) by extensions ['cmake', 'python']
[0.371s] Level 1:colcon.colcon_core.package_identification:_identify(libtorch/include/c10/util) by extension 'cmake'
[0.371s] Level 1:colcon.colcon_core.package_identification:_identify(libtorch/include/c10/util) by extension 'python'
[0.371s] Level 1:colcon.colcon_core.package_identification:_identify(libtorch/include/c10/util) by extensions ['python_setup_py']
[0.371s] Level 1:colcon.colcon_core.package_identification:_identify(libtorch/include/c10/util) by extension 'python_setup_py'
[0.371s] Level 1:colcon.colcon_core.package_identification:_identify(libtorch/include/c10d) by extensions ['ignore', 'ignore_ament_install']
[0.371s] Level 1:colcon.colcon_core.package_identification:_identify(libtorch/include/c10d) by extension 'ignore'
[0.371s] Level 1:colcon.colcon_core.package_identification:_identify(libtorch/include/c10d) by extension 'ignore_ament_install'
[0.371s] Level 1:colcon.colcon_core.package_identification:_identify(libtorch/include/c10d) by extensions ['colcon_pkg']
[0.372s] Level 1:colcon.colcon_core.package_identification:_identify(libtorch/include/c10d) by extension 'colcon_pkg'
[0.372s] Level 1:colcon.colcon_core.package_identification:_identify(libtorch/include/c10d) by extensions ['colcon_meta']
[0.372s] Level 1:colcon.colcon_core.package_identification:_identify(libtorch/include/c10d) by extension 'colcon_meta'
[0.372s] Level 1:colcon.colcon_core.package_identification:_identify(libtorch/include/c10d) by extensions ['ros']
[0.372s] Level 1:colcon.colcon_core.package_identification:_identify(libtorch/include/c10d) by extension 'ros'
[0.372s] Level 1:colcon.colcon_core.package_identification:_identify(libtorch/include/c10d) by extensions ['cmake', 'python']
[0.372s] Level 1:colcon.colcon_core.package_identification:_identify(libtorch/include/c10d) by extension 'cmake'
[0.372s] Level 1:colcon.colcon_core.package_identification:_identify(libtorch/include/c10d) by extension 'python'
[0.372s] Level 1:colcon.colcon_core.package_identification:_identify(libtorch/include/c10d) by extensions ['python_setup_py']
[0.372s] Level 1:colcon.colcon_core.package_identification:_identify(libtorch/include/c10d) by extension 'python_setup_py'
[0.372s] Level 1:colcon.colcon_core.package_identification:_identify(libtorch/include/caffe2) by extensions ['ignore', 'ignore_ament_install']
[0.372s] Level 1:colcon.colcon_core.package_identification:_identify(libtorch/include/caffe2) by extension 'ignore'
[0.372s] Level 1:colcon.colcon_core.package_identification:_identify(libtorch/include/caffe2) by extension 'ignore_ament_install'
[0.372s] Level 1:colcon.colcon_core.package_identification:_identify(libtorch/include/caffe2) by extensions ['colcon_pkg']
[0.372s] Level 1:colcon.colcon_core.package_identification:_identify(libtorch/include/caffe2) by extension 'colcon_pkg'
[0.372s] Level 1:colcon.colcon_core.package_identification:_identify(libtorch/include/caffe2) by extensions ['colcon_meta']
[0.372s] Level 1:colcon.colcon_core.package_identification:_identify(libtorch/include/caffe2) by extension 'colcon_meta'
[0.372s] Level 1:colcon.colcon_core.package_identification:_identify(libtorch/include/caffe2) by extensions ['ros']
[0.372s] Level 1:colcon.colcon_core.package_identification:_identify(libtorch/include/caffe2) by extension 'ros'
[0.373s] Level 1:colcon.colcon_core.package_identification:_identify(libtorch/include/caffe2) by extensions ['cmake', 'python']
[0.373s] Level 1:colcon.colcon_core.package_identification:_identify(libtorch/include/caffe2) by extension 'cmake'
[0.373s] Level 1:colcon.colcon_core.package_identification:_identify(libtorch/include/caffe2) by extension 'python'
[0.373s] Level 1:colcon.colcon_core.package_identification:_identify(libtorch/include/caffe2) by extensions ['python_setup_py']
[0.373s] Level 1:colcon.colcon_core.package_identification:_identify(libtorch/include/caffe2) by extension 'python_setup_py'
[0.373s] Level 1:colcon.colcon_core.package_identification:_identify(libtorch/include/caffe2/core) by extensions ['ignore', 'ignore_ament_install']
[0.373s] Level 1:colcon.colcon_core.package_identification:_identify(libtorch/include/caffe2/core) by extension 'ignore'
[0.373s] Level 1:colcon.colcon_core.package_identification:_identify(libtorch/include/caffe2/core) by extension 'ignore_ament_install'
[0.373s] Level 1:colcon.colcon_core.package_identification:_identify(libtorch/include/caffe2/core) by extensions ['colcon_pkg']
[0.373s] Level 1:colcon.colcon_core.package_identification:_identify(libtorch/include/caffe2/core) by extension 'colcon_pkg'
[0.373s] Level 1:colcon.colcon_core.package_identification:_identify(libtorch/include/caffe2/core) by extensions ['colcon_meta']
[0.373s] Level 1:colcon.colcon_core.package_identification:_identify(libtorch/include/caffe2/core) by extension 'colcon_meta'
[0.373s] Level 1:colcon.colcon_core.package_identification:_identify(libtorch/include/caffe2/core) by extensions ['ros']
[0.373s] Level 1:colcon.colcon_core.package_identification:_identify(libtorch/include/caffe2/core) by extension 'ros'
[0.373s] Level 1:colcon.colcon_core.package_identification:_identify(libtorch/include/caffe2/core) by extensions ['cmake', 'python']
[0.373s] Level 1:colcon.colcon_core.package_identification:_identify(libtorch/include/caffe2/core) by extension 'cmake'
[0.373s] Level 1:colcon.colcon_core.package_identification:_identify(libtorch/include/caffe2/core) by extension 'python'
[0.373s] Level 1:colcon.colcon_core.package_identification:_identify(libtorch/include/caffe2/core) by extensions ['python_setup_py']
[0.374s] Level 1:colcon.colcon_core.package_identification:_identify(libtorch/include/caffe2/core) by extension 'python_setup_py'
[0.374s] Level 1:colcon.colcon_core.package_identification:_identify(libtorch/include/caffe2/cuda_rtc) by extensions ['ignore', 'ignore_ament_install']
[0.374s] Level 1:colcon.colcon_core.package_identification:_identify(libtorch/include/caffe2/cuda_rtc) by extension 'ignore'
[0.374s] Level 1:colcon.colcon_core.package_identification:_identify(libtorch/include/caffe2/cuda_rtc) by extension 'ignore_ament_install'
[0.374s] Level 1:colcon.colcon_core.package_identification:_identify(libtorch/include/caffe2/cuda_rtc) by extensions ['colcon_pkg']
[0.374s] Level 1:colcon.colcon_core.package_identification:_identify(libtorch/include/caffe2/cuda_rtc) by extension 'colcon_pkg'
[0.374s] Level 1:colcon.colcon_core.package_identification:_identify(libtorch/include/caffe2/cuda_rtc) by extensions ['colcon_meta']
[0.374s] Level 1:colcon.colcon_core.package_identification:_identify(libtorch/include/caffe2/cuda_rtc) by extension 'colcon_meta'
[0.374s] Level 1:colcon.colcon_core.package_identification:_identify(libtorch/include/caffe2/cuda_rtc) by extensions ['ros']
[0.374s] Level 1:colcon.colcon_core.package_identification:_identify(libtorch/include/caffe2/cuda_rtc) by extension 'ros'
[0.374s] Level 1:colcon.colcon_core.package_identification:_identify(libtorch/include/caffe2/cuda_rtc) by extensions ['cmake', 'python']
[0.374s] Level 1:colcon.colcon_core.package_identification:_identify(libtorch/include/caffe2/cuda_rtc) by extension 'cmake'
[0.374s] Level 1:colcon.colcon_core.package_identification:_identify(libtorch/include/caffe2/cuda_rtc) by extension 'python'
[0.374s] Level 1:colcon.colcon_core.package_identification:_identify(libtorch/include/caffe2/cuda_rtc) by extensions ['python_setup_py']
[0.374s] Level 1:colcon.colcon_core.package_identification:_identify(libtorch/include/caffe2/cuda_rtc) by extension 'python_setup_py'
[0.374s] Level 1:colcon.colcon_core.package_identification:_identify(libtorch/include/caffe2/db) by extensions ['ignore', 'ignore_ament_install']
[0.374s] Level 1:colcon.colcon_core.package_identification:_identify(libtorch/include/caffe2/db) by extension 'ignore'
[0.375s] Level 1:colcon.colcon_core.package_identification:_identify(libtorch/include/caffe2/db) by extension 'ignore_ament_install'
[0.375s] Level 1:colcon.colcon_core.package_identification:_identify(libtorch/include/caffe2/db) by extensions ['colcon_pkg']
[0.375s] Level 1:colcon.colcon_core.package_identification:_identify(libtorch/include/caffe2/db) by extension 'colcon_pkg'
[0.375s] Level 1:colcon.colcon_core.package_identification:_identify(libtorch/include/caffe2/db) by extensions ['colcon_meta']
[0.375s] Level 1:colcon.colcon_core.package_identification:_identify(libtorch/include/caffe2/db) by extension 'colcon_meta'
[0.375s] Level 1:colcon.colcon_core.package_identification:_identify(libtorch/include/caffe2/db) by extensions ['ros']
[0.375s] Level 1:colcon.colcon_core.package_identification:_identify(libtorch/include/caffe2/db) by extension 'ros'
[0.375s] Level 1:colcon.colcon_core.package_identification:_identify(libtorch/include/caffe2/db) by extensions ['cmake', 'python']
[0.375s] Level 1:colcon.colcon_core.package_identification:_identify(libtorch/include/caffe2/db) by extension 'cmake'
[0.375s] Level 1:colcon.colcon_core.package_identification:_identify(libtorch/include/caffe2/db) by extension 'python'
[0.375s] Level 1:colcon.colcon_core.package_identification:_identify(libtorch/include/caffe2/db) by extensions ['python_setup_py']
[0.375s] Level 1:colcon.colcon_core.package_identification:_identify(libtorch/include/caffe2/db) by extension 'python_setup_py'
[0.375s] Level 1:colcon.colcon_core.package_identification:_identify(libtorch/include/caffe2/distributed) by extensions ['ignore', 'ignore_ament_install']
[0.375s] Level 1:colcon.colcon_core.package_identification:_identify(libtorch/include/caffe2/distributed) by extension 'ignore'
[0.376s] Level 1:colcon.colcon_core.package_identification:_identify(libtorch/include/caffe2/distributed) by extension 'ignore_ament_install'
[0.376s] Level 1:colcon.colcon_core.package_identification:_identify(libtorch/include/caffe2/distributed) by extensions ['colcon_pkg']
[0.376s] Level 1:colcon.colcon_core.package_identification:_identify(libtorch/include/caffe2/distributed) by extension 'colcon_pkg'
[0.376s] Level 1:colcon.colcon_core.package_identification:_identify(libtorch/include/caffe2/distributed) by extensions ['colcon_meta']
[0.376s] Level 1:colcon.colcon_core.package_identification:_identify(libtorch/include/caffe2/distributed) by extension 'colcon_meta'
[0.376s] Level 1:colcon.colcon_core.package_identification:_identify(libtorch/include/caffe2/distributed) by extensions ['ros']
[0.376s] Level 1:colcon.colcon_core.package_identification:_identify(libtorch/include/caffe2/distributed) by extension 'ros'
[0.376s] Level 1:colcon.colcon_core.package_identification:_identify(libtorch/include/caffe2/distributed) by extensions ['cmake', 'python']
[0.376s] Level 1:colcon.colcon_core.package_identification:_identify(libtorch/include/caffe2/distributed) by extension 'cmake'
[0.376s] Level 1:colcon.colcon_core.package_identification:_identify(libtorch/include/caffe2/distributed) by extension 'python'
[0.376s] Level 1:colcon.colcon_core.package_identification:_identify(libtorch/include/caffe2/distributed) by extensions ['python_setup_py']
[0.376s] Level 1:colcon.colcon_core.package_identification:_identify(libtorch/include/caffe2/distributed) by extension 'python_setup_py'
[0.376s] Level 1:colcon.colcon_core.package_identification:_identify(libtorch/include/caffe2/ideep) by extensions ['ignore', 'ignore_ament_install']
[0.376s] Level 1:colcon.colcon_core.package_identification:_identify(libtorch/include/caffe2/ideep) by extension 'ignore'
[0.376s] Level 1:colcon.colcon_core.package_identification:_identify(libtorch/include/caffe2/ideep) by extension 'ignore_ament_install'
[0.376s] Level 1:colcon.colcon_core.package_identification:_identify(libtorch/include/caffe2/ideep) by extensions ['colcon_pkg']
[0.376s] Level 1:colcon.colcon_core.package_identification:_identify(libtorch/include/caffe2/ideep) by extension 'colcon_pkg'
[0.376s] Level 1:colcon.colcon_core.package_identification:_identify(libtorch/include/caffe2/ideep) by extensions ['colcon_meta']
[0.376s] Level 1:colcon.colcon_core.package_identification:_identify(libtorch/include/caffe2/ideep) by extension 'colcon_meta'
[0.377s] Level 1:colcon.colcon_core.package_identification:_identify(libtorch/include/caffe2/ideep) by extensions ['ros']
[0.377s] Level 1:colcon.colcon_core.package_identification:_identify(libtorch/include/caffe2/ideep) by extension 'ros'
[0.377s] Level 1:colcon.colcon_core.package_identification:_identify(libtorch/include/caffe2/ideep) by extensions ['cmake', 'python']
[0.377s] Level 1:colcon.colcon_core.package_identification:_identify(libtorch/include/caffe2/ideep) by extension 'cmake'
[0.377s] Level 1:colcon.colcon_core.package_identification:_identify(libtorch/include/caffe2/ideep) by extension 'python'
[0.377s] Level 1:colcon.colcon_core.package_identification:_identify(libtorch/include/caffe2/ideep) by extensions ['python_setup_py']
[0.377s] Level 1:colcon.colcon_core.package_identification:_identify(libtorch/include/caffe2/ideep) by extension 'python_setup_py'
[0.377s] Level 1:colcon.colcon_core.package_identification:_identify(libtorch/include/caffe2/image) by extensions ['ignore', 'ignore_ament_install']
[0.377s] Level 1:colcon.colcon_core.package_identification:_identify(libtorch/include/caffe2/image) by extension 'ignore'
[0.377s] Level 1:colcon.colcon_core.package_identification:_identify(libtorch/include/caffe2/image) by extension 'ignore_ament_install'
[0.377s] Level 1:colcon.colcon_core.package_identification:_identify(libtorch/include/caffe2/image) by extensions ['colcon_pkg']
[0.377s] Level 1:colcon.colcon_core.package_identification:_identify(libtorch/include/caffe2/image) by extension 'colcon_pkg'
[0.377s] Level 1:colcon.colcon_core.package_identification:_identify(libtorch/include/caffe2/image) by extensions ['colcon_meta']
[0.377s] Level 1:colcon.colcon_core.package_identification:_identify(libtorch/include/caffe2/image) by extension 'colcon_meta'
[0.377s] Level 1:colcon.colcon_core.package_identification:_identify(libtorch/include/caffe2/image) by extensions ['ros']
[0.377s] Level 1:colcon.colcon_core.package_identification:_identify(libtorch/include/caffe2/image) by extension 'ros'
[0.377s] Level 1:colcon.colcon_core.package_identification:_identify(libtorch/include/caffe2/image) by extensions ['cmake', 'python']
[0.377s] Level 1:colcon.colcon_core.package_identification:_identify(libtorch/include/caffe2/image) by extension 'cmake'
[0.377s] Level 1:colcon.colcon_core.package_identification:_identify(libtorch/include/caffe2/image) by extension 'python'
[0.378s] Level 1:colcon.colcon_core.package_identification:_identify(libtorch/include/caffe2/image) by extensions ['python_setup_py']
[0.378s] Level 1:colcon.colcon_core.package_identification:_identify(libtorch/include/caffe2/image) by extension 'python_setup_py'
[0.378s] Level 1:colcon.colcon_core.package_identification:_identify(libtorch/include/caffe2/mpi) by extensions ['ignore', 'ignore_ament_install']
[0.378s] Level 1:colcon.colcon_core.package_identification:_identify(libtorch/include/caffe2/mpi) by extension 'ignore'
[0.378s] Level 1:colcon.colcon_core.package_identification:_identify(libtorch/include/caffe2/mpi) by extension 'ignore_ament_install'
[0.378s] Level 1:colcon.colcon_core.package_identification:_identify(libtorch/include/caffe2/mpi) by extensions ['colcon_pkg']
[0.378s] Level 1:colcon.colcon_core.package_identification:_identify(libtorch/include/caffe2/mpi) by extension 'colcon_pkg'
[0.378s] Level 1:colcon.colcon_core.package_identification:_identify(libtorch/include/caffe2/mpi) by extensions ['colcon_meta']
[0.378s] Level 1:colcon.colcon_core.package_identification:_identify(libtorch/include/caffe2/mpi) by extension 'colcon_meta'
[0.378s] Level 1:colcon.colcon_core.package_identification:_identify(libtorch/include/caffe2/mpi) by extensions ['ros']
[0.378s] Level 1:colcon.colcon_core.package_identification:_identify(libtorch/include/caffe2/mpi) by extension 'ros'
[0.378s] Level 1:colcon.colcon_core.package_identification:_identify(libtorch/include/caffe2/mpi) by extensions ['cmake', 'python']
[0.378s] Level 1:colcon.colcon_core.package_identification:_identify(libtorch/include/caffe2/mpi) by extension 'cmake'
[0.378s] Level 1:colcon.colcon_core.package_identification:_identify(libtorch/include/caffe2/mpi) by extension 'python'
[0.378s] Level 1:colcon.colcon_core.package_identification:_identify(libtorch/include/caffe2/mpi) by extensions ['python_setup_py']
[0.378s] Level 1:colcon.colcon_core.package_identification:_identify(libtorch/include/caffe2/mpi) by extension 'python_setup_py'
[0.378s] Level 1:colcon.colcon_core.package_identification:_identify(libtorch/include/caffe2/observers) by extensions ['ignore', 'ignore_ament_install']
[0.379s] Level 1:colcon.colcon_core.package_identification:_identify(libtorch/include/caffe2/observers) by extension 'ignore'
[0.379s] Level 1:colcon.colcon_core.package_identification:_identify(libtorch/include/caffe2/observers) by extension 'ignore_ament_install'
[0.379s] Level 1:colcon.colcon_core.package_identification:_identify(libtorch/include/caffe2/observers) by extensions ['colcon_pkg']
[0.379s] Level 1:colcon.colcon_core.package_identification:_identify(libtorch/include/caffe2/observers) by extension 'colcon_pkg'
[0.379s] Level 1:colcon.colcon_core.package_identification:_identify(libtorch/include/caffe2/observers) by extensions ['colcon_meta']
[0.379s] Level 1:colcon.colcon_core.package_identification:_identify(libtorch/include/caffe2/observers) by extension 'colcon_meta'
[0.379s] Level 1:colcon.colcon_core.package_identification:_identify(libtorch/include/caffe2/observers) by extensions ['ros']
[0.379s] Level 1:colcon.colcon_core.package_identification:_identify(libtorch/include/caffe2/observers) by extension 'ros'
[0.379s] Level 1:colcon.colcon_core.package_identification:_identify(libtorch/include/caffe2/observers) by extensions ['cmake', 'python']
[0.379s] Level 1:colcon.colcon_core.package_identification:_identify(libtorch/include/caffe2/observers) by extension 'cmake'
[0.379s] Level 1:colcon.colcon_core.package_identification:_identify(libtorch/include/caffe2/observers) by extension 'python'
[0.379s] Level 1:colcon.colcon_core.package_identification:_identify(libtorch/include/caffe2/observers) by extensions ['python_setup_py']
[0.379s] Level 1:colcon.colcon_core.package_identification:_identify(libtorch/include/caffe2/observers) by extension 'python_setup_py'
[0.379s] Level 1:colcon.colcon_core.package_identification:_identify(libtorch/include/caffe2/onnx) by extensions ['ignore', 'ignore_ament_install']
[0.379s] Level 1:colcon.colcon_core.package_identification:_identify(libtorch/include/caffe2/onnx) by extension 'ignore'
[0.379s] Level 1:colcon.colcon_core.package_identification:_identify(libtorch/include/caffe2/onnx) by extension 'ignore_ament_install'
[0.379s] Level 1:colcon.colcon_core.package_identification:_identify(libtorch/include/caffe2/onnx) by extensions ['colcon_pkg']
[0.379s] Level 1:colcon.colcon_core.package_identification:_identify(libtorch/include/caffe2/onnx) by extension 'colcon_pkg'
[0.379s] Level 1:colcon.colcon_core.package_identification:_identify(libtorch/include/caffe2/onnx) by extensions ['colcon_meta']
[0.379s] Level 1:colcon.colcon_core.package_identification:_identify(libtorch/include/caffe2/onnx) by extension 'colcon_meta'
[0.380s] Level 1:colcon.colcon_core.package_identification:_identify(libtorch/include/caffe2/onnx) by extensions ['ros']
[0.380s] Level 1:colcon.colcon_core.package_identification:_identify(libtorch/include/caffe2/onnx) by extension 'ros'
[0.380s] Level 1:colcon.colcon_core.package_identification:_identify(libtorch/include/caffe2/onnx) by extensions ['cmake', 'python']
[0.380s] Level 1:colcon.colcon_core.package_identification:_identify(libtorch/include/caffe2/onnx) by extension 'cmake'
[0.380s] Level 1:colcon.colcon_core.package_identification:_identify(libtorch/include/caffe2/onnx) by extension 'python'
[0.380s] Level 1:colcon.colcon_core.package_identification:_identify(libtorch/include/caffe2/onnx) by extensions ['python_setup_py']
[0.380s] Level 1:colcon.colcon_core.package_identification:_identify(libtorch/include/caffe2/onnx) by extension 'python_setup_py'
[0.380s] Level 1:colcon.colcon_core.package_identification:_identify(libtorch/include/caffe2/operators) by extensions ['ignore', 'ignore_ament_install']
[0.380s] Level 1:colcon.colcon_core.package_identification:_identify(libtorch/include/caffe2/operators) by extension 'ignore'
[0.380s] Level 1:colcon.colcon_core.package_identification:_identify(libtorch/include/caffe2/operators) by extension 'ignore_ament_install'
[0.380s] Level 1:colcon.colcon_core.package_identification:_identify(libtorch/include/caffe2/operators) by extensions ['colcon_pkg']
[0.381s] Level 1:colcon.colcon_core.package_identification:_identify(libtorch/include/caffe2/operators) by extension 'colcon_pkg'
[0.381s] Level 1:colcon.colcon_core.package_identification:_identify(libtorch/include/caffe2/operators) by extensions ['colcon_meta']
[0.381s] Level 1:colcon.colcon_core.package_identification:_identify(libtorch/include/caffe2/operators) by extension 'colcon_meta'
[0.381s] Level 1:colcon.colcon_core.package_identification:_identify(libtorch/include/caffe2/operators) by extensions ['ros']
[0.381s] Level 1:colcon.colcon_core.package_identification:_identify(libtorch/include/caffe2/operators) by extension 'ros'
[0.381s] Level 1:colcon.colcon_core.package_identification:_identify(libtorch/include/caffe2/operators) by extensions ['cmake', 'python']
[0.381s] Level 1:colcon.colcon_core.package_identification:_identify(libtorch/include/caffe2/operators) by extension 'cmake'
[0.381s] Level 1:colcon.colcon_core.package_identification:_identify(libtorch/include/caffe2/operators) by extension 'python'
[0.381s] Level 1:colcon.colcon_core.package_identification:_identify(libtorch/include/caffe2/operators) by extensions ['python_setup_py']
[0.381s] Level 1:colcon.colcon_core.package_identification:_identify(libtorch/include/caffe2/operators) by extension 'python_setup_py'
[0.381s] Level 1:colcon.colcon_core.package_identification:_identify(libtorch/include/caffe2/opt) by extensions ['ignore', 'ignore_ament_install']
[0.381s] Level 1:colcon.colcon_core.package_identification:_identify(libtorch/include/caffe2/opt) by extension 'ignore'
[0.381s] Level 1:colcon.colcon_core.package_identification:_identify(libtorch/include/caffe2/opt) by extension 'ignore_ament_install'
[0.381s] Level 1:colcon.colcon_core.package_identification:_identify(libtorch/include/caffe2/opt) by extensions ['colcon_pkg']
[0.381s] Level 1:colcon.colcon_core.package_identification:_identify(libtorch/include/caffe2/opt) by extension 'colcon_pkg'
[0.381s] Level 1:colcon.colcon_core.package_identification:_identify(libtorch/include/caffe2/opt) by extensions ['colcon_meta']
[0.381s] Level 1:colcon.colcon_core.package_identification:_identify(libtorch/include/caffe2/opt) by extension 'colcon_meta'
[0.381s] Level 1:colcon.colcon_core.package_identification:_identify(libtorch/include/caffe2/opt) by extensions ['ros']
[0.381s] Level 1:colcon.colcon_core.package_identification:_identify(libtorch/include/caffe2/opt) by extension 'ros'
[0.382s] Level 1:colcon.colcon_core.package_identification:_identify(libtorch/include/caffe2/opt) by extensions ['cmake', 'python']
[0.382s] Level 1:colcon.colcon_core.package_identification:_identify(libtorch/include/caffe2/opt) by extension 'cmake'
[0.382s] Level 1:colcon.colcon_core.package_identification:_identify(libtorch/include/caffe2/opt) by extension 'python'
[0.382s] Level 1:colcon.colcon_core.package_identification:_identify(libtorch/include/caffe2/opt) by extensions ['python_setup_py']
[0.382s] Level 1:colcon.colcon_core.package_identification:_identify(libtorch/include/caffe2/opt) by extension 'python_setup_py'
[0.382s] Level 1:colcon.colcon_core.package_identification:_identify(libtorch/include/caffe2/perfkernels) by extensions ['ignore', 'ignore_ament_install']
[0.382s] Level 1:colcon.colcon_core.package_identification:_identify(libtorch/include/caffe2/perfkernels) by extension 'ignore'
[0.382s] Level 1:colcon.colcon_core.package_identification:_identify(libtorch/include/caffe2/perfkernels) by extension 'ignore_ament_install'
[0.382s] Level 1:colcon.colcon_core.package_identification:_identify(libtorch/include/caffe2/perfkernels) by extensions ['colcon_pkg']
[0.382s] Level 1:colcon.colcon_core.package_identification:_identify(libtorch/include/caffe2/perfkernels) by extension 'colcon_pkg'
[0.382s] Level 1:colcon.colcon_core.package_identification:_identify(libtorch/include/caffe2/perfkernels) by extensions ['colcon_meta']
[0.382s] Level 1:colcon.colcon_core.package_identification:_identify(libtorch/include/caffe2/perfkernels) by extension 'colcon_meta'
[0.382s] Level 1:colcon.colcon_core.package_identification:_identify(libtorch/include/caffe2/perfkernels) by extensions ['ros']
[0.382s] Level 1:colcon.colcon_core.package_identification:_identify(libtorch/include/caffe2/perfkernels) by extension 'ros'
[0.382s] Level 1:colcon.colcon_core.package_identification:_identify(libtorch/include/caffe2/perfkernels) by extensions ['cmake', 'python']
[0.382s] Level 1:colcon.colcon_core.package_identification:_identify(libtorch/include/caffe2/perfkernels) by extension 'cmake'
[0.382s] Level 1:colcon.colcon_core.package_identification:_identify(libtorch/include/caffe2/perfkernels) by extension 'python'
[0.382s] Level 1:colcon.colcon_core.package_identification:_identify(libtorch/include/caffe2/perfkernels) by extensions ['python_setup_py']
[0.382s] Level 1:colcon.colcon_core.package_identification:_identify(libtorch/include/caffe2/perfkernels) by extension 'python_setup_py'
[0.383s] Level 1:colcon.colcon_core.package_identification:_identify(libtorch/include/caffe2/predictor) by extensions ['ignore', 'ignore_ament_install']
[0.383s] Level 1:colcon.colcon_core.package_identification:_identify(libtorch/include/caffe2/predictor) by extension 'ignore'
[0.383s] Level 1:colcon.colcon_core.package_identification:_identify(libtorch/include/caffe2/predictor) by extension 'ignore_ament_install'
[0.383s] Level 1:colcon.colcon_core.package_identification:_identify(libtorch/include/caffe2/predictor) by extensions ['colcon_pkg']
[0.383s] Level 1:colcon.colcon_core.package_identification:_identify(libtorch/include/caffe2/predictor) by extension 'colcon_pkg'
[0.383s] Level 1:colcon.colcon_core.package_identification:_identify(libtorch/include/caffe2/predictor) by extensions ['colcon_meta']
[0.383s] Level 1:colcon.colcon_core.package_identification:_identify(libtorch/include/caffe2/predictor) by extension 'colcon_meta'
[0.383s] Level 1:colcon.colcon_core.package_identification:_identify(libtorch/include/caffe2/predictor) by extensions ['ros']
[0.383s] Level 1:colcon.colcon_core.package_identification:_identify(libtorch/include/caffe2/predictor) by extension 'ros'
[0.383s] Level 1:colcon.colcon_core.package_identification:_identify(libtorch/include/caffe2/predictor) by extensions ['cmake', 'python']
[0.383s] Level 1:colcon.colcon_core.package_identification:_identify(libtorch/include/caffe2/predictor) by extension 'cmake'
[0.383s] Level 1:colcon.colcon_core.package_identification:_identify(libtorch/include/caffe2/predictor) by extension 'python'
[0.383s] Level 1:colcon.colcon_core.package_identification:_identify(libtorch/include/caffe2/predictor) by extensions ['python_setup_py']
[0.383s] Level 1:colcon.colcon_core.package_identification:_identify(libtorch/include/caffe2/predictor) by extension 'python_setup_py'
[0.383s] Level 1:colcon.colcon_core.package_identification:_identify(libtorch/include/caffe2/proto) by extensions ['ignore', 'ignore_ament_install']
[0.383s] Level 1:colcon.colcon_core.package_identification:_identify(libtorch/include/caffe2/proto) by extension 'ignore'
[0.383s] Level 1:colcon.colcon_core.package_identification:_identify(libtorch/include/caffe2/proto) by extension 'ignore_ament_install'
[0.384s] Level 1:colcon.colcon_core.package_identification:_identify(libtorch/include/caffe2/proto) by extensions ['colcon_pkg']
[0.384s] Level 1:colcon.colcon_core.package_identification:_identify(libtorch/include/caffe2/proto) by extension 'colcon_pkg'
[0.384s] Level 1:colcon.colcon_core.package_identification:_identify(libtorch/include/caffe2/proto) by extensions ['colcon_meta']
[0.384s] Level 1:colcon.colcon_core.package_identification:_identify(libtorch/include/caffe2/proto) by extension 'colcon_meta'
[0.384s] Level 1:colcon.colcon_core.package_identification:_identify(libtorch/include/caffe2/proto) by extensions ['ros']
[0.384s] Level 1:colcon.colcon_core.package_identification:_identify(libtorch/include/caffe2/proto) by extension 'ros'
[0.384s] Level 1:colcon.colcon_core.package_identification:_identify(libtorch/include/caffe2/proto) by extensions ['cmake', 'python']
[0.384s] Level 1:colcon.colcon_core.package_identification:_identify(libtorch/include/caffe2/proto) by extension 'cmake'
[0.384s] Level 1:colcon.colcon_core.package_identification:_identify(libtorch/include/caffe2/proto) by extension 'python'
[0.384s] Level 1:colcon.colcon_core.package_identification:_identify(libtorch/include/caffe2/proto) by extensions ['python_setup_py']
[0.384s] Level 1:colcon.colcon_core.package_identification:_identify(libtorch/include/caffe2/proto) by extension 'python_setup_py'
[0.384s] Level 1:colcon.colcon_core.package_identification:_identify(libtorch/include/caffe2/python) by extensions ['ignore', 'ignore_ament_install']
[0.384s] Level 1:colcon.colcon_core.package_identification:_identify(libtorch/include/caffe2/python) by extension 'ignore'
[0.384s] Level 1:colcon.colcon_core.package_identification:_identify(libtorch/include/caffe2/python) by extension 'ignore_ament_install'
[0.384s] Level 1:colcon.colcon_core.package_identification:_identify(libtorch/include/caffe2/python) by extensions ['colcon_pkg']
[0.384s] Level 1:colcon.colcon_core.package_identification:_identify(libtorch/include/caffe2/python) by extension 'colcon_pkg'
[0.384s] Level 1:colcon.colcon_core.package_identification:_identify(libtorch/include/caffe2/python) by extensions ['colcon_meta']
[0.384s] Level 1:colcon.colcon_core.package_identification:_identify(libtorch/include/caffe2/python) by extension 'colcon_meta'
[0.384s] Level 1:colcon.colcon_core.package_identification:_identify(libtorch/include/caffe2/python) by extensions ['ros']
[0.385s] Level 1:colcon.colcon_core.package_identification:_identify(libtorch/include/caffe2/python) by extension 'ros'
[0.385s] Level 1:colcon.colcon_core.package_identification:_identify(libtorch/include/caffe2/python) by extensions ['cmake', 'python']
[0.385s] Level 1:colcon.colcon_core.package_identification:_identify(libtorch/include/caffe2/python) by extension 'cmake'
[0.385s] Level 1:colcon.colcon_core.package_identification:_identify(libtorch/include/caffe2/python) by extension 'python'
[0.385s] Level 1:colcon.colcon_core.package_identification:_identify(libtorch/include/caffe2/python) by extensions ['python_setup_py']
[0.385s] Level 1:colcon.colcon_core.package_identification:_identify(libtorch/include/caffe2/python) by extension 'python_setup_py'
[0.385s] Level 1:colcon.colcon_core.package_identification:_identify(libtorch/include/caffe2/queue) by extensions ['ignore', 'ignore_ament_install']
[0.385s] Level 1:colcon.colcon_core.package_identification:_identify(libtorch/include/caffe2/queue) by extension 'ignore'
[0.385s] Level 1:colcon.colcon_core.package_identification:_identify(libtorch/include/caffe2/queue) by extension 'ignore_ament_install'
[0.385s] Level 1:colcon.colcon_core.package_identification:_identify(libtorch/include/caffe2/queue) by extensions ['colcon_pkg']
[0.385s] Level 1:colcon.colcon_core.package_identification:_identify(libtorch/include/caffe2/queue) by extension 'colcon_pkg'
[0.385s] Level 1:colcon.colcon_core.package_identification:_identify(libtorch/include/caffe2/queue) by extensions ['colcon_meta']
[0.385s] Level 1:colcon.colcon_core.package_identification:_identify(libtorch/include/caffe2/queue) by extension 'colcon_meta'
[0.385s] Level 1:colcon.colcon_core.package_identification:_identify(libtorch/include/caffe2/queue) by extensions ['ros']
[0.385s] Level 1:colcon.colcon_core.package_identification:_identify(libtorch/include/caffe2/queue) by extension 'ros'
[0.385s] Level 1:colcon.colcon_core.package_identification:_identify(libtorch/include/caffe2/queue) by extensions ['cmake', 'python']
[0.385s] Level 1:colcon.colcon_core.package_identification:_identify(libtorch/include/caffe2/queue) by extension 'cmake'
[0.385s] Level 1:colcon.colcon_core.package_identification:_identify(libtorch/include/caffe2/queue) by extension 'python'
[0.385s] Level 1:colcon.colcon_core.package_identification:_identify(libtorch/include/caffe2/queue) by extensions ['python_setup_py']
[0.386s] Level 1:colcon.colcon_core.package_identification:_identify(libtorch/include/caffe2/queue) by extension 'python_setup_py'
[0.386s] Level 1:colcon.colcon_core.package_identification:_identify(libtorch/include/caffe2/serialize) by extensions ['ignore', 'ignore_ament_install']
[0.386s] Level 1:colcon.colcon_core.package_identification:_identify(libtorch/include/caffe2/serialize) by extension 'ignore'
[0.386s] Level 1:colcon.colcon_core.package_identification:_identify(libtorch/include/caffe2/serialize) by extension 'ignore_ament_install'
[0.386s] Level 1:colcon.colcon_core.package_identification:_identify(libtorch/include/caffe2/serialize) by extensions ['colcon_pkg']
[0.386s] Level 1:colcon.colcon_core.package_identification:_identify(libtorch/include/caffe2/serialize) by extension 'colcon_pkg'
[0.386s] Level 1:colcon.colcon_core.package_identification:_identify(libtorch/include/caffe2/serialize) by extensions ['colcon_meta']
[0.386s] Level 1:colcon.colcon_core.package_identification:_identify(libtorch/include/caffe2/serialize) by extension 'colcon_meta'
[0.386s] Level 1:colcon.colcon_core.package_identification:_identify(libtorch/include/caffe2/serialize) by extensions ['ros']
[0.386s] Level 1:colcon.colcon_core.package_identification:_identify(libtorch/include/caffe2/serialize) by extension 'ros'
[0.386s] Level 1:colcon.colcon_core.package_identification:_identify(libtorch/include/caffe2/serialize) by extensions ['cmake', 'python']
[0.386s] Level 1:colcon.colcon_core.package_identification:_identify(libtorch/include/caffe2/serialize) by extension 'cmake'
[0.386s] Level 1:colcon.colcon_core.package_identification:_identify(libtorch/include/caffe2/serialize) by extension 'python'
[0.386s] Level 1:colcon.colcon_core.package_identification:_identify(libtorch/include/caffe2/serialize) by extensions ['python_setup_py']
[0.386s] Level 1:colcon.colcon_core.package_identification:_identify(libtorch/include/caffe2/serialize) by extension 'python_setup_py'
[0.386s] Level 1:colcon.colcon_core.package_identification:_identify(libtorch/include/caffe2/sgd) by extensions ['ignore', 'ignore_ament_install']
[0.386s] Level 1:colcon.colcon_core.package_identification:_identify(libtorch/include/caffe2/sgd) by extension 'ignore'
[0.387s] Level 1:colcon.colcon_core.package_identification:_identify(libtorch/include/caffe2/sgd) by extension 'ignore_ament_install'
[0.387s] Level 1:colcon.colcon_core.package_identification:_identify(libtorch/include/caffe2/sgd) by extensions ['colcon_pkg']
[0.387s] Level 1:colcon.colcon_core.package_identification:_identify(libtorch/include/caffe2/sgd) by extension 'colcon_pkg'
[0.387s] Level 1:colcon.colcon_core.package_identification:_identify(libtorch/include/caffe2/sgd) by extensions ['colcon_meta']
[0.387s] Level 1:colcon.colcon_core.package_identification:_identify(libtorch/include/caffe2/sgd) by extension 'colcon_meta'
[0.387s] Level 1:colcon.colcon_core.package_identification:_identify(libtorch/include/caffe2/sgd) by extensions ['ros']
[0.387s] Level 1:colcon.colcon_core.package_identification:_identify(libtorch/include/caffe2/sgd) by extension 'ros'
[0.387s] Level 1:colcon.colcon_core.package_identification:_identify(libtorch/include/caffe2/sgd) by extensions ['cmake', 'python']
[0.387s] Level 1:colcon.colcon_core.package_identification:_identify(libtorch/include/caffe2/sgd) by extension 'cmake'
[0.387s] Level 1:colcon.colcon_core.package_identification:_identify(libtorch/include/caffe2/sgd) by extension 'python'
[0.387s] Level 1:colcon.colcon_core.package_identification:_identify(libtorch/include/caffe2/sgd) by extensions ['python_setup_py']
[0.387s] Level 1:colcon.colcon_core.package_identification:_identify(libtorch/include/caffe2/sgd) by extension 'python_setup_py'
[0.387s] Level 1:colcon.colcon_core.package_identification:_identify(libtorch/include/caffe2/transforms) by extensions ['ignore', 'ignore_ament_install']
[0.387s] Level 1:colcon.colcon_core.package_identification:_identify(libtorch/include/caffe2/transforms) by extension 'ignore'
[0.387s] Level 1:colcon.colcon_core.package_identification:_identify(libtorch/include/caffe2/transforms) by extension 'ignore_ament_install'
[0.387s] Level 1:colcon.colcon_core.package_identification:_identify(libtorch/include/caffe2/transforms) by extensions ['colcon_pkg']
[0.387s] Level 1:colcon.colcon_core.package_identification:_identify(libtorch/include/caffe2/transforms) by extension 'colcon_pkg'
[0.387s] Level 1:colcon.colcon_core.package_identification:_identify(libtorch/include/caffe2/transforms) by extensions ['colcon_meta']
[0.387s] Level 1:colcon.colcon_core.package_identification:_identify(libtorch/include/caffe2/transforms) by extension 'colcon_meta'
[0.387s] Level 1:colcon.colcon_core.package_identification:_identify(libtorch/include/caffe2/transforms) by extensions ['ros']
[0.388s] Level 1:colcon.colcon_core.package_identification:_identify(libtorch/include/caffe2/transforms) by extension 'ros'
[0.388s] Level 1:colcon.colcon_core.package_identification:_identify(libtorch/include/caffe2/transforms) by extensions ['cmake', 'python']
[0.388s] Level 1:colcon.colcon_core.package_identification:_identify(libtorch/include/caffe2/transforms) by extension 'cmake'
[0.388s] Level 1:colcon.colcon_core.package_identification:_identify(libtorch/include/caffe2/transforms) by extension 'python'
[0.388s] Level 1:colcon.colcon_core.package_identification:_identify(libtorch/include/caffe2/transforms) by extensions ['python_setup_py']
[0.388s] Level 1:colcon.colcon_core.package_identification:_identify(libtorch/include/caffe2/transforms) by extension 'python_setup_py'
[0.388s] Level 1:colcon.colcon_core.package_identification:_identify(libtorch/include/caffe2/utils) by extensions ['ignore', 'ignore_ament_install']
[0.388s] Level 1:colcon.colcon_core.package_identification:_identify(libtorch/include/caffe2/utils) by extension 'ignore'
[0.388s] Level 1:colcon.colcon_core.package_identification:_identify(libtorch/include/caffe2/utils) by extension 'ignore_ament_install'
[0.388s] Level 1:colcon.colcon_core.package_identification:_identify(libtorch/include/caffe2/utils) by extensions ['colcon_pkg']
[0.388s] Level 1:colcon.colcon_core.package_identification:_identify(libtorch/include/caffe2/utils) by extension 'colcon_pkg'
[0.388s] Level 1:colcon.colcon_core.package_identification:_identify(libtorch/include/caffe2/utils) by extensions ['colcon_meta']
[0.388s] Level 1:colcon.colcon_core.package_identification:_identify(libtorch/include/caffe2/utils) by extension 'colcon_meta'
[0.388s] Level 1:colcon.colcon_core.package_identification:_identify(libtorch/include/caffe2/utils) by extensions ['ros']
[0.388s] Level 1:colcon.colcon_core.package_identification:_identify(libtorch/include/caffe2/utils) by extension 'ros'
[0.388s] Level 1:colcon.colcon_core.package_identification:_identify(libtorch/include/caffe2/utils) by extensions ['cmake', 'python']
[0.388s] Level 1:colcon.colcon_core.package_identification:_identify(libtorch/include/caffe2/utils) by extension 'cmake'
[0.388s] Level 1:colcon.colcon_core.package_identification:_identify(libtorch/include/caffe2/utils) by extension 'python'
[0.388s] Level 1:colcon.colcon_core.package_identification:_identify(libtorch/include/caffe2/utils) by extensions ['python_setup_py']
[0.389s] Level 1:colcon.colcon_core.package_identification:_identify(libtorch/include/caffe2/utils) by extension 'python_setup_py'
[0.389s] Level 1:colcon.colcon_core.package_identification:_identify(libtorch/include/caffe2/utils/math) by extensions ['ignore', 'ignore_ament_install']
[0.389s] Level 1:colcon.colcon_core.package_identification:_identify(libtorch/include/caffe2/utils/math) by extension 'ignore'
[0.389s] Level 1:colcon.colcon_core.package_identification:_identify(libtorch/include/caffe2/utils/math) by extension 'ignore_ament_install'
[0.389s] Level 1:colcon.colcon_core.package_identification:_identify(libtorch/include/caffe2/utils/math) by extensions ['colcon_pkg']
[0.389s] Level 1:colcon.colcon_core.package_identification:_identify(libtorch/include/caffe2/utils/math) by extension 'colcon_pkg'
[0.389s] Level 1:colcon.colcon_core.package_identification:_identify(libtorch/include/caffe2/utils/math) by extensions ['colcon_meta']
[0.389s] Level 1:colcon.colcon_core.package_identification:_identify(libtorch/include/caffe2/utils/math) by extension 'colcon_meta'
[0.389s] Level 1:colcon.colcon_core.package_identification:_identify(libtorch/include/caffe2/utils/math) by extensions ['ros']
[0.389s] Level 1:colcon.colcon_core.package_identification:_identify(libtorch/include/caffe2/utils/math) by extension 'ros'
[0.389s] Level 1:colcon.colcon_core.package_identification:_identify(libtorch/include/caffe2/utils/math) by extensions ['cmake', 'python']
[0.389s] Level 1:colcon.colcon_core.package_identification:_identify(libtorch/include/caffe2/utils/math) by extension 'cmake'
[0.389s] Level 1:colcon.colcon_core.package_identification:_identify(libtorch/include/caffe2/utils/math) by extension 'python'
[0.389s] Level 1:colcon.colcon_core.package_identification:_identify(libtorch/include/caffe2/utils/math) by extensions ['python_setup_py']
[0.389s] Level 1:colcon.colcon_core.package_identification:_identify(libtorch/include/caffe2/utils/math) by extension 'python_setup_py'
[0.389s] Level 1:colcon.colcon_core.package_identification:_identify(libtorch/include/caffe2/utils/threadpool) by extensions ['ignore', 'ignore_ament_install']
[0.389s] Level 1:colcon.colcon_core.package_identification:_identify(libtorch/include/caffe2/utils/threadpool) by extension 'ignore'
[0.390s] Level 1:colcon.colcon_core.package_identification:_identify(libtorch/include/caffe2/utils/threadpool) by extension 'ignore_ament_install'
[0.390s] Level 1:colcon.colcon_core.package_identification:_identify(libtorch/include/caffe2/utils/threadpool) by extensions ['colcon_pkg']
[0.390s] Level 1:colcon.colcon_core.package_identification:_identify(libtorch/include/caffe2/utils/threadpool) by extension 'colcon_pkg'
[0.390s] Level 1:colcon.colcon_core.package_identification:_identify(libtorch/include/caffe2/utils/threadpool) by extensions ['colcon_meta']
[0.390s] Level 1:colcon.colcon_core.package_identification:_identify(libtorch/include/caffe2/utils/threadpool) by extension 'colcon_meta'
[0.390s] Level 1:colcon.colcon_core.package_identification:_identify(libtorch/include/caffe2/utils/threadpool) by extensions ['ros']
[0.390s] Level 1:colcon.colcon_core.package_identification:_identify(libtorch/include/caffe2/utils/threadpool) by extension 'ros'
[0.390s] Level 1:colcon.colcon_core.package_identification:_identify(libtorch/include/caffe2/utils/threadpool) by extensions ['cmake', 'python']
[0.390s] Level 1:colcon.colcon_core.package_identification:_identify(libtorch/include/caffe2/utils/threadpool) by extension 'cmake'
[0.390s] Level 1:colcon.colcon_core.package_identification:_identify(libtorch/include/caffe2/utils/threadpool) by extension 'python'
[0.390s] Level 1:colcon.colcon_core.package_identification:_identify(libtorch/include/caffe2/utils/threadpool) by extensions ['python_setup_py']
[0.390s] Level 1:colcon.colcon_core.package_identification:_identify(libtorch/include/caffe2/utils/threadpool) by extension 'python_setup_py'
[0.390s] Level 1:colcon.colcon_core.package_identification:_identify(libtorch/include/caffe2/video) by extensions ['ignore', 'ignore_ament_install']
[0.390s] Level 1:colcon.colcon_core.package_identification:_identify(libtorch/include/caffe2/video) by extension 'ignore'
[0.390s] Level 1:colcon.colcon_core.package_identification:_identify(libtorch/include/caffe2/video) by extension 'ignore_ament_install'
[0.390s] Level 1:colcon.colcon_core.package_identification:_identify(libtorch/include/caffe2/video) by extensions ['colcon_pkg']
[0.390s] Level 1:colcon.colcon_core.package_identification:_identify(libtorch/include/caffe2/video) by extension 'colcon_pkg'
[0.390s] Level 1:colcon.colcon_core.package_identification:_identify(libtorch/include/caffe2/video) by extensions ['colcon_meta']
[0.390s] Level 1:colcon.colcon_core.package_identification:_identify(libtorch/include/caffe2/video) by extension 'colcon_meta'
[0.391s] Level 1:colcon.colcon_core.package_identification:_identify(libtorch/include/caffe2/video) by extensions ['ros']
[0.391s] Level 1:colcon.colcon_core.package_identification:_identify(libtorch/include/caffe2/video) by extension 'ros'
[0.391s] Level 1:colcon.colcon_core.package_identification:_identify(libtorch/include/caffe2/video) by extensions ['cmake', 'python']
[0.391s] Level 1:colcon.colcon_core.package_identification:_identify(libtorch/include/caffe2/video) by extension 'cmake'
[0.391s] Level 1:colcon.colcon_core.package_identification:_identify(libtorch/include/caffe2/video) by extension 'python'
[0.391s] Level 1:colcon.colcon_core.package_identification:_identify(libtorch/include/caffe2/video) by extensions ['python_setup_py']
[0.391s] Level 1:colcon.colcon_core.package_identification:_identify(libtorch/include/caffe2/video) by extension 'python_setup_py'
[0.391s] Level 1:colcon.colcon_core.package_identification:_identify(libtorch/include/pybind11) by extensions ['ignore', 'ignore_ament_install']
[0.391s] Level 1:colcon.colcon_core.package_identification:_identify(libtorch/include/pybind11) by extension 'ignore'
[0.391s] Level 1:colcon.colcon_core.package_identification:_identify(libtorch/include/pybind11) by extension 'ignore_ament_install'
[0.391s] Level 1:colcon.colcon_core.package_identification:_identify(libtorch/include/pybind11) by extensions ['colcon_pkg']
[0.391s] Level 1:colcon.colcon_core.package_identification:_identify(libtorch/include/pybind11) by extension 'colcon_pkg'
[0.391s] Level 1:colcon.colcon_core.package_identification:_identify(libtorch/include/pybind11) by extensions ['colcon_meta']
[0.391s] Level 1:colcon.colcon_core.package_identification:_identify(libtorch/include/pybind11) by extension 'colcon_meta'
[0.391s] Level 1:colcon.colcon_core.package_identification:_identify(libtorch/include/pybind11) by extensions ['ros']
[0.391s] Level 1:colcon.colcon_core.package_identification:_identify(libtorch/include/pybind11) by extension 'ros'
[0.391s] Level 1:colcon.colcon_core.package_identification:_identify(libtorch/include/pybind11) by extensions ['cmake', 'python']
[0.391s] Level 1:colcon.colcon_core.package_identification:_identify(libtorch/include/pybind11) by extension 'cmake'
[0.391s] Level 1:colcon.colcon_core.package_identification:_identify(libtorch/include/pybind11) by extension 'python'
[0.392s] Level 1:colcon.colcon_core.package_identification:_identify(libtorch/include/pybind11) by extensions ['python_setup_py']
[0.392s] Level 1:colcon.colcon_core.package_identification:_identify(libtorch/include/pybind11) by extension 'python_setup_py'
[0.392s] Level 1:colcon.colcon_core.package_identification:_identify(libtorch/include/pybind11/detail) by extensions ['ignore', 'ignore_ament_install']
[0.392s] Level 1:colcon.colcon_core.package_identification:_identify(libtorch/include/pybind11/detail) by extension 'ignore'
[0.392s] Level 1:colcon.colcon_core.package_identification:_identify(libtorch/include/pybind11/detail) by extension 'ignore_ament_install'
[0.392s] Level 1:colcon.colcon_core.package_identification:_identify(libtorch/include/pybind11/detail) by extensions ['colcon_pkg']
[0.392s] Level 1:colcon.colcon_core.package_identification:_identify(libtorch/include/pybind11/detail) by extension 'colcon_pkg'
[0.392s] Level 1:colcon.colcon_core.package_identification:_identify(libtorch/include/pybind11/detail) by extensions ['colcon_meta']
[0.392s] Level 1:colcon.colcon_core.package_identification:_identify(libtorch/include/pybind11/detail) by extension 'colcon_meta'
[0.392s] Level 1:colcon.colcon_core.package_identification:_identify(libtorch/include/pybind11/detail) by extensions ['ros']
[0.392s] Level 1:colcon.colcon_core.package_identification:_identify(libtorch/include/pybind11/detail) by extension 'ros'
[0.392s] Level 1:colcon.colcon_core.package_identification:_identify(libtorch/include/pybind11/detail) by extensions ['cmake', 'python']
[0.392s] Level 1:colcon.colcon_core.package_identification:_identify(libtorch/include/pybind11/detail) by extension 'cmake'
[0.392s] Level 1:colcon.colcon_core.package_identification:_identify(libtorch/include/pybind11/detail) by extension 'python'
[0.392s] Level 1:colcon.colcon_core.package_identification:_identify(libtorch/include/pybind11/detail) by extensions ['python_setup_py']
[0.392s] Level 1:colcon.colcon_core.package_identification:_identify(libtorch/include/pybind11/detail) by extension 'python_setup_py'
[0.392s] Level 1:colcon.colcon_core.package_identification:_identify(libtorch/include/torch) by extensions ['ignore', 'ignore_ament_install']
[0.393s] Level 1:colcon.colcon_core.package_identification:_identify(libtorch/include/torch) by extension 'ignore'
[0.393s] Level 1:colcon.colcon_core.package_identification:_identify(libtorch/include/torch) by extension 'ignore_ament_install'
[0.393s] Level 1:colcon.colcon_core.package_identification:_identify(libtorch/include/torch) by extensions ['colcon_pkg']
[0.393s] Level 1:colcon.colcon_core.package_identification:_identify(libtorch/include/torch) by extension 'colcon_pkg'
[0.393s] Level 1:colcon.colcon_core.package_identification:_identify(libtorch/include/torch) by extensions ['colcon_meta']
[0.393s] Level 1:colcon.colcon_core.package_identification:_identify(libtorch/include/torch) by extension 'colcon_meta'
[0.393s] Level 1:colcon.colcon_core.package_identification:_identify(libtorch/include/torch) by extensions ['ros']
[0.393s] Level 1:colcon.colcon_core.package_identification:_identify(libtorch/include/torch) by extension 'ros'
[0.393s] Level 1:colcon.colcon_core.package_identification:_identify(libtorch/include/torch) by extensions ['cmake', 'python']
[0.393s] Level 1:colcon.colcon_core.package_identification:_identify(libtorch/include/torch) by extension 'cmake'
[0.393s] Level 1:colcon.colcon_core.package_identification:_identify(libtorch/include/torch) by extension 'python'
[0.393s] Level 1:colcon.colcon_core.package_identification:_identify(libtorch/include/torch) by extensions ['python_setup_py']
[0.393s] Level 1:colcon.colcon_core.package_identification:_identify(libtorch/include/torch) by extension 'python_setup_py'
[0.393s] Level 1:colcon.colcon_core.package_identification:_identify(libtorch/include/torch/csrc) by extensions ['ignore', 'ignore_ament_install']
[0.393s] Level 1:colcon.colcon_core.package_identification:_identify(libtorch/include/torch/csrc) by extension 'ignore'
[0.393s] Level 1:colcon.colcon_core.package_identification:_identify(libtorch/include/torch/csrc) by extension 'ignore_ament_install'
[0.393s] Level 1:colcon.colcon_core.package_identification:_identify(libtorch/include/torch/csrc) by extensions ['colcon_pkg']
[0.393s] Level 1:colcon.colcon_core.package_identification:_identify(libtorch/include/torch/csrc) by extension 'colcon_pkg'
[0.393s] Level 1:colcon.colcon_core.package_identification:_identify(libtorch/include/torch/csrc) by extensions ['colcon_meta']
[0.393s] Level 1:colcon.colcon_core.package_identification:_identify(libtorch/include/torch/csrc) by extension 'colcon_meta'
[0.394s] Level 1:colcon.colcon_core.package_identification:_identify(libtorch/include/torch/csrc) by extensions ['ros']
[0.394s] Level 1:colcon.colcon_core.package_identification:_identify(libtorch/include/torch/csrc) by extension 'ros'
[0.394s] Level 1:colcon.colcon_core.package_identification:_identify(libtorch/include/torch/csrc) by extensions ['cmake', 'python']
[0.394s] Level 1:colcon.colcon_core.package_identification:_identify(libtorch/include/torch/csrc) by extension 'cmake'
[0.394s] Level 1:colcon.colcon_core.package_identification:_identify(libtorch/include/torch/csrc) by extension 'python'
[0.394s] Level 1:colcon.colcon_core.package_identification:_identify(libtorch/include/torch/csrc) by extensions ['python_setup_py']
[0.394s] Level 1:colcon.colcon_core.package_identification:_identify(libtorch/include/torch/csrc) by extension 'python_setup_py'
[0.394s] Level 1:colcon.colcon_core.package_identification:_identify(libtorch/include/torch/csrc/api) by extensions ['ignore', 'ignore_ament_install']
[0.394s] Level 1:colcon.colcon_core.package_identification:_identify(libtorch/include/torch/csrc/api) by extension 'ignore'
[0.394s] Level 1:colcon.colcon_core.package_identification:_identify(libtorch/include/torch/csrc/api) by extension 'ignore_ament_install'
[0.394s] Level 1:colcon.colcon_core.package_identification:_identify(libtorch/include/torch/csrc/api) by extensions ['colcon_pkg']
[0.394s] Level 1:colcon.colcon_core.package_identification:_identify(libtorch/include/torch/csrc/api) by extension 'colcon_pkg'
[0.394s] Level 1:colcon.colcon_core.package_identification:_identify(libtorch/include/torch/csrc/api) by extensions ['colcon_meta']
[0.394s] Level 1:colcon.colcon_core.package_identification:_identify(libtorch/include/torch/csrc/api) by extension 'colcon_meta'
[0.394s] Level 1:colcon.colcon_core.package_identification:_identify(libtorch/include/torch/csrc/api) by extensions ['ros']
[0.394s] Level 1:colcon.colcon_core.package_identification:_identify(libtorch/include/torch/csrc/api) by extension 'ros'
[0.394s] Level 1:colcon.colcon_core.package_identification:_identify(libtorch/include/torch/csrc/api) by extensions ['cmake', 'python']
[0.394s] Level 1:colcon.colcon_core.package_identification:_identify(libtorch/include/torch/csrc/api) by extension 'cmake'
[0.395s] Level 1:colcon.colcon_core.package_identification:_identify(libtorch/include/torch/csrc/api) by extension 'python'
[0.395s] Level 1:colcon.colcon_core.package_identification:_identify(libtorch/include/torch/csrc/api) by extensions ['python_setup_py']
[0.395s] Level 1:colcon.colcon_core.package_identification:_identify(libtorch/include/torch/csrc/api) by extension 'python_setup_py'
[0.395s] Level 1:colcon.colcon_core.package_identification:_identify(libtorch/include/torch/csrc/api/include) by extensions ['ignore', 'ignore_ament_install']
[0.395s] Level 1:colcon.colcon_core.package_identification:_identify(libtorch/include/torch/csrc/api/include) by extension 'ignore'
[0.395s] Level 1:colcon.colcon_core.package_identification:_identify(libtorch/include/torch/csrc/api/include) by extension 'ignore_ament_install'
[0.395s] Level 1:colcon.colcon_core.package_identification:_identify(libtorch/include/torch/csrc/api/include) by extensions ['colcon_pkg']
[0.395s] Level 1:colcon.colcon_core.package_identification:_identify(libtorch/include/torch/csrc/api/include) by extension 'colcon_pkg'
[0.395s] Level 1:colcon.colcon_core.package_identification:_identify(libtorch/include/torch/csrc/api/include) by extensions ['colcon_meta']
[0.395s] Level 1:colcon.colcon_core.package_identification:_identify(libtorch/include/torch/csrc/api/include) by extension 'colcon_meta'
[0.395s] Level 1:colcon.colcon_core.package_identification:_identify(libtorch/include/torch/csrc/api/include) by extensions ['ros']
[0.395s] Level 1:colcon.colcon_core.package_identification:_identify(libtorch/include/torch/csrc/api/include) by extension 'ros'
[0.395s] Level 1:colcon.colcon_core.package_identification:_identify(libtorch/include/torch/csrc/api/include) by extensions ['cmake', 'python']
[0.395s] Level 1:colcon.colcon_core.package_identification:_identify(libtorch/include/torch/csrc/api/include) by extension 'cmake'
[0.395s] Level 1:colcon.colcon_core.package_identification:_identify(libtorch/include/torch/csrc/api/include) by extension 'python'
[0.395s] Level 1:colcon.colcon_core.package_identification:_identify(libtorch/include/torch/csrc/api/include) by extensions ['python_setup_py']
[0.395s] Level 1:colcon.colcon_core.package_identification:_identify(libtorch/include/torch/csrc/api/include) by extension 'python_setup_py'
[0.396s] Level 1:colcon.colcon_core.package_identification:_identify(libtorch/include/torch/csrc/api/include/torch) by extensions ['ignore', 'ignore_ament_install']
[0.396s] Level 1:colcon.colcon_core.package_identification:_identify(libtorch/include/torch/csrc/api/include/torch) by extension 'ignore'
[0.396s] Level 1:colcon.colcon_core.package_identification:_identify(libtorch/include/torch/csrc/api/include/torch) by extension 'ignore_ament_install'
[0.396s] Level 1:colcon.colcon_core.package_identification:_identify(libtorch/include/torch/csrc/api/include/torch) by extensions ['colcon_pkg']
[0.396s] Level 1:colcon.colcon_core.package_identification:_identify(libtorch/include/torch/csrc/api/include/torch) by extension 'colcon_pkg'
[0.396s] Level 1:colcon.colcon_core.package_identification:_identify(libtorch/include/torch/csrc/api/include/torch) by extensions ['colcon_meta']
[0.396s] Level 1:colcon.colcon_core.package_identification:_identify(libtorch/include/torch/csrc/api/include/torch) by extension 'colcon_meta'
[0.396s] Level 1:colcon.colcon_core.package_identification:_identify(libtorch/include/torch/csrc/api/include/torch) by extensions ['ros']
[0.396s] Level 1:colcon.colcon_core.package_identification:_identify(libtorch/include/torch/csrc/api/include/torch) by extension 'ros'
[0.396s] Level 1:colcon.colcon_core.package_identification:_identify(libtorch/include/torch/csrc/api/include/torch) by extensions ['cmake', 'python']
[0.396s] Level 1:colcon.colcon_core.package_identification:_identify(libtorch/include/torch/csrc/api/include/torch) by extension 'cmake'
[0.396s] Level 1:colcon.colcon_core.package_identification:_identify(libtorch/include/torch/csrc/api/include/torch) by extension 'python'
[0.396s] Level 1:colcon.colcon_core.package_identification:_identify(libtorch/include/torch/csrc/api/include/torch) by extensions ['python_setup_py']
[0.396s] Level 1:colcon.colcon_core.package_identification:_identify(libtorch/include/torch/csrc/api/include/torch) by extension 'python_setup_py'
[0.396s] Level 1:colcon.colcon_core.package_identification:_identify(libtorch/include/torch/csrc/api/include/torch/data) by extensions ['ignore', 'ignore_ament_install']
[0.396s] Level 1:colcon.colcon_core.package_identification:_identify(libtorch/include/torch/csrc/api/include/torch/data) by extension 'ignore'
[0.396s] Level 1:colcon.colcon_core.package_identification:_identify(libtorch/include/torch/csrc/api/include/torch/data) by extension 'ignore_ament_install'
[0.397s] Level 1:colcon.colcon_core.package_identification:_identify(libtorch/include/torch/csrc/api/include/torch/data) by extensions ['colcon_pkg']
[0.397s] Level 1:colcon.colcon_core.package_identification:_identify(libtorch/include/torch/csrc/api/include/torch/data) by extension 'colcon_pkg'
[0.397s] Level 1:colcon.colcon_core.package_identification:_identify(libtorch/include/torch/csrc/api/include/torch/data) by extensions ['colcon_meta']
[0.397s] Level 1:colcon.colcon_core.package_identification:_identify(libtorch/include/torch/csrc/api/include/torch/data) by extension 'colcon_meta'
[0.397s] Level 1:colcon.colcon_core.package_identification:_identify(libtorch/include/torch/csrc/api/include/torch/data) by extensions ['ros']
[0.397s] Level 1:colcon.colcon_core.package_identification:_identify(libtorch/include/torch/csrc/api/include/torch/data) by extension 'ros'
[0.397s] Level 1:colcon.colcon_core.package_identification:_identify(libtorch/include/torch/csrc/api/include/torch/data) by extensions ['cmake', 'python']
[0.397s] Level 1:colcon.colcon_core.package_identification:_identify(libtorch/include/torch/csrc/api/include/torch/data) by extension 'cmake'
[0.397s] Level 1:colcon.colcon_core.package_identification:_identify(libtorch/include/torch/csrc/api/include/torch/data) by extension 'python'
[0.397s] Level 1:colcon.colcon_core.package_identification:_identify(libtorch/include/torch/csrc/api/include/torch/data) by extensions ['python_setup_py']
[0.397s] Level 1:colcon.colcon_core.package_identification:_identify(libtorch/include/torch/csrc/api/include/torch/data) by extension 'python_setup_py'
[0.397s] Level 1:colcon.colcon_core.package_identification:_identify(libtorch/include/torch/csrc/api/include/torch/data/dataloader) by extensions ['ignore', 'ignore_ament_install']
[0.397s] Level 1:colcon.colcon_core.package_identification:_identify(libtorch/include/torch/csrc/api/include/torch/data/dataloader) by extension 'ignore'
[0.397s] Level 1:colcon.colcon_core.package_identification:_identify(libtorch/include/torch/csrc/api/include/torch/data/dataloader) by extension 'ignore_ament_install'
[0.397s] Level 1:colcon.colcon_core.package_identification:_identify(libtorch/include/torch/csrc/api/include/torch/data/dataloader) by extensions ['colcon_pkg']
[0.397s] Level 1:colcon.colcon_core.package_identification:_identify(libtorch/include/torch/csrc/api/include/torch/data/dataloader) by extension 'colcon_pkg'
[0.397s] Level 1:colcon.colcon_core.package_identification:_identify(libtorch/include/torch/csrc/api/include/torch/data/dataloader) by extensions ['colcon_meta']
[0.397s] Level 1:colcon.colcon_core.package_identification:_identify(libtorch/include/torch/csrc/api/include/torch/data/dataloader) by extension 'colcon_meta'
[0.398s] Level 1:colcon.colcon_core.package_identification:_identify(libtorch/include/torch/csrc/api/include/torch/data/dataloader) by extensions ['ros']
[0.398s] Level 1:colcon.colcon_core.package_identification:_identify(libtorch/include/torch/csrc/api/include/torch/data/dataloader) by extension 'ros'
[0.398s] Level 1:colcon.colcon_core.package_identification:_identify(libtorch/include/torch/csrc/api/include/torch/data/dataloader) by extensions ['cmake', 'python']
[0.398s] Level 1:colcon.colcon_core.package_identification:_identify(libtorch/include/torch/csrc/api/include/torch/data/dataloader) by extension 'cmake'
[0.398s] Level 1:colcon.colcon_core.package_identification:_identify(libtorch/include/torch/csrc/api/include/torch/data/dataloader) by extension 'python'
[0.398s] Level 1:colcon.colcon_core.package_identification:_identify(libtorch/include/torch/csrc/api/include/torch/data/dataloader) by extensions ['python_setup_py']
[0.398s] Level 1:colcon.colcon_core.package_identification:_identify(libtorch/include/torch/csrc/api/include/torch/data/dataloader) by extension 'python_setup_py'
[0.398s] Level 1:colcon.colcon_core.package_identification:_identify(libtorch/include/torch/csrc/api/include/torch/data/datasets) by extensions ['ignore', 'ignore_ament_install']
[0.398s] Level 1:colcon.colcon_core.package_identification:_identify(libtorch/include/torch/csrc/api/include/torch/data/datasets) by extension 'ignore'
[0.398s] Level 1:colcon.colcon_core.package_identification:_identify(libtorch/include/torch/csrc/api/include/torch/data/datasets) by extension 'ignore_ament_install'
[0.398s] Level 1:colcon.colcon_core.package_identification:_identify(libtorch/include/torch/csrc/api/include/torch/data/datasets) by extensions ['colcon_pkg']
[0.398s] Level 1:colcon.colcon_core.package_identification:_identify(libtorch/include/torch/csrc/api/include/torch/data/datasets) by extension 'colcon_pkg'
[0.398s] Level 1:colcon.colcon_core.package_identification:_identify(libtorch/include/torch/csrc/api/include/torch/data/datasets) by extensions ['colcon_meta']
[0.398s] Level 1:colcon.colcon_core.package_identification:_identify(libtorch/include/torch/csrc/api/include/torch/data/datasets) by extension 'colcon_meta'
[0.398s] Level 1:colcon.colcon_core.package_identification:_identify(libtorch/include/torch/csrc/api/include/torch/data/datasets) by extensions ['ros']
[0.398s] Level 1:colcon.colcon_core.package_identification:_identify(libtorch/include/torch/csrc/api/include/torch/data/datasets) by extension 'ros'
[0.398s] Level 1:colcon.colcon_core.package_identification:_identify(libtorch/include/torch/csrc/api/include/torch/data/datasets) by extensions ['cmake', 'python']
[0.399s] Level 1:colcon.colcon_core.package_identification:_identify(libtorch/include/torch/csrc/api/include/torch/data/datasets) by extension 'cmake'
[0.399s] Level 1:colcon.colcon_core.package_identification:_identify(libtorch/include/torch/csrc/api/include/torch/data/datasets) by extension 'python'
[0.399s] Level 1:colcon.colcon_core.package_identification:_identify(libtorch/include/torch/csrc/api/include/torch/data/datasets) by extensions ['python_setup_py']
[0.399s] Level 1:colcon.colcon_core.package_identification:_identify(libtorch/include/torch/csrc/api/include/torch/data/datasets) by extension 'python_setup_py'
[0.399s] Level 1:colcon.colcon_core.package_identification:_identify(libtorch/include/torch/csrc/api/include/torch/data/detail) by extensions ['ignore', 'ignore_ament_install']
[0.399s] Level 1:colcon.colcon_core.package_identification:_identify(libtorch/include/torch/csrc/api/include/torch/data/detail) by extension 'ignore'
[0.399s] Level 1:colcon.colcon_core.package_identification:_identify(libtorch/include/torch/csrc/api/include/torch/data/detail) by extension 'ignore_ament_install'
[0.399s] Level 1:colcon.colcon_core.package_identification:_identify(libtorch/include/torch/csrc/api/include/torch/data/detail) by extensions ['colcon_pkg']
[0.399s] Level 1:colcon.colcon_core.package_identification:_identify(libtorch/include/torch/csrc/api/include/torch/data/detail) by extension 'colcon_pkg'
[0.399s] Level 1:colcon.colcon_core.package_identification:_identify(libtorch/include/torch/csrc/api/include/torch/data/detail) by extensions ['colcon_meta']
[0.399s] Level 1:colcon.colcon_core.package_identification:_identify(libtorch/include/torch/csrc/api/include/torch/data/detail) by extension 'colcon_meta'
[0.399s] Level 1:colcon.colcon_core.package_identification:_identify(libtorch/include/torch/csrc/api/include/torch/data/detail) by extensions ['ros']
[0.399s] Level 1:colcon.colcon_core.package_identification:_identify(libtorch/include/torch/csrc/api/include/torch/data/detail) by extension 'ros'
[0.399s] Level 1:colcon.colcon_core.package_identification:_identify(libtorch/include/torch/csrc/api/include/torch/data/detail) by extensions ['cmake', 'python']
[0.399s] Level 1:colcon.colcon_core.package_identification:_identify(libtorch/include/torch/csrc/api/include/torch/data/detail) by extension 'cmake'
[0.399s] Level 1:colcon.colcon_core.package_identification:_identify(libtorch/include/torch/csrc/api/include/torch/data/detail) by extension 'python'
[0.399s] Level 1:colcon.colcon_core.package_identification:_identify(libtorch/include/torch/csrc/api/include/torch/data/detail) by extensions ['python_setup_py']
[0.399s] Level 1:colcon.colcon_core.package_identification:_identify(libtorch/include/torch/csrc/api/include/torch/data/detail) by extension 'python_setup_py'
[0.400s] Level 1:colcon.colcon_core.package_identification:_identify(libtorch/include/torch/csrc/api/include/torch/data/samplers) by extensions ['ignore', 'ignore_ament_install']
[0.400s] Level 1:colcon.colcon_core.package_identification:_identify(libtorch/include/torch/csrc/api/include/torch/data/samplers) by extension 'ignore'
[0.400s] Level 1:colcon.colcon_core.package_identification:_identify(libtorch/include/torch/csrc/api/include/torch/data/samplers) by extension 'ignore_ament_install'
[0.400s] Level 1:colcon.colcon_core.package_identification:_identify(libtorch/include/torch/csrc/api/include/torch/data/samplers) by extensions ['colcon_pkg']
[0.400s] Level 1:colcon.colcon_core.package_identification:_identify(libtorch/include/torch/csrc/api/include/torch/data/samplers) by extension 'colcon_pkg'
[0.400s] Level 1:colcon.colcon_core.package_identification:_identify(libtorch/include/torch/csrc/api/include/torch/data/samplers) by extensions ['colcon_meta']
[0.400s] Level 1:colcon.colcon_core.package_identification:_identify(libtorch/include/torch/csrc/api/include/torch/data/samplers) by extension 'colcon_meta'
[0.400s] Level 1:colcon.colcon_core.package_identification:_identify(libtorch/include/torch/csrc/api/include/torch/data/samplers) by extensions ['ros']
[0.400s] Level 1:colcon.colcon_core.package_identification:_identify(libtorch/include/torch/csrc/api/include/torch/data/samplers) by extension 'ros'
[0.400s] Level 1:colcon.colcon_core.package_identification:_identify(libtorch/include/torch/csrc/api/include/torch/data/samplers) by extensions ['cmake', 'python']
[0.400s] Level 1:colcon.colcon_core.package_identification:_identify(libtorch/include/torch/csrc/api/include/torch/data/samplers) by extension 'cmake'
[0.400s] Level 1:colcon.colcon_core.package_identification:_identify(libtorch/include/torch/csrc/api/include/torch/data/samplers) by extension 'python'
[0.400s] Level 1:colcon.colcon_core.package_identification:_identify(libtorch/include/torch/csrc/api/include/torch/data/samplers) by extensions ['python_setup_py']
[0.400s] Level 1:colcon.colcon_core.package_identification:_identify(libtorch/include/torch/csrc/api/include/torch/data/samplers) by extension 'python_setup_py'
[0.400s] Level 1:colcon.colcon_core.package_identification:_identify(libtorch/include/torch/csrc/api/include/torch/data/transforms) by extensions ['ignore', 'ignore_ament_install']
[0.401s] Level 1:colcon.colcon_core.package_identification:_identify(libtorch/include/torch/csrc/api/include/torch/data/transforms) by extension 'ignore'
[0.401s] Level 1:colcon.colcon_core.package_identification:_identify(libtorch/include/torch/csrc/api/include/torch/data/transforms) by extension 'ignore_ament_install'
[0.401s] Level 1:colcon.colcon_core.package_identification:_identify(libtorch/include/torch/csrc/api/include/torch/data/transforms) by extensions ['colcon_pkg']
[0.401s] Level 1:colcon.colcon_core.package_identification:_identify(libtorch/include/torch/csrc/api/include/torch/data/transforms) by extension 'colcon_pkg'
[0.401s] Level 1:colcon.colcon_core.package_identification:_identify(libtorch/include/torch/csrc/api/include/torch/data/transforms) by extensions ['colcon_meta']
[0.401s] Level 1:colcon.colcon_core.package_identification:_identify(libtorch/include/torch/csrc/api/include/torch/data/transforms) by extension 'colcon_meta'
[0.401s] Level 1:colcon.colcon_core.package_identification:_identify(libtorch/include/torch/csrc/api/include/torch/data/transforms) by extensions ['ros']
[0.401s] Level 1:colcon.colcon_core.package_identification:_identify(libtorch/include/torch/csrc/api/include/torch/data/transforms) by extension 'ros'
[0.401s] Level 1:colcon.colcon_core.package_identification:_identify(libtorch/include/torch/csrc/api/include/torch/data/transforms) by extensions ['cmake', 'python']
[0.401s] Level 1:colcon.colcon_core.package_identification:_identify(libtorch/include/torch/csrc/api/include/torch/data/transforms) by extension 'cmake'
[0.401s] Level 1:colcon.colcon_core.package_identification:_identify(libtorch/include/torch/csrc/api/include/torch/data/transforms) by extension 'python'
[0.401s] Level 1:colcon.colcon_core.package_identification:_identify(libtorch/include/torch/csrc/api/include/torch/data/transforms) by extensions ['python_setup_py']
[0.401s] Level 1:colcon.colcon_core.package_identification:_identify(libtorch/include/torch/csrc/api/include/torch/data/transforms) by extension 'python_setup_py'
[0.401s] Level 1:colcon.colcon_core.package_identification:_identify(libtorch/include/torch/csrc/api/include/torch/detail) by extensions ['ignore', 'ignore_ament_install']
[0.401s] Level 1:colcon.colcon_core.package_identification:_identify(libtorch/include/torch/csrc/api/include/torch/detail) by extension 'ignore'
[0.401s] Level 1:colcon.colcon_core.package_identification:_identify(libtorch/include/torch/csrc/api/include/torch/detail) by extension 'ignore_ament_install'
[0.401s] Level 1:colcon.colcon_core.package_identification:_identify(libtorch/include/torch/csrc/api/include/torch/detail) by extensions ['colcon_pkg']
[0.401s] Level 1:colcon.colcon_core.package_identification:_identify(libtorch/include/torch/csrc/api/include/torch/detail) by extension 'colcon_pkg'
[0.402s] Level 1:colcon.colcon_core.package_identification:_identify(libtorch/include/torch/csrc/api/include/torch/detail) by extensions ['colcon_meta']
[0.402s] Level 1:colcon.colcon_core.package_identification:_identify(libtorch/include/torch/csrc/api/include/torch/detail) by extension 'colcon_meta'
[0.402s] Level 1:colcon.colcon_core.package_identification:_identify(libtorch/include/torch/csrc/api/include/torch/detail) by extensions ['ros']
[0.402s] Level 1:colcon.colcon_core.package_identification:_identify(libtorch/include/torch/csrc/api/include/torch/detail) by extension 'ros'
[0.402s] Level 1:colcon.colcon_core.package_identification:_identify(libtorch/include/torch/csrc/api/include/torch/detail) by extensions ['cmake', 'python']
[0.402s] Level 1:colcon.colcon_core.package_identification:_identify(libtorch/include/torch/csrc/api/include/torch/detail) by extension 'cmake'
[0.402s] Level 1:colcon.colcon_core.package_identification:_identify(libtorch/include/torch/csrc/api/include/torch/detail) by extension 'python'
[0.402s] Level 1:colcon.colcon_core.package_identification:_identify(libtorch/include/torch/csrc/api/include/torch/detail) by extensions ['python_setup_py']
[0.402s] Level 1:colcon.colcon_core.package_identification:_identify(libtorch/include/torch/csrc/api/include/torch/detail) by extension 'python_setup_py'
[0.402s] Level 1:colcon.colcon_core.package_identification:_identify(libtorch/include/torch/csrc/api/include/torch/nn) by extensions ['ignore', 'ignore_ament_install']
[0.402s] Level 1:colcon.colcon_core.package_identification:_identify(libtorch/include/torch/csrc/api/include/torch/nn) by extension 'ignore'
[0.402s] Level 1:colcon.colcon_core.package_identification:_identify(libtorch/include/torch/csrc/api/include/torch/nn) by extension 'ignore_ament_install'
[0.402s] Level 1:colcon.colcon_core.package_identification:_identify(libtorch/include/torch/csrc/api/include/torch/nn) by extensions ['colcon_pkg']
[0.402s] Level 1:colcon.colcon_core.package_identification:_identify(libtorch/include/torch/csrc/api/include/torch/nn) by extension 'colcon_pkg'
[0.402s] Level 1:colcon.colcon_core.package_identification:_identify(libtorch/include/torch/csrc/api/include/torch/nn) by extensions ['colcon_meta']
[0.402s] Level 1:colcon.colcon_core.package_identification:_identify(libtorch/include/torch/csrc/api/include/torch/nn) by extension 'colcon_meta'
[0.402s] Level 1:colcon.colcon_core.package_identification:_identify(libtorch/include/torch/csrc/api/include/torch/nn) by extensions ['ros']
[0.402s] Level 1:colcon.colcon_core.package_identification:_identify(libtorch/include/torch/csrc/api/include/torch/nn) by extension 'ros'
[0.403s] Level 1:colcon.colcon_core.package_identification:_identify(libtorch/include/torch/csrc/api/include/torch/nn) by extensions ['cmake', 'python']
[0.403s] Level 1:colcon.colcon_core.package_identification:_identify(libtorch/include/torch/csrc/api/include/torch/nn) by extension 'cmake'
[0.403s] Level 1:colcon.colcon_core.package_identification:_identify(libtorch/include/torch/csrc/api/include/torch/nn) by extension 'python'
[0.403s] Level 1:colcon.colcon_core.package_identification:_identify(libtorch/include/torch/csrc/api/include/torch/nn) by extensions ['python_setup_py']
[0.403s] Level 1:colcon.colcon_core.package_identification:_identify(libtorch/include/torch/csrc/api/include/torch/nn) by extension 'python_setup_py'
[0.403s] Level 1:colcon.colcon_core.package_identification:_identify(libtorch/include/torch/csrc/api/include/torch/nn/functional) by extensions ['ignore', 'ignore_ament_install']
[0.403s] Level 1:colcon.colcon_core.package_identification:_identify(libtorch/include/torch/csrc/api/include/torch/nn/functional) by extension 'ignore'
[0.403s] Level 1:colcon.colcon_core.package_identification:_identify(libtorch/include/torch/csrc/api/include/torch/nn/functional) by extension 'ignore_ament_install'
[0.403s] Level 1:colcon.colcon_core.package_identification:_identify(libtorch/include/torch/csrc/api/include/torch/nn/functional) by extensions ['colcon_pkg']
[0.403s] Level 1:colcon.colcon_core.package_identification:_identify(libtorch/include/torch/csrc/api/include/torch/nn/functional) by extension 'colcon_pkg'
[0.403s] Level 1:colcon.colcon_core.package_identification:_identify(libtorch/include/torch/csrc/api/include/torch/nn/functional) by extensions ['colcon_meta']
[0.403s] Level 1:colcon.colcon_core.package_identification:_identify(libtorch/include/torch/csrc/api/include/torch/nn/functional) by extension 'colcon_meta'
[0.403s] Level 1:colcon.colcon_core.package_identification:_identify(libtorch/include/torch/csrc/api/include/torch/nn/functional) by extensions ['ros']
[0.403s] Level 1:colcon.colcon_core.package_identification:_identify(libtorch/include/torch/csrc/api/include/torch/nn/functional) by extension 'ros'
[0.403s] Level 1:colcon.colcon_core.package_identification:_identify(libtorch/include/torch/csrc/api/include/torch/nn/functional) by extensions ['cmake', 'python']
[0.403s] Level 1:colcon.colcon_core.package_identification:_identify(libtorch/include/torch/csrc/api/include/torch/nn/functional) by extension 'cmake'
[0.403s] Level 1:colcon.colcon_core.package_identification:_identify(libtorch/include/torch/csrc/api/include/torch/nn/functional) by extension 'python'
[0.403s] Level 1:colcon.colcon_core.package_identification:_identify(libtorch/include/torch/csrc/api/include/torch/nn/functional) by extensions ['python_setup_py']
[0.404s] Level 1:colcon.colcon_core.package_identification:_identify(libtorch/include/torch/csrc/api/include/torch/nn/functional) by extension 'python_setup_py'
[0.404s] Level 1:colcon.colcon_core.package_identification:_identify(libtorch/include/torch/csrc/api/include/torch/nn/modules) by extensions ['ignore', 'ignore_ament_install']
[0.404s] Level 1:colcon.colcon_core.package_identification:_identify(libtorch/include/torch/csrc/api/include/torch/nn/modules) by extension 'ignore'
[0.404s] Level 1:colcon.colcon_core.package_identification:_identify(libtorch/include/torch/csrc/api/include/torch/nn/modules) by extension 'ignore_ament_install'
[0.404s] Level 1:colcon.colcon_core.package_identification:_identify(libtorch/include/torch/csrc/api/include/torch/nn/modules) by extensions ['colcon_pkg']
[0.404s] Level 1:colcon.colcon_core.package_identification:_identify(libtorch/include/torch/csrc/api/include/torch/nn/modules) by extension 'colcon_pkg'
[0.404s] Level 1:colcon.colcon_core.package_identification:_identify(libtorch/include/torch/csrc/api/include/torch/nn/modules) by extensions ['colcon_meta']
[0.404s] Level 1:colcon.colcon_core.package_identification:_identify(libtorch/include/torch/csrc/api/include/torch/nn/modules) by extension 'colcon_meta'
[0.404s] Level 1:colcon.colcon_core.package_identification:_identify(libtorch/include/torch/csrc/api/include/torch/nn/modules) by extensions ['ros']
[0.404s] Level 1:colcon.colcon_core.package_identification:_identify(libtorch/include/torch/csrc/api/include/torch/nn/modules) by extension 'ros'
[0.404s] Level 1:colcon.colcon_core.package_identification:_identify(libtorch/include/torch/csrc/api/include/torch/nn/modules) by extensions ['cmake', 'python']
[0.404s] Level 1:colcon.colcon_core.package_identification:_identify(libtorch/include/torch/csrc/api/include/torch/nn/modules) by extension 'cmake'
[0.404s] Level 1:colcon.colcon_core.package_identification:_identify(libtorch/include/torch/csrc/api/include/torch/nn/modules) by extension 'python'
[0.404s] Level 1:colcon.colcon_core.package_identification:_identify(libtorch/include/torch/csrc/api/include/torch/nn/modules) by extensions ['python_setup_py']
[0.404s] Level 1:colcon.colcon_core.package_identification:_identify(libtorch/include/torch/csrc/api/include/torch/nn/modules) by extension 'python_setup_py'
[0.405s] Level 1:colcon.colcon_core.package_identification:_identify(libtorch/include/torch/csrc/api/include/torch/nn/modules/container) by extensions ['ignore', 'ignore_ament_install']
[0.405s] Level 1:colcon.colcon_core.package_identification:_identify(libtorch/include/torch/csrc/api/include/torch/nn/modules/container) by extension 'ignore'
[0.405s] Level 1:colcon.colcon_core.package_identification:_identify(libtorch/include/torch/csrc/api/include/torch/nn/modules/container) by extension 'ignore_ament_install'
[0.405s] Level 1:colcon.colcon_core.package_identification:_identify(libtorch/include/torch/csrc/api/include/torch/nn/modules/container) by extensions ['colcon_pkg']
[0.405s] Level 1:colcon.colcon_core.package_identification:_identify(libtorch/include/torch/csrc/api/include/torch/nn/modules/container) by extension 'colcon_pkg'
[0.405s] Level 1:colcon.colcon_core.package_identification:_identify(libtorch/include/torch/csrc/api/include/torch/nn/modules/container) by extensions ['colcon_meta']
[0.405s] Level 1:colcon.colcon_core.package_identification:_identify(libtorch/include/torch/csrc/api/include/torch/nn/modules/container) by extension 'colcon_meta'
[0.405s] Level 1:colcon.colcon_core.package_identification:_identify(libtorch/include/torch/csrc/api/include/torch/nn/modules/container) by extensions ['ros']
[0.405s] Level 1:colcon.colcon_core.package_identification:_identify(libtorch/include/torch/csrc/api/include/torch/nn/modules/container) by extension 'ros'
[0.405s] Level 1:colcon.colcon_core.package_identification:_identify(libtorch/include/torch/csrc/api/include/torch/nn/modules/container) by extensions ['cmake', 'python']
[0.405s] Level 1:colcon.colcon_core.package_identification:_identify(libtorch/include/torch/csrc/api/include/torch/nn/modules/container) by extension 'cmake'
[0.405s] Level 1:colcon.colcon_core.package_identification:_identify(libtorch/include/torch/csrc/api/include/torch/nn/modules/container) by extension 'python'
[0.405s] Level 1:colcon.colcon_core.package_identification:_identify(libtorch/include/torch/csrc/api/include/torch/nn/modules/container) by extensions ['python_setup_py']
[0.405s] Level 1:colcon.colcon_core.package_identification:_identify(libtorch/include/torch/csrc/api/include/torch/nn/modules/container) by extension 'python_setup_py'
[0.405s] Level 1:colcon.colcon_core.package_identification:_identify(libtorch/include/torch/csrc/api/include/torch/nn/options) by extensions ['ignore', 'ignore_ament_install']
[0.405s] Level 1:colcon.colcon_core.package_identification:_identify(libtorch/include/torch/csrc/api/include/torch/nn/options) by extension 'ignore'
[0.406s] Level 1:colcon.colcon_core.package_identification:_identify(libtorch/include/torch/csrc/api/include/torch/nn/options) by extension 'ignore_ament_install'
[0.406s] Level 1:colcon.colcon_core.package_identification:_identify(libtorch/include/torch/csrc/api/include/torch/nn/options) by extensions ['colcon_pkg']
[0.406s] Level 1:colcon.colcon_core.package_identification:_identify(libtorch/include/torch/csrc/api/include/torch/nn/options) by extension 'colcon_pkg'
[0.406s] Level 1:colcon.colcon_core.package_identification:_identify(libtorch/include/torch/csrc/api/include/torch/nn/options) by extensions ['colcon_meta']
[0.406s] Level 1:colcon.colcon_core.package_identification:_identify(libtorch/include/torch/csrc/api/include/torch/nn/options) by extension 'colcon_meta'
[0.406s] Level 1:colcon.colcon_core.package_identification:_identify(libtorch/include/torch/csrc/api/include/torch/nn/options) by extensions ['ros']
[0.406s] Level 1:colcon.colcon_core.package_identification:_identify(libtorch/include/torch/csrc/api/include/torch/nn/options) by extension 'ros'
[0.406s] Level 1:colcon.colcon_core.package_identification:_identify(libtorch/include/torch/csrc/api/include/torch/nn/options) by extensions ['cmake', 'python']
[0.406s] Level 1:colcon.colcon_core.package_identification:_identify(libtorch/include/torch/csrc/api/include/torch/nn/options) by extension 'cmake'
[0.406s] Level 1:colcon.colcon_core.package_identification:_identify(libtorch/include/torch/csrc/api/include/torch/nn/options) by extension 'python'
[0.406s] Level 1:colcon.colcon_core.package_identification:_identify(libtorch/include/torch/csrc/api/include/torch/nn/options) by extensions ['python_setup_py']
[0.406s] Level 1:colcon.colcon_core.package_identification:_identify(libtorch/include/torch/csrc/api/include/torch/nn/options) by extension 'python_setup_py'
[0.406s] Level 1:colcon.colcon_core.package_identification:_identify(libtorch/include/torch/csrc/api/include/torch/nn/parallel) by extensions ['ignore', 'ignore_ament_install']
[0.406s] Level 1:colcon.colcon_core.package_identification:_identify(libtorch/include/torch/csrc/api/include/torch/nn/parallel) by extension 'ignore'
[0.406s] Level 1:colcon.colcon_core.package_identification:_identify(libtorch/include/torch/csrc/api/include/torch/nn/parallel) by extension 'ignore_ament_install'
[0.406s] Level 1:colcon.colcon_core.package_identification:_identify(libtorch/include/torch/csrc/api/include/torch/nn/parallel) by extensions ['colcon_pkg']
[0.406s] Level 1:colcon.colcon_core.package_identification:_identify(libtorch/include/torch/csrc/api/include/torch/nn/parallel) by extension 'colcon_pkg'
[0.406s] Level 1:colcon.colcon_core.package_identification:_identify(libtorch/include/torch/csrc/api/include/torch/nn/parallel) by extensions ['colcon_meta']
[0.406s] Level 1:colcon.colcon_core.package_identification:_identify(libtorch/include/torch/csrc/api/include/torch/nn/parallel) by extension 'colcon_meta'
[0.407s] Level 1:colcon.colcon_core.package_identification:_identify(libtorch/include/torch/csrc/api/include/torch/nn/parallel) by extensions ['ros']
[0.407s] Level 1:colcon.colcon_core.package_identification:_identify(libtorch/include/torch/csrc/api/include/torch/nn/parallel) by extension 'ros'
[0.407s] Level 1:colcon.colcon_core.package_identification:_identify(libtorch/include/torch/csrc/api/include/torch/nn/parallel) by extensions ['cmake', 'python']
[0.407s] Level 1:colcon.colcon_core.package_identification:_identify(libtorch/include/torch/csrc/api/include/torch/nn/parallel) by extension 'cmake'
[0.407s] Level 1:colcon.colcon_core.package_identification:_identify(libtorch/include/torch/csrc/api/include/torch/nn/parallel) by extension 'python'
[0.407s] Level 1:colcon.colcon_core.package_identification:_identify(libtorch/include/torch/csrc/api/include/torch/nn/parallel) by extensions ['python_setup_py']
[0.407s] Level 1:colcon.colcon_core.package_identification:_identify(libtorch/include/torch/csrc/api/include/torch/nn/parallel) by extension 'python_setup_py'
[0.407s] Level 1:colcon.colcon_core.package_identification:_identify(libtorch/include/torch/csrc/api/include/torch/nn/utils) by extensions ['ignore', 'ignore_ament_install']
[0.407s] Level 1:colcon.colcon_core.package_identification:_identify(libtorch/include/torch/csrc/api/include/torch/nn/utils) by extension 'ignore'
[0.407s] Level 1:colcon.colcon_core.package_identification:_identify(libtorch/include/torch/csrc/api/include/torch/nn/utils) by extension 'ignore_ament_install'
[0.407s] Level 1:colcon.colcon_core.package_identification:_identify(libtorch/include/torch/csrc/api/include/torch/nn/utils) by extensions ['colcon_pkg']
[0.407s] Level 1:colcon.colcon_core.package_identification:_identify(libtorch/include/torch/csrc/api/include/torch/nn/utils) by extension 'colcon_pkg'
[0.407s] Level 1:colcon.colcon_core.package_identification:_identify(libtorch/include/torch/csrc/api/include/torch/nn/utils) by extensions ['colcon_meta']
[0.407s] Level 1:colcon.colcon_core.package_identification:_identify(libtorch/include/torch/csrc/api/include/torch/nn/utils) by extension 'colcon_meta'
[0.407s] Level 1:colcon.colcon_core.package_identification:_identify(libtorch/include/torch/csrc/api/include/torch/nn/utils) by extensions ['ros']
[0.407s] Level 1:colcon.colcon_core.package_identification:_identify(libtorch/include/torch/csrc/api/include/torch/nn/utils) by extension 'ros'
[0.407s] Level 1:colcon.colcon_core.package_identification:_identify(libtorch/include/torch/csrc/api/include/torch/nn/utils) by extensions ['cmake', 'python']
[0.407s] Level 1:colcon.colcon_core.package_identification:_identify(libtorch/include/torch/csrc/api/include/torch/nn/utils) by extension 'cmake'
[0.408s] Level 1:colcon.colcon_core.package_identification:_identify(libtorch/include/torch/csrc/api/include/torch/nn/utils) by extension 'python'
[0.408s] Level 1:colcon.colcon_core.package_identification:_identify(libtorch/include/torch/csrc/api/include/torch/nn/utils) by extensions ['python_setup_py']
[0.408s] Level 1:colcon.colcon_core.package_identification:_identify(libtorch/include/torch/csrc/api/include/torch/nn/utils) by extension 'python_setup_py'
[0.408s] Level 1:colcon.colcon_core.package_identification:_identify(libtorch/include/torch/csrc/api/include/torch/optim) by extensions ['ignore', 'ignore_ament_install']
[0.408s] Level 1:colcon.colcon_core.package_identification:_identify(libtorch/include/torch/csrc/api/include/torch/optim) by extension 'ignore'
[0.408s] Level 1:colcon.colcon_core.package_identification:_identify(libtorch/include/torch/csrc/api/include/torch/optim) by extension 'ignore_ament_install'
[0.408s] Level 1:colcon.colcon_core.package_identification:_identify(libtorch/include/torch/csrc/api/include/torch/optim) by extensions ['colcon_pkg']
[0.408s] Level 1:colcon.colcon_core.package_identification:_identify(libtorch/include/torch/csrc/api/include/torch/optim) by extension 'colcon_pkg'
[0.408s] Level 1:colcon.colcon_core.package_identification:_identify(libtorch/include/torch/csrc/api/include/torch/optim) by extensions ['colcon_meta']
[0.408s] Level 1:colcon.colcon_core.package_identification:_identify(libtorch/include/torch/csrc/api/include/torch/optim) by extension 'colcon_meta'
[0.408s] Level 1:colcon.colcon_core.package_identification:_identify(libtorch/include/torch/csrc/api/include/torch/optim) by extensions ['ros']
[0.408s] Level 1:colcon.colcon_core.package_identification:_identify(libtorch/include/torch/csrc/api/include/torch/optim) by extension 'ros'
[0.408s] Level 1:colcon.colcon_core.package_identification:_identify(libtorch/include/torch/csrc/api/include/torch/optim) by extensions ['cmake', 'python']
[0.408s] Level 1:colcon.colcon_core.package_identification:_identify(libtorch/include/torch/csrc/api/include/torch/optim) by extension 'cmake'
[0.408s] Level 1:colcon.colcon_core.package_identification:_identify(libtorch/include/torch/csrc/api/include/torch/optim) by extension 'python'
[0.408s] Level 1:colcon.colcon_core.package_identification:_identify(libtorch/include/torch/csrc/api/include/torch/optim) by extensions ['python_setup_py']
[0.408s] Level 1:colcon.colcon_core.package_identification:_identify(libtorch/include/torch/csrc/api/include/torch/optim) by extension 'python_setup_py'
[0.409s] Level 1:colcon.colcon_core.package_identification:_identify(libtorch/include/torch/csrc/api/include/torch/optim/schedulers) by extensions ['ignore', 'ignore_ament_install']
[0.409s] Level 1:colcon.colcon_core.package_identification:_identify(libtorch/include/torch/csrc/api/include/torch/optim/schedulers) by extension 'ignore'
[0.409s] Level 1:colcon.colcon_core.package_identification:_identify(libtorch/include/torch/csrc/api/include/torch/optim/schedulers) by extension 'ignore_ament_install'
[0.409s] Level 1:colcon.colcon_core.package_identification:_identify(libtorch/include/torch/csrc/api/include/torch/optim/schedulers) by extensions ['colcon_pkg']
[0.409s] Level 1:colcon.colcon_core.package_identification:_identify(libtorch/include/torch/csrc/api/include/torch/optim/schedulers) by extension 'colcon_pkg'
[0.409s] Level 1:colcon.colcon_core.package_identification:_identify(libtorch/include/torch/csrc/api/include/torch/optim/schedulers) by extensions ['colcon_meta']
[0.409s] Level 1:colcon.colcon_core.package_identification:_identify(libtorch/include/torch/csrc/api/include/torch/optim/schedulers) by extension 'colcon_meta'
[0.409s] Level 1:colcon.colcon_core.package_identification:_identify(libtorch/include/torch/csrc/api/include/torch/optim/schedulers) by extensions ['ros']
[0.409s] Level 1:colcon.colcon_core.package_identification:_identify(libtorch/include/torch/csrc/api/include/torch/optim/schedulers) by extension 'ros'
[0.409s] Level 1:colcon.colcon_core.package_identification:_identify(libtorch/include/torch/csrc/api/include/torch/optim/schedulers) by extensions ['cmake', 'python']
[0.409s] Level 1:colcon.colcon_core.package_identification:_identify(libtorch/include/torch/csrc/api/include/torch/optim/schedulers) by extension 'cmake'
[0.409s] Level 1:colcon.colcon_core.package_identification:_identify(libtorch/include/torch/csrc/api/include/torch/optim/schedulers) by extension 'python'
[0.409s] Level 1:colcon.colcon_core.package_identification:_identify(libtorch/include/torch/csrc/api/include/torch/optim/schedulers) by extensions ['python_setup_py']
[0.409s] Level 1:colcon.colcon_core.package_identification:_identify(libtorch/include/torch/csrc/api/include/torch/optim/schedulers) by extension 'python_setup_py'
[0.409s] Level 1:colcon.colcon_core.package_identification:_identify(libtorch/include/torch/csrc/api/include/torch/serialize) by extensions ['ignore', 'ignore_ament_install']
[0.409s] Level 1:colcon.colcon_core.package_identification:_identify(libtorch/include/torch/csrc/api/include/torch/serialize) by extension 'ignore'
[0.409s] Level 1:colcon.colcon_core.package_identification:_identify(libtorch/include/torch/csrc/api/include/torch/serialize) by extension 'ignore_ament_install'
[0.410s] Level 1:colcon.colcon_core.package_identification:_identify(libtorch/include/torch/csrc/api/include/torch/serialize) by extensions ['colcon_pkg']
[0.410s] Level 1:colcon.colcon_core.package_identification:_identify(libtorch/include/torch/csrc/api/include/torch/serialize) by extension 'colcon_pkg'
[0.410s] Level 1:colcon.colcon_core.package_identification:_identify(libtorch/include/torch/csrc/api/include/torch/serialize) by extensions ['colcon_meta']
[0.410s] Level 1:colcon.colcon_core.package_identification:_identify(libtorch/include/torch/csrc/api/include/torch/serialize) by extension 'colcon_meta'
[0.410s] Level 1:colcon.colcon_core.package_identification:_identify(libtorch/include/torch/csrc/api/include/torch/serialize) by extensions ['ros']
[0.410s] Level 1:colcon.colcon_core.package_identification:_identify(libtorch/include/torch/csrc/api/include/torch/serialize) by extension 'ros'
[0.410s] Level 1:colcon.colcon_core.package_identification:_identify(libtorch/include/torch/csrc/api/include/torch/serialize) by extensions ['cmake', 'python']
[0.410s] Level 1:colcon.colcon_core.package_identification:_identify(libtorch/include/torch/csrc/api/include/torch/serialize) by extension 'cmake'
[0.410s] Level 1:colcon.colcon_core.package_identification:_identify(libtorch/include/torch/csrc/api/include/torch/serialize) by extension 'python'
[0.410s] Level 1:colcon.colcon_core.package_identification:_identify(libtorch/include/torch/csrc/api/include/torch/serialize) by extensions ['python_setup_py']
[0.410s] Level 1:colcon.colcon_core.package_identification:_identify(libtorch/include/torch/csrc/api/include/torch/serialize) by extension 'python_setup_py'
[0.410s] Level 1:colcon.colcon_core.package_identification:_identify(libtorch/include/torch/csrc/autograd) by extensions ['ignore', 'ignore_ament_install']
[0.410s] Level 1:colcon.colcon_core.package_identification:_identify(libtorch/include/torch/csrc/autograd) by extension 'ignore'
[0.410s] Level 1:colcon.colcon_core.package_identification:_identify(libtorch/include/torch/csrc/autograd) by extension 'ignore_ament_install'
[0.410s] Level 1:colcon.colcon_core.package_identification:_identify(libtorch/include/torch/csrc/autograd) by extensions ['colcon_pkg']
[0.410s] Level 1:colcon.colcon_core.package_identification:_identify(libtorch/include/torch/csrc/autograd) by extension 'colcon_pkg'
[0.410s] Level 1:colcon.colcon_core.package_identification:_identify(libtorch/include/torch/csrc/autograd) by extensions ['colcon_meta']
[0.410s] Level 1:colcon.colcon_core.package_identification:_identify(libtorch/include/torch/csrc/autograd) by extension 'colcon_meta'
[0.411s] Level 1:colcon.colcon_core.package_identification:_identify(libtorch/include/torch/csrc/autograd) by extensions ['ros']
[0.411s] Level 1:colcon.colcon_core.package_identification:_identify(libtorch/include/torch/csrc/autograd) by extension 'ros'
[0.411s] Level 1:colcon.colcon_core.package_identification:_identify(libtorch/include/torch/csrc/autograd) by extensions ['cmake', 'python']
[0.411s] Level 1:colcon.colcon_core.package_identification:_identify(libtorch/include/torch/csrc/autograd) by extension 'cmake'
[0.411s] Level 1:colcon.colcon_core.package_identification:_identify(libtorch/include/torch/csrc/autograd) by extension 'python'
[0.411s] Level 1:colcon.colcon_core.package_identification:_identify(libtorch/include/torch/csrc/autograd) by extensions ['python_setup_py']
[0.411s] Level 1:colcon.colcon_core.package_identification:_identify(libtorch/include/torch/csrc/autograd) by extension 'python_setup_py'
[0.411s] Level 1:colcon.colcon_core.package_identification:_identify(libtorch/include/torch/csrc/autograd/functions) by extensions ['ignore', 'ignore_ament_install']
[0.411s] Level 1:colcon.colcon_core.package_identification:_identify(libtorch/include/torch/csrc/autograd/functions) by extension 'ignore'
[0.411s] Level 1:colcon.colcon_core.package_identification:_identify(libtorch/include/torch/csrc/autograd/functions) by extension 'ignore_ament_install'
[0.411s] Level 1:colcon.colcon_core.package_identification:_identify(libtorch/include/torch/csrc/autograd/functions) by extensions ['colcon_pkg']
[0.411s] Level 1:colcon.colcon_core.package_identification:_identify(libtorch/include/torch/csrc/autograd/functions) by extension 'colcon_pkg'
[0.411s] Level 1:colcon.colcon_core.package_identification:_identify(libtorch/include/torch/csrc/autograd/functions) by extensions ['colcon_meta']
[0.411s] Level 1:colcon.colcon_core.package_identification:_identify(libtorch/include/torch/csrc/autograd/functions) by extension 'colcon_meta'
[0.411s] Level 1:colcon.colcon_core.package_identification:_identify(libtorch/include/torch/csrc/autograd/functions) by extensions ['ros']
[0.411s] Level 1:colcon.colcon_core.package_identification:_identify(libtorch/include/torch/csrc/autograd/functions) by extension 'ros'
[0.411s] Level 1:colcon.colcon_core.package_identification:_identify(libtorch/include/torch/csrc/autograd/functions) by extensions ['cmake', 'python']
[0.411s] Level 1:colcon.colcon_core.package_identification:_identify(libtorch/include/torch/csrc/autograd/functions) by extension 'cmake'
[0.411s] Level 1:colcon.colcon_core.package_identification:_identify(libtorch/include/torch/csrc/autograd/functions) by extension 'python'
[0.412s] Level 1:colcon.colcon_core.package_identification:_identify(libtorch/include/torch/csrc/autograd/functions) by extensions ['python_setup_py']
[0.412s] Level 1:colcon.colcon_core.package_identification:_identify(libtorch/include/torch/csrc/autograd/functions) by extension 'python_setup_py'
[0.412s] Level 1:colcon.colcon_core.package_identification:_identify(libtorch/include/torch/csrc/autograd/generated) by extensions ['ignore', 'ignore_ament_install']
[0.412s] Level 1:colcon.colcon_core.package_identification:_identify(libtorch/include/torch/csrc/autograd/generated) by extension 'ignore'
[0.412s] Level 1:colcon.colcon_core.package_identification:_identify(libtorch/include/torch/csrc/autograd/generated) by extension 'ignore_ament_install'
[0.412s] Level 1:colcon.colcon_core.package_identification:_identify(libtorch/include/torch/csrc/autograd/generated) by extensions ['colcon_pkg']
[0.412s] Level 1:colcon.colcon_core.package_identification:_identify(libtorch/include/torch/csrc/autograd/generated) by extension 'colcon_pkg'
[0.412s] Level 1:colcon.colcon_core.package_identification:_identify(libtorch/include/torch/csrc/autograd/generated) by extensions ['colcon_meta']
[0.412s] Level 1:colcon.colcon_core.package_identification:_identify(libtorch/include/torch/csrc/autograd/generated) by extension 'colcon_meta'
[0.412s] Level 1:colcon.colcon_core.package_identification:_identify(libtorch/include/torch/csrc/autograd/generated) by extensions ['ros']
[0.412s] Level 1:colcon.colcon_core.package_identification:_identify(libtorch/include/torch/csrc/autograd/generated) by extension 'ros'
[0.412s] Level 1:colcon.colcon_core.package_identification:_identify(libtorch/include/torch/csrc/autograd/generated) by extensions ['cmake', 'python']
[0.412s] Level 1:colcon.colcon_core.package_identification:_identify(libtorch/include/torch/csrc/autograd/generated) by extension 'cmake'
[0.412s] Level 1:colcon.colcon_core.package_identification:_identify(libtorch/include/torch/csrc/autograd/generated) by extension 'python'
[0.412s] Level 1:colcon.colcon_core.package_identification:_identify(libtorch/include/torch/csrc/autograd/generated) by extensions ['python_setup_py']
[0.412s] Level 1:colcon.colcon_core.package_identification:_identify(libtorch/include/torch/csrc/autograd/generated) by extension 'python_setup_py'
[0.412s] Level 1:colcon.colcon_core.package_identification:_identify(libtorch/include/torch/csrc/autograd/utils) by extensions ['ignore', 'ignore_ament_install']
[0.413s] Level 1:colcon.colcon_core.package_identification:_identify(libtorch/include/torch/csrc/autograd/utils) by extension 'ignore'
[0.413s] Level 1:colcon.colcon_core.package_identification:_identify(libtorch/include/torch/csrc/autograd/utils) by extension 'ignore_ament_install'
[0.413s] Level 1:colcon.colcon_core.package_identification:_identify(libtorch/include/torch/csrc/autograd/utils) by extensions ['colcon_pkg']
[0.413s] Level 1:colcon.colcon_core.package_identification:_identify(libtorch/include/torch/csrc/autograd/utils) by extension 'colcon_pkg'
[0.413s] Level 1:colcon.colcon_core.package_identification:_identify(libtorch/include/torch/csrc/autograd/utils) by extensions ['colcon_meta']
[0.413s] Level 1:colcon.colcon_core.package_identification:_identify(libtorch/include/torch/csrc/autograd/utils) by extension 'colcon_meta'
[0.413s] Level 1:colcon.colcon_core.package_identification:_identify(libtorch/include/torch/csrc/autograd/utils) by extensions ['ros']
[0.413s] Level 1:colcon.colcon_core.package_identification:_identify(libtorch/include/torch/csrc/autograd/utils) by extension 'ros'
[0.413s] Level 1:colcon.colcon_core.package_identification:_identify(libtorch/include/torch/csrc/autograd/utils) by extensions ['cmake', 'python']
[0.413s] Level 1:colcon.colcon_core.package_identification:_identify(libtorch/include/torch/csrc/autograd/utils) by extension 'cmake'
[0.413s] Level 1:colcon.colcon_core.package_identification:_identify(libtorch/include/torch/csrc/autograd/utils) by extension 'python'
[0.413s] Level 1:colcon.colcon_core.package_identification:_identify(libtorch/include/torch/csrc/autograd/utils) by extensions ['python_setup_py']
[0.413s] Level 1:colcon.colcon_core.package_identification:_identify(libtorch/include/torch/csrc/autograd/utils) by extension 'python_setup_py'
[0.413s] Level 1:colcon.colcon_core.package_identification:_identify(libtorch/include/torch/csrc/cuda) by extensions ['ignore', 'ignore_ament_install']
[0.413s] Level 1:colcon.colcon_core.package_identification:_identify(libtorch/include/torch/csrc/cuda) by extension 'ignore'
[0.413s] Level 1:colcon.colcon_core.package_identification:_identify(libtorch/include/torch/csrc/cuda) by extension 'ignore_ament_install'
[0.413s] Level 1:colcon.colcon_core.package_identification:_identify(libtorch/include/torch/csrc/cuda) by extensions ['colcon_pkg']
[0.413s] Level 1:colcon.colcon_core.package_identification:_identify(libtorch/include/torch/csrc/cuda) by extension 'colcon_pkg'
[0.413s] Level 1:colcon.colcon_core.package_identification:_identify(libtorch/include/torch/csrc/cuda) by extensions ['colcon_meta']
[0.413s] Level 1:colcon.colcon_core.package_identification:_identify(libtorch/include/torch/csrc/cuda) by extension 'colcon_meta'
[0.414s] Level 1:colcon.colcon_core.package_identification:_identify(libtorch/include/torch/csrc/cuda) by extensions ['ros']
[0.414s] Level 1:colcon.colcon_core.package_identification:_identify(libtorch/include/torch/csrc/cuda) by extension 'ros'
[0.414s] Level 1:colcon.colcon_core.package_identification:_identify(libtorch/include/torch/csrc/cuda) by extensions ['cmake', 'python']
[0.414s] Level 1:colcon.colcon_core.package_identification:_identify(libtorch/include/torch/csrc/cuda) by extension 'cmake'
[0.414s] Level 1:colcon.colcon_core.package_identification:_identify(libtorch/include/torch/csrc/cuda) by extension 'python'
[0.414s] Level 1:colcon.colcon_core.package_identification:_identify(libtorch/include/torch/csrc/cuda) by extensions ['python_setup_py']
[0.414s] Level 1:colcon.colcon_core.package_identification:_identify(libtorch/include/torch/csrc/cuda) by extension 'python_setup_py'
[0.414s] Level 1:colcon.colcon_core.package_identification:_identify(libtorch/include/torch/csrc/jit) by extensions ['ignore', 'ignore_ament_install']
[0.414s] Level 1:colcon.colcon_core.package_identification:_identify(libtorch/include/torch/csrc/jit) by extension 'ignore'
[0.414s] Level 1:colcon.colcon_core.package_identification:_identify(libtorch/include/torch/csrc/jit) by extension 'ignore_ament_install'
[0.414s] Level 1:colcon.colcon_core.package_identification:_identify(libtorch/include/torch/csrc/jit) by extensions ['colcon_pkg']
[0.414s] Level 1:colcon.colcon_core.package_identification:_identify(libtorch/include/torch/csrc/jit) by extension 'colcon_pkg'
[0.414s] Level 1:colcon.colcon_core.package_identification:_identify(libtorch/include/torch/csrc/jit) by extensions ['colcon_meta']
[0.414s] Level 1:colcon.colcon_core.package_identification:_identify(libtorch/include/torch/csrc/jit) by extension 'colcon_meta'
[0.414s] Level 1:colcon.colcon_core.package_identification:_identify(libtorch/include/torch/csrc/jit) by extensions ['ros']
[0.414s] Level 1:colcon.colcon_core.package_identification:_identify(libtorch/include/torch/csrc/jit) by extension 'ros'
[0.414s] Level 1:colcon.colcon_core.package_identification:_identify(libtorch/include/torch/csrc/jit) by extensions ['cmake', 'python']
[0.414s] Level 1:colcon.colcon_core.package_identification:_identify(libtorch/include/torch/csrc/jit) by extension 'cmake'
[0.415s] Level 1:colcon.colcon_core.package_identification:_identify(libtorch/include/torch/csrc/jit) by extension 'python'
[0.415s] Level 1:colcon.colcon_core.package_identification:_identify(libtorch/include/torch/csrc/jit) by extensions ['python_setup_py']
[0.415s] Level 1:colcon.colcon_core.package_identification:_identify(libtorch/include/torch/csrc/jit) by extension 'python_setup_py'
[0.415s] Level 1:colcon.colcon_core.package_identification:_identify(libtorch/include/torch/csrc/jit/api) by extensions ['ignore', 'ignore_ament_install']
[0.415s] Level 1:colcon.colcon_core.package_identification:_identify(libtorch/include/torch/csrc/jit/api) by extension 'ignore'
[0.415s] Level 1:colcon.colcon_core.package_identification:_identify(libtorch/include/torch/csrc/jit/api) by extension 'ignore_ament_install'
[0.415s] Level 1:colcon.colcon_core.package_identification:_identify(libtorch/include/torch/csrc/jit/api) by extensions ['colcon_pkg']
[0.415s] Level 1:colcon.colcon_core.package_identification:_identify(libtorch/include/torch/csrc/jit/api) by extension 'colcon_pkg'
[0.415s] Level 1:colcon.colcon_core.package_identification:_identify(libtorch/include/torch/csrc/jit/api) by extensions ['colcon_meta']
[0.415s] Level 1:colcon.colcon_core.package_identification:_identify(libtorch/include/torch/csrc/jit/api) by extension 'colcon_meta'
[0.415s] Level 1:colcon.colcon_core.package_identification:_identify(libtorch/include/torch/csrc/jit/api) by extensions ['ros']
[0.415s] Level 1:colcon.colcon_core.package_identification:_identify(libtorch/include/torch/csrc/jit/api) by extension 'ros'
[0.415s] Level 1:colcon.colcon_core.package_identification:_identify(libtorch/include/torch/csrc/jit/api) by extensions ['cmake', 'python']
[0.415s] Level 1:colcon.colcon_core.package_identification:_identify(libtorch/include/torch/csrc/jit/api) by extension 'cmake'
[0.415s] Level 1:colcon.colcon_core.package_identification:_identify(libtorch/include/torch/csrc/jit/api) by extension 'python'
[0.415s] Level 1:colcon.colcon_core.package_identification:_identify(libtorch/include/torch/csrc/jit/api) by extensions ['python_setup_py']
[0.415s] Level 1:colcon.colcon_core.package_identification:_identify(libtorch/include/torch/csrc/jit/api) by extension 'python_setup_py'
[0.415s] Level 1:colcon.colcon_core.package_identification:_identify(libtorch/include/torch/csrc/jit/backends) by extensions ['ignore', 'ignore_ament_install']
[0.416s] Level 1:colcon.colcon_core.package_identification:_identify(libtorch/include/torch/csrc/jit/backends) by extension 'ignore'
[0.416s] Level 1:colcon.colcon_core.package_identification:_identify(libtorch/include/torch/csrc/jit/backends) by extension 'ignore_ament_install'
[0.416s] Level 1:colcon.colcon_core.package_identification:_identify(libtorch/include/torch/csrc/jit/backends) by extensions ['colcon_pkg']
[0.416s] Level 1:colcon.colcon_core.package_identification:_identify(libtorch/include/torch/csrc/jit/backends) by extension 'colcon_pkg'
[0.416s] Level 1:colcon.colcon_core.package_identification:_identify(libtorch/include/torch/csrc/jit/backends) by extensions ['colcon_meta']
[0.416s] Level 1:colcon.colcon_core.package_identification:_identify(libtorch/include/torch/csrc/jit/backends) by extension 'colcon_meta'
[0.416s] Level 1:colcon.colcon_core.package_identification:_identify(libtorch/include/torch/csrc/jit/backends) by extensions ['ros']
[0.416s] Level 1:colcon.colcon_core.package_identification:_identify(libtorch/include/torch/csrc/jit/backends) by extension 'ros'
[0.416s] Level 1:colcon.colcon_core.package_identification:_identify(libtorch/include/torch/csrc/jit/backends) by extensions ['cmake', 'python']
[0.416s] Level 1:colcon.colcon_core.package_identification:_identify(libtorch/include/torch/csrc/jit/backends) by extension 'cmake'
[0.416s] Level 1:colcon.colcon_core.package_identification:_identify(libtorch/include/torch/csrc/jit/backends) by extension 'python'
[0.416s] Level 1:colcon.colcon_core.package_identification:_identify(libtorch/include/torch/csrc/jit/backends) by extensions ['python_setup_py']
[0.416s] Level 1:colcon.colcon_core.package_identification:_identify(libtorch/include/torch/csrc/jit/backends) by extension 'python_setup_py'
[0.416s] Level 1:colcon.colcon_core.package_identification:_identify(libtorch/include/torch/csrc/jit/frontend) by extensions ['ignore', 'ignore_ament_install']
[0.416s] Level 1:colcon.colcon_core.package_identification:_identify(libtorch/include/torch/csrc/jit/frontend) by extension 'ignore'
[0.416s] Level 1:colcon.colcon_core.package_identification:_identify(libtorch/include/torch/csrc/jit/frontend) by extension 'ignore_ament_install'
[0.416s] Level 1:colcon.colcon_core.package_identification:_identify(libtorch/include/torch/csrc/jit/frontend) by extensions ['colcon_pkg']
[0.416s] Level 1:colcon.colcon_core.package_identification:_identify(libtorch/include/torch/csrc/jit/frontend) by extension 'colcon_pkg'
[0.416s] Level 1:colcon.colcon_core.package_identification:_identify(libtorch/include/torch/csrc/jit/frontend) by extensions ['colcon_meta']
[0.417s] Level 1:colcon.colcon_core.package_identification:_identify(libtorch/include/torch/csrc/jit/frontend) by extension 'colcon_meta'
[0.417s] Level 1:colcon.colcon_core.package_identification:_identify(libtorch/include/torch/csrc/jit/frontend) by extensions ['ros']
[0.417s] Level 1:colcon.colcon_core.package_identification:_identify(libtorch/include/torch/csrc/jit/frontend) by extension 'ros'
[0.417s] Level 1:colcon.colcon_core.package_identification:_identify(libtorch/include/torch/csrc/jit/frontend) by extensions ['cmake', 'python']
[0.417s] Level 1:colcon.colcon_core.package_identification:_identify(libtorch/include/torch/csrc/jit/frontend) by extension 'cmake'
[0.417s] Level 1:colcon.colcon_core.package_identification:_identify(libtorch/include/torch/csrc/jit/frontend) by extension 'python'
[0.417s] Level 1:colcon.colcon_core.package_identification:_identify(libtorch/include/torch/csrc/jit/frontend) by extensions ['python_setup_py']
[0.417s] Level 1:colcon.colcon_core.package_identification:_identify(libtorch/include/torch/csrc/jit/frontend) by extension 'python_setup_py'
[0.417s] Level 1:colcon.colcon_core.package_identification:_identify(libtorch/include/torch/csrc/jit/ir) by extensions ['ignore', 'ignore_ament_install']
[0.417s] Level 1:colcon.colcon_core.package_identification:_identify(libtorch/include/torch/csrc/jit/ir) by extension 'ignore'
[0.417s] Level 1:colcon.colcon_core.package_identification:_identify(libtorch/include/torch/csrc/jit/ir) by extension 'ignore_ament_install'
[0.417s] Level 1:colcon.colcon_core.package_identification:_identify(libtorch/include/torch/csrc/jit/ir) by extensions ['colcon_pkg']
[0.417s] Level 1:colcon.colcon_core.package_identification:_identify(libtorch/include/torch/csrc/jit/ir) by extension 'colcon_pkg'
[0.417s] Level 1:colcon.colcon_core.package_identification:_identify(libtorch/include/torch/csrc/jit/ir) by extensions ['colcon_meta']
[0.417s] Level 1:colcon.colcon_core.package_identification:_identify(libtorch/include/torch/csrc/jit/ir) by extension 'colcon_meta'
[0.417s] Level 1:colcon.colcon_core.package_identification:_identify(libtorch/include/torch/csrc/jit/ir) by extensions ['ros']
[0.417s] Level 1:colcon.colcon_core.package_identification:_identify(libtorch/include/torch/csrc/jit/ir) by extension 'ros'
[0.417s] Level 1:colcon.colcon_core.package_identification:_identify(libtorch/include/torch/csrc/jit/ir) by extensions ['cmake', 'python']
[0.417s] Level 1:colcon.colcon_core.package_identification:_identify(libtorch/include/torch/csrc/jit/ir) by extension 'cmake'
[0.418s] Level 1:colcon.colcon_core.package_identification:_identify(libtorch/include/torch/csrc/jit/ir) by extension 'python'
[0.418s] Level 1:colcon.colcon_core.package_identification:_identify(libtorch/include/torch/csrc/jit/ir) by extensions ['python_setup_py']
[0.418s] Level 1:colcon.colcon_core.package_identification:_identify(libtorch/include/torch/csrc/jit/ir) by extension 'python_setup_py'
[0.418s] Level 1:colcon.colcon_core.package_identification:_identify(libtorch/include/torch/csrc/jit/passes) by extensions ['ignore', 'ignore_ament_install']
[0.418s] Level 1:colcon.colcon_core.package_identification:_identify(libtorch/include/torch/csrc/jit/passes) by extension 'ignore'
[0.418s] Level 1:colcon.colcon_core.package_identification:_identify(libtorch/include/torch/csrc/jit/passes) by extension 'ignore_ament_install'
[0.418s] Level 1:colcon.colcon_core.package_identification:_identify(libtorch/include/torch/csrc/jit/passes) by extensions ['colcon_pkg']
[0.418s] Level 1:colcon.colcon_core.package_identification:_identify(libtorch/include/torch/csrc/jit/passes) by extension 'colcon_pkg'
[0.418s] Level 1:colcon.colcon_core.package_identification:_identify(libtorch/include/torch/csrc/jit/passes) by extensions ['colcon_meta']
[0.418s] Level 1:colcon.colcon_core.package_identification:_identify(libtorch/include/torch/csrc/jit/passes) by extension 'colcon_meta'
[0.418s] Level 1:colcon.colcon_core.package_identification:_identify(libtorch/include/torch/csrc/jit/passes) by extensions ['ros']
[0.418s] Level 1:colcon.colcon_core.package_identification:_identify(libtorch/include/torch/csrc/jit/passes) by extension 'ros'
[0.418s] Level 1:colcon.colcon_core.package_identification:_identify(libtorch/include/torch/csrc/jit/passes) by extensions ['cmake', 'python']
[0.418s] Level 1:colcon.colcon_core.package_identification:_identify(libtorch/include/torch/csrc/jit/passes) by extension 'cmake'
[0.418s] Level 1:colcon.colcon_core.package_identification:_identify(libtorch/include/torch/csrc/jit/passes) by extension 'python'
[0.418s] Level 1:colcon.colcon_core.package_identification:_identify(libtorch/include/torch/csrc/jit/passes) by extensions ['python_setup_py']
[0.418s] Level 1:colcon.colcon_core.package_identification:_identify(libtorch/include/torch/csrc/jit/passes) by extension 'python_setup_py'
[0.419s] Level 1:colcon.colcon_core.package_identification:_identify(libtorch/include/torch/csrc/jit/passes/quantization) by extensions ['ignore', 'ignore_ament_install']
[0.419s] Level 1:colcon.colcon_core.package_identification:_identify(libtorch/include/torch/csrc/jit/passes/quantization) by extension 'ignore'
[0.419s] Level 1:colcon.colcon_core.package_identification:_identify(libtorch/include/torch/csrc/jit/passes/quantization) by extension 'ignore_ament_install'
[0.419s] Level 1:colcon.colcon_core.package_identification:_identify(libtorch/include/torch/csrc/jit/passes/quantization) by extensions ['colcon_pkg']
[0.419s] Level 1:colcon.colcon_core.package_identification:_identify(libtorch/include/torch/csrc/jit/passes/quantization) by extension 'colcon_pkg'
[0.419s] Level 1:colcon.colcon_core.package_identification:_identify(libtorch/include/torch/csrc/jit/passes/quantization) by extensions ['colcon_meta']
[0.419s] Level 1:colcon.colcon_core.package_identification:_identify(libtorch/include/torch/csrc/jit/passes/quantization) by extension 'colcon_meta'
[0.419s] Level 1:colcon.colcon_core.package_identification:_identify(libtorch/include/torch/csrc/jit/passes/quantization) by extensions ['ros']
[0.419s] Level 1:colcon.colcon_core.package_identification:_identify(libtorch/include/torch/csrc/jit/passes/quantization) by extension 'ros'
[0.419s] Level 1:colcon.colcon_core.package_identification:_identify(libtorch/include/torch/csrc/jit/passes/quantization) by extensions ['cmake', 'python']
[0.419s] Level 1:colcon.colcon_core.package_identification:_identify(libtorch/include/torch/csrc/jit/passes/quantization) by extension 'cmake'
[0.419s] Level 1:colcon.colcon_core.package_identification:_identify(libtorch/include/torch/csrc/jit/passes/quantization) by extension 'python'
[0.419s] Level 1:colcon.colcon_core.package_identification:_identify(libtorch/include/torch/csrc/jit/passes/quantization) by extensions ['python_setup_py']
[0.419s] Level 1:colcon.colcon_core.package_identification:_identify(libtorch/include/torch/csrc/jit/passes/quantization) by extension 'python_setup_py'
[0.419s] Level 1:colcon.colcon_core.package_identification:_identify(libtorch/include/torch/csrc/jit/passes/utils) by extensions ['ignore', 'ignore_ament_install']
[0.419s] Level 1:colcon.colcon_core.package_identification:_identify(libtorch/include/torch/csrc/jit/passes/utils) by extension 'ignore'
[0.419s] Level 1:colcon.colcon_core.package_identification:_identify(libtorch/include/torch/csrc/jit/passes/utils) by extension 'ignore_ament_install'
[0.420s] Level 1:colcon.colcon_core.package_identification:_identify(libtorch/include/torch/csrc/jit/passes/utils) by extensions ['colcon_pkg']
[0.420s] Level 1:colcon.colcon_core.package_identification:_identify(libtorch/include/torch/csrc/jit/passes/utils) by extension 'colcon_pkg'
[0.420s] Level 1:colcon.colcon_core.package_identification:_identify(libtorch/include/torch/csrc/jit/passes/utils) by extensions ['colcon_meta']
[0.420s] Level 1:colcon.colcon_core.package_identification:_identify(libtorch/include/torch/csrc/jit/passes/utils) by extension 'colcon_meta'
[0.420s] Level 1:colcon.colcon_core.package_identification:_identify(libtorch/include/torch/csrc/jit/passes/utils) by extensions ['ros']
[0.420s] Level 1:colcon.colcon_core.package_identification:_identify(libtorch/include/torch/csrc/jit/passes/utils) by extension 'ros'
[0.420s] Level 1:colcon.colcon_core.package_identification:_identify(libtorch/include/torch/csrc/jit/passes/utils) by extensions ['cmake', 'python']
[0.420s] Level 1:colcon.colcon_core.package_identification:_identify(libtorch/include/torch/csrc/jit/passes/utils) by extension 'cmake'
[0.420s] Level 1:colcon.colcon_core.package_identification:_identify(libtorch/include/torch/csrc/jit/passes/utils) by extension 'python'
[0.420s] Level 1:colcon.colcon_core.package_identification:_identify(libtorch/include/torch/csrc/jit/passes/utils) by extensions ['python_setup_py']
[0.420s] Level 1:colcon.colcon_core.package_identification:_identify(libtorch/include/torch/csrc/jit/passes/utils) by extension 'python_setup_py'
[0.420s] Level 1:colcon.colcon_core.package_identification:_identify(libtorch/include/torch/csrc/jit/python) by extensions ['ignore', 'ignore_ament_install']
[0.420s] Level 1:colcon.colcon_core.package_identification:_identify(libtorch/include/torch/csrc/jit/python) by extension 'ignore'
[0.420s] Level 1:colcon.colcon_core.package_identification:_identify(libtorch/include/torch/csrc/jit/python) by extension 'ignore_ament_install'
[0.420s] Level 1:colcon.colcon_core.package_identification:_identify(libtorch/include/torch/csrc/jit/python) by extensions ['colcon_pkg']
[0.420s] Level 1:colcon.colcon_core.package_identification:_identify(libtorch/include/torch/csrc/jit/python) by extension 'colcon_pkg'
[0.420s] Level 1:colcon.colcon_core.package_identification:_identify(libtorch/include/torch/csrc/jit/python) by extensions ['colcon_meta']
[0.420s] Level 1:colcon.colcon_core.package_identification:_identify(libtorch/include/torch/csrc/jit/python) by extension 'colcon_meta'
[0.420s] Level 1:colcon.colcon_core.package_identification:_identify(libtorch/include/torch/csrc/jit/python) by extensions ['ros']
[0.421s] Level 1:colcon.colcon_core.package_identification:_identify(libtorch/include/torch/csrc/jit/python) by extension 'ros'
[0.421s] Level 1:colcon.colcon_core.package_identification:_identify(libtorch/include/torch/csrc/jit/python) by extensions ['cmake', 'python']
[0.421s] Level 1:colcon.colcon_core.package_identification:_identify(libtorch/include/torch/csrc/jit/python) by extension 'cmake'
[0.421s] Level 1:colcon.colcon_core.package_identification:_identify(libtorch/include/torch/csrc/jit/python) by extension 'python'
[0.421s] Level 1:colcon.colcon_core.package_identification:_identify(libtorch/include/torch/csrc/jit/python) by extensions ['python_setup_py']
[0.421s] Level 1:colcon.colcon_core.package_identification:_identify(libtorch/include/torch/csrc/jit/python) by extension 'python_setup_py'
[0.421s] Level 1:colcon.colcon_core.package_identification:_identify(libtorch/include/torch/csrc/jit/runtime) by extensions ['ignore', 'ignore_ament_install']
[0.421s] Level 1:colcon.colcon_core.package_identification:_identify(libtorch/include/torch/csrc/jit/runtime) by extension 'ignore'
[0.421s] Level 1:colcon.colcon_core.package_identification:_identify(libtorch/include/torch/csrc/jit/runtime) by extension 'ignore_ament_install'
[0.421s] Level 1:colcon.colcon_core.package_identification:_identify(libtorch/include/torch/csrc/jit/runtime) by extensions ['colcon_pkg']
[0.421s] Level 1:colcon.colcon_core.package_identification:_identify(libtorch/include/torch/csrc/jit/runtime) by extension 'colcon_pkg'
[0.421s] Level 1:colcon.colcon_core.package_identification:_identify(libtorch/include/torch/csrc/jit/runtime) by extensions ['colcon_meta']
[0.421s] Level 1:colcon.colcon_core.package_identification:_identify(libtorch/include/torch/csrc/jit/runtime) by extension 'colcon_meta'
[0.421s] Level 1:colcon.colcon_core.package_identification:_identify(libtorch/include/torch/csrc/jit/runtime) by extensions ['ros']
[0.421s] Level 1:colcon.colcon_core.package_identification:_identify(libtorch/include/torch/csrc/jit/runtime) by extension 'ros'
[0.421s] Level 1:colcon.colcon_core.package_identification:_identify(libtorch/include/torch/csrc/jit/runtime) by extensions ['cmake', 'python']
[0.421s] Level 1:colcon.colcon_core.package_identification:_identify(libtorch/include/torch/csrc/jit/runtime) by extension 'cmake'
[0.421s] Level 1:colcon.colcon_core.package_identification:_identify(libtorch/include/torch/csrc/jit/runtime) by extension 'python'
[0.421s] Level 1:colcon.colcon_core.package_identification:_identify(libtorch/include/torch/csrc/jit/runtime) by extensions ['python_setup_py']
[0.421s] Level 1:colcon.colcon_core.package_identification:_identify(libtorch/include/torch/csrc/jit/runtime) by extension 'python_setup_py'
[0.422s] Level 1:colcon.colcon_core.package_identification:_identify(libtorch/include/torch/csrc/jit/serialization) by extensions ['ignore', 'ignore_ament_install']
[0.422s] Level 1:colcon.colcon_core.package_identification:_identify(libtorch/include/torch/csrc/jit/serialization) by extension 'ignore'
[0.422s] Level 1:colcon.colcon_core.package_identification:_identify(libtorch/include/torch/csrc/jit/serialization) by extension 'ignore_ament_install'
[0.422s] Level 1:colcon.colcon_core.package_identification:_identify(libtorch/include/torch/csrc/jit/serialization) by extensions ['colcon_pkg']
[0.422s] Level 1:colcon.colcon_core.package_identification:_identify(libtorch/include/torch/csrc/jit/serialization) by extension 'colcon_pkg'
[0.422s] Level 1:colcon.colcon_core.package_identification:_identify(libtorch/include/torch/csrc/jit/serialization) by extensions ['colcon_meta']
[0.422s] Level 1:colcon.colcon_core.package_identification:_identify(libtorch/include/torch/csrc/jit/serialization) by extension 'colcon_meta'
[0.422s] Level 1:colcon.colcon_core.package_identification:_identify(libtorch/include/torch/csrc/jit/serialization) by extensions ['ros']
[0.422s] Level 1:colcon.colcon_core.package_identification:_identify(libtorch/include/torch/csrc/jit/serialization) by extension 'ros'
[0.422s] Level 1:colcon.colcon_core.package_identification:_identify(libtorch/include/torch/csrc/jit/serialization) by extensions ['cmake', 'python']
[0.422s] Level 1:colcon.colcon_core.package_identification:_identify(libtorch/include/torch/csrc/jit/serialization) by extension 'cmake'
[0.422s] Level 1:colcon.colcon_core.package_identification:_identify(libtorch/include/torch/csrc/jit/serialization) by extension 'python'
[0.422s] Level 1:colcon.colcon_core.package_identification:_identify(libtorch/include/torch/csrc/jit/serialization) by extensions ['python_setup_py']
[0.422s] Level 1:colcon.colcon_core.package_identification:_identify(libtorch/include/torch/csrc/jit/serialization) by extension 'python_setup_py'
[0.422s] Level 1:colcon.colcon_core.package_identification:_identify(libtorch/include/torch/csrc/jit/tensorexpr) by extensions ['ignore', 'ignore_ament_install']
[0.423s] Level 1:colcon.colcon_core.package_identification:_identify(libtorch/include/torch/csrc/jit/tensorexpr) by extension 'ignore'
[0.423s] Level 1:colcon.colcon_core.package_identification:_identify(libtorch/include/torch/csrc/jit/tensorexpr) by extension 'ignore_ament_install'
[0.423s] Level 1:colcon.colcon_core.package_identification:_identify(libtorch/include/torch/csrc/jit/tensorexpr) by extensions ['colcon_pkg']
[0.423s] Level 1:colcon.colcon_core.package_identification:_identify(libtorch/include/torch/csrc/jit/tensorexpr) by extension 'colcon_pkg'
[0.423s] Level 1:colcon.colcon_core.package_identification:_identify(libtorch/include/torch/csrc/jit/tensorexpr) by extensions ['colcon_meta']
[0.423s] Level 1:colcon.colcon_core.package_identification:_identify(libtorch/include/torch/csrc/jit/tensorexpr) by extension 'colcon_meta'
[0.423s] Level 1:colcon.colcon_core.package_identification:_identify(libtorch/include/torch/csrc/jit/tensorexpr) by extensions ['ros']
[0.423s] Level 1:colcon.colcon_core.package_identification:_identify(libtorch/include/torch/csrc/jit/tensorexpr) by extension 'ros'
[0.423s] Level 1:colcon.colcon_core.package_identification:_identify(libtorch/include/torch/csrc/jit/tensorexpr) by extensions ['cmake', 'python']
[0.423s] Level 1:colcon.colcon_core.package_identification:_identify(libtorch/include/torch/csrc/jit/tensorexpr) by extension 'cmake'
[0.423s] Level 1:colcon.colcon_core.package_identification:_identify(libtorch/include/torch/csrc/jit/tensorexpr) by extension 'python'
[0.423s] Level 1:colcon.colcon_core.package_identification:_identify(libtorch/include/torch/csrc/jit/tensorexpr) by extensions ['python_setup_py']
[0.423s] Level 1:colcon.colcon_core.package_identification:_identify(libtorch/include/torch/csrc/jit/tensorexpr) by extension 'python_setup_py'
[0.423s] Level 1:colcon.colcon_core.package_identification:_identify(libtorch/include/torch/csrc/jit/tensorexpr/operators) by extensions ['ignore', 'ignore_ament_install']
[0.423s] Level 1:colcon.colcon_core.package_identification:_identify(libtorch/include/torch/csrc/jit/tensorexpr/operators) by extension 'ignore'
[0.423s] Level 1:colcon.colcon_core.package_identification:_identify(libtorch/include/torch/csrc/jit/tensorexpr/operators) by extension 'ignore_ament_install'
[0.423s] Level 1:colcon.colcon_core.package_identification:_identify(libtorch/include/torch/csrc/jit/tensorexpr/operators) by extensions ['colcon_pkg']
[0.423s] Level 1:colcon.colcon_core.package_identification:_identify(libtorch/include/torch/csrc/jit/tensorexpr/operators) by extension 'colcon_pkg'
[0.423s] Level 1:colcon.colcon_core.package_identification:_identify(libtorch/include/torch/csrc/jit/tensorexpr/operators) by extensions ['colcon_meta']
[0.423s] Level 1:colcon.colcon_core.package_identification:_identify(libtorch/include/torch/csrc/jit/tensorexpr/operators) by extension 'colcon_meta'
[0.424s] Level 1:colcon.colcon_core.package_identification:_identify(libtorch/include/torch/csrc/jit/tensorexpr/operators) by extensions ['ros']
[0.424s] Level 1:colcon.colcon_core.package_identification:_identify(libtorch/include/torch/csrc/jit/tensorexpr/operators) by extension 'ros'
[0.424s] Level 1:colcon.colcon_core.package_identification:_identify(libtorch/include/torch/csrc/jit/tensorexpr/operators) by extensions ['cmake', 'python']
[0.424s] Level 1:colcon.colcon_core.package_identification:_identify(libtorch/include/torch/csrc/jit/tensorexpr/operators) by extension 'cmake'
[0.424s] Level 1:colcon.colcon_core.package_identification:_identify(libtorch/include/torch/csrc/jit/tensorexpr/operators) by extension 'python'
[0.424s] Level 1:colcon.colcon_core.package_identification:_identify(libtorch/include/torch/csrc/jit/tensorexpr/operators) by extensions ['python_setup_py']
[0.424s] Level 1:colcon.colcon_core.package_identification:_identify(libtorch/include/torch/csrc/jit/tensorexpr/operators) by extension 'python_setup_py'
[0.424s] Level 1:colcon.colcon_core.package_identification:_identify(libtorch/include/torch/csrc/jit/testing) by extensions ['ignore', 'ignore_ament_install']
[0.424s] Level 1:colcon.colcon_core.package_identification:_identify(libtorch/include/torch/csrc/jit/testing) by extension 'ignore'
[0.424s] Level 1:colcon.colcon_core.package_identification:_identify(libtorch/include/torch/csrc/jit/testing) by extension 'ignore_ament_install'
[0.424s] Level 1:colcon.colcon_core.package_identification:_identify(libtorch/include/torch/csrc/jit/testing) by extensions ['colcon_pkg']
[0.424s] Level 1:colcon.colcon_core.package_identification:_identify(libtorch/include/torch/csrc/jit/testing) by extension 'colcon_pkg'
[0.424s] Level 1:colcon.colcon_core.package_identification:_identify(libtorch/include/torch/csrc/jit/testing) by extensions ['colcon_meta']
[0.424s] Level 1:colcon.colcon_core.package_identification:_identify(libtorch/include/torch/csrc/jit/testing) by extension 'colcon_meta'
[0.424s] Level 1:colcon.colcon_core.package_identification:_identify(libtorch/include/torch/csrc/jit/testing) by extensions ['ros']
[0.424s] Level 1:colcon.colcon_core.package_identification:_identify(libtorch/include/torch/csrc/jit/testing) by extension 'ros'
[0.424s] Level 1:colcon.colcon_core.package_identification:_identify(libtorch/include/torch/csrc/jit/testing) by extensions ['cmake', 'python']
[0.424s] Level 1:colcon.colcon_core.package_identification:_identify(libtorch/include/torch/csrc/jit/testing) by extension 'cmake'
[0.425s] Level 1:colcon.colcon_core.package_identification:_identify(libtorch/include/torch/csrc/jit/testing) by extension 'python'
[0.425s] Level 1:colcon.colcon_core.package_identification:_identify(libtorch/include/torch/csrc/jit/testing) by extensions ['python_setup_py']
[0.425s] Level 1:colcon.colcon_core.package_identification:_identify(libtorch/include/torch/csrc/jit/testing) by extension 'python_setup_py'
[0.425s] Level 1:colcon.colcon_core.package_identification:_identify(libtorch/include/torch/csrc/onnx) by extensions ['ignore', 'ignore_ament_install']
[0.425s] Level 1:colcon.colcon_core.package_identification:_identify(libtorch/include/torch/csrc/onnx) by extension 'ignore'
[0.425s] Level 1:colcon.colcon_core.package_identification:_identify(libtorch/include/torch/csrc/onnx) by extension 'ignore_ament_install'
[0.425s] Level 1:colcon.colcon_core.package_identification:_identify(libtorch/include/torch/csrc/onnx) by extensions ['colcon_pkg']
[0.425s] Level 1:colcon.colcon_core.package_identification:_identify(libtorch/include/torch/csrc/onnx) by extension 'colcon_pkg'
[0.425s] Level 1:colcon.colcon_core.package_identification:_identify(libtorch/include/torch/csrc/onnx) by extensions ['colcon_meta']
[0.425s] Level 1:colcon.colcon_core.package_identification:_identify(libtorch/include/torch/csrc/onnx) by extension 'colcon_meta'
[0.425s] Level 1:colcon.colcon_core.package_identification:_identify(libtorch/include/torch/csrc/onnx) by extensions ['ros']
[0.425s] Level 1:colcon.colcon_core.package_identification:_identify(libtorch/include/torch/csrc/onnx) by extension 'ros'
[0.425s] Level 1:colcon.colcon_core.package_identification:_identify(libtorch/include/torch/csrc/onnx) by extensions ['cmake', 'python']
[0.425s] Level 1:colcon.colcon_core.package_identification:_identify(libtorch/include/torch/csrc/onnx) by extension 'cmake'
[0.425s] Level 1:colcon.colcon_core.package_identification:_identify(libtorch/include/torch/csrc/onnx) by extension 'python'
[0.425s] Level 1:colcon.colcon_core.package_identification:_identify(libtorch/include/torch/csrc/onnx) by extensions ['python_setup_py']
[0.425s] Level 1:colcon.colcon_core.package_identification:_identify(libtorch/include/torch/csrc/onnx) by extension 'python_setup_py'
[0.425s] Level 1:colcon.colcon_core.package_identification:_identify(libtorch/include/torch/csrc/tensor) by extensions ['ignore', 'ignore_ament_install']
[0.426s] Level 1:colcon.colcon_core.package_identification:_identify(libtorch/include/torch/csrc/tensor) by extension 'ignore'
[0.426s] Level 1:colcon.colcon_core.package_identification:_identify(libtorch/include/torch/csrc/tensor) by extension 'ignore_ament_install'
[0.426s] Level 1:colcon.colcon_core.package_identification:_identify(libtorch/include/torch/csrc/tensor) by extensions ['colcon_pkg']
[0.426s] Level 1:colcon.colcon_core.package_identification:_identify(libtorch/include/torch/csrc/tensor) by extension 'colcon_pkg'
[0.426s] Level 1:colcon.colcon_core.package_identification:_identify(libtorch/include/torch/csrc/tensor) by extensions ['colcon_meta']
[0.426s] Level 1:colcon.colcon_core.package_identification:_identify(libtorch/include/torch/csrc/tensor) by extension 'colcon_meta'
[0.426s] Level 1:colcon.colcon_core.package_identification:_identify(libtorch/include/torch/csrc/tensor) by extensions ['ros']
[0.426s] Level 1:colcon.colcon_core.package_identification:_identify(libtorch/include/torch/csrc/tensor) by extension 'ros'
[0.426s] Level 1:colcon.colcon_core.package_identification:_identify(libtorch/include/torch/csrc/tensor) by extensions ['cmake', 'python']
[0.426s] Level 1:colcon.colcon_core.package_identification:_identify(libtorch/include/torch/csrc/tensor) by extension 'cmake'
[0.426s] Level 1:colcon.colcon_core.package_identification:_identify(libtorch/include/torch/csrc/tensor) by extension 'python'
[0.426s] Level 1:colcon.colcon_core.package_identification:_identify(libtorch/include/torch/csrc/tensor) by extensions ['python_setup_py']
[0.426s] Level 1:colcon.colcon_core.package_identification:_identify(libtorch/include/torch/csrc/tensor) by extension 'python_setup_py'
[0.426s] Level 1:colcon.colcon_core.package_identification:_identify(libtorch/include/torch/csrc/utils) by extensions ['ignore', 'ignore_ament_install']
[0.426s] Level 1:colcon.colcon_core.package_identification:_identify(libtorch/include/torch/csrc/utils) by extension 'ignore'
[0.426s] Level 1:colcon.colcon_core.package_identification:_identify(libtorch/include/torch/csrc/utils) by extension 'ignore_ament_install'
[0.426s] Level 1:colcon.colcon_core.package_identification:_identify(libtorch/include/torch/csrc/utils) by extensions ['colcon_pkg']
[0.426s] Level 1:colcon.colcon_core.package_identification:_identify(libtorch/include/torch/csrc/utils) by extension 'colcon_pkg'
[0.426s] Level 1:colcon.colcon_core.package_identification:_identify(libtorch/include/torch/csrc/utils) by extensions ['colcon_meta']
[0.427s] Level 1:colcon.colcon_core.package_identification:_identify(libtorch/include/torch/csrc/utils) by extension 'colcon_meta'
[0.427s] Level 1:colcon.colcon_core.package_identification:_identify(libtorch/include/torch/csrc/utils) by extensions ['ros']
[0.427s] Level 1:colcon.colcon_core.package_identification:_identify(libtorch/include/torch/csrc/utils) by extension 'ros'
[0.427s] Level 1:colcon.colcon_core.package_identification:_identify(libtorch/include/torch/csrc/utils) by extensions ['cmake', 'python']
[0.427s] Level 1:colcon.colcon_core.package_identification:_identify(libtorch/include/torch/csrc/utils) by extension 'cmake'
[0.427s] Level 1:colcon.colcon_core.package_identification:_identify(libtorch/include/torch/csrc/utils) by extension 'python'
[0.427s] Level 1:colcon.colcon_core.package_identification:_identify(libtorch/include/torch/csrc/utils) by extensions ['python_setup_py']
[0.427s] Level 1:colcon.colcon_core.package_identification:_identify(libtorch/include/torch/csrc/utils) by extension 'python_setup_py'
[0.427s] Level 1:colcon.colcon_core.package_identification:_identify(libtorch/lib) by extensions ['ignore', 'ignore_ament_install']
[0.427s] Level 1:colcon.colcon_core.package_identification:_identify(libtorch/lib) by extension 'ignore'
[0.427s] Level 1:colcon.colcon_core.package_identification:_identify(libtorch/lib) by extension 'ignore_ament_install'
[0.427s] Level 1:colcon.colcon_core.package_identification:_identify(libtorch/lib) by extensions ['colcon_pkg']
[0.427s] Level 1:colcon.colcon_core.package_identification:_identify(libtorch/lib) by extension 'colcon_pkg'
[0.427s] Level 1:colcon.colcon_core.package_identification:_identify(libtorch/lib) by extensions ['colcon_meta']
[0.427s] Level 1:colcon.colcon_core.package_identification:_identify(libtorch/lib) by extension 'colcon_meta'
[0.427s] Level 1:colcon.colcon_core.package_identification:_identify(libtorch/lib) by extensions ['ros']
[0.427s] Level 1:colcon.colcon_core.package_identification:_identify(libtorch/lib) by extension 'ros'
[0.427s] Level 1:colcon.colcon_core.package_identification:_identify(libtorch/lib) by extensions ['cmake', 'python']
[0.427s] Level 1:colcon.colcon_core.package_identification:_identify(libtorch/lib) by extension 'cmake'
[0.428s] Level 1:colcon.colcon_core.package_identification:_identify(libtorch/lib) by extension 'python'
[0.428s] Level 1:colcon.colcon_core.package_identification:_identify(libtorch/lib) by extensions ['python_setup_py']
[0.428s] Level 1:colcon.colcon_core.package_identification:_identify(libtorch/lib) by extension 'python_setup_py'
[0.428s] Level 1:colcon.colcon_core.package_identification:_identify(libtorch/share) by extensions ['ignore', 'ignore_ament_install']
[0.428s] Level 1:colcon.colcon_core.package_identification:_identify(libtorch/share) by extension 'ignore'
[0.428s] Level 1:colcon.colcon_core.package_identification:_identify(libtorch/share) by extension 'ignore_ament_install'
[0.428s] Level 1:colcon.colcon_core.package_identification:_identify(libtorch/share) by extensions ['colcon_pkg']
[0.428s] Level 1:colcon.colcon_core.package_identification:_identify(libtorch/share) by extension 'colcon_pkg'
[0.428s] Level 1:colcon.colcon_core.package_identification:_identify(libtorch/share) by extensions ['colcon_meta']
[0.428s] Level 1:colcon.colcon_core.package_identification:_identify(libtorch/share) by extension 'colcon_meta'
[0.428s] Level 1:colcon.colcon_core.package_identification:_identify(libtorch/share) by extensions ['ros']
[0.428s] Level 1:colcon.colcon_core.package_identification:_identify(libtorch/share) by extension 'ros'
[0.428s] Level 1:colcon.colcon_core.package_identification:_identify(libtorch/share) by extensions ['cmake', 'python']
[0.428s] Level 1:colcon.colcon_core.package_identification:_identify(libtorch/share) by extension 'cmake'
[0.428s] Level 1:colcon.colcon_core.package_identification:_identify(libtorch/share) by extension 'python'
[0.428s] Level 1:colcon.colcon_core.package_identification:_identify(libtorch/share) by extensions ['python_setup_py']
[0.428s] Level 1:colcon.colcon_core.package_identification:_identify(libtorch/share) by extension 'python_setup_py'
[0.428s] Level 1:colcon.colcon_core.package_identification:_identify(libtorch/share/cmake) by extensions ['ignore', 'ignore_ament_install']
[0.428s] Level 1:colcon.colcon_core.package_identification:_identify(libtorch/share/cmake) by extension 'ignore'
[0.429s] Level 1:colcon.colcon_core.package_identification:_identify(libtorch/share/cmake) by extension 'ignore_ament_install'
[0.429s] Level 1:colcon.colcon_core.package_identification:_identify(libtorch/share/cmake) by extensions ['colcon_pkg']
[0.429s] Level 1:colcon.colcon_core.package_identification:_identify(libtorch/share/cmake) by extension 'colcon_pkg'
[0.429s] Level 1:colcon.colcon_core.package_identification:_identify(libtorch/share/cmake) by extensions ['colcon_meta']
[0.429s] Level 1:colcon.colcon_core.package_identification:_identify(libtorch/share/cmake) by extension 'colcon_meta'
[0.429s] Level 1:colcon.colcon_core.package_identification:_identify(libtorch/share/cmake) by extensions ['ros']
[0.429s] Level 1:colcon.colcon_core.package_identification:_identify(libtorch/share/cmake) by extension 'ros'
[0.429s] Level 1:colcon.colcon_core.package_identification:_identify(libtorch/share/cmake) by extensions ['cmake', 'python']
[0.429s] Level 1:colcon.colcon_core.package_identification:_identify(libtorch/share/cmake) by extension 'cmake'
[0.429s] Level 1:colcon.colcon_core.package_identification:_identify(libtorch/share/cmake) by extension 'python'
[0.429s] Level 1:colcon.colcon_core.package_identification:_identify(libtorch/share/cmake) by extensions ['python_setup_py']
[0.429s] Level 1:colcon.colcon_core.package_identification:_identify(libtorch/share/cmake) by extension 'python_setup_py'
[0.429s] Level 1:colcon.colcon_core.package_identification:_identify(libtorch/share/cmake/ATen) by extensions ['ignore', 'ignore_ament_install']
[0.429s] Level 1:colcon.colcon_core.package_identification:_identify(libtorch/share/cmake/ATen) by extension 'ignore'
[0.429s] Level 1:colcon.colcon_core.package_identification:_identify(libtorch/share/cmake/ATen) by extension 'ignore_ament_install'
[0.429s] Level 1:colcon.colcon_core.package_identification:_identify(libtorch/share/cmake/ATen) by extensions ['colcon_pkg']
[0.429s] Level 1:colcon.colcon_core.package_identification:_identify(libtorch/share/cmake/ATen) by extension 'colcon_pkg'
[0.429s] Level 1:colcon.colcon_core.package_identification:_identify(libtorch/share/cmake/ATen) by extensions ['colcon_meta']
[0.429s] Level 1:colcon.colcon_core.package_identification:_identify(libtorch/share/cmake/ATen) by extension 'colcon_meta'
[0.429s] Level 1:colcon.colcon_core.package_identification:_identify(libtorch/share/cmake/ATen) by extensions ['ros']
[0.430s] Level 1:colcon.colcon_core.package_identification:_identify(libtorch/share/cmake/ATen) by extension 'ros'
[0.430s] Level 1:colcon.colcon_core.package_identification:_identify(libtorch/share/cmake/ATen) by extensions ['cmake', 'python']
[0.430s] Level 1:colcon.colcon_core.package_identification:_identify(libtorch/share/cmake/ATen) by extension 'cmake'
[0.430s] Level 1:colcon.colcon_core.package_identification:_identify(libtorch/share/cmake/ATen) by extension 'python'
[0.430s] Level 1:colcon.colcon_core.package_identification:_identify(libtorch/share/cmake/ATen) by extensions ['python_setup_py']
[0.430s] Level 1:colcon.colcon_core.package_identification:_identify(libtorch/share/cmake/ATen) by extension 'python_setup_py'
[0.430s] Level 1:colcon.colcon_core.package_identification:_identify(libtorch/share/cmake/Caffe2) by extensions ['ignore', 'ignore_ament_install']
[0.430s] Level 1:colcon.colcon_core.package_identification:_identify(libtorch/share/cmake/Caffe2) by extension 'ignore'
[0.430s] Level 1:colcon.colcon_core.package_identification:_identify(libtorch/share/cmake/Caffe2) by extension 'ignore_ament_install'
[0.430s] Level 1:colcon.colcon_core.package_identification:_identify(libtorch/share/cmake/Caffe2) by extensions ['colcon_pkg']
[0.430s] Level 1:colcon.colcon_core.package_identification:_identify(libtorch/share/cmake/Caffe2) by extension 'colcon_pkg'
[0.430s] Level 1:colcon.colcon_core.package_identification:_identify(libtorch/share/cmake/Caffe2) by extensions ['colcon_meta']
[0.430s] Level 1:colcon.colcon_core.package_identification:_identify(libtorch/share/cmake/Caffe2) by extension 'colcon_meta'
[0.430s] Level 1:colcon.colcon_core.package_identification:_identify(libtorch/share/cmake/Caffe2) by extensions ['ros']
[0.430s] Level 1:colcon.colcon_core.package_identification:_identify(libtorch/share/cmake/Caffe2) by extension 'ros'
[0.430s] Level 1:colcon.colcon_core.package_identification:_identify(libtorch/share/cmake/Caffe2) by extensions ['cmake', 'python']
[0.430s] Level 1:colcon.colcon_core.package_identification:_identify(libtorch/share/cmake/Caffe2) by extension 'cmake'
[0.430s] Level 1:colcon.colcon_core.package_identification:_identify(libtorch/share/cmake/Caffe2) by extension 'python'
[0.431s] Level 1:colcon.colcon_core.package_identification:_identify(libtorch/share/cmake/Caffe2) by extensions ['python_setup_py']
[0.431s] Level 1:colcon.colcon_core.package_identification:_identify(libtorch/share/cmake/Caffe2) by extension 'python_setup_py'
[0.431s] Level 1:colcon.colcon_core.package_identification:_identify(libtorch/share/cmake/Caffe2/Modules_CUDA_fix) by extensions ['ignore', 'ignore_ament_install']
[0.431s] Level 1:colcon.colcon_core.package_identification:_identify(libtorch/share/cmake/Caffe2/Modules_CUDA_fix) by extension 'ignore'
[0.431s] Level 1:colcon.colcon_core.package_identification:_identify(libtorch/share/cmake/Caffe2/Modules_CUDA_fix) by extension 'ignore_ament_install'
[0.431s] Level 1:colcon.colcon_core.package_identification:_identify(libtorch/share/cmake/Caffe2/Modules_CUDA_fix) by extensions ['colcon_pkg']
[0.431s] Level 1:colcon.colcon_core.package_identification:_identify(libtorch/share/cmake/Caffe2/Modules_CUDA_fix) by extension 'colcon_pkg'
[0.431s] Level 1:colcon.colcon_core.package_identification:_identify(libtorch/share/cmake/Caffe2/Modules_CUDA_fix) by extensions ['colcon_meta']
[0.431s] Level 1:colcon.colcon_core.package_identification:_identify(libtorch/share/cmake/Caffe2/Modules_CUDA_fix) by extension 'colcon_meta'
[0.431s] Level 1:colcon.colcon_core.package_identification:_identify(libtorch/share/cmake/Caffe2/Modules_CUDA_fix) by extensions ['ros']
[0.431s] Level 1:colcon.colcon_core.package_identification:_identify(libtorch/share/cmake/Caffe2/Modules_CUDA_fix) by extension 'ros'
[0.431s] Level 1:colcon.colcon_core.package_identification:_identify(libtorch/share/cmake/Caffe2/Modules_CUDA_fix) by extensions ['cmake', 'python']
[0.431s] Level 1:colcon.colcon_core.package_identification:_identify(libtorch/share/cmake/Caffe2/Modules_CUDA_fix) by extension 'cmake'
[0.431s] Level 1:colcon.colcon_core.package_identification:_identify(libtorch/share/cmake/Caffe2/Modules_CUDA_fix) by extension 'python'
[0.431s] Level 1:colcon.colcon_core.package_identification:_identify(libtorch/share/cmake/Caffe2/Modules_CUDA_fix) by extensions ['python_setup_py']
[0.431s] Level 1:colcon.colcon_core.package_identification:_identify(libtorch/share/cmake/Caffe2/Modules_CUDA_fix) by extension 'python_setup_py'
[0.431s] Level 1:colcon.colcon_core.package_identification:_identify(libtorch/share/cmake/Caffe2/Modules_CUDA_fix/upstream) by extensions ['ignore', 'ignore_ament_install']
[0.432s] Level 1:colcon.colcon_core.package_identification:_identify(libtorch/share/cmake/Caffe2/Modules_CUDA_fix/upstream) by extension 'ignore'
[0.432s] Level 1:colcon.colcon_core.package_identification:_identify(libtorch/share/cmake/Caffe2/Modules_CUDA_fix/upstream) by extension 'ignore_ament_install'
[0.432s] Level 1:colcon.colcon_core.package_identification:_identify(libtorch/share/cmake/Caffe2/Modules_CUDA_fix/upstream) by extensions ['colcon_pkg']
[0.432s] Level 1:colcon.colcon_core.package_identification:_identify(libtorch/share/cmake/Caffe2/Modules_CUDA_fix/upstream) by extension 'colcon_pkg'
[0.432s] Level 1:colcon.colcon_core.package_identification:_identify(libtorch/share/cmake/Caffe2/Modules_CUDA_fix/upstream) by extensions ['colcon_meta']
[0.432s] Level 1:colcon.colcon_core.package_identification:_identify(libtorch/share/cmake/Caffe2/Modules_CUDA_fix/upstream) by extension 'colcon_meta'
[0.432s] Level 1:colcon.colcon_core.package_identification:_identify(libtorch/share/cmake/Caffe2/Modules_CUDA_fix/upstream) by extensions ['ros']
[0.432s] Level 1:colcon.colcon_core.package_identification:_identify(libtorch/share/cmake/Caffe2/Modules_CUDA_fix/upstream) by extension 'ros'
[0.432s] Level 1:colcon.colcon_core.package_identification:_identify(libtorch/share/cmake/Caffe2/Modules_CUDA_fix/upstream) by extensions ['cmake', 'python']
[0.432s] Level 1:colcon.colcon_core.package_identification:_identify(libtorch/share/cmake/Caffe2/Modules_CUDA_fix/upstream) by extension 'cmake'
[0.432s] Level 1:colcon.colcon_core.package_identification:_identify(libtorch/share/cmake/Caffe2/Modules_CUDA_fix/upstream) by extension 'python'
[0.432s] Level 1:colcon.colcon_core.package_identification:_identify(libtorch/share/cmake/Caffe2/Modules_CUDA_fix/upstream) by extensions ['python_setup_py']
[0.432s] Level 1:colcon.colcon_core.package_identification:_identify(libtorch/share/cmake/Caffe2/Modules_CUDA_fix/upstream) by extension 'python_setup_py'
[0.432s] Level 1:colcon.colcon_core.package_identification:_identify(libtorch/share/cmake/Caffe2/Modules_CUDA_fix/upstream/FindCUDA) by extensions ['ignore', 'ignore_ament_install']
[0.433s] Level 1:colcon.colcon_core.package_identification:_identify(libtorch/share/cmake/Caffe2/Modules_CUDA_fix/upstream/FindCUDA) by extension 'ignore'
[0.433s] Level 1:colcon.colcon_core.package_identification:_identify(libtorch/share/cmake/Caffe2/Modules_CUDA_fix/upstream/FindCUDA) by extension 'ignore_ament_install'
[0.433s] Level 1:colcon.colcon_core.package_identification:_identify(libtorch/share/cmake/Caffe2/Modules_CUDA_fix/upstream/FindCUDA) by extensions ['colcon_pkg']
[0.433s] Level 1:colcon.colcon_core.package_identification:_identify(libtorch/share/cmake/Caffe2/Modules_CUDA_fix/upstream/FindCUDA) by extension 'colcon_pkg'
[0.433s] Level 1:colcon.colcon_core.package_identification:_identify(libtorch/share/cmake/Caffe2/Modules_CUDA_fix/upstream/FindCUDA) by extensions ['colcon_meta']
[0.433s] Level 1:colcon.colcon_core.package_identification:_identify(libtorch/share/cmake/Caffe2/Modules_CUDA_fix/upstream/FindCUDA) by extension 'colcon_meta'
[0.433s] Level 1:colcon.colcon_core.package_identification:_identify(libtorch/share/cmake/Caffe2/Modules_CUDA_fix/upstream/FindCUDA) by extensions ['ros']
[0.433s] Level 1:colcon.colcon_core.package_identification:_identify(libtorch/share/cmake/Caffe2/Modules_CUDA_fix/upstream/FindCUDA) by extension 'ros'
[0.433s] Level 1:colcon.colcon_core.package_identification:_identify(libtorch/share/cmake/Caffe2/Modules_CUDA_fix/upstream/FindCUDA) by extensions ['cmake', 'python']
[0.433s] Level 1:colcon.colcon_core.package_identification:_identify(libtorch/share/cmake/Caffe2/Modules_CUDA_fix/upstream/FindCUDA) by extension 'cmake'
[0.433s] Level 1:colcon.colcon_core.package_identification:_identify(libtorch/share/cmake/Caffe2/Modules_CUDA_fix/upstream/FindCUDA) by extension 'python'
[0.433s] Level 1:colcon.colcon_core.package_identification:_identify(libtorch/share/cmake/Caffe2/Modules_CUDA_fix/upstream/FindCUDA) by extensions ['python_setup_py']
[0.433s] Level 1:colcon.colcon_core.package_identification:_identify(libtorch/share/cmake/Caffe2/Modules_CUDA_fix/upstream/FindCUDA) by extension 'python_setup_py'
[0.434s] Level 1:colcon.colcon_core.package_identification:_identify(libtorch/share/cmake/Caffe2/public) by extensions ['ignore', 'ignore_ament_install']
[0.434s] Level 1:colcon.colcon_core.package_identification:_identify(libtorch/share/cmake/Caffe2/public) by extension 'ignore'
[0.434s] Level 1:colcon.colcon_core.package_identification:_identify(libtorch/share/cmake/Caffe2/public) by extension 'ignore_ament_install'
[0.434s] Level 1:colcon.colcon_core.package_identification:_identify(libtorch/share/cmake/Caffe2/public) by extensions ['colcon_pkg']
[0.434s] Level 1:colcon.colcon_core.package_identification:_identify(libtorch/share/cmake/Caffe2/public) by extension 'colcon_pkg'
[0.434s] Level 1:colcon.colcon_core.package_identification:_identify(libtorch/share/cmake/Caffe2/public) by extensions ['colcon_meta']
[0.434s] Level 1:colcon.colcon_core.package_identification:_identify(libtorch/share/cmake/Caffe2/public) by extension 'colcon_meta'
[0.434s] Level 1:colcon.colcon_core.package_identification:_identify(libtorch/share/cmake/Caffe2/public) by extensions ['ros']
[0.434s] Level 1:colcon.colcon_core.package_identification:_identify(libtorch/share/cmake/Caffe2/public) by extension 'ros'
[0.434s] Level 1:colcon.colcon_core.package_identification:_identify(libtorch/share/cmake/Caffe2/public) by extensions ['cmake', 'python']
[0.434s] Level 1:colcon.colcon_core.package_identification:_identify(libtorch/share/cmake/Caffe2/public) by extension 'cmake'
[0.435s] Level 1:colcon.colcon_core.package_identification:_identify(libtorch/share/cmake/Caffe2/public) by extension 'python'
[0.435s] Level 1:colcon.colcon_core.package_identification:_identify(libtorch/share/cmake/Caffe2/public) by extensions ['python_setup_py']
[0.435s] Level 1:colcon.colcon_core.package_identification:_identify(libtorch/share/cmake/Caffe2/public) by extension 'python_setup_py'
[0.435s] Level 1:colcon.colcon_core.package_identification:_identify(libtorch/share/cmake/Gloo) by extensions ['ignore', 'ignore_ament_install']
[0.435s] Level 1:colcon.colcon_core.package_identification:_identify(libtorch/share/cmake/Gloo) by extension 'ignore'
[0.435s] Level 1:colcon.colcon_core.package_identification:_identify(libtorch/share/cmake/Gloo) by extension 'ignore_ament_install'
[0.435s] Level 1:colcon.colcon_core.package_identification:_identify(libtorch/share/cmake/Gloo) by extensions ['colcon_pkg']
[0.435s] Level 1:colcon.colcon_core.package_identification:_identify(libtorch/share/cmake/Gloo) by extension 'colcon_pkg'
[0.435s] Level 1:colcon.colcon_core.package_identification:_identify(libtorch/share/cmake/Gloo) by extensions ['colcon_meta']
[0.435s] Level 1:colcon.colcon_core.package_identification:_identify(libtorch/share/cmake/Gloo) by extension 'colcon_meta'
[0.435s] Level 1:colcon.colcon_core.package_identification:_identify(libtorch/share/cmake/Gloo) by extensions ['ros']
[0.435s] Level 1:colcon.colcon_core.package_identification:_identify(libtorch/share/cmake/Gloo) by extension 'ros'
[0.435s] Level 1:colcon.colcon_core.package_identification:_identify(libtorch/share/cmake/Gloo) by extensions ['cmake', 'python']
[0.435s] Level 1:colcon.colcon_core.package_identification:_identify(libtorch/share/cmake/Gloo) by extension 'cmake'
[0.435s] Level 1:colcon.colcon_core.package_identification:_identify(libtorch/share/cmake/Gloo) by extension 'python'
[0.435s] Level 1:colcon.colcon_core.package_identification:_identify(libtorch/share/cmake/Gloo) by extensions ['python_setup_py']
[0.435s] Level 1:colcon.colcon_core.package_identification:_identify(libtorch/share/cmake/Gloo) by extension 'python_setup_py'
[0.436s] Level 1:colcon.colcon_core.package_identification:_identify(libtorch/share/cmake/Tensorpipe) by extensions ['ignore', 'ignore_ament_install']
[0.436s] Level 1:colcon.colcon_core.package_identification:_identify(libtorch/share/cmake/Tensorpipe) by extension 'ignore'
[0.436s] Level 1:colcon.colcon_core.package_identification:_identify(libtorch/share/cmake/Tensorpipe) by extension 'ignore_ament_install'
[0.436s] Level 1:colcon.colcon_core.package_identification:_identify(libtorch/share/cmake/Tensorpipe) by extensions ['colcon_pkg']
[0.436s] Level 1:colcon.colcon_core.package_identification:_identify(libtorch/share/cmake/Tensorpipe) by extension 'colcon_pkg'
[0.436s] Level 1:colcon.colcon_core.package_identification:_identify(libtorch/share/cmake/Tensorpipe) by extensions ['colcon_meta']
[0.436s] Level 1:colcon.colcon_core.package_identification:_identify(libtorch/share/cmake/Tensorpipe) by extension 'colcon_meta'
[0.436s] Level 1:colcon.colcon_core.package_identification:_identify(libtorch/share/cmake/Tensorpipe) by extensions ['ros']
[0.436s] Level 1:colcon.colcon_core.package_identification:_identify(libtorch/share/cmake/Tensorpipe) by extension 'ros'
[0.436s] Level 1:colcon.colcon_core.package_identification:_identify(libtorch/share/cmake/Tensorpipe) by extensions ['cmake', 'python']
[0.436s] Level 1:colcon.colcon_core.package_identification:_identify(libtorch/share/cmake/Tensorpipe) by extension 'cmake'
[0.436s] Level 1:colcon.colcon_core.package_identification:_identify(libtorch/share/cmake/Tensorpipe) by extension 'python'
[0.436s] Level 1:colcon.colcon_core.package_identification:_identify(libtorch/share/cmake/Tensorpipe) by extensions ['python_setup_py']
[0.436s] Level 1:colcon.colcon_core.package_identification:_identify(libtorch/share/cmake/Tensorpipe) by extension 'python_setup_py'
[0.436s] Level 1:colcon.colcon_core.package_identification:_identify(libtorch/share/cmake/Torch) by extensions ['ignore', 'ignore_ament_install']
[0.436s] Level 1:colcon.colcon_core.package_identification:_identify(libtorch/share/cmake/Torch) by extension 'ignore'
[0.437s] Level 1:colcon.colcon_core.package_identification:_identify(libtorch/share/cmake/Torch) by extension 'ignore_ament_install'
[0.437s] Level 1:colcon.colcon_core.package_identification:_identify(libtorch/share/cmake/Torch) by extensions ['colcon_pkg']
[0.437s] Level 1:colcon.colcon_core.package_identification:_identify(libtorch/share/cmake/Torch) by extension 'colcon_pkg'
[0.437s] Level 1:colcon.colcon_core.package_identification:_identify(libtorch/share/cmake/Torch) by extensions ['colcon_meta']
[0.437s] Level 1:colcon.colcon_core.package_identification:_identify(libtorch/share/cmake/Torch) by extension 'colcon_meta'
[0.437s] Level 1:colcon.colcon_core.package_identification:_identify(libtorch/share/cmake/Torch) by extensions ['ros']
[0.437s] Level 1:colcon.colcon_core.package_identification:_identify(libtorch/share/cmake/Torch) by extension 'ros'
[0.437s] Level 1:colcon.colcon_core.package_identification:_identify(libtorch/share/cmake/Torch) by extensions ['cmake', 'python']
[0.437s] Level 1:colcon.colcon_core.package_identification:_identify(libtorch/share/cmake/Torch) by extension 'cmake'
[0.437s] Level 1:colcon.colcon_core.package_identification:_identify(libtorch/share/cmake/Torch) by extension 'python'
[0.437s] Level 1:colcon.colcon_core.package_identification:_identify(libtorch/share/cmake/Torch) by extensions ['python_setup_py']
[0.437s] Level 1:colcon.colcon_core.package_identification:_identify(libtorch/share/cmake/Torch) by extension 'python_setup_py'
[0.437s] Level 1:colcon.colcon_core.package_identification:_identify(log) by extensions ['ignore', 'ignore_ament_install']
[0.437s] Level 1:colcon.colcon_core.package_identification:_identify(log) by extension 'ignore'
[0.437s] Level 1:colcon.colcon_core.package_identification:_identify(log) ignored
[0.437s] Level 1:colcon.colcon_core.package_identification:_identify(src) by extensions ['ignore', 'ignore_ament_install']
[0.437s] Level 1:colcon.colcon_core.package_identification:_identify(src) by extension 'ignore'
[0.438s] Level 1:colcon.colcon_core.package_identification:_identify(src) by extension 'ignore_ament_install'
[0.438s] Level 1:colcon.colcon_core.package_identification:_identify(src) by extensions ['colcon_pkg']
[0.438s] Level 1:colcon.colcon_core.package_identification:_identify(src) by extension 'colcon_pkg'
[0.438s] Level 1:colcon.colcon_core.package_identification:_identify(src) by extensions ['colcon_meta']
[0.438s] Level 1:colcon.colcon_core.package_identification:_identify(src) by extension 'colcon_meta'
[0.438s] Level 1:colcon.colcon_core.package_identification:_identify(src) by extensions ['ros']
[0.438s] Level 1:colcon.colcon_core.package_identification:_identify(src) by extension 'ros'
[0.438s] Level 1:colcon.colcon_core.package_identification:_identify(src) by extensions ['cmake', 'python']
[0.438s] Level 1:colcon.colcon_core.package_identification:_identify(src) by extension 'cmake'
[0.438s] Level 1:colcon.colcon_core.package_identification:_identify(src) by extension 'python'
[0.438s] Level 1:colcon.colcon_core.package_identification:_identify(src) by extensions ['python_setup_py']
[0.438s] Level 1:colcon.colcon_core.package_identification:_identify(src) by extension 'python_setup_py'
[0.438s] Level 1:colcon.colcon_core.package_identification:_identify(src/ros2_unitree_legged_msgs) by extensions ['ignore', 'ignore_ament_install']
[0.438s] Level 1:colcon.colcon_core.package_identification:_identify(src/ros2_unitree_legged_msgs) by extension 'ignore'
[0.438s] Level 1:colcon.colcon_core.package_identification:_identify(src/ros2_unitree_legged_msgs) by extension 'ignore_ament_install'
[0.438s] Level 1:colcon.colcon_core.package_identification:_identify(src/ros2_unitree_legged_msgs) by extensions ['colcon_pkg']
[0.438s] Level 1:colcon.colcon_core.package_identification:_identify(src/ros2_unitree_legged_msgs) by extension 'colcon_pkg'
[0.438s] Level 1:colcon.colcon_core.package_identification:_identify(src/ros2_unitree_legged_msgs) by extensions ['colcon_meta']
[0.438s] Level 1:colcon.colcon_core.package_identification:_identify(src/ros2_unitree_legged_msgs) by extension 'colcon_meta'
[0.438s] Level 1:colcon.colcon_core.package_identification:_identify(src/ros2_unitree_legged_msgs) by extensions ['ros']
[0.438s] Level 1:colcon.colcon_core.package_identification:_identify(src/ros2_unitree_legged_msgs) by extension 'ros'
[0.445s] DEBUG:colcon.colcon_core.package_identification:Package 'src/ros2_unitree_legged_msgs' with type 'ros.ament_cmake' and name 'ros2_unitree_legged_msgs'
[0.445s] Level 1:colcon.colcon_core.package_identification:_identify(src/unitree_mujoco) by extensions ['ignore', 'ignore_ament_install']
[0.445s] Level 1:colcon.colcon_core.package_identification:_identify(src/unitree_mujoco) by extension 'ignore'
[0.445s] Level 1:colcon.colcon_core.package_identification:_identify(src/unitree_mujoco) by extension 'ignore_ament_install'
[0.446s] Level 1:colcon.colcon_core.package_identification:_identify(src/unitree_mujoco) by extensions ['colcon_pkg']
[0.446s] Level 1:colcon.colcon_core.package_identification:_identify(src/unitree_mujoco) by extension 'colcon_pkg'
[0.446s] Level 1:colcon.colcon_core.package_identification:_identify(src/unitree_mujoco) by extensions ['colcon_meta']
[0.446s] Level 1:colcon.colcon_core.package_identification:_identify(src/unitree_mujoco) by extension 'colcon_meta'
[0.446s] Level 1:colcon.colcon_core.package_identification:_identify(src/unitree_mujoco) by extensions ['ros']
[0.446s] Level 1:colcon.colcon_core.package_identification:_identify(src/unitree_mujoco) by extension 'ros'
[0.446s] Level 1:colcon.colcon_core.package_identification:_identify(src/unitree_mujoco) by extensions ['cmake', 'python']
[0.446s] Level 1:colcon.colcon_core.package_identification:_identify(src/unitree_mujoco) by extension 'cmake'
[0.446s] Level 1:colcon.colcon_core.package_identification:_identify(src/unitree_mujoco) by extension 'python'
[0.446s] Level 1:colcon.colcon_core.package_identification:_identify(src/unitree_mujoco) by extensions ['python_setup_py']
[0.446s] Level 1:colcon.colcon_core.package_identification:_identify(src/unitree_mujoco) by extension 'python_setup_py'
[0.446s] Level 1:colcon.colcon_core.package_identification:_identify(src/unitree_mujoco/doc) by extensions ['ignore', 'ignore_ament_install']
[0.446s] Level 1:colcon.colcon_core.package_identification:_identify(src/unitree_mujoco/doc) by extension 'ignore'
[0.446s] Level 1:colcon.colcon_core.package_identification:_identify(src/unitree_mujoco/doc) by extension 'ignore_ament_install'
[0.446s] Level 1:colcon.colcon_core.package_identification:_identify(src/unitree_mujoco/doc) by extensions ['colcon_pkg']
[0.446s] Level 1:colcon.colcon_core.package_identification:_identify(src/unitree_mujoco/doc) by extension 'colcon_pkg'
[0.446s] Level 1:colcon.colcon_core.package_identification:_identify(src/unitree_mujoco/doc) by extensions ['colcon_meta']
[0.446s] Level 1:colcon.colcon_core.package_identification:_identify(src/unitree_mujoco/doc) by extension 'colcon_meta'
[0.447s] Level 1:colcon.colcon_core.package_identification:_identify(src/unitree_mujoco/doc) by extensions ['ros']
[0.447s] Level 1:colcon.colcon_core.package_identification:_identify(src/unitree_mujoco/doc) by extension 'ros'
[0.447s] Level 1:colcon.colcon_core.package_identification:_identify(src/unitree_mujoco/doc) by extensions ['cmake', 'python']
[0.447s] Level 1:colcon.colcon_core.package_identification:_identify(src/unitree_mujoco/doc) by extension 'cmake'
[0.447s] Level 1:colcon.colcon_core.package_identification:_identify(src/unitree_mujoco/doc) by extension 'python'
[0.447s] Level 1:colcon.colcon_core.package_identification:_identify(src/unitree_mujoco/doc) by extensions ['python_setup_py']
[0.447s] Level 1:colcon.colcon_core.package_identification:_identify(src/unitree_mujoco/doc) by extension 'python_setup_py'
[0.447s] Level 1:colcon.colcon_core.package_identification:_identify(src/unitree_mujoco/example) by extensions ['ignore', 'ignore_ament_install']
[0.447s] Level 1:colcon.colcon_core.package_identification:_identify(src/unitree_mujoco/example) by extension 'ignore'
[0.447s] Level 1:colcon.colcon_core.package_identification:_identify(src/unitree_mujoco/example) by extension 'ignore_ament_install'
[0.447s] Level 1:colcon.colcon_core.package_identification:_identify(src/unitree_mujoco/example) by extensions ['colcon_pkg']
[0.447s] Level 1:colcon.colcon_core.package_identification:_identify(src/unitree_mujoco/example) by extension 'colcon_pkg'
[0.447s] Level 1:colcon.colcon_core.package_identification:_identify(src/unitree_mujoco/example) by extensions ['colcon_meta']
[0.447s] Level 1:colcon.colcon_core.package_identification:_identify(src/unitree_mujoco/example) by extension 'colcon_meta'
[0.447s] Level 1:colcon.colcon_core.package_identification:_identify(src/unitree_mujoco/example) by extensions ['ros']
[0.447s] Level 1:colcon.colcon_core.package_identification:_identify(src/unitree_mujoco/example) by extension 'ros'
[0.447s] Level 1:colcon.colcon_core.package_identification:_identify(src/unitree_mujoco/example) by extensions ['cmake', 'python']
[0.447s] Level 1:colcon.colcon_core.package_identification:_identify(src/unitree_mujoco/example) by extension 'cmake'
[0.448s] Level 1:colcon.colcon_core.package_identification:_identify(src/unitree_mujoco/example) by extension 'python'
[0.448s] Level 1:colcon.colcon_core.package_identification:_identify(src/unitree_mujoco/example) by extensions ['python_setup_py']
[0.448s] Level 1:colcon.colcon_core.package_identification:_identify(src/unitree_mujoco/example) by extension 'python_setup_py'
[0.448s] Level 1:colcon.colcon_core.package_identification:_identify(src/unitree_mujoco/example/ros2) by extensions ['ignore', 'ignore_ament_install']
[0.448s] Level 1:colcon.colcon_core.package_identification:_identify(src/unitree_mujoco/example/ros2) by extension 'ignore'
[0.448s] Level 1:colcon.colcon_core.package_identification:_identify(src/unitree_mujoco/example/ros2) by extension 'ignore_ament_install'
[0.448s] Level 1:colcon.colcon_core.package_identification:_identify(src/unitree_mujoco/example/ros2) by extensions ['colcon_pkg']
[0.448s] Level 1:colcon.colcon_core.package_identification:_identify(src/unitree_mujoco/example/ros2) by extension 'colcon_pkg'
[0.448s] Level 1:colcon.colcon_core.package_identification:_identify(src/unitree_mujoco/example/ros2) by extensions ['colcon_meta']
[0.448s] Level 1:colcon.colcon_core.package_identification:_identify(src/unitree_mujoco/example/ros2) by extension 'colcon_meta'
[0.448s] Level 1:colcon.colcon_core.package_identification:_identify(src/unitree_mujoco/example/ros2) by extensions ['ros']
[0.448s] Level 1:colcon.colcon_core.package_identification:_identify(src/unitree_mujoco/example/ros2) by extension 'ros'
[0.449s] DEBUG:colcon.colcon_core.package_identification:Package 'src/unitree_mujoco/example/ros2' with type 'ros.ament_cmake' and name 'stand_go2'
[0.450s] Level 1:colcon.colcon_core.package_identification:_identify(src/unitree_mujoco/simulate) by extensions ['ignore', 'ignore_ament_install']
[0.450s] Level 1:colcon.colcon_core.package_identification:_identify(src/unitree_mujoco/simulate) by extension 'ignore'
[0.450s] Level 1:colcon.colcon_core.package_identification:_identify(src/unitree_mujoco/simulate) by extension 'ignore_ament_install'
[0.450s] Level 1:colcon.colcon_core.package_identification:_identify(src/unitree_mujoco/simulate) by extensions ['colcon_pkg']
[0.450s] Level 1:colcon.colcon_core.package_identification:_identify(src/unitree_mujoco/simulate) by extension 'colcon_pkg'
[0.450s] Level 1:colcon.colcon_core.package_identification:_identify(src/unitree_mujoco/simulate) by extensions ['colcon_meta']
[0.450s] Level 1:colcon.colcon_core.package_identification:_identify(src/unitree_mujoco/simulate) by extension 'colcon_meta'
[0.450s] Level 1:colcon.colcon_core.package_identification:_identify(src/unitree_mujoco/simulate) by extensions ['ros']
[0.450s] Level 1:colcon.colcon_core.package_identification:_identify(src/unitree_mujoco/simulate) by extension 'ros'
[0.451s] DEBUG:colcon.colcon_core.package_identification:Package 'src/unitree_mujoco/simulate' with type 'ros.ament_cmake' and name 'unitree_mujoco'
[0.451s] Level 1:colcon.colcon_core.package_identification:_identify(src/unitree_mujoco/simulate_python) by extensions ['ignore', 'ignore_ament_install']
[0.451s] Level 1:colcon.colcon_core.package_identification:_identify(src/unitree_mujoco/simulate_python) by extension 'ignore'
[0.451s] Level 1:colcon.colcon_core.package_identification:_identify(src/unitree_mujoco/simulate_python) by extension 'ignore_ament_install'
[0.451s] Level 1:colcon.colcon_core.package_identification:_identify(src/unitree_mujoco/simulate_python) by extensions ['colcon_pkg']
[0.451s] Level 1:colcon.colcon_core.package_identification:_identify(src/unitree_mujoco/simulate_python) by extension 'colcon_pkg'
[0.452s] Level 1:colcon.colcon_core.package_identification:_identify(src/unitree_mujoco/simulate_python) by extensions ['colcon_meta']
[0.452s] Level 1:colcon.colcon_core.package_identification:_identify(src/unitree_mujoco/simulate_python) by extension 'colcon_meta'
[0.452s] Level 1:colcon.colcon_core.package_identification:_identify(src/unitree_mujoco/simulate_python) by extensions ['ros']
[0.452s] Level 1:colcon.colcon_core.package_identification:_identify(src/unitree_mujoco/simulate_python) by extension 'ros'
[0.452s] Level 1:colcon.colcon_core.package_identification:_identify(src/unitree_mujoco/simulate_python) by extensions ['cmake', 'python']
[0.452s] Level 1:colcon.colcon_core.package_identification:_identify(src/unitree_mujoco/simulate_python) by extension 'cmake'
[0.452s] Level 1:colcon.colcon_core.package_identification:_identify(src/unitree_mujoco/simulate_python) by extension 'python'
[0.452s] Level 1:colcon.colcon_core.package_identification:_identify(src/unitree_mujoco/simulate_python) by extensions ['python_setup_py']
[0.452s] Level 1:colcon.colcon_core.package_identification:_identify(src/unitree_mujoco/simulate_python) by extension 'python_setup_py'
[0.452s] Level 1:colcon.colcon_core.package_identification:_identify(src/unitree_mujoco/simulate_python/test) by extensions ['ignore', 'ignore_ament_install']
[0.452s] Level 1:colcon.colcon_core.package_identification:_identify(src/unitree_mujoco/simulate_python/test) by extension 'ignore'
[0.452s] Level 1:colcon.colcon_core.package_identification:_identify(src/unitree_mujoco/simulate_python/test) by extension 'ignore_ament_install'
[0.452s] Level 1:colcon.colcon_core.package_identification:_identify(src/unitree_mujoco/simulate_python/test) by extensions ['colcon_pkg']
[0.452s] Level 1:colcon.colcon_core.package_identification:_identify(src/unitree_mujoco/simulate_python/test) by extension 'colcon_pkg'
[0.452s] Level 1:colcon.colcon_core.package_identification:_identify(src/unitree_mujoco/simulate_python/test) by extensions ['colcon_meta']
[0.452s] Level 1:colcon.colcon_core.package_identification:_identify(src/unitree_mujoco/simulate_python/test) by extension 'colcon_meta'
[0.452s] Level 1:colcon.colcon_core.package_identification:_identify(src/unitree_mujoco/simulate_python/test) by extensions ['ros']
[0.452s] Level 1:colcon.colcon_core.package_identification:_identify(src/unitree_mujoco/simulate_python/test) by extension 'ros'
[0.452s] Level 1:colcon.colcon_core.package_identification:_identify(src/unitree_mujoco/simulate_python/test) by extensions ['cmake', 'python']
[0.453s] Level 1:colcon.colcon_core.package_identification:_identify(src/unitree_mujoco/simulate_python/test) by extension 'cmake'
[0.453s] Level 1:colcon.colcon_core.package_identification:_identify(src/unitree_mujoco/simulate_python/test) by extension 'python'
[0.453s] Level 1:colcon.colcon_core.package_identification:_identify(src/unitree_mujoco/simulate_python/test) by extensions ['python_setup_py']
[0.453s] Level 1:colcon.colcon_core.package_identification:_identify(src/unitree_mujoco/simulate_python/test) by extension 'python_setup_py'
[0.453s] Level 1:colcon.colcon_core.package_identification:_identify(src/unitree_mujoco/terrain_tool) by extensions ['ignore', 'ignore_ament_install']
[0.453s] Level 1:colcon.colcon_core.package_identification:_identify(src/unitree_mujoco/terrain_tool) by extension 'ignore'
[0.453s] Level 1:colcon.colcon_core.package_identification:_identify(src/unitree_mujoco/terrain_tool) by extension 'ignore_ament_install'
[0.453s] Level 1:colcon.colcon_core.package_identification:_identify(src/unitree_mujoco/terrain_tool) by extensions ['colcon_pkg']
[0.453s] Level 1:colcon.colcon_core.package_identification:_identify(src/unitree_mujoco/terrain_tool) by extension 'colcon_pkg'
[0.453s] Level 1:colcon.colcon_core.package_identification:_identify(src/unitree_mujoco/terrain_tool) by extensions ['colcon_meta']
[0.453s] Level 1:colcon.colcon_core.package_identification:_identify(src/unitree_mujoco/terrain_tool) by extension 'colcon_meta'
[0.453s] Level 1:colcon.colcon_core.package_identification:_identify(src/unitree_mujoco/terrain_tool) by extensions ['ros']
[0.453s] Level 1:colcon.colcon_core.package_identification:_identify(src/unitree_mujoco/terrain_tool) by extension 'ros'
[0.453s] Level 1:colcon.colcon_core.package_identification:_identify(src/unitree_mujoco/terrain_tool) by extensions ['cmake', 'python']
[0.453s] Level 1:colcon.colcon_core.package_identification:_identify(src/unitree_mujoco/terrain_tool) by extension 'cmake'
[0.453s] Level 1:colcon.colcon_core.package_identification:_identify(src/unitree_mujoco/terrain_tool) by extension 'python'
[0.453s] Level 1:colcon.colcon_core.package_identification:_identify(src/unitree_mujoco/terrain_tool) by extensions ['python_setup_py']
[0.453s] Level 1:colcon.colcon_core.package_identification:_identify(src/unitree_mujoco/terrain_tool) by extension 'python_setup_py'
[0.453s] Level 1:colcon.colcon_core.package_identification:_identify(src/unitree_mujoco/unitree_robots) by extensions ['ignore', 'ignore_ament_install']
[0.454s] Level 1:colcon.colcon_core.package_identification:_identify(src/unitree_mujoco/unitree_robots) by extension 'ignore'
[0.454s] Level 1:colcon.colcon_core.package_identification:_identify(src/unitree_mujoco/unitree_robots) by extension 'ignore_ament_install'
[0.454s] Level 1:colcon.colcon_core.package_identification:_identify(src/unitree_mujoco/unitree_robots) by extensions ['colcon_pkg']
[0.454s] Level 1:colcon.colcon_core.package_identification:_identify(src/unitree_mujoco/unitree_robots) by extension 'colcon_pkg'
[0.454s] Level 1:colcon.colcon_core.package_identification:_identify(src/unitree_mujoco/unitree_robots) by extensions ['colcon_meta']
[0.454s] Level 1:colcon.colcon_core.package_identification:_identify(src/unitree_mujoco/unitree_robots) by extension 'colcon_meta'
[0.454s] Level 1:colcon.colcon_core.package_identification:_identify(src/unitree_mujoco/unitree_robots) by extensions ['ros']
[0.454s] Level 1:colcon.colcon_core.package_identification:_identify(src/unitree_mujoco/unitree_robots) by extension 'ros'
[0.454s] Level 1:colcon.colcon_core.package_identification:_identify(src/unitree_mujoco/unitree_robots) by extensions ['cmake', 'python']
[0.454s] Level 1:colcon.colcon_core.package_identification:_identify(src/unitree_mujoco/unitree_robots) by extension 'cmake'
[0.454s] Level 1:colcon.colcon_core.package_identification:_identify(src/unitree_mujoco/unitree_robots) by extension 'python'
[0.454s] Level 1:colcon.colcon_core.package_identification:_identify(src/unitree_mujoco/unitree_robots) by extensions ['python_setup_py']
[0.454s] Level 1:colcon.colcon_core.package_identification:_identify(src/unitree_mujoco/unitree_robots) by extension 'python_setup_py'
[0.454s] Level 1:colcon.colcon_core.package_identification:_identify(src/unitree_mujoco/unitree_robots/b2) by extensions ['ignore', 'ignore_ament_install']
[0.454s] Level 1:colcon.colcon_core.package_identification:_identify(src/unitree_mujoco/unitree_robots/b2) by extension 'ignore'
[0.454s] Level 1:colcon.colcon_core.package_identification:_identify(src/unitree_mujoco/unitree_robots/b2) by extension 'ignore_ament_install'
[0.454s] Level 1:colcon.colcon_core.package_identification:_identify(src/unitree_mujoco/unitree_robots/b2) by extensions ['colcon_pkg']
[0.454s] Level 1:colcon.colcon_core.package_identification:_identify(src/unitree_mujoco/unitree_robots/b2) by extension 'colcon_pkg'
[0.455s] Level 1:colcon.colcon_core.package_identification:_identify(src/unitree_mujoco/unitree_robots/b2) by extensions ['colcon_meta']
[0.455s] Level 1:colcon.colcon_core.package_identification:_identify(src/unitree_mujoco/unitree_robots/b2) by extension 'colcon_meta'
[0.455s] Level 1:colcon.colcon_core.package_identification:_identify(src/unitree_mujoco/unitree_robots/b2) by extensions ['ros']
[0.455s] Level 1:colcon.colcon_core.package_identification:_identify(src/unitree_mujoco/unitree_robots/b2) by extension 'ros'
[0.455s] Level 1:colcon.colcon_core.package_identification:_identify(src/unitree_mujoco/unitree_robots/b2) by extensions ['cmake', 'python']
[0.455s] Level 1:colcon.colcon_core.package_identification:_identify(src/unitree_mujoco/unitree_robots/b2) by extension 'cmake'
[0.455s] Level 1:colcon.colcon_core.package_identification:_identify(src/unitree_mujoco/unitree_robots/b2) by extension 'python'
[0.455s] Level 1:colcon.colcon_core.package_identification:_identify(src/unitree_mujoco/unitree_robots/b2) by extensions ['python_setup_py']
[0.455s] Level 1:colcon.colcon_core.package_identification:_identify(src/unitree_mujoco/unitree_robots/b2) by extension 'python_setup_py'
[0.455s] Level 1:colcon.colcon_core.package_identification:_identify(src/unitree_mujoco/unitree_robots/b2/assets) by extensions ['ignore', 'ignore_ament_install']
[0.455s] Level 1:colcon.colcon_core.package_identification:_identify(src/unitree_mujoco/unitree_robots/b2/assets) by extension 'ignore'
[0.455s] Level 1:colcon.colcon_core.package_identification:_identify(src/unitree_mujoco/unitree_robots/b2/assets) by extension 'ignore_ament_install'
[0.455s] Level 1:colcon.colcon_core.package_identification:_identify(src/unitree_mujoco/unitree_robots/b2/assets) by extensions ['colcon_pkg']
[0.455s] Level 1:colcon.colcon_core.package_identification:_identify(src/unitree_mujoco/unitree_robots/b2/assets) by extension 'colcon_pkg'
[0.455s] Level 1:colcon.colcon_core.package_identification:_identify(src/unitree_mujoco/unitree_robots/b2/assets) by extensions ['colcon_meta']
[0.455s] Level 1:colcon.colcon_core.package_identification:_identify(src/unitree_mujoco/unitree_robots/b2/assets) by extension 'colcon_meta'
[0.455s] Level 1:colcon.colcon_core.package_identification:_identify(src/unitree_mujoco/unitree_robots/b2/assets) by extensions ['ros']
[0.455s] Level 1:colcon.colcon_core.package_identification:_identify(src/unitree_mujoco/unitree_robots/b2/assets) by extension 'ros'
[0.456s] Level 1:colcon.colcon_core.package_identification:_identify(src/unitree_mujoco/unitree_robots/b2/assets) by extensions ['cmake', 'python']
[0.456s] Level 1:colcon.colcon_core.package_identification:_identify(src/unitree_mujoco/unitree_robots/b2/assets) by extension 'cmake'
[0.456s] Level 1:colcon.colcon_core.package_identification:_identify(src/unitree_mujoco/unitree_robots/b2/assets) by extension 'python'
[0.456s] Level 1:colcon.colcon_core.package_identification:_identify(src/unitree_mujoco/unitree_robots/b2/assets) by extensions ['python_setup_py']
[0.456s] Level 1:colcon.colcon_core.package_identification:_identify(src/unitree_mujoco/unitree_robots/b2/assets) by extension 'python_setup_py'
[0.456s] Level 1:colcon.colcon_core.package_identification:_identify(src/unitree_mujoco/unitree_robots/b2w) by extensions ['ignore', 'ignore_ament_install']
[0.456s] Level 1:colcon.colcon_core.package_identification:_identify(src/unitree_mujoco/unitree_robots/b2w) by extension 'ignore'
[0.456s] Level 1:colcon.colcon_core.package_identification:_identify(src/unitree_mujoco/unitree_robots/b2w) by extension 'ignore_ament_install'
[0.456s] Level 1:colcon.colcon_core.package_identification:_identify(src/unitree_mujoco/unitree_robots/b2w) by extensions ['colcon_pkg']
[0.456s] Level 1:colcon.colcon_core.package_identification:_identify(src/unitree_mujoco/unitree_robots/b2w) by extension 'colcon_pkg'
[0.456s] Level 1:colcon.colcon_core.package_identification:_identify(src/unitree_mujoco/unitree_robots/b2w) by extensions ['colcon_meta']
[0.456s] Level 1:colcon.colcon_core.package_identification:_identify(src/unitree_mujoco/unitree_robots/b2w) by extension 'colcon_meta'
[0.456s] Level 1:colcon.colcon_core.package_identification:_identify(src/unitree_mujoco/unitree_robots/b2w) by extensions ['ros']
[0.456s] Level 1:colcon.colcon_core.package_identification:_identify(src/unitree_mujoco/unitree_robots/b2w) by extension 'ros'
[0.456s] Level 1:colcon.colcon_core.package_identification:_identify(src/unitree_mujoco/unitree_robots/b2w) by extensions ['cmake', 'python']
[0.456s] Level 1:colcon.colcon_core.package_identification:_identify(src/unitree_mujoco/unitree_robots/b2w) by extension 'cmake'
[0.456s] Level 1:colcon.colcon_core.package_identification:_identify(src/unitree_mujoco/unitree_robots/b2w) by extension 'python'
[0.456s] Level 1:colcon.colcon_core.package_identification:_identify(src/unitree_mujoco/unitree_robots/b2w) by extensions ['python_setup_py']
[0.456s] Level 1:colcon.colcon_core.package_identification:_identify(src/unitree_mujoco/unitree_robots/b2w) by extension 'python_setup_py'
[0.457s] Level 1:colcon.colcon_core.package_identification:_identify(src/unitree_mujoco/unitree_robots/b2w/assets) by extensions ['ignore', 'ignore_ament_install']
[0.457s] Level 1:colcon.colcon_core.package_identification:_identify(src/unitree_mujoco/unitree_robots/b2w/assets) by extension 'ignore'
[0.457s] Level 1:colcon.colcon_core.package_identification:_identify(src/unitree_mujoco/unitree_robots/b2w/assets) by extension 'ignore_ament_install'
[0.457s] Level 1:colcon.colcon_core.package_identification:_identify(src/unitree_mujoco/unitree_robots/b2w/assets) by extensions ['colcon_pkg']
[0.457s] Level 1:colcon.colcon_core.package_identification:_identify(src/unitree_mujoco/unitree_robots/b2w/assets) by extension 'colcon_pkg'
[0.457s] Level 1:colcon.colcon_core.package_identification:_identify(src/unitree_mujoco/unitree_robots/b2w/assets) by extensions ['colcon_meta']
[0.457s] Level 1:colcon.colcon_core.package_identification:_identify(src/unitree_mujoco/unitree_robots/b2w/assets) by extension 'colcon_meta'
[0.457s] Level 1:colcon.colcon_core.package_identification:_identify(src/unitree_mujoco/unitree_robots/b2w/assets) by extensions ['ros']
[0.457s] Level 1:colcon.colcon_core.package_identification:_identify(src/unitree_mujoco/unitree_robots/b2w/assets) by extension 'ros'
[0.457s] Level 1:colcon.colcon_core.package_identification:_identify(src/unitree_mujoco/unitree_robots/b2w/assets) by extensions ['cmake', 'python']
[0.457s] Level 1:colcon.colcon_core.package_identification:_identify(src/unitree_mujoco/unitree_robots/b2w/assets) by extension 'cmake'
[0.457s] Level 1:colcon.colcon_core.package_identification:_identify(src/unitree_mujoco/unitree_robots/b2w/assets) by extension 'python'
[0.457s] Level 1:colcon.colcon_core.package_identification:_identify(src/unitree_mujoco/unitree_robots/b2w/assets) by extensions ['python_setup_py']
[0.457s] Level 1:colcon.colcon_core.package_identification:_identify(src/unitree_mujoco/unitree_robots/b2w/assets) by extension 'python_setup_py'
[0.457s] Level 1:colcon.colcon_core.package_identification:_identify(src/unitree_mujoco/unitree_robots/g1) by extensions ['ignore', 'ignore_ament_install']
[0.457s] Level 1:colcon.colcon_core.package_identification:_identify(src/unitree_mujoco/unitree_robots/g1) by extension 'ignore'
[0.457s] Level 1:colcon.colcon_core.package_identification:_identify(src/unitree_mujoco/unitree_robots/g1) by extension 'ignore_ament_install'
[0.458s] Level 1:colcon.colcon_core.package_identification:_identify(src/unitree_mujoco/unitree_robots/g1) by extensions ['colcon_pkg']
[0.458s] Level 1:colcon.colcon_core.package_identification:_identify(src/unitree_mujoco/unitree_robots/g1) by extension 'colcon_pkg'
[0.458s] Level 1:colcon.colcon_core.package_identification:_identify(src/unitree_mujoco/unitree_robots/g1) by extensions ['colcon_meta']
[0.458s] Level 1:colcon.colcon_core.package_identification:_identify(src/unitree_mujoco/unitree_robots/g1) by extension 'colcon_meta'
[0.458s] Level 1:colcon.colcon_core.package_identification:_identify(src/unitree_mujoco/unitree_robots/g1) by extensions ['ros']
[0.458s] Level 1:colcon.colcon_core.package_identification:_identify(src/unitree_mujoco/unitree_robots/g1) by extension 'ros'
[0.458s] Level 1:colcon.colcon_core.package_identification:_identify(src/unitree_mujoco/unitree_robots/g1) by extensions ['cmake', 'python']
[0.458s] Level 1:colcon.colcon_core.package_identification:_identify(src/unitree_mujoco/unitree_robots/g1) by extension 'cmake'
[0.458s] Level 1:colcon.colcon_core.package_identification:_identify(src/unitree_mujoco/unitree_robots/g1) by extension 'python'
[0.458s] Level 1:colcon.colcon_core.package_identification:_identify(src/unitree_mujoco/unitree_robots/g1) by extensions ['python_setup_py']
[0.458s] Level 1:colcon.colcon_core.package_identification:_identify(src/unitree_mujoco/unitree_robots/g1) by extension 'python_setup_py'
[0.458s] Level 1:colcon.colcon_core.package_identification:_identify(src/unitree_mujoco/unitree_robots/g1/images) by extensions ['ignore', 'ignore_ament_install']
[0.458s] Level 1:colcon.colcon_core.package_identification:_identify(src/unitree_mujoco/unitree_robots/g1/images) by extension 'ignore'
[0.458s] Level 1:colcon.colcon_core.package_identification:_identify(src/unitree_mujoco/unitree_robots/g1/images) by extension 'ignore_ament_install'
[0.458s] Level 1:colcon.colcon_core.package_identification:_identify(src/unitree_mujoco/unitree_robots/g1/images) by extensions ['colcon_pkg']
[0.458s] Level 1:colcon.colcon_core.package_identification:_identify(src/unitree_mujoco/unitree_robots/g1/images) by extension 'colcon_pkg'
[0.458s] Level 1:colcon.colcon_core.package_identification:_identify(src/unitree_mujoco/unitree_robots/g1/images) by extensions ['colcon_meta']
[0.458s] Level 1:colcon.colcon_core.package_identification:_identify(src/unitree_mujoco/unitree_robots/g1/images) by extension 'colcon_meta'
[0.458s] Level 1:colcon.colcon_core.package_identification:_identify(src/unitree_mujoco/unitree_robots/g1/images) by extensions ['ros']
[0.458s] Level 1:colcon.colcon_core.package_identification:_identify(src/unitree_mujoco/unitree_robots/g1/images) by extension 'ros'
[0.459s] Level 1:colcon.colcon_core.package_identification:_identify(src/unitree_mujoco/unitree_robots/g1/images) by extensions ['cmake', 'python']
[0.459s] Level 1:colcon.colcon_core.package_identification:_identify(src/unitree_mujoco/unitree_robots/g1/images) by extension 'cmake'
[0.459s] Level 1:colcon.colcon_core.package_identification:_identify(src/unitree_mujoco/unitree_robots/g1/images) by extension 'python'
[0.459s] Level 1:colcon.colcon_core.package_identification:_identify(src/unitree_mujoco/unitree_robots/g1/images) by extensions ['python_setup_py']
[0.459s] Level 1:colcon.colcon_core.package_identification:_identify(src/unitree_mujoco/unitree_robots/g1/images) by extension 'python_setup_py'
[0.459s] Level 1:colcon.colcon_core.package_identification:_identify(src/unitree_mujoco/unitree_robots/g1/meshes) by extensions ['ignore', 'ignore_ament_install']
[0.459s] Level 1:colcon.colcon_core.package_identification:_identify(src/unitree_mujoco/unitree_robots/g1/meshes) by extension 'ignore'
[0.459s] Level 1:colcon.colcon_core.package_identification:_identify(src/unitree_mujoco/unitree_robots/g1/meshes) by extension 'ignore_ament_install'
[0.459s] Level 1:colcon.colcon_core.package_identification:_identify(src/unitree_mujoco/unitree_robots/g1/meshes) by extensions ['colcon_pkg']
[0.459s] Level 1:colcon.colcon_core.package_identification:_identify(src/unitree_mujoco/unitree_robots/g1/meshes) by extension 'colcon_pkg'
[0.459s] Level 1:colcon.colcon_core.package_identification:_identify(src/unitree_mujoco/unitree_robots/g1/meshes) by extensions ['colcon_meta']
[0.459s] Level 1:colcon.colcon_core.package_identification:_identify(src/unitree_mujoco/unitree_robots/g1/meshes) by extension 'colcon_meta'
[0.459s] Level 1:colcon.colcon_core.package_identification:_identify(src/unitree_mujoco/unitree_robots/g1/meshes) by extensions ['ros']
[0.459s] Level 1:colcon.colcon_core.package_identification:_identify(src/unitree_mujoco/unitree_robots/g1/meshes) by extension 'ros'
[0.459s] Level 1:colcon.colcon_core.package_identification:_identify(src/unitree_mujoco/unitree_robots/g1/meshes) by extensions ['cmake', 'python']
[0.459s] Level 1:colcon.colcon_core.package_identification:_identify(src/unitree_mujoco/unitree_robots/g1/meshes) by extension 'cmake'
[0.459s] Level 1:colcon.colcon_core.package_identification:_identify(src/unitree_mujoco/unitree_robots/g1/meshes) by extension 'python'
[0.459s] Level 1:colcon.colcon_core.package_identification:_identify(src/unitree_mujoco/unitree_robots/g1/meshes) by extensions ['python_setup_py']
[0.460s] Level 1:colcon.colcon_core.package_identification:_identify(src/unitree_mujoco/unitree_robots/g1/meshes) by extension 'python_setup_py'
[0.460s] Level 1:colcon.colcon_core.package_identification:_identify(src/unitree_mujoco/unitree_robots/go2) by extensions ['ignore', 'ignore_ament_install']
[0.460s] Level 1:colcon.colcon_core.package_identification:_identify(src/unitree_mujoco/unitree_robots/go2) by extension 'ignore'
[0.460s] Level 1:colcon.colcon_core.package_identification:_identify(src/unitree_mujoco/unitree_robots/go2) by extension 'ignore_ament_install'
[0.460s] Level 1:colcon.colcon_core.package_identification:_identify(src/unitree_mujoco/unitree_robots/go2) by extensions ['colcon_pkg']
[0.460s] Level 1:colcon.colcon_core.package_identification:_identify(src/unitree_mujoco/unitree_robots/go2) by extension 'colcon_pkg'
[0.460s] Level 1:colcon.colcon_core.package_identification:_identify(src/unitree_mujoco/unitree_robots/go2) by extensions ['colcon_meta']
[0.460s] Level 1:colcon.colcon_core.package_identification:_identify(src/unitree_mujoco/unitree_robots/go2) by extension 'colcon_meta'
[0.460s] Level 1:colcon.colcon_core.package_identification:_identify(src/unitree_mujoco/unitree_robots/go2) by extensions ['ros']
[0.460s] Level 1:colcon.colcon_core.package_identification:_identify(src/unitree_mujoco/unitree_robots/go2) by extension 'ros'
[0.460s] Level 1:colcon.colcon_core.package_identification:_identify(src/unitree_mujoco/unitree_robots/go2) by extensions ['cmake', 'python']
[0.460s] Level 1:colcon.colcon_core.package_identification:_identify(src/unitree_mujoco/unitree_robots/go2) by extension 'cmake'
[0.460s] Level 1:colcon.colcon_core.package_identification:_identify(src/unitree_mujoco/unitree_robots/go2) by extension 'python'
[0.460s] Level 1:colcon.colcon_core.package_identification:_identify(src/unitree_mujoco/unitree_robots/go2) by extensions ['python_setup_py']
[0.460s] Level 1:colcon.colcon_core.package_identification:_identify(src/unitree_mujoco/unitree_robots/go2) by extension 'python_setup_py'
[0.460s] Level 1:colcon.colcon_core.package_identification:_identify(src/unitree_mujoco/unitree_robots/go2/assets) by extensions ['ignore', 'ignore_ament_install']
[0.460s] Level 1:colcon.colcon_core.package_identification:_identify(src/unitree_mujoco/unitree_robots/go2/assets) by extension 'ignore'
[0.461s] Level 1:colcon.colcon_core.package_identification:_identify(src/unitree_mujoco/unitree_robots/go2/assets) by extension 'ignore_ament_install'
[0.461s] Level 1:colcon.colcon_core.package_identification:_identify(src/unitree_mujoco/unitree_robots/go2/assets) by extensions ['colcon_pkg']
[0.461s] Level 1:colcon.colcon_core.package_identification:_identify(src/unitree_mujoco/unitree_robots/go2/assets) by extension 'colcon_pkg'
[0.461s] Level 1:colcon.colcon_core.package_identification:_identify(src/unitree_mujoco/unitree_robots/go2/assets) by extensions ['colcon_meta']
[0.461s] Level 1:colcon.colcon_core.package_identification:_identify(src/unitree_mujoco/unitree_robots/go2/assets) by extension 'colcon_meta'
[0.461s] Level 1:colcon.colcon_core.package_identification:_identify(src/unitree_mujoco/unitree_robots/go2/assets) by extensions ['ros']
[0.461s] Level 1:colcon.colcon_core.package_identification:_identify(src/unitree_mujoco/unitree_robots/go2/assets) by extension 'ros'
[0.461s] Level 1:colcon.colcon_core.package_identification:_identify(src/unitree_mujoco/unitree_robots/go2/assets) by extensions ['cmake', 'python']
[0.461s] Level 1:colcon.colcon_core.package_identification:_identify(src/unitree_mujoco/unitree_robots/go2/assets) by extension 'cmake'
[0.461s] Level 1:colcon.colcon_core.package_identification:_identify(src/unitree_mujoco/unitree_robots/go2/assets) by extension 'python'
[0.461s] Level 1:colcon.colcon_core.package_identification:_identify(src/unitree_mujoco/unitree_robots/go2/assets) by extensions ['python_setup_py']
[0.461s] Level 1:colcon.colcon_core.package_identification:_identify(src/unitree_mujoco/unitree_robots/go2/assets) by extension 'python_setup_py'
[0.461s] Level 1:colcon.colcon_core.package_identification:_identify(src/unitree_mujoco/unitree_robots/go2w) by extensions ['ignore', 'ignore_ament_install']
[0.461s] Level 1:colcon.colcon_core.package_identification:_identify(src/unitree_mujoco/unitree_robots/go2w) by extension 'ignore'
[0.461s] Level 1:colcon.colcon_core.package_identification:_identify(src/unitree_mujoco/unitree_robots/go2w) by extension 'ignore_ament_install'
[0.461s] Level 1:colcon.colcon_core.package_identification:_identify(src/unitree_mujoco/unitree_robots/go2w) by extensions ['colcon_pkg']
[0.461s] Level 1:colcon.colcon_core.package_identification:_identify(src/unitree_mujoco/unitree_robots/go2w) by extension 'colcon_pkg'
[0.461s] Level 1:colcon.colcon_core.package_identification:_identify(src/unitree_mujoco/unitree_robots/go2w) by extensions ['colcon_meta']
[0.461s] Level 1:colcon.colcon_core.package_identification:_identify(src/unitree_mujoco/unitree_robots/go2w) by extension 'colcon_meta'
[0.462s] Level 1:colcon.colcon_core.package_identification:_identify(src/unitree_mujoco/unitree_robots/go2w) by extensions ['ros']
[0.462s] Level 1:colcon.colcon_core.package_identification:_identify(src/unitree_mujoco/unitree_robots/go2w) by extension 'ros'
[0.462s] Level 1:colcon.colcon_core.package_identification:_identify(src/unitree_mujoco/unitree_robots/go2w) by extensions ['cmake', 'python']
[0.462s] Level 1:colcon.colcon_core.package_identification:_identify(src/unitree_mujoco/unitree_robots/go2w) by extension 'cmake'
[0.462s] Level 1:colcon.colcon_core.package_identification:_identify(src/unitree_mujoco/unitree_robots/go2w) by extension 'python'
[0.462s] Level 1:colcon.colcon_core.package_identification:_identify(src/unitree_mujoco/unitree_robots/go2w) by extensions ['python_setup_py']
[0.462s] Level 1:colcon.colcon_core.package_identification:_identify(src/unitree_mujoco/unitree_robots/go2w) by extension 'python_setup_py'
[0.462s] Level 1:colcon.colcon_core.package_identification:_identify(src/unitree_mujoco/unitree_robots/go2w/assets) by extensions ['ignore', 'ignore_ament_install']
[0.462s] Level 1:colcon.colcon_core.package_identification:_identify(src/unitree_mujoco/unitree_robots/go2w/assets) by extension 'ignore'
[0.462s] Level 1:colcon.colcon_core.package_identification:_identify(src/unitree_mujoco/unitree_robots/go2w/assets) by extension 'ignore_ament_install'
[0.462s] Level 1:colcon.colcon_core.package_identification:_identify(src/unitree_mujoco/unitree_robots/go2w/assets) by extensions ['colcon_pkg']
[0.462s] Level 1:colcon.colcon_core.package_identification:_identify(src/unitree_mujoco/unitree_robots/go2w/assets) by extension 'colcon_pkg'
[0.462s] Level 1:colcon.colcon_core.package_identification:_identify(src/unitree_mujoco/unitree_robots/go2w/assets) by extensions ['colcon_meta']
[0.462s] Level 1:colcon.colcon_core.package_identification:_identify(src/unitree_mujoco/unitree_robots/go2w/assets) by extension 'colcon_meta'
[0.462s] Level 1:colcon.colcon_core.package_identification:_identify(src/unitree_mujoco/unitree_robots/go2w/assets) by extensions ['ros']
[0.462s] Level 1:colcon.colcon_core.package_identification:_identify(src/unitree_mujoco/unitree_robots/go2w/assets) by extension 'ros'
[0.462s] Level 1:colcon.colcon_core.package_identification:_identify(src/unitree_mujoco/unitree_robots/go2w/assets) by extensions ['cmake', 'python']
[0.462s] Level 1:colcon.colcon_core.package_identification:_identify(src/unitree_mujoco/unitree_robots/go2w/assets) by extension 'cmake'
[0.462s] Level 1:colcon.colcon_core.package_identification:_identify(src/unitree_mujoco/unitree_robots/go2w/assets) by extension 'python'
[0.463s] Level 1:colcon.colcon_core.package_identification:_identify(src/unitree_mujoco/unitree_robots/go2w/assets) by extensions ['python_setup_py']
[0.463s] Level 1:colcon.colcon_core.package_identification:_identify(src/unitree_mujoco/unitree_robots/go2w/assets) by extension 'python_setup_py'
[0.463s] Level 1:colcon.colcon_core.package_identification:_identify(src/unitree_mujoco/unitree_robots/h1) by extensions ['ignore', 'ignore_ament_install']
[0.463s] Level 1:colcon.colcon_core.package_identification:_identify(src/unitree_mujoco/unitree_robots/h1) by extension 'ignore'
[0.463s] Level 1:colcon.colcon_core.package_identification:_identify(src/unitree_mujoco/unitree_robots/h1) by extension 'ignore_ament_install'
[0.463s] Level 1:colcon.colcon_core.package_identification:_identify(src/unitree_mujoco/unitree_robots/h1) by extensions ['colcon_pkg']
[0.463s] Level 1:colcon.colcon_core.package_identification:_identify(src/unitree_mujoco/unitree_robots/h1) by extension 'colcon_pkg'
[0.463s] Level 1:colcon.colcon_core.package_identification:_identify(src/unitree_mujoco/unitree_robots/h1) by extensions ['colcon_meta']
[0.463s] Level 1:colcon.colcon_core.package_identification:_identify(src/unitree_mujoco/unitree_robots/h1) by extension 'colcon_meta'
[0.463s] Level 1:colcon.colcon_core.package_identification:_identify(src/unitree_mujoco/unitree_robots/h1) by extensions ['ros']
[0.463s] Level 1:colcon.colcon_core.package_identification:_identify(src/unitree_mujoco/unitree_robots/h1) by extension 'ros'
[0.463s] Level 1:colcon.colcon_core.package_identification:_identify(src/unitree_mujoco/unitree_robots/h1) by extensions ['cmake', 'python']
[0.463s] Level 1:colcon.colcon_core.package_identification:_identify(src/unitree_mujoco/unitree_robots/h1) by extension 'cmake'
[0.463s] Level 1:colcon.colcon_core.package_identification:_identify(src/unitree_mujoco/unitree_robots/h1) by extension 'python'
[0.463s] Level 1:colcon.colcon_core.package_identification:_identify(src/unitree_mujoco/unitree_robots/h1) by extensions ['python_setup_py']
[0.463s] Level 1:colcon.colcon_core.package_identification:_identify(src/unitree_mujoco/unitree_robots/h1) by extension 'python_setup_py'
[0.463s] Level 1:colcon.colcon_core.package_identification:_identify(src/unitree_mujoco/unitree_robots/h1/assets) by extensions ['ignore', 'ignore_ament_install']
[0.464s] Level 1:colcon.colcon_core.package_identification:_identify(src/unitree_mujoco/unitree_robots/h1/assets) by extension 'ignore'
[0.464s] Level 1:colcon.colcon_core.package_identification:_identify(src/unitree_mujoco/unitree_robots/h1/assets) by extension 'ignore_ament_install'
[0.464s] Level 1:colcon.colcon_core.package_identification:_identify(src/unitree_mujoco/unitree_robots/h1/assets) by extensions ['colcon_pkg']
[0.464s] Level 1:colcon.colcon_core.package_identification:_identify(src/unitree_mujoco/unitree_robots/h1/assets) by extension 'colcon_pkg'
[0.464s] Level 1:colcon.colcon_core.package_identification:_identify(src/unitree_mujoco/unitree_robots/h1/assets) by extensions ['colcon_meta']
[0.464s] Level 1:colcon.colcon_core.package_identification:_identify(src/unitree_mujoco/unitree_robots/h1/assets) by extension 'colcon_meta'
[0.464s] Level 1:colcon.colcon_core.package_identification:_identify(src/unitree_mujoco/unitree_robots/h1/assets) by extensions ['ros']
[0.464s] Level 1:colcon.colcon_core.package_identification:_identify(src/unitree_mujoco/unitree_robots/h1/assets) by extension 'ros'
[0.464s] Level 1:colcon.colcon_core.package_identification:_identify(src/unitree_mujoco/unitree_robots/h1/assets) by extensions ['cmake', 'python']
[0.464s] Level 1:colcon.colcon_core.package_identification:_identify(src/unitree_mujoco/unitree_robots/h1/assets) by extension 'cmake'
[0.464s] Level 1:colcon.colcon_core.package_identification:_identify(src/unitree_mujoco/unitree_robots/h1/assets) by extension 'python'
[0.464s] Level 1:colcon.colcon_core.package_identification:_identify(src/unitree_mujoco/unitree_robots/h1/assets) by extensions ['python_setup_py']
[0.464s] Level 1:colcon.colcon_core.package_identification:_identify(src/unitree_mujoco/unitree_robots/h1/assets) by extension 'python_setup_py'
[0.464s] Level 1:colcon.colcon_core.package_identification:_identify(src/unitree_rl_controller-ros2) by extensions ['ignore', 'ignore_ament_install']
[0.464s] Level 1:colcon.colcon_core.package_identification:_identify(src/unitree_rl_controller-ros2) by extension 'ignore'
[0.464s] Level 1:colcon.colcon_core.package_identification:_identify(src/unitree_rl_controller-ros2) by extension 'ignore_ament_install'
[0.464s] Level 1:colcon.colcon_core.package_identification:_identify(src/unitree_rl_controller-ros2) by extensions ['colcon_pkg']
[0.464s] Level 1:colcon.colcon_core.package_identification:_identify(src/unitree_rl_controller-ros2) by extension 'colcon_pkg'
[0.464s] Level 1:colcon.colcon_core.package_identification:_identify(src/unitree_rl_controller-ros2) by extensions ['colcon_meta']
[0.465s] Level 1:colcon.colcon_core.package_identification:_identify(src/unitree_rl_controller-ros2) by extension 'colcon_meta'
[0.465s] Level 1:colcon.colcon_core.package_identification:_identify(src/unitree_rl_controller-ros2) by extensions ['ros']
[0.465s] Level 1:colcon.colcon_core.package_identification:_identify(src/unitree_rl_controller-ros2) by extension 'ros'
[0.466s] DEBUG:colcon.colcon_core.package_identification:Package 'src/unitree_rl_controller-ros2' with type 'ros.ament_cmake' and name 'unitree_rl_controller'
[0.466s] Level 1:colcon.colcon_core.package_identification:_identify(src/unitree_ros2) by extensions ['ignore', 'ignore_ament_install']
[0.466s] Level 1:colcon.colcon_core.package_identification:_identify(src/unitree_ros2) by extension 'ignore'
[0.466s] Level 1:colcon.colcon_core.package_identification:_identify(src/unitree_ros2) by extension 'ignore_ament_install'
[0.466s] Level 1:colcon.colcon_core.package_identification:_identify(src/unitree_ros2) by extensions ['colcon_pkg']
[0.466s] Level 1:colcon.colcon_core.package_identification:_identify(src/unitree_ros2) by extension 'colcon_pkg'
[0.466s] Level 1:colcon.colcon_core.package_identification:_identify(src/unitree_ros2) by extensions ['colcon_meta']
[0.466s] Level 1:colcon.colcon_core.package_identification:_identify(src/unitree_ros2) by extension 'colcon_meta'
[0.466s] Level 1:colcon.colcon_core.package_identification:_identify(src/unitree_ros2) by extensions ['ros']
[0.466s] Level 1:colcon.colcon_core.package_identification:_identify(src/unitree_ros2) by extension 'ros'
[0.466s] Level 1:colcon.colcon_core.package_identification:_identify(src/unitree_ros2) by extensions ['cmake', 'python']
[0.466s] Level 1:colcon.colcon_core.package_identification:_identify(src/unitree_ros2) by extension 'cmake'
[0.466s] Level 1:colcon.colcon_core.package_identification:_identify(src/unitree_ros2) by extension 'python'
[0.466s] Level 1:colcon.colcon_core.package_identification:_identify(src/unitree_ros2) by extensions ['python_setup_py']
[0.466s] Level 1:colcon.colcon_core.package_identification:_identify(src/unitree_ros2) by extension 'python_setup_py'
[0.467s] Level 1:colcon.colcon_core.package_identification:_identify(src/unitree_ros2/cyclonedds_ws) by extensions ['ignore', 'ignore_ament_install']
[0.467s] Level 1:colcon.colcon_core.package_identification:_identify(src/unitree_ros2/cyclonedds_ws) by extension 'ignore'
[0.467s] Level 1:colcon.colcon_core.package_identification:_identify(src/unitree_ros2/cyclonedds_ws) by extension 'ignore_ament_install'
[0.467s] Level 1:colcon.colcon_core.package_identification:_identify(src/unitree_ros2/cyclonedds_ws) by extensions ['colcon_pkg']
[0.467s] Level 1:colcon.colcon_core.package_identification:_identify(src/unitree_ros2/cyclonedds_ws) by extension 'colcon_pkg'
[0.467s] Level 1:colcon.colcon_core.package_identification:_identify(src/unitree_ros2/cyclonedds_ws) by extensions ['colcon_meta']
[0.467s] Level 1:colcon.colcon_core.package_identification:_identify(src/unitree_ros2/cyclonedds_ws) by extension 'colcon_meta'
[0.467s] Level 1:colcon.colcon_core.package_identification:_identify(src/unitree_ros2/cyclonedds_ws) by extensions ['ros']
[0.467s] Level 1:colcon.colcon_core.package_identification:_identify(src/unitree_ros2/cyclonedds_ws) by extension 'ros'
[0.467s] Level 1:colcon.colcon_core.package_identification:_identify(src/unitree_ros2/cyclonedds_ws) by extensions ['cmake', 'python']
[0.467s] Level 1:colcon.colcon_core.package_identification:_identify(src/unitree_ros2/cyclonedds_ws) by extension 'cmake'
[0.467s] Level 1:colcon.colcon_core.package_identification:_identify(src/unitree_ros2/cyclonedds_ws) by extension 'python'
[0.467s] Level 1:colcon.colcon_core.package_identification:_identify(src/unitree_ros2/cyclonedds_ws) by extensions ['python_setup_py']
[0.467s] Level 1:colcon.colcon_core.package_identification:_identify(src/unitree_ros2/cyclonedds_ws) by extension 'python_setup_py'
[0.467s] Level 1:colcon.colcon_core.package_identification:_identify(src/unitree_ros2/cyclonedds_ws/build) by extensions ['ignore', 'ignore_ament_install']
[0.467s] Level 1:colcon.colcon_core.package_identification:_identify(src/unitree_ros2/cyclonedds_ws/build) by extension 'ignore'
[0.467s] Level 1:colcon.colcon_core.package_identification:_identify(src/unitree_ros2/cyclonedds_ws/build) ignored
[0.468s] Level 1:colcon.colcon_core.package_identification:_identify(src/unitree_ros2/cyclonedds_ws/install) by extensions ['ignore', 'ignore_ament_install']
[0.468s] Level 1:colcon.colcon_core.package_identification:_identify(src/unitree_ros2/cyclonedds_ws/install) by extension 'ignore'
[0.468s] Level 1:colcon.colcon_core.package_identification:_identify(src/unitree_ros2/cyclonedds_ws/install) ignored
[0.468s] Level 1:colcon.colcon_core.package_identification:_identify(src/unitree_ros2/cyclonedds_ws/log) by extensions ['ignore', 'ignore_ament_install']
[0.468s] Level 1:colcon.colcon_core.package_identification:_identify(src/unitree_ros2/cyclonedds_ws/log) by extension 'ignore'
[0.468s] Level 1:colcon.colcon_core.package_identification:_identify(src/unitree_ros2/cyclonedds_ws/log) ignored
[0.468s] Level 1:colcon.colcon_core.package_identification:_identify(src/unitree_ros2/cyclonedds_ws/src) by extensions ['ignore', 'ignore_ament_install']
[0.468s] Level 1:colcon.colcon_core.package_identification:_identify(src/unitree_ros2/cyclonedds_ws/src) by extension 'ignore'
[0.468s] Level 1:colcon.colcon_core.package_identification:_identify(src/unitree_ros2/cyclonedds_ws/src) by extension 'ignore_ament_install'
[0.468s] Level 1:colcon.colcon_core.package_identification:_identify(src/unitree_ros2/cyclonedds_ws/src) by extensions ['colcon_pkg']
[0.468s] Level 1:colcon.colcon_core.package_identification:_identify(src/unitree_ros2/cyclonedds_ws/src) by extension 'colcon_pkg'
[0.468s] Level 1:colcon.colcon_core.package_identification:_identify(src/unitree_ros2/cyclonedds_ws/src) by extensions ['colcon_meta']
[0.468s] Level 1:colcon.colcon_core.package_identification:_identify(src/unitree_ros2/cyclonedds_ws/src) by extension 'colcon_meta'
[0.468s] Level 1:colcon.colcon_core.package_identification:_identify(src/unitree_ros2/cyclonedds_ws/src) by extensions ['ros']
[0.468s] Level 1:colcon.colcon_core.package_identification:_identify(src/unitree_ros2/cyclonedds_ws/src) by extension 'ros'
[0.468s] Level 1:colcon.colcon_core.package_identification:_identify(src/unitree_ros2/cyclonedds_ws/src) by extensions ['cmake', 'python']
[0.469s] Level 1:colcon.colcon_core.package_identification:_identify(src/unitree_ros2/cyclonedds_ws/src) by extension 'cmake'
[0.469s] Level 1:colcon.colcon_core.package_identification:_identify(src/unitree_ros2/cyclonedds_ws/src) by extension 'python'
[0.469s] Level 1:colcon.colcon_core.package_identification:_identify(src/unitree_ros2/cyclonedds_ws/src) by extensions ['python_setup_py']
[0.469s] Level 1:colcon.colcon_core.package_identification:_identify(src/unitree_ros2/cyclonedds_ws/src) by extension 'python_setup_py'
[0.469s] Level 1:colcon.colcon_core.package_identification:_identify(src/unitree_ros2/cyclonedds_ws/src/cyclonedds) by extensions ['ignore', 'ignore_ament_install']
[0.469s] Level 1:colcon.colcon_core.package_identification:_identify(src/unitree_ros2/cyclonedds_ws/src/cyclonedds) by extension 'ignore'
[0.469s] Level 1:colcon.colcon_core.package_identification:_identify(src/unitree_ros2/cyclonedds_ws/src/cyclonedds) by extension 'ignore_ament_install'
[0.469s] Level 1:colcon.colcon_core.package_identification:_identify(src/unitree_ros2/cyclonedds_ws/src/cyclonedds) by extensions ['colcon_pkg']
[0.469s] Level 1:colcon.colcon_core.package_identification:_identify(src/unitree_ros2/cyclonedds_ws/src/cyclonedds) by extension 'colcon_pkg'
[0.470s] Level 1:colcon.colcon_core.package_identification:_identify(src/unitree_ros2/cyclonedds_ws/src/cyclonedds) by extensions ['colcon_meta']
[0.470s] Level 1:colcon.colcon_core.package_identification:_identify(src/unitree_ros2/cyclonedds_ws/src/cyclonedds) by extension 'colcon_meta'
[0.470s] Level 1:colcon.colcon_core.package_identification:_identify(src/unitree_ros2/cyclonedds_ws/src/cyclonedds) by extensions ['ros']
[0.470s] Level 1:colcon.colcon_core.package_identification:_identify(src/unitree_ros2/cyclonedds_ws/src/cyclonedds) by extension 'ros'
[0.471s] DEBUG:colcon.colcon_core.package_identification:Package 'src/unitree_ros2/cyclonedds_ws/src/cyclonedds' with type 'ros.cmake' and name 'cyclonedds'
[0.471s] Level 1:colcon.colcon_core.package_identification:_identify(src/unitree_ros2/cyclonedds_ws/src/rmw_cyclonedds) by extensions ['ignore', 'ignore_ament_install']
[0.471s] Level 1:colcon.colcon_core.package_identification:_identify(src/unitree_ros2/cyclonedds_ws/src/rmw_cyclonedds) by extension 'ignore'
[0.471s] Level 1:colcon.colcon_core.package_identification:_identify(src/unitree_ros2/cyclonedds_ws/src/rmw_cyclonedds) by extension 'ignore_ament_install'
[0.471s] Level 1:colcon.colcon_core.package_identification:_identify(src/unitree_ros2/cyclonedds_ws/src/rmw_cyclonedds) by extensions ['colcon_pkg']
[0.471s] Level 1:colcon.colcon_core.package_identification:_identify(src/unitree_ros2/cyclonedds_ws/src/rmw_cyclonedds) by extension 'colcon_pkg'
[0.471s] Level 1:colcon.colcon_core.package_identification:_identify(src/unitree_ros2/cyclonedds_ws/src/rmw_cyclonedds) by extensions ['colcon_meta']
[0.471s] Level 1:colcon.colcon_core.package_identification:_identify(src/unitree_ros2/cyclonedds_ws/src/rmw_cyclonedds) by extension 'colcon_meta'
[0.471s] Level 1:colcon.colcon_core.package_identification:_identify(src/unitree_ros2/cyclonedds_ws/src/rmw_cyclonedds) by extensions ['ros']
[0.472s] Level 1:colcon.colcon_core.package_identification:_identify(src/unitree_ros2/cyclonedds_ws/src/rmw_cyclonedds) by extension 'ros'
[0.472s] Level 1:colcon.colcon_core.package_identification:_identify(src/unitree_ros2/cyclonedds_ws/src/rmw_cyclonedds) by extensions ['cmake', 'python']
[0.472s] Level 1:colcon.colcon_core.package_identification:_identify(src/unitree_ros2/cyclonedds_ws/src/rmw_cyclonedds) by extension 'cmake'
[0.472s] Level 1:colcon.colcon_core.package_identification:_identify(src/unitree_ros2/cyclonedds_ws/src/rmw_cyclonedds) by extension 'python'
[0.472s] Level 1:colcon.colcon_core.package_identification:_identify(src/unitree_ros2/cyclonedds_ws/src/rmw_cyclonedds) by extensions ['python_setup_py']
[0.472s] Level 1:colcon.colcon_core.package_identification:_identify(src/unitree_ros2/cyclonedds_ws/src/rmw_cyclonedds) by extension 'python_setup_py'
[0.472s] Level 1:colcon.colcon_core.package_identification:_identify(src/unitree_ros2/cyclonedds_ws/src/rmw_cyclonedds/rmw_cyclonedds_cpp) by extensions ['ignore', 'ignore_ament_install']
[0.472s] Level 1:colcon.colcon_core.package_identification:_identify(src/unitree_ros2/cyclonedds_ws/src/rmw_cyclonedds/rmw_cyclonedds_cpp) by extension 'ignore'
[0.472s] Level 1:colcon.colcon_core.package_identification:_identify(src/unitree_ros2/cyclonedds_ws/src/rmw_cyclonedds/rmw_cyclonedds_cpp) by extension 'ignore_ament_install'
[0.472s] Level 1:colcon.colcon_core.package_identification:_identify(src/unitree_ros2/cyclonedds_ws/src/rmw_cyclonedds/rmw_cyclonedds_cpp) by extensions ['colcon_pkg']
[0.472s] Level 1:colcon.colcon_core.package_identification:_identify(src/unitree_ros2/cyclonedds_ws/src/rmw_cyclonedds/rmw_cyclonedds_cpp) by extension 'colcon_pkg'
[0.472s] Level 1:colcon.colcon_core.package_identification:_identify(src/unitree_ros2/cyclonedds_ws/src/rmw_cyclonedds/rmw_cyclonedds_cpp) by extensions ['colcon_meta']
[0.472s] Level 1:colcon.colcon_core.package_identification:_identify(src/unitree_ros2/cyclonedds_ws/src/rmw_cyclonedds/rmw_cyclonedds_cpp) by extension 'colcon_meta'
[0.472s] Level 1:colcon.colcon_core.package_identification:_identify(src/unitree_ros2/cyclonedds_ws/src/rmw_cyclonedds/rmw_cyclonedds_cpp) by extensions ['ros']
[0.472s] Level 1:colcon.colcon_core.package_identification:_identify(src/unitree_ros2/cyclonedds_ws/src/rmw_cyclonedds/rmw_cyclonedds_cpp) by extension 'ros'
[0.474s] DEBUG:colcon.colcon_core.package_identification:Package 'src/unitree_ros2/cyclonedds_ws/src/rmw_cyclonedds/rmw_cyclonedds_cpp' with type 'ros.ament_cmake' and name 'rmw_cyclonedds_cpp'
[0.474s] Level 1:colcon.colcon_core.package_identification:_identify(src/unitree_ros2/cyclonedds_ws/src/unitree) by extensions ['ignore', 'ignore_ament_install']
[0.474s] Level 1:colcon.colcon_core.package_identification:_identify(src/unitree_ros2/cyclonedds_ws/src/unitree) by extension 'ignore'
[0.474s] Level 1:colcon.colcon_core.package_identification:_identify(src/unitree_ros2/cyclonedds_ws/src/unitree) by extension 'ignore_ament_install'
[0.474s] Level 1:colcon.colcon_core.package_identification:_identify(src/unitree_ros2/cyclonedds_ws/src/unitree) by extensions ['colcon_pkg']
[0.474s] Level 1:colcon.colcon_core.package_identification:_identify(src/unitree_ros2/cyclonedds_ws/src/unitree) by extension 'colcon_pkg'
[0.474s] Level 1:colcon.colcon_core.package_identification:_identify(src/unitree_ros2/cyclonedds_ws/src/unitree) by extensions ['colcon_meta']
[0.474s] Level 1:colcon.colcon_core.package_identification:_identify(src/unitree_ros2/cyclonedds_ws/src/unitree) by extension 'colcon_meta'
[0.474s] Level 1:colcon.colcon_core.package_identification:_identify(src/unitree_ros2/cyclonedds_ws/src/unitree) by extensions ['ros']
[0.474s] Level 1:colcon.colcon_core.package_identification:_identify(src/unitree_ros2/cyclonedds_ws/src/unitree) by extension 'ros'
[0.474s] Level 1:colcon.colcon_core.package_identification:_identify(src/unitree_ros2/cyclonedds_ws/src/unitree) by extensions ['cmake', 'python']
[0.475s] Level 1:colcon.colcon_core.package_identification:_identify(src/unitree_ros2/cyclonedds_ws/src/unitree) by extension 'cmake'
[0.475s] Level 1:colcon.colcon_core.package_identification:_identify(src/unitree_ros2/cyclonedds_ws/src/unitree) by extension 'python'
[0.475s] Level 1:colcon.colcon_core.package_identification:_identify(src/unitree_ros2/cyclonedds_ws/src/unitree) by extensions ['python_setup_py']
[0.475s] Level 1:colcon.colcon_core.package_identification:_identify(src/unitree_ros2/cyclonedds_ws/src/unitree) by extension 'python_setup_py'
[0.475s] Level 1:colcon.colcon_core.package_identification:_identify(src/unitree_ros2/cyclonedds_ws/src/unitree/unitree_api) by extensions ['ignore', 'ignore_ament_install']
[0.475s] Level 1:colcon.colcon_core.package_identification:_identify(src/unitree_ros2/cyclonedds_ws/src/unitree/unitree_api) by extension 'ignore'
[0.475s] Level 1:colcon.colcon_core.package_identification:_identify(src/unitree_ros2/cyclonedds_ws/src/unitree/unitree_api) by extension 'ignore_ament_install'
[0.475s] Level 1:colcon.colcon_core.package_identification:_identify(src/unitree_ros2/cyclonedds_ws/src/unitree/unitree_api) by extensions ['colcon_pkg']
[0.475s] Level 1:colcon.colcon_core.package_identification:_identify(src/unitree_ros2/cyclonedds_ws/src/unitree/unitree_api) by extension 'colcon_pkg'
[0.475s] Level 1:colcon.colcon_core.package_identification:_identify(src/unitree_ros2/cyclonedds_ws/src/unitree/unitree_api) by extensions ['colcon_meta']
[0.475s] Level 1:colcon.colcon_core.package_identification:_identify(src/unitree_ros2/cyclonedds_ws/src/unitree/unitree_api) by extension 'colcon_meta'
[0.475s] Level 1:colcon.colcon_core.package_identification:_identify(src/unitree_ros2/cyclonedds_ws/src/unitree/unitree_api) by extensions ['ros']
[0.475s] Level 1:colcon.colcon_core.package_identification:_identify(src/unitree_ros2/cyclonedds_ws/src/unitree/unitree_api) by extension 'ros'
[0.476s] DEBUG:colcon.colcon_core.package_identification:Package 'src/unitree_ros2/cyclonedds_ws/src/unitree/unitree_api' with type 'ros.ament_cmake' and name 'unitree_api'
[0.476s] Level 1:colcon.colcon_core.package_identification:_identify(src/unitree_ros2/cyclonedds_ws/src/unitree/unitree_go) by extensions ['ignore', 'ignore_ament_install']
[0.476s] Level 1:colcon.colcon_core.package_identification:_identify(src/unitree_ros2/cyclonedds_ws/src/unitree/unitree_go) by extension 'ignore'
[0.476s] Level 1:colcon.colcon_core.package_identification:_identify(src/unitree_ros2/cyclonedds_ws/src/unitree/unitree_go) by extension 'ignore_ament_install'
[0.476s] Level 1:colcon.colcon_core.package_identification:_identify(src/unitree_ros2/cyclonedds_ws/src/unitree/unitree_go) by extensions ['colcon_pkg']
[0.476s] Level 1:colcon.colcon_core.package_identification:_identify(src/unitree_ros2/cyclonedds_ws/src/unitree/unitree_go) by extension 'colcon_pkg'
[0.476s] Level 1:colcon.colcon_core.package_identification:_identify(src/unitree_ros2/cyclonedds_ws/src/unitree/unitree_go) by extensions ['colcon_meta']
[0.476s] Level 1:colcon.colcon_core.package_identification:_identify(src/unitree_ros2/cyclonedds_ws/src/unitree/unitree_go) by extension 'colcon_meta'
[0.477s] Level 1:colcon.colcon_core.package_identification:_identify(src/unitree_ros2/cyclonedds_ws/src/unitree/unitree_go) by extensions ['ros']
[0.477s] Level 1:colcon.colcon_core.package_identification:_identify(src/unitree_ros2/cyclonedds_ws/src/unitree/unitree_go) by extension 'ros'
[0.477s] DEBUG:colcon.colcon_core.package_identification:Package 'src/unitree_ros2/cyclonedds_ws/src/unitree/unitree_go' with type 'ros.ament_cmake' and name 'unitree_go'
[0.477s] Level 1:colcon.colcon_core.package_identification:_identify(src/unitree_ros2/cyclonedds_ws/src/unitree/unitree_hg) by extensions ['ignore', 'ignore_ament_install']
[0.478s] Level 1:colcon.colcon_core.package_identification:_identify(src/unitree_ros2/cyclonedds_ws/src/unitree/unitree_hg) by extension 'ignore'
[0.478s] Level 1:colcon.colcon_core.package_identification:_identify(src/unitree_ros2/cyclonedds_ws/src/unitree/unitree_hg) by extension 'ignore_ament_install'
[0.478s] Level 1:colcon.colcon_core.package_identification:_identify(src/unitree_ros2/cyclonedds_ws/src/unitree/unitree_hg) by extensions ['colcon_pkg']
[0.478s] Level 1:colcon.colcon_core.package_identification:_identify(src/unitree_ros2/cyclonedds_ws/src/unitree/unitree_hg) by extension 'colcon_pkg'
[0.478s] Level 1:colcon.colcon_core.package_identification:_identify(src/unitree_ros2/cyclonedds_ws/src/unitree/unitree_hg) by extensions ['colcon_meta']
[0.478s] Level 1:colcon.colcon_core.package_identification:_identify(src/unitree_ros2/cyclonedds_ws/src/unitree/unitree_hg) by extension 'colcon_meta'
[0.478s] Level 1:colcon.colcon_core.package_identification:_identify(src/unitree_ros2/cyclonedds_ws/src/unitree/unitree_hg) by extensions ['ros']
[0.478s] Level 1:colcon.colcon_core.package_identification:_identify(src/unitree_ros2/cyclonedds_ws/src/unitree/unitree_hg) by extension 'ros'
[0.479s] DEBUG:colcon.colcon_core.package_identification:Package 'src/unitree_ros2/cyclonedds_ws/src/unitree/unitree_hg' with type 'ros.ament_cmake' and name 'unitree_hg'
[0.479s] Level 1:colcon.colcon_core.package_identification:_identify(src/unitree_ros2/example) by extensions ['ignore', 'ignore_ament_install']
[0.479s] Level 1:colcon.colcon_core.package_identification:_identify(src/unitree_ros2/example) by extension 'ignore'
[0.479s] Level 1:colcon.colcon_core.package_identification:_identify(src/unitree_ros2/example) by extension 'ignore_ament_install'
[0.479s] Level 1:colcon.colcon_core.package_identification:_identify(src/unitree_ros2/example) by extensions ['colcon_pkg']
[0.479s] Level 1:colcon.colcon_core.package_identification:_identify(src/unitree_ros2/example) by extension 'colcon_pkg'
[0.479s] Level 1:colcon.colcon_core.package_identification:_identify(src/unitree_ros2/example) by extensions ['colcon_meta']
[0.479s] Level 1:colcon.colcon_core.package_identification:_identify(src/unitree_ros2/example) by extension 'colcon_meta'
[0.479s] Level 1:colcon.colcon_core.package_identification:_identify(src/unitree_ros2/example) by extensions ['ros']
[0.479s] Level 1:colcon.colcon_core.package_identification:_identify(src/unitree_ros2/example) by extension 'ros'
[0.479s] Level 1:colcon.colcon_core.package_identification:_identify(src/unitree_ros2/example) by extensions ['cmake', 'python']
[0.479s] Level 1:colcon.colcon_core.package_identification:_identify(src/unitree_ros2/example) by extension 'cmake'
[0.479s] Level 1:colcon.colcon_core.package_identification:_identify(src/unitree_ros2/example) by extension 'python'
[0.479s] Level 1:colcon.colcon_core.package_identification:_identify(src/unitree_ros2/example) by extensions ['python_setup_py']
[0.479s] Level 1:colcon.colcon_core.package_identification:_identify(src/unitree_ros2/example) by extension 'python_setup_py'
[0.479s] Level 1:colcon.colcon_core.package_identification:_identify(src/unitree_ros2/example/src) by extensions ['ignore', 'ignore_ament_install']
[0.480s] Level 1:colcon.colcon_core.package_identification:_identify(src/unitree_ros2/example/src) by extension 'ignore'
[0.480s] Level 1:colcon.colcon_core.package_identification:_identify(src/unitree_ros2/example/src) by extension 'ignore_ament_install'
[0.480s] Level 1:colcon.colcon_core.package_identification:_identify(src/unitree_ros2/example/src) by extensions ['colcon_pkg']
[0.480s] Level 1:colcon.colcon_core.package_identification:_identify(src/unitree_ros2/example/src) by extension 'colcon_pkg'
[0.480s] Level 1:colcon.colcon_core.package_identification:_identify(src/unitree_ros2/example/src) by extensions ['colcon_meta']
[0.480s] Level 1:colcon.colcon_core.package_identification:_identify(src/unitree_ros2/example/src) by extension 'colcon_meta'
[0.480s] Level 1:colcon.colcon_core.package_identification:_identify(src/unitree_ros2/example/src) by extensions ['ros']
[0.480s] Level 1:colcon.colcon_core.package_identification:_identify(src/unitree_ros2/example/src) by extension 'ros'
[0.481s] DEBUG:colcon.colcon_core.package_identification:Package 'src/unitree_ros2/example/src' with type 'ros.ament_cmake' and name 'unitree_ros2_example'
[0.481s] Level 1:colcon.colcon_core.package_identification:_identify(src/unitree_ros2_to_real) by extensions ['ignore', 'ignore_ament_install']
[0.481s] Level 1:colcon.colcon_core.package_identification:_identify(src/unitree_ros2_to_real) by extension 'ignore'
[0.481s] Level 1:colcon.colcon_core.package_identification:_identify(src/unitree_ros2_to_real) by extension 'ignore_ament_install'
[0.481s] Level 1:colcon.colcon_core.package_identification:_identify(src/unitree_ros2_to_real) by extensions ['colcon_pkg']
[0.481s] Level 1:colcon.colcon_core.package_identification:_identify(src/unitree_ros2_to_real) by extension 'colcon_pkg'
[0.481s] Level 1:colcon.colcon_core.package_identification:_identify(src/unitree_ros2_to_real) by extensions ['colcon_meta']
[0.481s] Level 1:colcon.colcon_core.package_identification:_identify(src/unitree_ros2_to_real) by extension 'colcon_meta'
[0.482s] Level 1:colcon.colcon_core.package_identification:_identify(src/unitree_ros2_to_real) by extensions ['ros']
[0.482s] Level 1:colcon.colcon_core.package_identification:_identify(src/unitree_ros2_to_real) by extension 'ros'
[0.483s] DEBUG:colcon.colcon_core.package_identification:Package 'src/unitree_ros2_to_real' with type 'ros.ament_cmake' and name 'unitree_legged_real'
[0.483s] Level 1:colcon.colcon_core.package_discovery:discover_packages(recursive) using defaults
[0.483s] Level 1:colcon.colcon_core.package_discovery:discover_packages(ignore) discover
[0.483s] Level 1:colcon.colcon_core.package_discovery:discover_packages(ignore) using defaults
[0.483s] Level 1:colcon.colcon_core.package_discovery:discover_packages(path) discover
[0.483s] Level 1:colcon.colcon_core.package_discovery:discover_packages(path) using defaults
[0.509s] INFO:colcon.colcon_metadata.metadata.colcon_pkg:Updating descriptor of package 'src/unitree_ros2/cyclonedds_ws/src/cyclonedds' from colcon.pkg: {'cmake-args': ['-DBUILD_IDLC=AUTO']}
[0.513s] INFO:colcon.colcon_core.package_selection:Skipping package 'unitree_mujoco' in 'src/unitree_mujoco/simulate'
[0.514s] Level 5:colcon.colcon_core.verb:set package 'cyclonedds' build argument 'cmake_args' from command line to 'None'
[0.514s] Level 5:colcon.colcon_core.verb:overwrite package 'cyclonedds' build argument 'cmake_args' from package metadata with '['-DBUILD_IDLC=AUTO']' (before: 'None')
[0.514s] Level 5:colcon.colcon_core.verb:set package 'cyclonedds' build argument 'cmake_target' from command line to 'None'
[0.514s] Level 5:colcon.colcon_core.verb:set package 'cyclonedds' build argument 'cmake_target_skip_unavailable' from command line to 'False'
[0.514s] Level 5:colcon.colcon_core.verb:set package 'cyclonedds' build argument 'cmake_clean_cache' from command line to 'False'
[0.514s] Level 5:colcon.colcon_core.verb:set package 'cyclonedds' build argument 'cmake_clean_first' from command line to 'False'
[0.514s] Level 5:colcon.colcon_core.verb:set package 'cyclonedds' build argument 'cmake_force_configure' from command line to 'False'
[0.514s] Level 5:colcon.colcon_core.verb:set package 'cyclonedds' build argument 'ament_cmake_args' from command line to 'None'
[0.514s] Level 5:colcon.colcon_core.verb:set package 'cyclonedds' build argument 'catkin_cmake_args' from command line to 'None'
[0.514s] Level 5:colcon.colcon_core.verb:set package 'cyclonedds' build argument 'catkin_skip_building_tests' from command line to 'False'
[0.514s] DEBUG:colcon.colcon_core.verb:Building package 'cyclonedds' with the following arguments: {'ament_cmake_args': None, 'build_base': '/ws/build/cyclonedds', 'catkin_cmake_args': None, 'catkin_skip_building_tests': False, 'cmake_args': ['-DBUILD_IDLC=AUTO'], 'cmake_clean_cache': False, 'cmake_clean_first': False, 'cmake_force_configure': False, 'cmake_target': None, 'cmake_target_skip_unavailable': False, 'install_base': '/ws/install/cyclonedds', 'merge_install': False, 'path': '/ws/src/unitree_ros2/cyclonedds_ws/src/cyclonedds', 'symlink_install': False, 'test_result_base': None}
[0.515s] Level 5:colcon.colcon_core.verb:set package 'ros2_unitree_legged_msgs' build argument 'cmake_args' from command line to 'None'
[0.515s] Level 5:colcon.colcon_core.verb:set package 'ros2_unitree_legged_msgs' build argument 'cmake_target' from command line to 'None'
[0.515s] Level 5:colcon.colcon_core.verb:set package 'ros2_unitree_legged_msgs' build argument 'cmake_target_skip_unavailable' from command line to 'False'
[0.515s] Level 5:colcon.colcon_core.verb:set package 'ros2_unitree_legged_msgs' build argument 'cmake_clean_cache' from command line to 'False'
[0.515s] Level 5:colcon.colcon_core.verb:set package 'ros2_unitree_legged_msgs' build argument 'cmake_clean_first' from command line to 'False'
[0.515s] Level 5:colcon.colcon_core.verb:set package 'ros2_unitree_legged_msgs' build argument 'cmake_force_configure' from command line to 'False'
[0.515s] Level 5:colcon.colcon_core.verb:set package 'ros2_unitree_legged_msgs' build argument 'ament_cmake_args' from command line to 'None'
[0.515s] Level 5:colcon.colcon_core.verb:set package 'ros2_unitree_legged_msgs' build argument 'catkin_cmake_args' from command line to 'None'
[0.515s] Level 5:colcon.colcon_core.verb:set package 'ros2_unitree_legged_msgs' build argument 'catkin_skip_building_tests' from command line to 'False'
[0.515s] DEBUG:colcon.colcon_core.verb:Building package 'ros2_unitree_legged_msgs' with the following arguments: {'ament_cmake_args': None, 'build_base': '/ws/build/ros2_unitree_legged_msgs', 'catkin_cmake_args': None, 'catkin_skip_building_tests': False, 'cmake_args': None, 'cmake_clean_cache': False, 'cmake_clean_first': False, 'cmake_force_configure': False, 'cmake_target': None, 'cmake_target_skip_unavailable': False, 'install_base': '/ws/install/ros2_unitree_legged_msgs', 'merge_install': False, 'path': '/ws/src/ros2_unitree_legged_msgs', 'symlink_install': False, 'test_result_base': None}
[0.515s] Level 5:colcon.colcon_core.verb:set package 'unitree_api' build argument 'cmake_args' from command line to 'None'
[0.515s] Level 5:colcon.colcon_core.verb:set package 'unitree_api' build argument 'cmake_target' from command line to 'None'
[0.515s] Level 5:colcon.colcon_core.verb:set package 'unitree_api' build argument 'cmake_target_skip_unavailable' from command line to 'False'
[0.515s] Level 5:colcon.colcon_core.verb:set package 'unitree_api' build argument 'cmake_clean_cache' from command line to 'False'
[0.515s] Level 5:colcon.colcon_core.verb:set package 'unitree_api' build argument 'cmake_clean_first' from command line to 'False'
[0.515s] Level 5:colcon.colcon_core.verb:set package 'unitree_api' build argument 'cmake_force_configure' from command line to 'False'
[0.515s] Level 5:colcon.colcon_core.verb:set package 'unitree_api' build argument 'ament_cmake_args' from command line to 'None'
[0.515s] Level 5:colcon.colcon_core.verb:set package 'unitree_api' build argument 'catkin_cmake_args' from command line to 'None'
[0.515s] Level 5:colcon.colcon_core.verb:set package 'unitree_api' build argument 'catkin_skip_building_tests' from command line to 'False'
[0.516s] DEBUG:colcon.colcon_core.verb:Building package 'unitree_api' with the following arguments: {'ament_cmake_args': None, 'build_base': '/ws/build/unitree_api', 'catkin_cmake_args': None, 'catkin_skip_building_tests': False, 'cmake_args': None, 'cmake_clean_cache': False, 'cmake_clean_first': False, 'cmake_force_configure': False, 'cmake_target': None, 'cmake_target_skip_unavailable': False, 'install_base': '/ws/install/unitree_api', 'merge_install': False, 'path': '/ws/src/unitree_ros2/cyclonedds_ws/src/unitree/unitree_api', 'symlink_install': False, 'test_result_base': None}
[0.516s] Level 5:colcon.colcon_core.verb:set package 'unitree_go' build argument 'cmake_args' from command line to 'None'
[0.516s] Level 5:colcon.colcon_core.verb:set package 'unitree_go' build argument 'cmake_target' from command line to 'None'
[0.516s] Level 5:colcon.colcon_core.verb:set package 'unitree_go' build argument 'cmake_target_skip_unavailable' from command line to 'False'
[0.516s] Level 5:colcon.colcon_core.verb:set package 'unitree_go' build argument 'cmake_clean_cache' from command line to 'False'
[0.516s] Level 5:colcon.colcon_core.verb:set package 'unitree_go' build argument 'cmake_clean_first' from command line to 'False'
[0.516s] Level 5:colcon.colcon_core.verb:set package 'unitree_go' build argument 'cmake_force_configure' from command line to 'False'
[0.516s] Level 5:colcon.colcon_core.verb:set package 'unitree_go' build argument 'ament_cmake_args' from command line to 'None'
[0.516s] Level 5:colcon.colcon_core.verb:set package 'unitree_go' build argument 'catkin_cmake_args' from command line to 'None'
[0.516s] Level 5:colcon.colcon_core.verb:set package 'unitree_go' build argument 'catkin_skip_building_tests' from command line to 'False'
[0.516s] DEBUG:colcon.colcon_core.verb:Building package 'unitree_go' with the following arguments: {'ament_cmake_args': None, 'build_base': '/ws/build/unitree_go', 'catkin_cmake_args': None, 'catkin_skip_building_tests': False, 'cmake_args': None, 'cmake_clean_cache': False, 'cmake_clean_first': False, 'cmake_force_configure': False, 'cmake_target': None, 'cmake_target_skip_unavailable': False, 'install_base': '/ws/install/unitree_go', 'merge_install': False, 'path': '/ws/src/unitree_ros2/cyclonedds_ws/src/unitree/unitree_go', 'symlink_install': False, 'test_result_base': None}
[0.517s] Level 5:colcon.colcon_core.verb:set package 'unitree_hg' build argument 'cmake_args' from command line to 'None'
[0.517s] Level 5:colcon.colcon_core.verb:set package 'unitree_hg' build argument 'cmake_target' from command line to 'None'
[0.517s] Level 5:colcon.colcon_core.verb:set package 'unitree_hg' build argument 'cmake_target_skip_unavailable' from command line to 'False'
[0.517s] Level 5:colcon.colcon_core.verb:set package 'unitree_hg' build argument 'cmake_clean_cache' from command line to 'False'
[0.517s] Level 5:colcon.colcon_core.verb:set package 'unitree_hg' build argument 'cmake_clean_first' from command line to 'False'
[0.517s] Level 5:colcon.colcon_core.verb:set package 'unitree_hg' build argument 'cmake_force_configure' from command line to 'False'
[0.517s] Level 5:colcon.colcon_core.verb:set package 'unitree_hg' build argument 'ament_cmake_args' from command line to 'None'
[0.517s] Level 5:colcon.colcon_core.verb:set package 'unitree_hg' build argument 'catkin_cmake_args' from command line to 'None'
[0.517s] Level 5:colcon.colcon_core.verb:set package 'unitree_hg' build argument 'catkin_skip_building_tests' from command line to 'False'
[0.517s] DEBUG:colcon.colcon_core.verb:Building package 'unitree_hg' with the following arguments: {'ament_cmake_args': None, 'build_base': '/ws/build/unitree_hg', 'catkin_cmake_args': None, 'catkin_skip_building_tests': False, 'cmake_args': None, 'cmake_clean_cache': False, 'cmake_clean_first': False, 'cmake_force_configure': False, 'cmake_target': None, 'cmake_target_skip_unavailable': False, 'install_base': '/ws/install/unitree_hg', 'merge_install': False, 'path': '/ws/src/unitree_ros2/cyclonedds_ws/src/unitree/unitree_hg', 'symlink_install': False, 'test_result_base': None}
[0.518s] Level 5:colcon.colcon_core.verb:set package 'rmw_cyclonedds_cpp' build argument 'cmake_args' from command line to 'None'
[0.518s] Level 5:colcon.colcon_core.verb:set package 'rmw_cyclonedds_cpp' build argument 'cmake_target' from command line to 'None'
[0.518s] Level 5:colcon.colcon_core.verb:set package 'rmw_cyclonedds_cpp' build argument 'cmake_target_skip_unavailable' from command line to 'False'
[0.518s] Level 5:colcon.colcon_core.verb:set package 'rmw_cyclonedds_cpp' build argument 'cmake_clean_cache' from command line to 'False'
[0.518s] Level 5:colcon.colcon_core.verb:set package 'rmw_cyclonedds_cpp' build argument 'cmake_clean_first' from command line to 'False'
[0.518s] Level 5:colcon.colcon_core.verb:set package 'rmw_cyclonedds_cpp' build argument 'cmake_force_configure' from command line to 'False'
[0.518s] Level 5:colcon.colcon_core.verb:set package 'rmw_cyclonedds_cpp' build argument 'ament_cmake_args' from command line to 'None'
[0.518s] Level 5:colcon.colcon_core.verb:set package 'rmw_cyclonedds_cpp' build argument 'catkin_cmake_args' from command line to 'None'
[0.518s] Level 5:colcon.colcon_core.verb:set package 'rmw_cyclonedds_cpp' build argument 'catkin_skip_building_tests' from command line to 'False'
[0.518s] DEBUG:colcon.colcon_core.verb:Building package 'rmw_cyclonedds_cpp' with the following arguments: {'ament_cmake_args': None, 'build_base': '/ws/build/rmw_cyclonedds_cpp', 'catkin_cmake_args': None, 'catkin_skip_building_tests': False, 'cmake_args': None, 'cmake_clean_cache': False, 'cmake_clean_first': False, 'cmake_force_configure': False, 'cmake_target': None, 'cmake_target_skip_unavailable': False, 'install_base': '/ws/install/rmw_cyclonedds_cpp', 'merge_install': False, 'path': '/ws/src/unitree_ros2/cyclonedds_ws/src/rmw_cyclonedds/rmw_cyclonedds_cpp', 'symlink_install': False, 'test_result_base': None}
[0.518s] Level 5:colcon.colcon_core.verb:set package 'stand_go2' build argument 'cmake_args' from command line to 'None'
[0.519s] Level 5:colcon.colcon_core.verb:set package 'stand_go2' build argument 'cmake_target' from command line to 'None'
[0.519s] Level 5:colcon.colcon_core.verb:set package 'stand_go2' build argument 'cmake_target_skip_unavailable' from command line to 'False'
[0.519s] Level 5:colcon.colcon_core.verb:set package 'stand_go2' build argument 'cmake_clean_cache' from command line to 'False'
[0.519s] Level 5:colcon.colcon_core.verb:set package 'stand_go2' build argument 'cmake_clean_first' from command line to 'False'
[0.519s] Level 5:colcon.colcon_core.verb:set package 'stand_go2' build argument 'cmake_force_configure' from command line to 'False'
[0.519s] Level 5:colcon.colcon_core.verb:set package 'stand_go2' build argument 'ament_cmake_args' from command line to 'None'
[0.519s] Level 5:colcon.colcon_core.verb:set package 'stand_go2' build argument 'catkin_cmake_args' from command line to 'None'
[0.519s] Level 5:colcon.colcon_core.verb:set package 'stand_go2' build argument 'catkin_skip_building_tests' from command line to 'False'
[0.519s] DEBUG:colcon.colcon_core.verb:Building package 'stand_go2' with the following arguments: {'ament_cmake_args': None, 'build_base': '/ws/build/stand_go2', 'catkin_cmake_args': None, 'catkin_skip_building_tests': False, 'cmake_args': None, 'cmake_clean_cache': False, 'cmake_clean_first': False, 'cmake_force_configure': False, 'cmake_target': None, 'cmake_target_skip_unavailable': False, 'install_base': '/ws/install/stand_go2', 'merge_install': False, 'path': '/ws/src/unitree_mujoco/example/ros2', 'symlink_install': False, 'test_result_base': None}
[0.520s] Level 5:colcon.colcon_core.verb:set package 'unitree_rl_controller' build argument 'cmake_args' from command line to 'None'
[0.520s] Level 5:colcon.colcon_core.verb:set package 'unitree_rl_controller' build argument 'cmake_target' from command line to 'None'
[0.520s] Level 5:colcon.colcon_core.verb:set package 'unitree_rl_controller' build argument 'cmake_target_skip_unavailable' from command line to 'False'
[0.520s] Level 5:colcon.colcon_core.verb:set package 'unitree_rl_controller' build argument 'cmake_clean_cache' from command line to 'False'
[0.520s] Level 5:colcon.colcon_core.verb:set package 'unitree_rl_controller' build argument 'cmake_clean_first' from command line to 'False'
[0.520s] Level 5:colcon.colcon_core.verb:set package 'unitree_rl_controller' build argument 'cmake_force_configure' from command line to 'False'
[0.520s] Level 5:colcon.colcon_core.verb:set package 'unitree_rl_controller' build argument 'ament_cmake_args' from command line to 'None'
[0.520s] Level 5:colcon.colcon_core.verb:set package 'unitree_rl_controller' build argument 'catkin_cmake_args' from command line to 'None'
[0.520s] Level 5:colcon.colcon_core.verb:set package 'unitree_rl_controller' build argument 'catkin_skip_building_tests' from command line to 'False'
[0.520s] DEBUG:colcon.colcon_core.verb:Building package 'unitree_rl_controller' with the following arguments: {'ament_cmake_args': None, 'build_base': '/ws/build/unitree_rl_controller', 'catkin_cmake_args': None, 'catkin_skip_building_tests': False, 'cmake_args': None, 'cmake_clean_cache': False, 'cmake_clean_first': False, 'cmake_force_configure': False, 'cmake_target': None, 'cmake_target_skip_unavailable': False, 'install_base': '/ws/install/unitree_rl_controller', 'merge_install': False, 'path': '/ws/src/unitree_rl_controller-ros2', 'symlink_install': False, 'test_result_base': None}
[0.521s] Level 5:colcon.colcon_core.verb:set package 'unitree_ros2_example' build argument 'cmake_args' from command line to 'None'
[0.521s] Level 5:colcon.colcon_core.verb:set package 'unitree_ros2_example' build argument 'cmake_target' from command line to 'None'
[0.521s] Level 5:colcon.colcon_core.verb:set package 'unitree_ros2_example' build argument 'cmake_target_skip_unavailable' from command line to 'False'
[0.521s] Level 5:colcon.colcon_core.verb:set package 'unitree_ros2_example' build argument 'cmake_clean_cache' from command line to 'False'
[0.521s] Level 5:colcon.colcon_core.verb:set package 'unitree_ros2_example' build argument 'cmake_clean_first' from command line to 'False'
[0.521s] Level 5:colcon.colcon_core.verb:set package 'unitree_ros2_example' build argument 'cmake_force_configure' from command line to 'False'
[0.521s] Level 5:colcon.colcon_core.verb:set package 'unitree_ros2_example' build argument 'ament_cmake_args' from command line to 'None'
[0.521s] Level 5:colcon.colcon_core.verb:set package 'unitree_ros2_example' build argument 'catkin_cmake_args' from command line to 'None'
[0.521s] Level 5:colcon.colcon_core.verb:set package 'unitree_ros2_example' build argument 'catkin_skip_building_tests' from command line to 'False'
[0.521s] DEBUG:colcon.colcon_core.verb:Building package 'unitree_ros2_example' with the following arguments: {'ament_cmake_args': None, 'build_base': '/ws/build/unitree_ros2_example', 'catkin_cmake_args': None, 'catkin_skip_building_tests': False, 'cmake_args': None, 'cmake_clean_cache': False, 'cmake_clean_first': False, 'cmake_force_configure': False, 'cmake_target': None, 'cmake_target_skip_unavailable': False, 'install_base': '/ws/install/unitree_ros2_example', 'merge_install': False, 'path': '/ws/src/unitree_ros2/example/src', 'symlink_install': False, 'test_result_base': None}
[0.521s] Level 5:colcon.colcon_core.verb:set package 'unitree_legged_real' build argument 'cmake_args' from command line to 'None'
[0.521s] Level 5:colcon.colcon_core.verb:set package 'unitree_legged_real' build argument 'cmake_target' from command line to 'None'
[0.521s] Level 5:colcon.colcon_core.verb:set package 'unitree_legged_real' build argument 'cmake_target_skip_unavailable' from command line to 'False'
[0.521s] Level 5:colcon.colcon_core.verb:set package 'unitree_legged_real' build argument 'cmake_clean_cache' from command line to 'False'
[0.521s] Level 5:colcon.colcon_core.verb:set package 'unitree_legged_real' build argument 'cmake_clean_first' from command line to 'False'
[0.521s] Level 5:colcon.colcon_core.verb:set package 'unitree_legged_real' build argument 'cmake_force_configure' from command line to 'False'
[0.521s] Level 5:colcon.colcon_core.verb:set package 'unitree_legged_real' build argument 'ament_cmake_args' from command line to 'None'
[0.521s] Level 5:colcon.colcon_core.verb:set package 'unitree_legged_real' build argument 'catkin_cmake_args' from command line to 'None'
[0.521s] Level 5:colcon.colcon_core.verb:set package 'unitree_legged_real' build argument 'catkin_skip_building_tests' from command line to 'False'
[0.522s] DEBUG:colcon.colcon_core.verb:Building package 'unitree_legged_real' with the following arguments: {'ament_cmake_args': None, 'build_base': '/ws/build/unitree_legged_real', 'catkin_cmake_args': None, 'catkin_skip_building_tests': False, 'cmake_args': None, 'cmake_clean_cache': False, 'cmake_clean_first': False, 'cmake_force_configure': False, 'cmake_target': None, 'cmake_target_skip_unavailable': False, 'install_base': '/ws/install/unitree_legged_real', 'merge_install': False, 'path': '/ws/src/unitree_ros2_to_real', 'symlink_install': False, 'test_result_base': None}
[0.522s] INFO:colcon.colcon_core.executor:Executing jobs using 'parallel' executor
[0.523s] DEBUG:colcon.colcon_parallel_executor.executor.parallel:run_until_complete
[0.524s] INFO:colcon.colcon_ros.task.ament_cmake.build:Building ROS package in '/ws/src/unitree_ros2/cyclonedds_ws/src/unitree/unitree_api' with build type 'ament_cmake'
[0.525s] INFO:colcon.colcon_cmake.task.cmake.build:Building CMake package in '/ws/src/unitree_ros2/cyclonedds_ws/src/unitree/unitree_api'
[0.531s] INFO:colcon.colcon_core.plugin_system:Skipping extension 'colcon_core.shell.bat': Not used on non-Windows systems
[0.532s] INFO:colcon.colcon_core.shell:Skip shell extension 'powershell' for command environment: Not usable outside of PowerShell
[0.532s] DEBUG:colcon.colcon_core.shell:Skip shell extension 'dsv' for command environment
[0.543s] INFO:colcon.colcon_ros.task.ament_cmake.build:Building ROS package in '/ws/src/unitree_ros2/cyclonedds_ws/src/unitree/unitree_go' with build type 'ament_cmake'
[0.543s] INFO:colcon.colcon_cmake.task.cmake.build:Building CMake package in '/ws/src/unitree_ros2/cyclonedds_ws/src/unitree/unitree_go'
[0.544s] INFO:colcon.colcon_core.shell:Skip shell extension 'powershell' for command environment: Not usable outside of PowerShell
[0.544s] DEBUG:colcon.colcon_core.shell:Skip shell extension 'dsv' for command environment
[0.550s] INFO:colcon.colcon_ros.task.ament_cmake.build:Building ROS package in '/ws/src/ros2_unitree_legged_msgs' with build type 'ament_cmake'
[0.550s] INFO:colcon.colcon_cmake.task.cmake.build:Building CMake package in '/ws/src/ros2_unitree_legged_msgs'
[0.551s] INFO:colcon.colcon_core.shell:Skip shell extension 'powershell' for command environment: Not usable outside of PowerShell
[0.551s] DEBUG:colcon.colcon_core.shell:Skip shell extension 'dsv' for command environment
[0.559s] INFO:colcon.colcon_ros.task.cmake.build:Building ROS package in '/ws/src/unitree_ros2/cyclonedds_ws/src/cyclonedds' with build type 'cmake'
[0.561s] INFO:colcon.colcon_cmake.task.cmake.build:Building CMake package in '/ws/src/unitree_ros2/cyclonedds_ws/src/cyclonedds'
[0.562s] INFO:colcon.colcon_core.shell:Skip shell extension 'powershell' for command environment: Not usable outside of PowerShell
[0.562s] DEBUG:colcon.colcon_core.shell:Skip shell extension 'dsv' for command environment
[0.583s] DEBUG:colcon.colcon_core.event_handler.log_command:Invoking command in '/ws/build/unitree_api': CMAKE_PREFIX_PATH=${CMAKE_PREFIX_PATH}:/opt/ros/humble /usr/bin/cmake --build /ws/build/unitree_api -- -j4 -l4
[0.590s] DEBUG:colcon.colcon_core.event_handler.log_command:Invoking command in '/ws/build/unitree_go': CMAKE_PREFIX_PATH=${CMAKE_PREFIX_PATH}:/opt/ros/humble /usr/bin/cmake --build /ws/build/unitree_go -- -j4 -l4
[0.596s] DEBUG:colcon.colcon_core.event_handler.log_command:Invoking command in '/ws/build/ros2_unitree_legged_msgs': CMAKE_PREFIX_PATH=${CMAKE_PREFIX_PATH}:/opt/ros/humble /usr/bin/cmake --build /ws/build/ros2_unitree_legged_msgs -- -j4 -l4
[0.612s] DEBUG:colcon.colcon_core.event_handler.log_command:Invoking command in '/ws/build/cyclonedds': CMAKE_PREFIX_PATH=${CMAKE_PREFIX_PATH}:/opt/ros/humble /usr/bin/cmake --build /ws/build/cyclonedds -- -j4 -l4
[3.570s] DEBUG:colcon.colcon_core.event_handler.log_command:Invoked command in '/ws/build/ros2_unitree_legged_msgs' returned '0': CMAKE_PREFIX_PATH=${CMAKE_PREFIX_PATH}:/opt/ros/humble /usr/bin/cmake --build /ws/build/ros2_unitree_legged_msgs -- -j4 -l4
[3.644s] DEBUG:colcon.colcon_core.event_handler.log_command:Invoking command in '/ws/build/ros2_unitree_legged_msgs': CMAKE_PREFIX_PATH=${CMAKE_PREFIX_PATH}:/opt/ros/humble /usr/bin/cmake --install /ws/build/ros2_unitree_legged_msgs
[3.946s] DEBUG:colcon.colcon_core.event_handler.log_command:Invoked command in '/ws/build/unitree_api' returned '0': CMAKE_PREFIX_PATH=${CMAKE_PREFIX_PATH}:/opt/ros/humble /usr/bin/cmake --build /ws/build/unitree_api -- -j4 -l4
[3.947s] DEBUG:colcon.colcon_core.event_handler.log_command:Invoking command in '/ws/build/unitree_api': CMAKE_PREFIX_PATH=${CMAKE_PREFIX_PATH}:/opt/ros/humble /usr/bin/cmake --install /ws/build/unitree_api
[4.328s] Level 1:colcon.colcon_core.environment:create_environment_scripts_only(ros2_unitree_legged_msgs)
[4.346s] DEBUG:colcon.colcon_core.event_handler.log_command:Invoked command in '/ws/build/ros2_unitree_legged_msgs' returned '0': CMAKE_PREFIX_PATH=${CMAKE_PREFIX_PATH}:/opt/ros/humble /usr/bin/cmake --install /ws/build/ros2_unitree_legged_msgs
[4.346s] Level 1:colcon.colcon_core.environment:checking '/ws/install/ros2_unitree_legged_msgs' for CMake module files
[4.347s] Level 1:colcon.colcon_core.environment:checking '/ws/install/ros2_unitree_legged_msgs' for CMake config files
[4.348s] Level 1:colcon.colcon_core.shell:create_environment_hook('ros2_unitree_legged_msgs', 'cmake_prefix_path')
[4.355s] INFO:colcon.colcon_core.shell:Creating environment hook '/ws/install/ros2_unitree_legged_msgs/share/ros2_unitree_legged_msgs/hook/cmake_prefix_path.ps1'
[4.357s] INFO:colcon.colcon_core.shell:Creating environment descriptor '/ws/install/ros2_unitree_legged_msgs/share/ros2_unitree_legged_msgs/hook/cmake_prefix_path.dsv'
[4.365s] INFO:colcon.colcon_core.shell:Creating environment hook '/ws/install/ros2_unitree_legged_msgs/share/ros2_unitree_legged_msgs/hook/cmake_prefix_path.sh'
[4.371s] Level 1:colcon.colcon_core.environment:checking '/ws/install/ros2_unitree_legged_msgs/lib'
[4.377s] Level 1:colcon.colcon_core.shell:create_environment_hook('ros2_unitree_legged_msgs', 'ld_library_path_lib')
[4.378s] INFO:colcon.colcon_core.shell:Creating environment hook '/ws/install/ros2_unitree_legged_msgs/share/ros2_unitree_legged_msgs/hook/ld_library_path_lib.ps1'
[4.391s] INFO:colcon.colcon_core.shell:Creating environment descriptor '/ws/install/ros2_unitree_legged_msgs/share/ros2_unitree_legged_msgs/hook/ld_library_path_lib.dsv'
[4.397s] INFO:colcon.colcon_core.shell:Creating environment hook '/ws/install/ros2_unitree_legged_msgs/share/ros2_unitree_legged_msgs/hook/ld_library_path_lib.sh'
[4.399s] Level 1:colcon.colcon_core.environment:checking '/ws/install/ros2_unitree_legged_msgs/bin'
[4.399s] Level 1:colcon.colcon_core.environment:checking '/ws/install/ros2_unitree_legged_msgs/lib/pkgconfig/ros2_unitree_legged_msgs.pc'
[4.406s] Level 1:colcon.colcon_core.environment:checking '/ws/install/ros2_unitree_legged_msgs/lib/python3.10/site-packages'
[4.407s] Level 1:colcon.colcon_core.environment:checking '/ws/install/ros2_unitree_legged_msgs/bin'
[4.414s] INFO:colcon.colcon_core.shell:Creating package script '/ws/install/ros2_unitree_legged_msgs/share/ros2_unitree_legged_msgs/package.ps1'
[4.415s] INFO:colcon.colcon_core.shell:Creating package descriptor '/ws/install/ros2_unitree_legged_msgs/share/ros2_unitree_legged_msgs/package.dsv'
[4.420s] INFO:colcon.colcon_core.shell:Creating package script '/ws/install/ros2_unitree_legged_msgs/share/ros2_unitree_legged_msgs/package.sh'
[4.422s] INFO:colcon.colcon_core.shell:Creating package script '/ws/install/ros2_unitree_legged_msgs/share/ros2_unitree_legged_msgs/package.bash'
[4.427s] INFO:colcon.colcon_core.shell:Creating package script '/ws/install/ros2_unitree_legged_msgs/share/ros2_unitree_legged_msgs/package.zsh'
[4.441s] Level 1:colcon.colcon_core.environment:create_file_with_runtime_dependencies(/ws/install/ros2_unitree_legged_msgs/share/colcon-core/packages/ros2_unitree_legged_msgs)
[4.451s] Level 1:colcon.colcon_core.environment:create_environment_scripts_only(ros2_unitree_legged_msgs)
[4.452s] Level 1:colcon.colcon_core.environment:checking '/ws/install/ros2_unitree_legged_msgs' for CMake module files
[4.461s] Level 1:colcon.colcon_core.environment:checking '/ws/install/ros2_unitree_legged_msgs' for CMake config files
[4.462s] Level 1:colcon.colcon_core.shell:create_environment_hook('ros2_unitree_legged_msgs', 'cmake_prefix_path')
[4.463s] INFO:colcon.colcon_core.shell:Creating environment hook '/ws/install/ros2_unitree_legged_msgs/share/ros2_unitree_legged_msgs/hook/cmake_prefix_path.ps1'
[4.474s] INFO:colcon.colcon_core.shell:Creating environment descriptor '/ws/install/ros2_unitree_legged_msgs/share/ros2_unitree_legged_msgs/hook/cmake_prefix_path.dsv'
[4.485s] INFO:colcon.colcon_core.shell:Creating environment hook '/ws/install/ros2_unitree_legged_msgs/share/ros2_unitree_legged_msgs/hook/cmake_prefix_path.sh'
[4.496s] Level 1:colcon.colcon_core.environment:checking '/ws/install/ros2_unitree_legged_msgs/lib'
[4.506s] Level 1:colcon.colcon_core.shell:create_environment_hook('ros2_unitree_legged_msgs', 'ld_library_path_lib')
[4.506s] INFO:colcon.colcon_core.shell:Creating environment hook '/ws/install/ros2_unitree_legged_msgs/share/ros2_unitree_legged_msgs/hook/ld_library_path_lib.ps1'
[4.508s] INFO:colcon.colcon_core.shell:Creating environment descriptor '/ws/install/ros2_unitree_legged_msgs/share/ros2_unitree_legged_msgs/hook/ld_library_path_lib.dsv'
[4.519s] INFO:colcon.colcon_core.shell:Creating environment hook '/ws/install/ros2_unitree_legged_msgs/share/ros2_unitree_legged_msgs/hook/ld_library_path_lib.sh'
[4.522s] Level 1:colcon.colcon_core.environment:checking '/ws/install/ros2_unitree_legged_msgs/bin'
[4.526s] Level 1:colcon.colcon_core.environment:checking '/ws/install/ros2_unitree_legged_msgs/lib/pkgconfig/ros2_unitree_legged_msgs.pc'
[4.526s] Level 1:colcon.colcon_core.environment:checking '/ws/install/ros2_unitree_legged_msgs/lib/python3.10/site-packages'
[4.529s] Level 1:colcon.colcon_core.environment:checking '/ws/install/ros2_unitree_legged_msgs/bin'
[4.534s] INFO:colcon.colcon_core.shell:Creating package script '/ws/install/ros2_unitree_legged_msgs/share/ros2_unitree_legged_msgs/package.ps1'
[4.535s] INFO:colcon.colcon_core.shell:Creating package descriptor '/ws/install/ros2_unitree_legged_msgs/share/ros2_unitree_legged_msgs/package.dsv'
[4.555s] INFO:colcon.colcon_core.shell:Creating package script '/ws/install/ros2_unitree_legged_msgs/share/ros2_unitree_legged_msgs/package.sh'
[4.564s] INFO:colcon.colcon_core.shell:Creating package script '/ws/install/ros2_unitree_legged_msgs/share/ros2_unitree_legged_msgs/package.bash'
[4.571s] INFO:colcon.colcon_core.shell:Creating package script '/ws/install/ros2_unitree_legged_msgs/share/ros2_unitree_legged_msgs/package.zsh'
[4.573s] Level 1:colcon.colcon_core.environment:create_file_with_runtime_dependencies(/ws/install/ros2_unitree_legged_msgs/share/colcon-core/packages/ros2_unitree_legged_msgs)
[4.590s] INFO:colcon.colcon_ros.task.ament_cmake.build:Building ROS package in '/ws/src/unitree_ros2/cyclonedds_ws/src/unitree/unitree_hg' with build type 'ament_cmake'
[4.590s] INFO:colcon.colcon_cmake.task.cmake.build:Building CMake package in '/ws/src/unitree_ros2/cyclonedds_ws/src/unitree/unitree_hg'
[4.591s] INFO:colcon.colcon_core.shell:Skip shell extension 'powershell' for command environment: Not usable outside of PowerShell
[4.591s] DEBUG:colcon.colcon_core.shell:Skip shell extension 'dsv' for command environment
[4.646s] Level 1:colcon.colcon_core.environment:create_environment_scripts_only(unitree_api)
[4.646s] Level 1:colcon.colcon_core.environment:checking '/ws/install/unitree_api' for CMake module files
[4.651s] DEBUG:colcon.colcon_core.event_handler.log_command:Invoked command in '/ws/build/unitree_api' returned '0': CMAKE_PREFIX_PATH=${CMAKE_PREFIX_PATH}:/opt/ros/humble /usr/bin/cmake --install /ws/build/unitree_api
[4.652s] Level 1:colcon.colcon_core.environment:checking '/ws/install/unitree_api' for CMake config files
[4.653s] Level 1:colcon.colcon_core.shell:create_environment_hook('unitree_api', 'cmake_prefix_path')
[4.654s] INFO:colcon.colcon_core.shell:Creating environment hook '/ws/install/unitree_api/share/unitree_api/hook/cmake_prefix_path.ps1'
[4.661s] INFO:colcon.colcon_core.shell:Creating environment descriptor '/ws/install/unitree_api/share/unitree_api/hook/cmake_prefix_path.dsv'
[4.662s] INFO:colcon.colcon_core.shell:Creating environment hook '/ws/install/unitree_api/share/unitree_api/hook/cmake_prefix_path.sh'
[4.670s] Level 1:colcon.colcon_core.environment:checking '/ws/install/unitree_api/lib'
[4.670s] Level 1:colcon.colcon_core.shell:create_environment_hook('unitree_api', 'ld_library_path_lib')
[4.671s] INFO:colcon.colcon_core.shell:Creating environment hook '/ws/install/unitree_api/share/unitree_api/hook/ld_library_path_lib.ps1'
[4.679s] INFO:colcon.colcon_core.shell:Creating environment descriptor '/ws/install/unitree_api/share/unitree_api/hook/ld_library_path_lib.dsv'
[4.680s] INFO:colcon.colcon_core.shell:Creating environment hook '/ws/install/unitree_api/share/unitree_api/hook/ld_library_path_lib.sh'
[4.692s] Level 1:colcon.colcon_core.environment:checking '/ws/install/unitree_api/bin'
[4.698s] Level 1:colcon.colcon_core.environment:checking '/ws/install/unitree_api/lib/pkgconfig/unitree_api.pc'
[4.699s] Level 1:colcon.colcon_core.environment:checking '/ws/install/unitree_api/lib/python3.10/site-packages'
[4.701s] Level 1:colcon.colcon_core.environment:checking '/ws/install/unitree_api/bin'
[4.705s] INFO:colcon.colcon_core.shell:Creating package script '/ws/install/unitree_api/share/unitree_api/package.ps1'
[4.710s] INFO:colcon.colcon_core.shell:Creating package descriptor '/ws/install/unitree_api/share/unitree_api/package.dsv'
[4.712s] INFO:colcon.colcon_core.shell:Creating package script '/ws/install/unitree_api/share/unitree_api/package.sh'
[4.713s] INFO:colcon.colcon_core.shell:Creating package script '/ws/install/unitree_api/share/unitree_api/package.bash'
[4.714s] INFO:colcon.colcon_core.shell:Creating package script '/ws/install/unitree_api/share/unitree_api/package.zsh'
[4.715s] Level 1:colcon.colcon_core.environment:create_file_with_runtime_dependencies(/ws/install/unitree_api/share/colcon-core/packages/unitree_api)
[4.719s] Level 1:colcon.colcon_core.environment:create_environment_scripts_only(unitree_api)
[4.722s] Level 1:colcon.colcon_core.environment:checking '/ws/install/unitree_api' for CMake module files
[4.726s] Level 1:colcon.colcon_core.environment:checking '/ws/install/unitree_api' for CMake config files
[4.727s] Level 1:colcon.colcon_core.shell:create_environment_hook('unitree_api', 'cmake_prefix_path')
[4.731s] INFO:colcon.colcon_core.shell:Creating environment hook '/ws/install/unitree_api/share/unitree_api/hook/cmake_prefix_path.ps1'
[4.732s] INFO:colcon.colcon_core.shell:Creating environment descriptor '/ws/install/unitree_api/share/unitree_api/hook/cmake_prefix_path.dsv'
[4.733s] INFO:colcon.colcon_core.shell:Creating environment hook '/ws/install/unitree_api/share/unitree_api/hook/cmake_prefix_path.sh'
[4.738s] Level 1:colcon.colcon_core.environment:checking '/ws/install/unitree_api/lib'
[4.738s] Level 1:colcon.colcon_core.shell:create_environment_hook('unitree_api', 'ld_library_path_lib')
[4.739s] INFO:colcon.colcon_core.shell:Creating environment hook '/ws/install/unitree_api/share/unitree_api/hook/ld_library_path_lib.ps1'
[4.743s] INFO:colcon.colcon_core.shell:Creating environment descriptor '/ws/install/unitree_api/share/unitree_api/hook/ld_library_path_lib.dsv'
[4.744s] INFO:colcon.colcon_core.shell:Creating environment hook '/ws/install/unitree_api/share/unitree_api/hook/ld_library_path_lib.sh'
[4.745s] Level 1:colcon.colcon_core.environment:checking '/ws/install/unitree_api/bin'
[4.748s] Level 1:colcon.colcon_core.environment:checking '/ws/install/unitree_api/lib/pkgconfig/unitree_api.pc'
[4.748s] Level 1:colcon.colcon_core.environment:checking '/ws/install/unitree_api/lib/python3.10/site-packages'
[4.749s] Level 1:colcon.colcon_core.environment:checking '/ws/install/unitree_api/bin'
[4.750s] INFO:colcon.colcon_core.shell:Creating package script '/ws/install/unitree_api/share/unitree_api/package.ps1'
[4.751s] INFO:colcon.colcon_core.shell:Creating package descriptor '/ws/install/unitree_api/share/unitree_api/package.dsv'
[4.752s] INFO:colcon.colcon_core.shell:Creating package script '/ws/install/unitree_api/share/unitree_api/package.sh'
[4.753s] INFO:colcon.colcon_core.shell:Creating package script '/ws/install/unitree_api/share/unitree_api/package.bash'
[4.754s] INFO:colcon.colcon_core.shell:Creating package script '/ws/install/unitree_api/share/unitree_api/package.zsh'
[4.755s] Level 1:colcon.colcon_core.environment:create_file_with_runtime_dependencies(/ws/install/unitree_api/share/colcon-core/packages/unitree_api)
[4.761s] INFO:colcon.colcon_ros.task.ament_cmake.build:Building ROS package in '/ws/src/unitree_rl_controller-ros2' with build type 'ament_cmake'
[4.763s] INFO:colcon.colcon_cmake.task.cmake.build:Building CMake package in '/ws/src/unitree_rl_controller-ros2'
[4.764s] INFO:colcon.colcon_core.shell:Skip shell extension 'powershell' for command environment: Not usable outside of PowerShell
[4.764s] DEBUG:colcon.colcon_core.shell:Skip shell extension 'dsv' for command environment
[4.822s] DEBUG:colcon.colcon_core.event_handler.log_command:Invoking command in '/ws/build/unitree_hg': CMAKE_PREFIX_PATH=${CMAKE_PREFIX_PATH}:/opt/ros/humble /usr/bin/cmake --build /ws/build/unitree_hg -- -j4 -l4
[4.848s] DEBUG:colcon.colcon_core.event_handler.log_command:Invoking command in '/ws/build/unitree_rl_controller': AMENT_PREFIX_PATH=/ws/install/ros2_unitree_legged_msgs:${AMENT_PREFIX_PATH} CMAKE_PREFIX_PATH=/ws/install/ros2_unitree_legged_msgs:/ws/libtorch:/opt/ros/humble LD_LIBRARY_PATH=/ws/install/ros2_unitree_legged_msgs/lib:${LD_LIBRARY_PATH} PYTHONPATH=/ws/install/ros2_unitree_legged_msgs/local/lib/python3.10/dist-packages:${PYTHONPATH} /usr/bin/cmake /ws/src/unitree_rl_controller-ros2 -DCMAKE_INSTALL_PREFIX=/ws/install/unitree_rl_controller
[8.656s] DEBUG:colcon.colcon_core.event_handler.log_command:Invoked command in '/ws/build/unitree_rl_controller' returned '0': AMENT_PREFIX_PATH=/ws/install/ros2_unitree_legged_msgs:${AMENT_PREFIX_PATH} CMAKE_PREFIX_PATH=/ws/install/ros2_unitree_legged_msgs:/ws/libtorch:/opt/ros/humble LD_LIBRARY_PATH=/ws/install/ros2_unitree_legged_msgs/lib:${LD_LIBRARY_PATH} PYTHONPATH=/ws/install/ros2_unitree_legged_msgs/local/lib/python3.10/dist-packages:${PYTHONPATH} /usr/bin/cmake /ws/src/unitree_rl_controller-ros2 -DCMAKE_INSTALL_PREFIX=/ws/install/unitree_rl_controller
[8.657s] DEBUG:colcon.colcon_core.event_handler.log_command:Invoking command in '/ws/build/unitree_rl_controller': AMENT_PREFIX_PATH=/ws/install/ros2_unitree_legged_msgs:${AMENT_PREFIX_PATH} CMAKE_PREFIX_PATH=/ws/install/ros2_unitree_legged_msgs:/ws/libtorch:/opt/ros/humble LD_LIBRARY_PATH=/ws/install/ros2_unitree_legged_msgs/lib:${LD_LIBRARY_PATH} PYTHONPATH=/ws/install/ros2_unitree_legged_msgs/local/lib/python3.10/dist-packages:${PYTHONPATH} /usr/bin/cmake --build /ws/build/unitree_rl_controller -- -j4 -l4
[68.436s] DEBUG:colcon.colcon_core.event_handler.log_command:Invoked command in '/ws/build/unitree_rl_controller' returned '0': AMENT_PREFIX_PATH=/ws/install/ros2_unitree_legged_msgs:${AMENT_PREFIX_PATH} CMAKE_PREFIX_PATH=/ws/install/ros2_unitree_legged_msgs:/ws/libtorch:/opt/ros/humble LD_LIBRARY_PATH=/ws/install/ros2_unitree_legged_msgs/lib:${LD_LIBRARY_PATH} PYTHONPATH=/ws/install/ros2_unitree_legged_msgs/local/lib/python3.10/dist-packages:${PYTHONPATH} /usr/bin/cmake --build /ws/build/unitree_rl_controller -- -j4 -l4
[68.438s] DEBUG:colcon.colcon_core.event_handler.log_command:Invoking command in '/ws/build/unitree_rl_controller': AMENT_PREFIX_PATH=/ws/install/ros2_unitree_legged_msgs:${AMENT_PREFIX_PATH} CMAKE_PREFIX_PATH=/ws/install/ros2_unitree_legged_msgs:/ws/libtorch:/opt/ros/humble LD_LIBRARY_PATH=/ws/install/ros2_unitree_legged_msgs/lib:${LD_LIBRARY_PATH} PYTHONPATH=/ws/install/ros2_unitree_legged_msgs/local/lib/python3.10/dist-packages:${PYTHONPATH} /usr/bin/cmake --install /ws/build/unitree_rl_controller
[68.488s] Level 1:colcon.colcon_core.environment:create_environment_scripts_only(unitree_rl_controller)
[68.489s] Level 1:colcon.colcon_core.environment:checking '/ws/install/unitree_rl_controller' for CMake module files
[68.491s] Level 1:colcon.colcon_core.environment:checking '/ws/install/unitree_rl_controller' for CMake config files
[68.491s] Level 1:colcon.colcon_core.shell:create_environment_hook('unitree_rl_controller', 'cmake_prefix_path')
[68.492s] INFO:colcon.colcon_core.shell:Creating environment hook '/ws/install/unitree_rl_controller/share/unitree_rl_controller/hook/cmake_prefix_path.ps1'
[68.493s] DEBUG:colcon.colcon_core.event_handler.log_command:Invoked command in '/ws/build/unitree_rl_controller' returned '0': AMENT_PREFIX_PATH=/ws/install/ros2_unitree_legged_msgs:${AMENT_PREFIX_PATH} CMAKE_PREFIX_PATH=/ws/install/ros2_unitree_legged_msgs:/ws/libtorch:/opt/ros/humble LD_LIBRARY_PATH=/ws/install/ros2_unitree_legged_msgs/lib:${LD_LIBRARY_PATH} PYTHONPATH=/ws/install/ros2_unitree_legged_msgs/local/lib/python3.10/dist-packages:${PYTHONPATH} /usr/bin/cmake --install /ws/build/unitree_rl_controller
[68.494s] INFO:colcon.colcon_core.shell:Creating environment descriptor '/ws/install/unitree_rl_controller/share/unitree_rl_controller/hook/cmake_prefix_path.dsv'
[68.495s] INFO:colcon.colcon_core.shell:Creating environment hook '/ws/install/unitree_rl_controller/share/unitree_rl_controller/hook/cmake_prefix_path.sh'
[68.499s] Level 1:colcon.colcon_core.environment:checking '/ws/install/unitree_rl_controller/lib'
[68.499s] Level 1:colcon.colcon_core.shell:create_environment_hook('unitree_rl_controller', 'ld_library_path_lib')
[68.499s] INFO:colcon.colcon_core.shell:Creating environment hook '/ws/install/unitree_rl_controller/share/unitree_rl_controller/hook/ld_library_path_lib.ps1'
[68.506s] INFO:colcon.colcon_core.shell:Creating environment descriptor '/ws/install/unitree_rl_controller/share/unitree_rl_controller/hook/ld_library_path_lib.dsv'
[68.508s] INFO:colcon.colcon_core.shell:Creating environment hook '/ws/install/unitree_rl_controller/share/unitree_rl_controller/hook/ld_library_path_lib.sh'
[68.509s] Level 1:colcon.colcon_core.environment:checking '/ws/install/unitree_rl_controller/bin'
[68.509s] Level 1:colcon.colcon_core.environment:checking '/ws/install/unitree_rl_controller/lib/pkgconfig/unitree_rl_controller.pc'
[68.510s] Level 1:colcon.colcon_core.environment:checking '/ws/install/unitree_rl_controller/lib/python3.10/site-packages'
[68.510s] Level 1:colcon.colcon_core.environment:checking '/ws/install/unitree_rl_controller/bin'
[68.511s] INFO:colcon.colcon_core.shell:Creating package script '/ws/install/unitree_rl_controller/share/unitree_rl_controller/package.ps1'
[68.512s] INFO:colcon.colcon_core.shell:Creating package descriptor '/ws/install/unitree_rl_controller/share/unitree_rl_controller/package.dsv'
[68.513s] INFO:colcon.colcon_core.shell:Creating package script '/ws/install/unitree_rl_controller/share/unitree_rl_controller/package.sh'
[68.514s] INFO:colcon.colcon_core.shell:Creating package script '/ws/install/unitree_rl_controller/share/unitree_rl_controller/package.bash'
[68.515s] INFO:colcon.colcon_core.shell:Creating package script '/ws/install/unitree_rl_controller/share/unitree_rl_controller/package.zsh'
[68.516s] Level 1:colcon.colcon_core.environment:create_file_with_runtime_dependencies(/ws/install/unitree_rl_controller/share/colcon-core/packages/unitree_rl_controller)
[68.517s] Level 1:colcon.colcon_core.environment:create_environment_scripts_only(unitree_rl_controller)
[68.518s] Level 1:colcon.colcon_core.environment:checking '/ws/install/unitree_rl_controller' for CMake module files
[68.518s] Level 1:colcon.colcon_core.environment:checking '/ws/install/unitree_rl_controller' for CMake config files
[68.519s] Level 1:colcon.colcon_core.shell:create_environment_hook('unitree_rl_controller', 'cmake_prefix_path')
[68.519s] INFO:colcon.colcon_core.shell:Creating environment hook '/ws/install/unitree_rl_controller/share/unitree_rl_controller/hook/cmake_prefix_path.ps1'
[68.520s] INFO:colcon.colcon_core.shell:Creating environment descriptor '/ws/install/unitree_rl_controller/share/unitree_rl_controller/hook/cmake_prefix_path.dsv'
[68.521s] INFO:colcon.colcon_core.shell:Creating environment hook '/ws/install/unitree_rl_controller/share/unitree_rl_controller/hook/cmake_prefix_path.sh'
[68.523s] Level 1:colcon.colcon_core.environment:checking '/ws/install/unitree_rl_controller/lib'
[68.523s] Level 1:colcon.colcon_core.shell:create_environment_hook('unitree_rl_controller', 'ld_library_path_lib')
[68.524s] INFO:colcon.colcon_core.shell:Creating environment hook '/ws/install/unitree_rl_controller/share/unitree_rl_controller/hook/ld_library_path_lib.ps1'
[68.525s] INFO:colcon.colcon_core.shell:Creating environment descriptor '/ws/install/unitree_rl_controller/share/unitree_rl_controller/hook/ld_library_path_lib.dsv'
[68.526s] INFO:colcon.colcon_core.shell:Creating environment hook '/ws/install/unitree_rl_controller/share/unitree_rl_controller/hook/ld_library_path_lib.sh'
[68.528s] Level 1:colcon.colcon_core.environment:checking '/ws/install/unitree_rl_controller/bin'
[68.529s] Level 1:colcon.colcon_core.environment:checking '/ws/install/unitree_rl_controller/lib/pkgconfig/unitree_rl_controller.pc'
[68.529s] Level 1:colcon.colcon_core.environment:checking '/ws/install/unitree_rl_controller/lib/python3.10/site-packages'
[68.530s] Level 1:colcon.colcon_core.environment:checking '/ws/install/unitree_rl_controller/bin'
[68.531s] INFO:colcon.colcon_core.shell:Creating package script '/ws/install/unitree_rl_controller/share/unitree_rl_controller/package.ps1'
[68.533s] INFO:colcon.colcon_core.shell:Creating package descriptor '/ws/install/unitree_rl_controller/share/unitree_rl_controller/package.dsv'
[68.534s] INFO:colcon.colcon_core.shell:Creating package script '/ws/install/unitree_rl_controller/share/unitree_rl_controller/package.sh'
[68.536s] INFO:colcon.colcon_core.shell:Creating package script '/ws/install/unitree_rl_controller/share/unitree_rl_controller/package.bash'
[68.538s] INFO:colcon.colcon_core.shell:Creating package script '/ws/install/unitree_rl_controller/share/unitree_rl_controller/package.zsh'
[68.540s] Level 1:colcon.colcon_core.environment:create_file_with_runtime_dependencies(/ws/install/unitree_rl_controller/share/colcon-core/packages/unitree_rl_controller)
[70.793s] DEBUG:colcon.colcon_core.event_handler.log_command:Invoked command in '/ws/build/unitree_hg' returned '0': CMAKE_PREFIX_PATH=${CMAKE_PREFIX_PATH}:/opt/ros/humble /usr/bin/cmake --build /ws/build/unitree_hg -- -j4 -l4
[70.801s] DEBUG:colcon.colcon_core.event_handler.log_command:Invoking command in '/ws/build/unitree_hg': CMAKE_PREFIX_PATH=${CMAKE_PREFIX_PATH}:/opt/ros/humble /usr/bin/cmake --install /ws/build/unitree_hg
[71.093s] Level 1:colcon.colcon_core.environment:create_environment_scripts_only(unitree_hg)
[71.093s] Level 1:colcon.colcon_core.environment:checking '/ws/install/unitree_hg' for CMake module files
[71.094s] Level 1:colcon.colcon_core.environment:checking '/ws/install/unitree_hg' for CMake config files
[71.095s] DEBUG:colcon.colcon_core.event_handler.log_command:Invoked command in '/ws/build/unitree_hg' returned '0': CMAKE_PREFIX_PATH=${CMAKE_PREFIX_PATH}:/opt/ros/humble /usr/bin/cmake --install /ws/build/unitree_hg
[71.095s] Level 1:colcon.colcon_core.shell:create_environment_hook('unitree_hg', 'cmake_prefix_path')
[71.096s] INFO:colcon.colcon_core.shell:Creating environment hook '/ws/install/unitree_hg/share/unitree_hg/hook/cmake_prefix_path.ps1'
[71.097s] INFO:colcon.colcon_core.shell:Creating environment descriptor '/ws/install/unitree_hg/share/unitree_hg/hook/cmake_prefix_path.dsv'
[71.100s] INFO:colcon.colcon_core.shell:Creating environment hook '/ws/install/unitree_hg/share/unitree_hg/hook/cmake_prefix_path.sh'
[71.104s] Level 1:colcon.colcon_core.environment:checking '/ws/install/unitree_hg/lib'
[71.104s] Level 1:colcon.colcon_core.shell:create_environment_hook('unitree_hg', 'ld_library_path_lib')
[71.105s] INFO:colcon.colcon_core.shell:Creating environment hook '/ws/install/unitree_hg/share/unitree_hg/hook/ld_library_path_lib.ps1'
[71.106s] INFO:colcon.colcon_core.shell:Creating environment descriptor '/ws/install/unitree_hg/share/unitree_hg/hook/ld_library_path_lib.dsv'
[71.107s] INFO:colcon.colcon_core.shell:Creating environment hook '/ws/install/unitree_hg/share/unitree_hg/hook/ld_library_path_lib.sh'
[71.107s] Level 1:colcon.colcon_core.environment:checking '/ws/install/unitree_hg/bin'
[71.108s] Level 1:colcon.colcon_core.environment:checking '/ws/install/unitree_hg/lib/pkgconfig/unitree_hg.pc'
[71.108s] Level 1:colcon.colcon_core.environment:checking '/ws/install/unitree_hg/lib/python3.10/site-packages'
[71.109s] Level 1:colcon.colcon_core.environment:checking '/ws/install/unitree_hg/bin'
[71.109s] INFO:colcon.colcon_core.shell:Creating package script '/ws/install/unitree_hg/share/unitree_hg/package.ps1'
[71.112s] INFO:colcon.colcon_core.shell:Creating package descriptor '/ws/install/unitree_hg/share/unitree_hg/package.dsv'
[71.113s] INFO:colcon.colcon_core.shell:Creating package script '/ws/install/unitree_hg/share/unitree_hg/package.sh'
[71.115s] INFO:colcon.colcon_core.shell:Creating package script '/ws/install/unitree_hg/share/unitree_hg/package.bash'
[71.116s] INFO:colcon.colcon_core.shell:Creating package script '/ws/install/unitree_hg/share/unitree_hg/package.zsh'
[71.116s] Level 1:colcon.colcon_core.environment:create_file_with_runtime_dependencies(/ws/install/unitree_hg/share/colcon-core/packages/unitree_hg)
[71.118s] Level 1:colcon.colcon_core.environment:create_environment_scripts_only(unitree_hg)
[71.118s] Level 1:colcon.colcon_core.environment:checking '/ws/install/unitree_hg' for CMake module files
[71.119s] Level 1:colcon.colcon_core.environment:checking '/ws/install/unitree_hg' for CMake config files
[71.120s] Level 1:colcon.colcon_core.shell:create_environment_hook('unitree_hg', 'cmake_prefix_path')
[71.120s] INFO:colcon.colcon_core.shell:Creating environment hook '/ws/install/unitree_hg/share/unitree_hg/hook/cmake_prefix_path.ps1'
[71.121s] INFO:colcon.colcon_core.shell:Creating environment descriptor '/ws/install/unitree_hg/share/unitree_hg/hook/cmake_prefix_path.dsv'
[71.122s] INFO:colcon.colcon_core.shell:Creating environment hook '/ws/install/unitree_hg/share/unitree_hg/hook/cmake_prefix_path.sh'
[71.123s] Level 1:colcon.colcon_core.environment:checking '/ws/install/unitree_hg/lib'
[71.124s] Level 1:colcon.colcon_core.shell:create_environment_hook('unitree_hg', 'ld_library_path_lib')
[71.124s] INFO:colcon.colcon_core.shell:Creating environment hook '/ws/install/unitree_hg/share/unitree_hg/hook/ld_library_path_lib.ps1'
[71.125s] INFO:colcon.colcon_core.shell:Creating environment descriptor '/ws/install/unitree_hg/share/unitree_hg/hook/ld_library_path_lib.dsv'
[71.126s] INFO:colcon.colcon_core.shell:Creating environment hook '/ws/install/unitree_hg/share/unitree_hg/hook/ld_library_path_lib.sh'
[71.127s] Level 1:colcon.colcon_core.environment:checking '/ws/install/unitree_hg/bin'
[71.127s] Level 1:colcon.colcon_core.environment:checking '/ws/install/unitree_hg/lib/pkgconfig/unitree_hg.pc'
[71.127s] Level 1:colcon.colcon_core.environment:checking '/ws/install/unitree_hg/lib/python3.10/site-packages'
[71.128s] Level 1:colcon.colcon_core.environment:checking '/ws/install/unitree_hg/bin'
[71.129s] INFO:colcon.colcon_core.shell:Creating package script '/ws/install/unitree_hg/share/unitree_hg/package.ps1'
[71.130s] INFO:colcon.colcon_core.shell:Creating package descriptor '/ws/install/unitree_hg/share/unitree_hg/package.dsv'
[71.131s] INFO:colcon.colcon_core.shell:Creating package script '/ws/install/unitree_hg/share/unitree_hg/package.sh'
[71.132s] INFO:colcon.colcon_core.shell:Creating package script '/ws/install/unitree_hg/share/unitree_hg/package.bash'
[71.133s] INFO:colcon.colcon_core.shell:Creating package script '/ws/install/unitree_hg/share/unitree_hg/package.zsh'
[71.134s] Level 1:colcon.colcon_core.environment:create_file_with_runtime_dependencies(/ws/install/unitree_hg/share/colcon-core/packages/unitree_hg)
[75.331s] DEBUG:colcon.colcon_core.event_handler.log_command:Invoked command in '/ws/build/cyclonedds' returned '0': CMAKE_PREFIX_PATH=${CMAKE_PREFIX_PATH}:/opt/ros/humble /usr/bin/cmake --build /ws/build/cyclonedds -- -j4 -l4
[75.334s] DEBUG:colcon.colcon_core.event_handler.log_command:Invoking command in '/ws/build/cyclonedds': CMAKE_PREFIX_PATH=${CMAKE_PREFIX_PATH}:/opt/ros/humble /usr/bin/cmake --install /ws/build/cyclonedds
[75.434s] DEBUG:colcon.colcon_core.event_handler.log_command:Invoked command in '/ws/build/cyclonedds' returned '0': CMAKE_PREFIX_PATH=${CMAKE_PREFIX_PATH}:/opt/ros/humble /usr/bin/cmake --install /ws/build/cyclonedds
[75.435s] Level 1:colcon.colcon_core.shell:create_environment_hook('cyclonedds', 'pkg_config_path')
[75.435s] INFO:colcon.colcon_core.shell:Creating environment hook '/ws/install/cyclonedds/share/cyclonedds/hook/pkg_config_path.ps1'
[75.436s] INFO:colcon.colcon_core.shell:Creating environment descriptor '/ws/install/cyclonedds/share/cyclonedds/hook/pkg_config_path.dsv'
[75.437s] INFO:colcon.colcon_core.shell:Creating environment hook '/ws/install/cyclonedds/share/cyclonedds/hook/pkg_config_path.sh'
[75.440s] Level 1:colcon.colcon_core.shell:create_environment_hook('cyclonedds', 'pkg_config_path_multiarch')
[75.440s] INFO:colcon.colcon_core.shell:Creating environment hook '/ws/install/cyclonedds/share/cyclonedds/hook/pkg_config_path_multiarch.ps1'
[75.441s] INFO:colcon.colcon_core.shell:Creating environment descriptor '/ws/install/cyclonedds/share/cyclonedds/hook/pkg_config_path_multiarch.dsv'
[75.441s] INFO:colcon.colcon_core.shell:Creating environment hook '/ws/install/cyclonedds/share/cyclonedds/hook/pkg_config_path_multiarch.sh'
[75.442s] Level 1:colcon.colcon_core.environment:create_environment_scripts_only(cyclonedds)
[75.442s] Level 1:colcon.colcon_core.environment:checking '/ws/install/cyclonedds' for CMake module files
[75.443s] Level 1:colcon.colcon_core.environment:checking '/ws/install/cyclonedds' for CMake config files
[75.443s] Level 1:colcon.colcon_core.shell:create_environment_hook('cyclonedds', 'cmake_prefix_path')
[75.444s] INFO:colcon.colcon_core.shell:Creating environment hook '/ws/install/cyclonedds/share/cyclonedds/hook/cmake_prefix_path.ps1'
[75.444s] INFO:colcon.colcon_core.shell:Creating environment descriptor '/ws/install/cyclonedds/share/cyclonedds/hook/cmake_prefix_path.dsv'
[75.445s] INFO:colcon.colcon_core.shell:Creating environment hook '/ws/install/cyclonedds/share/cyclonedds/hook/cmake_prefix_path.sh'
[75.445s] Level 1:colcon.colcon_core.environment:checking '/ws/install/cyclonedds/lib'
[75.446s] Level 1:colcon.colcon_core.shell:create_environment_hook('cyclonedds', 'ld_library_path_lib')
[75.446s] INFO:colcon.colcon_core.shell:Creating environment hook '/ws/install/cyclonedds/share/cyclonedds/hook/ld_library_path_lib.ps1'
[75.446s] INFO:colcon.colcon_core.shell:Creating environment descriptor '/ws/install/cyclonedds/share/cyclonedds/hook/ld_library_path_lib.dsv'
[75.447s] INFO:colcon.colcon_core.shell:Creating environment hook '/ws/install/cyclonedds/share/cyclonedds/hook/ld_library_path_lib.sh'
[75.447s] Level 1:colcon.colcon_core.environment:checking '/ws/install/cyclonedds/bin'
[75.447s] Level 1:colcon.colcon_core.shell:create_environment_hook('cyclonedds', 'path')
[75.448s] INFO:colcon.colcon_core.shell:Creating environment hook '/ws/install/cyclonedds/share/cyclonedds/hook/path.ps1'
[75.448s] INFO:colcon.colcon_core.shell:Creating environment descriptor '/ws/install/cyclonedds/share/cyclonedds/hook/path.dsv'
[75.448s] INFO:colcon.colcon_core.shell:Creating environment hook '/ws/install/cyclonedds/share/cyclonedds/hook/path.sh'
[75.449s] Level 1:colcon.colcon_core.environment:checking '/ws/install/cyclonedds/lib/pkgconfig/cyclonedds.pc'
[75.449s] Level 1:colcon.colcon_core.environment:checking '/ws/install/cyclonedds/lib/python3.10/site-packages'
[75.450s] Level 1:colcon.colcon_core.environment:checking '/ws/install/cyclonedds/bin'
[75.450s] Level 1:colcon.colcon_core.shell:create_environment_hook('cyclonedds', 'pythonscriptspath')
[75.450s] INFO:colcon.colcon_core.shell:Creating environment hook '/ws/install/cyclonedds/share/cyclonedds/hook/pythonscriptspath.ps1'
[75.451s] INFO:colcon.colcon_core.shell:Creating environment descriptor '/ws/install/cyclonedds/share/cyclonedds/hook/pythonscriptspath.dsv'
[75.451s] INFO:colcon.colcon_core.shell:Creating environment hook '/ws/install/cyclonedds/share/cyclonedds/hook/pythonscriptspath.sh'
[75.452s] INFO:colcon.colcon_core.shell:Creating package script '/ws/install/cyclonedds/share/cyclonedds/package.ps1'
[75.453s] INFO:colcon.colcon_core.shell:Creating package descriptor '/ws/install/cyclonedds/share/cyclonedds/package.dsv'
[75.454s] INFO:colcon.colcon_core.shell:Creating package script '/ws/install/cyclonedds/share/cyclonedds/package.sh'
[75.455s] INFO:colcon.colcon_core.shell:Creating package script '/ws/install/cyclonedds/share/cyclonedds/package.bash'
[75.455s] INFO:colcon.colcon_core.shell:Creating package script '/ws/install/cyclonedds/share/cyclonedds/package.zsh'
[75.455s] Level 1:colcon.colcon_core.environment:create_file_with_runtime_dependencies(/ws/install/cyclonedds/share/colcon-core/packages/cyclonedds)
[75.456s] INFO:colcon.colcon_ros.task.ament_cmake.build:Building ROS package in '/ws/src/unitree_ros2/cyclonedds_ws/src/rmw_cyclonedds/rmw_cyclonedds_cpp' with build type 'ament_cmake'
[75.456s] INFO:colcon.colcon_cmake.task.cmake.build:Building CMake package in '/ws/src/unitree_ros2/cyclonedds_ws/src/rmw_cyclonedds/rmw_cyclonedds_cpp'
[75.457s] INFO:colcon.colcon_core.shell:Skip shell extension 'powershell' for command environment: Not usable outside of PowerShell
[75.457s] DEBUG:colcon.colcon_core.shell:Skip shell extension 'dsv' for command environment
[75.495s] DEBUG:colcon.colcon_core.event_handler.log_command:Invoking command in '/ws/build/rmw_cyclonedds_cpp': CMAKE_PREFIX_PATH=/ws/install/cyclonedds:/ws/libtorch:/opt/ros/humble LD_LIBRARY_PATH=/ws/install/cyclonedds/lib:${LD_LIBRARY_PATH} PATH=/ws/install/cyclonedds/bin:${PATH} PKG_CONFIG_PATH=/ws/install/cyclonedds/lib/aarch64-linux-gnu/pkgconfig:/ws/install/cyclonedds/lib/pkgconfig /usr/bin/cmake /ws/src/unitree_ros2/cyclonedds_ws/src/rmw_cyclonedds/rmw_cyclonedds_cpp -DCMAKE_INSTALL_PREFIX=/ws/install/rmw_cyclonedds_cpp
[76.816s] DEBUG:colcon.colcon_core.event_handler.log_command:Invoked command in '/ws/build/rmw_cyclonedds_cpp' returned '0': CMAKE_PREFIX_PATH=/ws/install/cyclonedds:/ws/libtorch:/opt/ros/humble LD_LIBRARY_PATH=/ws/install/cyclonedds/lib:${LD_LIBRARY_PATH} PATH=/ws/install/cyclonedds/bin:${PATH} PKG_CONFIG_PATH=/ws/install/cyclonedds/lib/aarch64-linux-gnu/pkgconfig:/ws/install/cyclonedds/lib/pkgconfig /usr/bin/cmake /ws/src/unitree_ros2/cyclonedds_ws/src/rmw_cyclonedds/rmw_cyclonedds_cpp -DCMAKE_INSTALL_PREFIX=/ws/install/rmw_cyclonedds_cpp
[76.821s] DEBUG:colcon.colcon_core.event_handler.log_command:Invoking command in '/ws/build/rmw_cyclonedds_cpp': CMAKE_PREFIX_PATH=/ws/install/cyclonedds:/ws/libtorch:/opt/ros/humble LD_LIBRARY_PATH=/ws/install/cyclonedds/lib:${LD_LIBRARY_PATH} PATH=/ws/install/cyclonedds/bin:${PATH} PKG_CONFIG_PATH=/ws/install/cyclonedds/lib/aarch64-linux-gnu/pkgconfig:/ws/install/cyclonedds/lib/pkgconfig /usr/bin/cmake --build /ws/build/rmw_cyclonedds_cpp -- -j4 -l4
[77.497s] DEBUG:colcon.colcon_core.event_handler.log_command:Invoked command in '/ws/build/unitree_go' returned '0': CMAKE_PREFIX_PATH=${CMAKE_PREFIX_PATH}:/opt/ros/humble /usr/bin/cmake --build /ws/build/unitree_go -- -j4 -l4
[77.500s] DEBUG:colcon.colcon_core.event_handler.log_command:Invoking command in '/ws/build/unitree_go': CMAKE_PREFIX_PATH=${CMAKE_PREFIX_PATH}:/opt/ros/humble /usr/bin/cmake --install /ws/build/unitree_go
[77.799s] Level 1:colcon.colcon_core.environment:create_environment_scripts_only(unitree_go)
[77.800s] Level 1:colcon.colcon_core.environment:checking '/ws/install/unitree_go' for CMake module files
[77.800s] DEBUG:colcon.colcon_core.event_handler.log_command:Invoked command in '/ws/build/unitree_go' returned '0': CMAKE_PREFIX_PATH=${CMAKE_PREFIX_PATH}:/opt/ros/humble /usr/bin/cmake --install /ws/build/unitree_go
[77.801s] Level 1:colcon.colcon_core.environment:checking '/ws/install/unitree_go' for CMake config files
[77.801s] Level 1:colcon.colcon_core.shell:create_environment_hook('unitree_go', 'cmake_prefix_path')
[77.802s] INFO:colcon.colcon_core.shell:Creating environment hook '/ws/install/unitree_go/share/unitree_go/hook/cmake_prefix_path.ps1'
[77.802s] INFO:colcon.colcon_core.shell:Creating environment descriptor '/ws/install/unitree_go/share/unitree_go/hook/cmake_prefix_path.dsv'
[77.803s] INFO:colcon.colcon_core.shell:Creating environment hook '/ws/install/unitree_go/share/unitree_go/hook/cmake_prefix_path.sh'
[77.803s] Level 1:colcon.colcon_core.environment:checking '/ws/install/unitree_go/lib'
[77.804s] Level 1:colcon.colcon_core.shell:create_environment_hook('unitree_go', 'ld_library_path_lib')
[77.804s] INFO:colcon.colcon_core.shell:Creating environment hook '/ws/install/unitree_go/share/unitree_go/hook/ld_library_path_lib.ps1'
[77.805s] INFO:colcon.colcon_core.shell:Creating environment descriptor '/ws/install/unitree_go/share/unitree_go/hook/ld_library_path_lib.dsv'
[77.805s] INFO:colcon.colcon_core.shell:Creating environment hook '/ws/install/unitree_go/share/unitree_go/hook/ld_library_path_lib.sh'
[77.805s] Level 1:colcon.colcon_core.environment:checking '/ws/install/unitree_go/bin'
[77.805s] Level 1:colcon.colcon_core.environment:checking '/ws/install/unitree_go/lib/pkgconfig/unitree_go.pc'
[77.806s] Level 1:colcon.colcon_core.environment:checking '/ws/install/unitree_go/lib/python3.10/site-packages'
[77.806s] Level 1:colcon.colcon_core.environment:checking '/ws/install/unitree_go/bin'
[77.807s] INFO:colcon.colcon_core.shell:Creating package script '/ws/install/unitree_go/share/unitree_go/package.ps1'
[77.807s] INFO:colcon.colcon_core.shell:Creating package descriptor '/ws/install/unitree_go/share/unitree_go/package.dsv'
[77.808s] INFO:colcon.colcon_core.shell:Creating package script '/ws/install/unitree_go/share/unitree_go/package.sh'
[77.809s] INFO:colcon.colcon_core.shell:Creating package script '/ws/install/unitree_go/share/unitree_go/package.bash'
[77.809s] INFO:colcon.colcon_core.shell:Creating package script '/ws/install/unitree_go/share/unitree_go/package.zsh'
[77.810s] Level 1:colcon.colcon_core.environment:create_file_with_runtime_dependencies(/ws/install/unitree_go/share/colcon-core/packages/unitree_go)
[77.811s] Level 1:colcon.colcon_core.environment:create_environment_scripts_only(unitree_go)
[77.811s] Level 1:colcon.colcon_core.environment:checking '/ws/install/unitree_go' for CMake module files
[77.812s] Level 1:colcon.colcon_core.environment:checking '/ws/install/unitree_go' for CMake config files
[77.812s] Level 1:colcon.colcon_core.shell:create_environment_hook('unitree_go', 'cmake_prefix_path')
[77.813s] INFO:colcon.colcon_core.shell:Creating environment hook '/ws/install/unitree_go/share/unitree_go/hook/cmake_prefix_path.ps1'
[77.813s] INFO:colcon.colcon_core.shell:Creating environment descriptor '/ws/install/unitree_go/share/unitree_go/hook/cmake_prefix_path.dsv'
[77.814s] INFO:colcon.colcon_core.shell:Creating environment hook '/ws/install/unitree_go/share/unitree_go/hook/cmake_prefix_path.sh'
[77.815s] Level 1:colcon.colcon_core.environment:checking '/ws/install/unitree_go/lib'
[77.815s] Level 1:colcon.colcon_core.shell:create_environment_hook('unitree_go', 'ld_library_path_lib')
[77.815s] INFO:colcon.colcon_core.shell:Creating environment hook '/ws/install/unitree_go/share/unitree_go/hook/ld_library_path_lib.ps1'
[77.816s] INFO:colcon.colcon_core.shell:Creating environment descriptor '/ws/install/unitree_go/share/unitree_go/hook/ld_library_path_lib.dsv'
[77.818s] INFO:colcon.colcon_core.shell:Creating environment hook '/ws/install/unitree_go/share/unitree_go/hook/ld_library_path_lib.sh'
[77.819s] Level 1:colcon.colcon_core.environment:checking '/ws/install/unitree_go/bin'
[77.820s] Level 1:colcon.colcon_core.environment:checking '/ws/install/unitree_go/lib/pkgconfig/unitree_go.pc'
[77.821s] Level 1:colcon.colcon_core.environment:checking '/ws/install/unitree_go/lib/python3.10/site-packages'
[77.822s] Level 1:colcon.colcon_core.environment:checking '/ws/install/unitree_go/bin'
[77.822s] INFO:colcon.colcon_core.shell:Creating package script '/ws/install/unitree_go/share/unitree_go/package.ps1'
[77.824s] INFO:colcon.colcon_core.shell:Creating package descriptor '/ws/install/unitree_go/share/unitree_go/package.dsv'
[77.825s] INFO:colcon.colcon_core.shell:Creating package script '/ws/install/unitree_go/share/unitree_go/package.sh'
[77.826s] INFO:colcon.colcon_core.shell:Creating package script '/ws/install/unitree_go/share/unitree_go/package.bash'
[77.827s] INFO:colcon.colcon_core.shell:Creating package script '/ws/install/unitree_go/share/unitree_go/package.zsh'
[77.828s] Level 1:colcon.colcon_core.environment:create_file_with_runtime_dependencies(/ws/install/unitree_go/share/colcon-core/packages/unitree_go)
[77.829s] INFO:colcon.colcon_ros.task.ament_cmake.build:Building ROS package in '/ws/src/unitree_mujoco/example/ros2' with build type 'ament_cmake'
[77.829s] INFO:colcon.colcon_cmake.task.cmake.build:Building CMake package in '/ws/src/unitree_mujoco/example/ros2'
[77.830s] INFO:colcon.colcon_core.shell:Skip shell extension 'powershell' for command environment: Not usable outside of PowerShell
[77.830s] DEBUG:colcon.colcon_core.shell:Skip shell extension 'dsv' for command environment
[77.838s] INFO:colcon.colcon_ros.task.ament_cmake.build:Building ROS package in '/ws/src/unitree_ros2/example/src' with build type 'ament_cmake'
[77.842s] INFO:colcon.colcon_cmake.task.cmake.build:Building CMake package in '/ws/src/unitree_ros2/example/src'
[77.845s] INFO:colcon.colcon_core.shell:Skip shell extension 'powershell' for command environment: Not usable outside of PowerShell
[77.845s] DEBUG:colcon.colcon_core.shell:Skip shell extension 'dsv' for command environment
[77.857s] INFO:colcon.colcon_ros.task.ament_cmake.build:Building ROS package in '/ws/src/unitree_ros2_to_real' with build type 'ament_cmake'
[77.858s] INFO:colcon.colcon_cmake.task.cmake.build:Building CMake package in '/ws/src/unitree_ros2_to_real'
[77.859s] INFO:colcon.colcon_core.shell:Skip shell extension 'powershell' for command environment: Not usable outside of PowerShell
[77.860s] DEBUG:colcon.colcon_core.shell:Skip shell extension 'dsv' for command environment
[77.888s] DEBUG:colcon.colcon_core.event_handler.log_command:Invoking command in '/ws/build/stand_go2': AMENT_PREFIX_PATH=/ws/install/unitree_go:/ws/install/unitree_api:${AMENT_PREFIX_PATH} CMAKE_PREFIX_PATH=/ws/install/unitree_go:/ws/install/unitree_api:/ws/libtorch:/opt/ros/humble LD_LIBRARY_PATH=/ws/install/unitree_go/lib:/ws/install/unitree_api/lib:${LD_LIBRARY_PATH} PYTHONPATH=/ws/install/unitree_go/local/lib/python3.10/dist-packages:/ws/install/unitree_api/local/lib/python3.10/dist-packages:${PYTHONPATH} /usr/bin/cmake /ws/src/unitree_mujoco/example/ros2 -DCMAKE_INSTALL_PREFIX=/ws/install/stand_go2
[77.897s] DEBUG:colcon.colcon_core.event_handler.log_command:Invoking command in '/ws/build/unitree_ros2_example': AMENT_PREFIX_PATH=/ws/install/unitree_hg:/ws/install/unitree_go:/ws/install/unitree_api:${AMENT_PREFIX_PATH} CMAKE_PREFIX_PATH=/ws/install/unitree_hg:/ws/install/unitree_go:/ws/install/unitree_api:/ws/libtorch:/opt/ros/humble LD_LIBRARY_PATH=/ws/install/unitree_hg/lib:/ws/install/unitree_go/lib:/ws/install/unitree_api/lib:${LD_LIBRARY_PATH} PYTHONPATH=/ws/install/unitree_hg/local/lib/python3.10/dist-packages:/ws/install/unitree_go/local/lib/python3.10/dist-packages:/ws/install/unitree_api/local/lib/python3.10/dist-packages:${PYTHONPATH} /usr/bin/cmake /ws/src/unitree_ros2/example/src -DCMAKE_INSTALL_PREFIX=/ws/install/unitree_ros2_example
[77.910s] DEBUG:colcon.colcon_core.event_handler.log_command:Invoking command in '/ws/build/unitree_legged_real': AMENT_PREFIX_PATH=/ws/install/unitree_rl_controller:/ws/install/unitree_go:/ws/install/unitree_api:/ws/install/ros2_unitree_legged_msgs:${AMENT_PREFIX_PATH} CMAKE_PREFIX_PATH=/ws/install/unitree_rl_controller:/ws/install/unitree_go:/ws/install/unitree_api:/ws/install/ros2_unitree_legged_msgs:/ws/libtorch:/opt/ros/humble LD_LIBRARY_PATH=/ws/install/unitree_rl_controller/lib:/ws/install/unitree_go/lib:/ws/install/unitree_api/lib:/ws/install/ros2_unitree_legged_msgs/lib:${LD_LIBRARY_PATH} PYTHONPATH=/ws/install/unitree_go/local/lib/python3.10/dist-packages:/ws/install/unitree_api/local/lib/python3.10/dist-packages:/ws/install/ros2_unitree_legged_msgs/local/lib/python3.10/dist-packages:${PYTHONPATH} /usr/bin/cmake /ws/src/unitree_ros2_to_real -DCMAKE_INSTALL_PREFIX=/ws/install/unitree_legged_real
[81.008s] DEBUG:colcon.colcon_core.event_handler.log_command:Invoked command in '/ws/build/stand_go2' returned '0': AMENT_PREFIX_PATH=/ws/install/unitree_go:/ws/install/unitree_api:${AMENT_PREFIX_PATH} CMAKE_PREFIX_PATH=/ws/install/unitree_go:/ws/install/unitree_api:/ws/libtorch:/opt/ros/humble LD_LIBRARY_PATH=/ws/install/unitree_go/lib:/ws/install/unitree_api/lib:${LD_LIBRARY_PATH} PYTHONPATH=/ws/install/unitree_go/local/lib/python3.10/dist-packages:/ws/install/unitree_api/local/lib/python3.10/dist-packages:${PYTHONPATH} /usr/bin/cmake /ws/src/unitree_mujoco/example/ros2 -DCMAKE_INSTALL_PREFIX=/ws/install/stand_go2
[81.008s] DEBUG:colcon.colcon_core.event_handler.log_command:Invoking command in '/ws/build/stand_go2': AMENT_PREFIX_PATH=/ws/install/unitree_go:/ws/install/unitree_api:${AMENT_PREFIX_PATH} CMAKE_PREFIX_PATH=/ws/install/unitree_go:/ws/install/unitree_api:/ws/libtorch:/opt/ros/humble LD_LIBRARY_PATH=/ws/install/unitree_go/lib:/ws/install/unitree_api/lib:${LD_LIBRARY_PATH} PYTHONPATH=/ws/install/unitree_go/local/lib/python3.10/dist-packages:/ws/install/unitree_api/local/lib/python3.10/dist-packages:${PYTHONPATH} /usr/bin/cmake --build /ws/build/stand_go2 -- -j4 -l4
[81.196s] DEBUG:colcon.colcon_core.event_handler.log_command:Invoked command in '/ws/build/unitree_ros2_example' returned '0': AMENT_PREFIX_PATH=/ws/install/unitree_hg:/ws/install/unitree_go:/ws/install/unitree_api:${AMENT_PREFIX_PATH} CMAKE_PREFIX_PATH=/ws/install/unitree_hg:/ws/install/unitree_go:/ws/install/unitree_api:/ws/libtorch:/opt/ros/humble LD_LIBRARY_PATH=/ws/install/unitree_hg/lib:/ws/install/unitree_go/lib:/ws/install/unitree_api/lib:${LD_LIBRARY_PATH} PYTHONPATH=/ws/install/unitree_hg/local/lib/python3.10/dist-packages:/ws/install/unitree_go/local/lib/python3.10/dist-packages:/ws/install/unitree_api/local/lib/python3.10/dist-packages:${PYTHONPATH} /usr/bin/cmake /ws/src/unitree_ros2/example/src -DCMAKE_INSTALL_PREFIX=/ws/install/unitree_ros2_example
[81.199s] DEBUG:colcon.colcon_core.event_handler.log_command:Invoking command in '/ws/build/unitree_ros2_example': AMENT_PREFIX_PATH=/ws/install/unitree_hg:/ws/install/unitree_go:/ws/install/unitree_api:${AMENT_PREFIX_PATH} CMAKE_PREFIX_PATH=/ws/install/unitree_hg:/ws/install/unitree_go:/ws/install/unitree_api:/ws/libtorch:/opt/ros/humble LD_LIBRARY_PATH=/ws/install/unitree_hg/lib:/ws/install/unitree_go/lib:/ws/install/unitree_api/lib:${LD_LIBRARY_PATH} PYTHONPATH=/ws/install/unitree_hg/local/lib/python3.10/dist-packages:/ws/install/unitree_go/local/lib/python3.10/dist-packages:/ws/install/unitree_api/local/lib/python3.10/dist-packages:${PYTHONPATH} /usr/bin/cmake --build /ws/build/unitree_ros2_example -- -j4 -l4
[81.622s] DEBUG:colcon.colcon_core.event_handler.log_command:Invoked command in '/ws/build/unitree_legged_real' returned '0': AMENT_PREFIX_PATH=/ws/install/unitree_rl_controller:/ws/install/unitree_go:/ws/install/unitree_api:/ws/install/ros2_unitree_legged_msgs:${AMENT_PREFIX_PATH} CMAKE_PREFIX_PATH=/ws/install/unitree_rl_controller:/ws/install/unitree_go:/ws/install/unitree_api:/ws/install/ros2_unitree_legged_msgs:/ws/libtorch:/opt/ros/humble LD_LIBRARY_PATH=/ws/install/unitree_rl_controller/lib:/ws/install/unitree_go/lib:/ws/install/unitree_api/lib:/ws/install/ros2_unitree_legged_msgs/lib:${LD_LIBRARY_PATH} PYTHONPATH=/ws/install/unitree_go/local/lib/python3.10/dist-packages:/ws/install/unitree_api/local/lib/python3.10/dist-packages:/ws/install/ros2_unitree_legged_msgs/local/lib/python3.10/dist-packages:${PYTHONPATH} /usr/bin/cmake /ws/src/unitree_ros2_to_real -DCMAKE_INSTALL_PREFIX=/ws/install/unitree_legged_real
[81.623s] DEBUG:colcon.colcon_core.event_handler.log_command:Invoking command in '/ws/build/unitree_legged_real': AMENT_PREFIX_PATH=/ws/install/unitree_rl_controller:/ws/install/unitree_go:/ws/install/unitree_api:/ws/install/ros2_unitree_legged_msgs:${AMENT_PREFIX_PATH} CMAKE_PREFIX_PATH=/ws/install/unitree_rl_controller:/ws/install/unitree_go:/ws/install/unitree_api:/ws/install/ros2_unitree_legged_msgs:/ws/libtorch:/opt/ros/humble LD_LIBRARY_PATH=/ws/install/unitree_rl_controller/lib:/ws/install/unitree_go/lib:/ws/install/unitree_api/lib:/ws/install/ros2_unitree_legged_msgs/lib:${LD_LIBRARY_PATH} PYTHONPATH=/ws/install/unitree_go/local/lib/python3.10/dist-packages:/ws/install/unitree_api/local/lib/python3.10/dist-packages:/ws/install/ros2_unitree_legged_msgs/local/lib/python3.10/dist-packages:${PYTHONPATH} /usr/bin/cmake --build /ws/build/unitree_legged_real -- -j4 -l4
[99.735s] DEBUG:colcon.colcon_core.event_handler.log_command:Invoked command in '/ws/build/stand_go2' returned '0': AMENT_PREFIX_PATH=/ws/install/unitree_go:/ws/install/unitree_api:${AMENT_PREFIX_PATH} CMAKE_PREFIX_PATH=/ws/install/unitree_go:/ws/install/unitree_api:/ws/libtorch:/opt/ros/humble LD_LIBRARY_PATH=/ws/install/unitree_go/lib:/ws/install/unitree_api/lib:${LD_LIBRARY_PATH} PYTHONPATH=/ws/install/unitree_go/local/lib/python3.10/dist-packages:/ws/install/unitree_api/local/lib/python3.10/dist-packages:${PYTHONPATH} /usr/bin/cmake --build /ws/build/stand_go2 -- -j4 -l4
[99.738s] DEBUG:colcon.colcon_core.event_handler.log_command:Invoking command in '/ws/build/stand_go2': AMENT_PREFIX_PATH=/ws/install/unitree_go:/ws/install/unitree_api:${AMENT_PREFIX_PATH} CMAKE_PREFIX_PATH=/ws/install/unitree_go:/ws/install/unitree_api:/ws/libtorch:/opt/ros/humble LD_LIBRARY_PATH=/ws/install/unitree_go/lib:/ws/install/unitree_api/lib:${LD_LIBRARY_PATH} PYTHONPATH=/ws/install/unitree_go/local/lib/python3.10/dist-packages:/ws/install/unitree_api/local/lib/python3.10/dist-packages:${PYTHONPATH} /usr/bin/cmake --install /ws/build/stand_go2
[99.782s] Level 1:colcon.colcon_core.environment:create_environment_scripts_only(stand_go2)
[99.783s] Level 1:colcon.colcon_core.environment:checking '/ws/install/stand_go2' for CMake module files
[99.784s] Level 1:colcon.colcon_core.environment:checking '/ws/install/stand_go2' for CMake config files
[99.785s] Level 1:colcon.colcon_core.shell:create_environment_hook('stand_go2', 'cmake_prefix_path')
[99.785s] INFO:colcon.colcon_core.shell:Creating environment hook '/ws/install/stand_go2/share/stand_go2/hook/cmake_prefix_path.ps1'
[99.783s] DEBUG:colcon.colcon_core.event_handler.log_command:Invoked command in '/ws/build/stand_go2' returned '0': AMENT_PREFIX_PATH=/ws/install/unitree_go:/ws/install/unitree_api:${AMENT_PREFIX_PATH} CMAKE_PREFIX_PATH=/ws/install/unitree_go:/ws/install/unitree_api:/ws/libtorch:/opt/ros/humble LD_LIBRARY_PATH=/ws/install/unitree_go/lib:/ws/install/unitree_api/lib:${LD_LIBRARY_PATH} PYTHONPATH=/ws/install/unitree_go/local/lib/python3.10/dist-packages:/ws/install/unitree_api/local/lib/python3.10/dist-packages:${PYTHONPATH} /usr/bin/cmake --install /ws/build/stand_go2
[99.786s] INFO:colcon.colcon_core.shell:Creating environment descriptor '/ws/install/stand_go2/share/stand_go2/hook/cmake_prefix_path.dsv'
[99.787s] INFO:colcon.colcon_core.shell:Creating environment hook '/ws/install/stand_go2/share/stand_go2/hook/cmake_prefix_path.sh'
[99.790s] Level 1:colcon.colcon_core.environment:checking '/ws/install/stand_go2/lib'
[99.791s] Level 1:colcon.colcon_core.environment:checking '/ws/install/stand_go2/bin'
[99.792s] Level 1:colcon.colcon_core.environment:checking '/ws/install/stand_go2/lib/pkgconfig/stand_go2.pc'
[99.793s] Level 1:colcon.colcon_core.environment:checking '/ws/install/stand_go2/lib/python3.10/site-packages'
[99.794s] Level 1:colcon.colcon_core.environment:checking '/ws/install/stand_go2/bin'
[99.795s] INFO:colcon.colcon_core.shell:Creating package script '/ws/install/stand_go2/share/stand_go2/package.ps1'
[99.797s] INFO:colcon.colcon_core.shell:Creating package descriptor '/ws/install/stand_go2/share/stand_go2/package.dsv'
[99.798s] INFO:colcon.colcon_core.shell:Creating package script '/ws/install/stand_go2/share/stand_go2/package.sh'
[99.800s] INFO:colcon.colcon_core.shell:Creating package script '/ws/install/stand_go2/share/stand_go2/package.bash'
[99.802s] INFO:colcon.colcon_core.shell:Creating package script '/ws/install/stand_go2/share/stand_go2/package.zsh'
[99.804s] Level 1:colcon.colcon_core.environment:create_file_with_runtime_dependencies(/ws/install/stand_go2/share/colcon-core/packages/stand_go2)
[99.806s] Level 1:colcon.colcon_core.environment:create_environment_scripts_only(stand_go2)
[99.807s] Level 1:colcon.colcon_core.environment:checking '/ws/install/stand_go2' for CMake module files
[99.808s] Level 1:colcon.colcon_core.environment:checking '/ws/install/stand_go2' for CMake config files
[99.809s] Level 1:colcon.colcon_core.shell:create_environment_hook('stand_go2', 'cmake_prefix_path')
[99.809s] INFO:colcon.colcon_core.shell:Creating environment hook '/ws/install/stand_go2/share/stand_go2/hook/cmake_prefix_path.ps1'
[99.812s] INFO:colcon.colcon_core.shell:Creating environment descriptor '/ws/install/stand_go2/share/stand_go2/hook/cmake_prefix_path.dsv'
[99.814s] INFO:colcon.colcon_core.shell:Creating environment hook '/ws/install/stand_go2/share/stand_go2/hook/cmake_prefix_path.sh'
[99.816s] Level 1:colcon.colcon_core.environment:checking '/ws/install/stand_go2/lib'
[99.817s] Level 1:colcon.colcon_core.environment:checking '/ws/install/stand_go2/bin'
[99.817s] Level 1:colcon.colcon_core.environment:checking '/ws/install/stand_go2/lib/pkgconfig/stand_go2.pc'
[99.818s] Level 1:colcon.colcon_core.environment:checking '/ws/install/stand_go2/lib/python3.10/site-packages'
[99.819s] Level 1:colcon.colcon_core.environment:checking '/ws/install/stand_go2/bin'
[99.821s] INFO:colcon.colcon_core.shell:Creating package script '/ws/install/stand_go2/share/stand_go2/package.ps1'
[99.823s] INFO:colcon.colcon_core.shell:Creating package descriptor '/ws/install/stand_go2/share/stand_go2/package.dsv'
[99.825s] INFO:colcon.colcon_core.shell:Creating package script '/ws/install/stand_go2/share/stand_go2/package.sh'
[99.828s] INFO:colcon.colcon_core.shell:Creating package script '/ws/install/stand_go2/share/stand_go2/package.bash'
[99.831s] INFO:colcon.colcon_core.shell:Creating package script '/ws/install/stand_go2/share/stand_go2/package.zsh'
[99.834s] Level 1:colcon.colcon_core.environment:create_file_with_runtime_dependencies(/ws/install/stand_go2/share/colcon-core/packages/stand_go2)
[105.242s] DEBUG:colcon.colcon_core.event_handler.log_command:Invoked command in '/ws/build/rmw_cyclonedds_cpp' returned '0': CMAKE_PREFIX_PATH=/ws/install/cyclonedds:/ws/libtorch:/opt/ros/humble LD_LIBRARY_PATH=/ws/install/cyclonedds/lib:${LD_LIBRARY_PATH} PATH=/ws/install/cyclonedds/bin:${PATH} PKG_CONFIG_PATH=/ws/install/cyclonedds/lib/aarch64-linux-gnu/pkgconfig:/ws/install/cyclonedds/lib/pkgconfig /usr/bin/cmake --build /ws/build/rmw_cyclonedds_cpp -- -j4 -l4
[105.243s] DEBUG:colcon.colcon_core.event_handler.log_command:Invoking command in '/ws/build/rmw_cyclonedds_cpp': CMAKE_PREFIX_PATH=/ws/install/cyclonedds:/ws/libtorch:/opt/ros/humble LD_LIBRARY_PATH=/ws/install/cyclonedds/lib:${LD_LIBRARY_PATH} PATH=/ws/install/cyclonedds/bin:${PATH} PKG_CONFIG_PATH=/ws/install/cyclonedds/lib/aarch64-linux-gnu/pkgconfig:/ws/install/cyclonedds/lib/pkgconfig /usr/bin/cmake --install /ws/build/rmw_cyclonedds_cpp
[105.298s] Level 1:colcon.colcon_core.environment:create_environment_scripts_only(rmw_cyclonedds_cpp)
[105.299s] Level 1:colcon.colcon_core.environment:checking '/ws/install/rmw_cyclonedds_cpp' for CMake module files
[105.300s] Level 1:colcon.colcon_core.environment:checking '/ws/install/rmw_cyclonedds_cpp' for CMake config files
[105.300s] Level 1:colcon.colcon_core.shell:create_environment_hook('rmw_cyclonedds_cpp', 'cmake_prefix_path')
[105.300s] INFO:colcon.colcon_core.shell:Creating environment hook '/ws/install/rmw_cyclonedds_cpp/share/rmw_cyclonedds_cpp/hook/cmake_prefix_path.ps1'
[105.298s] DEBUG:colcon.colcon_core.event_handler.log_command:Invoked command in '/ws/build/rmw_cyclonedds_cpp' returned '0': CMAKE_PREFIX_PATH=/ws/install/cyclonedds:/ws/libtorch:/opt/ros/humble LD_LIBRARY_PATH=/ws/install/cyclonedds/lib:${LD_LIBRARY_PATH} PATH=/ws/install/cyclonedds/bin:${PATH} PKG_CONFIG_PATH=/ws/install/cyclonedds/lib/aarch64-linux-gnu/pkgconfig:/ws/install/cyclonedds/lib/pkgconfig /usr/bin/cmake --install /ws/build/rmw_cyclonedds_cpp
[105.302s] INFO:colcon.colcon_core.shell:Creating environment descriptor '/ws/install/rmw_cyclonedds_cpp/share/rmw_cyclonedds_cpp/hook/cmake_prefix_path.dsv'
[105.303s] INFO:colcon.colcon_core.shell:Creating environment hook '/ws/install/rmw_cyclonedds_cpp/share/rmw_cyclonedds_cpp/hook/cmake_prefix_path.sh'
[105.305s] Level 1:colcon.colcon_core.environment:checking '/ws/install/rmw_cyclonedds_cpp/lib'
[105.306s] Level 1:colcon.colcon_core.shell:create_environment_hook('rmw_cyclonedds_cpp', 'ld_library_path_lib')
[105.307s] INFO:colcon.colcon_core.shell:Creating environment hook '/ws/install/rmw_cyclonedds_cpp/share/rmw_cyclonedds_cpp/hook/ld_library_path_lib.ps1'
[105.308s] INFO:colcon.colcon_core.shell:Creating environment descriptor '/ws/install/rmw_cyclonedds_cpp/share/rmw_cyclonedds_cpp/hook/ld_library_path_lib.dsv'
[105.309s] INFO:colcon.colcon_core.shell:Creating environment hook '/ws/install/rmw_cyclonedds_cpp/share/rmw_cyclonedds_cpp/hook/ld_library_path_lib.sh'
[105.311s] Level 1:colcon.colcon_core.environment:checking '/ws/install/rmw_cyclonedds_cpp/bin'
[105.311s] Level 1:colcon.colcon_core.environment:checking '/ws/install/rmw_cyclonedds_cpp/lib/pkgconfig/rmw_cyclonedds_cpp.pc'
[105.312s] Level 1:colcon.colcon_core.environment:checking '/ws/install/rmw_cyclonedds_cpp/lib/python3.10/site-packages'
[105.313s] Level 1:colcon.colcon_core.environment:checking '/ws/install/rmw_cyclonedds_cpp/bin'
[105.314s] INFO:colcon.colcon_core.shell:Creating package script '/ws/install/rmw_cyclonedds_cpp/share/rmw_cyclonedds_cpp/package.ps1'
[105.317s] INFO:colcon.colcon_core.shell:Creating package descriptor '/ws/install/rmw_cyclonedds_cpp/share/rmw_cyclonedds_cpp/package.dsv'
[105.319s] INFO:colcon.colcon_core.shell:Creating package script '/ws/install/rmw_cyclonedds_cpp/share/rmw_cyclonedds_cpp/package.sh'
[105.320s] INFO:colcon.colcon_core.shell:Creating package script '/ws/install/rmw_cyclonedds_cpp/share/rmw_cyclonedds_cpp/package.bash'
[105.321s] INFO:colcon.colcon_core.shell:Creating package script '/ws/install/rmw_cyclonedds_cpp/share/rmw_cyclonedds_cpp/package.zsh'
[105.322s] Level 1:colcon.colcon_core.environment:create_file_with_runtime_dependencies(/ws/install/rmw_cyclonedds_cpp/share/colcon-core/packages/rmw_cyclonedds_cpp)
[105.324s] Level 1:colcon.colcon_core.environment:create_environment_scripts_only(rmw_cyclonedds_cpp)
[105.324s] Level 1:colcon.colcon_core.environment:checking '/ws/install/rmw_cyclonedds_cpp' for CMake module files
[105.325s] Level 1:colcon.colcon_core.environment:checking '/ws/install/rmw_cyclonedds_cpp' for CMake config files
[105.325s] Level 1:colcon.colcon_core.shell:create_environment_hook('rmw_cyclonedds_cpp', 'cmake_prefix_path')
[105.326s] INFO:colcon.colcon_core.shell:Creating environment hook '/ws/install/rmw_cyclonedds_cpp/share/rmw_cyclonedds_cpp/hook/cmake_prefix_path.ps1'
[105.327s] INFO:colcon.colcon_core.shell:Creating environment descriptor '/ws/install/rmw_cyclonedds_cpp/share/rmw_cyclonedds_cpp/hook/cmake_prefix_path.dsv'
[105.328s] INFO:colcon.colcon_core.shell:Creating environment hook '/ws/install/rmw_cyclonedds_cpp/share/rmw_cyclonedds_cpp/hook/cmake_prefix_path.sh'
[105.329s] Level 1:colcon.colcon_core.environment:checking '/ws/install/rmw_cyclonedds_cpp/lib'
[105.329s] Level 1:colcon.colcon_core.shell:create_environment_hook('rmw_cyclonedds_cpp', 'ld_library_path_lib')
[105.330s] INFO:colcon.colcon_core.shell:Creating environment hook '/ws/install/rmw_cyclonedds_cpp/share/rmw_cyclonedds_cpp/hook/ld_library_path_lib.ps1'
[105.331s] INFO:colcon.colcon_core.shell:Creating environment descriptor '/ws/install/rmw_cyclonedds_cpp/share/rmw_cyclonedds_cpp/hook/ld_library_path_lib.dsv'
[105.332s] INFO:colcon.colcon_core.shell:Creating environment hook '/ws/install/rmw_cyclonedds_cpp/share/rmw_cyclonedds_cpp/hook/ld_library_path_lib.sh'
[105.333s] Level 1:colcon.colcon_core.environment:checking '/ws/install/rmw_cyclonedds_cpp/bin'
[105.333s] Level 1:colcon.colcon_core.environment:checking '/ws/install/rmw_cyclonedds_cpp/lib/pkgconfig/rmw_cyclonedds_cpp.pc'
[105.334s] Level 1:colcon.colcon_core.environment:checking '/ws/install/rmw_cyclonedds_cpp/lib/python3.10/site-packages'
[105.334s] Level 1:colcon.colcon_core.environment:checking '/ws/install/rmw_cyclonedds_cpp/bin'
[105.335s] INFO:colcon.colcon_core.shell:Creating package script '/ws/install/rmw_cyclonedds_cpp/share/rmw_cyclonedds_cpp/package.ps1'
[105.336s] INFO:colcon.colcon_core.shell:Creating package descriptor '/ws/install/rmw_cyclonedds_cpp/share/rmw_cyclonedds_cpp/package.dsv'
[105.337s] INFO:colcon.colcon_core.shell:Creating package script '/ws/install/rmw_cyclonedds_cpp/share/rmw_cyclonedds_cpp/package.sh'
[105.338s] INFO:colcon.colcon_core.shell:Creating package script '/ws/install/rmw_cyclonedds_cpp/share/rmw_cyclonedds_cpp/package.bash'
[105.339s] INFO:colcon.colcon_core.shell:Creating package script '/ws/install/rmw_cyclonedds_cpp/share/rmw_cyclonedds_cpp/package.zsh'
[105.340s] Level 1:colcon.colcon_core.environment:create_file_with_runtime_dependencies(/ws/install/rmw_cyclonedds_cpp/share/colcon-core/packages/rmw_cyclonedds_cpp)
[187.374s] DEBUG:colcon.colcon_core.event_handler.log_command:Invoked command in '/ws/build/unitree_ros2_example' returned '0': AMENT_PREFIX_PATH=/ws/install/unitree_hg:/ws/install/unitree_go:/ws/install/unitree_api:${AMENT_PREFIX_PATH} CMAKE_PREFIX_PATH=/ws/install/unitree_hg:/ws/install/unitree_go:/ws/install/unitree_api:/ws/libtorch:/opt/ros/humble LD_LIBRARY_PATH=/ws/install/unitree_hg/lib:/ws/install/unitree_go/lib:/ws/install/unitree_api/lib:${LD_LIBRARY_PATH} PYTHONPATH=/ws/install/unitree_hg/local/lib/python3.10/dist-packages:/ws/install/unitree_go/local/lib/python3.10/dist-packages:/ws/install/unitree_api/local/lib/python3.10/dist-packages:${PYTHONPATH} /usr/bin/cmake --build /ws/build/unitree_ros2_example -- -j4 -l4
[187.378s] DEBUG:colcon.colcon_core.event_handler.log_command:Invoking command in '/ws/build/unitree_ros2_example': AMENT_PREFIX_PATH=/ws/install/unitree_hg:/ws/install/unitree_go:/ws/install/unitree_api:${AMENT_PREFIX_PATH} CMAKE_PREFIX_PATH=/ws/install/unitree_hg:/ws/install/unitree_go:/ws/install/unitree_api:/ws/libtorch:/opt/ros/humble LD_LIBRARY_PATH=/ws/install/unitree_hg/lib:/ws/install/unitree_go/lib:/ws/install/unitree_api/lib:${LD_LIBRARY_PATH} PYTHONPATH=/ws/install/unitree_hg/local/lib/python3.10/dist-packages:/ws/install/unitree_go/local/lib/python3.10/dist-packages:/ws/install/unitree_api/local/lib/python3.10/dist-packages:${PYTHONPATH} /usr/bin/cmake --install /ws/build/unitree_ros2_example
[187.456s] Level 1:colcon.colcon_core.environment:create_environment_scripts_only(unitree_ros2_example)
[187.457s] Level 1:colcon.colcon_core.environment:checking '/ws/install/unitree_ros2_example' for CMake module files
[187.458s] Level 1:colcon.colcon_core.environment:checking '/ws/install/unitree_ros2_example' for CMake config files
[187.458s] Level 1:colcon.colcon_core.shell:create_environment_hook('unitree_ros2_example', 'cmake_prefix_path')
[187.458s] INFO:colcon.colcon_core.shell:Creating environment hook '/ws/install/unitree_ros2_example/share/unitree_ros2_example/hook/cmake_prefix_path.ps1'
[187.459s] DEBUG:colcon.colcon_core.event_handler.log_command:Invoked command in '/ws/build/unitree_ros2_example' returned '0': AMENT_PREFIX_PATH=/ws/install/unitree_hg:/ws/install/unitree_go:/ws/install/unitree_api:${AMENT_PREFIX_PATH} CMAKE_PREFIX_PATH=/ws/install/unitree_hg:/ws/install/unitree_go:/ws/install/unitree_api:/ws/libtorch:/opt/ros/humble LD_LIBRARY_PATH=/ws/install/unitree_hg/lib:/ws/install/unitree_go/lib:/ws/install/unitree_api/lib:${LD_LIBRARY_PATH} PYTHONPATH=/ws/install/unitree_hg/local/lib/python3.10/dist-packages:/ws/install/unitree_go/local/lib/python3.10/dist-packages:/ws/install/unitree_api/local/lib/python3.10/dist-packages:${PYTHONPATH} /usr/bin/cmake --install /ws/build/unitree_ros2_example
[187.460s] INFO:colcon.colcon_core.shell:Creating environment descriptor '/ws/install/unitree_ros2_example/share/unitree_ros2_example/hook/cmake_prefix_path.dsv'
[187.461s] INFO:colcon.colcon_core.shell:Creating environment hook '/ws/install/unitree_ros2_example/share/unitree_ros2_example/hook/cmake_prefix_path.sh'
[187.462s] Level 1:colcon.colcon_core.environment:checking '/ws/install/unitree_ros2_example/bin'
[187.462s] Level 1:colcon.colcon_core.shell:create_environment_hook('unitree_ros2_example', 'path')
[187.462s] INFO:colcon.colcon_core.shell:Creating environment hook '/ws/install/unitree_ros2_example/share/unitree_ros2_example/hook/path.ps1'
[187.463s] INFO:colcon.colcon_core.shell:Creating environment descriptor '/ws/install/unitree_ros2_example/share/unitree_ros2_example/hook/path.dsv'
[187.464s] INFO:colcon.colcon_core.shell:Creating environment hook '/ws/install/unitree_ros2_example/share/unitree_ros2_example/hook/path.sh'
[187.464s] Level 1:colcon.colcon_core.environment:checking '/ws/install/unitree_ros2_example/lib/pkgconfig/unitree_ros2_example.pc'
[187.465s] Level 1:colcon.colcon_core.environment:checking '/ws/install/unitree_ros2_example/lib/python3.10/site-packages'
[187.465s] Level 1:colcon.colcon_core.environment:checking '/ws/install/unitree_ros2_example/bin'
[187.465s] Level 1:colcon.colcon_core.shell:create_environment_hook('unitree_ros2_example', 'pythonscriptspath')
[187.466s] INFO:colcon.colcon_core.shell:Creating environment hook '/ws/install/unitree_ros2_example/share/unitree_ros2_example/hook/pythonscriptspath.ps1'
[187.466s] INFO:colcon.colcon_core.shell:Creating environment descriptor '/ws/install/unitree_ros2_example/share/unitree_ros2_example/hook/pythonscriptspath.dsv'
[187.467s] INFO:colcon.colcon_core.shell:Creating environment hook '/ws/install/unitree_ros2_example/share/unitree_ros2_example/hook/pythonscriptspath.sh'
[187.467s] INFO:colcon.colcon_core.shell:Creating package script '/ws/install/unitree_ros2_example/share/unitree_ros2_example/package.ps1'
[187.468s] INFO:colcon.colcon_core.shell:Creating package descriptor '/ws/install/unitree_ros2_example/share/unitree_ros2_example/package.dsv'
[187.469s] INFO:colcon.colcon_core.shell:Creating package script '/ws/install/unitree_ros2_example/share/unitree_ros2_example/package.sh'
[187.470s] INFO:colcon.colcon_core.shell:Creating package script '/ws/install/unitree_ros2_example/share/unitree_ros2_example/package.bash'
[187.470s] INFO:colcon.colcon_core.shell:Creating package script '/ws/install/unitree_ros2_example/share/unitree_ros2_example/package.zsh'
[187.470s] Level 1:colcon.colcon_core.environment:create_file_with_runtime_dependencies(/ws/install/unitree_ros2_example/share/colcon-core/packages/unitree_ros2_example)
[187.471s] Level 1:colcon.colcon_core.environment:create_environment_scripts_only(unitree_ros2_example)
[187.472s] Level 1:colcon.colcon_core.environment:checking '/ws/install/unitree_ros2_example' for CMake module files
[187.473s] Level 1:colcon.colcon_core.environment:checking '/ws/install/unitree_ros2_example' for CMake config files
[187.473s] Level 1:colcon.colcon_core.shell:create_environment_hook('unitree_ros2_example', 'cmake_prefix_path')
[187.473s] INFO:colcon.colcon_core.shell:Creating environment hook '/ws/install/unitree_ros2_example/share/unitree_ros2_example/hook/cmake_prefix_path.ps1'
[187.474s] INFO:colcon.colcon_core.shell:Creating environment descriptor '/ws/install/unitree_ros2_example/share/unitree_ros2_example/hook/cmake_prefix_path.dsv'
[187.474s] INFO:colcon.colcon_core.shell:Creating environment hook '/ws/install/unitree_ros2_example/share/unitree_ros2_example/hook/cmake_prefix_path.sh'
[187.475s] Level 1:colcon.colcon_core.environment:checking '/ws/install/unitree_ros2_example/bin'
[187.475s] Level 1:colcon.colcon_core.shell:create_environment_hook('unitree_ros2_example', 'path')
[187.475s] INFO:colcon.colcon_core.shell:Creating environment hook '/ws/install/unitree_ros2_example/share/unitree_ros2_example/hook/path.ps1'
[187.476s] INFO:colcon.colcon_core.shell:Creating environment descriptor '/ws/install/unitree_ros2_example/share/unitree_ros2_example/hook/path.dsv'
[187.476s] INFO:colcon.colcon_core.shell:Creating environment hook '/ws/install/unitree_ros2_example/share/unitree_ros2_example/hook/path.sh'
[187.477s] Level 1:colcon.colcon_core.environment:checking '/ws/install/unitree_ros2_example/lib/pkgconfig/unitree_ros2_example.pc'
[187.477s] Level 1:colcon.colcon_core.environment:checking '/ws/install/unitree_ros2_example/lib/python3.10/site-packages'
[187.478s] Level 1:colcon.colcon_core.environment:checking '/ws/install/unitree_ros2_example/bin'
[187.478s] Level 1:colcon.colcon_core.shell:create_environment_hook('unitree_ros2_example', 'pythonscriptspath')
[187.478s] INFO:colcon.colcon_core.shell:Creating environment hook '/ws/install/unitree_ros2_example/share/unitree_ros2_example/hook/pythonscriptspath.ps1'
[187.478s] INFO:colcon.colcon_core.shell:Creating environment descriptor '/ws/install/unitree_ros2_example/share/unitree_ros2_example/hook/pythonscriptspath.dsv'
[187.479s] INFO:colcon.colcon_core.shell:Creating environment hook '/ws/install/unitree_ros2_example/share/unitree_ros2_example/hook/pythonscriptspath.sh'
[187.480s] INFO:colcon.colcon_core.shell:Creating package script '/ws/install/unitree_ros2_example/share/unitree_ros2_example/package.ps1'
[187.480s] INFO:colcon.colcon_core.shell:Creating package descriptor '/ws/install/unitree_ros2_example/share/unitree_ros2_example/package.dsv'
[187.484s] INFO:colcon.colcon_core.shell:Creating package script '/ws/install/unitree_ros2_example/share/unitree_ros2_example/package.sh'
[187.485s] INFO:colcon.colcon_core.shell:Creating package script '/ws/install/unitree_ros2_example/share/unitree_ros2_example/package.bash'
[187.485s] INFO:colcon.colcon_core.shell:Creating package script '/ws/install/unitree_ros2_example/share/unitree_ros2_example/package.zsh'
[187.486s] Level 1:colcon.colcon_core.environment:create_file_with_runtime_dependencies(/ws/install/unitree_ros2_example/share/colcon-core/packages/unitree_ros2_example)
[189.278s] DEBUG:colcon.colcon_core.event_handler.log_command:Invoked command in '/ws/build/unitree_legged_real' returned '0': AMENT_PREFIX_PATH=/ws/install/unitree_rl_controller:/ws/install/unitree_go:/ws/install/unitree_api:/ws/install/ros2_unitree_legged_msgs:${AMENT_PREFIX_PATH} CMAKE_PREFIX_PATH=/ws/install/unitree_rl_controller:/ws/install/unitree_go:/ws/install/unitree_api:/ws/install/ros2_unitree_legged_msgs:/ws/libtorch:/opt/ros/humble LD_LIBRARY_PATH=/ws/install/unitree_rl_controller/lib:/ws/install/unitree_go/lib:/ws/install/unitree_api/lib:/ws/install/ros2_unitree_legged_msgs/lib:${LD_LIBRARY_PATH} PYTHONPATH=/ws/install/unitree_go/local/lib/python3.10/dist-packages:/ws/install/unitree_api/local/lib/python3.10/dist-packages:/ws/install/ros2_unitree_legged_msgs/local/lib/python3.10/dist-packages:${PYTHONPATH} /usr/bin/cmake --build /ws/build/unitree_legged_real -- -j4 -l4
[189.281s] DEBUG:colcon.colcon_core.event_handler.log_command:Invoking command in '/ws/build/unitree_legged_real': AMENT_PREFIX_PATH=/ws/install/unitree_rl_controller:/ws/install/unitree_go:/ws/install/unitree_api:/ws/install/ros2_unitree_legged_msgs:${AMENT_PREFIX_PATH} CMAKE_PREFIX_PATH=/ws/install/unitree_rl_controller:/ws/install/unitree_go:/ws/install/unitree_api:/ws/install/ros2_unitree_legged_msgs:/ws/libtorch:/opt/ros/humble LD_LIBRARY_PATH=/ws/install/unitree_rl_controller/lib:/ws/install/unitree_go/lib:/ws/install/unitree_api/lib:/ws/install/ros2_unitree_legged_msgs/lib:${LD_LIBRARY_PATH} PYTHONPATH=/ws/install/unitree_go/local/lib/python3.10/dist-packages:/ws/install/unitree_api/local/lib/python3.10/dist-packages:/ws/install/ros2_unitree_legged_msgs/local/lib/python3.10/dist-packages:${PYTHONPATH} /usr/bin/cmake --install /ws/build/unitree_legged_real
[189.492s] Level 1:colcon.colcon_core.environment:create_environment_scripts_only(unitree_legged_real)
[189.493s] Level 1:colcon.colcon_core.environment:checking '/ws/install/unitree_legged_real' for CMake module files
[189.493s] DEBUG:colcon.colcon_core.event_handler.log_command:Invoked command in '/ws/build/unitree_legged_real' returned '0': AMENT_PREFIX_PATH=/ws/install/unitree_rl_controller:/ws/install/unitree_go:/ws/install/unitree_api:/ws/install/ros2_unitree_legged_msgs:${AMENT_PREFIX_PATH} CMAKE_PREFIX_PATH=/ws/install/unitree_rl_controller:/ws/install/unitree_go:/ws/install/unitree_api:/ws/install/ros2_unitree_legged_msgs:/ws/libtorch:/opt/ros/humble LD_LIBRARY_PATH=/ws/install/unitree_rl_controller/lib:/ws/install/unitree_go/lib:/ws/install/unitree_api/lib:/ws/install/ros2_unitree_legged_msgs/lib:${LD_LIBRARY_PATH} PYTHONPATH=/ws/install/unitree_go/local/lib/python3.10/dist-packages:/ws/install/unitree_api/local/lib/python3.10/dist-packages:/ws/install/ros2_unitree_legged_msgs/local/lib/python3.10/dist-packages:${PYTHONPATH} /usr/bin/cmake --install /ws/build/unitree_legged_real
[189.494s] Level 1:colcon.colcon_core.environment:checking '/ws/install/unitree_legged_real' for CMake config files
[189.494s] Level 1:colcon.colcon_core.shell:create_environment_hook('unitree_legged_real', 'cmake_prefix_path')
[189.494s] INFO:colcon.colcon_core.shell:Creating environment hook '/ws/install/unitree_legged_real/share/unitree_legged_real/hook/cmake_prefix_path.ps1'
[189.495s] INFO:colcon.colcon_core.shell:Creating environment descriptor '/ws/install/unitree_legged_real/share/unitree_legged_real/hook/cmake_prefix_path.dsv'
[189.496s] INFO:colcon.colcon_core.shell:Creating environment hook '/ws/install/unitree_legged_real/share/unitree_legged_real/hook/cmake_prefix_path.sh'
[189.496s] Level 1:colcon.colcon_core.environment:checking '/ws/install/unitree_legged_real/lib'
[189.496s] Level 1:colcon.colcon_core.shell:create_environment_hook('unitree_legged_real', 'ld_library_path_lib')
[189.497s] INFO:colcon.colcon_core.shell:Creating environment hook '/ws/install/unitree_legged_real/share/unitree_legged_real/hook/ld_library_path_lib.ps1'
[189.497s] INFO:colcon.colcon_core.shell:Creating environment descriptor '/ws/install/unitree_legged_real/share/unitree_legged_real/hook/ld_library_path_lib.dsv'
[189.498s] INFO:colcon.colcon_core.shell:Creating environment hook '/ws/install/unitree_legged_real/share/unitree_legged_real/hook/ld_library_path_lib.sh'
[189.498s] Level 1:colcon.colcon_core.environment:checking '/ws/install/unitree_legged_real/bin'
[189.498s] Level 1:colcon.colcon_core.environment:checking '/ws/install/unitree_legged_real/lib/pkgconfig/unitree_legged_real.pc'
[189.498s] Level 1:colcon.colcon_core.environment:checking '/ws/install/unitree_legged_real/lib/python3.10/site-packages'
[189.499s] Level 1:colcon.colcon_core.environment:checking '/ws/install/unitree_legged_real/bin'
[189.499s] INFO:colcon.colcon_core.shell:Creating package script '/ws/install/unitree_legged_real/share/unitree_legged_real/package.ps1'
[189.500s] INFO:colcon.colcon_core.shell:Creating package descriptor '/ws/install/unitree_legged_real/share/unitree_legged_real/package.dsv'
[189.500s] INFO:colcon.colcon_core.shell:Creating package script '/ws/install/unitree_legged_real/share/unitree_legged_real/package.sh'
[189.501s] INFO:colcon.colcon_core.shell:Creating package script '/ws/install/unitree_legged_real/share/unitree_legged_real/package.bash'
[189.501s] INFO:colcon.colcon_core.shell:Creating package script '/ws/install/unitree_legged_real/share/unitree_legged_real/package.zsh'
[189.502s] Level 1:colcon.colcon_core.environment:create_file_with_runtime_dependencies(/ws/install/unitree_legged_real/share/colcon-core/packages/unitree_legged_real)
[189.503s] Level 1:colcon.colcon_core.environment:create_environment_scripts_only(unitree_legged_real)
[189.503s] Level 1:colcon.colcon_core.environment:checking '/ws/install/unitree_legged_real' for CMake module files
[189.504s] Level 1:colcon.colcon_core.environment:checking '/ws/install/unitree_legged_real' for CMake config files
[189.504s] Level 1:colcon.colcon_core.shell:create_environment_hook('unitree_legged_real', 'cmake_prefix_path')
[189.504s] INFO:colcon.colcon_core.shell:Creating environment hook '/ws/install/unitree_legged_real/share/unitree_legged_real/hook/cmake_prefix_path.ps1'
[189.505s] INFO:colcon.colcon_core.shell:Creating environment descriptor '/ws/install/unitree_legged_real/share/unitree_legged_real/hook/cmake_prefix_path.dsv'
[189.506s] INFO:colcon.colcon_core.shell:Creating environment hook '/ws/install/unitree_legged_real/share/unitree_legged_real/hook/cmake_prefix_path.sh'
[189.507s] Level 1:colcon.colcon_core.environment:checking '/ws/install/unitree_legged_real/lib'
[189.507s] Level 1:colcon.colcon_core.shell:create_environment_hook('unitree_legged_real', 'ld_library_path_lib')
[189.507s] INFO:colcon.colcon_core.shell:Creating environment hook '/ws/install/unitree_legged_real/share/unitree_legged_real/hook/ld_library_path_lib.ps1'
[189.507s] INFO:colcon.colcon_core.shell:Creating environment descriptor '/ws/install/unitree_legged_real/share/unitree_legged_real/hook/ld_library_path_lib.dsv'
[189.508s] INFO:colcon.colcon_core.shell:Creating environment hook '/ws/install/unitree_legged_real/share/unitree_legged_real/hook/ld_library_path_lib.sh'
[189.509s] Level 1:colcon.colcon_core.environment:checking '/ws/install/unitree_legged_real/bin'
[189.509s] Level 1:colcon.colcon_core.environment:checking '/ws/install/unitree_legged_real/lib/pkgconfig/unitree_legged_real.pc'
[189.509s] Level 1:colcon.colcon_core.environment:checking '/ws/install/unitree_legged_real/lib/python3.10/site-packages'
[189.509s] Level 1:colcon.colcon_core.environment:checking '/ws/install/unitree_legged_real/bin'
[189.510s] INFO:colcon.colcon_core.shell:Creating package script '/ws/install/unitree_legged_real/share/unitree_legged_real/package.ps1'
[189.511s] INFO:colcon.colcon_core.shell:Creating package descriptor '/ws/install/unitree_legged_real/share/unitree_legged_real/package.dsv'
[189.511s] INFO:colcon.colcon_core.shell:Creating package script '/ws/install/unitree_legged_real/share/unitree_legged_real/package.sh'
[189.512s] INFO:colcon.colcon_core.shell:Creating package script '/ws/install/unitree_legged_real/share/unitree_legged_real/package.bash'
[189.513s] INFO:colcon.colcon_core.shell:Creating package script '/ws/install/unitree_legged_real/share/unitree_legged_real/package.zsh'
[189.514s] Level 1:colcon.colcon_core.environment:create_file_with_runtime_dependencies(/ws/install/unitree_legged_real/share/colcon-core/packages/unitree_legged_real)
[189.514s] DEBUG:colcon.colcon_parallel_executor.executor.parallel:closing loop
[189.515s] DEBUG:colcon.colcon_parallel_executor.executor.parallel:loop closed
[189.515s] DEBUG:colcon.colcon_parallel_executor.executor.parallel:run_until_complete finished with '0'
[189.515s] DEBUG:colcon.colcon_core.event_reactor:joining thread
[189.548s] INFO:colcon.colcon_core.plugin_system:Skipping extension 'colcon_notification.desktop_notification.notify_send': Could not find 'notify-send'
[189.548s] INFO:colcon.colcon_core.plugin_system:Skipping extension 'colcon_notification.desktop_notification.terminal_notifier': Not used on non-Darwin systems
[189.548s] INFO:colcon.colcon_core.plugin_system:Skipping extension 'colcon_notification.desktop_notification.win32': Not used on non-Windows systems
[189.548s] INFO:colcon.colcon_notification.desktop_notification:Sending desktop notification using 'notify2'
[189.548s] DEBUG:colcon.colcon_notification.desktop_notification.notify2:Failed to initialize notify2: org.freedesktop.DBus.Error.NotSupported: Unable to autolaunch a dbus-daemon without a $DISPLAY for X11
[189.548s] DEBUG:colcon.colcon_core.event_reactor:joined thread
[189.549s] INFO:colcon.colcon_core.shell:Creating prefix script '/ws/install/local_setup.ps1'
[189.551s] INFO:colcon.colcon_core.shell:Creating prefix util module '/ws/install/_local_setup_util_ps1.py'
[189.554s] INFO:colcon.colcon_core.shell:Creating prefix chain script '/ws/install/setup.ps1'
[189.557s] INFO:colcon.colcon_core.shell:Creating prefix script '/ws/install/local_setup.sh'
[189.559s] INFO:colcon.colcon_core.shell:Creating prefix util module '/ws/install/_local_setup_util_sh.py'
[189.560s] INFO:colcon.colcon_core.shell:Creating prefix chain script '/ws/install/setup.sh'
[189.562s] INFO:colcon.colcon_core.shell:Creating prefix script '/ws/install/local_setup.bash'
[189.564s] INFO:colcon.colcon_core.shell:Creating prefix chain script '/ws/install/setup.bash'
[189.566s] INFO:colcon.colcon_core.shell:Creating prefix script '/ws/install/local_setup.zsh'
[189.568s] INFO:colcon.colcon_core.shell:Creating prefix chain script '/ws/install/setup.zsh'
