[0.000000] (-) TimerEvent: {}
[0.001368] (-) JobUnselected: {'identifier': 'unitree_mujoco'}
[0.002160] (cyclonedds) JobQueued: {'identifier': 'cyclonedds', 'dependencies': OrderedDict()}
[0.002598] (ros2_unitree_legged_msgs) JobQueued: {'identifier': 'ros2_unitree_legged_msgs', 'dependencies': OrderedDict()}
[0.002700] (unitree_api) JobQueued: {'identifier': 'unitree_api', 'dependencies': OrderedDict()}
[0.002732] (unitree_go) JobQueued: {'identifier': 'unitree_go', 'dependencies': OrderedDict()}
[0.002755] (unitree_hg) JobQueued: {'identifier': 'unitree_hg', 'dependencies': OrderedDict()}
[0.002858] (rmw_cyclonedds_cpp) JobQueued: {'identifier': 'rmw_cyclonedds_cpp', 'dependencies': OrderedDict([('cyclonedds', '/ws/install/cyclonedds')])}
[0.002927] (stand_go2) JobQueued: {'identifier': 'stand_go2', 'dependencies': OrderedDict([('unitree_api', '/ws/install/unitree_api'), ('unitree_go', '/ws/install/unitree_go')])}
[0.002957] (unitree_rl_controller) JobQueued: {'identifier': 'unitree_rl_controller', 'dependencies': OrderedDict([('ros2_unitree_legged_msgs', '/ws/install/ros2_unitree_legged_msgs')])}
[0.002982] (unitree_ros2_example) JobQueued: {'identifier': 'unitree_ros2_example', 'dependencies': OrderedDict([('unitree_api', '/ws/install/unitree_api'), ('unitree_go', '/ws/install/unitree_go'), ('unitree_hg', '/ws/install/unitree_hg')])}
[0.003010] (unitree_legged_real) JobQueued: {'identifier': 'unitree_legged_real', 'dependencies': OrderedDict([('ros2_unitree_legged_msgs', '/ws/install/ros2_unitree_legged_msgs'), ('unitree_api', '/ws/install/unitree_api'), ('unitree_go', '/ws/install/unitree_go'), ('unitree_rl_controller', '/ws/install/unitree_rl_controller')])}
[0.003059] (unitree_api) JobStarted: {'identifier': 'unitree_api'}
[0.020399] (unitree_go) JobStarted: {'identifier': 'unitree_go'}
[0.028120] (ros2_unitree_legged_msgs) JobStarted: {'identifier': 'ros2_unitree_legged_msgs'}
[0.038072] (cyclonedds) JobStarted: {'identifier': 'cyclonedds'}
[0.052949] (unitree_api) JobProgress: {'identifier': 'unitree_api', 'progress': 'cmake'}
[0.053974] (unitree_api) Command: {'cmd': ['/usr/bin/cmake', '/ws/src/unitree_ros2/cyclonedds_ws/src/unitree/unitree_api', '-DCMAKE_INSTALL_PREFIX=/ws/install/unitree_api'], 'cwd': '/ws/build/unitree_api', 'env': OrderedDict([('HOSTNAME', 'pi'), ('SHLVL', '1'), ('LD_LIBRARY_PATH', '/opt/ros/humble/lib/aarch64-linux-gnu:/opt/ros/humble/lib'), ('HOME', '/root'), ('OLDPWD', '/ws/src'), ('ROS_PYTHON_VERSION', '3'), ('ROS_DISTRO', 'humble'), ('_', '/usr/bin/colcon'), ('ROS_VERSION', '2'), ('TERM', 'xterm'), ('ROS_LOCALHOST_ONLY', '0'), ('PATH', '/opt/ros/humble/bin:/usr/local/sbin:/usr/local/bin:/usr/sbin:/usr/bin:/sbin:/bin'), ('LANG', 'C.UTF-8'), ('LS_COLORS', 'rs=0:di=01;34:ln=01;36:mh=00:pi=40;33:so=01;35:do=01;35:bd=40;33;01:cd=40;33;01:or=40;31;01:mi=00:su=37;41:sg=30;43:ca=30;41:tw=30;42:ow=34;42:st=37;44:ex=01;32:*.tar=01;31:*.tgz=01;31:*.arc=01;31:*.arj=01;31:*.taz=01;31:*.lha=01;31:*.lz4=01;31:*.lzh=01;31:*.lzma=01;31:*.tlz=01;31:*.txz=01;31:*.tzo=01;31:*.t7z=01;31:*.zip=01;31:*.z=01;31:*.dz=01;31:*.gz=01;31:*.lrz=01;31:*.lz=01;31:*.lzo=01;31:*.xz=01;31:*.zst=01;31:*.tzst=01;31:*.bz2=01;31:*.bz=01;31:*.tbz=01;31:*.tbz2=01;31:*.tz=01;31:*.deb=01;31:*.rpm=01;31:*.jar=01;31:*.war=01;31:*.ear=01;31:*.sar=01;31:*.rar=01;31:*.alz=01;31:*.ace=01;31:*.zoo=01;31:*.cpio=01;31:*.7z=01;31:*.rz=01;31:*.cab=01;31:*.wim=01;31:*.swm=01;31:*.dwm=01;31:*.esd=01;31:*.jpg=01;35:*.jpeg=01;35:*.mjpg=01;35:*.mjpeg=01;35:*.gif=01;35:*.bmp=01;35:*.pbm=01;35:*.pgm=01;35:*.ppm=01;35:*.tga=01;35:*.xbm=01;35:*.xpm=01;35:*.tif=01;35:*.tiff=01;35:*.png=01;35:*.svg=01;35:*.svgz=01;35:*.mng=01;35:*.pcx=01;35:*.mov=01;35:*.mpg=01;35:*.mpeg=01;35:*.m2v=01;35:*.mkv=01;35:*.webm=01;35:*.webp=01;35:*.ogm=01;35:*.mp4=01;35:*.m4v=01;35:*.mp4v=01;35:*.vob=01;35:*.qt=01;35:*.nuv=01;35:*.wmv=01;35:*.asf=01;35:*.rm=01;35:*.rmvb=01;35:*.flc=01;35:*.avi=01;35:*.fli=01;35:*.flv=01;35:*.gl=01;35:*.dl=01;35:*.xcf=01;35:*.xwd=01;35:*.yuv=01;35:*.cgm=01;35:*.emf=01;35:*.ogv=01;35:*.ogx=01;35:*.aac=00;36:*.au=00;36:*.flac=00;36:*.m4a=00;36:*.mid=00;36:*.midi=00;36:*.mka=00;36:*.mp3=00;36:*.mpc=00;36:*.ogg=00;36:*.ra=00;36:*.wav=00;36:*.oga=00;36:*.opus=00;36:*.spx=00;36:*.xspf=00;36:'), ('AMENT_PREFIX_PATH', '/opt/ros/humble'), ('DEBIAN_FRONTEND', 'noninteractive'), ('PWD', '/ws/build/unitree_api'), ('LC_ALL', 'C.UTF-8'), ('PYTHONPATH', '/opt/ros/humble/lib/python3.10/site-packages:/opt/ros/humble/local/lib/python3.10/dist-packages'), ('COLCON', '1'), ('CMAKE_PREFIX_PATH', '/opt/ros/humble')]), 'shell': False}
[0.059786] (unitree_go) JobProgress: {'identifier': 'unitree_go', 'progress': 'cmake'}
[0.060485] (unitree_go) Command: {'cmd': ['/usr/bin/cmake', '/ws/src/unitree_ros2/cyclonedds_ws/src/unitree/unitree_go', '-DCMAKE_INSTALL_PREFIX=/ws/install/unitree_go'], 'cwd': '/ws/build/unitree_go', 'env': OrderedDict([('HOSTNAME', 'pi'), ('SHLVL', '1'), ('LD_LIBRARY_PATH', '/opt/ros/humble/lib/aarch64-linux-gnu:/opt/ros/humble/lib'), ('HOME', '/root'), ('OLDPWD', '/ws/src'), ('ROS_PYTHON_VERSION', '3'), ('ROS_DISTRO', 'humble'), ('_', '/usr/bin/colcon'), ('ROS_VERSION', '2'), ('TERM', 'xterm'), ('ROS_LOCALHOST_ONLY', '0'), ('PATH', '/opt/ros/humble/bin:/usr/local/sbin:/usr/local/bin:/usr/sbin:/usr/bin:/sbin:/bin'), ('LANG', 'C.UTF-8'), ('LS_COLORS', 'rs=0:di=01;34:ln=01;36:mh=00:pi=40;33:so=01;35:do=01;35:bd=40;33;01:cd=40;33;01:or=40;31;01:mi=00:su=37;41:sg=30;43:ca=30;41:tw=30;42:ow=34;42:st=37;44:ex=01;32:*.tar=01;31:*.tgz=01;31:*.arc=01;31:*.arj=01;31:*.taz=01;31:*.lha=01;31:*.lz4=01;31:*.lzh=01;31:*.lzma=01;31:*.tlz=01;31:*.txz=01;31:*.tzo=01;31:*.t7z=01;31:*.zip=01;31:*.z=01;31:*.dz=01;31:*.gz=01;31:*.lrz=01;31:*.lz=01;31:*.lzo=01;31:*.xz=01;31:*.zst=01;31:*.tzst=01;31:*.bz2=01;31:*.bz=01;31:*.tbz=01;31:*.tbz2=01;31:*.tz=01;31:*.deb=01;31:*.rpm=01;31:*.jar=01;31:*.war=01;31:*.ear=01;31:*.sar=01;31:*.rar=01;31:*.alz=01;31:*.ace=01;31:*.zoo=01;31:*.cpio=01;31:*.7z=01;31:*.rz=01;31:*.cab=01;31:*.wim=01;31:*.swm=01;31:*.dwm=01;31:*.esd=01;31:*.jpg=01;35:*.jpeg=01;35:*.mjpg=01;35:*.mjpeg=01;35:*.gif=01;35:*.bmp=01;35:*.pbm=01;35:*.pgm=01;35:*.ppm=01;35:*.tga=01;35:*.xbm=01;35:*.xpm=01;35:*.tif=01;35:*.tiff=01;35:*.png=01;35:*.svg=01;35:*.svgz=01;35:*.mng=01;35:*.pcx=01;35:*.mov=01;35:*.mpg=01;35:*.mpeg=01;35:*.m2v=01;35:*.mkv=01;35:*.webm=01;35:*.webp=01;35:*.ogm=01;35:*.mp4=01;35:*.m4v=01;35:*.mp4v=01;35:*.vob=01;35:*.qt=01;35:*.nuv=01;35:*.wmv=01;35:*.asf=01;35:*.rm=01;35:*.rmvb=01;35:*.flc=01;35:*.avi=01;35:*.fli=01;35:*.flv=01;35:*.gl=01;35:*.dl=01;35:*.xcf=01;35:*.xwd=01;35:*.yuv=01;35:*.cgm=01;35:*.emf=01;35:*.ogv=01;35:*.ogx=01;35:*.aac=00;36:*.au=00;36:*.flac=00;36:*.m4a=00;36:*.mid=00;36:*.midi=00;36:*.mka=00;36:*.mp3=00;36:*.mpc=00;36:*.ogg=00;36:*.ra=00;36:*.wav=00;36:*.oga=00;36:*.opus=00;36:*.spx=00;36:*.xspf=00;36:'), ('AMENT_PREFIX_PATH', '/opt/ros/humble'), ('DEBIAN_FRONTEND', 'noninteractive'), ('PWD', '/ws/build/unitree_go'), ('LC_ALL', 'C.UTF-8'), ('PYTHONPATH', '/opt/ros/humble/lib/python3.10/site-packages:/opt/ros/humble/local/lib/python3.10/dist-packages'), ('COLCON', '1'), ('CMAKE_PREFIX_PATH', '/opt/ros/humble')]), 'shell': False}
[0.063919] (ros2_unitree_legged_msgs) JobProgress: {'identifier': 'ros2_unitree_legged_msgs', 'progress': 'cmake'}
[0.065817] (ros2_unitree_legged_msgs) Command: {'cmd': ['/usr/bin/cmake', '/ws/src/ros2_unitree_legged_msgs', '-DCMAKE_INSTALL_PREFIX=/ws/install/ros2_unitree_legged_msgs'], 'cwd': '/ws/build/ros2_unitree_legged_msgs', 'env': OrderedDict([('HOSTNAME', 'pi'), ('SHLVL', '1'), ('LD_LIBRARY_PATH', '/opt/ros/humble/lib/aarch64-linux-gnu:/opt/ros/humble/lib'), ('HOME', '/root'), ('OLDPWD', '/ws/src'), ('ROS_PYTHON_VERSION', '3'), ('ROS_DISTRO', 'humble'), ('_', '/usr/bin/colcon'), ('ROS_VERSION', '2'), ('TERM', 'xterm'), ('ROS_LOCALHOST_ONLY', '0'), ('PATH', '/opt/ros/humble/bin:/usr/local/sbin:/usr/local/bin:/usr/sbin:/usr/bin:/sbin:/bin'), ('LANG', 'C.UTF-8'), ('LS_COLORS', 'rs=0:di=01;34:ln=01;36:mh=00:pi=40;33:so=01;35:do=01;35:bd=40;33;01:cd=40;33;01:or=40;31;01:mi=00:su=37;41:sg=30;43:ca=30;41:tw=30;42:ow=34;42:st=37;44:ex=01;32:*.tar=01;31:*.tgz=01;31:*.arc=01;31:*.arj=01;31:*.taz=01;31:*.lha=01;31:*.lz4=01;31:*.lzh=01;31:*.lzma=01;31:*.tlz=01;31:*.txz=01;31:*.tzo=01;31:*.t7z=01;31:*.zip=01;31:*.z=01;31:*.dz=01;31:*.gz=01;31:*.lrz=01;31:*.lz=01;31:*.lzo=01;31:*.xz=01;31:*.zst=01;31:*.tzst=01;31:*.bz2=01;31:*.bz=01;31:*.tbz=01;31:*.tbz2=01;31:*.tz=01;31:*.deb=01;31:*.rpm=01;31:*.jar=01;31:*.war=01;31:*.ear=01;31:*.sar=01;31:*.rar=01;31:*.alz=01;31:*.ace=01;31:*.zoo=01;31:*.cpio=01;31:*.7z=01;31:*.rz=01;31:*.cab=01;31:*.wim=01;31:*.swm=01;31:*.dwm=01;31:*.esd=01;31:*.jpg=01;35:*.jpeg=01;35:*.mjpg=01;35:*.mjpeg=01;35:*.gif=01;35:*.bmp=01;35:*.pbm=01;35:*.pgm=01;35:*.ppm=01;35:*.tga=01;35:*.xbm=01;35:*.xpm=01;35:*.tif=01;35:*.tiff=01;35:*.png=01;35:*.svg=01;35:*.svgz=01;35:*.mng=01;35:*.pcx=01;35:*.mov=01;35:*.mpg=01;35:*.mpeg=01;35:*.m2v=01;35:*.mkv=01;35:*.webm=01;35:*.webp=01;35:*.ogm=01;35:*.mp4=01;35:*.m4v=01;35:*.mp4v=01;35:*.vob=01;35:*.qt=01;35:*.nuv=01;35:*.wmv=01;35:*.asf=01;35:*.rm=01;35:*.rmvb=01;35:*.flc=01;35:*.avi=01;35:*.fli=01;35:*.flv=01;35:*.gl=01;35:*.dl=01;35:*.xcf=01;35:*.xwd=01;35:*.yuv=01;35:*.cgm=01;35:*.emf=01;35:*.ogv=01;35:*.ogx=01;35:*.aac=00;36:*.au=00;36:*.flac=00;36:*.m4a=00;36:*.mid=00;36:*.midi=00;36:*.mka=00;36:*.mp3=00;36:*.mpc=00;36:*.ogg=00;36:*.ra=00;36:*.wav=00;36:*.oga=00;36:*.opus=00;36:*.spx=00;36:*.xspf=00;36:'), ('AMENT_PREFIX_PATH', '/opt/ros/humble'), ('DEBIAN_FRONTEND', 'noninteractive'), ('PWD', '/ws/build/ros2_unitree_legged_msgs'), ('LC_ALL', 'C.UTF-8'), ('PYTHONPATH', '/opt/ros/humble/lib/python3.10/site-packages:/opt/ros/humble/local/lib/python3.10/dist-packages'), ('COLCON', '1'), ('CMAKE_PREFIX_PATH', '/opt/ros/humble')]), 'shell': False}
[0.080217] (cyclonedds) JobProgress: {'identifier': 'cyclonedds', 'progress': 'cmake'}
[0.081552] (cyclonedds) Command: {'cmd': ['/usr/bin/cmake', '/ws/src/unitree_ros2/cyclonedds_ws/src/cyclonedds', '-DBUILD_IDLC=AUTO', '-DCMAKE_INSTALL_PREFIX=/ws/install/cyclonedds'], 'cwd': '/ws/build/cyclonedds', 'env': OrderedDict([('HOSTNAME', 'pi'), ('SHLVL', '1'), ('LD_LIBRARY_PATH', '/opt/ros/humble/lib/aarch64-linux-gnu:/opt/ros/humble/lib'), ('HOME', '/root'), ('OLDPWD', '/ws/src'), ('ROS_PYTHON_VERSION', '3'), ('ROS_DISTRO', 'humble'), ('_', '/usr/bin/colcon'), ('ROS_VERSION', '2'), ('TERM', 'xterm'), ('ROS_LOCALHOST_ONLY', '0'), ('PATH', '/opt/ros/humble/bin:/usr/local/sbin:/usr/local/bin:/usr/sbin:/usr/bin:/sbin:/bin'), ('LANG', 'C.UTF-8'), ('LS_COLORS', 'rs=0:di=01;34:ln=01;36:mh=00:pi=40;33:so=01;35:do=01;35:bd=40;33;01:cd=40;33;01:or=40;31;01:mi=00:su=37;41:sg=30;43:ca=30;41:tw=30;42:ow=34;42:st=37;44:ex=01;32:*.tar=01;31:*.tgz=01;31:*.arc=01;31:*.arj=01;31:*.taz=01;31:*.lha=01;31:*.lz4=01;31:*.lzh=01;31:*.lzma=01;31:*.tlz=01;31:*.txz=01;31:*.tzo=01;31:*.t7z=01;31:*.zip=01;31:*.z=01;31:*.dz=01;31:*.gz=01;31:*.lrz=01;31:*.lz=01;31:*.lzo=01;31:*.xz=01;31:*.zst=01;31:*.tzst=01;31:*.bz2=01;31:*.bz=01;31:*.tbz=01;31:*.tbz2=01;31:*.tz=01;31:*.deb=01;31:*.rpm=01;31:*.jar=01;31:*.war=01;31:*.ear=01;31:*.sar=01;31:*.rar=01;31:*.alz=01;31:*.ace=01;31:*.zoo=01;31:*.cpio=01;31:*.7z=01;31:*.rz=01;31:*.cab=01;31:*.wim=01;31:*.swm=01;31:*.dwm=01;31:*.esd=01;31:*.jpg=01;35:*.jpeg=01;35:*.mjpg=01;35:*.mjpeg=01;35:*.gif=01;35:*.bmp=01;35:*.pbm=01;35:*.pgm=01;35:*.ppm=01;35:*.tga=01;35:*.xbm=01;35:*.xpm=01;35:*.tif=01;35:*.tiff=01;35:*.png=01;35:*.svg=01;35:*.svgz=01;35:*.mng=01;35:*.pcx=01;35:*.mov=01;35:*.mpg=01;35:*.mpeg=01;35:*.m2v=01;35:*.mkv=01;35:*.webm=01;35:*.webp=01;35:*.ogm=01;35:*.mp4=01;35:*.m4v=01;35:*.mp4v=01;35:*.vob=01;35:*.qt=01;35:*.nuv=01;35:*.wmv=01;35:*.asf=01;35:*.rm=01;35:*.rmvb=01;35:*.flc=01;35:*.avi=01;35:*.fli=01;35:*.flv=01;35:*.gl=01;35:*.dl=01;35:*.xcf=01;35:*.xwd=01;35:*.yuv=01;35:*.cgm=01;35:*.emf=01;35:*.ogv=01;35:*.ogx=01;35:*.aac=00;36:*.au=00;36:*.flac=00;36:*.m4a=00;36:*.mid=00;36:*.midi=00;36:*.mka=00;36:*.mp3=00;36:*.mpc=00;36:*.ogg=00;36:*.ra=00;36:*.wav=00;36:*.oga=00;36:*.opus=00;36:*.spx=00;36:*.xspf=00;36:'), ('AMENT_PREFIX_PATH', '/opt/ros/humble'), ('DEBIAN_FRONTEND', 'noninteractive'), ('PWD', '/ws/build/cyclonedds'), ('LC_ALL', 'C.UTF-8'), ('PYTHONPATH', '/opt/ros/humble/lib/python3.10/site-packages:/opt/ros/humble/local/lib/python3.10/dist-packages'), ('COLCON', '1'), ('CMAKE_PREFIX_PATH', '/opt/ros/humble')]), 'shell': False}
[0.099646] (-) TimerEvent: {}
[0.201366] (-) TimerEvent: {}
[0.233618] (unitree_go) StdoutLine: {'line': b'-- The C compiler identification is GNU 11.4.0\n'}
[0.277480] (unitree_api) StdoutLine: {'line': b'-- The C compiler identification is GNU 11.4.0\n'}
[0.301466] (-) TimerEvent: {}
[0.307706] (ros2_unitree_legged_msgs) StdoutLine: {'line': b'-- The C compiler identification is GNU 11.4.0\n'}
[0.319807] (cyclonedds) StdoutLine: {'line': b'-- The C compiler identification is GNU 11.4.0\n'}
[0.338115] (cyclonedds) StdoutLine: {'line': b'-- Detecting C compiler ABI info\n'}
[0.401671] (-) TimerEvent: {}
[0.414232] (unitree_go) StdoutLine: {'line': b'-- The CXX compiler identification is GNU 11.4.0\n'}
[0.448575] (unitree_go) StdoutLine: {'line': b'-- Detecting C compiler ABI info\n'}
[0.487255] (unitree_api) StdoutLine: {'line': b'-- The CXX compiler identification is GNU 11.4.0\n'}
[0.494221] (ros2_unitree_legged_msgs) StdoutLine: {'line': b'-- The CXX compiler identification is GNU 11.4.0\n'}
[0.501824] (-) TimerEvent: {}
[0.502924] (unitree_api) StdoutLine: {'line': b'-- Detecting C compiler ABI info\n'}
[0.522607] (ros2_unitree_legged_msgs) StdoutLine: {'line': b'-- Detecting C compiler ABI info\n'}
[0.560223] (cyclonedds) StdoutLine: {'line': b'-- Detecting C compiler ABI info - done\n'}
[0.572558] (cyclonedds) StdoutLine: {'line': b'-- Check for working C compiler: /usr/bin/cc - skipped\n'}
[0.574629] (cyclonedds) StdoutLine: {'line': b'-- Detecting C compile features\n'}
[0.575845] (cyclonedds) StdoutLine: {'line': b'-- Detecting C compile features - done\n'}
[0.579728] (cyclonedds) StdoutLine: {'line': b"-- Setting build type to 'RelWithDebInfo' as none was specified.\n"}
[0.594964] (cyclonedds) StdoutLine: {'line': b'-- Looking for getopt.h\n'}
[0.601947] (-) TimerEvent: {}
[0.675032] (unitree_go) StdoutLine: {'line': b'-- Detecting C compiler ABI info - done\n'}
[0.693903] (unitree_go) StdoutLine: {'line': b'-- Check for working C compiler: /usr/bin/cc - skipped\n'}
[0.695229] (unitree_go) StdoutLine: {'line': b'-- Detecting C compile features\n'}
[0.698377] (unitree_go) StdoutLine: {'line': b'-- Detecting C compile features - done\n'}
[0.702188] (-) TimerEvent: {}
[0.717826] (unitree_go) StdoutLine: {'line': b'-- Detecting CXX compiler ABI info\n'}
[0.766062] (unitree_api) StdoutLine: {'line': b'-- Detecting C compiler ABI info - done\n'}
[0.770987] (ros2_unitree_legged_msgs) StdoutLine: {'line': b'-- Detecting C compiler ABI info - done\n'}
[0.785246] (unitree_api) StdoutLine: {'line': b'-- Check for working C compiler: /usr/bin/cc - skipped\n'}
[0.788270] (unitree_api) StdoutLine: {'line': b'-- Detecting C compile features\n'}
[0.788661] (unitree_api) StdoutLine: {'line': b'-- Detecting C compile features - done\n'}
[0.803875] (unitree_api) StdoutLine: {'line': b'-- Detecting CXX compiler ABI info\n'}
[0.805295] (-) TimerEvent: {}
[0.812384] (cyclonedds) StdoutLine: {'line': b'-- Looking for getopt.h - found\n'}
[0.826522] (ros2_unitree_legged_msgs) StdoutLine: {'line': b'-- Check for working C compiler: /usr/bin/cc - skipped\n'}
[0.832252] (ros2_unitree_legged_msgs) StdoutLine: {'line': b'-- Detecting C compile features\n'}
[0.832881] (ros2_unitree_legged_msgs) StdoutLine: {'line': b'-- Detecting C compile features - done\n'}
[0.846499] (ros2_unitree_legged_msgs) StdoutLine: {'line': b'-- Detecting CXX compiler ABI info\n'}
[0.905562] (-) TimerEvent: {}
[1.003826] (cyclonedds) StdoutLine: {'line': b'-- Building with OpenSSL support\n'}
[1.006860] (-) TimerEvent: {}
[1.007568] (unitree_go) StdoutLine: {'line': b'-- Detecting CXX compiler ABI info - done\n'}
[1.027627] (unitree_go) StdoutLine: {'line': b'-- Check for working CXX compiler: /usr/bin/c++ - skipped\n'}
[1.030568] (unitree_go) StdoutLine: {'line': b'-- Detecting CXX compile features\n'}
[1.030935] (unitree_go) StdoutLine: {'line': b'-- Detecting CXX compile features - done\n'}
[1.033421] (cyclonedds) StdoutLine: {'line': b'-- Looking for stdint.h\n'}
[1.036562] (unitree_api) StdoutLine: {'line': b'-- Detecting CXX compiler ABI info - done\n'}
[1.037639] (unitree_go) StdoutLine: {'line': b'-- Found ament_cmake: 1.3.12 (/opt/ros/humble/share/ament_cmake/cmake)\n'}
[1.049458] (unitree_api) StdoutLine: {'line': b'-- Check for working CXX compiler: /usr/bin/c++ - skipped\n'}
[1.050637] (unitree_api) StdoutLine: {'line': b'-- Detecting CXX compile features\n'}
[1.052001] (unitree_api) StdoutLine: {'line': b'-- Detecting CXX compile features - done\n'}
[1.057029] (unitree_api) StdoutLine: {'line': b'-- Found ament_cmake: 1.3.12 (/opt/ros/humble/share/ament_cmake/cmake)\n'}
[1.107685] (-) TimerEvent: {}
[1.132030] (ros2_unitree_legged_msgs) StdoutLine: {'line': b'-- Detecting CXX compiler ABI info - done\n'}
[1.150990] (ros2_unitree_legged_msgs) StdoutLine: {'line': b'-- Check for working CXX compiler: /usr/bin/c++ - skipped\n'}
[1.153726] (ros2_unitree_legged_msgs) StdoutLine: {'line': b'-- Detecting CXX compile features\n'}
[1.220368] (-) TimerEvent: {}
[1.220772] (ros2_unitree_legged_msgs) StdoutLine: {'line': b'-- Detecting CXX compile features - done\n'}
[1.229829] (ros2_unitree_legged_msgs) StdoutLine: {'line': b'-- Found ament_cmake: 1.3.12 (/opt/ros/humble/share/ament_cmake/cmake)\n'}
[1.314410] (cyclonedds) StdoutLine: {'line': b'-- Looking for stdint.h - found\n'}
[1.316416] (cyclonedds) StdoutLine: {'line': b'-- Looking for inttypes.h\n'}
[1.320505] (-) TimerEvent: {}
[1.421197] (-) TimerEvent: {}
[1.524341] (-) TimerEvent: {}
[1.553525] (ros2_unitree_legged_msgs) StdoutLine: {'line': b'-- Found Python3: /usr/bin/python3 (found version "3.10.12") found components: Interpreter \n'}
[1.561268] (unitree_go) StdoutLine: {'line': b'-- Found Python3: /usr/bin/python3 (found version "3.10.12") found components: Interpreter \n'}
[1.563703] (unitree_api) StdoutLine: {'line': b'-- Found Python3: /usr/bin/python3 (found version "3.10.12") found components: Interpreter \n'}
[1.571140] (cyclonedds) StdoutLine: {'line': b'-- Looking for inttypes.h - found\n'}
[1.571729] (cyclonedds) StdoutLine: {'line': b'-- Looking for sys/types.h\n'}
[1.624437] (-) TimerEvent: {}
[1.727251] (-) TimerEvent: {}
[1.766476] (cyclonedds) StdoutLine: {'line': b'-- Looking for sys/types.h - found\n'}
[1.769437] (cyclonedds) StdoutLine: {'line': b'-- Looking for stdint.h\n'}
[1.827375] (-) TimerEvent: {}
[1.928065] (-) TimerEvent: {}
[1.985366] (cyclonedds) StdoutLine: {'line': b'-- Looking for stdint.h - found\n'}
[1.985811] (cyclonedds) StdoutLine: {'line': b'-- Looking for stddef.h\n'}
[2.008549] (ros2_unitree_legged_msgs) StdoutLine: {'line': b'-- Found rosidl_default_generators: 1.2.0 (/opt/ros/humble/share/rosidl_default_generators/cmake)\n'}
[2.008887] (unitree_go) StdoutLine: {'line': b'-- Found geometry_msgs: 4.9.0 (/opt/ros/humble/share/geometry_msgs/cmake)\n'}
[2.009000] (unitree_api) StdoutLine: {'line': b'-- Found geometry_msgs: 4.9.0 (/opt/ros/humble/share/geometry_msgs/cmake)\n'}
[2.017736] (ros2_unitree_legged_msgs) StdoutLine: {'line': b'-- Using all available rosidl_typesupport_c: rosidl_typesupport_fastrtps_c;rosidl_typesupport_introspection_c\n'}
[2.028296] (-) TimerEvent: {}
[2.036571] (ros2_unitree_legged_msgs) StdoutLine: {'line': b'-- Found rosidl_adapter: 3.1.8 (/opt/ros/humble/share/rosidl_adapter/cmake)\n'}
[2.109857] (unitree_api) StdoutLine: {'line': b'-- Found rosidl_generator_c: 3.1.8 (/opt/ros/humble/share/rosidl_generator_c/cmake)\n'}
[2.110844] (unitree_go) StdoutLine: {'line': b'-- Found rosidl_generator_c: 3.1.8 (/opt/ros/humble/share/rosidl_generator_c/cmake)\n'}
[2.117667] (unitree_api) StdoutLine: {'line': b'-- Found rosidl_adapter: 3.1.8 (/opt/ros/humble/share/rosidl_adapter/cmake)\n'}
[2.122172] (unitree_go) StdoutLine: {'line': b'-- Found rosidl_adapter: 3.1.8 (/opt/ros/humble/share/rosidl_adapter/cmake)\n'}
[2.128437] (-) TimerEvent: {}
[2.129660] (cyclonedds) StdoutLine: {'line': b'-- Looking for stddef.h - found\n'}
[2.130703] (cyclonedds) StdoutLine: {'line': b'-- Check size of intmax_t\n'}
[2.137452] (unitree_api) StdoutLine: {'line': b'-- Found rosidl_generator_cpp: 3.1.8 (/opt/ros/humble/share/rosidl_generator_cpp/cmake)\n'}
[2.138506] (unitree_go) StdoutLine: {'line': b'-- Found rosidl_generator_cpp: 3.1.8 (/opt/ros/humble/share/rosidl_generator_cpp/cmake)\n'}
[2.146316] (ros2_unitree_legged_msgs) StdoutLine: {'line': b'-- Using all available rosidl_typesupport_cpp: rosidl_typesupport_fastrtps_cpp;rosidl_typesupport_introspection_cpp\n'}
[2.170957] (unitree_go) StdoutLine: {'line': b'-- Using all available rosidl_typesupport_c: rosidl_typesupport_fastrtps_c;rosidl_typesupport_introspection_c\n'}
[2.175435] (unitree_api) StdoutLine: {'line': b'-- Using all available rosidl_typesupport_c: rosidl_typesupport_fastrtps_c;rosidl_typesupport_introspection_c\n'}
[2.206349] (unitree_go) StdoutLine: {'line': b'-- Using all available rosidl_typesupport_cpp: rosidl_typesupport_fastrtps_cpp;rosidl_typesupport_introspection_cpp\n'}
[2.215207] (unitree_api) StdoutLine: {'line': b'-- Using all available rosidl_typesupport_cpp: rosidl_typesupport_fastrtps_cpp;rosidl_typesupport_introspection_cpp\n'}
[2.228566] (-) TimerEvent: {}
[2.311249] (cyclonedds) StdoutLine: {'line': b'-- Check size of intmax_t - done\n'}
[2.314424] (cyclonedds) StdoutLine: {'line': b'-- Looking for stpcpy\n'}
[2.327470] (unitree_api) StdoutLine: {'line': b'-- Found rosidl_default_generators: 1.2.0 (/opt/ros/humble/share/rosidl_default_generators/cmake)\n'}
[2.328463] (unitree_go) StdoutLine: {'line': b'-- Found rosidl_default_generators: 1.2.0 (/opt/ros/humble/share/rosidl_default_generators/cmake)\n'}
[2.328814] (-) TimerEvent: {}
[2.355145] (unitree_go) StdoutLine: {'line': b'-- Found rosidl_generator_dds_idl: 0.8.1 (/opt/ros/humble/share/rosidl_generator_dds_idl/cmake)\n'}
[2.361595] (unitree_api) StdoutLine: {'line': b'-- Found rosidl_generator_dds_idl: 0.8.1 (/opt/ros/humble/share/rosidl_generator_dds_idl/cmake)\n'}
[2.428958] (-) TimerEvent: {}
[2.576081] (cyclonedds) StdoutLine: {'line': b'-- Looking for stpcpy - found\n'}
[2.576362] (-) TimerEvent: {}
[2.578465] (cyclonedds) StdoutLine: {'line': b'-- Looking for strlcpy\n'}
[2.676507] (-) TimerEvent: {}
[2.776954] (-) TimerEvent: {}
[2.815315] (cyclonedds) StdoutLine: {'line': b'-- Looking for strlcpy - not found\n'}
[2.816546] (cyclonedds) StdoutLine: {'line': b'-- Looking for strlcat\n'}
[2.877067] (-) TimerEvent: {}
[3.002415] (cyclonedds) StdoutLine: {'line': b'-- Looking for strlcat - not found\n'}
[3.002724] (-) TimerEvent: {}
[3.006636] (cyclonedds) StdoutLine: {'line': b'-- Performing Test COMPILER_HAS_HIDDEN_VISIBILITY\n'}
[3.102909] (-) TimerEvent: {}
[3.239298] (-) TimerEvent: {}
[3.255018] (cyclonedds) StdoutLine: {'line': b'-- Performing Test COMPILER_HAS_HIDDEN_VISIBILITY - Success\n'}
[3.255992] (cyclonedds) StdoutLine: {'line': b'-- Performing Test COMPILER_HAS_HIDDEN_INLINE_VISIBILITY\n'}
[3.339415] (-) TimerEvent: {}
[3.400669] (cyclonedds) StdoutLine: {'line': b'-- Performing Test COMPILER_HAS_HIDDEN_INLINE_VISIBILITY - Failed\n'}
[3.401240] (cyclonedds) StdoutLine: {'line': b'-- Performing Test COMPILER_HAS_DEPRECATED_ATTR\n'}
[3.439518] (-) TimerEvent: {}
[3.578999] (-) TimerEvent: {}
[3.609896] (cyclonedds) StdoutLine: {'line': b'-- Performing Test COMPILER_HAS_DEPRECATED_ATTR - Success\n'}
[3.617597] (cyclonedds) StdoutLine: {'line': b'-- Looking for gethostname\n'}
[3.679244] (-) TimerEvent: {}
[3.781215] (-) TimerEvent: {}
[3.825280] (cyclonedds) StdoutLine: {'line': b'-- Looking for gethostname - found\n'}
[3.825652] (cyclonedds) StdoutLine: {'line': b'-- Looking for inet_ntop\n'}
[3.881348] (-) TimerEvent: {}
[3.982003] (-) TimerEvent: {}
[4.082662] (-) TimerEvent: {}
[4.148660] (cyclonedds) StdoutLine: {'line': b'-- Looking for inet_ntop - found\n'}
[4.152311] (cyclonedds) StdoutLine: {'line': b'-- Looking for inet_pton\n'}
[4.182764] (-) TimerEvent: {}
[4.285142] (-) TimerEvent: {}
[4.291630] (ros2_unitree_legged_msgs) StdoutLine: {'line': b'-- Found ament_cmake_ros: 0.10.0 (/opt/ros/humble/share/ament_cmake_ros/cmake)\n'}
[4.291981] (unitree_api) StdoutLine: {'line': b'-- Found ament_cmake_ros: 0.10.0 (/opt/ros/humble/share/ament_cmake_ros/cmake)\n'}
[4.339683] (cyclonedds) StdoutLine: {'line': b'-- Looking for inet_pton - found\n'}
[4.343203] (cyclonedds) StdoutLine: {'line': b'-- Looking for getaddrinfo\n'}
[4.385237] (-) TimerEvent: {}
[4.442696] (unitree_go) StdoutLine: {'line': b'-- Found ament_cmake_ros: 0.10.0 (/opt/ros/humble/share/ament_cmake_ros/cmake)\n'}
[4.485365] (-) TimerEvent: {}
[4.538801] (cyclonedds) StdoutLine: {'line': b'-- Looking for getaddrinfo - found\n'}
[4.543314] (cyclonedds) StdoutLine: {'line': b'-- Looking for gethostbyname_r\n'}
[4.585500] (-) TimerEvent: {}
[4.686284] (-) TimerEvent: {}
[4.755298] (cyclonedds) StdoutLine: {'line': b'-- Looking for gethostbyname_r - found\n'}
[4.760740] (cyclonedds) StdoutLine: {'line': b'-- Check size of struct sockaddr_in6\n'}
[4.768266] (ros2_unitree_legged_msgs) StdoutLine: {'line': b'-- Using all available rosidl_typesupport_c: rosidl_typesupport_fastrtps_c;rosidl_typesupport_introspection_c\n'}
[4.786487] (-) TimerEvent: {}
[4.887238] (-) TimerEvent: {}
[4.988079] (-) TimerEvent: {}
[5.040522] (cyclonedds) StdoutLine: {'line': b'-- Check size of struct sockaddr_in6 - done\n'}
[5.043405] (cyclonedds) StdoutLine: {'line': b'-- Looking for pthread.h\n'}
[5.088225] (-) TimerEvent: {}
[5.189752] (-) TimerEvent: {}
[5.294341] (-) TimerEvent: {}
[5.321886] (cyclonedds) StdoutLine: {'line': b'-- Looking for pthread.h - found\n'}
[5.325316] (cyclonedds) StdoutLine: {'line': b'-- Performing Test CMAKE_HAVE_LIBC_PTHREAD\n'}
[5.350327] (unitree_api) StdoutLine: {'line': b'-- Using all available rosidl_typesupport_c: rosidl_typesupport_fastrtps_c;rosidl_typesupport_introspection_c\n'}
[5.394511] (-) TimerEvent: {}
[5.434913] (ros2_unitree_legged_msgs) StdoutLine: {'line': b'-- Using all available rosidl_typesupport_cpp: rosidl_typesupport_fastrtps_cpp;rosidl_typesupport_introspection_cpp\n'}
[5.482264] (ros2_unitree_legged_msgs) StdoutLine: {'line': b'-- Found PythonInterp: /usr/bin/python3 (found suitable version "3.10.12", minimum required is "3.6") \n'}
[5.485216] (ros2_unitree_legged_msgs) StdoutLine: {'line': b'-- Found python_cmake_module: 0.10.0 (/opt/ros/humble/share/python_cmake_module/cmake)\n'}
[5.494627] (-) TimerEvent: {}
[5.558987] (ros2_unitree_legged_msgs) StdoutLine: {'line': b'-- Found PythonLibs: /usr/lib/aarch64-linux-gnu/libpython3.10.so (found suitable version "3.10.12", minimum required is "3.5") \n'}
[5.563230] (ros2_unitree_legged_msgs) StdoutLine: {'line': b'-- Using PYTHON_EXECUTABLE: /usr/bin/python3\n'}
[5.564971] (ros2_unitree_legged_msgs) StdoutLine: {'line': b'-- Using PYTHON_INCLUDE_DIRS: /usr/include/python3.10\n'}
[5.566468] (ros2_unitree_legged_msgs) StdoutLine: {'line': b'-- Using PYTHON_LIBRARIES: /usr/lib/aarch64-linux-gnu/libpython3.10.so\n'}
[5.566839] (unitree_go) StdoutLine: {'line': b'-- Using all available rosidl_typesupport_c: rosidl_typesupport_fastrtps_c;rosidl_typesupport_introspection_c\n'}
[5.575102] (cyclonedds) StdoutLine: {'line': b'-- Performing Test CMAKE_HAVE_LIBC_PTHREAD - Success\n'}
[5.579792] (cyclonedds) StdoutLine: {'line': b'-- Found Threads: TRUE  \n'}
[5.580643] (cyclonedds) StdoutLine: {'line': b'-- Looking for clock_gettime in c\n'}
[5.595205] (ros2_unitree_legged_msgs) StdoutLine: {'line': b'-- Found PythonExtra: .so  \n'}
[5.595465] (-) TimerEvent: {}
[5.695813] (-) TimerEvent: {}
[5.738234] (ros2_unitree_legged_msgs) StdoutLine: {'line': b'-- Configuring done\n'}
[5.752426] (unitree_api) StdoutLine: {'line': b'-- Using all available rosidl_typesupport_cpp: rosidl_typesupport_fastrtps_cpp;rosidl_typesupport_introspection_cpp\n'}
[5.794538] (cyclonedds) StdoutLine: {'line': b'-- Looking for clock_gettime in c - found\n'}
[5.795912] (-) TimerEvent: {}
[5.858314] (ros2_unitree_legged_msgs) StdoutLine: {'line': b'-- Generating done\n'}
[5.876607] (unitree_api) StdoutLine: {'line': b'-- Found PythonInterp: /usr/bin/python3 (found suitable version "3.10.12", minimum required is "3.6") \n'}
[5.880257] (unitree_api) StdoutLine: {'line': b'-- Found python_cmake_module: 0.10.0 (/opt/ros/humble/share/python_cmake_module/cmake)\n'}
[5.880787] (ros2_unitree_legged_msgs) StdoutLine: {'line': b'-- Build files have been written to: /ws/build/ros2_unitree_legged_msgs\n'}
[5.895902] (ros2_unitree_legged_msgs) CommandEnded: {'returncode': 0}
[5.902145] (-) TimerEvent: {}
[5.902623] (ros2_unitree_legged_msgs) JobProgress: {'identifier': 'ros2_unitree_legged_msgs', 'progress': 'build'}
[5.902701] (ros2_unitree_legged_msgs) Command: {'cmd': ['/usr/bin/cmake', '--build', '/ws/build/ros2_unitree_legged_msgs', '--', '-j4', '-l4'], 'cwd': '/ws/build/ros2_unitree_legged_msgs', 'env': OrderedDict([('HOSTNAME', 'pi'), ('SHLVL', '1'), ('LD_LIBRARY_PATH', '/opt/ros/humble/lib/aarch64-linux-gnu:/opt/ros/humble/lib'), ('HOME', '/root'), ('OLDPWD', '/ws/src'), ('ROS_PYTHON_VERSION', '3'), ('ROS_DISTRO', 'humble'), ('_', '/usr/bin/colcon'), ('ROS_VERSION', '2'), ('TERM', 'xterm'), ('ROS_LOCALHOST_ONLY', '0'), ('PATH', '/opt/ros/humble/bin:/usr/local/sbin:/usr/local/bin:/usr/sbin:/usr/bin:/sbin:/bin'), ('LANG', 'C.UTF-8'), ('LS_COLORS', 'rs=0:di=01;34:ln=01;36:mh=00:pi=40;33:so=01;35:do=01;35:bd=40;33;01:cd=40;33;01:or=40;31;01:mi=00:su=37;41:sg=30;43:ca=30;41:tw=30;42:ow=34;42:st=37;44:ex=01;32:*.tar=01;31:*.tgz=01;31:*.arc=01;31:*.arj=01;31:*.taz=01;31:*.lha=01;31:*.lz4=01;31:*.lzh=01;31:*.lzma=01;31:*.tlz=01;31:*.txz=01;31:*.tzo=01;31:*.t7z=01;31:*.zip=01;31:*.z=01;31:*.dz=01;31:*.gz=01;31:*.lrz=01;31:*.lz=01;31:*.lzo=01;31:*.xz=01;31:*.zst=01;31:*.tzst=01;31:*.bz2=01;31:*.bz=01;31:*.tbz=01;31:*.tbz2=01;31:*.tz=01;31:*.deb=01;31:*.rpm=01;31:*.jar=01;31:*.war=01;31:*.ear=01;31:*.sar=01;31:*.rar=01;31:*.alz=01;31:*.ace=01;31:*.zoo=01;31:*.cpio=01;31:*.7z=01;31:*.rz=01;31:*.cab=01;31:*.wim=01;31:*.swm=01;31:*.dwm=01;31:*.esd=01;31:*.jpg=01;35:*.jpeg=01;35:*.mjpg=01;35:*.mjpeg=01;35:*.gif=01;35:*.bmp=01;35:*.pbm=01;35:*.pgm=01;35:*.ppm=01;35:*.tga=01;35:*.xbm=01;35:*.xpm=01;35:*.tif=01;35:*.tiff=01;35:*.png=01;35:*.svg=01;35:*.svgz=01;35:*.mng=01;35:*.pcx=01;35:*.mov=01;35:*.mpg=01;35:*.mpeg=01;35:*.m2v=01;35:*.mkv=01;35:*.webm=01;35:*.webp=01;35:*.ogm=01;35:*.mp4=01;35:*.m4v=01;35:*.mp4v=01;35:*.vob=01;35:*.qt=01;35:*.nuv=01;35:*.wmv=01;35:*.asf=01;35:*.rm=01;35:*.rmvb=01;35:*.flc=01;35:*.avi=01;35:*.fli=01;35:*.flv=01;35:*.gl=01;35:*.dl=01;35:*.xcf=01;35:*.xwd=01;35:*.yuv=01;35:*.cgm=01;35:*.emf=01;35:*.ogv=01;35:*.ogx=01;35:*.aac=00;36:*.au=00;36:*.flac=00;36:*.m4a=00;36:*.mid=00;36:*.midi=00;36:*.mka=00;36:*.mp3=00;36:*.mpc=00;36:*.ogg=00;36:*.ra=00;36:*.wav=00;36:*.oga=00;36:*.opus=00;36:*.spx=00;36:*.xspf=00;36:'), ('AMENT_PREFIX_PATH', '/opt/ros/humble'), ('DEBIAN_FRONTEND', 'noninteractive'), ('PWD', '/ws/build/ros2_unitree_legged_msgs'), ('LC_ALL', 'C.UTF-8'), ('PYTHONPATH', '/opt/ros/humble/lib/python3.10/site-packages:/opt/ros/humble/local/lib/python3.10/dist-packages'), ('COLCON', '1'), ('CMAKE_PREFIX_PATH', '/opt/ros/humble')]), 'shell': False}
[5.927062] (unitree_go) StdoutLine: {'line': b'-- Using all available rosidl_typesupport_cpp: rosidl_typesupport_fastrtps_cpp;rosidl_typesupport_introspection_cpp\n'}
[5.936311] (unitree_api) StdoutLine: {'line': b'-- Found PythonLibs: /usr/lib/aarch64-linux-gnu/libpython3.10.so (found suitable version "3.10.12", minimum required is "3.5") \n'}
[5.936744] (unitree_api) StdoutLine: {'line': b'-- Using PYTHON_EXECUTABLE: /usr/bin/python3\n'}
[5.936853] (unitree_api) StdoutLine: {'line': b'-- Using PYTHON_INCLUDE_DIRS: /usr/include/python3.10\n'}
[5.936941] (unitree_api) StdoutLine: {'line': b'-- Using PYTHON_LIBRARIES: /usr/lib/aarch64-linux-gnu/libpython3.10.so\n'}
[5.966965] (unitree_go) StdoutLine: {'line': b'-- Found PythonInterp: /usr/bin/python3 (found suitable version "3.10.12", minimum required is "3.6") \n'}
[5.970169] (unitree_go) StdoutLine: {'line': b'-- Found python_cmake_module: 0.10.0 (/opt/ros/humble/share/python_cmake_module/cmake)\n'}
[5.974597] (unitree_api) StdoutLine: {'line': b'-- Found PythonExtra: .so  \n'}
[6.003621] (-) TimerEvent: {}
[6.027440] (unitree_go) StdoutLine: {'line': b'-- Found PythonLibs: /usr/lib/aarch64-linux-gnu/libpython3.10.so (found suitable version "3.10.12", minimum required is "3.5") \n'}
[6.029069] (unitree_go) StdoutLine: {'line': b'-- Using PYTHON_EXECUTABLE: /usr/bin/python3\n'}
[6.034264] (unitree_go) StdoutLine: {'line': b'-- Using PYTHON_INCLUDE_DIRS: /usr/include/python3.10\n'}
[6.035369] (unitree_go) StdoutLine: {'line': b'-- Using PYTHON_LIBRARIES: /usr/lib/aarch64-linux-gnu/libpython3.10.so\n'}
[6.039151] (ros2_unitree_legged_msgs) StdoutLine: {'line': b'[  1%] \x1b[34m\x1b[1mGenerating C code for ROS interfaces\x1b[0m\n'}
[6.071646] (unitree_go) StdoutLine: {'line': b'-- Found PythonExtra: .so  \n'}
[6.074290] (ros2_unitree_legged_msgs) StdoutLine: {'line': b'[  1%] Built target ament_cmake_python_copy_ros2_unitree_legged_msgs\n'}
[6.076173] (ros2_unitree_legged_msgs) StdoutLine: {'line': b'[  1%] \x1b[34m\x1b[1mGenerating C++ code for ROS interfaces\x1b[0m\n'}
[6.103797] (-) TimerEvent: {}
[6.204701] (-) TimerEvent: {}
[6.305183] (-) TimerEvent: {}
[6.455728] (-) TimerEvent: {}
[6.642695] (-) TimerEvent: {}
[6.725474] (unitree_api) StdoutLine: {'line': b'-- Found ament_lint_auto: 0.12.14 (/opt/ros/humble/share/ament_lint_auto/cmake)\n'}
[6.725817] (unitree_go) StdoutLine: {'line': b'-- Found ament_lint_auto: 0.12.14 (/opt/ros/humble/share/ament_lint_auto/cmake)\n'}
[6.742809] (-) TimerEvent: {}
[6.843287] (-) TimerEvent: {}
[6.909857] (cyclonedds) StdoutLine: {'line': b'-- Configuring done\n'}
[6.943413] (-) TimerEvent: {}
[7.008662] (cyclonedds) StdoutLine: {'line': b'-- Generating done\n'}
[7.022358] (ros2_unitree_legged_msgs) StdoutLine: {'line': b'running egg_info\n'}
[7.022678] (ros2_unitree_legged_msgs) StdoutLine: {'line': b'creating ros2_unitree_legged_msgs.egg-info\n'}
[7.022799] (ros2_unitree_legged_msgs) StdoutLine: {'line': b'writing ros2_unitree_legged_msgs.egg-info/PKG-INFO\n'}
[7.024678] (ros2_unitree_legged_msgs) StdoutLine: {'line': b'writing dependency_links to ros2_unitree_legged_msgs.egg-info/dependency_links.txt\n'}
[7.025003] (ros2_unitree_legged_msgs) StdoutLine: {'line': b'writing top-level names to ros2_unitree_legged_msgs.egg-info/top_level.txt\n'}
[7.025154] (ros2_unitree_legged_msgs) StdoutLine: {'line': b"writing manifest file 'ros2_unitree_legged_msgs.egg-info/SOURCES.txt'\n"}
[7.033377] (ros2_unitree_legged_msgs) StdoutLine: {'line': b"reading manifest file 'ros2_unitree_legged_msgs.egg-info/SOURCES.txt'\n"}
[7.033935] (ros2_unitree_legged_msgs) StdoutLine: {'line': b"writing manifest file 'ros2_unitree_legged_msgs.egg-info/SOURCES.txt'\n"}
[7.034145] (cyclonedds) StdoutLine: {'line': b'-- Build files have been written to: /ws/build/cyclonedds\n'}
[7.045960] (-) TimerEvent: {}
[7.068201] (cyclonedds) CommandEnded: {'returncode': 0}
[7.069614] (cyclonedds) JobProgress: {'identifier': 'cyclonedds', 'progress': 'build'}
[7.069785] (cyclonedds) Command: {'cmd': ['/usr/bin/cmake', '--build', '/ws/build/cyclonedds', '--', '-j4', '-l4'], 'cwd': '/ws/build/cyclonedds', 'env': OrderedDict([('HOSTNAME', 'pi'), ('SHLVL', '1'), ('LD_LIBRARY_PATH', '/opt/ros/humble/lib/aarch64-linux-gnu:/opt/ros/humble/lib'), ('HOME', '/root'), ('OLDPWD', '/ws/src'), ('ROS_PYTHON_VERSION', '3'), ('ROS_DISTRO', 'humble'), ('_', '/usr/bin/colcon'), ('ROS_VERSION', '2'), ('TERM', 'xterm'), ('ROS_LOCALHOST_ONLY', '0'), ('PATH', '/opt/ros/humble/bin:/usr/local/sbin:/usr/local/bin:/usr/sbin:/usr/bin:/sbin:/bin'), ('LANG', 'C.UTF-8'), ('LS_COLORS', 'rs=0:di=01;34:ln=01;36:mh=00:pi=40;33:so=01;35:do=01;35:bd=40;33;01:cd=40;33;01:or=40;31;01:mi=00:su=37;41:sg=30;43:ca=30;41:tw=30;42:ow=34;42:st=37;44:ex=01;32:*.tar=01;31:*.tgz=01;31:*.arc=01;31:*.arj=01;31:*.taz=01;31:*.lha=01;31:*.lz4=01;31:*.lzh=01;31:*.lzma=01;31:*.tlz=01;31:*.txz=01;31:*.tzo=01;31:*.t7z=01;31:*.zip=01;31:*.z=01;31:*.dz=01;31:*.gz=01;31:*.lrz=01;31:*.lz=01;31:*.lzo=01;31:*.xz=01;31:*.zst=01;31:*.tzst=01;31:*.bz2=01;31:*.bz=01;31:*.tbz=01;31:*.tbz2=01;31:*.tz=01;31:*.deb=01;31:*.rpm=01;31:*.jar=01;31:*.war=01;31:*.ear=01;31:*.sar=01;31:*.rar=01;31:*.alz=01;31:*.ace=01;31:*.zoo=01;31:*.cpio=01;31:*.7z=01;31:*.rz=01;31:*.cab=01;31:*.wim=01;31:*.swm=01;31:*.dwm=01;31:*.esd=01;31:*.jpg=01;35:*.jpeg=01;35:*.mjpg=01;35:*.mjpeg=01;35:*.gif=01;35:*.bmp=01;35:*.pbm=01;35:*.pgm=01;35:*.ppm=01;35:*.tga=01;35:*.xbm=01;35:*.xpm=01;35:*.tif=01;35:*.tiff=01;35:*.png=01;35:*.svg=01;35:*.svgz=01;35:*.mng=01;35:*.pcx=01;35:*.mov=01;35:*.mpg=01;35:*.mpeg=01;35:*.m2v=01;35:*.mkv=01;35:*.webm=01;35:*.webp=01;35:*.ogm=01;35:*.mp4=01;35:*.m4v=01;35:*.mp4v=01;35:*.vob=01;35:*.qt=01;35:*.nuv=01;35:*.wmv=01;35:*.asf=01;35:*.rm=01;35:*.rmvb=01;35:*.flc=01;35:*.avi=01;35:*.fli=01;35:*.flv=01;35:*.gl=01;35:*.dl=01;35:*.xcf=01;35:*.xwd=01;35:*.yuv=01;35:*.cgm=01;35:*.emf=01;35:*.ogv=01;35:*.ogx=01;35:*.aac=00;36:*.au=00;36:*.flac=00;36:*.m4a=00;36:*.mid=00;36:*.midi=00;36:*.mka=00;36:*.mp3=00;36:*.mpc=00;36:*.ogg=00;36:*.ra=00;36:*.wav=00;36:*.oga=00;36:*.opus=00;36:*.spx=00;36:*.xspf=00;36:'), ('AMENT_PREFIX_PATH', '/opt/ros/humble'), ('DEBIAN_FRONTEND', 'noninteractive'), ('PWD', '/ws/build/cyclonedds'), ('LC_ALL', 'C.UTF-8'), ('PYTHONPATH', '/opt/ros/humble/lib/python3.10/site-packages:/opt/ros/humble/local/lib/python3.10/dist-packages'), ('COLCON', '1'), ('CMAKE_PREFIX_PATH', '/opt/ros/humble')]), 'shell': False}
[7.138447] (unitree_api) StdoutLine: {'line': b"-- Added test 'copyright' to check source files copyright and LICENSE\n"}
[7.138822] (unitree_go) StdoutLine: {'line': b"-- Added test 'copyright' to check source files copyright and LICENSE\n"}
[7.148525] (-) TimerEvent: {}
[7.160056] (unitree_api) StdoutLine: {'line': b"-- Added test 'lint_cmake' to check CMake code style\n"}
[7.161527] (unitree_go) StdoutLine: {'line': b"-- Added test 'lint_cmake' to check CMake code style\n"}
[7.170960] (ros2_unitree_legged_msgs) StdoutLine: {'line': b'[  1%] Built target ament_cmake_python_build_ros2_unitree_legged_msgs_egg\n'}
[7.177244] (unitree_api) StdoutLine: {'line': b"-- Added test 'xmllint' to check XML markup files\n"}
[7.178884] (unitree_go) StdoutLine: {'line': b"-- Added test 'xmllint' to check XML markup files\n"}
[7.213246] (unitree_go) StdoutLine: {'line': b'-- Configuring done\n'}
[7.218550] (cyclonedds) StdoutLine: {'line': b'[  0%] \x1b[34m\x1b[1mGenerating src/md5.c\x1b[0m\n'}
[7.219560] (unitree_api) StdoutLine: {'line': b'-- Configuring done\n'}
[7.249667] (-) TimerEvent: {}
[7.257395] (cyclonedds) StdoutLine: {'line': b'[  1%] \x1b[32mBuilding C object src/ddsrt/CMakeFiles/ddsrt-internal.dir/src/atomics.c.o\x1b[0m\n'}
[7.265274] (cyclonedds) StdoutLine: {'line': b'[  2%] \x1b[32mBuilding C object src/tools/idlpp/CMakeFiles/idlpp.dir/src/directive.c.o\x1b[0m\n'}
[7.265636] (cyclonedds) StdoutLine: {'line': b'[  2%] Built target _confgen\n'}
[7.295733] (cyclonedds) StdoutLine: {'line': b'[  3%] \x1b[34m\x1b[1mGenerating include/idl/attributes.h\x1b[0m\n'}
[7.340632] (cyclonedds) StdoutLine: {'line': b'[  3%] \x1b[34m\x1b[1mGenerating include/idl/endian.h\x1b[0m\n'}
[7.349789] (-) TimerEvent: {}
[7.395804] (cyclonedds) StdoutLine: {'line': b'[  3%] \x1b[32mBuilding C object src/core/CMakeFiles/ddsc.dir/ddsi/src/ddsi_eth.c.o\x1b[0m\n'}
[7.426037] (cyclonedds) StdoutLine: {'line': b'[  4%] \x1b[34m\x1b[1mGenerating include/idl/md5.h\x1b[0m\n'}
[7.450914] (-) TimerEvent: {}
[7.521920] (cyclonedds) StdoutLine: {'line': b'[  4%] \x1b[34m\x1b[1mGenerating include/idl/misc.h\x1b[0m\n'}
[7.551039] (-) TimerEvent: {}
[7.583607] (unitree_api) StdoutLine: {'line': b'-- Generating done\n'}
[7.618672] (cyclonedds) StdoutLine: {'line': b'[  5%] \x1b[32mBuilding C object src/core/CMakeFiles/ddsc.dir/ddsi/src/ddsi_ssl.c.o\x1b[0m\n'}
[7.652251] (-) TimerEvent: {}
[7.697884] (cyclonedds) StdoutLine: {'line': b'[  5%] \x1b[32mBuilding C object src/idl/CMakeFiles/idl.dir/src/symbol.c.o\x1b[0m\n'}
[7.704295] (unitree_api) StdoutLine: {'line': b'-- Build files have been written to: /ws/build/unitree_api\n'}
[7.755259] (-) TimerEvent: {}
[7.810291] (unitree_api) CommandEnded: {'returncode': 0}
[7.810886] (unitree_api) JobProgress: {'identifier': 'unitree_api', 'progress': 'build'}
[7.810937] (unitree_api) Command: {'cmd': ['/usr/bin/cmake', '--build', '/ws/build/unitree_api', '--', '-j4', '-l4'], 'cwd': '/ws/build/unitree_api', 'env': OrderedDict([('HOSTNAME', 'pi'), ('SHLVL', '1'), ('LD_LIBRARY_PATH', '/opt/ros/humble/lib/aarch64-linux-gnu:/opt/ros/humble/lib'), ('HOME', '/root'), ('OLDPWD', '/ws/src'), ('ROS_PYTHON_VERSION', '3'), ('ROS_DISTRO', 'humble'), ('_', '/usr/bin/colcon'), ('ROS_VERSION', '2'), ('TERM', 'xterm'), ('ROS_LOCALHOST_ONLY', '0'), ('PATH', '/opt/ros/humble/bin:/usr/local/sbin:/usr/local/bin:/usr/sbin:/usr/bin:/sbin:/bin'), ('LANG', 'C.UTF-8'), ('LS_COLORS', 'rs=0:di=01;34:ln=01;36:mh=00:pi=40;33:so=01;35:do=01;35:bd=40;33;01:cd=40;33;01:or=40;31;01:mi=00:su=37;41:sg=30;43:ca=30;41:tw=30;42:ow=34;42:st=37;44:ex=01;32:*.tar=01;31:*.tgz=01;31:*.arc=01;31:*.arj=01;31:*.taz=01;31:*.lha=01;31:*.lz4=01;31:*.lzh=01;31:*.lzma=01;31:*.tlz=01;31:*.txz=01;31:*.tzo=01;31:*.t7z=01;31:*.zip=01;31:*.z=01;31:*.dz=01;31:*.gz=01;31:*.lrz=01;31:*.lz=01;31:*.lzo=01;31:*.xz=01;31:*.zst=01;31:*.tzst=01;31:*.bz2=01;31:*.bz=01;31:*.tbz=01;31:*.tbz2=01;31:*.tz=01;31:*.deb=01;31:*.rpm=01;31:*.jar=01;31:*.war=01;31:*.ear=01;31:*.sar=01;31:*.rar=01;31:*.alz=01;31:*.ace=01;31:*.zoo=01;31:*.cpio=01;31:*.7z=01;31:*.rz=01;31:*.cab=01;31:*.wim=01;31:*.swm=01;31:*.dwm=01;31:*.esd=01;31:*.jpg=01;35:*.jpeg=01;35:*.mjpg=01;35:*.mjpeg=01;35:*.gif=01;35:*.bmp=01;35:*.pbm=01;35:*.pgm=01;35:*.ppm=01;35:*.tga=01;35:*.xbm=01;35:*.xpm=01;35:*.tif=01;35:*.tiff=01;35:*.png=01;35:*.svg=01;35:*.svgz=01;35:*.mng=01;35:*.pcx=01;35:*.mov=01;35:*.mpg=01;35:*.mpeg=01;35:*.m2v=01;35:*.mkv=01;35:*.webm=01;35:*.webp=01;35:*.ogm=01;35:*.mp4=01;35:*.m4v=01;35:*.mp4v=01;35:*.vob=01;35:*.qt=01;35:*.nuv=01;35:*.wmv=01;35:*.asf=01;35:*.rm=01;35:*.rmvb=01;35:*.flc=01;35:*.avi=01;35:*.fli=01;35:*.flv=01;35:*.gl=01;35:*.dl=01;35:*.xcf=01;35:*.xwd=01;35:*.yuv=01;35:*.cgm=01;35:*.emf=01;35:*.ogv=01;35:*.ogx=01;35:*.aac=00;36:*.au=00;36:*.flac=00;36:*.m4a=00;36:*.mid=00;36:*.midi=00;36:*.mka=00;36:*.mp3=00;36:*.mpc=00;36:*.ogg=00;36:*.ra=00;36:*.wav=00;36:*.oga=00;36:*.opus=00;36:*.spx=00;36:*.xspf=00;36:'), ('AMENT_PREFIX_PATH', '/opt/ros/humble'), ('DEBIAN_FRONTEND', 'noninteractive'), ('PWD', '/ws/build/unitree_api'), ('LC_ALL', 'C.UTF-8'), ('PYTHONPATH', '/opt/ros/humble/lib/python3.10/site-packages:/opt/ros/humble/local/lib/python3.10/dist-packages'), ('COLCON', '1'), ('CMAKE_PREFIX_PATH', '/opt/ros/humble')]), 'shell': False}
[7.821253] (unitree_go) StdoutLine: {'line': b'-- Generating done\n'}
[7.855395] (-) TimerEvent: {}
[7.891185] (unitree_go) StdoutLine: {'line': b'-- Build files have been written to: /ws/build/unitree_go\n'}
[7.955587] (-) TimerEvent: {}
[7.972708] (cyclonedds) StdoutLine: {'line': b'[  5%] \x1b[32mBuilding C object src/ddsrt/CMakeFiles/ddsrt-internal.dir/src/avl.c.o\x1b[0m\n'}
[7.988271] (unitree_go) CommandEnded: {'returncode': 0}
[7.989083] (unitree_go) JobProgress: {'identifier': 'unitree_go', 'progress': 'build'}
[7.989120] (unitree_go) Command: {'cmd': ['/usr/bin/cmake', '--build', '/ws/build/unitree_go', '--', '-j4', '-l4'], 'cwd': '/ws/build/unitree_go', 'env': OrderedDict([('HOSTNAME', 'pi'), ('SHLVL', '1'), ('LD_LIBRARY_PATH', '/opt/ros/humble/lib/aarch64-linux-gnu:/opt/ros/humble/lib'), ('HOME', '/root'), ('OLDPWD', '/ws/src'), ('ROS_PYTHON_VERSION', '3'), ('ROS_DISTRO', 'humble'), ('_', '/usr/bin/colcon'), ('ROS_VERSION', '2'), ('TERM', 'xterm'), ('ROS_LOCALHOST_ONLY', '0'), ('PATH', '/opt/ros/humble/bin:/usr/local/sbin:/usr/local/bin:/usr/sbin:/usr/bin:/sbin:/bin'), ('LANG', 'C.UTF-8'), ('LS_COLORS', 'rs=0:di=01;34:ln=01;36:mh=00:pi=40;33:so=01;35:do=01;35:bd=40;33;01:cd=40;33;01:or=40;31;01:mi=00:su=37;41:sg=30;43:ca=30;41:tw=30;42:ow=34;42:st=37;44:ex=01;32:*.tar=01;31:*.tgz=01;31:*.arc=01;31:*.arj=01;31:*.taz=01;31:*.lha=01;31:*.lz4=01;31:*.lzh=01;31:*.lzma=01;31:*.tlz=01;31:*.txz=01;31:*.tzo=01;31:*.t7z=01;31:*.zip=01;31:*.z=01;31:*.dz=01;31:*.gz=01;31:*.lrz=01;31:*.lz=01;31:*.lzo=01;31:*.xz=01;31:*.zst=01;31:*.tzst=01;31:*.bz2=01;31:*.bz=01;31:*.tbz=01;31:*.tbz2=01;31:*.tz=01;31:*.deb=01;31:*.rpm=01;31:*.jar=01;31:*.war=01;31:*.ear=01;31:*.sar=01;31:*.rar=01;31:*.alz=01;31:*.ace=01;31:*.zoo=01;31:*.cpio=01;31:*.7z=01;31:*.rz=01;31:*.cab=01;31:*.wim=01;31:*.swm=01;31:*.dwm=01;31:*.esd=01;31:*.jpg=01;35:*.jpeg=01;35:*.mjpg=01;35:*.mjpeg=01;35:*.gif=01;35:*.bmp=01;35:*.pbm=01;35:*.pgm=01;35:*.ppm=01;35:*.tga=01;35:*.xbm=01;35:*.xpm=01;35:*.tif=01;35:*.tiff=01;35:*.png=01;35:*.svg=01;35:*.svgz=01;35:*.mng=01;35:*.pcx=01;35:*.mov=01;35:*.mpg=01;35:*.mpeg=01;35:*.m2v=01;35:*.mkv=01;35:*.webm=01;35:*.webp=01;35:*.ogm=01;35:*.mp4=01;35:*.m4v=01;35:*.mp4v=01;35:*.vob=01;35:*.qt=01;35:*.nuv=01;35:*.wmv=01;35:*.asf=01;35:*.rm=01;35:*.rmvb=01;35:*.flc=01;35:*.avi=01;35:*.fli=01;35:*.flv=01;35:*.gl=01;35:*.dl=01;35:*.xcf=01;35:*.xwd=01;35:*.yuv=01;35:*.cgm=01;35:*.emf=01;35:*.ogv=01;35:*.ogx=01;35:*.aac=00;36:*.au=00;36:*.flac=00;36:*.m4a=00;36:*.mid=00;36:*.midi=00;36:*.mka=00;36:*.mp3=00;36:*.mpc=00;36:*.ogg=00;36:*.ra=00;36:*.wav=00;36:*.oga=00;36:*.opus=00;36:*.spx=00;36:*.xspf=00;36:'), ('AMENT_PREFIX_PATH', '/opt/ros/humble'), ('DEBIAN_FRONTEND', 'noninteractive'), ('PWD', '/ws/build/unitree_go'), ('LC_ALL', 'C.UTF-8'), ('PYTHONPATH', '/opt/ros/humble/lib/python3.10/site-packages:/opt/ros/humble/local/lib/python3.10/dist-packages'), ('COLCON', '1'), ('CMAKE_PREFIX_PATH', '/opt/ros/humble')]), 'shell': False}
[8.058290] (-) TimerEvent: {}
[8.059070] (unitree_api) StdoutLine: {'line': b'[  1%] \x1b[34m\x1b[1mGenerating C code for ROS interfaces\x1b[0m\n'}
[8.138231] (unitree_api) StdoutLine: {'line': b'[  2%] \x1b[34m\x1b[1mGenerating C++ code for ROS interfaces\x1b[0m\n'}
[8.159452] (-) TimerEvent: {}
[8.190064] (unitree_api) StdoutLine: {'line': b'[  3%] \x1b[34m\x1b[1mGenerating DDS interfaces\x1b[0m\n'}
[8.210240] (unitree_api) StdoutLine: {'line': b'[  3%] Built target ament_cmake_python_copy_unitree_api\n'}
[8.262244] (-) TimerEvent: {}
[8.362634] (cyclonedds) StdoutLine: {'line': b'[  6%] \x1b[32mBuilding C object src/idl/CMakeFiles/idl.dir/src/directive.c.o\x1b[0m\n'}
[8.363052] (-) TimerEvent: {}
[8.465259] (-) TimerEvent: {}
[8.503305] (unitree_go) StdoutLine: {'line': b'[  0%] \x1b[34m\x1b[1mGenerating C code for ROS interfaces\x1b[0m\n'}
[8.570473] (-) TimerEvent: {}
[8.609332] (unitree_go) StdoutLine: {'line': b'[  0%] \x1b[34m\x1b[1mGenerating DDS interfaces\x1b[0m\n'}
[8.615938] (unitree_go) StdoutLine: {'line': b'[  0%] \x1b[34m\x1b[1mGenerating C++ code for ROS interfaces\x1b[0m\n'}
[8.673231] (-) TimerEvent: {}
[8.731279] (unitree_go) StdoutLine: {'line': b'[  0%] Built target ament_cmake_python_copy_unitree_go\n'}
[8.776301] (-) TimerEvent: {}
[8.877206] (-) TimerEvent: {}
[8.976315] (cyclonedds) StdoutLine: {'line': b'[  6%] \x1b[32mBuilding C object src/core/CMakeFiles/ddsc.dir/ddsi/src/ddsi_tcp.c.o\x1b[0m\n'}
[8.977350] (-) TimerEvent: {}
[9.080229] (-) TimerEvent: {}
[9.182250] (-) TimerEvent: {}
[9.282982] (-) TimerEvent: {}
[9.389880] (-) TimerEvent: {}
[9.501212] (-) TimerEvent: {}
[9.602095] (-) TimerEvent: {}
[9.634867] (cyclonedds) StdoutLine: {'line': b'[  6%] \x1b[32mBuilding C object src/idl/CMakeFiles/idl.dir/src/expression.c.o\x1b[0m\n'}
[9.705247] (-) TimerEvent: {}
[9.806111] (-) TimerEvent: {}
[9.910206] (-) TimerEvent: {}
[10.011111] (-) TimerEvent: {}
[10.111850] (-) TimerEvent: {}
[10.212816] (-) TimerEvent: {}
[10.301238] (unitree_api) StdoutLine: {'line': b'running egg_info\n'}
[10.311886] (unitree_api) StdoutLine: {'line': b'creating unitree_api.egg-info\n'}
[10.313000] (-) TimerEvent: {}
[10.313421] (unitree_api) StdoutLine: {'line': b'writing unitree_api.egg-info/PKG-INFO\n'}
[10.329272] (unitree_api) StdoutLine: {'line': b'writing dependency_links to unitree_api.egg-info/dependency_links.txt\n'}
[10.329633] (unitree_api) StdoutLine: {'line': b'writing top-level names to unitree_api.egg-info/top_level.txt\n'}
[10.329729] (unitree_api) StdoutLine: {'line': b"writing manifest file 'unitree_api.egg-info/SOURCES.txt'\n"}
[10.343785] (unitree_api) StdoutLine: {'line': b"reading manifest file 'unitree_api.egg-info/SOURCES.txt'\n"}
[10.356228] (unitree_api) StdoutLine: {'line': b"writing manifest file 'unitree_api.egg-info/SOURCES.txt'\n"}
[10.413180] (-) TimerEvent: {}
[10.516231] (-) TimerEvent: {}
[10.616753] (-) TimerEvent: {}
[10.720292] (-) TimerEvent: {}
[10.738839] (unitree_go) StdoutLine: {'line': b'running egg_info\n'}
[10.752655] (unitree_go) StdoutLine: {'line': b'creating unitree_go.egg-info\n'}
[10.762280] (unitree_go) StdoutLine: {'line': b'writing unitree_go.egg-info/PKG-INFO\n'}
[10.768042] (unitree_go) StdoutLine: {'line': b'writing dependency_links to unitree_go.egg-info/dependency_links.txt\n'}
[10.772040] (unitree_go) StdoutLine: {'line': b'writing top-level names to unitree_go.egg-info/top_level.txt\n'}
[10.773111] (unitree_go) StdoutLine: {'line': b"writing manifest file 'unitree_go.egg-info/SOURCES.txt'\n"}
[10.802496] (unitree_go) StdoutLine: {'line': b"reading manifest file 'unitree_go.egg-info/SOURCES.txt'\n"}
[10.816100] (unitree_go) StdoutLine: {'line': b"writing manifest file 'unitree_go.egg-info/SOURCES.txt'\n"}
[10.820465] (-) TimerEvent: {}
[10.826808] (unitree_api) StdoutLine: {'line': b'[  3%] Built target ament_cmake_python_build_unitree_api_egg\n'}
[10.886279] (cyclonedds) StdoutLine: {'line': b'[  6%] \x1b[32mBuilding C object src/tools/idlpp/CMakeFiles/idlpp.dir/src/eval.c.o\x1b[0m\n'}
[10.926321] (-) TimerEvent: {}
[11.029269] (-) TimerEvent: {}
[11.055283] (unitree_go) StdoutLine: {'line': b'[  0%] Built target ament_cmake_python_build_unitree_go_egg\n'}
[11.133242] (-) TimerEvent: {}
[11.236244] (-) TimerEvent: {}
[11.336891] (-) TimerEvent: {}
[11.438249] (-) TimerEvent: {}
[11.503216] (cyclonedds) StdoutLine: {'line': b'[  7%] \x1b[32mBuilding C object src/ddsrt/CMakeFiles/ddsrt-internal.dir/src/bswap.c.o\x1b[0m\n'}
[11.538378] (-) TimerEvent: {}
[11.566018] (cyclonedds) StdoutLine: {'line': b'[  7%] \x1b[32mBuilding C object src/idl/CMakeFiles/idl.dir/src/file.c.o\x1b[0m\n'}
[11.638522] (-) TimerEvent: {}
[11.744284] (cyclonedds) StdoutLine: {'line': b'[  7%] \x1b[32mBuilding C object src/ddsrt/CMakeFiles/ddsrt-internal.dir/src/io.c.o\x1b[0m\n'}
[11.744704] (-) TimerEvent: {}
[11.758846] (unitree_api) StdoutLine: {'line': b'[  3%] Built target unitree_api__dds_connext_idl\n'}
[11.850245] (-) TimerEvent: {}
[11.953223] (-) TimerEvent: {}
[12.054030] (-) TimerEvent: {}
[12.129627] (cyclonedds) StdoutLine: {'line': b'[  7%] \x1b[32mBuilding C object src/ddsrt/CMakeFiles/ddsrt-internal.dir/src/log.c.o\x1b[0m\n'}
[12.161341] (-) TimerEvent: {}
[12.216376] (unitree_api) StdoutLine: {'line': b'[  4%] \x1b[32mBuilding C object CMakeFiles/unitree_api__rosidl_generator_c.dir/rosidl_generator_c/unitree_api/msg/detail/request__functions.c.o\x1b[0m\n'}
[12.228062] (unitree_api) StdoutLine: {'line': b'[  5%] \x1b[32mBuilding C object CMakeFiles/unitree_api__rosidl_generator_c.dir/rosidl_generator_c/unitree_api/msg/detail/request_header__functions.c.o\x1b[0m\n'}
[12.263306] (-) TimerEvent: {}
[12.282385] (unitree_api) StdoutLine: {'line': b'[  6%] \x1b[32mBuilding C object CMakeFiles/unitree_api__rosidl_generator_c.dir/rosidl_generator_c/unitree_api/msg/detail/request_identity__functions.c.o\x1b[0m\n'}
[12.367304] (-) TimerEvent: {}
[12.474251] (-) TimerEvent: {}
[12.545281] (unitree_api) StdoutLine: {'line': b'[  7%] \x1b[32mBuilding C object CMakeFiles/unitree_api__rosidl_generator_c.dir/rosidl_generator_c/unitree_api/msg/detail/request_lease__functions.c.o\x1b[0m\n'}
[12.574398] (-) TimerEvent: {}
[12.672226] (unitree_api) StdoutLine: {'line': b'[  9%] \x1b[32mBuilding C object CMakeFiles/unitree_api__rosidl_generator_c.dir/rosidl_generator_c/unitree_api/msg/detail/request_policy__functions.c.o\x1b[0m\n'}
[12.674507] (-) TimerEvent: {}
[12.735469] (unitree_api) StdoutLine: {'line': b'[ 10%] \x1b[32mBuilding C object CMakeFiles/unitree_api__rosidl_generator_c.dir/rosidl_generator_c/unitree_api/msg/detail/response__functions.c.o\x1b[0m\n'}
[12.774645] (-) TimerEvent: {}
[12.862244] (cyclonedds) StdoutLine: {'line': b'[  7%] \x1b[32mBuilding C object src/core/CMakeFiles/ddsc.dir/ddsi/src/ddsi_tran.c.o\x1b[0m\n'}
[12.878280] (-) TimerEvent: {}
[12.932912] (unitree_api) StdoutLine: {'line': b'[ 11%] \x1b[32mBuilding C object CMakeFiles/unitree_api__rosidl_generator_c.dir/rosidl_generator_c/unitree_api/msg/detail/response_header__functions.c.o\x1b[0m\n'}
[12.978420] (-) TimerEvent: {}
[13.012041] (cyclonedds) StdoutLine: {'line': b'[  8%] \x1b[32mBuilding C object src/ddsrt/CMakeFiles/ddsrt-internal.dir/src/retcode.c.o\x1b[0m\n'}
[13.041990] (unitree_api) StdoutLine: {'line': b'[ 12%] \x1b[32mBuilding C object CMakeFiles/unitree_api__rosidl_generator_c.dir/rosidl_generator_c/unitree_api/msg/detail/response_status__functions.c.o\x1b[0m\n'}
[13.078557] (-) TimerEvent: {}
[13.179689] (-) TimerEvent: {}
[13.208020] (cyclonedds) StdoutLine: {'line': b'[  9%] \x1b[32mBuilding C object src/idl/CMakeFiles/idl.dir/src/processor.c.o\x1b[0m\n'}
[13.249152] (cyclonedds) StdoutLine: {'line': b'[  9%] \x1b[32mBuilding C object src/ddsrt/CMakeFiles/ddsrt-internal.dir/src/strtod.c.o\x1b[0m\n'}
[13.282287] (-) TimerEvent: {}
[13.383282] (-) TimerEvent: {}
[13.486919] (-) TimerEvent: {}
[13.576356] (unitree_api) StdoutLine: {'line': b'[ 13%] \x1b[32m\x1b[1mLinking C shared library libunitree_api__rosidl_generator_c.so\x1b[0m\n'}
[13.580894] (unitree_api) StdoutLine: {'line': b'[ 13%] Built target unitree_api__cpp\n'}
[13.591213] (-) TimerEvent: {}
[13.670175] (unitree_api) StdoutLine: {'line': b'[ 14%] \x1b[34m\x1b[1mGenerating C++ type support for eProsima Fast-RTPS\x1b[0m\n'}
[13.673030] (unitree_api) StdoutLine: {'line': b'[ 15%] \x1b[34m\x1b[1mGenerating C++ introspection for ROS interfaces\x1b[0m\n'}
[13.682408] (unitree_api) StdoutLine: {'line': b'[ 17%] \x1b[34m\x1b[1mGenerating C++ type support dispatch for ROS interfaces\x1b[0m\n'}
[13.693226] (-) TimerEvent: {}
[13.796539] (-) TimerEvent: {}
[13.897434] (-) TimerEvent: {}
[13.999284] (-) TimerEvent: {}
[14.072386] (cyclonedds) StdoutLine: {'line': b'[ 10%] \x1b[32mBuilding C object src/ddsrt/CMakeFiles/ddsrt-internal.dir/src/strtol.c.o\x1b[0m\n'}
[14.102217] (cyclonedds) StdoutLine: {'line': b'[ 10%] \x1b[32mBuilding C object src/idl/CMakeFiles/idl.dir/src/scanner.c.o\x1b[0m\n'}
[14.103288] (-) TimerEvent: {}
[14.203912] (-) TimerEvent: {}
[14.304661] (-) TimerEvent: {}
[14.444917] (cyclonedds) StdoutLine: {'line': b'[ 11%] \x1b[32mBuilding C object src/core/CMakeFiles/ddsc.dir/ddsi/src/ddsi_udp.c.o\x1b[0m\n'}
[14.445302] (-) TimerEvent: {}
[14.448584] (cyclonedds) StdoutLine: {'line': b'[ 12%] \x1b[32mBuilding C object src/tools/idlpp/CMakeFiles/idlpp.dir/src/expand.c.o\x1b[0m\n'}
[14.545455] (-) TimerEvent: {}
[14.649758] (-) TimerEvent: {}
[14.758225] (-) TimerEvent: {}
[14.863695] (-) TimerEvent: {}
[14.967741] (-) TimerEvent: {}
[15.498236] (cyclonedds) StdoutLine: {'line': b'[ 12%] \x1b[32mBuilding C object src/ddsrt/CMakeFiles/ddsrt-internal.dir/src/mh3.c.o\x1b[0m\n'}
[15.498548] (-) TimerEvent: {}
[15.600381] (-) TimerEvent: {}
[15.652236] (cyclonedds) StdoutLine: {'line': b'[ 12%] \x1b[32mBuilding C object src/ddsrt/CMakeFiles/ddsrt-internal.dir/src/environ.c.o\x1b[0m\n'}
[15.732196] (-) TimerEvent: {}
[15.803246] (cyclonedds) StdoutLine: {'line': b'[ 13%] \x1b[32mBuilding C object src/idl/CMakeFiles/idl.dir/src/string.c.o\x1b[0m\n'}
[15.835253] (-) TimerEvent: {}
[15.938246] (-) TimerEvent: {}
[16.041259] (-) TimerEvent: {}
[16.088244] (cyclonedds) StdoutLine: {'line': b'[ 14%] \x1b[32mBuilding C object src/ddsrt/CMakeFiles/ddsrt-internal.dir/src/expand_vars.c.o\x1b[0m\n'}
[16.141393] (-) TimerEvent: {}
[16.244912] (-) TimerEvent: {}
[16.259986] (unitree_api) StdoutLine: {'line': b'[ 17%] Built target unitree_api__rosidl_generator_c\n'}
[16.350345] (unitree_api) StdoutLine: {'line': b'[ 18%] \x1b[34m\x1b[1mGenerating C type support for eProsima Fast-RTPS\x1b[0m\n'}
[16.351306] (-) TimerEvent: {}
[16.453269] (-) TimerEvent: {}
[16.470345] (ros2_unitree_legged_msgs) StdoutLine: {'line': b'[  2%] \x1b[32mBuilding C object CMakeFiles/ros2_unitree_legged_msgs__rosidl_generator_c.dir/rosidl_generator_c/ros2_unitree_legged_msgs/msg/detail/motor_cmd__functions.c.o\x1b[0m\n'}
[16.555917] (-) TimerEvent: {}
[16.656856] (-) TimerEvent: {}
[16.757956] (-) TimerEvent: {}
[16.787080] (ros2_unitree_legged_msgs) StdoutLine: {'line': b'[  3%] \x1b[32mBuilding C object CMakeFiles/ros2_unitree_legged_msgs__rosidl_generator_c.dir/rosidl_generator_c/ros2_unitree_legged_msgs/msg/detail/motor_state__functions.c.o\x1b[0m\n'}
[16.861217] (-) TimerEvent: {}
[16.961975] (-) TimerEvent: {}
[16.973230] (ros2_unitree_legged_msgs) StdoutLine: {'line': b'[  4%] \x1b[32mBuilding C object CMakeFiles/ros2_unitree_legged_msgs__rosidl_generator_c.dir/rosidl_generator_c/ros2_unitree_legged_msgs/msg/detail/bms_cmd__functions.c.o\x1b[0m\n'}
[17.068235] (-) TimerEvent: {}
[17.091205] (cyclonedds) StdoutLine: {'line': b'[ 14%] \x1b[32mBuilding C object src/idl/CMakeFiles/idl.dir/src/annotation.c.o\x1b[0m\n'}
[17.116282] (ros2_unitree_legged_msgs) StdoutLine: {'line': b'[  5%] \x1b[32mBuilding C object CMakeFiles/ros2_unitree_legged_msgs__rosidl_generator_c.dir/rosidl_generator_c/ros2_unitree_legged_msgs/msg/detail/bms_state__functions.c.o\x1b[0m\n'}
[17.170241] (-) TimerEvent: {}
[17.201906] (ros2_unitree_legged_msgs) StdoutLine: {'line': b'[  6%] \x1b[32mBuilding C object CMakeFiles/ros2_unitree_legged_msgs__rosidl_generator_c.dir/rosidl_generator_c/ros2_unitree_legged_msgs/msg/detail/cartesian__functions.c.o\x1b[0m\n'}
[17.272207] (-) TimerEvent: {}
[17.372809] (-) TimerEvent: {}
[17.440702] (ros2_unitree_legged_msgs) StdoutLine: {'line': b'[  7%] \x1b[32mBuilding C object CMakeFiles/ros2_unitree_legged_msgs__rosidl_generator_c.dir/rosidl_generator_c/ros2_unitree_legged_msgs/msg/detail/led__functions.c.o\x1b[0m\n'}
[17.451405] (ros2_unitree_legged_msgs) StdoutLine: {'line': b'[  8%] \x1b[32mBuilding C object CMakeFiles/ros2_unitree_legged_msgs__rosidl_generator_c.dir/rosidl_generator_c/ros2_unitree_legged_msgs/msg/detail/imu__functions.c.o\x1b[0m\n'}
[17.478920] (-) TimerEvent: {}
[17.513975] (ros2_unitree_legged_msgs) StdoutLine: {'line': b'[  8%] \x1b[32mBuilding C object CMakeFiles/ros2_unitree_legged_msgs__rosidl_generator_c.dir/rosidl_generator_c/ros2_unitree_legged_msgs/msg/detail/low_cmd__functions.c.o\x1b[0m\n'}
[17.581261] (cyclonedds) StdoutLine: {'line': b'[ 14%] \x1b[32mBuilding C object src/core/CMakeFiles/ddsc.dir/ddsi/src/ddsi_raweth.c.o\x1b[0m\n'}
[17.581656] (-) TimerEvent: {}
[17.636806] (cyclonedds) StdoutLine: {'line': b'[ 14%] \x1b[32mBuilding C object src/ddsrt/CMakeFiles/ddsrt-internal.dir/src/fibheap.c.o\x1b[0m\n'}
[17.681860] (-) TimerEvent: {}
[17.785288] (-) TimerEvent: {}
[17.877385] (ros2_unitree_legged_msgs) StdoutLine: {'line': b'[  9%] \x1b[32mBuilding C object CMakeFiles/ros2_unitree_legged_msgs__rosidl_generator_c.dir/rosidl_generator_c/ros2_unitree_legged_msgs/msg/detail/low_state__functions.c.o\x1b[0m\n'}
[17.886632] (-) TimerEvent: {}
[17.944391] (ros2_unitree_legged_msgs) StdoutLine: {'line': b'[ 10%] \x1b[32mBuilding C object CMakeFiles/ros2_unitree_legged_msgs__rosidl_generator_c.dir/rosidl_generator_c/ros2_unitree_legged_msgs/msg/detail/high_cmd__functions.c.o\x1b[0m\n'}
[17.992249] (-) TimerEvent: {}
[18.061765] (ros2_unitree_legged_msgs) StdoutLine: {'line': b'[ 11%] \x1b[32mBuilding C object CMakeFiles/ros2_unitree_legged_msgs__rosidl_generator_c.dir/rosidl_generator_c/ros2_unitree_legged_msgs/msg/detail/high_state__functions.c.o\x1b[0m\n'}
[18.092387] (-) TimerEvent: {}
[18.197275] (-) TimerEvent: {}
[18.207807] (unitree_go) StdoutLine: {'line': b'[  0%] Built target unitree_go__dds_connext_idl\n'}
[18.284539] (cyclonedds) StdoutLine: {'line': b'[ 14%] \x1b[32mBuilding C object src/ddsrt/CMakeFiles/ddsrt-internal.dir/src/hopscotch.c.o\x1b[0m\n'}
[18.297528] (-) TimerEvent: {}
[18.405249] (-) TimerEvent: {}
[18.507262] (-) TimerEvent: {}
[18.612222] (-) TimerEvent: {}
[18.693332] (ros2_unitree_legged_msgs) StdoutLine: {'line': b'[ 12%] \x1b[32m\x1b[1mLinking C shared library libros2_unitree_legged_msgs__rosidl_generator_c.so\x1b[0m\n'}
[18.712330] (-) TimerEvent: {}
[18.764006] (ros2_unitree_legged_msgs) StdoutLine: {'line': b'[ 12%] Built target ros2_unitree_legged_msgs__cpp\n'}
[18.777836] (unitree_api) StdoutLine: {'line': b'[ 19%] \x1b[32mBuilding CXX object CMakeFiles/unitree_api__rosidl_typesupport_introspection_cpp.dir/rosidl_typesupport_introspection_cpp/unitree_api/msg/detail/request__type_support.cpp.o\x1b[0m\n'}
[18.813272] (-) TimerEvent: {}
[18.869251] (ros2_unitree_legged_msgs) StdoutLine: {'line': b'[ 12%] \x1b[34m\x1b[1mGenerating C++ type support for eProsima Fast-RTPS\x1b[0m\n'}
[18.884435] (ros2_unitree_legged_msgs) StdoutLine: {'line': b'[ 13%] \x1b[34m\x1b[1mGenerating C++ introspection for ROS interfaces\x1b[0m\n'}
[18.918477] (-) TimerEvent: {}
[19.019051] (-) TimerEvent: {}
[19.030351] (unitree_api) StdoutLine: {'line': b'[ 20%] \x1b[32mBuilding CXX object CMakeFiles/unitree_api__rosidl_typesupport_cpp.dir/rosidl_typesupport_cpp/unitree_api/msg/request__type_support.cpp.o\x1b[0m\n'}
[19.099205] (ros2_unitree_legged_msgs) StdoutLine: {'line': b'[ 13%] Built target ros2_unitree_legged_msgs__rosidl_generator_c\n'}
[19.121473] (-) TimerEvent: {}
[19.212204] (ros2_unitree_legged_msgs) StdoutLine: {'line': b'[ 14%] \x1b[34m\x1b[1mGenerating C++ type support dispatch for ROS interfaces\x1b[0m\n'}
[19.224693] (-) TimerEvent: {}
[19.325553] (-) TimerEvent: {}
[19.398050] (cyclonedds) StdoutLine: {'line': b'[ 14%] \x1b[32mBuilding C object src/core/CMakeFiles/ddsc.dir/ddsi/src/ddsi_vnet.c.o\x1b[0m\n'}
[19.425686] (-) TimerEvent: {}
[19.529254] (-) TimerEvent: {}
[19.622570] (cyclonedds) StdoutLine: {'line': b'[ 14%] \x1b[32mBuilding C object src/idl/CMakeFiles/idl.dir/src/scope.c.o\x1b[0m\n'}
[19.631583] (-) TimerEvent: {}
[19.732827] (-) TimerEvent: {}
[19.836269] (-) TimerEvent: {}
[19.936834] (-) TimerEvent: {}
[20.041247] (-) TimerEvent: {}
[20.143263] (-) TimerEvent: {}
[20.246301] (-) TimerEvent: {}
[20.260269] (ros2_unitree_legged_msgs) StdoutLine: {'line': b'[ 15%] \x1b[34m\x1b[1mGenerating C type support for eProsima Fast-RTPS\x1b[0m\n'}
[20.346423] (-) TimerEvent: {}
[20.449268] (-) TimerEvent: {}
[20.554299] (-) TimerEvent: {}
[20.629404] (cyclonedds) StdoutLine: {'line': b'[ 15%] \x1b[32mBuilding C object src/ddsrt/CMakeFiles/ddsrt-internal.dir/src/circlist.c.o\x1b[0m\n'}
[20.667239] (-) TimerEvent: {}
[20.767747] (-) TimerEvent: {}
[20.836226] (cyclonedds) StdoutLine: {'line': b'[ 16%] \x1b[32mBuilding C object src/idl/CMakeFiles/idl.dir/src/tree.c.o\x1b[0m\n'}
[20.861341] (cyclonedds) StdoutLine: {'line': b'[ 17%] \x1b[32mBuilding C object src/core/CMakeFiles/ddsc.dir/ddsi/src/ddsi_ipaddr.c.o\x1b[0m\n'}
[20.870874] (-) TimerEvent: {}
[20.932347] (unitree_api) StdoutLine: {'line': b'[ 21%] \x1b[32mBuilding CXX object CMakeFiles/unitree_api__rosidl_typesupport_fastrtps_cpp.dir/rosidl_typesupport_fastrtps_cpp/unitree_api/msg/detail/dds_fastrtps/request__type_support.cpp.o\x1b[0m\n'}
[20.952165] (cyclonedds) StdoutLine: {'line': b'[ 17%] \x1b[32mBuilding C object src/ddsrt/CMakeFiles/ddsrt-internal.dir/src/threads.c.o\x1b[0m\n'}
[20.975670] (-) TimerEvent: {}
[21.078245] (-) TimerEvent: {}
[21.178910] (-) TimerEvent: {}
[21.284349] (cyclonedds) StdoutLine: {'line': b'[ 18%] \x1b[32mBuilding C object src/ddsrt/CMakeFiles/ddsrt-internal.dir/src/string.c.o\x1b[0m\n'}
[21.284658] (-) TimerEvent: {}
[21.387241] (-) TimerEvent: {}
[21.487826] (-) TimerEvent: {}
[21.588348] (-) TimerEvent: {}
[21.600329] (unitree_api) StdoutLine: {'line': b'[ 22%] \x1b[32mBuilding CXX object CMakeFiles/unitree_api__rosidl_typesupport_fastrtps_c.dir/rosidl_typesupport_fastrtps_c/unitree_api/msg/detail/request__type_support_c.cpp.o\x1b[0m\n'}
[21.690271] (-) TimerEvent: {}
[21.790866] (-) TimerEvent: {}
[21.860311] (cyclonedds) StdoutLine: {'line': b'[ 18%] \x1b[32mBuilding C object src/tools/idlpp/CMakeFiles/idlpp.dir/src/main.c.o\x1b[0m\n'}
[21.892327] (-) TimerEvent: {}
[21.996267] (-) TimerEvent: {}
[22.096969] (-) TimerEvent: {}
[22.197716] (-) TimerEvent: {}
[22.301273] (-) TimerEvent: {}
[22.324161] (unitree_api) StdoutLine: {'line': b'[ 23%] \x1b[32mBuilding CXX object CMakeFiles/unitree_api__rosidl_typesupport_cpp.dir/rosidl_typesupport_cpp/unitree_api/msg/request_header__type_support.cpp.o\x1b[0m\n'}
[22.344330] (cyclonedds) StdoutLine: {'line': b'[ 18%] \x1b[32mBuilding C object src/core/CMakeFiles/ddsc.dir/ddsi/src/ddsi_mcgroup.c.o\x1b[0m\n'}
[22.359373] (cyclonedds) StdoutLine: {'line': b'[ 18%] \x1b[32mBuilding C object src/ddsrt/CMakeFiles/ddsrt-internal.dir/src/sockets.c.o\x1b[0m\n'}
[22.401416] (-) TimerEvent: {}
[22.508238] (-) TimerEvent: {}
[22.609462] (-) TimerEvent: {}
[22.721262] (-) TimerEvent: {}
[22.822356] (-) TimerEvent: {}
[22.923114] (-) TimerEvent: {}
[22.950260] (unitree_api) StdoutLine: {'line': b'[ 25%] \x1b[32mBuilding CXX object CMakeFiles/unitree_api__rosidl_typesupport_introspection_cpp.dir/rosidl_typesupport_introspection_cpp/unitree_api/msg/detail/request_header__type_support.cpp.o\x1b[0m\n'}
[23.026262] (-) TimerEvent: {}
[23.130255] (-) TimerEvent: {}
[23.238253] (-) TimerEvent: {}
[23.339051] (-) TimerEvent: {}
[23.417672] (cyclonedds) StdoutLine: {'line': b'[ 18%] \x1b[32mBuilding C object src/ddsrt/CMakeFiles/ddsrt-internal.dir/src/md5.c.o\x1b[0m\n'}
[23.441251] (-) TimerEvent: {}
[23.547266] (-) TimerEvent: {}
[23.648110] (-) TimerEvent: {}
[23.751255] (-) TimerEvent: {}
[23.852268] (-) TimerEvent: {}
[23.862881] (cyclonedds) StdoutLine: {'line': b'[ 18%] \x1b[32mBuilding C object src/tools/idlpp/CMakeFiles/idlpp.dir/src/mbchar.c.o\x1b[0m\n'}
[23.959290] (-) TimerEvent: {}
[24.059940] (-) TimerEvent: {}
[24.166263] (-) TimerEvent: {}
[24.266873] (-) TimerEvent: {}
[24.324311] (cyclonedds) StdoutLine: {'line': b'[ 19%] \x1b[32mBuilding C object src/ddsrt/CMakeFiles/ddsrt-internal.dir/src/xmlparser.c.o\x1b[0m\n'}
[24.369401] (-) TimerEvent: {}
[24.381555] (cyclonedds) StdoutLine: {'line': b'[ 20%] \x1b[32mBuilding C object src/core/CMakeFiles/ddsc.dir/ddsi/src/ddsi_security_util.c.o\x1b[0m\n'}
[24.472263] (-) TimerEvent: {}
[24.575272] (-) TimerEvent: {}
[24.681313] (-) TimerEvent: {}
[24.782287] (-) TimerEvent: {}
[24.883058] (-) TimerEvent: {}
[24.988256] (-) TimerEvent: {}
[25.098242] (-) TimerEvent: {}
[25.199024] (-) TimerEvent: {}
[25.305898] (-) TimerEvent: {}
[25.387370] (unitree_api) StdoutLine: {'line': b'[ 26%] \x1b[32mBuilding CXX object CMakeFiles/unitree_api__rosidl_typesupport_fastrtps_cpp.dir/rosidl_typesupport_fastrtps_cpp/unitree_api/msg/detail/dds_fastrtps/request_header__type_support.cpp.o\x1b[0m\n'}
[25.408272] (-) TimerEvent: {}
[25.514276] (-) TimerEvent: {}
[25.545180] (unitree_api) StdoutLine: {'line': b'[ 27%] \x1b[32mBuilding CXX object CMakeFiles/unitree_api__rosidl_typesupport_cpp.dir/rosidl_typesupport_cpp/unitree_api/msg/request_identity__type_support.cpp.o\x1b[0m\n'}
[25.618259] (-) TimerEvent: {}
[25.648166] (cyclonedds) StdoutLine: {'line': b'[ 21%] \x1b[32mBuilding C object src/tools/idlpp/CMakeFiles/idlpp.dir/src/support.c.o\x1b[0m\n'}
[25.720230] (-) TimerEvent: {}
[25.767354] (unitree_api) StdoutLine: {'line': b'[ 28%] \x1b[32mBuilding CXX object CMakeFiles/unitree_api__rosidl_typesupport_fastrtps_c.dir/rosidl_typesupport_fastrtps_c/unitree_api/msg/detail/request_header__type_support_c.cpp.o\x1b[0m\n'}
[25.820373] (-) TimerEvent: {}
[25.929230] (-) TimerEvent: {}
[26.029956] (-) TimerEvent: {}
[26.133257] (-) TimerEvent: {}
[26.234047] (-) TimerEvent: {}
[26.334809] (-) TimerEvent: {}
[26.437280] (-) TimerEvent: {}
[26.540246] (-) TimerEvent: {}
[26.659246] (-) TimerEvent: {}
[26.759845] (-) TimerEvent: {}
[26.863260] (-) TimerEvent: {}
[26.967561] (-) TimerEvent: {}
[27.068889] (-) TimerEvent: {}
[27.103420] (cyclonedds) StdoutLine: {'line': b'[ 21%] \x1b[32mBuilding C object src/ddsrt/CMakeFiles/ddsrt-internal.dir/src/ifaddrs.c.o\x1b[0m\n'}
[27.170265] (-) TimerEvent: {}
[27.272302] (-) TimerEvent: {}
[27.358460] (unitree_go) StdoutLine: {'line': b'[  0%] Built target unitree_go__cpp\n'}
[27.380298] (-) TimerEvent: {}
[27.467260] (cyclonedds) StdoutLine: {'line': b'[ 21%] \x1b[32mBuilding C object src/core/CMakeFiles/ddsc.dir/ddsi/src/ddsi_security_omg.c.o\x1b[0m\n'}
[27.472444] (cyclonedds) StdoutLine: {'line': b'[ 22%] \x1b[32mBuilding C object src/ddsrt/CMakeFiles/ddsrt-internal.dir/src/cdtors.c.o\x1b[0m\n'}
[27.481750] (-) TimerEvent: {}
[27.518247] (unitree_api) StdoutLine: {'line': b'[ 29%] \x1b[32mBuilding CXX object CMakeFiles/unitree_api__rosidl_typesupport_introspection_cpp.dir/rosidl_typesupport_introspection_cpp/unitree_api/msg/detail/request_identity__type_support.cpp.o\x1b[0m\n'}
[27.586290] (-) TimerEvent: {}
[27.688548] (-) TimerEvent: {}
[27.795524] (-) TimerEvent: {}
[27.828566] (cyclonedds) StdoutLine: {'line': b'[ 22%] \x1b[32mBuilding C object src/ddsrt/CMakeFiles/ddsrt-internal.dir/src/random.c.o\x1b[0m\n'}
[27.856058] (ros2_unitree_legged_msgs) StdoutLine: {'line': b'[ 16%] \x1b[32mBuilding CXX object CMakeFiles/ros2_unitree_legged_msgs__rosidl_typesupport_cpp.dir/rosidl_typesupport_cpp/ros2_unitree_legged_msgs/msg/motor_cmd__type_support.cpp.o\x1b[0m\n'}
[27.900264] (-) TimerEvent: {}
[27.964583] (unitree_api) StdoutLine: {'line': b'[ 30%] \x1b[32mBuilding CXX object CMakeFiles/unitree_api__rosidl_typesupport_cpp.dir/rosidl_typesupport_cpp/unitree_api/msg/request_lease__type_support.cpp.o\x1b[0m\n'}
[27.971387] (cyclonedds) StdoutLine: {'line': b'[ 22%] \x1b[32mBuilding C object src/idl/CMakeFiles/idl.dir/src/visit.c.o\x1b[0m\n'}
[28.000384] (-) TimerEvent: {}
[28.106284] (-) TimerEvent: {}
[28.207105] (-) TimerEvent: {}
[28.312251] (-) TimerEvent: {}
[28.401478] (unitree_api) StdoutLine: {'line': b'[ 31%] \x1b[32mBuilding CXX object CMakeFiles/unitree_api__rosidl_typesupport_fastrtps_c.dir/rosidl_typesupport_fastrtps_c/unitree_api/msg/detail/request_identity__type_support_c.cpp.o\x1b[0m\n'}
[28.412407] (-) TimerEvent: {}
[28.520267] (-) TimerEvent: {}
[28.621154] (-) TimerEvent: {}
[28.649394] (cyclonedds) StdoutLine: {'line': b'[ 22%] \x1b[32mBuilding C object src/idl/CMakeFiles/idl.dir/src/print.c.o\x1b[0m\n'}
[28.664697] (cyclonedds) StdoutLine: {'line': b'[ 22%] \x1b[32mBuilding C object src/ddsrt/CMakeFiles/ddsrt-internal.dir/src/time.c.o\x1b[0m\n'}
[28.729254] (-) TimerEvent: {}
[28.830751] (-) TimerEvent: {}
[28.932156] (-) TimerEvent: {}
[29.038269] (-) TimerEvent: {}
[29.140829] (-) TimerEvent: {}
[29.160993] (cyclonedds) StdoutLine: {'line': b'[ 23%] \x1b[32mBuilding C object src/ddsrt/CMakeFiles/ddsrt-internal.dir/src/ifaddrs/posix/ifaddrs.c.o\x1b[0m\n'}
[29.252033] (-) TimerEvent: {}
[29.301598] (cyclonedds) StdoutLine: {'line': b'[ 24%] \x1b[32mBuilding C object src/idl/CMakeFiles/idl.dir/src/keylist.c.o\x1b[0m\n'}
[29.356805] (-) TimerEvent: {}
[29.460245] (-) TimerEvent: {}
[29.533349] (ros2_unitree_legged_msgs) StdoutLine: {'line': b'[ 17%] \x1b[32mBuilding CXX object CMakeFiles/ros2_unitree_legged_msgs__rosidl_typesupport_introspection_cpp.dir/rosidl_typesupport_introspection_cpp/ros2_unitree_legged_msgs/msg/detail/motor_cmd__type_support.cpp.o\x1b[0m\n'}
[29.564269] (-) TimerEvent: {}
[29.665205] (-) TimerEvent: {}
[29.766119] (-) TimerEvent: {}
[29.871724] (-) TimerEvent: {}
[29.959924] (cyclonedds) StdoutLine: {'line': b'[ 24%] \x1b[32mBuilding C object src/ddsrt/CMakeFiles/ddsrt-internal.dir/src/sockets/posix/socket.c.o\x1b[0m\n'}
[29.974539] (-) TimerEvent: {}
[30.077502] (-) TimerEvent: {}
[30.100367] (unitree_api) StdoutLine: {'line': b'[ 32%] \x1b[32mBuilding CXX object CMakeFiles/unitree_api__rosidl_typesupport_fastrtps_cpp.dir/rosidl_typesupport_fastrtps_cpp/unitree_api/msg/detail/dds_fastrtps/request_identity__type_support.cpp.o\x1b[0m\n'}
[30.125692] (unitree_go) StdoutLine: {'line': b'[  1%] \x1b[32mBuilding C object CMakeFiles/unitree_go__rosidl_generator_c.dir/rosidl_generator_c/unitree_go/msg/detail/audio_data__functions.c.o\x1b[0m\n'}
[30.179446] (-) TimerEvent: {}
[30.206339] (cyclonedds) StdoutLine: {'line': b'[ 24%] \x1b[32mBuilding C object src/idl/CMakeFiles/idl.dir/src/hashid.c.o\x1b[0m\n'}
[30.279589] (-) TimerEvent: {}
[30.380553] (-) TimerEvent: {}
[30.465507] (ros2_unitree_legged_msgs) StdoutLine: {'line': b'[ 18%] \x1b[32mBuilding CXX object CMakeFiles/ros2_unitree_legged_msgs__rosidl_typesupport_fastrtps_cpp.dir/rosidl_typesupport_fastrtps_cpp/ros2_unitree_legged_msgs/msg/detail/dds_fastrtps/motor_cmd__type_support.cpp.o\x1b[0m\n'}
[30.485305] (-) TimerEvent: {}
[30.554414] (cyclonedds) StdoutLine: {'line': b'[ 25%] \x1b[32mBuilding C object src/idl/CMakeFiles/idl.dir/src/parser.c.o\x1b[0m\n'}
[30.555707] (ros2_unitree_legged_msgs) StdoutLine: {'line': b'[ 19%] \x1b[32mBuilding CXX object CMakeFiles/ros2_unitree_legged_msgs__rosidl_typesupport_cpp.dir/rosidl_typesupport_cpp/ros2_unitree_legged_msgs/msg/motor_state__type_support.cpp.o\x1b[0m\n'}
[30.584286] (unitree_go) StdoutLine: {'line': b'[  1%] \x1b[32mBuilding C object CMakeFiles/unitree_go__rosidl_generator_c.dir/rosidl_generator_c/unitree_go/msg/detail/bms_cmd__functions.c.o\x1b[0m\n'}
[30.588302] (-) TimerEvent: {}
[30.695248] (-) TimerEvent: {}
[30.753957] (unitree_api) StdoutLine: {'line': b'[ 34%] \x1b[32mBuilding CXX object CMakeFiles/unitree_api__rosidl_typesupport_cpp.dir/rosidl_typesupport_cpp/unitree_api/msg/request_policy__type_support.cpp.o\x1b[0m\n'}
[30.795417] (-) TimerEvent: {}
[30.896317] (-) TimerEvent: {}
[31.002406] (unitree_go) StdoutLine: {'line': b'[  2%] \x1b[32mBuilding C object CMakeFiles/unitree_go__rosidl_generator_c.dir/rosidl_generator_c/unitree_go/msg/detail/bms_state__functions.c.o\x1b[0m\n'}
[31.003924] (-) TimerEvent: {}
[31.096269] (cyclonedds) StdoutLine: {'line': b'[ 25%] \x1b[32mBuilding C object src/ddsrt/CMakeFiles/ddsrt-internal.dir/src/sockets/posix/gethostname.c.o\x1b[0m\n'}
[31.104113] (-) TimerEvent: {}
[31.206286] (-) TimerEvent: {}
[31.252386] (unitree_api) StdoutLine: {'line': b'[ 35%] \x1b[32mBuilding CXX object CMakeFiles/unitree_api__rosidl_typesupport_introspection_cpp.dir/rosidl_typesupport_introspection_cpp/unitree_api/msg/detail/request_lease__type_support.cpp.o\x1b[0m\n'}
[31.314908] (-) TimerEvent: {}
[31.417309] (-) TimerEvent: {}
[31.503613] (unitree_go) StdoutLine: {'line': b'[  2%] \x1b[32mBuilding C object CMakeFiles/unitree_go__rosidl_generator_c.dir/rosidl_generator_c/unitree_go/msg/detail/error__functions.c.o\x1b[0m\n'}
[31.506996] (cyclonedds) StdoutLine: {'line': b'[ 26%] \x1b[32mBuilding C object src/ddsrt/CMakeFiles/ddsrt-internal.dir/src/heap/posix/heap.c.o\x1b[0m\n'}
[31.518281] (-) TimerEvent: {}
[31.623370] (-) TimerEvent: {}
[31.724664] (-) TimerEvent: {}
[31.829342] (-) TimerEvent: {}
[31.933319] (-) TimerEvent: {}
[31.940391] (cyclonedds) StdoutLine: {'line': b'[ 26%] \x1b[32mBuilding C object src/ddsrt/CMakeFiles/ddsrt-internal.dir/src/dynlib/posix/dynlib.c.o\x1b[0m\n'}
[31.947069] (unitree_go) StdoutLine: {'line': b'[  3%] \x1b[32mBuilding C object CMakeFiles/unitree_go__rosidl_generator_c.dir/rosidl_generator_c/unitree_go/msg/detail/go2_front_video_data__functions.c.o\x1b[0m\n'}
[32.036093] (-) TimerEvent: {}
[32.115970] (unitree_api) StdoutLine: {'line': b'[ 36%] \x1b[32mBuilding CXX object CMakeFiles/unitree_api__rosidl_typesupport_fastrtps_c.dir/rosidl_typesupport_fastrtps_c/unitree_api/msg/detail/request_lease__type_support_c.cpp.o\x1b[0m\n'}
[32.138625] (-) TimerEvent: {}
[32.283272] (ros2_unitree_legged_msgs) StdoutLine: {'line': b'[ 20%] \x1b[32mBuilding CXX object CMakeFiles/ros2_unitree_legged_msgs__rosidl_typesupport_fastrtps_c.dir/rosidl_typesupport_fastrtps_c/ros2_unitree_legged_msgs/msg/detail/motor_cmd__type_support_c.cpp.o\x1b[0m\n'}
[32.284672] (-) TimerEvent: {}
[32.307160] (unitree_go) StdoutLine: {'line': b'[  3%] \x1b[32mBuilding C object CMakeFiles/unitree_go__rosidl_generator_c.dir/rosidl_generator_c/unitree_go/msg/detail/height_map__functions.c.o\x1b[0m\n'}
[32.384875] (-) TimerEvent: {}
[32.431607] (cyclonedds) StdoutLine: {'line': b'[ 27%] \x1b[32mBuilding C object src/ddsrt/CMakeFiles/ddsrt-internal.dir/src/environ/posix/environ.c.o\x1b[0m\n'}
[32.485036] (-) TimerEvent: {}
[32.591121] (-) TimerEvent: {}
[32.630728] (cyclonedds) StdoutLine: {'line': b'[ 27%] \x1b[32mBuilding C object src/ddsrt/CMakeFiles/ddsrt-internal.dir/src/filesystem/posix/filesystem.c.o\x1b[0m\n'}
[32.695323] (-) TimerEvent: {}
[32.745003] (unitree_go) StdoutLine: {'line': b'[  4%] \x1b[32mBuilding C object CMakeFiles/unitree_go__rosidl_generator_c.dir/rosidl_generator_c/unitree_go/msg/detail/imu_state__functions.c.o\x1b[0m\n'}
[32.795473] (-) TimerEvent: {}
[32.896522] (-) TimerEvent: {}
[32.919262] (cyclonedds) StdoutLine: {'line': b'[ 27%] \x1b[32mBuilding C object src/ddsrt/CMakeFiles/ddsrt-internal.dir/src/process/posix/process.c.o\x1b[0m\n'}
[32.998290] (-) TimerEvent: {}
[33.104242] (-) TimerEvent: {}
[33.139619] (unitree_api) StdoutLine: {'line': b'[ 37%] \x1b[32mBuilding CXX object CMakeFiles/unitree_api__rosidl_typesupport_cpp.dir/rosidl_typesupport_cpp/unitree_api/msg/response__type_support.cpp.o\x1b[0m\n'}
[33.204408] (-) TimerEvent: {}
[33.304679] (unitree_go) StdoutLine: {'line': b'[  4%] \x1b[32mBuilding C object CMakeFiles/unitree_go__rosidl_generator_c.dir/rosidl_generator_c/unitree_go/msg/detail/interface_config__functions.c.o\x1b[0m\n'}
[33.305117] (-) TimerEvent: {}
[33.408745] (-) TimerEvent: {}
[33.488786] (cyclonedds) StdoutLine: {'line': b'[ 28%] \x1b[32mBuilding C object src/ddsrt/CMakeFiles/ddsrt-internal.dir/src/random/posix/random.c.o\x1b[0m\n'}
[33.513265] (-) TimerEvent: {}
[33.535257] (ros2_unitree_legged_msgs) StdoutLine: {'line': b'[ 21%] \x1b[32mBuilding CXX object CMakeFiles/ros2_unitree_legged_msgs__rosidl_typesupport_cpp.dir/rosidl_typesupport_cpp/ros2_unitree_legged_msgs/msg/bms_cmd__type_support.cpp.o\x1b[0m\n'}
[33.611587] (cyclonedds) StdoutLine: {'line': b'[ 28%] \x1b[32mBuilding C object src/tools/idlpp/CMakeFiles/idlpp.dir/src/system.c.o\x1b[0m\n'}
[33.613387] (-) TimerEvent: {}
[33.661241] (unitree_go) StdoutLine: {'line': b'[  5%] \x1b[32mBuilding C object CMakeFiles/unitree_go__rosidl_generator_c.dir/rosidl_generator_c/unitree_go/msg/detail/lidar_state__functions.c.o\x1b[0m\n'}
[33.713529] (-) TimerEvent: {}
[33.728666] (unitree_api) StdoutLine: {'line': b'[ 38%] \x1b[32mBuilding CXX object CMakeFiles/unitree_api__rosidl_typesupport_fastrtps_cpp.dir/rosidl_typesupport_fastrtps_cpp/unitree_api/msg/detail/dds_fastrtps/request_lease__type_support.cpp.o\x1b[0m\n'}
[33.813687] (-) TimerEvent: {}
[33.922391] (-) TimerEvent: {}
[33.967249] (unitree_go) StdoutLine: {'line': b'[  5%] \x1b[32mBuilding C object CMakeFiles/unitree_go__rosidl_generator_c.dir/rosidl_generator_c/unitree_go/msg/detail/low_cmd__functions.c.o\x1b[0m\n'}
[33.986170] (ros2_unitree_legged_msgs) StdoutLine: {'line': b'[ 21%] \x1b[32mBuilding CXX object CMakeFiles/ros2_unitree_legged_msgs__rosidl_typesupport_introspection_cpp.dir/rosidl_typesupport_introspection_cpp/ros2_unitree_legged_msgs/msg/detail/motor_state__type_support.cpp.o\x1b[0m\n'}
[34.011722] (cyclonedds) StdoutLine: {'line': b'[ 28%] \x1b[32mBuilding C object src/ddsrt/CMakeFiles/ddsrt-internal.dir/src/sync/posix/sync.c.o\x1b[0m\n'}
[34.022602] (-) TimerEvent: {}
[34.128300] (-) TimerEvent: {}
[34.229169] (-) TimerEvent: {}
[34.336268] (-) TimerEvent: {}
[34.437268] (-) TimerEvent: {}
[34.543285] (-) TimerEvent: {}
[34.556583] (unitree_go) StdoutLine: {'line': b'[  5%] \x1b[32mBuilding C object CMakeFiles/unitree_go__rosidl_generator_c.dir/rosidl_generator_c/unitree_go/msg/detail/low_state__functions.c.o\x1b[0m\n'}
[34.623284] (ros2_unitree_legged_msgs) StdoutLine: {'line': b'[ 22%] \x1b[32mBuilding CXX object CMakeFiles/ros2_unitree_legged_msgs__rosidl_typesupport_fastrtps_cpp.dir/rosidl_typesupport_fastrtps_cpp/ros2_unitree_legged_msgs/msg/detail/dds_fastrtps/motor_state__type_support.cpp.o\x1b[0m\n'}
[34.643425] (-) TimerEvent: {}
[34.736323] (cyclonedds) StdoutLine: {'line': b'[ 28%] \x1b[32mBuilding C object src/ddsrt/CMakeFiles/ddsrt-internal.dir/src/threads/posix/threads.c.o\x1b[0m\n'}
[34.748270] (-) TimerEvent: {}
[34.852265] (-) TimerEvent: {}
[34.882020] (unitree_api) StdoutLine: {'line': b'[ 39%] \x1b[32mBuilding CXX object CMakeFiles/unitree_api__rosidl_typesupport_fastrtps_c.dir/rosidl_typesupport_fastrtps_c/unitree_api/msg/detail/request_policy__type_support_c.cpp.o\x1b[0m\n'}
[34.900775] (unitree_go) StdoutLine: {'line': b'[  6%] \x1b[32mBuilding C object CMakeFiles/unitree_go__rosidl_generator_c.dir/rosidl_generator_c/unitree_go/msg/detail/motor_cmd__functions.c.o\x1b[0m\n'}
[34.953299] (-) TimerEvent: {}
[35.055285] (-) TimerEvent: {}
[35.158264] (-) TimerEvent: {}
[35.167175] (unitree_go) StdoutLine: {'line': b'[  6%] \x1b[32mBuilding C object CMakeFiles/unitree_go__rosidl_generator_c.dir/rosidl_generator_c/unitree_go/msg/detail/motor_cmds__functions.c.o\x1b[0m\n'}
[35.195939] (unitree_api) StdoutLine: {'line': b'[ 40%] \x1b[32mBuilding CXX object CMakeFiles/unitree_api__rosidl_typesupport_introspection_cpp.dir/rosidl_typesupport_introspection_cpp/unitree_api/msg/detail/request_policy__type_support.cpp.o\x1b[0m\n'}
[35.258445] (-) TimerEvent: {}
[35.363310] (-) TimerEvent: {}
[35.464339] (-) TimerEvent: {}
[35.554336] (cyclonedds) StdoutLine: {'line': b'[ 29%] \x1b[32mBuilding C object src/ddsrt/CMakeFiles/ddsrt-internal.dir/src/netstat/linux/netstat.c.o\x1b[0m\n'}
[35.566767] (-) TimerEvent: {}
[35.572820] (unitree_go) StdoutLine: {'line': b'[  7%] \x1b[32mBuilding C object CMakeFiles/unitree_go__rosidl_generator_c.dir/rosidl_generator_c/unitree_go/msg/detail/motor_state__functions.c.o\x1b[0m\n'}
[35.671256] (-) TimerEvent: {}
[35.685171] (unitree_api) StdoutLine: {'line': b'[ 42%] \x1b[32mBuilding CXX object CMakeFiles/unitree_api__rosidl_typesupport_cpp.dir/rosidl_typesupport_cpp/unitree_api/msg/response_header__type_support.cpp.o\x1b[0m\n'}
[35.720326] (ros2_unitree_legged_msgs) StdoutLine: {'line': b'[ 23%] \x1b[32mBuilding CXX object CMakeFiles/ros2_unitree_legged_msgs__rosidl_typesupport_fastrtps_c.dir/rosidl_typesupport_fastrtps_c/ros2_unitree_legged_msgs/msg/detail/motor_state__type_support_c.cpp.o\x1b[0m\n'}
[35.775279] (-) TimerEvent: {}
[35.876586] (-) TimerEvent: {}
[35.945649] (unitree_go) StdoutLine: {'line': b'[  7%] \x1b[32mBuilding C object CMakeFiles/unitree_go__rosidl_generator_c.dir/rosidl_generator_c/unitree_go/msg/detail/motor_states__functions.c.o\x1b[0m\n'}
[35.961148] (ros2_unitree_legged_msgs) StdoutLine: {'line': b'[ 24%] \x1b[32mBuilding CXX object CMakeFiles/ros2_unitree_legged_msgs__rosidl_typesupport_cpp.dir/rosidl_typesupport_cpp/ros2_unitree_legged_msgs/msg/bms_state__type_support.cpp.o\x1b[0m\n'}
[35.979236] (-) TimerEvent: {}
[36.094262] (-) TimerEvent: {}
[36.200259] (-) TimerEvent: {}
[36.254263] (cyclonedds) StdoutLine: {'line': b'[ 29%] \x1b[32mBuilding C object src/ddsrt/CMakeFiles/ddsrt-internal.dir/src/time/posix/time.c.o\x1b[0m\n'}
[36.300471] (-) TimerEvent: {}
[36.402773] (-) TimerEvent: {}
[36.434293] (unitree_go) StdoutLine: {'line': b'[  8%] \x1b[32mBuilding C object CMakeFiles/unitree_go__rosidl_generator_c.dir/rosidl_generator_c/unitree_go/msg/detail/path_point__functions.c.o\x1b[0m\n'}
[36.506065] (-) TimerEvent: {}
[36.593273] (unitree_go) StdoutLine: {'line': b'[  8%] \x1b[32mBuilding C object CMakeFiles/unitree_go__rosidl_generator_c.dir/rosidl_generator_c/unitree_go/msg/detail/req__functions.c.o\x1b[0m\n'}
[36.609272] (-) TimerEvent: {}
[36.652027] (cyclonedds) StdoutLine: {'line': b'[ 30%] \x1b[32mBuilding C object src/ddsrt/CMakeFiles/ddsrt-internal.dir/src/rusage/posix/rusage.c.o\x1b[0m\n'}
[36.711302] (-) TimerEvent: {}
[36.816328] (-) TimerEvent: {}
[36.906345] (unitree_go) StdoutLine: {'line': b'[  9%] \x1b[32mBuilding C object CMakeFiles/unitree_go__rosidl_generator_c.dir/rosidl_generator_c/unitree_go/msg/detail/res__functions.c.o\x1b[0m\n'}
[36.916435] (-) TimerEvent: {}
[37.020278] (-) TimerEvent: {}
[37.123288] (-) TimerEvent: {}
[37.224202] (-) TimerEvent: {}
[37.257582] (cyclonedds) StdoutLine: {'line': b'[ 30%] \x1b[32m\x1b[1mLinking C static library ../../lib/libddsrt-internal.a\x1b[0m\n'}
[37.320430] (unitree_go) StdoutLine: {'line': b'[  9%] \x1b[32mBuilding C object CMakeFiles/unitree_go__rosidl_generator_c.dir/rosidl_generator_c/unitree_go/msg/detail/sport_mode_cmd__functions.c.o\x1b[0m\n'}
[37.326299] (-) TimerEvent: {}
[37.436261] (-) TimerEvent: {}
[37.530399] (unitree_api) StdoutLine: {'line': b'[ 43%] \x1b[32mBuilding CXX object CMakeFiles/unitree_api__rosidl_typesupport_fastrtps_cpp.dir/rosidl_typesupport_fastrtps_cpp/unitree_api/msg/detail/dds_fastrtps/request_policy__type_support.cpp.o\x1b[0m\n'}
[37.536428] (-) TimerEvent: {}
[37.635330] (unitree_go) StdoutLine: {'line': b'[ 10%] \x1b[32mBuilding C object CMakeFiles/unitree_go__rosidl_generator_c.dir/rosidl_generator_c/unitree_go/msg/detail/sport_mode_state__functions.c.o\x1b[0m\n'}
[37.639248] (-) TimerEvent: {}
[37.692508] (unitree_api) StdoutLine: {'line': b'[ 44%] \x1b[32mBuilding CXX object CMakeFiles/unitree_api__rosidl_typesupport_fastrtps_c.dir/rosidl_typesupport_fastrtps_c/unitree_api/msg/detail/response__type_support_c.cpp.o\x1b[0m\n'}
[37.741302] (-) TimerEvent: {}
[37.799378] (cyclonedds) StdoutLine: {'line': b'[ 30%] Built target ddsrt-internal\n'}
[37.841542] (-) TimerEvent: {}
[37.942737] (-) TimerEvent: {}
[38.030383] (unitree_api) StdoutLine: {'line': b'[ 45%] \x1b[32mBuilding CXX object CMakeFiles/unitree_api__rosidl_typesupport_cpp.dir/rosidl_typesupport_cpp/unitree_api/msg/response_status__type_support.cpp.o\x1b[0m\n'}
[38.043306] (-) TimerEvent: {}
[38.146545] (-) TimerEvent: {}
[38.148997] (unitree_go) StdoutLine: {'line': b'[ 10%] \x1b[32mBuilding C object CMakeFiles/unitree_go__rosidl_generator_c.dir/rosidl_generator_c/unitree_go/msg/detail/time_spec__functions.c.o\x1b[0m\n'}
[38.249491] (-) TimerEvent: {}
[38.253421] (ros2_unitree_legged_msgs) StdoutLine: {'line': b'[ 25%] \x1b[32mBuilding CXX object CMakeFiles/ros2_unitree_legged_msgs__rosidl_typesupport_introspection_cpp.dir/rosidl_typesupport_introspection_cpp/ros2_unitree_legged_msgs/msg/detail/bms_cmd__type_support.cpp.o\x1b[0m\n'}
[38.331465] (ros2_unitree_legged_msgs) StdoutLine: {'line': b'[ 26%] \x1b[32mBuilding CXX object CMakeFiles/ros2_unitree_legged_msgs__rosidl_typesupport_cpp.dir/rosidl_typesupport_cpp/ros2_unitree_legged_msgs/msg/cartesian__type_support.cpp.o\x1b[0m\n'}
[38.352272] (-) TimerEvent: {}
[38.456070] (-) TimerEvent: {}
[38.471291] (unitree_go) StdoutLine: {'line': b'[ 11%] \x1b[32mBuilding C object CMakeFiles/unitree_go__rosidl_generator_c.dir/rosidl_generator_c/unitree_go/msg/detail/uwb_state__functions.c.o\x1b[0m\n'}
[38.489611] (ros2_unitree_legged_msgs) StdoutLine: {'line': b'[ 27%] \x1b[32mBuilding CXX object CMakeFiles/ros2_unitree_legged_msgs__rosidl_typesupport_fastrtps_cpp.dir/rosidl_typesupport_fastrtps_cpp/ros2_unitree_legged_msgs/msg/detail/dds_fastrtps/bms_cmd__type_support.cpp.o\x1b[0m\n'}
[38.523486] (cyclonedds) StdoutLine: {'line': b'[ 30%] \x1b[32mBuilding C object src/core/CMakeFiles/ddsc.dir/ddsi/src/ddsi_portmapping.c.o\x1b[0m\n'}
[38.561306] (-) TimerEvent: {}
[38.664440] (-) TimerEvent: {}
[38.767470] (-) TimerEvent: {}
[38.858609] (unitree_go) StdoutLine: {'line': b'[ 11%] \x1b[32mBuilding C object CMakeFiles/unitree_go__rosidl_generator_c.dir/rosidl_generator_c/unitree_go/msg/detail/uwb_switch__functions.c.o\x1b[0m\n'}
[38.867589] (-) TimerEvent: {}
[38.927250] (cyclonedds) StdoutLine: {'line': b'[ 31%] \x1b[32mBuilding C object src/core/CMakeFiles/ddsc.dir/ddsi/src/ddsi_handshake.c.o\x1b[0m\n'}
[38.967744] (-) TimerEvent: {}
[39.068652] (-) TimerEvent: {}
[39.172293] (-) TimerEvent: {}
[39.193408] (unitree_go) StdoutLine: {'line': b'[ 11%] \x1b[32mBuilding C object CMakeFiles/unitree_go__rosidl_generator_c.dir/rosidl_generator_c/unitree_go/msg/detail/wireless_controller__functions.c.o\x1b[0m\n'}
[39.275072] (-) TimerEvent: {}
[39.347091] (unitree_api) StdoutLine: {'line': b'[ 46%] \x1b[32mBuilding CXX object CMakeFiles/unitree_api__rosidl_typesupport_introspection_cpp.dir/rosidl_typesupport_introspection_cpp/unitree_api/msg/detail/response__type_support.cpp.o\x1b[0m\n'}
[39.376289] (-) TimerEvent: {}
[39.405237] (ros2_unitree_legged_msgs) StdoutLine: {'line': b'[ 28%] \x1b[32mBuilding CXX object CMakeFiles/ros2_unitree_legged_msgs__rosidl_typesupport_fastrtps_c.dir/rosidl_typesupport_fastrtps_c/ros2_unitree_legged_msgs/msg/detail/bms_cmd__type_support_c.cpp.o\x1b[0m\n'}
[39.481323] (-) TimerEvent: {}
[39.585283] (-) TimerEvent: {}
[39.683961] (unitree_go) StdoutLine: {'line': b'[ 12%] \x1b[32m\x1b[1mLinking C shared library libunitree_go__rosidl_generator_c.so\x1b[0m\n'}
[39.685391] (-) TimerEvent: {}
[39.751879] (unitree_api) StdoutLine: {'line': b'[ 47%] \x1b[32m\x1b[1mLinking CXX shared library libunitree_api__rosidl_typesupport_cpp.so\x1b[0m\n'}
[39.786302] (-) TimerEvent: {}
[39.890406] (-) TimerEvent: {}
[39.995535] (-) TimerEvent: {}
[40.001830] (cyclonedds) StdoutLine: {'line': b'[ 31%] \x1b[32mBuilding C object src/idl/CMakeFiles/idl.dir/src/md5.c.o\x1b[0m\n'}
[40.084247] (unitree_go) StdoutLine: {'line': b'[ 12%] Built target unitree_go__rosidl_generator_c\n'}
[40.098277] (-) TimerEvent: {}
[40.160416] (unitree_go) StdoutLine: {'line': b'[ 13%] \x1b[34m\x1b[1mGenerating C++ type support dispatch for ROS interfaces\x1b[0m\n'}
[40.188572] (unitree_api) StdoutLine: {'line': b'[ 47%] Built target unitree_api__rosidl_typesupport_cpp\n'}
[40.204289] (-) TimerEvent: {}
[40.305232] (-) TimerEvent: {}
[40.406809] (-) TimerEvent: {}
[40.444118] (cyclonedds) StdoutLine: {'line': b'[ 32%] \x1b[32m\x1b[1mLinking C static library ../../../lib/libidlpp.a\x1b[0m\n'}
[40.509275] (-) TimerEvent: {}
[40.612252] (-) TimerEvent: {}
[40.655245] (cyclonedds) StdoutLine: {'line': b'[ 32%] \x1b[32m\x1b[1mLinking C shared library ../../lib/libcycloneddsidl.so\x1b[0m\n'}
[40.713417] (-) TimerEvent: {}
[40.776294] (cyclonedds) StdoutLine: {'line': b'[ 32%] Built target idlpp\n'}
[40.785424] (unitree_api) StdoutLine: {'line': b'[ 48%] \x1b[32mBuilding CXX object CMakeFiles/unitree_api__rosidl_typesupport_fastrtps_cpp.dir/rosidl_typesupport_fastrtps_cpp/unitree_api/msg/detail/dds_fastrtps/response__type_support.cpp.o\x1b[0m\n'}
[40.795257] (unitree_api) StdoutLine: {'line': b'[ 50%] \x1b[32mBuilding CXX object CMakeFiles/unitree_api__rosidl_typesupport_fastrtps_c.dir/rosidl_typesupport_fastrtps_c/unitree_api/msg/detail/response_header__type_support_c.cpp.o\x1b[0m\n'}
[40.814265] (-) TimerEvent: {}
[40.836506] (ros2_unitree_legged_msgs) StdoutLine: {'line': b'[ 29%] \x1b[32mBuilding CXX object CMakeFiles/ros2_unitree_legged_msgs__rosidl_typesupport_cpp.dir/rosidl_typesupport_cpp/ros2_unitree_legged_msgs/msg/imu__type_support.cpp.o\x1b[0m\n'}
[40.917271] (-) TimerEvent: {}
[41.021267] (-) TimerEvent: {}
[41.121956] (-) TimerEvent: {}
[41.161336] (cyclonedds) StdoutLine: {'line': b'[ 32%] Built target idl\n'}
[41.224267] (-) TimerEvent: {}
[41.328250] (-) TimerEvent: {}
[41.363484] (ros2_unitree_legged_msgs) StdoutLine: {'line': b'[ 30%] \x1b[32mBuilding CXX object CMakeFiles/ros2_unitree_legged_msgs__rosidl_typesupport_introspection_cpp.dir/rosidl_typesupport_introspection_cpp/ros2_unitree_legged_msgs/msg/detail/bms_state__type_support.cpp.o\x1b[0m\n'}
[41.436242] (-) TimerEvent: {}
[41.540247] (-) TimerEvent: {}
[41.640956] (-) TimerEvent: {}
[41.744274] (-) TimerEvent: {}
[41.845168] (-) TimerEvent: {}
[41.951595] (-) TimerEvent: {}
[41.966047] (cyclonedds) StdoutLine: {'line': b'[ 33%] \x1b[32mBuilding C object src/core/CMakeFiles/ddsc.dir/ddsi/src/ddsi_serdata_pserop.c.o\x1b[0m\n'}
[42.031329] (ros2_unitree_legged_msgs) StdoutLine: {'line': b'[ 31%] \x1b[32mBuilding CXX object CMakeFiles/ros2_unitree_legged_msgs__rosidl_typesupport_fastrtps_c.dir/rosidl_typesupport_fastrtps_c/ros2_unitree_legged_msgs/msg/detail/bms_state__type_support_c.cpp.o\x1b[0m\n'}
[42.051767] (-) TimerEvent: {}
[42.094620] (ros2_unitree_legged_msgs) StdoutLine: {'line': b'[ 32%] \x1b[32mBuilding CXX object CMakeFiles/ros2_unitree_legged_msgs__rosidl_typesupport_fastrtps_cpp.dir/rosidl_typesupport_fastrtps_cpp/ros2_unitree_legged_msgs/msg/detail/dds_fastrtps/bms_state__type_support.cpp.o\x1b[0m\n'}
[42.151942] (-) TimerEvent: {}
[42.256288] (-) TimerEvent: {}
[42.297396] (unitree_api) StdoutLine: {'line': b'[ 51%] \x1b[32mBuilding CXX object CMakeFiles/unitree_api__rosidl_typesupport_introspection_cpp.dir/rosidl_typesupport_introspection_cpp/unitree_api/msg/detail/response_header__type_support.cpp.o\x1b[0m\n'}
[42.356458] (-) TimerEvent: {}
[42.466294] (-) TimerEvent: {}
[42.567342] (cyclonedds) StdoutLine: {'line': b'[ 33%] \x1b[32mBuilding C object src/core/CMakeFiles/ddsc.dir/ddsi/src/ddsi_serdata_plist.c.o\x1b[0m\n'}
[42.567735] (-) TimerEvent: {}
[42.668540] (-) TimerEvent: {}
[42.773864] (-) TimerEvent: {}
[42.779705] (ros2_unitree_legged_msgs) StdoutLine: {'line': b'[ 33%] \x1b[32mBuilding CXX object CMakeFiles/ros2_unitree_legged_msgs__rosidl_typesupport_cpp.dir/rosidl_typesupport_cpp/ros2_unitree_legged_msgs/msg/led__type_support.cpp.o\x1b[0m\n'}
[42.877301] (-) TimerEvent: {}
[42.978268] (-) TimerEvent: {}
[43.079289] (-) TimerEvent: {}
[43.080473] (unitree_api) StdoutLine: {'line': b'[ 52%] \x1b[32mBuilding CXX object CMakeFiles/unitree_api__rosidl_typesupport_fastrtps_c.dir/rosidl_typesupport_fastrtps_c/unitree_api/msg/detail/response_status__type_support_c.cpp.o\x1b[0m\n'}
[43.186270] (-) TimerEvent: {}
[43.287365] (-) TimerEvent: {}
[43.396401] (-) TimerEvent: {}
[43.497287] (-) TimerEvent: {}
[43.600260] (-) TimerEvent: {}
[43.654671] (ros2_unitree_legged_msgs) StdoutLine: {'line': b'[ 33%] \x1b[32mBuilding CXX object CMakeFiles/ros2_unitree_legged_msgs__rosidl_typesupport_fastrtps_c.dir/rosidl_typesupport_fastrtps_c/ros2_unitree_legged_msgs/msg/detail/cartesian__type_support_c.cpp.o\x1b[0m\n'}
[43.667448] (unitree_api) StdoutLine: {'line': b'[ 53%] \x1b[32mBuilding CXX object CMakeFiles/unitree_api__rosidl_typesupport_fastrtps_cpp.dir/rosidl_typesupport_fastrtps_cpp/unitree_api/msg/detail/dds_fastrtps/response_header__type_support.cpp.o\x1b[0m\n'}
[43.703252] (-) TimerEvent: {}
[43.804496] (-) TimerEvent: {}
[43.874250] (ros2_unitree_legged_msgs) StdoutLine: {'line': b'[ 33%] \x1b[32mBuilding CXX object CMakeFiles/ros2_unitree_legged_msgs__rosidl_typesupport_cpp.dir/rosidl_typesupport_cpp/ros2_unitree_legged_msgs/msg/low_cmd__type_support.cpp.o\x1b[0m\n'}
[43.904639] (-) TimerEvent: {}
[43.915617] (cyclonedds) StdoutLine: {'line': b'[ 34%] \x1b[32mBuilding C object src/core/CMakeFiles/ddsc.dir/ddsi/src/ddsi_sertype.c.o\x1b[0m\n'}
[44.004779] (-) TimerEvent: {}
[44.108341] (-) TimerEvent: {}
[44.209280] (-) TimerEvent: {}
[44.314304] (-) TimerEvent: {}
[44.355284] (ros2_unitree_legged_msgs) StdoutLine: {'line': b'[ 34%] \x1b[32mBuilding CXX object CMakeFiles/ros2_unitree_legged_msgs__rosidl_typesupport_introspection_cpp.dir/rosidl_typesupport_introspection_cpp/ros2_unitree_legged_msgs/msg/detail/cartesian__type_support.cpp.o\x1b[0m\n'}
[44.413087] (ros2_unitree_legged_msgs) StdoutLine: {'line': b'[ 35%] \x1b[32mBuilding CXX object CMakeFiles/ros2_unitree_legged_msgs__rosidl_typesupport_fastrtps_cpp.dir/rosidl_typesupport_fastrtps_cpp/ros2_unitree_legged_msgs/msg/detail/dds_fastrtps/cartesian__type_support.cpp.o\x1b[0m\n'}
[44.419277] (-) TimerEvent: {}
[44.521256] (-) TimerEvent: {}
[44.566389] (unitree_api) StdoutLine: {'line': b'[ 54%] \x1b[32mBuilding CXX object CMakeFiles/unitree_api__rosidl_typesupport_introspection_cpp.dir/rosidl_typesupport_introspection_cpp/unitree_api/msg/detail/response_status__type_support.cpp.o\x1b[0m\n'}
[44.621398] (-) TimerEvent: {}
[44.726272] (-) TimerEvent: {}
[44.755211] (unitree_api) StdoutLine: {'line': b'[ 55%] \x1b[32m\x1b[1mLinking CXX shared library libunitree_api__rosidl_typesupport_fastrtps_c.so\x1b[0m\n'}
[44.826458] (-) TimerEvent: {}
[44.917400] (cyclonedds) StdoutLine: {'line': b'[ 34%] \x1b[32mBuilding C object src/core/CMakeFiles/ddsc.dir/ddsi/src/ddsi_sertype_default.c.o\x1b[0m\n'}
[44.927956] (-) TimerEvent: {}
[45.031281] (-) TimerEvent: {}
[45.132192] (-) TimerEvent: {}
[45.237280] (-) TimerEvent: {}
[45.340273] (-) TimerEvent: {}
[45.394278] (unitree_api) StdoutLine: {'line': b'[ 55%] Built target unitree_api__rosidl_typesupport_fastrtps_c\n'}
[45.443257] (-) TimerEvent: {}
[45.486212] (ros2_unitree_legged_msgs) StdoutLine: {'line': b'[ 36%] \x1b[32mBuilding CXX object CMakeFiles/ros2_unitree_legged_msgs__rosidl_typesupport_cpp.dir/rosidl_typesupport_cpp/ros2_unitree_legged_msgs/msg/low_state__type_support.cpp.o\x1b[0m\n'}
[45.543405] (-) TimerEvent: {}
[45.605478] (ros2_unitree_legged_msgs) StdoutLine: {'line': b'[ 37%] \x1b[32mBuilding CXX object CMakeFiles/ros2_unitree_legged_msgs__rosidl_typesupport_fastrtps_c.dir/rosidl_typesupport_fastrtps_c/ros2_unitree_legged_msgs/msg/detail/imu__type_support_c.cpp.o\x1b[0m\n'}
[45.646256] (-) TimerEvent: {}
[45.747463] (-) TimerEvent: {}
[45.852263] (-) TimerEvent: {}
[45.953089] (-) TimerEvent: {}
[45.996769] (unitree_api) StdoutLine: {'line': b'[ 56%] \x1b[32mBuilding CXX object CMakeFiles/unitree_api__rosidl_typesupport_fastrtps_cpp.dir/rosidl_typesupport_fastrtps_cpp/unitree_api/msg/detail/dds_fastrtps/response_status__type_support.cpp.o\x1b[0m\n'}
[46.019374] (cyclonedds) StdoutLine: {'line': b'[ 34%] \x1b[32mBuilding C object src/core/CMakeFiles/ddsc.dir/ddsi/src/ddsi_sertype_pserop.c.o\x1b[0m\n'}
[46.056226] (-) TimerEvent: {}
[46.157241] (-) TimerEvent: {}
[46.182551] (unitree_api) StdoutLine: {'line': b'[ 57%] \x1b[32m\x1b[1mLinking CXX shared library libunitree_api__rosidl_typesupport_introspection_cpp.so\x1b[0m\n'}
[46.258303] (-) TimerEvent: {}
[46.358967] (-) TimerEvent: {}
[46.461270] (-) TimerEvent: {}
[46.563466] (-) TimerEvent: {}
[46.637494] (cyclonedds) StdoutLine: {'line': b'[ 35%] \x1b[32mBuilding C object src/core/CMakeFiles/ddsc.dir/ddsi/src/ddsi_sertype_plist.c.o\x1b[0m\n'}
[46.665117] (-) TimerEvent: {}
[46.723777] (ros2_unitree_legged_msgs) StdoutLine: {'line': b'[ 38%] \x1b[32mBuilding CXX object CMakeFiles/ros2_unitree_legged_msgs__rosidl_typesupport_fastrtps_cpp.dir/rosidl_typesupport_fastrtps_cpp/ros2_unitree_legged_msgs/msg/detail/dds_fastrtps/imu__type_support.cpp.o\x1b[0m\n'}
[46.768561] (-) TimerEvent: {}
[46.809761] (unitree_api) StdoutLine: {'line': b'[ 57%] Built target unitree_api__rosidl_typesupport_introspection_cpp\n'}
[46.856273] (ros2_unitree_legged_msgs) StdoutLine: {'line': b'[ 39%] \x1b[32mBuilding CXX object CMakeFiles/ros2_unitree_legged_msgs__rosidl_typesupport_introspection_cpp.dir/rosidl_typesupport_introspection_cpp/ros2_unitree_legged_msgs/msg/detail/imu__type_support.cpp.o\x1b[0m\n'}
[46.871276] (-) TimerEvent: {}
[46.972523] (-) TimerEvent: {}
[47.015088] (cyclonedds) StdoutLine: {'line': b'[ 35%] \x1b[32mBuilding C object src/core/CMakeFiles/ddsc.dir/ddsi/src/ddsi_sertopic.c.o\x1b[0m\n'}
[47.072687] (-) TimerEvent: {}
[47.078876] (ros2_unitree_legged_msgs) StdoutLine: {'line': b'[ 40%] \x1b[32mBuilding CXX object CMakeFiles/ros2_unitree_legged_msgs__rosidl_typesupport_cpp.dir/rosidl_typesupport_cpp/ros2_unitree_legged_msgs/msg/high_cmd__type_support.cpp.o\x1b[0m\n'}
[47.176244] (-) TimerEvent: {}
[47.279242] (-) TimerEvent: {}
[47.333005] (ros2_unitree_legged_msgs) StdoutLine: {'line': b'[ 41%] \x1b[32mBuilding CXX object CMakeFiles/ros2_unitree_legged_msgs__rosidl_typesupport_fastrtps_c.dir/rosidl_typesupport_fastrtps_c/ros2_unitree_legged_msgs/msg/detail/led__type_support_c.cpp.o\x1b[0m\n'}
[47.379398] (-) TimerEvent: {}
[47.430068] (unitree_api) StdoutLine: {'line': b'[ 59%] \x1b[32m\x1b[1mLinking CXX shared library libunitree_api__rosidl_typesupport_fastrtps_cpp.so\x1b[0m\n'}
[47.482256] (-) TimerEvent: {}
[47.583858] (-) TimerEvent: {}
[47.686257] (-) TimerEvent: {}
[47.737056] (unitree_go) StdoutLine: {'line': b'[ 13%] \x1b[32mBuilding CXX object CMakeFiles/unitree_go__rosidl_typesupport_cpp.dir/rosidl_typesupport_cpp/unitree_go/msg/audio_data__type_support.cpp.o\x1b[0m\n'}
[47.786435] (-) TimerEvent: {}
[47.891250] (-) TimerEvent: {}
[47.992619] (-) TimerEvent: {}
[48.094023] (-) TimerEvent: {}
[48.182288] (unitree_api) StdoutLine: {'line': b'[ 59%] Built target unitree_api__rosidl_typesupport_fastrtps_cpp\n'}
[48.194205] (-) TimerEvent: {}
[48.240245] (cyclonedds) StdoutLine: {'line': b'[ 36%] \x1b[32mBuilding C object src/core/CMakeFiles/ddsc.dir/ddsi/src/ddsi_statistics.c.o\x1b[0m\n'}
[48.282019] (unitree_api) StdoutLine: {'line': b'[ 60%] \x1b[34m\x1b[1mGenerating C type support dispatch for ROS interfaces\x1b[0m\n'}
[48.297279] (-) TimerEvent: {}
[48.399376] (-) TimerEvent: {}
[48.438513] (ros2_unitree_legged_msgs) StdoutLine: {'line': b'[ 42%] \x1b[32mBuilding CXX object CMakeFiles/ros2_unitree_legged_msgs__rosidl_typesupport_introspection_cpp.dir/rosidl_typesupport_introspection_cpp/ros2_unitree_legged_msgs/msg/detail/led__type_support.cpp.o\x1b[0m\n'}
[48.499507] (-) TimerEvent: {}
[48.562442] (ros2_unitree_legged_msgs) StdoutLine: {'line': b'[ 43%] \x1b[32mBuilding CXX object CMakeFiles/ros2_unitree_legged_msgs__rosidl_typesupport_fastrtps_c.dir/rosidl_typesupport_fastrtps_c/ros2_unitree_legged_msgs/msg/detail/low_cmd__type_support_c.cpp.o\x1b[0m\n'}
[48.564193] (ros2_unitree_legged_msgs) StdoutLine: {'line': b'[ 44%] \x1b[32mBuilding CXX object CMakeFiles/ros2_unitree_legged_msgs__rosidl_typesupport_cpp.dir/rosidl_typesupport_cpp/ros2_unitree_legged_msgs/msg/high_state__type_support.cpp.o\x1b[0m\n'}
[48.600275] (-) TimerEvent: {}
[48.696502] (ros2_unitree_legged_msgs) StdoutLine: {'line': b'[ 45%] \x1b[32mBuilding CXX object CMakeFiles/ros2_unitree_legged_msgs__rosidl_typesupport_fastrtps_cpp.dir/rosidl_typesupport_fastrtps_cpp/ros2_unitree_legged_msgs/msg/detail/dds_fastrtps/led__type_support.cpp.o\x1b[0m\n'}
[48.700410] (-) TimerEvent: {}
[48.745229] (cyclonedds) StdoutLine: {'line': b'[ 36%] \x1b[32mBuilding C object src/core/CMakeFiles/ddsc.dir/ddsi/src/ddsi_iid.c.o\x1b[0m\n'}
[48.804249] (-) TimerEvent: {}
[48.904861] (-) TimerEvent: {}
[49.007300] (cyclonedds) StdoutLine: {'line': b'[ 36%] \x1b[32mBuilding C object src/core/CMakeFiles/ddsc.dir/ddsi/src/ddsi_tkmap.c.o\x1b[0m\n'}
[49.007706] (-) TimerEvent: {}
[49.108096] (-) TimerEvent: {}
[49.149181] (unitree_go) StdoutLine: {'line': b'[ 14%] \x1b[32mBuilding CXX object CMakeFiles/unitree_go__rosidl_typesupport_cpp.dir/rosidl_typesupport_cpp/unitree_go/msg/bms_cmd__type_support.cpp.o\x1b[0m\n'}
[49.208272] (-) TimerEvent: {}
[49.313257] (-) TimerEvent: {}
[49.414084] (-) TimerEvent: {}
[49.514901] (-) TimerEvent: {}
[49.569513] (cyclonedds) StdoutLine: {'line': b'[ 37%] \x1b[32mBuilding C object src/core/CMakeFiles/ddsc.dir/ddsi/src/ddsi_vendor.c.o\x1b[0m\n'}
[49.621329] (-) TimerEvent: {}
[49.724325] (-) TimerEvent: {}
[49.818222] (ros2_unitree_legged_msgs) StdoutLine: {'line': b'[ 46%] \x1b[32m\x1b[1mLinking CXX shared library libros2_unitree_legged_msgs__rosidl_typesupport_cpp.so\x1b[0m\n'}
[49.824457] (-) TimerEvent: {}
[49.859444] (cyclonedds) StdoutLine: {'line': b'[ 37%] \x1b[32mBuilding C object src/core/CMakeFiles/ddsc.dir/ddsi/src/ddsi_threadmon.c.o\x1b[0m\n'}
[49.926248] (-) TimerEvent: {}
[50.026913] (-) TimerEvent: {}
[50.048657] (ros2_unitree_legged_msgs) StdoutLine: {'line': b'[ 47%] \x1b[32mBuilding CXX object CMakeFiles/ros2_unitree_legged_msgs__rosidl_typesupport_fastrtps_cpp.dir/rosidl_typesupport_fastrtps_cpp/ros2_unitree_legged_msgs/msg/detail/dds_fastrtps/low_cmd__type_support.cpp.o\x1b[0m\n'}
[50.058659] (ros2_unitree_legged_msgs) StdoutLine: {'line': b'[ 47%] Built target ros2_unitree_legged_msgs__rosidl_typesupport_cpp\n'}
[50.111236] (ros2_unitree_legged_msgs) StdoutLine: {'line': b'[ 48%] \x1b[32mBuilding CXX object CMakeFiles/ros2_unitree_legged_msgs__rosidl_typesupport_introspection_cpp.dir/rosidl_typesupport_introspection_cpp/ros2_unitree_legged_msgs/msg/detail/low_cmd__type_support.cpp.o\x1b[0m\n'}
[50.127063] (-) TimerEvent: {}
[50.172582] (unitree_api) StdoutLine: {'line': b'[ 61%] \x1b[32mBuilding CXX object CMakeFiles/unitree_api__rosidl_typesupport_c.dir/rosidl_typesupport_c/unitree_api/msg/request__type_support.cpp.o\x1b[0m\n'}
[50.227245] (-) TimerEvent: {}
[50.329263] (-) TimerEvent: {}
[50.332629] (unitree_api) StdoutLine: {'line': b'[ 62%] \x1b[32mBuilding CXX object CMakeFiles/unitree_api__rosidl_typesupport_c.dir/rosidl_typesupport_c/unitree_api/msg/request_identity__type_support.cpp.o\x1b[0m\n'}
[50.385572] (ros2_unitree_legged_msgs) StdoutLine: {'line': b'[ 49%] \x1b[32mBuilding CXX object CMakeFiles/ros2_unitree_legged_msgs__rosidl_typesupport_fastrtps_c.dir/rosidl_typesupport_fastrtps_c/ros2_unitree_legged_msgs/msg/detail/low_state__type_support_c.cpp.o\x1b[0m\n'}
[50.388624] (cyclonedds) StdoutLine: {'line': b'[ 37%] \x1b[32mBuilding C object src/core/CMakeFiles/ddsc.dir/ddsi/src/ddsi_rhc.c.o\x1b[0m\n'}
[50.429404] (-) TimerEvent: {}
[50.442703] (unitree_go) StdoutLine: {'line': b'[ 14%] \x1b[32mBuilding CXX object CMakeFiles/unitree_go__rosidl_typesupport_cpp.dir/rosidl_typesupport_cpp/unitree_go/msg/bms_state__type_support.cpp.o\x1b[0m\n'}
[50.448881] (unitree_api) StdoutLine: {'line': b'[ 63%] \x1b[32mBuilding CXX object CMakeFiles/unitree_api__rosidl_typesupport_c.dir/rosidl_typesupport_c/unitree_api/msg/request_lease__type_support.cpp.o\x1b[0m\n'}
[50.529739] (-) TimerEvent: {}
[50.533437] (cyclonedds) StdoutLine: {'line': b'[ 38%] \x1b[32mBuilding C object src/core/CMakeFiles/ddsc.dir/ddsi/src/ddsi_pmd.c.o\x1b[0m\n'}
[50.588697] (unitree_api) StdoutLine: {'line': b'[ 64%] \x1b[32mBuilding CXX object CMakeFiles/unitree_api__rosidl_typesupport_c.dir/rosidl_typesupport_c/unitree_api/msg/request_policy__type_support.cpp.o\x1b[0m\n'}
[50.629875] (-) TimerEvent: {}
[50.733274] (unitree_api) StdoutLine: {'line': b'[ 65%] \x1b[32mBuilding CXX object CMakeFiles/unitree_api__rosidl_typesupport_c.dir/rosidl_typesupport_c/unitree_api/msg/response__type_support.cpp.o\x1b[0m\n'}
[50.733752] (-) TimerEvent: {}
[50.812372] (unitree_api) StdoutLine: {'line': b'[ 67%] \x1b[32mBuilding CXX object CMakeFiles/unitree_api__rosidl_typesupport_c.dir/rosidl_typesupport_c/unitree_api/msg/response_header__type_support.cpp.o\x1b[0m\n'}
[50.833949] (-) TimerEvent: {}
[50.901471] (unitree_api) StdoutLine: {'line': b'[ 68%] \x1b[32mBuilding CXX object CMakeFiles/unitree_api__rosidl_typesupport_c.dir/rosidl_typesupport_c/unitree_api/msg/response_status__type_support.cpp.o\x1b[0m\n'}
[50.934158] (-) TimerEvent: {}
[50.989181] (unitree_api) StdoutLine: {'line': b'[ 69%] \x1b[32mBuilding CXX object CMakeFiles/unitree_api__rosidl_typesupport_c.dir/rosidl_typesupport_c/unitree_api/msg/request_header__type_support.cpp.o\x1b[0m\n'}
[51.034297] (-) TimerEvent: {}
[51.081693] (unitree_api) StdoutLine: {'line': b'[ 70%] \x1b[32m\x1b[1mLinking CXX shared library libunitree_api__rosidl_typesupport_c.so\x1b[0m\n'}
[51.134443] (-) TimerEvent: {}
[51.222680] (cyclonedds) StdoutLine: {'line': b'[ 38%] \x1b[32mBuilding C object src/core/CMakeFiles/ddsc.dir/ddsi/src/ddsi_entity_index.c.o\x1b[0m\n'}
[51.234754] (-) TimerEvent: {}
[51.295565] (unitree_api) StdoutLine: {'line': b'[ 70%] Built target unitree_api__rosidl_typesupport_c\n'}
[51.334909] (-) TimerEvent: {}
[51.352745] (unitree_api) StdoutLine: {'line': b'[ 71%] \x1b[34m\x1b[1mGenerating C introspection for ROS interfaces\x1b[0m\n'}
[51.389464] (unitree_go) StdoutLine: {'line': b'[ 15%] \x1b[32mBuilding CXX object CMakeFiles/unitree_go__rosidl_typesupport_cpp.dir/rosidl_typesupport_cpp/unitree_go/msg/error__type_support.cpp.o\x1b[0m\n'}
[51.417995] (ros2_unitree_legged_msgs) StdoutLine: {'line': b'[ 50%] \x1b[32mBuilding CXX object CMakeFiles/ros2_unitree_legged_msgs__rosidl_typesupport_fastrtps_cpp.dir/rosidl_typesupport_fastrtps_cpp/ros2_unitree_legged_msgs/msg/detail/dds_fastrtps/low_state__type_support.cpp.o\x1b[0m\n'}
[51.435036] (-) TimerEvent: {}
[51.540334] (-) TimerEvent: {}
[51.642286] (-) TimerEvent: {}
[51.742859] (-) TimerEvent: {}
[51.784714] (ros2_unitree_legged_msgs) StdoutLine: {'line': b'[ 51%] \x1b[32mBuilding CXX object CMakeFiles/ros2_unitree_legged_msgs__rosidl_typesupport_fastrtps_c.dir/rosidl_typesupport_fastrtps_c/ros2_unitree_legged_msgs/msg/detail/high_cmd__type_support_c.cpp.o\x1b[0m\n'}
[51.842999] (-) TimerEvent: {}
[51.882951] (ros2_unitree_legged_msgs) StdoutLine: {'line': b'[ 52%] \x1b[32mBuilding CXX object CMakeFiles/ros2_unitree_legged_msgs__rosidl_typesupport_introspection_cpp.dir/rosidl_typesupport_introspection_cpp/ros2_unitree_legged_msgs/msg/detail/low_state__type_support.cpp.o\x1b[0m\n'}
[51.946254] (-) TimerEvent: {}
[52.046884] (-) TimerEvent: {}
[52.059404] (cyclonedds) StdoutLine: {'line': b'[ 39%] \x1b[32mBuilding C object src/core/CMakeFiles/ddsc.dir/ddsi/src/ddsi_deadline.c.o\x1b[0m\n'}
[52.147053] (-) TimerEvent: {}
[52.249461] (-) TimerEvent: {}
[52.354255] (-) TimerEvent: {}
[52.412632] (unitree_go) StdoutLine: {'line': b'[ 15%] \x1b[32mBuilding CXX object CMakeFiles/unitree_go__rosidl_typesupport_cpp.dir/rosidl_typesupport_cpp/unitree_go/msg/go2_front_video_data__type_support.cpp.o\x1b[0m\n'}
[52.454393] (-) TimerEvent: {}
[52.531668] (cyclonedds) StdoutLine: {'line': b'[ 39%] \x1b[32mBuilding C object src/core/CMakeFiles/ddsc.dir/ddsi/src/ddsi_deliver_locally.c.o\x1b[0m\n'}
[52.554540] (-) TimerEvent: {}
[52.658256] (-) TimerEvent: {}
[52.758958] (-) TimerEvent: {}
[52.765565] (ros2_unitree_legged_msgs) StdoutLine: {'line': b'[ 53%] \x1b[32mBuilding CXX object CMakeFiles/ros2_unitree_legged_msgs__rosidl_typesupport_fastrtps_c.dir/rosidl_typesupport_fastrtps_c/ros2_unitree_legged_msgs/msg/detail/high_state__type_support_c.cpp.o\x1b[0m\n'}
[52.859175] (-) TimerEvent: {}
[52.960482] (-) TimerEvent: {}
[53.002214] (ros2_unitree_legged_msgs) StdoutLine: {'line': b'[ 53%] \x1b[32mBuilding CXX object CMakeFiles/ros2_unitree_legged_msgs__rosidl_typesupport_fastrtps_cpp.dir/rosidl_typesupport_fastrtps_cpp/ros2_unitree_legged_msgs/msg/detail/dds_fastrtps/high_cmd__type_support.cpp.o\x1b[0m\n'}
[53.060635] (-) TimerEvent: {}
[53.161559] (-) TimerEvent: {}
[53.263257] (-) TimerEvent: {}
[53.353374] (ros2_unitree_legged_msgs) StdoutLine: {'line': b'[ 54%] \x1b[32mBuilding CXX object CMakeFiles/ros2_unitree_legged_msgs__rosidl_typesupport_introspection_cpp.dir/rosidl_typesupport_introspection_cpp/ros2_unitree_legged_msgs/msg/detail/high_cmd__type_support.cpp.o\x1b[0m\n'}
[53.365285] (-) TimerEvent: {}
[53.420431] (cyclonedds) StdoutLine: {'line': b'[ 39%] \x1b[32mBuilding C object src/core/CMakeFiles/ddsc.dir/ddsi/src/ddsi_plist.c.o\x1b[0m\n'}
[53.465452] (-) TimerEvent: {}
[53.477356] (unitree_api) StdoutLine: {'line': b'[ 72%] \x1b[32mBuilding C object CMakeFiles/unitree_api__rosidl_typesupport_introspection_c.dir/rosidl_typesupport_introspection_c/unitree_api/msg/detail/request__type_support.c.o\x1b[0m\n'}
[53.571252] (-) TimerEvent: {}
[53.675247] (-) TimerEvent: {}
[53.683368] (unitree_go) StdoutLine: {'line': b'[ 16%] \x1b[32mBuilding CXX object CMakeFiles/unitree_go__rosidl_typesupport_cpp.dir/rosidl_typesupport_cpp/unitree_go/msg/height_map__type_support.cpp.o\x1b[0m\n'}
[53.705582] (unitree_api) StdoutLine: {'line': b'[ 73%] \x1b[32mBuilding C object CMakeFiles/unitree_api__rosidl_typesupport_introspection_c.dir/rosidl_typesupport_introspection_c/unitree_api/msg/detail/request_lease__type_support.c.o\x1b[0m\n'}
[53.776271] (-) TimerEvent: {}
[53.877274] (-) TimerEvent: {}
[53.887048] (unitree_api) StdoutLine: {'line': b'[ 75%] \x1b[32mBuilding C object CMakeFiles/unitree_api__rosidl_typesupport_introspection_c.dir/rosidl_typesupport_introspection_c/unitree_api/msg/detail/request_policy__type_support.c.o\x1b[0m\n'}
[53.924825] (ros2_unitree_legged_msgs) StdoutLine: {'line': b'[ 55%] \x1b[32m\x1b[1mLinking CXX shared library libros2_unitree_legged_msgs__rosidl_typesupport_fastrtps_c.so\x1b[0m\n'}
[53.977463] (-) TimerEvent: {}
[54.062218] (unitree_api) StdoutLine: {'line': b'[ 76%] \x1b[32mBuilding C object CMakeFiles/unitree_api__rosidl_typesupport_introspection_c.dir/rosidl_typesupport_introspection_c/unitree_api/msg/detail/response__type_support.c.o\x1b[0m\n'}
[54.078274] (-) TimerEvent: {}
[54.178847] (-) TimerEvent: {}
[54.289397] (unitree_api) StdoutLine: {'line': b'[ 77%] \x1b[32mBuilding C object CMakeFiles/unitree_api__rosidl_typesupport_introspection_c.dir/rosidl_typesupport_introspection_c/unitree_api/msg/detail/response_header__type_support.c.o\x1b[0m\n'}
[54.289781] (-) TimerEvent: {}
[54.401052] (-) TimerEvent: {}
[54.453402] (ros2_unitree_legged_msgs) StdoutLine: {'line': b'[ 55%] Built target ros2_unitree_legged_msgs__rosidl_typesupport_fastrtps_c\n'}
[54.485339] (unitree_api) StdoutLine: {'line': b'[ 78%] \x1b[32mBuilding C object CMakeFiles/unitree_api__rosidl_typesupport_introspection_c.dir/rosidl_typesupport_introspection_c/unitree_api/msg/detail/response_status__type_support.c.o\x1b[0m\n'}
[54.501225] (-) TimerEvent: {}
[54.608957] (-) TimerEvent: {}
[54.673324] (unitree_api) StdoutLine: {'line': b'[ 79%] \x1b[32mBuilding C object CMakeFiles/unitree_api__rosidl_typesupport_introspection_c.dir/rosidl_typesupport_introspection_c/unitree_api/msg/detail/request_identity__type_support.c.o\x1b[0m\n'}
[54.709109] (-) TimerEvent: {}
[54.764717] (ros2_unitree_legged_msgs) StdoutLine: {'line': b'[ 56%] \x1b[32mBuilding CXX object CMakeFiles/ros2_unitree_legged_msgs__rosidl_typesupport_introspection_cpp.dir/rosidl_typesupport_introspection_cpp/ros2_unitree_legged_msgs/msg/detail/high_state__type_support.cpp.o\x1b[0m\n'}
[54.782072] (unitree_api) StdoutLine: {'line': b'[ 80%] \x1b[32mBuilding C object CMakeFiles/unitree_api__rosidl_typesupport_introspection_c.dir/rosidl_typesupport_introspection_c/unitree_api/msg/detail/request_header__type_support.c.o\x1b[0m\n'}
[54.809251] (-) TimerEvent: {}
[54.813419] (ros2_unitree_legged_msgs) StdoutLine: {'line': b'[ 57%] \x1b[32mBuilding CXX object CMakeFiles/ros2_unitree_legged_msgs__rosidl_typesupport_fastrtps_cpp.dir/rosidl_typesupport_fastrtps_cpp/ros2_unitree_legged_msgs/msg/detail/dds_fastrtps/high_state__type_support.cpp.o\x1b[0m\n'}
[54.872938] (unitree_api) StdoutLine: {'line': b'[ 81%] \x1b[32m\x1b[1mLinking C shared library libunitree_api__rosidl_typesupport_introspection_c.so\x1b[0m\n'}
[54.881289] (unitree_go) StdoutLine: {'line': b'[ 16%] \x1b[32mBuilding CXX object CMakeFiles/unitree_go__rosidl_typesupport_cpp.dir/rosidl_typesupport_cpp/unitree_go/msg/imu_state__type_support.cpp.o\x1b[0m\n'}
[54.911278] (-) TimerEvent: {}
[55.011910] (-) TimerEvent: {}
[55.053484] (unitree_api) StdoutLine: {'line': b'[ 81%] Built target unitree_api__rosidl_typesupport_introspection_c\n'}
[55.114289] (-) TimerEvent: {}
[55.168494] (unitree_api) StdoutLine: {'line': b'[ 81%] Built target unitree_api\n'}
[55.214440] (-) TimerEvent: {}
[55.295399] (unitree_api) StdoutLine: {'line': b'[ 82%] \x1b[34m\x1b[1mGenerating Python code for ROS interfaces\x1b[0m\n'}
[55.314632] (-) TimerEvent: {}
[55.419262] (-) TimerEvent: {}
[55.520097] (-) TimerEvent: {}
[55.621267] (-) TimerEvent: {}
[55.627813] (unitree_go) StdoutLine: {'line': b'[ 17%] \x1b[32mBuilding CXX object CMakeFiles/unitree_go__rosidl_typesupport_cpp.dir/rosidl_typesupport_cpp/unitree_go/msg/interface_config__type_support.cpp.o\x1b[0m\n'}
[55.721422] (-) TimerEvent: {}
[55.824246] (-) TimerEvent: {}
[55.925230] (-) TimerEvent: {}
[56.028803] (-) TimerEvent: {}
[56.131235] (-) TimerEvent: {}
[56.189509] (ros2_unitree_legged_msgs) StdoutLine: {'line': b'[ 58%] \x1b[32m\x1b[1mLinking CXX shared library libros2_unitree_legged_msgs__rosidl_typesupport_fastrtps_cpp.so\x1b[0m\n'}
[56.196313] (ros2_unitree_legged_msgs) StdoutLine: {'line': b'[ 59%] \x1b[32m\x1b[1mLinking CXX shared library libros2_unitree_legged_msgs__rosidl_typesupport_introspection_cpp.so\x1b[0m\n'}
[56.231376] (-) TimerEvent: {}
[56.332142] (-) TimerEvent: {}
[56.439840] (-) TimerEvent: {}
[56.541590] (-) TimerEvent: {}
[56.583069] (ros2_unitree_legged_msgs) StdoutLine: {'line': b'[ 59%] Built target ros2_unitree_legged_msgs__rosidl_typesupport_fastrtps_cpp\n'}
[56.614090] (ros2_unitree_legged_msgs) StdoutLine: {'line': b'[ 59%] Built target ros2_unitree_legged_msgs__rosidl_typesupport_introspection_cpp\n'}
[56.633691] (ros2_unitree_legged_msgs) StdoutLine: {'line': b'[ 60%] \x1b[34m\x1b[1mGenerating C type support dispatch for ROS interfaces\x1b[0m\n'}
[56.634376] (unitree_go) StdoutLine: {'line': b'[ 17%] \x1b[32mBuilding CXX object CMakeFiles/unitree_go__rosidl_typesupport_cpp.dir/rosidl_typesupport_cpp/unitree_go/msg/lidar_state__type_support.cpp.o\x1b[0m\n'}
[56.641793] (-) TimerEvent: {}
[56.742508] (-) TimerEvent: {}
[56.843378] (-) TimerEvent: {}
[56.946421] (-) TimerEvent: {}
[57.046951] (-) TimerEvent: {}
[57.147550] (-) TimerEvent: {}
[57.227367] (cyclonedds) StdoutLine: {'line': b'[ 40%] \x1b[32mBuilding C object src/core/CMakeFiles/ddsc.dir/ddsi/src/ddsi_cdrstream.c.o\x1b[0m\n'}
[57.232671] (unitree_go) StdoutLine: {'line': b'[ 18%] \x1b[32mBuilding CXX object CMakeFiles/unitree_go__rosidl_typesupport_cpp.dir/rosidl_typesupport_cpp/unitree_go/msg/low_cmd__type_support.cpp.o\x1b[0m\n'}
[57.247666] (-) TimerEvent: {}
[57.350666] (-) TimerEvent: {}
[57.451524] (-) TimerEvent: {}
[57.552200] (-) TimerEvent: {}
[57.652737] (-) TimerEvent: {}
[57.755246] (-) TimerEvent: {}
[57.800625] (unitree_api) StdoutLine: {'line': b'[ 82%] Built target unitree_api__py\n'}
[57.855402] (-) TimerEvent: {}
[57.859442] (unitree_api) StdoutLine: {'line': b'[ 84%] \x1b[32mBuilding C object CMakeFiles/unitree_api__rosidl_generator_py.dir/rosidl_generator_py/unitree_api/msg/_request_s.c.o\x1b[0m\n'}
[57.883019] (unitree_go) StdoutLine: {'line': b'[ 18%] \x1b[32mBuilding CXX object CMakeFiles/unitree_go__rosidl_typesupport_cpp.dir/rosidl_typesupport_cpp/unitree_go/msg/low_state__type_support.cpp.o\x1b[0m\n'}
[57.958236] (-) TimerEvent: {}
[58.058744] (-) TimerEvent: {}
[58.159339] (-) TimerEvent: {}
[58.167326] (unitree_api) StdoutLine: {'line': b'[ 85%] \x1b[32mBuilding C object CMakeFiles/unitree_api__rosidl_generator_py.dir/rosidl_generator_py/unitree_api/msg/_request_lease_s.c.o\x1b[0m\n'}
[58.259533] (-) TimerEvent: {}
[58.362303] (-) TimerEvent: {}
[58.422607] (unitree_api) StdoutLine: {'line': b'[ 86%] \x1b[32mBuilding C object CMakeFiles/unitree_api__rosidl_generator_py.dir/rosidl_generator_py/unitree_api/msg/_request_policy_s.c.o\x1b[0m\n'}
[58.463497] (-) TimerEvent: {}
[58.563107] (unitree_go) StdoutLine: {'line': b'[ 18%] \x1b[32mBuilding CXX object CMakeFiles/unitree_go__rosidl_typesupport_cpp.dir/rosidl_typesupport_cpp/unitree_go/msg/motor_cmd__type_support.cpp.o\x1b[0m\n'}
[58.563475] (-) TimerEvent: {}
[58.641106] (ros2_unitree_legged_msgs) StdoutLine: {'line': b'[ 61%] \x1b[32mBuilding CXX object CMakeFiles/ros2_unitree_legged_msgs__rosidl_typesupport_c.dir/rosidl_typesupport_c/ros2_unitree_legged_msgs/msg/motor_cmd__type_support.cpp.o\x1b[0m\n'}
[58.652651] (unitree_api) StdoutLine: {'line': b'[ 87%] \x1b[32mBuilding C object CMakeFiles/unitree_api__rosidl_generator_py.dir/rosidl_generator_py/unitree_api/msg/_response_s.c.o\x1b[0m\n'}
[58.663625] (-) TimerEvent: {}
[58.712382] (ros2_unitree_legged_msgs) StdoutLine: {'line': b'[ 61%] \x1b[32mBuilding CXX object CMakeFiles/ros2_unitree_legged_msgs__rosidl_typesupport_c.dir/rosidl_typesupport_c/ros2_unitree_legged_msgs/msg/bms_cmd__type_support.cpp.o\x1b[0m\n'}
[58.766240] (-) TimerEvent: {}
[58.790903] (ros2_unitree_legged_msgs) StdoutLine: {'line': b'[ 62%] \x1b[32mBuilding CXX object CMakeFiles/ros2_unitree_legged_msgs__rosidl_typesupport_c.dir/rosidl_typesupport_c/ros2_unitree_legged_msgs/msg/bms_state__type_support.cpp.o\x1b[0m\n'}
[58.858017] (ros2_unitree_legged_msgs) StdoutLine: {'line': b'[ 63%] \x1b[32mBuilding CXX object CMakeFiles/ros2_unitree_legged_msgs__rosidl_typesupport_c.dir/rosidl_typesupport_c/ros2_unitree_legged_msgs/msg/cartesian__type_support.cpp.o\x1b[0m\n'}
[58.866411] (-) TimerEvent: {}
[58.931395] (unitree_api) StdoutLine: {'line': b'[ 88%] \x1b[32mBuilding C object CMakeFiles/unitree_api__rosidl_generator_py.dir/rosidl_generator_py/unitree_api/msg/_response_header_s.c.o\x1b[0m\n'}
[58.938520] (ros2_unitree_legged_msgs) StdoutLine: {'line': b'[ 64%] \x1b[32mBuilding CXX object CMakeFiles/ros2_unitree_legged_msgs__rosidl_typesupport_c.dir/rosidl_typesupport_c/ros2_unitree_legged_msgs/msg/imu__type_support.cpp.o\x1b[0m\n'}
[58.966547] (-) TimerEvent: {}
[59.016499] (ros2_unitree_legged_msgs) StdoutLine: {'line': b'[ 65%] \x1b[32mBuilding CXX object CMakeFiles/ros2_unitree_legged_msgs__rosidl_typesupport_c.dir/rosidl_typesupport_c/ros2_unitree_legged_msgs/msg/led__type_support.cpp.o\x1b[0m\n'}
[59.066697] (-) TimerEvent: {}
[59.089259] (ros2_unitree_legged_msgs) StdoutLine: {'line': b'[ 66%] \x1b[32mBuilding CXX object CMakeFiles/ros2_unitree_legged_msgs__rosidl_typesupport_c.dir/rosidl_typesupport_c/ros2_unitree_legged_msgs/msg/low_cmd__type_support.cpp.o\x1b[0m\n'}
[59.160781] (ros2_unitree_legged_msgs) StdoutLine: {'line': b'[ 67%] \x1b[32mBuilding CXX object CMakeFiles/ros2_unitree_legged_msgs__rosidl_typesupport_c.dir/rosidl_typesupport_c/ros2_unitree_legged_msgs/msg/low_state__type_support.cpp.o\x1b[0m\n'}
[59.166869] (-) TimerEvent: {}
[59.202455] (unitree_api) StdoutLine: {'line': b'[ 89%] \x1b[32mBuilding C object CMakeFiles/unitree_api__rosidl_generator_py.dir/rosidl_generator_py/unitree_api/msg/_response_status_s.c.o\x1b[0m\n'}
[59.244240] (ros2_unitree_legged_msgs) StdoutLine: {'line': b'[ 68%] \x1b[32mBuilding CXX object CMakeFiles/ros2_unitree_legged_msgs__rosidl_typesupport_c.dir/rosidl_typesupport_c/ros2_unitree_legged_msgs/msg/high_cmd__type_support.cpp.o\x1b[0m\n'}
[59.267031] (-) TimerEvent: {}
[59.318592] (ros2_unitree_legged_msgs) StdoutLine: {'line': b'[ 69%] \x1b[32mBuilding CXX object CMakeFiles/ros2_unitree_legged_msgs__rosidl_typesupport_c.dir/rosidl_typesupport_c/ros2_unitree_legged_msgs/msg/high_state__type_support.cpp.o\x1b[0m\n'}
[59.360802] (unitree_go) StdoutLine: {'line': b'[ 19%] \x1b[32mBuilding CXX object CMakeFiles/unitree_go__rosidl_typesupport_cpp.dir/rosidl_typesupport_cpp/unitree_go/msg/motor_cmds__type_support.cpp.o\x1b[0m\n'}
[59.370254] (-) TimerEvent: {}
[59.400296] (ros2_unitree_legged_msgs) StdoutLine: {'line': b'[ 70%] \x1b[32mBuilding CXX object CMakeFiles/ros2_unitree_legged_msgs__rosidl_typesupport_c.dir/rosidl_typesupport_c/ros2_unitree_legged_msgs/msg/motor_state__type_support.cpp.o\x1b[0m\n'}
[59.464389] (ros2_unitree_legged_msgs) StdoutLine: {'line': b'[ 71%] \x1b[32m\x1b[1mLinking CXX shared library libros2_unitree_legged_msgs__rosidl_typesupport_c.so\x1b[0m\n'}
[59.466159] (unitree_api) StdoutLine: {'line': b'[ 90%] \x1b[32mBuilding C object CMakeFiles/unitree_api__rosidl_generator_py.dir/rosidl_generator_py/unitree_api/msg/_request_identity_s.c.o\x1b[0m\n'}
[59.470381] (-) TimerEvent: {}
[59.571383] (-) TimerEvent: {}
[59.575284] (ros2_unitree_legged_msgs) StdoutLine: {'line': b'[ 71%] Built target ros2_unitree_legged_msgs__rosidl_typesupport_c\n'}
[59.605382] (ros2_unitree_legged_msgs) StdoutLine: {'line': b'[ 72%] \x1b[34m\x1b[1mGenerating C introspection for ROS interfaces\x1b[0m\n'}
[59.671542] (-) TimerEvent: {}
[59.724946] (unitree_api) StdoutLine: {'line': b'[ 92%] \x1b[32mBuilding C object CMakeFiles/unitree_api__rosidl_generator_py.dir/rosidl_generator_py/unitree_api/msg/_request_header_s.c.o\x1b[0m\n'}
[59.771689] (-) TimerEvent: {}
[59.876472] (-) TimerEvent: {}
[59.980801] (-) TimerEvent: {}
[60.000243] (unitree_api) StdoutLine: {'line': b'[ 93%] \x1b[32m\x1b[1mLinking C shared library rosidl_generator_py/unitree_api/libunitree_api__rosidl_generator_py.so\x1b[0m\n'}
[60.081119] (-) TimerEvent: {}
[60.145999] (unitree_api) StdoutLine: {'line': b'[ 93%] Built target unitree_api__rosidl_generator_py\n'}
[60.181277] (-) TimerEvent: {}
[60.202188] (unitree_api) StdoutLine: {'line': b'[ 94%] \x1b[32mBuilding C object CMakeFiles/unitree_api__rosidl_typesupport_fastrtps_c__pyext.dir/rosidl_generator_py/unitree_api/_unitree_api_s.ep.rosidl_typesupport_fastrtps_c.c.o\x1b[0m\n'}
[60.238450] (unitree_go) StdoutLine: {'line': b'[ 19%] \x1b[32mBuilding CXX object CMakeFiles/unitree_go__rosidl_typesupport_cpp.dir/rosidl_typesupport_cpp/unitree_go/msg/motor_state__type_support.cpp.o\x1b[0m\n'}
[60.282252] (-) TimerEvent: {}
[60.385259] (-) TimerEvent: {}
[60.485966] (-) TimerEvent: {}
[60.514294] (unitree_api) StdoutLine: {'line': b'[ 95%] \x1b[32m\x1b[1mLinking C shared library rosidl_generator_py/unitree_api/unitree_api_s__rosidl_typesupport_fastrtps_c.cpython-310-aarch64-linux-gnu.so\x1b[0m\n'}
[60.586286] (-) TimerEvent: {}
[60.628249] (unitree_api) StdoutLine: {'line': b'[ 95%] Built target unitree_api__rosidl_typesupport_fastrtps_c__pyext\n'}
[60.679001] (unitree_api) StdoutLine: {'line': b'[ 96%] \x1b[32mBuilding C object CMakeFiles/unitree_api__rosidl_typesupport_c__pyext.dir/rosidl_generator_py/unitree_api/_unitree_api_s.ep.rosidl_typesupport_c.c.o\x1b[0m\n'}
[60.686503] (-) TimerEvent: {}
[60.794510] (-) TimerEvent: {}
[60.895084] (-) TimerEvent: {}
[60.918033] (unitree_go) StdoutLine: {'line': b'[ 20%] \x1b[32mBuilding CXX object CMakeFiles/unitree_go__rosidl_typesupport_cpp.dir/rosidl_typesupport_cpp/unitree_go/msg/motor_states__type_support.cpp.o\x1b[0m\n'}
[60.977270] (unitree_api) StdoutLine: {'line': b'[ 97%] \x1b[32m\x1b[1mLinking C shared library rosidl_generator_py/unitree_api/unitree_api_s__rosidl_typesupport_c.cpython-310-aarch64-linux-gnu.so\x1b[0m\n'}
[60.995223] (-) TimerEvent: {}
[61.090963] (unitree_api) StdoutLine: {'line': b'[ 97%] Built target unitree_api__rosidl_typesupport_c__pyext\n'}
[61.095364] (-) TimerEvent: {}
[61.149448] (unitree_api) StdoutLine: {'line': b'[ 98%] \x1b[32mBuilding C object CMakeFiles/unitree_api__rosidl_typesupport_introspection_c__pyext.dir/rosidl_generator_py/unitree_api/_unitree_api_s.ep.rosidl_typesupport_introspection_c.c.o\x1b[0m\n'}
[61.197228] (-) TimerEvent: {}
[61.298064] (-) TimerEvent: {}
[61.398920] (-) TimerEvent: {}
[61.447036] (unitree_api) StdoutLine: {'line': b'[100%] \x1b[32m\x1b[1mLinking C shared library rosidl_generator_py/unitree_api/unitree_api_s__rosidl_typesupport_introspection_c.cpython-310-aarch64-linux-gnu.so\x1b[0m\n'}
[61.499116] (-) TimerEvent: {}
[61.562321] (unitree_api) StdoutLine: {'line': b'[100%] Built target unitree_api__rosidl_typesupport_introspection_c__pyext\n'}
[61.599231] (-) TimerEvent: {}
[61.610717] (unitree_go) StdoutLine: {'line': b'[ 20%] \x1b[32mBuilding CXX object CMakeFiles/unitree_go__rosidl_typesupport_cpp.dir/rosidl_typesupport_cpp/unitree_go/msg/path_point__type_support.cpp.o\x1b[0m\n'}
[61.612776] (unitree_api) CommandEnded: {'returncode': 0}
[61.618422] (unitree_api) JobProgress: {'identifier': 'unitree_api', 'progress': 'install'}
[61.639555] (unitree_api) Command: {'cmd': ['/usr/bin/cmake', '--install', '/ws/build/unitree_api'], 'cwd': '/ws/build/unitree_api', 'env': OrderedDict([('HOSTNAME', 'pi'), ('SHLVL', '1'), ('LD_LIBRARY_PATH', '/opt/ros/humble/lib/aarch64-linux-gnu:/opt/ros/humble/lib'), ('HOME', '/root'), ('OLDPWD', '/ws/src'), ('ROS_PYTHON_VERSION', '3'), ('ROS_DISTRO', 'humble'), ('_', '/usr/bin/colcon'), ('ROS_VERSION', '2'), ('TERM', 'xterm'), ('ROS_LOCALHOST_ONLY', '0'), ('PATH', '/opt/ros/humble/bin:/usr/local/sbin:/usr/local/bin:/usr/sbin:/usr/bin:/sbin:/bin'), ('LANG', 'C.UTF-8'), ('LS_COLORS', 'rs=0:di=01;34:ln=01;36:mh=00:pi=40;33:so=01;35:do=01;35:bd=40;33;01:cd=40;33;01:or=40;31;01:mi=00:su=37;41:sg=30;43:ca=30;41:tw=30;42:ow=34;42:st=37;44:ex=01;32:*.tar=01;31:*.tgz=01;31:*.arc=01;31:*.arj=01;31:*.taz=01;31:*.lha=01;31:*.lz4=01;31:*.lzh=01;31:*.lzma=01;31:*.tlz=01;31:*.txz=01;31:*.tzo=01;31:*.t7z=01;31:*.zip=01;31:*.z=01;31:*.dz=01;31:*.gz=01;31:*.lrz=01;31:*.lz=01;31:*.lzo=01;31:*.xz=01;31:*.zst=01;31:*.tzst=01;31:*.bz2=01;31:*.bz=01;31:*.tbz=01;31:*.tbz2=01;31:*.tz=01;31:*.deb=01;31:*.rpm=01;31:*.jar=01;31:*.war=01;31:*.ear=01;31:*.sar=01;31:*.rar=01;31:*.alz=01;31:*.ace=01;31:*.zoo=01;31:*.cpio=01;31:*.7z=01;31:*.rz=01;31:*.cab=01;31:*.wim=01;31:*.swm=01;31:*.dwm=01;31:*.esd=01;31:*.jpg=01;35:*.jpeg=01;35:*.mjpg=01;35:*.mjpeg=01;35:*.gif=01;35:*.bmp=01;35:*.pbm=01;35:*.pgm=01;35:*.ppm=01;35:*.tga=01;35:*.xbm=01;35:*.xpm=01;35:*.tif=01;35:*.tiff=01;35:*.png=01;35:*.svg=01;35:*.svgz=01;35:*.mng=01;35:*.pcx=01;35:*.mov=01;35:*.mpg=01;35:*.mpeg=01;35:*.m2v=01;35:*.mkv=01;35:*.webm=01;35:*.webp=01;35:*.ogm=01;35:*.mp4=01;35:*.m4v=01;35:*.mp4v=01;35:*.vob=01;35:*.qt=01;35:*.nuv=01;35:*.wmv=01;35:*.asf=01;35:*.rm=01;35:*.rmvb=01;35:*.flc=01;35:*.avi=01;35:*.fli=01;35:*.flv=01;35:*.gl=01;35:*.dl=01;35:*.xcf=01;35:*.xwd=01;35:*.yuv=01;35:*.cgm=01;35:*.emf=01;35:*.ogv=01;35:*.ogx=01;35:*.aac=00;36:*.au=00;36:*.flac=00;36:*.m4a=00;36:*.mid=00;36:*.midi=00;36:*.mka=00;36:*.mp3=00;36:*.mpc=00;36:*.ogg=00;36:*.ra=00;36:*.wav=00;36:*.oga=00;36:*.opus=00;36:*.spx=00;36:*.xspf=00;36:'), ('AMENT_PREFIX_PATH', '/opt/ros/humble'), ('DEBIAN_FRONTEND', 'noninteractive'), ('PWD', '/ws/build/unitree_api'), ('LC_ALL', 'C.UTF-8'), ('PYTHONPATH', '/opt/ros/humble/lib/python3.10/site-packages:/opt/ros/humble/local/lib/python3.10/dist-packages'), ('COLCON', '1'), ('CMAKE_PREFIX_PATH', '/opt/ros/humble')]), 'shell': False}
[61.655609] (unitree_api) StdoutLine: {'line': b'-- Install configuration: ""\n'}
[61.656747] (unitree_api) StdoutLine: {'line': b'-- Installing: /ws/install/unitree_api/share/ament_index/resource_index/rosidl_interfaces/unitree_api\n'}
[61.657480] (unitree_api) StdoutLine: {'line': b'-- Installing: /ws/install/unitree_api/include/unitree_api/unitree_api\n'}
[61.658197] (unitree_api) StdoutLine: {'line': b'-- Installing: /ws/install/unitree_api/include/unitree_api/unitree_api/msg\n'}
[61.658913] (unitree_api) StdoutLine: {'line': b'-- Installing: /ws/install/unitree_api/include/unitree_api/unitree_api/msg/request_lease.h\n'}
[61.659634] (unitree_api) StdoutLine: {'line': b'-- Installing: /ws/install/unitree_api/include/unitree_api/unitree_api/msg/request_policy.h\n'}
[61.662021] (unitree_api) StdoutLine: {'line': b'-- Installing: /ws/install/unitree_api/include/unitree_api/unitree_api/msg/response.h\n'}
[61.662898] (unitree_api) StdoutLine: {'line': b'-- Installing: /ws/install/unitree_api/include/unitree_api/unitree_api/msg/response_header.h\n'}
[61.663733] (unitree_api) StdoutLine: {'line': b'-- Installing: /ws/install/unitree_api/include/unitree_api/unitree_api/msg/request_header.h\n'}
[61.664487] (unitree_api) StdoutLine: {'line': b'-- Installing: /ws/install/unitree_api/include/unitree_api/unitree_api/msg/rosidl_generator_c__visibility_control.h\n'}
[61.667941] (unitree_api) StdoutLine: {'line': b'-- Installing: /ws/install/unitree_api/include/unitree_api/unitree_api/msg/response_status.h\n'}
[61.668679] (unitree_api) StdoutLine: {'line': b'-- Installing: /ws/install/unitree_api/include/unitree_api/unitree_api/msg/request.h\n'}
[61.669359] (unitree_api) StdoutLine: {'line': b'-- Installing: /ws/install/unitree_api/include/unitree_api/unitree_api/msg/detail\n'}
[61.671227] (unitree_api) StdoutLine: {'line': b'-- Installing: /ws/install/unitree_api/include/unitree_api/unitree_api/msg/detail/request_header__functions.h\n'}
[61.673267] (unitree_api) StdoutLine: {'line': b'-- Installing: /ws/install/unitree_api/include/unitree_api/unitree_api/msg/detail/response_status__struct.h\n'}
[61.674230] (unitree_api) StdoutLine: {'line': b'-- Installing: /ws/install/unitree_api/include/unitree_api/unitree_api/msg/detail/request_policy__type_support.h\n'}
[61.675010] (unitree_api) StdoutLine: {'line': b'-- Installing: /ws/install/unitree_api/include/unitree_api/unitree_api/msg/detail/request__functions.h\n'}
[61.675722] (unitree_api) StdoutLine: {'line': b'-- Installing: /ws/install/unitree_api/include/unitree_api/unitree_api/msg/detail/request_lease__functions.c\n'}
[61.679051] (unitree_api) StdoutLine: {'line': b'-- Installing: /ws/install/unitree_api/include/unitree_api/unitree_api/msg/detail/request_identity__functions.h\n'}
[61.679822] (unitree_api) StdoutLine: {'line': b'-- Installing: /ws/install/unitree_api/include/unitree_api/unitree_api/msg/detail/request_identity__functions.c\n'}
[61.680560] (unitree_api) StdoutLine: {'line': b'-- Installing: /ws/install/unitree_api/include/unitree_api/unitree_api/msg/detail/request_policy__functions.c\n'}
[61.681113] (unitree_api) StdoutLine: {'line': b'-- Installing: /ws/install/unitree_api/include/unitree_api/unitree_api/msg/detail/response_header__functions.h\n'}
[61.681295] (unitree_api) StdoutLine: {'line': b'-- Installing: /ws/install/unitree_api/include/unitree_api/unitree_api/msg/detail/request_header__struct.h\n'}
[61.681434] (unitree_api) StdoutLine: {'line': b'-- Installing: /ws/install/unitree_api/include/unitree_api/unitree_api/msg/detail/request_lease__struct.h\n'}
[61.681521] (unitree_api) StdoutLine: {'line': b'-- Installing: /ws/install/unitree_api/include/unitree_api/unitree_api/msg/detail/response__type_support.h\n'}
[61.681599] (unitree_api) StdoutLine: {'line': b'-- Installing: /ws/install/unitree_api/include/unitree_api/unitree_api/msg/detail/request_policy__functions.h\n'}
[61.681758] (unitree_api) StdoutLine: {'line': b'-- Installing: /ws/install/unitree_api/include/unitree_api/unitree_api/msg/detail/response_status__type_support.h\n'}
[61.681848] (unitree_api) StdoutLine: {'line': b'-- Installing: /ws/install/unitree_api/include/unitree_api/unitree_api/msg/detail/response__functions.h\n'}
[61.681923] (unitree_api) StdoutLine: {'line': b'-- Installing: /ws/install/unitree_api/include/unitree_api/unitree_api/msg/detail/response_status__functions.c\n'}
[61.682059] (unitree_api) StdoutLine: {'line': b'-- Installing: /ws/install/unitree_api/include/unitree_api/unitree_api/msg/detail/request__functions.c\n'}
[61.682165] (unitree_api) StdoutLine: {'line': b'-- Installing: /ws/install/unitree_api/include/unitree_api/unitree_api/msg/detail/request__type_support.h\n'}
[61.682272] (unitree_api) StdoutLine: {'line': b'-- Installing: /ws/install/unitree_api/include/unitree_api/unitree_api/msg/detail/request_identity__struct.h\n'}
[61.683238] (unitree_api) StdoutLine: {'line': b'-- Installing: /ws/install/unitree_api/include/unitree_api/unitree_api/msg/detail/response__struct.h\n'}
[61.683410] (unitree_api) StdoutLine: {'line': b'-- Installing: /ws/install/unitree_api/include/unitree_api/unitree_api/msg/detail/response_status__functions.h\n'}
[61.683494] (unitree_api) StdoutLine: {'line': b'-- Installing: /ws/install/unitree_api/include/unitree_api/unitree_api/msg/detail/request_header__functions.c\n'}
[61.683566] (unitree_api) StdoutLine: {'line': b'-- Installing: /ws/install/unitree_api/include/unitree_api/unitree_api/msg/detail/request__struct.h\n'}
[61.683631] (unitree_api) StdoutLine: {'line': b'-- Installing: /ws/install/unitree_api/include/unitree_api/unitree_api/msg/detail/response_header__functions.c\n'}
[61.683696] (unitree_api) StdoutLine: {'line': b'-- Installing: /ws/install/unitree_api/include/unitree_api/unitree_api/msg/detail/request_header__type_support.h\n'}
[61.683762] (unitree_api) StdoutLine: {'line': b'-- Installing: /ws/install/unitree_api/include/unitree_api/unitree_api/msg/detail/request_lease__functions.h\n'}
[61.683831] (unitree_api) StdoutLine: {'line': b'-- Installing: /ws/install/unitree_api/include/unitree_api/unitree_api/msg/detail/response__functions.c\n'}
[61.683927] (unitree_api) StdoutLine: {'line': b'-- Installing: /ws/install/unitree_api/include/unitree_api/unitree_api/msg/detail/request_policy__struct.h\n'}
[61.684012] (unitree_api) StdoutLine: {'line': b'-- Installing: /ws/install/unitree_api/include/unitree_api/unitree_api/msg/detail/request_identity__type_support.h\n'}
[61.687240] (unitree_api) StdoutLine: {'line': b'-- Installing: /ws/install/unitree_api/include/unitree_api/unitree_api/msg/detail/response_header__type_support.h\n'}
[61.687534] (unitree_api) StdoutLine: {'line': b'-- Installing: /ws/install/unitree_api/include/unitree_api/unitree_api/msg/detail/request_lease__type_support.h\n'}
[61.687648] (unitree_api) StdoutLine: {'line': b'-- Installing: /ws/install/unitree_api/include/unitree_api/unitree_api/msg/detail/response_header__struct.h\n'}
[61.687795] (unitree_api) StdoutLine: {'line': b'-- Installing: /ws/install/unitree_api/include/unitree_api/unitree_api/msg/request_identity.h\n'}
[61.687900] (unitree_api) StdoutLine: {'line': b'-- Installing: /ws/install/unitree_api/share/unitree_api/environment/library_path.sh\n'}
[61.687976] (unitree_api) StdoutLine: {'line': b'-- Installing: /ws/install/unitree_api/share/unitree_api/environment/library_path.dsv\n'}
[61.688113] (unitree_api) StdoutLine: {'line': b'-- Installing: /ws/install/unitree_api/lib/libunitree_api__rosidl_generator_c.so\n'}
[61.688238] (unitree_api) StdoutLine: {'line': b'-- Set runtime path of "/ws/install/unitree_api/lib/libunitree_api__rosidl_generator_c.so" to ""\n'}
[61.688347] (unitree_api) StdoutLine: {'line': b'-- Up-to-date: /ws/install/unitree_api/include/unitree_api/unitree_api\n'}
[61.688531] (unitree_api) StdoutLine: {'line': b'-- Up-to-date: /ws/install/unitree_api/include/unitree_api/unitree_api/msg\n'}
[61.688661] (unitree_api) StdoutLine: {'line': b'-- Installing: /ws/install/unitree_api/include/unitree_api/unitree_api/msg/rosidl_typesupport_fastrtps_c__visibility_control.h\n'}
[61.688791] (unitree_api) StdoutLine: {'line': b'-- Up-to-date: /ws/install/unitree_api/include/unitree_api/unitree_api/msg/detail\n'}
[61.689010] (unitree_api) StdoutLine: {'line': b'-- Installing: /ws/install/unitree_api/include/unitree_api/unitree_api/msg/detail/request_policy__rosidl_typesupport_fastrtps_c.h\n'}
[61.689155] (unitree_api) StdoutLine: {'line': b'-- Installing: /ws/install/unitree_api/include/unitree_api/unitree_api/msg/detail/request_identity__rosidl_typesupport_fastrtps_c.h\n'}
[61.689297] (unitree_api) StdoutLine: {'line': b'-- Installing: /ws/install/unitree_api/include/unitree_api/unitree_api/msg/detail/response_status__rosidl_typesupport_fastrtps_c.h\n'}
[61.689397] (unitree_api) StdoutLine: {'line': b'-- Installing: /ws/install/unitree_api/include/unitree_api/unitree_api/msg/detail/request_lease__rosidl_typesupport_fastrtps_c.h\n'}
[61.689749] (unitree_api) StdoutLine: {'line': b'-- Installing: /ws/install/unitree_api/include/unitree_api/unitree_api/msg/detail/request_header__rosidl_typesupport_fastrtps_c.h\n'}
[61.689915] (unitree_api) StdoutLine: {'line': b'-- Installing: /ws/install/unitree_api/include/unitree_api/unitree_api/msg/detail/response__rosidl_typesupport_fastrtps_c.h\n'}
[61.690039] (unitree_api) StdoutLine: {'line': b'-- Installing: /ws/install/unitree_api/include/unitree_api/unitree_api/msg/detail/response_header__rosidl_typesupport_fastrtps_c.h\n'}
[61.693319] (unitree_api) StdoutLine: {'line': b'-- Installing: /ws/install/unitree_api/include/unitree_api/unitree_api/msg/detail/request__rosidl_typesupport_fastrtps_c.h\n'}
[61.693562] (unitree_api) StdoutLine: {'line': b'-- Installing: /ws/install/unitree_api/lib/libunitree_api__rosidl_typesupport_fastrtps_c.so\n'}
[61.693721] (unitree_api) StdoutLine: {'line': b'-- Set runtime path of "/ws/install/unitree_api/lib/libunitree_api__rosidl_typesupport_fastrtps_c.so" to ""\n'}
[61.693837] (unitree_api) StdoutLine: {'line': b'-- Up-to-date: /ws/install/unitree_api/include/unitree_api/unitree_api\n'}
[61.693934] (unitree_api) StdoutLine: {'line': b'-- Up-to-date: /ws/install/unitree_api/include/unitree_api/unitree_api/msg\n'}
[61.694087] (unitree_api) StdoutLine: {'line': b'-- Installing: /ws/install/unitree_api/include/unitree_api/unitree_api/msg/request_lease.hpp\n'}
[61.694206] (unitree_api) StdoutLine: {'line': b'-- Installing: /ws/install/unitree_api/include/unitree_api/unitree_api/msg/rosidl_generator_cpp__visibility_control.hpp\n'}
[61.694358] (unitree_api) StdoutLine: {'line': b'-- Installing: /ws/install/unitree_api/include/unitree_api/unitree_api/msg/request_header.hpp\n'}
[61.694450] (unitree_api) StdoutLine: {'line': b'-- Installing: /ws/install/unitree_api/include/unitree_api/unitree_api/msg/response.hpp\n'}
[61.694534] (unitree_api) StdoutLine: {'line': b'-- Installing: /ws/install/unitree_api/include/unitree_api/unitree_api/msg/request_identity.hpp\n'}
[61.694604] (unitree_api) StdoutLine: {'line': b'-- Installing: /ws/install/unitree_api/include/unitree_api/unitree_api/msg/response_header.hpp\n'}
[61.694698] (unitree_api) StdoutLine: {'line': b'-- Installing: /ws/install/unitree_api/include/unitree_api/unitree_api/msg/request.hpp\n'}
[61.694783] (unitree_api) StdoutLine: {'line': b'-- Installing: /ws/install/unitree_api/include/unitree_api/unitree_api/msg/request_policy.hpp\n'}
[61.694871] (unitree_api) StdoutLine: {'line': b'-- Up-to-date: /ws/install/unitree_api/include/unitree_api/unitree_api/msg/detail\n'}
[61.695017] (unitree_api) StdoutLine: {'line': b'-- Installing: /ws/install/unitree_api/include/unitree_api/unitree_api/msg/detail/response_status__type_support.hpp\n'}
[61.695111] (unitree_api) StdoutLine: {'line': b'-- Installing: /ws/install/unitree_api/include/unitree_api/unitree_api/msg/detail/request_policy__traits.hpp\n'}
[61.695272] (unitree_api) StdoutLine: {'line': b'-- Installing: /ws/install/unitree_api/include/unitree_api/unitree_api/msg/detail/request_lease__traits.hpp\n'}
[61.695369] (unitree_api) StdoutLine: {'line': b'-- Installing: /ws/install/unitree_api/include/unitree_api/unitree_api/msg/detail/request_lease__type_support.hpp\n'}
[61.695447] (unitree_api) StdoutLine: {'line': b'-- Installing: /ws/install/unitree_api/include/unitree_api/unitree_api/msg/detail/request_identity__type_support.hpp\n'}
[61.695516] (unitree_api) StdoutLine: {'line': b'-- Installing: /ws/install/unitree_api/include/unitree_api/unitree_api/msg/detail/request_header__type_support.hpp\n'}
[61.695603] (unitree_api) StdoutLine: {'line': b'-- Installing: /ws/install/unitree_api/include/unitree_api/unitree_api/msg/detail/response_status__struct.hpp\n'}
[61.695764] (unitree_api) StdoutLine: {'line': b'-- Installing: /ws/install/unitree_api/include/unitree_api/unitree_api/msg/detail/response_status__builder.hpp\n'}
[61.695861] (unitree_api) StdoutLine: {'line': b'-- Installing: /ws/install/unitree_api/include/unitree_api/unitree_api/msg/detail/request_header__builder.hpp\n'}
[61.696008] (unitree_api) StdoutLine: {'line': b'-- Installing: /ws/install/unitree_api/include/unitree_api/unitree_api/msg/detail/request_policy__struct.hpp\n'}
[61.696122] (unitree_api) StdoutLine: {'line': b'-- Installing: /ws/install/unitree_api/include/unitree_api/unitree_api/msg/detail/response__traits.hpp\n'}
[61.699318] (-) TimerEvent: {}
[61.702408] (unitree_api) StdoutLine: {'line': b'-- Installing: /ws/install/unitree_api/include/unitree_api/unitree_api/msg/detail/request_header__traits.hpp\n'}
[61.702717] (unitree_api) StdoutLine: {'line': b'-- Installing: /ws/install/unitree_api/include/unitree_api/unitree_api/msg/detail/response_header__struct.hpp\n'}
[61.702831] (unitree_api) StdoutLine: {'line': b'-- Installing: /ws/install/unitree_api/include/unitree_api/unitree_api/msg/detail/request_lease__builder.hpp\n'}
[61.702921] (unitree_api) StdoutLine: {'line': b'-- Installing: /ws/install/unitree_api/include/unitree_api/unitree_api/msg/detail/request_header__struct.hpp\n'}
[61.702992] (unitree_api) StdoutLine: {'line': b'-- Installing: /ws/install/unitree_api/include/unitree_api/unitree_api/msg/detail/response_header__traits.hpp\n'}
[61.703070] (unitree_api) StdoutLine: {'line': b'-- Installing: /ws/install/unitree_api/include/unitree_api/unitree_api/msg/detail/request__struct.hpp\n'}
[61.704348] (unitree_api) StdoutLine: {'line': b'-- Installing: /ws/install/unitree_api/include/unitree_api/unitree_api/msg/detail/response_header__builder.hpp\n'}
[61.704814] (unitree_api) StdoutLine: {'line': b'-- Installing: /ws/install/unitree_api/include/unitree_api/unitree_api/msg/detail/request__type_support.hpp\n'}
[61.705388] (unitree_api) StdoutLine: {'line': b'-- Installing: /ws/install/unitree_api/include/unitree_api/unitree_api/msg/detail/response__struct.hpp\n'}
[61.705598] (unitree_api) StdoutLine: {'line': b'-- Installing: /ws/install/unitree_api/include/unitree_api/unitree_api/msg/detail/response_status__traits.hpp\n'}
[61.705775] (unitree_api) StdoutLine: {'line': b'-- Installing: /ws/install/unitree_api/include/unitree_api/unitree_api/msg/detail/response__type_support.hpp\n'}
[61.705904] (unitree_api) StdoutLine: {'line': b'-- Installing: /ws/install/unitree_api/include/unitree_api/unitree_api/msg/detail/request_policy__type_support.hpp\n'}
[61.705987] (unitree_api) StdoutLine: {'line': b'-- Installing: /ws/install/unitree_api/include/unitree_api/unitree_api/msg/detail/response_header__type_support.hpp\n'}
[61.706063] (unitree_api) StdoutLine: {'line': b'-- Installing: /ws/install/unitree_api/include/unitree_api/unitree_api/msg/detail/request_identity__traits.hpp\n'}
[61.710295] (unitree_api) StdoutLine: {'line': b'-- Installing: /ws/install/unitree_api/include/unitree_api/unitree_api/msg/detail/request_policy__builder.hpp\n'}
[61.714416] (unitree_api) StdoutLine: {'line': b'-- Installing: /ws/install/unitree_api/include/unitree_api/unitree_api/msg/detail/request__builder.hpp\n'}
[61.714982] (unitree_api) StdoutLine: {'line': b'-- Installing: /ws/install/unitree_api/include/unitree_api/unitree_api/msg/detail/request_identity__struct.hpp\n'}
[61.716839] (unitree_api) StdoutLine: {'line': b'-- Installing: /ws/install/unitree_api/include/unitree_api/unitree_api/msg/detail/request_identity__builder.hpp\n'}
[61.717251] (unitree_api) StdoutLine: {'line': b'-- Installing: /ws/install/unitree_api/include/unitree_api/unitree_api/msg/detail/request_lease__struct.hpp\n'}
[61.717406] (unitree_api) StdoutLine: {'line': b'-- Installing: /ws/install/unitree_api/include/unitree_api/unitree_api/msg/detail/request__traits.hpp\n'}
[61.718176] (unitree_api) StdoutLine: {'line': b'-- Installing: /ws/install/unitree_api/include/unitree_api/unitree_api/msg/detail/response__builder.hpp\n'}
[61.718790] (unitree_api) StdoutLine: {'line': b'-- Installing: /ws/install/unitree_api/include/unitree_api/unitree_api/msg/response_status.hpp\n'}
[61.719185] (unitree_api) StdoutLine: {'line': b'-- Up-to-date: /ws/install/unitree_api/include/unitree_api/unitree_api\n'}
[61.719555] (unitree_api) StdoutLine: {'line': b'-- Up-to-date: /ws/install/unitree_api/include/unitree_api/unitree_api/msg\n'}
[61.719921] (unitree_api) StdoutLine: {'line': b'-- Installing: /ws/install/unitree_api/include/unitree_api/unitree_api/msg/rosidl_typesupport_fastrtps_cpp__visibility_control.h\n'}
[61.720520] (unitree_api) StdoutLine: {'line': b'-- Up-to-date: /ws/install/unitree_api/include/unitree_api/unitree_api/msg/detail\n'}
[61.720746] (unitree_api) StdoutLine: {'line': b'-- Installing: /ws/install/unitree_api/include/unitree_api/unitree_api/msg/detail/response__rosidl_typesupport_fastrtps_cpp.hpp\n'}
[61.720834] (unitree_api) StdoutLine: {'line': b'-- Installing: /ws/install/unitree_api/include/unitree_api/unitree_api/msg/detail/request_identity__rosidl_typesupport_fastrtps_cpp.hpp\n'}
[61.720911] (unitree_api) StdoutLine: {'line': b'-- Installing: /ws/install/unitree_api/include/unitree_api/unitree_api/msg/detail/response_header__rosidl_typesupport_fastrtps_cpp.hpp\n'}
[61.720982] (unitree_api) StdoutLine: {'line': b'-- Installing: /ws/install/unitree_api/include/unitree_api/unitree_api/msg/detail/dds_fastrtps\n'}
[61.721074] (unitree_api) StdoutLine: {'line': b'-- Installing: /ws/install/unitree_api/include/unitree_api/unitree_api/msg/detail/request_policy__rosidl_typesupport_fastrtps_cpp.hpp\n'}
[61.721169] (unitree_api) StdoutLine: {'line': b'-- Installing: /ws/install/unitree_api/include/unitree_api/unitree_api/msg/detail/request_header__rosidl_typesupport_fastrtps_cpp.hpp\n'}
[61.721254] (unitree_api) StdoutLine: {'line': b'-- Installing: /ws/install/unitree_api/include/unitree_api/unitree_api/msg/detail/request__rosidl_typesupport_fastrtps_cpp.hpp\n'}
[61.721325] (unitree_api) StdoutLine: {'line': b'-- Installing: /ws/install/unitree_api/include/unitree_api/unitree_api/msg/detail/response_status__rosidl_typesupport_fastrtps_cpp.hpp\n'}
[61.721394] (unitree_api) StdoutLine: {'line': b'-- Installing: /ws/install/unitree_api/include/unitree_api/unitree_api/msg/detail/request_lease__rosidl_typesupport_fastrtps_cpp.hpp\n'}
[61.721465] (unitree_api) StdoutLine: {'line': b'-- Installing: /ws/install/unitree_api/lib/libunitree_api__rosidl_typesupport_fastrtps_cpp.so\n'}
[61.721539] (unitree_api) StdoutLine: {'line': b'-- Set runtime path of "/ws/install/unitree_api/lib/libunitree_api__rosidl_typesupport_fastrtps_cpp.so" to ""\n'}
[61.721611] (unitree_api) StdoutLine: {'line': b'-- Up-to-date: /ws/install/unitree_api/include/unitree_api/unitree_api\n'}
[61.721693] (unitree_api) StdoutLine: {'line': b'-- Up-to-date: /ws/install/unitree_api/include/unitree_api/unitree_api/msg\n'}
[61.721780] (unitree_api) StdoutLine: {'line': b'-- Installing: /ws/install/unitree_api/include/unitree_api/unitree_api/msg/rosidl_typesupport_introspection_c__visibility_control.h\n'}
[61.721860] (unitree_api) StdoutLine: {'line': b'-- Up-to-date: /ws/install/unitree_api/include/unitree_api/unitree_api/msg/detail\n'}
[61.725610] (unitree_api) StdoutLine: {'line': b'-- Installing: /ws/install/unitree_api/include/unitree_api/unitree_api/msg/detail/request__rosidl_typesupport_introspection_c.h\n'}
[61.725899] (unitree_api) StdoutLine: {'line': b'-- Installing: /ws/install/unitree_api/include/unitree_api/unitree_api/msg/detail/response_status__type_support.c\n'}
[61.726055] (unitree_api) StdoutLine: {'line': b'-- Installing: /ws/install/unitree_api/include/unitree_api/unitree_api/msg/detail/request_lease__type_support.c\n'}
[61.726206] (unitree_api) StdoutLine: {'line': b'-- Installing: /ws/install/unitree_api/include/unitree_api/unitree_api/msg/detail/request_identity__type_support.c\n'}
[61.726370] (unitree_api) StdoutLine: {'line': b'-- Installing: /ws/install/unitree_api/include/unitree_api/unitree_api/msg/detail/response_header__type_support.c\n'}
[61.726481] (unitree_api) StdoutLine: {'line': b'-- Installing: /ws/install/unitree_api/include/unitree_api/unitree_api/msg/detail/request_policy__rosidl_typesupport_introspection_c.h\n'}
[61.726606] (unitree_api) StdoutLine: {'line': b'-- Installing: /ws/install/unitree_api/include/unitree_api/unitree_api/msg/detail/request_header__rosidl_typesupport_introspection_c.h\n'}
[61.726697] (unitree_api) StdoutLine: {'line': b'-- Installing: /ws/install/unitree_api/include/unitree_api/unitree_api/msg/detail/response__rosidl_typesupport_introspection_c.h\n'}
[61.728632] (unitree_api) StdoutLine: {'line': b'-- Installing: /ws/install/unitree_api/include/unitree_api/unitree_api/msg/detail/request__type_support.c\n'}
[61.728784] (unitree_api) StdoutLine: {'line': b'-- Installing: /ws/install/unitree_api/include/unitree_api/unitree_api/msg/detail/request_lease__rosidl_typesupport_introspection_c.h\n'}
[61.728887] (unitree_api) StdoutLine: {'line': b'-- Installing: /ws/install/unitree_api/include/unitree_api/unitree_api/msg/detail/response__type_support.c\n'}
[61.728984] (unitree_api) StdoutLine: {'line': b'-- Installing: /ws/install/unitree_api/include/unitree_api/unitree_api/msg/detail/request_policy__type_support.c\n'}
[61.729069] (unitree_api) StdoutLine: {'line': b'-- Installing: /ws/install/unitree_api/include/unitree_api/unitree_api/msg/detail/response_header__rosidl_typesupport_introspection_c.h\n'}
[61.729216] (unitree_api) StdoutLine: {'line': b'-- Installing: /ws/install/unitree_api/include/unitree_api/unitree_api/msg/detail/request_header__type_support.c\n'}
[61.729338] (unitree_api) StdoutLine: {'line': b'-- Installing: /ws/install/unitree_api/include/unitree_api/unitree_api/msg/detail/request_identity__rosidl_typesupport_introspection_c.h\n'}
[61.729439] (unitree_api) StdoutLine: {'line': b'-- Installing: /ws/install/unitree_api/include/unitree_api/unitree_api/msg/detail/response_status__rosidl_typesupport_introspection_c.h\n'}
[61.729529] (unitree_api) StdoutLine: {'line': b'-- Installing: /ws/install/unitree_api/lib/libunitree_api__rosidl_typesupport_introspection_c.so\n'}
[61.729616] (unitree_api) StdoutLine: {'line': b'-- Set runtime path of "/ws/install/unitree_api/lib/libunitree_api__rosidl_typesupport_introspection_c.so" to ""\n'}
[61.729703] (unitree_api) StdoutLine: {'line': b'-- Installing: /ws/install/unitree_api/lib/libunitree_api__rosidl_typesupport_c.so\n'}
[61.729826] (unitree_api) StdoutLine: {'line': b'-- Set runtime path of "/ws/install/unitree_api/lib/libunitree_api__rosidl_typesupport_c.so" to ""\n'}
[61.729914] (unitree_api) StdoutLine: {'line': b'-- Up-to-date: /ws/install/unitree_api/include/unitree_api/unitree_api\n'}
[61.730006] (unitree_api) StdoutLine: {'line': b'-- Up-to-date: /ws/install/unitree_api/include/unitree_api/unitree_api/msg\n'}
[61.730116] (unitree_api) StdoutLine: {'line': b'-- Up-to-date: /ws/install/unitree_api/include/unitree_api/unitree_api/msg/detail\n'}
[61.730239] (unitree_api) StdoutLine: {'line': b'-- Installing: /ws/install/unitree_api/include/unitree_api/unitree_api/msg/detail/request_lease__rosidl_typesupport_introspection_cpp.hpp\n'}
[61.730342] (unitree_api) StdoutLine: {'line': b'-- Installing: /ws/install/unitree_api/include/unitree_api/unitree_api/msg/detail/request_lease__type_support.cpp\n'}
[61.730433] (unitree_api) StdoutLine: {'line': b'-- Installing: /ws/install/unitree_api/include/unitree_api/unitree_api/msg/detail/request_header__rosidl_typesupport_introspection_cpp.hpp\n'}
[61.730526] (unitree_api) StdoutLine: {'line': b'-- Installing: /ws/install/unitree_api/include/unitree_api/unitree_api/msg/detail/request__type_support.cpp\n'}
[61.730609] (unitree_api) StdoutLine: {'line': b'-- Installing: /ws/install/unitree_api/include/unitree_api/unitree_api/msg/detail/response__type_support.cpp\n'}
[61.730683] (unitree_api) StdoutLine: {'line': b'-- Installing: /ws/install/unitree_api/include/unitree_api/unitree_api/msg/detail/request_identity__type_support.cpp\n'}
[61.730759] (unitree_api) StdoutLine: {'line': b'-- Installing: /ws/install/unitree_api/include/unitree_api/unitree_api/msg/detail/request__rosidl_typesupport_introspection_cpp.hpp\n'}
[61.730835] (unitree_api) StdoutLine: {'line': b'-- Installing: /ws/install/unitree_api/include/unitree_api/unitree_api/msg/detail/response_header__type_support.cpp\n'}
[61.730925] (unitree_api) StdoutLine: {'line': b'-- Installing: /ws/install/unitree_api/include/unitree_api/unitree_api/msg/detail/request_identity__rosidl_typesupport_introspection_cpp.hpp\n'}
[61.731037] (unitree_api) StdoutLine: {'line': b'-- Installing: /ws/install/unitree_api/include/unitree_api/unitree_api/msg/detail/request_policy__type_support.cpp\n'}
[61.731140] (unitree_api) StdoutLine: {'line': b'-- Installing: /ws/install/unitree_api/include/unitree_api/unitree_api/msg/detail/response_status__type_support.cpp\n'}
[61.731270] (unitree_api) StdoutLine: {'line': b'-- Installing: /ws/install/unitree_api/include/unitree_api/unitree_api/msg/detail/response_status__rosidl_typesupport_introspection_cpp.hpp\n'}
[61.731840] (unitree_api) StdoutLine: {'line': b'-- Installing: /ws/install/unitree_api/include/unitree_api/unitree_api/msg/detail/request_policy__rosidl_typesupport_introspection_cpp.hpp\n'}
[61.731958] (unitree_api) StdoutLine: {'line': b'-- Installing: /ws/install/unitree_api/include/unitree_api/unitree_api/msg/detail/response_header__rosidl_typesupport_introspection_cpp.hpp\n'}
[61.732052] (unitree_api) StdoutLine: {'line': b'-- Installing: /ws/install/unitree_api/include/unitree_api/unitree_api/msg/detail/response__rosidl_typesupport_introspection_cpp.hpp\n'}
[61.732376] (unitree_api) StdoutLine: {'line': b'-- Installing: /ws/install/unitree_api/include/unitree_api/unitree_api/msg/detail/request_header__type_support.cpp\n'}
[61.732541] (unitree_api) StdoutLine: {'line': b'-- Installing: /ws/install/unitree_api/lib/libunitree_api__rosidl_typesupport_introspection_cpp.so\n'}
[61.732731] (unitree_api) StdoutLine: {'line': b'-- Set runtime path of "/ws/install/unitree_api/lib/libunitree_api__rosidl_typesupport_introspection_cpp.so" to ""\n'}
[61.732892] (unitree_api) StdoutLine: {'line': b'-- Installing: /ws/install/unitree_api/lib/libunitree_api__rosidl_typesupport_cpp.so\n'}
[61.732977] (unitree_api) StdoutLine: {'line': b'-- Set runtime path of "/ws/install/unitree_api/lib/libunitree_api__rosidl_typesupport_cpp.so" to ""\n'}
[61.733056] (unitree_api) StdoutLine: {'line': b'-- Installing: /ws/install/unitree_api/share/unitree_api/environment/pythonpath.sh\n'}
[61.733186] (unitree_api) StdoutLine: {'line': b'-- Installing: /ws/install/unitree_api/share/unitree_api/environment/pythonpath.dsv\n'}
[61.733294] (unitree_api) StdoutLine: {'line': b'-- Installing: /ws/install/unitree_api/local/lib/python3.10/dist-packages/unitree_api-0.0.0-py3.10.egg-info\n'}
[61.733376] (unitree_api) StdoutLine: {'line': b'-- Installing: /ws/install/unitree_api/local/lib/python3.10/dist-packages/unitree_api-0.0.0-py3.10.egg-info/dependency_links.txt\n'}
[61.733455] (unitree_api) StdoutLine: {'line': b'-- Installing: /ws/install/unitree_api/local/lib/python3.10/dist-packages/unitree_api-0.0.0-py3.10.egg-info/top_level.txt\n'}
[61.733535] (unitree_api) StdoutLine: {'line': b'-- Installing: /ws/install/unitree_api/local/lib/python3.10/dist-packages/unitree_api-0.0.0-py3.10.egg-info/SOURCES.txt\n'}
[61.733613] (unitree_api) StdoutLine: {'line': b'-- Installing: /ws/install/unitree_api/local/lib/python3.10/dist-packages/unitree_api-0.0.0-py3.10.egg-info/PKG-INFO\n'}
[61.733699] (unitree_api) StdoutLine: {'line': b'-- Installing: /ws/install/unitree_api/local/lib/python3.10/dist-packages/unitree_api\n'}
[61.733778] (unitree_api) StdoutLine: {'line': b'-- Installing: /ws/install/unitree_api/local/lib/python3.10/dist-packages/unitree_api/_unitree_api_s.ep.rosidl_typesupport_introspection_c.c\n'}
[61.733861] (unitree_api) StdoutLine: {'line': b'-- Installing: /ws/install/unitree_api/local/lib/python3.10/dist-packages/unitree_api/unitree_api_s__rosidl_typesupport_fastrtps_c.cpython-310-aarch64-linux-gnu.so\n'}
[61.733961] (unitree_api) StdoutLine: {'line': b'-- Installing: /ws/install/unitree_api/local/lib/python3.10/dist-packages/unitree_api/unitree_api_s__rosidl_typesupport_c.cpython-310-aarch64-linux-gnu.so\n'}
[61.734110] (unitree_api) StdoutLine: {'line': b'-- Installing: /ws/install/unitree_api/local/lib/python3.10/dist-packages/unitree_api/unitree_api_s__rosidl_typesupport_introspection_c.cpython-310-aarch64-linux-gnu.so\n'}
[61.734315] (unitree_api) StdoutLine: {'line': b'-- Installing: /ws/install/unitree_api/local/lib/python3.10/dist-packages/unitree_api/libunitree_api__rosidl_generator_py.so\n'}
[61.734471] (unitree_api) StdoutLine: {'line': b'-- Installing: /ws/install/unitree_api/local/lib/python3.10/dist-packages/unitree_api/msg\n'}
[61.734579] (unitree_api) StdoutLine: {'line': b'-- Installing: /ws/install/unitree_api/local/lib/python3.10/dist-packages/unitree_api/msg/_request_policy_s.c\n'}
[61.734671] (unitree_api) StdoutLine: {'line': b'-- Installing: /ws/install/unitree_api/local/lib/python3.10/dist-packages/unitree_api/msg/_request_policy.py\n'}
[61.734764] (unitree_api) StdoutLine: {'line': b'-- Installing: /ws/install/unitree_api/local/lib/python3.10/dist-packages/unitree_api/msg/_request_identity.py\n'}
[61.734855] (unitree_api) StdoutLine: {'line': b'-- Installing: /ws/install/unitree_api/local/lib/python3.10/dist-packages/unitree_api/msg/_response_status.py\n'}
[61.734935] (unitree_api) StdoutLine: {'line': b'-- Installing: /ws/install/unitree_api/local/lib/python3.10/dist-packages/unitree_api/msg/_response.py\n'}
[61.735018] (unitree_api) StdoutLine: {'line': b'-- Installing: /ws/install/unitree_api/local/lib/python3.10/dist-packages/unitree_api/msg/_response_header_s.c\n'}
[61.735109] (unitree_api) StdoutLine: {'line': b'-- Installing: /ws/install/unitree_api/local/lib/python3.10/dist-packages/unitree_api/msg/_request_header_s.c\n'}
[61.735257] (unitree_api) StdoutLine: {'line': b'-- Installing: /ws/install/unitree_api/local/lib/python3.10/dist-packages/unitree_api/msg/_response_s.c\n'}
[61.735357] (unitree_api) StdoutLine: {'line': b'-- Installing: /ws/install/unitree_api/local/lib/python3.10/dist-packages/unitree_api/msg/_request_lease.py\n'}
[61.735442] (unitree_api) StdoutLine: {'line': b'-- Installing: /ws/install/unitree_api/local/lib/python3.10/dist-packages/unitree_api/msg/__init__.py\n'}
[61.735520] (unitree_api) StdoutLine: {'line': b'-- Installing: /ws/install/unitree_api/local/lib/python3.10/dist-packages/unitree_api/msg/_request_s.c\n'}
[61.735610] (unitree_api) StdoutLine: {'line': b'-- Installing: /ws/install/unitree_api/local/lib/python3.10/dist-packages/unitree_api/msg/_response_header.py\n'}
[61.735704] (unitree_api) StdoutLine: {'line': b'-- Installing: /ws/install/unitree_api/local/lib/python3.10/dist-packages/unitree_api/msg/_response_status_s.c\n'}
[61.735787] (unitree_api) StdoutLine: {'line': b'-- Installing: /ws/install/unitree_api/local/lib/python3.10/dist-packages/unitree_api/msg/_request.py\n'}
[61.735870] (unitree_api) StdoutLine: {'line': b'-- Installing: /ws/install/unitree_api/local/lib/python3.10/dist-packages/unitree_api/msg/_request_header.py\n'}
[61.735957] (unitree_api) StdoutLine: {'line': b'-- Installing: /ws/install/unitree_api/local/lib/python3.10/dist-packages/unitree_api/msg/_request_identity_s.c\n'}
[61.736055] (unitree_api) StdoutLine: {'line': b'-- Installing: /ws/install/unitree_api/local/lib/python3.10/dist-packages/unitree_api/msg/_request_lease_s.c\n'}
[61.736151] (unitree_api) StdoutLine: {'line': b'-- Installing: /ws/install/unitree_api/local/lib/python3.10/dist-packages/unitree_api/_unitree_api_s.ep.rosidl_typesupport_c.c\n'}
[61.736251] (unitree_api) StdoutLine: {'line': b'-- Installing: /ws/install/unitree_api/local/lib/python3.10/dist-packages/unitree_api/__init__.py\n'}
[61.736351] (unitree_api) StdoutLine: {'line': b'-- Installing: /ws/install/unitree_api/local/lib/python3.10/dist-packages/unitree_api/_unitree_api_s.ep.rosidl_typesupport_fastrtps_c.c\n'}
[61.802266] (-) TimerEvent: {}
[61.839108] (unitree_api) StdoutLine: {'line': b"Listing '/ws/install/unitree_api/local/lib/python3.10/dist-packages/unitree_api'...\n"}
[61.839470] (unitree_api) StdoutLine: {'line': b"Compiling '/ws/install/unitree_api/local/lib/python3.10/dist-packages/unitree_api/__init__.py'...\n"}
[61.839689] (unitree_api) StdoutLine: {'line': b"Listing '/ws/install/unitree_api/local/lib/python3.10/dist-packages/unitree_api/msg'...\n"}
[61.839808] (unitree_api) StdoutLine: {'line': b"Compiling '/ws/install/unitree_api/local/lib/python3.10/dist-packages/unitree_api/msg/__init__.py'...\n"}
[61.839921] (unitree_api) StdoutLine: {'line': b"Compiling '/ws/install/unitree_api/local/lib/python3.10/dist-packages/unitree_api/msg/_request.py'...\n"}
[61.839993] (unitree_api) StdoutLine: {'line': b"Compiling '/ws/install/unitree_api/local/lib/python3.10/dist-packages/unitree_api/msg/_request_header.py'...\n"}
[61.840063] (unitree_api) StdoutLine: {'line': b"Compiling '/ws/install/unitree_api/local/lib/python3.10/dist-packages/unitree_api/msg/_request_identity.py'...\n"}
[61.840143] (unitree_api) StdoutLine: {'line': b"Compiling '/ws/install/unitree_api/local/lib/python3.10/dist-packages/unitree_api/msg/_request_lease.py'...\n"}
[61.840231] (unitree_api) StdoutLine: {'line': b"Compiling '/ws/install/unitree_api/local/lib/python3.10/dist-packages/unitree_api/msg/_request_policy.py'...\n"}
[61.840300] (unitree_api) StdoutLine: {'line': b"Compiling '/ws/install/unitree_api/local/lib/python3.10/dist-packages/unitree_api/msg/_response.py'...\n"}
[61.840368] (unitree_api) StdoutLine: {'line': b"Compiling '/ws/install/unitree_api/local/lib/python3.10/dist-packages/unitree_api/msg/_response_header.py'...\n"}
[61.840469] (unitree_api) StdoutLine: {'line': b"Compiling '/ws/install/unitree_api/local/lib/python3.10/dist-packages/unitree_api/msg/_response_status.py'...\n"}
[61.866040] (unitree_api) StdoutLine: {'line': b'-- Installing: /ws/install/unitree_api/local/lib/python3.10/dist-packages/unitree_api/unitree_api_s__rosidl_typesupport_fastrtps_c.cpython-310-aarch64-linux-gnu.so\n'}
[61.866790] (unitree_api) StdoutLine: {'line': b'-- Set runtime path of "/ws/install/unitree_api/local/lib/python3.10/dist-packages/unitree_api/unitree_api_s__rosidl_typesupport_fastrtps_c.cpython-310-aarch64-linux-gnu.so" to ""\n'}
[61.867406] (unitree_api) StdoutLine: {'line': b'-- Installing: /ws/install/unitree_api/local/lib/python3.10/dist-packages/unitree_api/unitree_api_s__rosidl_typesupport_introspection_c.cpython-310-aarch64-linux-gnu.so\n'}
[61.869344] (unitree_api) StdoutLine: {'line': b'-- Set runtime path of "/ws/install/unitree_api/local/lib/python3.10/dist-packages/unitree_api/unitree_api_s__rosidl_typesupport_introspection_c.cpython-310-aarch64-linux-gnu.so" to ""\n'}
[61.869837] (unitree_api) StdoutLine: {'line': b'-- Installing: /ws/install/unitree_api/local/lib/python3.10/dist-packages/unitree_api/unitree_api_s__rosidl_typesupport_c.cpython-310-aarch64-linux-gnu.so\n'}
[61.871003] (unitree_api) StdoutLine: {'line': b'-- Set runtime path of "/ws/install/unitree_api/local/lib/python3.10/dist-packages/unitree_api/unitree_api_s__rosidl_typesupport_c.cpython-310-aarch64-linux-gnu.so" to ""\n'}
[61.872622] (unitree_api) StdoutLine: {'line': b'-- Installing: /ws/install/unitree_api/lib/libunitree_api__rosidl_generator_py.so\n'}
[61.873059] (unitree_api) StdoutLine: {'line': b'-- Set runtime path of "/ws/install/unitree_api/lib/libunitree_api__rosidl_generator_py.so" to ""\n'}
[61.873845] (unitree_api) StdoutLine: {'line': b'-- Installing: /ws/install/unitree_api/share/unitree_api/msg/Request.idl\n'}
[61.874246] (unitree_api) StdoutLine: {'line': b'-- Installing: /ws/install/unitree_api/share/unitree_api/msg/RequestHeader.idl\n'}
[61.875230] (unitree_api) StdoutLine: {'line': b'-- Installing: /ws/install/unitree_api/share/unitree_api/msg/RequestIdentity.idl\n'}
[61.875666] (unitree_api) StdoutLine: {'line': b'-- Installing: /ws/install/unitree_api/share/unitree_api/msg/RequestLease.idl\n'}
[61.876419] (unitree_api) StdoutLine: {'line': b'-- Installing: /ws/install/unitree_api/share/unitree_api/msg/RequestPolicy.idl\n'}
[61.877483] (unitree_api) StdoutLine: {'line': b'-- Installing: /ws/install/unitree_api/share/unitree_api/msg/Response.idl\n'}
[61.878524] (unitree_api) StdoutLine: {'line': b'-- Installing: /ws/install/unitree_api/share/unitree_api/msg/ResponseHeader.idl\n'}
[61.879468] (unitree_api) StdoutLine: {'line': b'-- Installing: /ws/install/unitree_api/share/unitree_api/msg/ResponseStatus.idl\n'}
[61.880565] (unitree_api) StdoutLine: {'line': b'-- Installing: /ws/install/unitree_api/share/unitree_api/msg/Request.msg\n'}
[61.881840] (unitree_api) StdoutLine: {'line': b'-- Installing: /ws/install/unitree_api/share/unitree_api/msg/RequestHeader.msg\n'}
[61.882861] (unitree_api) StdoutLine: {'line': b'-- Installing: /ws/install/unitree_api/share/unitree_api/msg/RequestIdentity.msg\n'}
[61.883095] (unitree_api) StdoutLine: {'line': b'-- Installing: /ws/install/unitree_api/share/unitree_api/msg/RequestLease.msg\n'}
[61.883478] (unitree_api) StdoutLine: {'line': b'-- Installing: /ws/install/unitree_api/share/unitree_api/msg/RequestPolicy.msg\n'}
[61.883614] (unitree_api) StdoutLine: {'line': b'-- Installing: /ws/install/unitree_api/share/unitree_api/msg/Response.msg\n'}
[61.883712] (unitree_api) StdoutLine: {'line': b'-- Installing: /ws/install/unitree_api/share/unitree_api/msg/ResponseHeader.msg\n'}
[61.883813] (unitree_api) StdoutLine: {'line': b'-- Installing: /ws/install/unitree_api/share/unitree_api/msg/ResponseStatus.msg\n'}
[61.883898] (unitree_api) StdoutLine: {'line': b'-- Installing: /ws/install/unitree_api/share/unitree_api/msg/dds_connext\n'}
[61.883984] (unitree_api) StdoutLine: {'line': b'-- Installing: /ws/install/unitree_api/share/unitree_api/msg/dds_connext/Request_.idl\n'}
[61.884077] (unitree_api) StdoutLine: {'line': b'-- Installing: /ws/install/unitree_api/share/unitree_api/msg/dds_connext/RequestPolicy_.idl\n'}
[61.885498] (unitree_api) StdoutLine: {'line': b'-- Installing: /ws/install/unitree_api/share/unitree_api/msg/dds_connext/RequestLease_.idl\n'}
[61.885634] (unitree_api) StdoutLine: {'line': b'-- Installing: /ws/install/unitree_api/share/unitree_api/msg/dds_connext/RequestHeader_.idl\n'}
[61.885719] (unitree_api) StdoutLine: {'line': b'-- Installing: /ws/install/unitree_api/share/unitree_api/msg/dds_connext/RequestIdentity_.idl\n'}
[61.885798] (unitree_api) StdoutLine: {'line': b'-- Installing: /ws/install/unitree_api/share/unitree_api/msg/dds_connext/ResponseStatus_.idl\n'}
[61.887236] (unitree_api) StdoutLine: {'line': b'-- Installing: /ws/install/unitree_api/share/unitree_api/msg/dds_connext/Response_.idl\n'}
[61.887579] (unitree_api) StdoutLine: {'line': b'-- Installing: /ws/install/unitree_api/share/unitree_api/msg/dds_connext/ResponseHeader_.idl\n'}
[61.887835] (unitree_api) StdoutLine: {'line': b'-- Installing: /ws/install/unitree_api/share/ament_index/resource_index/package_run_dependencies/unitree_api\n'}
[61.889510] (unitree_api) StdoutLine: {'line': b'-- Installing: /ws/install/unitree_api/share/ament_index/resource_index/parent_prefix_path/unitree_api\n'}
[61.890955] (unitree_api) StdoutLine: {'line': b'-- Installing: /ws/install/unitree_api/share/unitree_api/environment/ament_prefix_path.sh\n'}
[61.891251] (unitree_api) StdoutLine: {'line': b'-- Installing: /ws/install/unitree_api/share/unitree_api/environment/ament_prefix_path.dsv\n'}
[61.892713] (unitree_api) StdoutLine: {'line': b'-- Installing: /ws/install/unitree_api/share/unitree_api/environment/path.sh\n'}
[61.894093] (unitree_api) StdoutLine: {'line': b'-- Installing: /ws/install/unitree_api/share/unitree_api/environment/path.dsv\n'}
[61.894696] (unitree_api) StdoutLine: {'line': b'-- Installing: /ws/install/unitree_api/share/unitree_api/local_setup.bash\n'}
[61.896773] (unitree_api) StdoutLine: {'line': b'-- Installing: /ws/install/unitree_api/share/unitree_api/local_setup.sh\n'}
[61.897278] (unitree_api) StdoutLine: {'line': b'-- Installing: /ws/install/unitree_api/share/unitree_api/local_setup.zsh\n'}
[61.899153] (unitree_api) StdoutLine: {'line': b'-- Installing: /ws/install/unitree_api/share/unitree_api/local_setup.dsv\n'}
[61.899637] (unitree_api) StdoutLine: {'line': b'-- Installing: /ws/install/unitree_api/share/unitree_api/package.dsv\n'}
[61.901269] (unitree_api) StdoutLine: {'line': b'-- Installing: /ws/install/unitree_api/share/ament_index/resource_index/packages/unitree_api\n'}
[61.902492] (unitree_api) StdoutLine: {'line': b'-- Installing: /ws/install/unitree_api/share/unitree_api/cmake/export_unitree_api__rosidl_generator_cExport.cmake\n'}
[61.902915] (-) TimerEvent: {}
[61.913074] (unitree_api) StdoutLine: {'line': b'-- Installing: /ws/install/unitree_api/share/unitree_api/cmake/export_unitree_api__rosidl_generator_cExport-noconfig.cmake\n'}
[61.913750] (unitree_api) StdoutLine: {'line': b'-- Installing: /ws/install/unitree_api/share/unitree_api/cmake/export_unitree_api__rosidl_typesupport_fastrtps_cExport.cmake\n'}
[61.913958] (unitree_api) StdoutLine: {'line': b'-- Installing: /ws/install/unitree_api/share/unitree_api/cmake/export_unitree_api__rosidl_typesupport_fastrtps_cExport-noconfig.cmake\n'}
[61.914150] (unitree_api) StdoutLine: {'line': b'-- Installing: /ws/install/unitree_api/share/unitree_api/cmake/export_unitree_api__rosidl_generator_cppExport.cmake\n'}
[61.914492] (unitree_api) StdoutLine: {'line': b'-- Installing: /ws/install/unitree_api/share/unitree_api/cmake/export_unitree_api__rosidl_typesupport_fastrtps_cppExport.cmake\n'}
[61.914671] (unitree_api) StdoutLine: {'line': b'-- Installing: /ws/install/unitree_api/share/unitree_api/cmake/export_unitree_api__rosidl_typesupport_fastrtps_cppExport-noconfig.cmake\n'}
[61.914812] (unitree_api) StdoutLine: {'line': b'-- Installing: /ws/install/unitree_api/share/unitree_api/cmake/unitree_api__rosidl_typesupport_introspection_cExport.cmake\n'}
[61.914965] (unitree_api) StdoutLine: {'line': b'-- Installing: /ws/install/unitree_api/share/unitree_api/cmake/unitree_api__rosidl_typesupport_introspection_cExport-noconfig.cmake\n'}
[61.915103] (unitree_api) StdoutLine: {'line': b'-- Installing: /ws/install/unitree_api/share/unitree_api/cmake/unitree_api__rosidl_typesupport_cExport.cmake\n'}
[61.917258] (unitree_api) StdoutLine: {'line': b'-- Installing: /ws/install/unitree_api/share/unitree_api/cmake/unitree_api__rosidl_typesupport_cExport-noconfig.cmake\n'}
[61.918494] (unitree_api) StdoutLine: {'line': b'-- Installing: /ws/install/unitree_api/share/unitree_api/cmake/unitree_api__rosidl_typesupport_introspection_cppExport.cmake\n'}
[61.919465] (unitree_api) StdoutLine: {'line': b'-- Installing: /ws/install/unitree_api/share/unitree_api/cmake/unitree_api__rosidl_typesupport_introspection_cppExport-noconfig.cmake\n'}
[61.920544] (unitree_api) StdoutLine: {'line': b'-- Installing: /ws/install/unitree_api/share/unitree_api/cmake/unitree_api__rosidl_typesupport_cppExport.cmake\n'}
[61.921504] (unitree_api) StdoutLine: {'line': b'-- Installing: /ws/install/unitree_api/share/unitree_api/cmake/unitree_api__rosidl_typesupport_cppExport-noconfig.cmake\n'}
[61.923318] (unitree_api) StdoutLine: {'line': b'-- Installing: /ws/install/unitree_api/share/unitree_api/cmake/export_unitree_api__rosidl_generator_pyExport.cmake\n'}
[61.923740] (unitree_api) StdoutLine: {'line': b'-- Installing: /ws/install/unitree_api/share/unitree_api/cmake/export_unitree_api__rosidl_generator_pyExport-noconfig.cmake\n'}
[61.924756] (unitree_api) StdoutLine: {'line': b'-- Installing: /ws/install/unitree_api/share/unitree_api/cmake/rosidl_cmake-extras.cmake\n'}
[61.925042] (unitree_api) StdoutLine: {'line': b'-- Installing: /ws/install/unitree_api/share/unitree_api/cmake/ament_cmake_export_dependencies-extras.cmake\n'}
[61.926103] (unitree_api) StdoutLine: {'line': b'-- Installing: /ws/install/unitree_api/share/unitree_api/cmake/ament_cmake_export_include_directories-extras.cmake\n'}
[61.927059] (unitree_api) StdoutLine: {'line': b'-- Installing: /ws/install/unitree_api/share/unitree_api/cmake/ament_cmake_export_libraries-extras.cmake\n'}
[61.928041] (unitree_api) StdoutLine: {'line': b'-- Installing: /ws/install/unitree_api/share/unitree_api/cmake/ament_cmake_export_targets-extras.cmake\n'}
[61.931282] (unitree_api) StdoutLine: {'line': b'-- Installing: /ws/install/unitree_api/share/unitree_api/cmake/rosidl_cmake_export_typesupport_targets-extras.cmake\n'}
[61.931887] (unitree_api) StdoutLine: {'line': b'-- Installing: /ws/install/unitree_api/share/unitree_api/cmake/rosidl_cmake_export_typesupport_libraries-extras.cmake\n'}
[61.932095] (unitree_api) StdoutLine: {'line': b'-- Installing: /ws/install/unitree_api/share/unitree_api/cmake/unitree_apiConfig.cmake\n'}
[61.932274] (unitree_api) StdoutLine: {'line': b'-- Installing: /ws/install/unitree_api/share/unitree_api/cmake/unitree_apiConfig-version.cmake\n'}
[61.932473] (unitree_api) StdoutLine: {'line': b'-- Installing: /ws/install/unitree_api/share/unitree_api/package.xml\n'}
[61.940497] (unitree_api) CommandEnded: {'returncode': 0}
[62.021967] (-) TimerEvent: {}
[62.085073] (unitree_api) JobEnded: {'identifier': 'unitree_api', 'rc': 0}
[62.096424] (unitree_hg) JobStarted: {'identifier': 'unitree_hg'}
[62.129820] (unitree_hg) JobProgress: {'identifier': 'unitree_hg', 'progress': 'cmake'}
[62.130995] (-) TimerEvent: {}
[62.131384] (unitree_hg) Command: {'cmd': ['/usr/bin/cmake', '/ws/src/unitree_ros2/cyclonedds_ws/src/unitree/unitree_hg', '-DCMAKE_INSTALL_PREFIX=/ws/install/unitree_hg'], 'cwd': '/ws/build/unitree_hg', 'env': OrderedDict([('HOSTNAME', 'pi'), ('SHLVL', '1'), ('LD_LIBRARY_PATH', '/opt/ros/humble/lib/aarch64-linux-gnu:/opt/ros/humble/lib'), ('HOME', '/root'), ('OLDPWD', '/ws/src'), ('ROS_PYTHON_VERSION', '3'), ('ROS_DISTRO', 'humble'), ('_', '/usr/bin/colcon'), ('ROS_VERSION', '2'), ('TERM', 'xterm'), ('ROS_LOCALHOST_ONLY', '0'), ('PATH', '/opt/ros/humble/bin:/usr/local/sbin:/usr/local/bin:/usr/sbin:/usr/bin:/sbin:/bin'), ('LANG', 'C.UTF-8'), ('LS_COLORS', 'rs=0:di=01;34:ln=01;36:mh=00:pi=40;33:so=01;35:do=01;35:bd=40;33;01:cd=40;33;01:or=40;31;01:mi=00:su=37;41:sg=30;43:ca=30;41:tw=30;42:ow=34;42:st=37;44:ex=01;32:*.tar=01;31:*.tgz=01;31:*.arc=01;31:*.arj=01;31:*.taz=01;31:*.lha=01;31:*.lz4=01;31:*.lzh=01;31:*.lzma=01;31:*.tlz=01;31:*.txz=01;31:*.tzo=01;31:*.t7z=01;31:*.zip=01;31:*.z=01;31:*.dz=01;31:*.gz=01;31:*.lrz=01;31:*.lz=01;31:*.lzo=01;31:*.xz=01;31:*.zst=01;31:*.tzst=01;31:*.bz2=01;31:*.bz=01;31:*.tbz=01;31:*.tbz2=01;31:*.tz=01;31:*.deb=01;31:*.rpm=01;31:*.jar=01;31:*.war=01;31:*.ear=01;31:*.sar=01;31:*.rar=01;31:*.alz=01;31:*.ace=01;31:*.zoo=01;31:*.cpio=01;31:*.7z=01;31:*.rz=01;31:*.cab=01;31:*.wim=01;31:*.swm=01;31:*.dwm=01;31:*.esd=01;31:*.jpg=01;35:*.jpeg=01;35:*.mjpg=01;35:*.mjpeg=01;35:*.gif=01;35:*.bmp=01;35:*.pbm=01;35:*.pgm=01;35:*.ppm=01;35:*.tga=01;35:*.xbm=01;35:*.xpm=01;35:*.tif=01;35:*.tiff=01;35:*.png=01;35:*.svg=01;35:*.svgz=01;35:*.mng=01;35:*.pcx=01;35:*.mov=01;35:*.mpg=01;35:*.mpeg=01;35:*.m2v=01;35:*.mkv=01;35:*.webm=01;35:*.webp=01;35:*.ogm=01;35:*.mp4=01;35:*.m4v=01;35:*.mp4v=01;35:*.vob=01;35:*.qt=01;35:*.nuv=01;35:*.wmv=01;35:*.asf=01;35:*.rm=01;35:*.rmvb=01;35:*.flc=01;35:*.avi=01;35:*.fli=01;35:*.flv=01;35:*.gl=01;35:*.dl=01;35:*.xcf=01;35:*.xwd=01;35:*.yuv=01;35:*.cgm=01;35:*.emf=01;35:*.ogv=01;35:*.ogx=01;35:*.aac=00;36:*.au=00;36:*.flac=00;36:*.m4a=00;36:*.mid=00;36:*.midi=00;36:*.mka=00;36:*.mp3=00;36:*.mpc=00;36:*.ogg=00;36:*.ra=00;36:*.wav=00;36:*.oga=00;36:*.opus=00;36:*.spx=00;36:*.xspf=00;36:'), ('AMENT_PREFIX_PATH', '/opt/ros/humble'), ('DEBIAN_FRONTEND', 'noninteractive'), ('PWD', '/ws/build/unitree_hg'), ('LC_ALL', 'C.UTF-8'), ('PYTHONPATH', '/opt/ros/humble/lib/python3.10/site-packages:/opt/ros/humble/local/lib/python3.10/dist-packages'), ('COLCON', '1'), ('CMAKE_PREFIX_PATH', '/opt/ros/humble')]), 'shell': False}
[62.231359] (-) TimerEvent: {}
[62.308359] (cyclonedds) StdoutLine: {'line': b'[ 40%] \x1b[32mBuilding C object src/core/CMakeFiles/ddsc.dir/ddsi/src/ddsi_config.c.o\x1b[0m\n'}
[62.332936] (unitree_hg) StdoutLine: {'line': b'-- The C compiler identification is GNU 11.4.0\n'}
[62.334302] (-) TimerEvent: {}
[62.364715] (unitree_go) StdoutLine: {'line': b'[ 21%] \x1b[32mBuilding CXX object CMakeFiles/unitree_go__rosidl_typesupport_cpp.dir/rosidl_typesupport_cpp/unitree_go/msg/req__type_support.cpp.o\x1b[0m\n'}
[62.434474] (-) TimerEvent: {}
[62.535404] (-) TimerEvent: {}
[62.554408] (unitree_hg) StdoutLine: {'line': b'-- The CXX compiler identification is GNU 11.4.0\n'}
[62.570859] (unitree_hg) StdoutLine: {'line': b'-- Detecting C compiler ABI info\n'}
[62.582271] (ros2_unitree_legged_msgs) StdoutLine: {'line': b'[ 73%] \x1b[32mBuilding C object CMakeFiles/ros2_unitree_legged_msgs__rosidl_typesupport_introspection_c.dir/rosidl_typesupport_introspection_c/ros2_unitree_legged_msgs/msg/detail/motor_cmd__type_support.c.o\x1b[0m\n'}
[62.636142] (-) TimerEvent: {}
[62.682890] (ros2_unitree_legged_msgs) StdoutLine: {'line': b'[ 74%] \x1b[32mBuilding C object CMakeFiles/ros2_unitree_legged_msgs__rosidl_typesupport_introspection_c.dir/rosidl_typesupport_introspection_c/ros2_unitree_legged_msgs/msg/detail/bms_state__type_support.c.o\x1b[0m\n'}
[62.737330] (-) TimerEvent: {}
[62.791351] (ros2_unitree_legged_msgs) StdoutLine: {'line': b'[ 75%] \x1b[32mBuilding C object CMakeFiles/ros2_unitree_legged_msgs__rosidl_typesupport_introspection_c.dir/rosidl_typesupport_introspection_c/ros2_unitree_legged_msgs/msg/detail/cartesian__type_support.c.o\x1b[0m\n'}
[62.797091] (unitree_hg) StdoutLine: {'line': b'-- Detecting C compiler ABI info - done\n'}
[62.810986] (unitree_hg) StdoutLine: {'line': b'-- Check for working C compiler: /usr/bin/cc - skipped\n'}
[62.814260] (unitree_hg) StdoutLine: {'line': b'-- Detecting C compile features\n'}
[62.814644] (unitree_hg) StdoutLine: {'line': b'-- Detecting C compile features - done\n'}
[62.820992] (unitree_hg) StdoutLine: {'line': b'-- Detecting CXX compiler ABI info\n'}
[62.838259] (-) TimerEvent: {}
[62.867667] (ros2_unitree_legged_msgs) StdoutLine: {'line': b'[ 76%] \x1b[32mBuilding C object CMakeFiles/ros2_unitree_legged_msgs__rosidl_typesupport_introspection_c.dir/rosidl_typesupport_introspection_c/ros2_unitree_legged_msgs/msg/detail/imu__type_support.c.o\x1b[0m\n'}
[62.938418] (-) TimerEvent: {}
[62.977512] (ros2_unitree_legged_msgs) StdoutLine: {'line': b'[ 76%] \x1b[32mBuilding C object CMakeFiles/ros2_unitree_legged_msgs__rosidl_typesupport_introspection_c.dir/rosidl_typesupport_introspection_c/ros2_unitree_legged_msgs/msg/detail/led__type_support.c.o\x1b[0m\n'}
[63.038571] (-) TimerEvent: {}
[63.060344] (unitree_hg) StdoutLine: {'line': b'-- Detecting CXX compiler ABI info - done\n'}
[63.077938] (unitree_hg) StdoutLine: {'line': b'-- Check for working CXX compiler: /usr/bin/c++ - skipped\n'}
[63.080357] (unitree_hg) StdoutLine: {'line': b'-- Detecting CXX compile features\n'}
[63.080771] (unitree_hg) StdoutLine: {'line': b'-- Detecting CXX compile features - done\n'}
[63.087257] (unitree_hg) StdoutLine: {'line': b'-- Found ament_cmake: 1.3.12 (/opt/ros/humble/share/ament_cmake/cmake)\n'}
[63.098492] (ros2_unitree_legged_msgs) StdoutLine: {'line': b'[ 77%] \x1b[32mBuilding C object CMakeFiles/ros2_unitree_legged_msgs__rosidl_typesupport_introspection_c.dir/rosidl_typesupport_introspection_c/ros2_unitree_legged_msgs/msg/detail/low_cmd__type_support.c.o\x1b[0m\n'}
[63.138708] (-) TimerEvent: {}
[63.194693] (unitree_go) StdoutLine: {'line': b'[ 21%] \x1b[32mBuilding CXX object CMakeFiles/unitree_go__rosidl_typesupport_cpp.dir/rosidl_typesupport_cpp/unitree_go/msg/res__type_support.cpp.o\x1b[0m\n'}
[63.205264] (ros2_unitree_legged_msgs) StdoutLine: {'line': b'[ 78%] \x1b[32mBuilding C object CMakeFiles/ros2_unitree_legged_msgs__rosidl_typesupport_introspection_c.dir/rosidl_typesupport_introspection_c/ros2_unitree_legged_msgs/msg/detail/low_state__type_support.c.o\x1b[0m\n'}
[63.238842] (-) TimerEvent: {}
[63.320240] (ros2_unitree_legged_msgs) StdoutLine: {'line': b'[ 79%] \x1b[32mBuilding C object CMakeFiles/ros2_unitree_legged_msgs__rosidl_typesupport_introspection_c.dir/rosidl_typesupport_introspection_c/ros2_unitree_legged_msgs/msg/detail/high_cmd__type_support.c.o\x1b[0m\n'}
[63.338993] (-) TimerEvent: {}
[63.440777] (-) TimerEvent: {}
[63.443788] (ros2_unitree_legged_msgs) StdoutLine: {'line': b'[ 80%] \x1b[32mBuilding C object CMakeFiles/ros2_unitree_legged_msgs__rosidl_typesupport_introspection_c.dir/rosidl_typesupport_introspection_c/ros2_unitree_legged_msgs/msg/detail/high_state__type_support.c.o\x1b[0m\n'}
[63.480257] (unitree_hg) StdoutLine: {'line': b'-- Found Python3: /usr/bin/python3 (found version "3.10.12") found components: Interpreter \n'}
[63.540950] (-) TimerEvent: {}
[63.592918] (ros2_unitree_legged_msgs) StdoutLine: {'line': b'[ 81%] \x1b[32mBuilding C object CMakeFiles/ros2_unitree_legged_msgs__rosidl_typesupport_introspection_c.dir/rosidl_typesupport_introspection_c/ros2_unitree_legged_msgs/msg/detail/bms_cmd__type_support.c.o\x1b[0m\n'}
[63.641159] (-) TimerEvent: {}
[63.688528] (ros2_unitree_legged_msgs) StdoutLine: {'line': b'[ 82%] \x1b[32mBuilding C object CMakeFiles/ros2_unitree_legged_msgs__rosidl_typesupport_introspection_c.dir/rosidl_typesupport_introspection_c/ros2_unitree_legged_msgs/msg/detail/motor_state__type_support.c.o\x1b[0m\n'}
[63.739712] (unitree_hg) StdoutLine: {'line': b'-- Found geometry_msgs: 4.9.0 (/opt/ros/humble/share/geometry_msgs/cmake)\n'}
[63.741256] (-) TimerEvent: {}
[63.778301] (ros2_unitree_legged_msgs) StdoutLine: {'line': b'[ 83%] \x1b[32m\x1b[1mLinking C shared library libros2_unitree_legged_msgs__rosidl_typesupport_introspection_c.so\x1b[0m\n'}
[63.829226] (unitree_hg) StdoutLine: {'line': b'-- Found rosidl_generator_c: 3.1.8 (/opt/ros/humble/share/rosidl_generator_c/cmake)\n'}
[63.837045] (unitree_hg) StdoutLine: {'line': b'-- Found rosidl_adapter: 3.1.8 (/opt/ros/humble/share/rosidl_adapter/cmake)\n'}
[63.841399] (-) TimerEvent: {}
[63.864118] (unitree_hg) StdoutLine: {'line': b'-- Found rosidl_generator_cpp: 3.1.8 (/opt/ros/humble/share/rosidl_generator_cpp/cmake)\n'}
[63.867867] (ros2_unitree_legged_msgs) StdoutLine: {'line': b'[ 83%] Built target ros2_unitree_legged_msgs__rosidl_typesupport_introspection_c\n'}
[63.887883] (unitree_hg) StdoutLine: {'line': b'-- Using all available rosidl_typesupport_c: rosidl_typesupport_fastrtps_c;rosidl_typesupport_introspection_c\n'}
[63.913574] (ros2_unitree_legged_msgs) StdoutLine: {'line': b'[ 83%] Built target ros2_unitree_legged_msgs\n'}
[63.923355] (unitree_hg) StdoutLine: {'line': b'-- Using all available rosidl_typesupport_cpp: rosidl_typesupport_fastrtps_cpp;rosidl_typesupport_introspection_cpp\n'}
[63.941573] (-) TimerEvent: {}
[63.975683] (ros2_unitree_legged_msgs) StdoutLine: {'line': b'[ 84%] \x1b[34m\x1b[1mGenerating Python code for ROS interfaces\x1b[0m\n'}
[63.978393] (unitree_go) StdoutLine: {'line': b'[ 22%] \x1b[32mBuilding CXX object CMakeFiles/unitree_go__rosidl_typesupport_cpp.dir/rosidl_typesupport_cpp/unitree_go/msg/sport_mode_cmd__type_support.cpp.o\x1b[0m\n'}
[64.012542] (unitree_hg) StdoutLine: {'line': b'-- Found rosidl_default_generators: 1.2.0 (/opt/ros/humble/share/rosidl_default_generators/cmake)\n'}
[64.043245] (-) TimerEvent: {}
[64.054514] (unitree_hg) StdoutLine: {'line': b'-- Found rosidl_generator_dds_idl: 0.8.1 (/opt/ros/humble/share/rosidl_generator_dds_idl/cmake)\n'}
[64.143389] (-) TimerEvent: {}
[64.244226] (-) TimerEvent: {}
[64.346225] (-) TimerEvent: {}
[64.447764] (-) TimerEvent: {}
[64.498440] (cyclonedds) StdoutLine: {'line': b'[ 40%] \x1b[32mBuilding C object src/core/CMakeFiles/ddsc.dir/ddsi/src/ddsi_time.c.o\x1b[0m\n'}
[64.547904] (-) TimerEvent: {}
[64.605334] (cyclonedds) StdoutLine: {'line': b'[ 41%] \x1b[32mBuilding C object src/core/CMakeFiles/ddsc.dir/ddsi/src/ddsi_ownip.c.o\x1b[0m\n'}
[64.649248] (-) TimerEvent: {}
[64.659754] (unitree_go) StdoutLine: {'line': b'[ 22%] \x1b[32mBuilding CXX object CMakeFiles/unitree_go__rosidl_typesupport_cpp.dir/rosidl_typesupport_cpp/unitree_go/msg/sport_mode_state__type_support.cpp.o\x1b[0m\n'}
[64.749825] (-) TimerEvent: {}
[64.854374] (-) TimerEvent: {}
[64.901575] (unitree_hg) StdoutLine: {'line': b'-- Found ament_cmake_ros: 0.10.0 (/opt/ros/humble/share/ament_cmake_ros/cmake)\n'}
[64.954514] (-) TimerEvent: {}
[65.055397] (-) TimerEvent: {}
[65.156220] (-) TimerEvent: {}
[65.238973] (cyclonedds) StdoutLine: {'line': b'[ 41%] \x1b[32mBuilding C object src/core/CMakeFiles/ddsc.dir/ddsi/src/ddsi_acknack.c.o\x1b[0m\n'}
[65.256621] (-) TimerEvent: {}
[65.303696] (unitree_go) StdoutLine: {'line': b'[ 23%] \x1b[32mBuilding CXX object CMakeFiles/unitree_go__rosidl_typesupport_cpp.dir/rosidl_typesupport_cpp/unitree_go/msg/time_spec__type_support.cpp.o\x1b[0m\n'}
[65.359245] (-) TimerEvent: {}
[65.459963] (-) TimerEvent: {}
[65.571974] (-) TimerEvent: {}
[65.672592] (-) TimerEvent: {}
[65.699844] (cyclonedds) StdoutLine: {'line': b'[ 42%] \x1b[32mBuilding C object src/core/CMakeFiles/ddsc.dir/ddsi/src/ddsi_list_genptr.c.o\x1b[0m\n'}
[65.774254] (-) TimerEvent: {}
[65.874874] (-) TimerEvent: {}
[65.905402] (unitree_hg) StdoutLine: {'line': b'-- Using all available rosidl_typesupport_c: rosidl_typesupport_fastrtps_c;rosidl_typesupport_introspection_c\n'}
[65.913315] (unitree_go) StdoutLine: {'line': b'[ 23%] \x1b[32mBuilding CXX object CMakeFiles/unitree_go__rosidl_typesupport_cpp.dir/rosidl_typesupport_cpp/unitree_go/msg/uwb_state__type_support.cpp.o\x1b[0m\n'}
[65.928616] (cyclonedds) StdoutLine: {'line': b'[ 42%] \x1b[32mBuilding C object src/core/CMakeFiles/ddsc.dir/ddsi/src/ddsi_wraddrset.c.o\x1b[0m\n'}
[65.974994] (-) TimerEvent: {}
[66.075788] (-) TimerEvent: {}
[66.177153] (-) TimerEvent: {}
[66.278051] (-) TimerEvent: {}
[66.336245] (unitree_hg) StdoutLine: {'line': b'-- Using all available rosidl_typesupport_cpp: rosidl_typesupport_fastrtps_cpp;rosidl_typesupport_introspection_cpp\n'}
[66.377105] (unitree_hg) StdoutLine: {'line': b'-- Found PythonInterp: /usr/bin/python3 (found suitable version "3.10.12", minimum required is "3.6") \n'}
[66.378165] (-) TimerEvent: {}
[66.382347] (unitree_hg) StdoutLine: {'line': b'-- Found python_cmake_module: 0.10.0 (/opt/ros/humble/share/python_cmake_module/cmake)\n'}
[66.426634] (unitree_hg) StdoutLine: {'line': b'-- Found PythonLibs: /usr/lib/aarch64-linux-gnu/libpython3.10.so (found suitable version "3.10.12", minimum required is "3.5") \n'}
[66.428318] (unitree_hg) StdoutLine: {'line': b'-- Using PYTHON_EXECUTABLE: /usr/bin/python3\n'}
[66.431189] (unitree_hg) StdoutLine: {'line': b'-- Using PYTHON_INCLUDE_DIRS: /usr/include/python3.10\n'}
[66.435160] (unitree_hg) StdoutLine: {'line': b'-- Using PYTHON_LIBRARIES: /usr/lib/aarch64-linux-gnu/libpython3.10.so\n'}
[66.469176] (unitree_hg) StdoutLine: {'line': b'-- Found PythonExtra: .so  \n'}
[66.478327] (-) TimerEvent: {}
[66.567455] (unitree_go) StdoutLine: {'line': b'[ 24%] \x1b[32mBuilding CXX object CMakeFiles/unitree_go__rosidl_typesupport_cpp.dir/rosidl_typesupport_cpp/unitree_go/msg/uwb_switch__type_support.cpp.o\x1b[0m\n'}
[66.578449] (-) TimerEvent: {}
[66.665090] (cyclonedds) StdoutLine: {'line': b'[ 42%] \x1b[32mBuilding C object src/core/CMakeFiles/ddsc.dir/ddsi/src/ddsi_typelib.c.o\x1b[0m\n'}
[66.678235] (unitree_hg) StdoutLine: {'line': b'-- Found ament_lint_auto: 0.12.14 (/opt/ros/humble/share/ament_lint_auto/cmake)\n'}
[66.678633] (-) TimerEvent: {}
[66.741174] (unitree_hg) StdoutLine: {'line': b"-- Added test 'copyright' to check source files copyright and LICENSE\n"}
[66.745527] (unitree_hg) StdoutLine: {'line': b"-- Added test 'lint_cmake' to check CMake code style\n"}
[66.751265] (unitree_hg) StdoutLine: {'line': b"-- Added test 'xmllint' to check XML markup files\n"}
[66.753536] (unitree_hg) StdoutLine: {'line': b'-- Configuring done\n'}
[66.778793] (-) TimerEvent: {}
[66.879323] (-) TimerEvent: {}
[66.921219] (unitree_hg) StdoutLine: {'line': b'-- Generating done\n'}
[66.958513] (unitree_hg) StdoutLine: {'line': b'-- Build files have been written to: /ws/build/unitree_hg\n'}
[66.979470] (-) TimerEvent: {}
[67.005085] (unitree_hg) CommandEnded: {'returncode': 0}
[67.006986] (unitree_hg) JobProgress: {'identifier': 'unitree_hg', 'progress': 'build'}
[67.007233] (unitree_hg) Command: {'cmd': ['/usr/bin/cmake', '--build', '/ws/build/unitree_hg', '--', '-j4', '-l4'], 'cwd': '/ws/build/unitree_hg', 'env': OrderedDict([('HOSTNAME', 'pi'), ('SHLVL', '1'), ('LD_LIBRARY_PATH', '/opt/ros/humble/lib/aarch64-linux-gnu:/opt/ros/humble/lib'), ('HOME', '/root'), ('OLDPWD', '/ws/src'), ('ROS_PYTHON_VERSION', '3'), ('ROS_DISTRO', 'humble'), ('_', '/usr/bin/colcon'), ('ROS_VERSION', '2'), ('TERM', 'xterm'), ('ROS_LOCALHOST_ONLY', '0'), ('PATH', '/opt/ros/humble/bin:/usr/local/sbin:/usr/local/bin:/usr/sbin:/usr/bin:/sbin:/bin'), ('LANG', 'C.UTF-8'), ('LS_COLORS', 'rs=0:di=01;34:ln=01;36:mh=00:pi=40;33:so=01;35:do=01;35:bd=40;33;01:cd=40;33;01:or=40;31;01:mi=00:su=37;41:sg=30;43:ca=30;41:tw=30;42:ow=34;42:st=37;44:ex=01;32:*.tar=01;31:*.tgz=01;31:*.arc=01;31:*.arj=01;31:*.taz=01;31:*.lha=01;31:*.lz4=01;31:*.lzh=01;31:*.lzma=01;31:*.tlz=01;31:*.txz=01;31:*.tzo=01;31:*.t7z=01;31:*.zip=01;31:*.z=01;31:*.dz=01;31:*.gz=01;31:*.lrz=01;31:*.lz=01;31:*.lzo=01;31:*.xz=01;31:*.zst=01;31:*.tzst=01;31:*.bz2=01;31:*.bz=01;31:*.tbz=01;31:*.tbz2=01;31:*.tz=01;31:*.deb=01;31:*.rpm=01;31:*.jar=01;31:*.war=01;31:*.ear=01;31:*.sar=01;31:*.rar=01;31:*.alz=01;31:*.ace=01;31:*.zoo=01;31:*.cpio=01;31:*.7z=01;31:*.rz=01;31:*.cab=01;31:*.wim=01;31:*.swm=01;31:*.dwm=01;31:*.esd=01;31:*.jpg=01;35:*.jpeg=01;35:*.mjpg=01;35:*.mjpeg=01;35:*.gif=01;35:*.bmp=01;35:*.pbm=01;35:*.pgm=01;35:*.ppm=01;35:*.tga=01;35:*.xbm=01;35:*.xpm=01;35:*.tif=01;35:*.tiff=01;35:*.png=01;35:*.svg=01;35:*.svgz=01;35:*.mng=01;35:*.pcx=01;35:*.mov=01;35:*.mpg=01;35:*.mpeg=01;35:*.m2v=01;35:*.mkv=01;35:*.webm=01;35:*.webp=01;35:*.ogm=01;35:*.mp4=01;35:*.m4v=01;35:*.mp4v=01;35:*.vob=01;35:*.qt=01;35:*.nuv=01;35:*.wmv=01;35:*.asf=01;35:*.rm=01;35:*.rmvb=01;35:*.flc=01;35:*.avi=01;35:*.fli=01;35:*.flv=01;35:*.gl=01;35:*.dl=01;35:*.xcf=01;35:*.xwd=01;35:*.yuv=01;35:*.cgm=01;35:*.emf=01;35:*.ogv=01;35:*.ogx=01;35:*.aac=00;36:*.au=00;36:*.flac=00;36:*.m4a=00;36:*.mid=00;36:*.midi=00;36:*.mka=00;36:*.mp3=00;36:*.mpc=00;36:*.ogg=00;36:*.ra=00;36:*.wav=00;36:*.oga=00;36:*.opus=00;36:*.spx=00;36:*.xspf=00;36:'), ('AMENT_PREFIX_PATH', '/opt/ros/humble'), ('DEBIAN_FRONTEND', 'noninteractive'), ('PWD', '/ws/build/unitree_hg'), ('LC_ALL', 'C.UTF-8'), ('PYTHONPATH', '/opt/ros/humble/lib/python3.10/site-packages:/opt/ros/humble/local/lib/python3.10/dist-packages'), ('COLCON', '1'), ('CMAKE_PREFIX_PATH', '/opt/ros/humble')]), 'shell': False}
[67.079639] (-) TimerEvent: {}
[67.151749] (unitree_hg) StdoutLine: {'line': b'[  1%] \x1b[34m\x1b[1mGenerating DDS interfaces\x1b[0m\n'}
[67.179772] (-) TimerEvent: {}
[67.238307] (unitree_go) StdoutLine: {'line': b'[ 24%] \x1b[32mBuilding CXX object CMakeFiles/unitree_go__rosidl_typesupport_cpp.dir/rosidl_typesupport_cpp/unitree_go/msg/wireless_controller__type_support.cpp.o\x1b[0m\n'}
[67.279903] (-) TimerEvent: {}
[67.383236] (-) TimerEvent: {}
[67.491238] (-) TimerEvent: {}
[67.594254] (-) TimerEvent: {}
[67.694747] (-) TimerEvent: {}
[67.795659] (-) TimerEvent: {}
[67.859253] (unitree_go) StdoutLine: {'line': b'[ 25%] \x1b[32m\x1b[1mLinking CXX shared library libunitree_go__rosidl_typesupport_cpp.so\x1b[0m\n'}
[67.895801] (-) TimerEvent: {}
[67.959367] (unitree_go) StdoutLine: {'line': b'[ 25%] Built target unitree_go__rosidl_typesupport_cpp\n'}
[67.982426] (unitree_go) StdoutLine: {'line': b'[ 25%] \x1b[34m\x1b[1mGenerating C type support for eProsima Fast-RTPS\x1b[0m\n'}
[67.995929] (-) TimerEvent: {}
[68.096939] (-) TimerEvent: {}
[68.199797] (-) TimerEvent: {}
[68.253565] (cyclonedds) StdoutLine: {'line': b'[ 43%] \x1b[32mBuilding C object src/core/CMakeFiles/ddsc.dir/ddsi/src/ddsi_entity.c.o\x1b[0m\n'}
[68.301238] (-) TimerEvent: {}
[68.401875] (-) TimerEvent: {}
[68.504224] (-) TimerEvent: {}
[68.576893] (unitree_hg) StdoutLine: {'line': b'[  1%] Built target unitree_hg__dds_connext_idl\n'}
[68.585251] (cyclonedds) StdoutLine: {'line': b'[ 43%] \x1b[32mBuilding C object src/core/CMakeFiles/ddsc.dir/ddsi/src/ddsi_entity_match.c.o\x1b[0m\n'}
[68.604390] (-) TimerEvent: {}
[68.646824] (unitree_hg) StdoutLine: {'line': b'[  1%] Built target ament_cmake_python_copy_unitree_hg\n'}
[68.689190] (unitree_hg) StdoutLine: {'line': b'[  1%] \x1b[34m\x1b[1mGenerating C++ code for ROS interfaces\x1b[0m\n'}
[68.705246] (-) TimerEvent: {}
[68.808202] (-) TimerEvent: {}
[68.909244] (-) TimerEvent: {}
[69.009754] (-) TimerEvent: {}
[69.113378] (-) TimerEvent: {}
[69.143915] (ros2_unitree_legged_msgs) StdoutLine: {'line': b'[ 84%] Built target ros2_unitree_legged_msgs__py\n'}
[69.190558] (ros2_unitree_legged_msgs) StdoutLine: {'line': b'[ 85%] \x1b[32mBuilding C object CMakeFiles/ros2_unitree_legged_msgs__rosidl_generator_py.dir/rosidl_generator_py/ros2_unitree_legged_msgs/msg/_motor_cmd_s.c.o\x1b[0m\n'}
[69.213503] (-) TimerEvent: {}
[69.314307] (-) TimerEvent: {}
[69.410632] (ros2_unitree_legged_msgs) StdoutLine: {'line': b'[ 86%] \x1b[32mBuilding C object CMakeFiles/ros2_unitree_legged_msgs__rosidl_generator_py.dir/rosidl_generator_py/ros2_unitree_legged_msgs/msg/_bms_state_s.c.o\x1b[0m\n'}
[69.415242] (-) TimerEvent: {}
[69.516042] (-) TimerEvent: {}
[69.617569] (-) TimerEvent: {}
[69.651188] (ros2_unitree_legged_msgs) StdoutLine: {'line': b'[ 87%] \x1b[32mBuilding C object CMakeFiles/ros2_unitree_legged_msgs__rosidl_generator_py.dir/rosidl_generator_py/ros2_unitree_legged_msgs/msg/_cartesian_s.c.o\x1b[0m\n'}
[69.717700] (-) TimerEvent: {}
[69.775989] (cyclonedds) StdoutLine: {'line': b'[ 44%] \x1b[32mBuilding C object src/core/CMakeFiles/ddsc.dir/ddsi/src/ddsi_participant.c.o\x1b[0m\n'}
[69.819498] (-) TimerEvent: {}
[69.842869] (ros2_unitree_legged_msgs) StdoutLine: {'line': b'[ 87%] \x1b[32mBuilding C object CMakeFiles/ros2_unitree_legged_msgs__rosidl_generator_py.dir/rosidl_generator_py/ros2_unitree_legged_msgs/msg/_imu_s.c.o\x1b[0m\n'}
[69.922363] (-) TimerEvent: {}
[70.023636] (-) TimerEvent: {}
[70.073310] (ros2_unitree_legged_msgs) StdoutLine: {'line': b'[ 88%] \x1b[32mBuilding C object CMakeFiles/ros2_unitree_legged_msgs__rosidl_generator_py.dir/rosidl_generator_py/ros2_unitree_legged_msgs/msg/_led_s.c.o\x1b[0m\n'}
[70.123766] (-) TimerEvent: {}
[70.224465] (-) TimerEvent: {}
[70.300232] (ros2_unitree_legged_msgs) StdoutLine: {'line': b'[ 89%] \x1b[32mBuilding C object CMakeFiles/ros2_unitree_legged_msgs__rosidl_generator_py.dir/rosidl_generator_py/ros2_unitree_legged_msgs/msg/_low_cmd_s.c.o\x1b[0m\n'}
[70.324614] (-) TimerEvent: {}
[70.425223] (-) TimerEvent: {}
[70.525826] (-) TimerEvent: {}
[70.565460] (ros2_unitree_legged_msgs) StdoutLine: {'line': b'[ 90%] \x1b[32mBuilding C object CMakeFiles/ros2_unitree_legged_msgs__rosidl_generator_py.dir/rosidl_generator_py/ros2_unitree_legged_msgs/msg/_low_state_s.c.o\x1b[0m\n'}
[70.625437] (cyclonedds) StdoutLine: {'line': b'[ 44%] \x1b[32mBuilding C object src/core/CMakeFiles/ddsc.dir/ddsi/src/ddsi_proxy_participant.c.o\x1b[0m\n'}
[70.626734] (-) TimerEvent: {}
[70.727569] (-) TimerEvent: {}
[70.832008] (-) TimerEvent: {}
[70.842622] (ros2_unitree_legged_msgs) StdoutLine: {'line': b'[ 91%] \x1b[32mBuilding C object CMakeFiles/ros2_unitree_legged_msgs__rosidl_generator_py.dir/rosidl_generator_py/ros2_unitree_legged_msgs/msg/_high_cmd_s.c.o\x1b[0m\n'}
[70.932200] (-) TimerEvent: {}
[71.036292] (-) TimerEvent: {}
[71.136977] (-) TimerEvent: {}
[71.150833] (ros2_unitree_legged_msgs) StdoutLine: {'line': b'[ 92%] \x1b[32mBuilding C object CMakeFiles/ros2_unitree_legged_msgs__rosidl_generator_py.dir/rosidl_generator_py/ros2_unitree_legged_msgs/msg/_high_state_s.c.o\x1b[0m\n'}
[71.238245] (cyclonedds) StdoutLine: {'line': b'[ 44%] \x1b[32mBuilding C object src/core/CMakeFiles/ddsc.dir/ddsi/src/ddsi_topic.c.o\x1b[0m\n'}
[71.238608] (-) TimerEvent: {}
[71.340155] (-) TimerEvent: {}
[71.442677] (-) TimerEvent: {}
[71.495011] (ros2_unitree_legged_msgs) StdoutLine: {'line': b'[ 93%] \x1b[32mBuilding C object CMakeFiles/ros2_unitree_legged_msgs__rosidl_generator_py.dir/rosidl_generator_py/ros2_unitree_legged_msgs/msg/_bms_cmd_s.c.o\x1b[0m\n'}
[71.542833] (-) TimerEvent: {}
[71.620170] (unitree_hg) StdoutLine: {'line': b'[  1%] Built target unitree_hg__cpp\n'}
[71.642983] (-) TimerEvent: {}
[71.720882] (ros2_unitree_legged_msgs) StdoutLine: {'line': b'[ 94%] \x1b[32mBuilding C object CMakeFiles/ros2_unitree_legged_msgs__rosidl_generator_py.dir/rosidl_generator_py/ros2_unitree_legged_msgs/msg/_motor_state_s.c.o\x1b[0m\n'}
[71.744278] (-) TimerEvent: {}
[71.778364] (cyclonedds) StdoutLine: {'line': b'[ 45%] \x1b[32mBuilding C object src/core/CMakeFiles/ddsc.dir/ddsi/src/ddsi_endpoint.c.o\x1b[0m\n'}
[71.821246] (unitree_go) StdoutLine: {'line': b'[ 25%] \x1b[32mBuilding CXX object CMakeFiles/unitree_go__rosidl_typesupport_fastrtps_c.dir/rosidl_typesupport_fastrtps_c/unitree_go/msg/detail/audio_data__type_support_c.cpp.o\x1b[0m\n'}
[71.844453] (-) TimerEvent: {}
[71.947674] (-) TimerEvent: {}
[71.974327] (ros2_unitree_legged_msgs) StdoutLine: {'line': b'[ 95%] \x1b[32m\x1b[1mLinking C shared library rosidl_generator_py/ros2_unitree_legged_msgs/libros2_unitree_legged_msgs__rosidl_generator_py.so\x1b[0m\n'}
[72.047843] (-) TimerEvent: {}
[72.094559] (ros2_unitree_legged_msgs) StdoutLine: {'line': b'[ 95%] Built target ros2_unitree_legged_msgs__rosidl_generator_py\n'}
[72.134398] (unitree_hg) StdoutLine: {'line': b'running egg_info\n'}
[72.136156] (unitree_hg) StdoutLine: {'line': b'creating unitree_hg.egg-info\n'}
[72.137971] (unitree_hg) StdoutLine: {'line': b'writing unitree_hg.egg-info/PKG-INFO\n'}
[72.138993] (unitree_hg) StdoutLine: {'line': b'writing dependency_links to unitree_hg.egg-info/dependency_links.txt\n'}
[72.139411] (unitree_hg) StdoutLine: {'line': b'writing top-level names to unitree_hg.egg-info/top_level.txt\n'}
[72.140220] (unitree_hg) StdoutLine: {'line': b"writing manifest file 'unitree_hg.egg-info/SOURCES.txt'\n"}
[72.145285] (ros2_unitree_legged_msgs) StdoutLine: {'line': b'[ 96%] \x1b[32mBuilding C object CMakeFiles/ros2_unitree_legged_msgs__rosidl_typesupport_fastrtps_c__pyext.dir/rosidl_generator_py/ros2_unitree_legged_msgs/_ros2_unitree_legged_msgs_s.ep.rosidl_typesupport_fastrtps_c.c.o\x1b[0m\n'}
[72.146909] (unitree_hg) StdoutLine: {'line': b"reading manifest file 'unitree_hg.egg-info/SOURCES.txt'\n"}
[72.147943] (-) TimerEvent: {}
[72.152273] (unitree_hg) StdoutLine: {'line': b"writing manifest file 'unitree_hg.egg-info/SOURCES.txt'\n"}
[72.248108] (-) TimerEvent: {}
[72.277290] (unitree_hg) StdoutLine: {'line': b'[  1%] Built target ament_cmake_python_build_unitree_hg_egg\n'}
[72.301641] (unitree_hg) StdoutLine: {'line': b'[  2%] \x1b[34m\x1b[1mGenerating C++ introspection for ROS interfaces\x1b[0m\n'}
[72.348242] (-) TimerEvent: {}
[72.448962] (-) TimerEvent: {}
[72.477346] (ros2_unitree_legged_msgs) StdoutLine: {'line': b'[ 97%] \x1b[32m\x1b[1mLinking C shared library rosidl_generator_py/ros2_unitree_legged_msgs/ros2_unitree_legged_msgs_s__rosidl_typesupport_fastrtps_c.cpython-310-aarch64-linux-gnu.so\x1b[0m\n'}
[72.551238] (-) TimerEvent: {}
[72.568435] (ros2_unitree_legged_msgs) StdoutLine: {'line': b'[ 97%] Built target ros2_unitree_legged_msgs__rosidl_typesupport_fastrtps_c__pyext\n'}
[72.619361] (ros2_unitree_legged_msgs) StdoutLine: {'line': b'[ 97%] \x1b[32mBuilding C object CMakeFiles/ros2_unitree_legged_msgs__rosidl_typesupport_c__pyext.dir/rosidl_generator_py/ros2_unitree_legged_msgs/_ros2_unitree_legged_msgs_s.ep.rosidl_typesupport_c.c.o\x1b[0m\n'}
[72.651380] (-) TimerEvent: {}
[72.752016] (-) TimerEvent: {}
[72.761693] (unitree_go) StdoutLine: {'line': b'[ 26%] \x1b[32mBuilding CXX object CMakeFiles/unitree_go__rosidl_typesupport_fastrtps_c.dir/rosidl_typesupport_fastrtps_c/unitree_go/msg/detail/bms_cmd__type_support_c.cpp.o\x1b[0m\n'}
[72.854230] (-) TimerEvent: {}
[72.874367] (ros2_unitree_legged_msgs) StdoutLine: {'line': b'[ 98%] \x1b[32m\x1b[1mLinking C shared library rosidl_generator_py/ros2_unitree_legged_msgs/ros2_unitree_legged_msgs_s__rosidl_typesupport_c.cpython-310-aarch64-linux-gnu.so\x1b[0m\n'}
[72.949402] (ros2_unitree_legged_msgs) StdoutLine: {'line': b'[ 98%] Built target ros2_unitree_legged_msgs__rosidl_typesupport_c__pyext\n'}
[72.954359] (-) TimerEvent: {}
[73.006422] (ros2_unitree_legged_msgs) StdoutLine: {'line': b'[ 99%] \x1b[32mBuilding C object CMakeFiles/ros2_unitree_legged_msgs__rosidl_typesupport_introspection_c__pyext.dir/rosidl_generator_py/ros2_unitree_legged_msgs/_ros2_unitree_legged_msgs_s.ep.rosidl_typesupport_introspection_c.c.o\x1b[0m\n'}
[73.054516] (-) TimerEvent: {}
[73.120379] (cyclonedds) StdoutLine: {'line': b'[ 45%] \x1b[32mBuilding C object src/core/CMakeFiles/ddsc.dir/ddsi/src/ddsi_proxy_endpoint.c.o\x1b[0m\n'}
[73.154656] (-) TimerEvent: {}
[73.255424] (-) TimerEvent: {}
[73.272173] (ros2_unitree_legged_msgs) StdoutLine: {'line': b'[100%] \x1b[32m\x1b[1mLinking C shared library rosidl_generator_py/ros2_unitree_legged_msgs/ros2_unitree_legged_msgs_s__rosidl_typesupport_introspection_c.cpython-310-aarch64-linux-gnu.so\x1b[0m\n'}
[73.358238] (-) TimerEvent: {}
[73.365749] (ros2_unitree_legged_msgs) StdoutLine: {'line': b'[100%] Built target ros2_unitree_legged_msgs__rosidl_typesupport_introspection_c__pyext\n'}
[73.412051] (ros2_unitree_legged_msgs) CommandEnded: {'returncode': 0}
[73.413117] (ros2_unitree_legged_msgs) JobProgress: {'identifier': 'ros2_unitree_legged_msgs', 'progress': 'install'}
[73.413553] (ros2_unitree_legged_msgs) Command: {'cmd': ['/usr/bin/cmake', '--install', '/ws/build/ros2_unitree_legged_msgs'], 'cwd': '/ws/build/ros2_unitree_legged_msgs', 'env': OrderedDict([('HOSTNAME', 'pi'), ('SHLVL', '1'), ('LD_LIBRARY_PATH', '/opt/ros/humble/lib/aarch64-linux-gnu:/opt/ros/humble/lib'), ('HOME', '/root'), ('OLDPWD', '/ws/src'), ('ROS_PYTHON_VERSION', '3'), ('ROS_DISTRO', 'humble'), ('_', '/usr/bin/colcon'), ('ROS_VERSION', '2'), ('TERM', 'xterm'), ('ROS_LOCALHOST_ONLY', '0'), ('PATH', '/opt/ros/humble/bin:/usr/local/sbin:/usr/local/bin:/usr/sbin:/usr/bin:/sbin:/bin'), ('LANG', 'C.UTF-8'), ('LS_COLORS', 'rs=0:di=01;34:ln=01;36:mh=00:pi=40;33:so=01;35:do=01;35:bd=40;33;01:cd=40;33;01:or=40;31;01:mi=00:su=37;41:sg=30;43:ca=30;41:tw=30;42:ow=34;42:st=37;44:ex=01;32:*.tar=01;31:*.tgz=01;31:*.arc=01;31:*.arj=01;31:*.taz=01;31:*.lha=01;31:*.lz4=01;31:*.lzh=01;31:*.lzma=01;31:*.tlz=01;31:*.txz=01;31:*.tzo=01;31:*.t7z=01;31:*.zip=01;31:*.z=01;31:*.dz=01;31:*.gz=01;31:*.lrz=01;31:*.lz=01;31:*.lzo=01;31:*.xz=01;31:*.zst=01;31:*.tzst=01;31:*.bz2=01;31:*.bz=01;31:*.tbz=01;31:*.tbz2=01;31:*.tz=01;31:*.deb=01;31:*.rpm=01;31:*.jar=01;31:*.war=01;31:*.ear=01;31:*.sar=01;31:*.rar=01;31:*.alz=01;31:*.ace=01;31:*.zoo=01;31:*.cpio=01;31:*.7z=01;31:*.rz=01;31:*.cab=01;31:*.wim=01;31:*.swm=01;31:*.dwm=01;31:*.esd=01;31:*.jpg=01;35:*.jpeg=01;35:*.mjpg=01;35:*.mjpeg=01;35:*.gif=01;35:*.bmp=01;35:*.pbm=01;35:*.pgm=01;35:*.ppm=01;35:*.tga=01;35:*.xbm=01;35:*.xpm=01;35:*.tif=01;35:*.tiff=01;35:*.png=01;35:*.svg=01;35:*.svgz=01;35:*.mng=01;35:*.pcx=01;35:*.mov=01;35:*.mpg=01;35:*.mpeg=01;35:*.m2v=01;35:*.mkv=01;35:*.webm=01;35:*.webp=01;35:*.ogm=01;35:*.mp4=01;35:*.m4v=01;35:*.mp4v=01;35:*.vob=01;35:*.qt=01;35:*.nuv=01;35:*.wmv=01;35:*.asf=01;35:*.rm=01;35:*.rmvb=01;35:*.flc=01;35:*.avi=01;35:*.fli=01;35:*.flv=01;35:*.gl=01;35:*.dl=01;35:*.xcf=01;35:*.xwd=01;35:*.yuv=01;35:*.cgm=01;35:*.emf=01;35:*.ogv=01;35:*.ogx=01;35:*.aac=00;36:*.au=00;36:*.flac=00;36:*.m4a=00;36:*.mid=00;36:*.midi=00;36:*.mka=00;36:*.mp3=00;36:*.mpc=00;36:*.ogg=00;36:*.ra=00;36:*.wav=00;36:*.oga=00;36:*.opus=00;36:*.spx=00;36:*.xspf=00;36:'), ('AMENT_PREFIX_PATH', '/opt/ros/humble'), ('DEBIAN_FRONTEND', 'noninteractive'), ('PWD', '/ws/build/ros2_unitree_legged_msgs'), ('LC_ALL', 'C.UTF-8'), ('PYTHONPATH', '/opt/ros/humble/lib/python3.10/site-packages:/opt/ros/humble/local/lib/python3.10/dist-packages'), ('COLCON', '1'), ('CMAKE_PREFIX_PATH', '/opt/ros/humble')]), 'shell': False}
[73.439243] (ros2_unitree_legged_msgs) StdoutLine: {'line': b'-- Install configuration: ""\n'}
[73.439696] (ros2_unitree_legged_msgs) StdoutLine: {'line': b'-- Installing: /ws/install/ros2_unitree_legged_msgs/share/ament_index/resource_index/rosidl_interfaces/ros2_unitree_legged_msgs\n'}
[73.441753] (ros2_unitree_legged_msgs) StdoutLine: {'line': b'-- Installing: /ws/install/ros2_unitree_legged_msgs/include/ros2_unitree_legged_msgs/ros2_unitree_legged_msgs\n'}
[73.442800] (ros2_unitree_legged_msgs) StdoutLine: {'line': b'-- Installing: /ws/install/ros2_unitree_legged_msgs/include/ros2_unitree_legged_msgs/ros2_unitree_legged_msgs/msg\n'}
[73.443285] (ros2_unitree_legged_msgs) StdoutLine: {'line': b'-- Installing: /ws/install/ros2_unitree_legged_msgs/include/ros2_unitree_legged_msgs/ros2_unitree_legged_msgs/msg/led.h\n'}
[73.444665] (ros2_unitree_legged_msgs) StdoutLine: {'line': b'-- Installing: /ws/install/ros2_unitree_legged_msgs/include/ros2_unitree_legged_msgs/ros2_unitree_legged_msgs/msg/low_cmd.h\n'}
[73.446086] (ros2_unitree_legged_msgs) StdoutLine: {'line': b'-- Installing: /ws/install/ros2_unitree_legged_msgs/include/ros2_unitree_legged_msgs/ros2_unitree_legged_msgs/msg/motor_cmd.h\n'}
[73.448862] (ros2_unitree_legged_msgs) StdoutLine: {'line': b'-- Installing: /ws/install/ros2_unitree_legged_msgs/include/ros2_unitree_legged_msgs/ros2_unitree_legged_msgs/msg/high_cmd.h\n'}
[73.450099] (ros2_unitree_legged_msgs) StdoutLine: {'line': b'-- Installing: /ws/install/ros2_unitree_legged_msgs/include/ros2_unitree_legged_msgs/ros2_unitree_legged_msgs/msg/low_state.h\n'}
[73.451417] (ros2_unitree_legged_msgs) StdoutLine: {'line': b'-- Installing: /ws/install/ros2_unitree_legged_msgs/include/ros2_unitree_legged_msgs/ros2_unitree_legged_msgs/msg/bms_cmd.h\n'}
[73.452937] (ros2_unitree_legged_msgs) StdoutLine: {'line': b'-- Installing: /ws/install/ros2_unitree_legged_msgs/include/ros2_unitree_legged_msgs/ros2_unitree_legged_msgs/msg/motor_state.h\n'}
[73.457545] (ros2_unitree_legged_msgs) StdoutLine: {'line': b'-- Installing: /ws/install/ros2_unitree_legged_msgs/include/ros2_unitree_legged_msgs/ros2_unitree_legged_msgs/msg/imu.h\n'}
[73.458671] (-) TimerEvent: {}
[73.459198] (ros2_unitree_legged_msgs) StdoutLine: {'line': b'-- Installing: /ws/install/ros2_unitree_legged_msgs/include/ros2_unitree_legged_msgs/ros2_unitree_legged_msgs/msg/bms_state.h\n'}
[73.461800] (ros2_unitree_legged_msgs) StdoutLine: {'line': b'-- Installing: /ws/install/ros2_unitree_legged_msgs/include/ros2_unitree_legged_msgs/ros2_unitree_legged_msgs/msg/cartesian.h\n'}
[73.462408] (ros2_unitree_legged_msgs) StdoutLine: {'line': b'-- Installing: /ws/install/ros2_unitree_legged_msgs/include/ros2_unitree_legged_msgs/ros2_unitree_legged_msgs/msg/rosidl_generator_c__visibility_control.h\n'}
[73.465111] (ros2_unitree_legged_msgs) StdoutLine: {'line': b'-- Installing: /ws/install/ros2_unitree_legged_msgs/include/ros2_unitree_legged_msgs/ros2_unitree_legged_msgs/msg/detail\n'}
[73.466912] (ros2_unitree_legged_msgs) StdoutLine: {'line': b'-- Installing: /ws/install/ros2_unitree_legged_msgs/include/ros2_unitree_legged_msgs/ros2_unitree_legged_msgs/msg/detail/cartesian__functions.c\n'}
[73.467257] (ros2_unitree_legged_msgs) StdoutLine: {'line': b'-- Installing: /ws/install/ros2_unitree_legged_msgs/include/ros2_unitree_legged_msgs/ros2_unitree_legged_msgs/msg/detail/motor_state__struct.h\n'}
[73.467437] (ros2_unitree_legged_msgs) StdoutLine: {'line': b'-- Installing: /ws/install/ros2_unitree_legged_msgs/include/ros2_unitree_legged_msgs/ros2_unitree_legged_msgs/msg/detail/high_state__type_support.h\n'}
[73.467571] (ros2_unitree_legged_msgs) StdoutLine: {'line': b'-- Installing: /ws/install/ros2_unitree_legged_msgs/include/ros2_unitree_legged_msgs/ros2_unitree_legged_msgs/msg/detail/cartesian__type_support.h\n'}
[73.467681] (ros2_unitree_legged_msgs) StdoutLine: {'line': b'-- Installing: /ws/install/ros2_unitree_legged_msgs/include/ros2_unitree_legged_msgs/ros2_unitree_legged_msgs/msg/detail/high_cmd__struct.h\n'}
[73.467767] (ros2_unitree_legged_msgs) StdoutLine: {'line': b'-- Installing: /ws/install/ros2_unitree_legged_msgs/include/ros2_unitree_legged_msgs/ros2_unitree_legged_msgs/msg/detail/imu__struct.h\n'}
[73.470861] (ros2_unitree_legged_msgs) StdoutLine: {'line': b'-- Installing: /ws/install/ros2_unitree_legged_msgs/include/ros2_unitree_legged_msgs/ros2_unitree_legged_msgs/msg/detail/low_state__type_support.h\n'}
[73.471513] (ros2_unitree_legged_msgs) StdoutLine: {'line': b'-- Installing: /ws/install/ros2_unitree_legged_msgs/include/ros2_unitree_legged_msgs/ros2_unitree_legged_msgs/msg/detail/low_cmd__struct.h\n'}
[73.471734] (ros2_unitree_legged_msgs) StdoutLine: {'line': b'-- Installing: /ws/install/ros2_unitree_legged_msgs/include/ros2_unitree_legged_msgs/ros2_unitree_legged_msgs/msg/detail/bms_state__struct.h\n'}
[73.471851] (ros2_unitree_legged_msgs) StdoutLine: {'line': b'-- Installing: /ws/install/ros2_unitree_legged_msgs/include/ros2_unitree_legged_msgs/ros2_unitree_legged_msgs/msg/detail/led__functions.h\n'}
[73.471960] (ros2_unitree_legged_msgs) StdoutLine: {'line': b'-- Installing: /ws/install/ros2_unitree_legged_msgs/include/ros2_unitree_legged_msgs/ros2_unitree_legged_msgs/msg/detail/motor_state__functions.h\n'}
[73.472054] (ros2_unitree_legged_msgs) StdoutLine: {'line': b'-- Installing: /ws/install/ros2_unitree_legged_msgs/include/ros2_unitree_legged_msgs/ros2_unitree_legged_msgs/msg/detail/low_state__functions.h\n'}
[73.472194] (ros2_unitree_legged_msgs) StdoutLine: {'line': b'-- Installing: /ws/install/ros2_unitree_legged_msgs/include/ros2_unitree_legged_msgs/ros2_unitree_legged_msgs/msg/detail/bms_state__functions.h\n'}
[73.472386] (ros2_unitree_legged_msgs) StdoutLine: {'line': b'-- Installing: /ws/install/ros2_unitree_legged_msgs/include/ros2_unitree_legged_msgs/ros2_unitree_legged_msgs/msg/detail/motor_cmd__functions.c\n'}
[73.472481] (ros2_unitree_legged_msgs) StdoutLine: {'line': b'-- Installing: /ws/install/ros2_unitree_legged_msgs/include/ros2_unitree_legged_msgs/ros2_unitree_legged_msgs/msg/detail/low_state__struct.h\n'}
[73.472566] (ros2_unitree_legged_msgs) StdoutLine: {'line': b'-- Installing: /ws/install/ros2_unitree_legged_msgs/include/ros2_unitree_legged_msgs/ros2_unitree_legged_msgs/msg/detail/low_cmd__functions.h\n'}
[73.472658] (ros2_unitree_legged_msgs) StdoutLine: {'line': b'-- Installing: /ws/install/ros2_unitree_legged_msgs/include/ros2_unitree_legged_msgs/ros2_unitree_legged_msgs/msg/detail/high_cmd__functions.c\n'}
[73.472757] (ros2_unitree_legged_msgs) StdoutLine: {'line': b'-- Installing: /ws/install/ros2_unitree_legged_msgs/include/ros2_unitree_legged_msgs/ros2_unitree_legged_msgs/msg/detail/bms_cmd__type_support.h\n'}
[73.472855] (ros2_unitree_legged_msgs) StdoutLine: {'line': b'-- Installing: /ws/install/ros2_unitree_legged_msgs/include/ros2_unitree_legged_msgs/ros2_unitree_legged_msgs/msg/detail/low_cmd__type_support.h\n'}
[73.472938] (ros2_unitree_legged_msgs) StdoutLine: {'line': b'-- Installing: /ws/install/ros2_unitree_legged_msgs/include/ros2_unitree_legged_msgs/ros2_unitree_legged_msgs/msg/detail/bms_cmd__functions.c\n'}
[73.473015] (ros2_unitree_legged_msgs) StdoutLine: {'line': b'-- Installing: /ws/install/ros2_unitree_legged_msgs/include/ros2_unitree_legged_msgs/ros2_unitree_legged_msgs/msg/detail/bms_cmd__functions.h\n'}
[73.473095] (ros2_unitree_legged_msgs) StdoutLine: {'line': b'-- Installing: /ws/install/ros2_unitree_legged_msgs/include/ros2_unitree_legged_msgs/ros2_unitree_legged_msgs/msg/detail/low_state__functions.c\n'}
[73.474914] (ros2_unitree_legged_msgs) StdoutLine: {'line': b'-- Installing: /ws/install/ros2_unitree_legged_msgs/include/ros2_unitree_legged_msgs/ros2_unitree_legged_msgs/msg/detail/motor_cmd__struct.h\n'}
[73.475100] (ros2_unitree_legged_msgs) StdoutLine: {'line': b'-- Installing: /ws/install/ros2_unitree_legged_msgs/include/ros2_unitree_legged_msgs/ros2_unitree_legged_msgs/msg/detail/led__functions.c\n'}
[73.475271] (ros2_unitree_legged_msgs) StdoutLine: {'line': b'-- Installing: /ws/install/ros2_unitree_legged_msgs/include/ros2_unitree_legged_msgs/ros2_unitree_legged_msgs/msg/detail/bms_cmd__struct.h\n'}
[73.475398] (ros2_unitree_legged_msgs) StdoutLine: {'line': b'-- Installing: /ws/install/ros2_unitree_legged_msgs/include/ros2_unitree_legged_msgs/ros2_unitree_legged_msgs/msg/detail/imu__functions.c\n'}
[73.475551] (ros2_unitree_legged_msgs) StdoutLine: {'line': b'-- Installing: /ws/install/ros2_unitree_legged_msgs/include/ros2_unitree_legged_msgs/ros2_unitree_legged_msgs/msg/detail/high_state__functions.c\n'}
[73.475663] (ros2_unitree_legged_msgs) StdoutLine: {'line': b'-- Installing: /ws/install/ros2_unitree_legged_msgs/include/ros2_unitree_legged_msgs/ros2_unitree_legged_msgs/msg/detail/imu__functions.h\n'}
[73.475765] (ros2_unitree_legged_msgs) StdoutLine: {'line': b'-- Installing: /ws/install/ros2_unitree_legged_msgs/include/ros2_unitree_legged_msgs/ros2_unitree_legged_msgs/msg/detail/led__type_support.h\n'}
[73.475882] (ros2_unitree_legged_msgs) StdoutLine: {'line': b'-- Installing: /ws/install/ros2_unitree_legged_msgs/include/ros2_unitree_legged_msgs/ros2_unitree_legged_msgs/msg/detail/cartesian__functions.h\n'}
[73.475984] (ros2_unitree_legged_msgs) StdoutLine: {'line': b'-- Installing: /ws/install/ros2_unitree_legged_msgs/include/ros2_unitree_legged_msgs/ros2_unitree_legged_msgs/msg/detail/high_state__struct.h\n'}
[73.476076] (ros2_unitree_legged_msgs) StdoutLine: {'line': b'-- Installing: /ws/install/ros2_unitree_legged_msgs/include/ros2_unitree_legged_msgs/ros2_unitree_legged_msgs/msg/detail/bms_state__functions.c\n'}
[73.476240] (ros2_unitree_legged_msgs) StdoutLine: {'line': b'-- Installing: /ws/install/ros2_unitree_legged_msgs/include/ros2_unitree_legged_msgs/ros2_unitree_legged_msgs/msg/detail/imu__type_support.h\n'}
[73.476367] (ros2_unitree_legged_msgs) StdoutLine: {'line': b'-- Installing: /ws/install/ros2_unitree_legged_msgs/include/ros2_unitree_legged_msgs/ros2_unitree_legged_msgs/msg/detail/motor_state__functions.c\n'}
[73.476469] (ros2_unitree_legged_msgs) StdoutLine: {'line': b'-- Installing: /ws/install/ros2_unitree_legged_msgs/include/ros2_unitree_legged_msgs/ros2_unitree_legged_msgs/msg/detail/low_cmd__functions.c\n'}
[73.476555] (ros2_unitree_legged_msgs) StdoutLine: {'line': b'-- Installing: /ws/install/ros2_unitree_legged_msgs/include/ros2_unitree_legged_msgs/ros2_unitree_legged_msgs/msg/detail/high_cmd__type_support.h\n'}
[73.476632] (ros2_unitree_legged_msgs) StdoutLine: {'line': b'-- Installing: /ws/install/ros2_unitree_legged_msgs/include/ros2_unitree_legged_msgs/ros2_unitree_legged_msgs/msg/detail/motor_cmd__type_support.h\n'}
[73.476713] (ros2_unitree_legged_msgs) StdoutLine: {'line': b'-- Installing: /ws/install/ros2_unitree_legged_msgs/include/ros2_unitree_legged_msgs/ros2_unitree_legged_msgs/msg/detail/motor_cmd__functions.h\n'}
[73.476793] (ros2_unitree_legged_msgs) StdoutLine: {'line': b'-- Installing: /ws/install/ros2_unitree_legged_msgs/include/ros2_unitree_legged_msgs/ros2_unitree_legged_msgs/msg/detail/motor_state__type_support.h\n'}
[73.476866] (ros2_unitree_legged_msgs) StdoutLine: {'line': b'-- Installing: /ws/install/ros2_unitree_legged_msgs/include/ros2_unitree_legged_msgs/ros2_unitree_legged_msgs/msg/detail/high_cmd__functions.h\n'}
[73.476944] (ros2_unitree_legged_msgs) StdoutLine: {'line': b'-- Installing: /ws/install/ros2_unitree_legged_msgs/include/ros2_unitree_legged_msgs/ros2_unitree_legged_msgs/msg/detail/led__struct.h\n'}
[73.477027] (ros2_unitree_legged_msgs) StdoutLine: {'line': b'-- Installing: /ws/install/ros2_unitree_legged_msgs/include/ros2_unitree_legged_msgs/ros2_unitree_legged_msgs/msg/detail/bms_state__type_support.h\n'}
[73.477119] (ros2_unitree_legged_msgs) StdoutLine: {'line': b'-- Installing: /ws/install/ros2_unitree_legged_msgs/include/ros2_unitree_legged_msgs/ros2_unitree_legged_msgs/msg/detail/high_state__functions.h\n'}
[73.481533] (ros2_unitree_legged_msgs) StdoutLine: {'line': b'-- Installing: /ws/install/ros2_unitree_legged_msgs/include/ros2_unitree_legged_msgs/ros2_unitree_legged_msgs/msg/detail/cartesian__struct.h\n'}
[73.481695] (ros2_unitree_legged_msgs) StdoutLine: {'line': b'-- Installing: /ws/install/ros2_unitree_legged_msgs/include/ros2_unitree_legged_msgs/ros2_unitree_legged_msgs/msg/high_state.h\n'}
[73.481809] (ros2_unitree_legged_msgs) StdoutLine: {'line': b'-- Installing: /ws/install/ros2_unitree_legged_msgs/share/ros2_unitree_legged_msgs/environment/library_path.sh\n'}
[73.481915] (ros2_unitree_legged_msgs) StdoutLine: {'line': b'-- Installing: /ws/install/ros2_unitree_legged_msgs/share/ros2_unitree_legged_msgs/environment/library_path.dsv\n'}
[73.482032] (ros2_unitree_legged_msgs) StdoutLine: {'line': b'-- Installing: /ws/install/ros2_unitree_legged_msgs/lib/libros2_unitree_legged_msgs__rosidl_generator_c.so\n'}
[73.482358] (ros2_unitree_legged_msgs) StdoutLine: {'line': b'-- Set runtime path of "/ws/install/ros2_unitree_legged_msgs/lib/libros2_unitree_legged_msgs__rosidl_generator_c.so" to ""\n'}
[73.482509] (ros2_unitree_legged_msgs) StdoutLine: {'line': b'-- Up-to-date: /ws/install/ros2_unitree_legged_msgs/include/ros2_unitree_legged_msgs/ros2_unitree_legged_msgs\n'}
[73.482598] (ros2_unitree_legged_msgs) StdoutLine: {'line': b'-- Up-to-date: /ws/install/ros2_unitree_legged_msgs/include/ros2_unitree_legged_msgs/ros2_unitree_legged_msgs/msg\n'}
[73.482682] (ros2_unitree_legged_msgs) StdoutLine: {'line': b'-- Installing: /ws/install/ros2_unitree_legged_msgs/include/ros2_unitree_legged_msgs/ros2_unitree_legged_msgs/msg/rosidl_typesupport_fastrtps_c__visibility_control.h\n'}
[73.482768] (ros2_unitree_legged_msgs) StdoutLine: {'line': b'-- Up-to-date: /ws/install/ros2_unitree_legged_msgs/include/ros2_unitree_legged_msgs/ros2_unitree_legged_msgs/msg/detail\n'}
[73.482895] (ros2_unitree_legged_msgs) StdoutLine: {'line': b'-- Installing: /ws/install/ros2_unitree_legged_msgs/include/ros2_unitree_legged_msgs/ros2_unitree_legged_msgs/msg/detail/motor_state__rosidl_typesupport_fastrtps_c.h\n'}
[73.482982] (ros2_unitree_legged_msgs) StdoutLine: {'line': b'-- Installing: /ws/install/ros2_unitree_legged_msgs/include/ros2_unitree_legged_msgs/ros2_unitree_legged_msgs/msg/detail/low_state__rosidl_typesupport_fastrtps_c.h\n'}
[73.483085] (ros2_unitree_legged_msgs) StdoutLine: {'line': b'-- Installing: /ws/install/ros2_unitree_legged_msgs/include/ros2_unitree_legged_msgs/ros2_unitree_legged_msgs/msg/detail/high_cmd__rosidl_typesupport_fastrtps_c.h\n'}
[73.483195] (ros2_unitree_legged_msgs) StdoutLine: {'line': b'-- Installing: /ws/install/ros2_unitree_legged_msgs/include/ros2_unitree_legged_msgs/ros2_unitree_legged_msgs/msg/detail/high_state__rosidl_typesupport_fastrtps_c.h\n'}
[73.483286] (ros2_unitree_legged_msgs) StdoutLine: {'line': b'-- Installing: /ws/install/ros2_unitree_legged_msgs/include/ros2_unitree_legged_msgs/ros2_unitree_legged_msgs/msg/detail/bms_cmd__rosidl_typesupport_fastrtps_c.h\n'}
[73.483365] (ros2_unitree_legged_msgs) StdoutLine: {'line': b'-- Installing: /ws/install/ros2_unitree_legged_msgs/include/ros2_unitree_legged_msgs/ros2_unitree_legged_msgs/msg/detail/led__rosidl_typesupport_fastrtps_c.h\n'}
[73.483438] (ros2_unitree_legged_msgs) StdoutLine: {'line': b'-- Installing: /ws/install/ros2_unitree_legged_msgs/include/ros2_unitree_legged_msgs/ros2_unitree_legged_msgs/msg/detail/cartesian__rosidl_typesupport_fastrtps_c.h\n'}
[73.483531] (ros2_unitree_legged_msgs) StdoutLine: {'line': b'-- Installing: /ws/install/ros2_unitree_legged_msgs/include/ros2_unitree_legged_msgs/ros2_unitree_legged_msgs/msg/detail/motor_cmd__rosidl_typesupport_fastrtps_c.h\n'}
[73.483619] (ros2_unitree_legged_msgs) StdoutLine: {'line': b'-- Installing: /ws/install/ros2_unitree_legged_msgs/include/ros2_unitree_legged_msgs/ros2_unitree_legged_msgs/msg/detail/low_cmd__rosidl_typesupport_fastrtps_c.h\n'}
[73.483694] (ros2_unitree_legged_msgs) StdoutLine: {'line': b'-- Installing: /ws/install/ros2_unitree_legged_msgs/include/ros2_unitree_legged_msgs/ros2_unitree_legged_msgs/msg/detail/bms_state__rosidl_typesupport_fastrtps_c.h\n'}
[73.483767] (ros2_unitree_legged_msgs) StdoutLine: {'line': b'-- Installing: /ws/install/ros2_unitree_legged_msgs/include/ros2_unitree_legged_msgs/ros2_unitree_legged_msgs/msg/detail/imu__rosidl_typesupport_fastrtps_c.h\n'}
[73.483846] (ros2_unitree_legged_msgs) StdoutLine: {'line': b'-- Installing: /ws/install/ros2_unitree_legged_msgs/lib/libros2_unitree_legged_msgs__rosidl_typesupport_fastrtps_c.so\n'}
[73.491994] (ros2_unitree_legged_msgs) StdoutLine: {'line': b'-- Set runtime path of "/ws/install/ros2_unitree_legged_msgs/lib/libros2_unitree_legged_msgs__rosidl_typesupport_fastrtps_c.so" to ""\n'}
[73.492532] (ros2_unitree_legged_msgs) StdoutLine: {'line': b'-- Up-to-date: /ws/install/ros2_unitree_legged_msgs/include/ros2_unitree_legged_msgs/ros2_unitree_legged_msgs\n'}
[73.492846] (ros2_unitree_legged_msgs) StdoutLine: {'line': b'-- Up-to-date: /ws/install/ros2_unitree_legged_msgs/include/ros2_unitree_legged_msgs/ros2_unitree_legged_msgs/msg\n'}
[73.493010] (ros2_unitree_legged_msgs) StdoutLine: {'line': b'-- Installing: /ws/install/ros2_unitree_legged_msgs/include/ros2_unitree_legged_msgs/ros2_unitree_legged_msgs/msg/rosidl_typesupport_introspection_c__visibility_control.h\n'}
[73.493222] (ros2_unitree_legged_msgs) StdoutLine: {'line': b'-- Up-to-date: /ws/install/ros2_unitree_legged_msgs/include/ros2_unitree_legged_msgs/ros2_unitree_legged_msgs/msg/detail\n'}
[73.493420] (ros2_unitree_legged_msgs) StdoutLine: {'line': b'-- Installing: /ws/install/ros2_unitree_legged_msgs/include/ros2_unitree_legged_msgs/ros2_unitree_legged_msgs/msg/detail/imu__type_support.c\n'}
[73.493572] (ros2_unitree_legged_msgs) StdoutLine: {'line': b'-- Installing: /ws/install/ros2_unitree_legged_msgs/include/ros2_unitree_legged_msgs/ros2_unitree_legged_msgs/msg/detail/led__rosidl_typesupport_introspection_c.h\n'}
[73.493709] (ros2_unitree_legged_msgs) StdoutLine: {'line': b'-- Installing: /ws/install/ros2_unitree_legged_msgs/include/ros2_unitree_legged_msgs/ros2_unitree_legged_msgs/msg/detail/bms_cmd__rosidl_typesupport_introspection_c.h\n'}
[73.493861] (ros2_unitree_legged_msgs) StdoutLine: {'line': b'-- Installing: /ws/install/ros2_unitree_legged_msgs/include/ros2_unitree_legged_msgs/ros2_unitree_legged_msgs/msg/detail/high_cmd__rosidl_typesupport_introspection_c.h\n'}
[73.493987] (ros2_unitree_legged_msgs) StdoutLine: {'line': b'-- Installing: /ws/install/ros2_unitree_legged_msgs/include/ros2_unitree_legged_msgs/ros2_unitree_legged_msgs/msg/detail/imu__rosidl_typesupport_introspection_c.h\n'}
[73.494190] (ros2_unitree_legged_msgs) StdoutLine: {'line': b'-- Installing: /ws/install/ros2_unitree_legged_msgs/include/ros2_unitree_legged_msgs/ros2_unitree_legged_msgs/msg/detail/high_state__rosidl_typesupport_introspection_c.h\n'}
[73.503540] (ros2_unitree_legged_msgs) StdoutLine: {'line': b'-- Installing: /ws/install/ros2_unitree_legged_msgs/include/ros2_unitree_legged_msgs/ros2_unitree_legged_msgs/msg/detail/cartesian__type_support.c\n'}
[73.503953] (ros2_unitree_legged_msgs) StdoutLine: {'line': b'-- Installing: /ws/install/ros2_unitree_legged_msgs/include/ros2_unitree_legged_msgs/ros2_unitree_legged_msgs/msg/detail/low_cmd__rosidl_typesupport_introspection_c.h\n'}
[73.504253] (ros2_unitree_legged_msgs) StdoutLine: {'line': b'-- Installing: /ws/install/ros2_unitree_legged_msgs/include/ros2_unitree_legged_msgs/ros2_unitree_legged_msgs/msg/detail/led__type_support.c\n'}
[73.504499] (ros2_unitree_legged_msgs) StdoutLine: {'line': b'-- Installing: /ws/install/ros2_unitree_legged_msgs/include/ros2_unitree_legged_msgs/ros2_unitree_legged_msgs/msg/detail/low_state__type_support.c\n'}
[73.504734] (ros2_unitree_legged_msgs) StdoutLine: {'line': b'-- Installing: /ws/install/ros2_unitree_legged_msgs/include/ros2_unitree_legged_msgs/ros2_unitree_legged_msgs/msg/detail/cartesian__rosidl_typesupport_introspection_c.h\n'}
[73.504994] (ros2_unitree_legged_msgs) StdoutLine: {'line': b'-- Installing: /ws/install/ros2_unitree_legged_msgs/include/ros2_unitree_legged_msgs/ros2_unitree_legged_msgs/msg/detail/bms_state__rosidl_typesupport_introspection_c.h\n'}
[73.505302] (ros2_unitree_legged_msgs) StdoutLine: {'line': b'-- Installing: /ws/install/ros2_unitree_legged_msgs/include/ros2_unitree_legged_msgs/ros2_unitree_legged_msgs/msg/detail/motor_cmd__type_support.c\n'}
[73.505545] (ros2_unitree_legged_msgs) StdoutLine: {'line': b'-- Installing: /ws/install/ros2_unitree_legged_msgs/include/ros2_unitree_legged_msgs/ros2_unitree_legged_msgs/msg/detail/high_state__type_support.c\n'}
[73.505953] (ros2_unitree_legged_msgs) StdoutLine: {'line': b'-- Installing: /ws/install/ros2_unitree_legged_msgs/include/ros2_unitree_legged_msgs/ros2_unitree_legged_msgs/msg/detail/low_cmd__type_support.c\n'}
[73.515212] (ros2_unitree_legged_msgs) StdoutLine: {'line': b'-- Installing: /ws/install/ros2_unitree_legged_msgs/include/ros2_unitree_legged_msgs/ros2_unitree_legged_msgs/msg/detail/bms_state__type_support.c\n'}
[73.516075] (ros2_unitree_legged_msgs) StdoutLine: {'line': b'-- Installing: /ws/install/ros2_unitree_legged_msgs/include/ros2_unitree_legged_msgs/ros2_unitree_legged_msgs/msg/detail/motor_state__type_support.c\n'}
[73.516404] (ros2_unitree_legged_msgs) StdoutLine: {'line': b'-- Installing: /ws/install/ros2_unitree_legged_msgs/include/ros2_unitree_legged_msgs/ros2_unitree_legged_msgs/msg/detail/bms_cmd__type_support.c\n'}
[73.516618] (ros2_unitree_legged_msgs) StdoutLine: {'line': b'-- Installing: /ws/install/ros2_unitree_legged_msgs/include/ros2_unitree_legged_msgs/ros2_unitree_legged_msgs/msg/detail/motor_state__rosidl_typesupport_introspection_c.h\n'}
[73.518980] (ros2_unitree_legged_msgs) StdoutLine: {'line': b'-- Installing: /ws/install/ros2_unitree_legged_msgs/include/ros2_unitree_legged_msgs/ros2_unitree_legged_msgs/msg/detail/motor_cmd__rosidl_typesupport_introspection_c.h\n'}
[73.519326] (ros2_unitree_legged_msgs) StdoutLine: {'line': b'-- Installing: /ws/install/ros2_unitree_legged_msgs/include/ros2_unitree_legged_msgs/ros2_unitree_legged_msgs/msg/detail/high_cmd__type_support.c\n'}
[73.519459] (ros2_unitree_legged_msgs) StdoutLine: {'line': b'-- Installing: /ws/install/ros2_unitree_legged_msgs/include/ros2_unitree_legged_msgs/ros2_unitree_legged_msgs/msg/detail/low_state__rosidl_typesupport_introspection_c.h\n'}
[73.519565] (ros2_unitree_legged_msgs) StdoutLine: {'line': b'-- Installing: /ws/install/ros2_unitree_legged_msgs/lib/libros2_unitree_legged_msgs__rosidl_typesupport_introspection_c.so\n'}
[73.527072] (ros2_unitree_legged_msgs) StdoutLine: {'line': b'-- Set runtime path of "/ws/install/ros2_unitree_legged_msgs/lib/libros2_unitree_legged_msgs__rosidl_typesupport_introspection_c.so" to ""\n'}
[73.527943] (ros2_unitree_legged_msgs) StdoutLine: {'line': b'-- Installing: /ws/install/ros2_unitree_legged_msgs/lib/libros2_unitree_legged_msgs__rosidl_typesupport_c.so\n'}
[73.531413] (ros2_unitree_legged_msgs) StdoutLine: {'line': b'-- Set runtime path of "/ws/install/ros2_unitree_legged_msgs/lib/libros2_unitree_legged_msgs__rosidl_typesupport_c.so" to ""\n'}
[73.532353] (ros2_unitree_legged_msgs) StdoutLine: {'line': b'-- Up-to-date: /ws/install/ros2_unitree_legged_msgs/include/ros2_unitree_legged_msgs/ros2_unitree_legged_msgs\n'}
[73.535300] (ros2_unitree_legged_msgs) StdoutLine: {'line': b'-- Up-to-date: /ws/install/ros2_unitree_legged_msgs/include/ros2_unitree_legged_msgs/ros2_unitree_legged_msgs/msg\n'}
[73.535591] (ros2_unitree_legged_msgs) StdoutLine: {'line': b'-- Installing: /ws/install/ros2_unitree_legged_msgs/include/ros2_unitree_legged_msgs/ros2_unitree_legged_msgs/msg/rosidl_generator_cpp__visibility_control.hpp\n'}
[73.535697] (ros2_unitree_legged_msgs) StdoutLine: {'line': b'-- Installing: /ws/install/ros2_unitree_legged_msgs/include/ros2_unitree_legged_msgs/ros2_unitree_legged_msgs/msg/motor_cmd.hpp\n'}
[73.535779] (ros2_unitree_legged_msgs) StdoutLine: {'line': b'-- Installing: /ws/install/ros2_unitree_legged_msgs/include/ros2_unitree_legged_msgs/ros2_unitree_legged_msgs/msg/high_state.hpp\n'}
[73.535853] (ros2_unitree_legged_msgs) StdoutLine: {'line': b'-- Installing: /ws/install/ros2_unitree_legged_msgs/include/ros2_unitree_legged_msgs/ros2_unitree_legged_msgs/msg/motor_state.hpp\n'}
[73.535927] (ros2_unitree_legged_msgs) StdoutLine: {'line': b'-- Installing: /ws/install/ros2_unitree_legged_msgs/include/ros2_unitree_legged_msgs/ros2_unitree_legged_msgs/msg/bms_cmd.hpp\n'}
[73.536002] (ros2_unitree_legged_msgs) StdoutLine: {'line': b'-- Installing: /ws/install/ros2_unitree_legged_msgs/include/ros2_unitree_legged_msgs/ros2_unitree_legged_msgs/msg/imu.hpp\n'}
[73.536073] (ros2_unitree_legged_msgs) StdoutLine: {'line': b'-- Installing: /ws/install/ros2_unitree_legged_msgs/include/ros2_unitree_legged_msgs/ros2_unitree_legged_msgs/msg/high_cmd.hpp\n'}
[73.536220] (ros2_unitree_legged_msgs) StdoutLine: {'line': b'-- Installing: /ws/install/ros2_unitree_legged_msgs/include/ros2_unitree_legged_msgs/ros2_unitree_legged_msgs/msg/cartesian.hpp\n'}
[73.536331] (ros2_unitree_legged_msgs) StdoutLine: {'line': b'-- Installing: /ws/install/ros2_unitree_legged_msgs/include/ros2_unitree_legged_msgs/ros2_unitree_legged_msgs/msg/low_cmd.hpp\n'}
[73.536413] (ros2_unitree_legged_msgs) StdoutLine: {'line': b'-- Installing: /ws/install/ros2_unitree_legged_msgs/include/ros2_unitree_legged_msgs/ros2_unitree_legged_msgs/msg/low_state.hpp\n'}
[73.539522] (ros2_unitree_legged_msgs) StdoutLine: {'line': b'-- Installing: /ws/install/ros2_unitree_legged_msgs/include/ros2_unitree_legged_msgs/ros2_unitree_legged_msgs/msg/led.hpp\n'}
[73.539960] (ros2_unitree_legged_msgs) StdoutLine: {'line': b'-- Installing: /ws/install/ros2_unitree_legged_msgs/include/ros2_unitree_legged_msgs/ros2_unitree_legged_msgs/msg/bms_state.hpp\n'}
[73.540226] (ros2_unitree_legged_msgs) StdoutLine: {'line': b'-- Up-to-date: /ws/install/ros2_unitree_legged_msgs/include/ros2_unitree_legged_msgs/ros2_unitree_legged_msgs/msg/detail\n'}
[73.540446] (ros2_unitree_legged_msgs) StdoutLine: {'line': b'-- Installing: /ws/install/ros2_unitree_legged_msgs/include/ros2_unitree_legged_msgs/ros2_unitree_legged_msgs/msg/detail/bms_state__traits.hpp\n'}
[73.540646] (ros2_unitree_legged_msgs) StdoutLine: {'line': b'-- Installing: /ws/install/ros2_unitree_legged_msgs/include/ros2_unitree_legged_msgs/ros2_unitree_legged_msgs/msg/detail/imu__traits.hpp\n'}
[73.543517] (ros2_unitree_legged_msgs) StdoutLine: {'line': b'-- Installing: /ws/install/ros2_unitree_legged_msgs/include/ros2_unitree_legged_msgs/ros2_unitree_legged_msgs/msg/detail/cartesian__type_support.hpp\n'}
[73.543759] (ros2_unitree_legged_msgs) StdoutLine: {'line': b'-- Installing: /ws/install/ros2_unitree_legged_msgs/include/ros2_unitree_legged_msgs/ros2_unitree_legged_msgs/msg/detail/bms_cmd__struct.hpp\n'}
[73.543875] (ros2_unitree_legged_msgs) StdoutLine: {'line': b'-- Installing: /ws/install/ros2_unitree_legged_msgs/include/ros2_unitree_legged_msgs/ros2_unitree_legged_msgs/msg/detail/high_state__type_support.hpp\n'}
[73.543973] (ros2_unitree_legged_msgs) StdoutLine: {'line': b'-- Installing: /ws/install/ros2_unitree_legged_msgs/include/ros2_unitree_legged_msgs/ros2_unitree_legged_msgs/msg/detail/imu__type_support.hpp\n'}
[73.544063] (ros2_unitree_legged_msgs) StdoutLine: {'line': b'-- Installing: /ws/install/ros2_unitree_legged_msgs/include/ros2_unitree_legged_msgs/ros2_unitree_legged_msgs/msg/detail/motor_state__traits.hpp\n'}
[73.544183] (ros2_unitree_legged_msgs) StdoutLine: {'line': b'-- Installing: /ws/install/ros2_unitree_legged_msgs/include/ros2_unitree_legged_msgs/ros2_unitree_legged_msgs/msg/detail/high_state__traits.hpp\n'}
[73.544278] (ros2_unitree_legged_msgs) StdoutLine: {'line': b'-- Installing: /ws/install/ros2_unitree_legged_msgs/include/ros2_unitree_legged_msgs/ros2_unitree_legged_msgs/msg/detail/bms_cmd__traits.hpp\n'}
[73.544367] (ros2_unitree_legged_msgs) StdoutLine: {'line': b'-- Installing: /ws/install/ros2_unitree_legged_msgs/include/ros2_unitree_legged_msgs/ros2_unitree_legged_msgs/msg/detail/bms_state__type_support.hpp\n'}
[73.544447] (ros2_unitree_legged_msgs) StdoutLine: {'line': b'-- Installing: /ws/install/ros2_unitree_legged_msgs/include/ros2_unitree_legged_msgs/ros2_unitree_legged_msgs/msg/detail/bms_state__builder.hpp\n'}
[73.544537] (ros2_unitree_legged_msgs) StdoutLine: {'line': b'-- Installing: /ws/install/ros2_unitree_legged_msgs/include/ros2_unitree_legged_msgs/ros2_unitree_legged_msgs/msg/detail/high_state__builder.hpp\n'}
[73.544622] (ros2_unitree_legged_msgs) StdoutLine: {'line': b'-- Installing: /ws/install/ros2_unitree_legged_msgs/include/ros2_unitree_legged_msgs/ros2_unitree_legged_msgs/msg/detail/led__builder.hpp\n'}
[73.544705] (ros2_unitree_legged_msgs) StdoutLine: {'line': b'-- Installing: /ws/install/ros2_unitree_legged_msgs/include/ros2_unitree_legged_msgs/ros2_unitree_legged_msgs/msg/detail/bms_cmd__type_support.hpp\n'}
[73.544881] (ros2_unitree_legged_msgs) StdoutLine: {'line': b'-- Installing: /ws/install/ros2_unitree_legged_msgs/include/ros2_unitree_legged_msgs/ros2_unitree_legged_msgs/msg/detail/cartesian__builder.hpp\n'}
[73.545055] (ros2_unitree_legged_msgs) StdoutLine: {'line': b'-- Installing: /ws/install/ros2_unitree_legged_msgs/include/ros2_unitree_legged_msgs/ros2_unitree_legged_msgs/msg/detail/high_cmd__traits.hpp\n'}
[73.545185] (ros2_unitree_legged_msgs) StdoutLine: {'line': b'-- Installing: /ws/install/ros2_unitree_legged_msgs/include/ros2_unitree_legged_msgs/ros2_unitree_legged_msgs/msg/detail/bms_cmd__builder.hpp\n'}
[73.545334] (ros2_unitree_legged_msgs) StdoutLine: {'line': b'-- Installing: /ws/install/ros2_unitree_legged_msgs/include/ros2_unitree_legged_msgs/ros2_unitree_legged_msgs/msg/detail/low_cmd__builder.hpp\n'}
[73.545452] (ros2_unitree_legged_msgs) StdoutLine: {'line': b'-- Installing: /ws/install/ros2_unitree_legged_msgs/include/ros2_unitree_legged_msgs/ros2_unitree_legged_msgs/msg/detail/bms_state__struct.hpp\n'}
[73.545546] (ros2_unitree_legged_msgs) StdoutLine: {'line': b'-- Installing: /ws/install/ros2_unitree_legged_msgs/include/ros2_unitree_legged_msgs/ros2_unitree_legged_msgs/msg/detail/cartesian__struct.hpp\n'}
[73.548209] (ros2_unitree_legged_msgs) StdoutLine: {'line': b'-- Installing: /ws/install/ros2_unitree_legged_msgs/include/ros2_unitree_legged_msgs/ros2_unitree_legged_msgs/msg/detail/low_state__builder.hpp\n'}
[73.548478] (ros2_unitree_legged_msgs) StdoutLine: {'line': b'-- Installing: /ws/install/ros2_unitree_legged_msgs/include/ros2_unitree_legged_msgs/ros2_unitree_legged_msgs/msg/detail/led__traits.hpp\n'}
[73.548585] (ros2_unitree_legged_msgs) StdoutLine: {'line': b'-- Installing: /ws/install/ros2_unitree_legged_msgs/include/ros2_unitree_legged_msgs/ros2_unitree_legged_msgs/msg/detail/high_state__struct.hpp\n'}
[73.548804] (ros2_unitree_legged_msgs) StdoutLine: {'line': b'-- Installing: /ws/install/ros2_unitree_legged_msgs/include/ros2_unitree_legged_msgs/ros2_unitree_legged_msgs/msg/detail/high_cmd__builder.hpp\n'}
[73.548922] (ros2_unitree_legged_msgs) StdoutLine: {'line': b'-- Installing: /ws/install/ros2_unitree_legged_msgs/include/ros2_unitree_legged_msgs/ros2_unitree_legged_msgs/msg/detail/motor_cmd__traits.hpp\n'}
[73.549009] (ros2_unitree_legged_msgs) StdoutLine: {'line': b'-- Installing: /ws/install/ros2_unitree_legged_msgs/include/ros2_unitree_legged_msgs/ros2_unitree_legged_msgs/msg/detail/cartesian__traits.hpp\n'}
[73.549092] (ros2_unitree_legged_msgs) StdoutLine: {'line': b'-- Installing: /ws/install/ros2_unitree_legged_msgs/include/ros2_unitree_legged_msgs/ros2_unitree_legged_msgs/msg/detail/imu__struct.hpp\n'}
[73.549207] (ros2_unitree_legged_msgs) StdoutLine: {'line': b'-- Installing: /ws/install/ros2_unitree_legged_msgs/include/ros2_unitree_legged_msgs/ros2_unitree_legged_msgs/msg/detail/imu__builder.hpp\n'}
[73.549301] (ros2_unitree_legged_msgs) StdoutLine: {'line': b'-- Installing: /ws/install/ros2_unitree_legged_msgs/include/ros2_unitree_legged_msgs/ros2_unitree_legged_msgs/msg/detail/motor_state__struct.hpp\n'}
[73.549391] (ros2_unitree_legged_msgs) StdoutLine: {'line': b'-- Installing: /ws/install/ros2_unitree_legged_msgs/include/ros2_unitree_legged_msgs/ros2_unitree_legged_msgs/msg/detail/motor_state__builder.hpp\n'}
[73.549524] (ros2_unitree_legged_msgs) StdoutLine: {'line': b'-- Installing: /ws/install/ros2_unitree_legged_msgs/include/ros2_unitree_legged_msgs/ros2_unitree_legged_msgs/msg/detail/low_cmd__type_support.hpp\n'}
[73.549609] (ros2_unitree_legged_msgs) StdoutLine: {'line': b'-- Installing: /ws/install/ros2_unitree_legged_msgs/include/ros2_unitree_legged_msgs/ros2_unitree_legged_msgs/msg/detail/low_cmd__struct.hpp\n'}
[73.549684] (ros2_unitree_legged_msgs) StdoutLine: {'line': b'-- Installing: /ws/install/ros2_unitree_legged_msgs/include/ros2_unitree_legged_msgs/ros2_unitree_legged_msgs/msg/detail/low_cmd__traits.hpp\n'}
[73.549756] (ros2_unitree_legged_msgs) StdoutLine: {'line': b'-- Installing: /ws/install/ros2_unitree_legged_msgs/include/ros2_unitree_legged_msgs/ros2_unitree_legged_msgs/msg/detail/low_state__struct.hpp\n'}
[73.549829] (ros2_unitree_legged_msgs) StdoutLine: {'line': b'-- Installing: /ws/install/ros2_unitree_legged_msgs/include/ros2_unitree_legged_msgs/ros2_unitree_legged_msgs/msg/detail/motor_cmd__builder.hpp\n'}
[73.549907] (ros2_unitree_legged_msgs) StdoutLine: {'line': b'-- Installing: /ws/install/ros2_unitree_legged_msgs/include/ros2_unitree_legged_msgs/ros2_unitree_legged_msgs/msg/detail/high_cmd__struct.hpp\n'}
[73.549980] (ros2_unitree_legged_msgs) StdoutLine: {'line': b'-- Installing: /ws/install/ros2_unitree_legged_msgs/include/ros2_unitree_legged_msgs/ros2_unitree_legged_msgs/msg/detail/led__type_support.hpp\n'}
[73.550054] (ros2_unitree_legged_msgs) StdoutLine: {'line': b'-- Installing: /ws/install/ros2_unitree_legged_msgs/include/ros2_unitree_legged_msgs/ros2_unitree_legged_msgs/msg/detail/high_cmd__type_support.hpp\n'}
[73.550256] (ros2_unitree_legged_msgs) StdoutLine: {'line': b'-- Installing: /ws/install/ros2_unitree_legged_msgs/include/ros2_unitree_legged_msgs/ros2_unitree_legged_msgs/msg/detail/motor_cmd__struct.hpp\n'}
[73.550414] (ros2_unitree_legged_msgs) StdoutLine: {'line': b'-- Installing: /ws/install/ros2_unitree_legged_msgs/include/ros2_unitree_legged_msgs/ros2_unitree_legged_msgs/msg/detail/low_state__type_support.hpp\n'}
[73.550533] (ros2_unitree_legged_msgs) StdoutLine: {'line': b'-- Installing: /ws/install/ros2_unitree_legged_msgs/include/ros2_unitree_legged_msgs/ros2_unitree_legged_msgs/msg/detail/motor_state__type_support.hpp\n'}
[73.550739] (ros2_unitree_legged_msgs) StdoutLine: {'line': b'-- Installing: /ws/install/ros2_unitree_legged_msgs/include/ros2_unitree_legged_msgs/ros2_unitree_legged_msgs/msg/detail/low_state__traits.hpp\n'}
[73.550871] (ros2_unitree_legged_msgs) StdoutLine: {'line': b'-- Installing: /ws/install/ros2_unitree_legged_msgs/include/ros2_unitree_legged_msgs/ros2_unitree_legged_msgs/msg/detail/motor_cmd__type_support.hpp\n'}
[73.554372] (ros2_unitree_legged_msgs) StdoutLine: {'line': b'-- Installing: /ws/install/ros2_unitree_legged_msgs/include/ros2_unitree_legged_msgs/ros2_unitree_legged_msgs/msg/detail/led__struct.hpp\n'}
[73.554565] (ros2_unitree_legged_msgs) StdoutLine: {'line': b'-- Up-to-date: /ws/install/ros2_unitree_legged_msgs/include/ros2_unitree_legged_msgs/ros2_unitree_legged_msgs\n'}
[73.554647] (ros2_unitree_legged_msgs) StdoutLine: {'line': b'-- Up-to-date: /ws/install/ros2_unitree_legged_msgs/include/ros2_unitree_legged_msgs/ros2_unitree_legged_msgs/msg\n'}
[73.554717] (ros2_unitree_legged_msgs) StdoutLine: {'line': b'-- Installing: /ws/install/ros2_unitree_legged_msgs/include/ros2_unitree_legged_msgs/ros2_unitree_legged_msgs/msg/rosidl_typesupport_fastrtps_cpp__visibility_control.h\n'}
[73.554936] (ros2_unitree_legged_msgs) StdoutLine: {'line': b'-- Up-to-date: /ws/install/ros2_unitree_legged_msgs/include/ros2_unitree_legged_msgs/ros2_unitree_legged_msgs/msg/detail\n'}
[73.555185] (ros2_unitree_legged_msgs) StdoutLine: {'line': b'-- Installing: /ws/install/ros2_unitree_legged_msgs/include/ros2_unitree_legged_msgs/ros2_unitree_legged_msgs/msg/detail/imu__rosidl_typesupport_fastrtps_cpp.hpp\n'}
[73.555290] (ros2_unitree_legged_msgs) StdoutLine: {'line': b'-- Installing: /ws/install/ros2_unitree_legged_msgs/include/ros2_unitree_legged_msgs/ros2_unitree_legged_msgs/msg/detail/bms_state__rosidl_typesupport_fastrtps_cpp.hpp\n'}
[73.555367] (ros2_unitree_legged_msgs) StdoutLine: {'line': b'-- Installing: /ws/install/ros2_unitree_legged_msgs/include/ros2_unitree_legged_msgs/ros2_unitree_legged_msgs/msg/detail/led__rosidl_typesupport_fastrtps_cpp.hpp\n'}
[73.555439] (ros2_unitree_legged_msgs) StdoutLine: {'line': b'-- Installing: /ws/install/ros2_unitree_legged_msgs/include/ros2_unitree_legged_msgs/ros2_unitree_legged_msgs/msg/detail/low_state__rosidl_typesupport_fastrtps_cpp.hpp\n'}
[73.555515] (ros2_unitree_legged_msgs) StdoutLine: {'line': b'-- Installing: /ws/install/ros2_unitree_legged_msgs/include/ros2_unitree_legged_msgs/ros2_unitree_legged_msgs/msg/detail/motor_cmd__rosidl_typesupport_fastrtps_cpp.hpp\n'}
[73.555597] (ros2_unitree_legged_msgs) StdoutLine: {'line': b'-- Installing: /ws/install/ros2_unitree_legged_msgs/include/ros2_unitree_legged_msgs/ros2_unitree_legged_msgs/msg/detail/high_state__rosidl_typesupport_fastrtps_cpp.hpp\n'}
[73.555668] (ros2_unitree_legged_msgs) StdoutLine: {'line': b'-- Installing: /ws/install/ros2_unitree_legged_msgs/include/ros2_unitree_legged_msgs/ros2_unitree_legged_msgs/msg/detail/motor_state__rosidl_typesupport_fastrtps_cpp.hpp\n'}
[73.555740] (ros2_unitree_legged_msgs) StdoutLine: {'line': b'-- Installing: /ws/install/ros2_unitree_legged_msgs/include/ros2_unitree_legged_msgs/ros2_unitree_legged_msgs/msg/detail/dds_fastrtps\n'}
[73.555834] (ros2_unitree_legged_msgs) StdoutLine: {'line': b'-- Installing: /ws/install/ros2_unitree_legged_msgs/include/ros2_unitree_legged_msgs/ros2_unitree_legged_msgs/msg/detail/bms_cmd__rosidl_typesupport_fastrtps_cpp.hpp\n'}
[73.555909] (ros2_unitree_legged_msgs) StdoutLine: {'line': b'-- Installing: /ws/install/ros2_unitree_legged_msgs/include/ros2_unitree_legged_msgs/ros2_unitree_legged_msgs/msg/detail/cartesian__rosidl_typesupport_fastrtps_cpp.hpp\n'}
[73.556023] (ros2_unitree_legged_msgs) StdoutLine: {'line': b'-- Installing: /ws/install/ros2_unitree_legged_msgs/include/ros2_unitree_legged_msgs/ros2_unitree_legged_msgs/msg/detail/high_cmd__rosidl_typesupport_fastrtps_cpp.hpp\n'}
[73.556094] (ros2_unitree_legged_msgs) StdoutLine: {'line': b'-- Installing: /ws/install/ros2_unitree_legged_msgs/include/ros2_unitree_legged_msgs/ros2_unitree_legged_msgs/msg/detail/low_cmd__rosidl_typesupport_fastrtps_cpp.hpp\n'}
[73.556193] (ros2_unitree_legged_msgs) StdoutLine: {'line': b'-- Installing: /ws/install/ros2_unitree_legged_msgs/lib/libros2_unitree_legged_msgs__rosidl_typesupport_fastrtps_cpp.so\n'}
[73.556266] (ros2_unitree_legged_msgs) StdoutLine: {'line': b'-- Set runtime path of "/ws/install/ros2_unitree_legged_msgs/lib/libros2_unitree_legged_msgs__rosidl_typesupport_fastrtps_cpp.so" to ""\n'}
[73.556435] (ros2_unitree_legged_msgs) StdoutLine: {'line': b'-- Up-to-date: /ws/install/ros2_unitree_legged_msgs/include/ros2_unitree_legged_msgs/ros2_unitree_legged_msgs\n'}
[73.556609] (ros2_unitree_legged_msgs) StdoutLine: {'line': b'-- Up-to-date: /ws/install/ros2_unitree_legged_msgs/include/ros2_unitree_legged_msgs/ros2_unitree_legged_msgs/msg\n'}
[73.556704] (ros2_unitree_legged_msgs) StdoutLine: {'line': b'-- Up-to-date: /ws/install/ros2_unitree_legged_msgs/include/ros2_unitree_legged_msgs/ros2_unitree_legged_msgs/msg/detail\n'}
[73.556828] (ros2_unitree_legged_msgs) StdoutLine: {'line': b'-- Installing: /ws/install/ros2_unitree_legged_msgs/include/ros2_unitree_legged_msgs/ros2_unitree_legged_msgs/msg/detail/low_state__type_support.cpp\n'}
[73.556905] (ros2_unitree_legged_msgs) StdoutLine: {'line': b'-- Installing: /ws/install/ros2_unitree_legged_msgs/include/ros2_unitree_legged_msgs/ros2_unitree_legged_msgs/msg/detail/cartesian__type_support.cpp\n'}
[73.557028] (ros2_unitree_legged_msgs) StdoutLine: {'line': b'-- Installing: /ws/install/ros2_unitree_legged_msgs/include/ros2_unitree_legged_msgs/ros2_unitree_legged_msgs/msg/detail/cartesian__rosidl_typesupport_introspection_cpp.hpp\n'}
[73.557107] (ros2_unitree_legged_msgs) StdoutLine: {'line': b'-- Installing: /ws/install/ros2_unitree_legged_msgs/include/ros2_unitree_legged_msgs/ros2_unitree_legged_msgs/msg/detail/high_cmd__rosidl_typesupport_introspection_cpp.hpp\n'}
[73.557286] (ros2_unitree_legged_msgs) StdoutLine: {'line': b'-- Installing: /ws/install/ros2_unitree_legged_msgs/include/ros2_unitree_legged_msgs/ros2_unitree_legged_msgs/msg/detail/bms_state__rosidl_typesupport_introspection_cpp.hpp\n'}
[73.557410] (ros2_unitree_legged_msgs) StdoutLine: {'line': b'-- Installing: /ws/install/ros2_unitree_legged_msgs/include/ros2_unitree_legged_msgs/ros2_unitree_legged_msgs/msg/detail/motor_cmd__type_support.cpp\n'}
[73.557590] (ros2_unitree_legged_msgs) StdoutLine: {'line': b'-- Installing: /ws/install/ros2_unitree_legged_msgs/include/ros2_unitree_legged_msgs/ros2_unitree_legged_msgs/msg/detail/bms_state__type_support.cpp\n'}
[73.557685] (ros2_unitree_legged_msgs) StdoutLine: {'line': b'-- Installing: /ws/install/ros2_unitree_legged_msgs/include/ros2_unitree_legged_msgs/ros2_unitree_legged_msgs/msg/detail/bms_cmd__rosidl_typesupport_introspection_cpp.hpp\n'}
[73.558240] (ros2_unitree_legged_msgs) StdoutLine: {'line': b'-- Installing: /ws/install/ros2_unitree_legged_msgs/include/ros2_unitree_legged_msgs/ros2_unitree_legged_msgs/msg/detail/imu__type_support.cpp\n'}
[73.561459] (-) TimerEvent: {}
[73.561833] (ros2_unitree_legged_msgs) StdoutLine: {'line': b'-- Installing: /ws/install/ros2_unitree_legged_msgs/include/ros2_unitree_legged_msgs/ros2_unitree_legged_msgs/msg/detail/bms_cmd__type_support.cpp\n'}
[73.562172] (ros2_unitree_legged_msgs) StdoutLine: {'line': b'-- Installing: /ws/install/ros2_unitree_legged_msgs/include/ros2_unitree_legged_msgs/ros2_unitree_legged_msgs/msg/detail/high_state__type_support.cpp\n'}
[73.562488] (ros2_unitree_legged_msgs) StdoutLine: {'line': b'-- Installing: /ws/install/ros2_unitree_legged_msgs/include/ros2_unitree_legged_msgs/ros2_unitree_legged_msgs/msg/detail/imu__rosidl_typesupport_introspection_cpp.hpp\n'}
[73.562819] (ros2_unitree_legged_msgs) StdoutLine: {'line': b'-- Installing: /ws/install/ros2_unitree_legged_msgs/include/ros2_unitree_legged_msgs/ros2_unitree_legged_msgs/msg/detail/low_state__rosidl_typesupport_introspection_cpp.hpp\n'}
[73.563037] (ros2_unitree_legged_msgs) StdoutLine: {'line': b'-- Installing: /ws/install/ros2_unitree_legged_msgs/include/ros2_unitree_legged_msgs/ros2_unitree_legged_msgs/msg/detail/led__rosidl_typesupport_introspection_cpp.hpp\n'}
[73.563445] (ros2_unitree_legged_msgs) StdoutLine: {'line': b'-- Installing: /ws/install/ros2_unitree_legged_msgs/include/ros2_unitree_legged_msgs/ros2_unitree_legged_msgs/msg/detail/low_cmd__type_support.cpp\n'}
[73.564085] (ros2_unitree_legged_msgs) StdoutLine: {'line': b'-- Installing: /ws/install/ros2_unitree_legged_msgs/include/ros2_unitree_legged_msgs/ros2_unitree_legged_msgs/msg/detail/high_state__rosidl_typesupport_introspection_cpp.hpp\n'}
[73.564913] (ros2_unitree_legged_msgs) StdoutLine: {'line': b'-- Installing: /ws/install/ros2_unitree_legged_msgs/include/ros2_unitree_legged_msgs/ros2_unitree_legged_msgs/msg/detail/motor_state__rosidl_typesupport_introspection_cpp.hpp\n'}
[73.565892] (ros2_unitree_legged_msgs) StdoutLine: {'line': b'-- Installing: /ws/install/ros2_unitree_legged_msgs/include/ros2_unitree_legged_msgs/ros2_unitree_legged_msgs/msg/detail/motor_cmd__rosidl_typesupport_introspection_cpp.hpp\n'}
[73.566320] (ros2_unitree_legged_msgs) StdoutLine: {'line': b'-- Installing: /ws/install/ros2_unitree_legged_msgs/include/ros2_unitree_legged_msgs/ros2_unitree_legged_msgs/msg/detail/motor_state__type_support.cpp\n'}
[73.566948] (ros2_unitree_legged_msgs) StdoutLine: {'line': b'-- Installing: /ws/install/ros2_unitree_legged_msgs/include/ros2_unitree_legged_msgs/ros2_unitree_legged_msgs/msg/detail/led__type_support.cpp\n'}
[73.567062] (ros2_unitree_legged_msgs) StdoutLine: {'line': b'-- Installing: /ws/install/ros2_unitree_legged_msgs/include/ros2_unitree_legged_msgs/ros2_unitree_legged_msgs/msg/detail/low_cmd__rosidl_typesupport_introspection_cpp.hpp\n'}
[73.567192] (ros2_unitree_legged_msgs) StdoutLine: {'line': b'-- Installing: /ws/install/ros2_unitree_legged_msgs/include/ros2_unitree_legged_msgs/ros2_unitree_legged_msgs/msg/detail/high_cmd__type_support.cpp\n'}
[73.567337] (ros2_unitree_legged_msgs) StdoutLine: {'line': b'-- Installing: /ws/install/ros2_unitree_legged_msgs/lib/libros2_unitree_legged_msgs__rosidl_typesupport_introspection_cpp.so\n'}
[73.570432] (ros2_unitree_legged_msgs) StdoutLine: {'line': b'-- Set runtime path of "/ws/install/ros2_unitree_legged_msgs/lib/libros2_unitree_legged_msgs__rosidl_typesupport_introspection_cpp.so" to ""\n'}
[73.570606] (ros2_unitree_legged_msgs) StdoutLine: {'line': b'-- Installing: /ws/install/ros2_unitree_legged_msgs/lib/libros2_unitree_legged_msgs__rosidl_typesupport_cpp.so\n'}
[73.570700] (ros2_unitree_legged_msgs) StdoutLine: {'line': b'-- Set runtime path of "/ws/install/ros2_unitree_legged_msgs/lib/libros2_unitree_legged_msgs__rosidl_typesupport_cpp.so" to ""\n'}
[73.570788] (ros2_unitree_legged_msgs) StdoutLine: {'line': b'-- Installing: /ws/install/ros2_unitree_legged_msgs/share/ros2_unitree_legged_msgs/environment/pythonpath.sh\n'}
[73.571404] (ros2_unitree_legged_msgs) StdoutLine: {'line': b'-- Installing: /ws/install/ros2_unitree_legged_msgs/share/ros2_unitree_legged_msgs/environment/pythonpath.dsv\n'}
[73.571733] (ros2_unitree_legged_msgs) StdoutLine: {'line': b'-- Installing: /ws/install/ros2_unitree_legged_msgs/local/lib/python3.10/dist-packages/ros2_unitree_legged_msgs-0.4.0-py3.10.egg-info\n'}
[73.573425] (ros2_unitree_legged_msgs) StdoutLine: {'line': b'-- Installing: /ws/install/ros2_unitree_legged_msgs/local/lib/python3.10/dist-packages/ros2_unitree_legged_msgs-0.4.0-py3.10.egg-info/dependency_links.txt\n'}
[73.573556] (ros2_unitree_legged_msgs) StdoutLine: {'line': b'-- Installing: /ws/install/ros2_unitree_legged_msgs/local/lib/python3.10/dist-packages/ros2_unitree_legged_msgs-0.4.0-py3.10.egg-info/top_level.txt\n'}
[73.573676] (ros2_unitree_legged_msgs) StdoutLine: {'line': b'-- Installing: /ws/install/ros2_unitree_legged_msgs/local/lib/python3.10/dist-packages/ros2_unitree_legged_msgs-0.4.0-py3.10.egg-info/SOURCES.txt\n'}
[73.574444] (ros2_unitree_legged_msgs) StdoutLine: {'line': b'-- Installing: /ws/install/ros2_unitree_legged_msgs/local/lib/python3.10/dist-packages/ros2_unitree_legged_msgs-0.4.0-py3.10.egg-info/PKG-INFO\n'}
[73.574802] (ros2_unitree_legged_msgs) StdoutLine: {'line': b'-- Installing: /ws/install/ros2_unitree_legged_msgs/local/lib/python3.10/dist-packages/ros2_unitree_legged_msgs\n'}
[73.574969] (ros2_unitree_legged_msgs) StdoutLine: {'line': b'-- Installing: /ws/install/ros2_unitree_legged_msgs/local/lib/python3.10/dist-packages/ros2_unitree_legged_msgs/ros2_unitree_legged_msgs_s__rosidl_typesupport_fastrtps_c.cpython-310-aarch64-linux-gnu.so\n'}
[73.575084] (ros2_unitree_legged_msgs) StdoutLine: {'line': b'-- Installing: /ws/install/ros2_unitree_legged_msgs/local/lib/python3.10/dist-packages/ros2_unitree_legged_msgs/_ros2_unitree_legged_msgs_s.ep.rosidl_typesupport_fastrtps_c.c\n'}
[73.577246] (ros2_unitree_legged_msgs) StdoutLine: {'line': b'-- Installing: /ws/install/ros2_unitree_legged_msgs/local/lib/python3.10/dist-packages/ros2_unitree_legged_msgs/_ros2_unitree_legged_msgs_s.ep.rosidl_typesupport_introspection_c.c\n'}
[73.577609] (ros2_unitree_legged_msgs) StdoutLine: {'line': b'-- Installing: /ws/install/ros2_unitree_legged_msgs/local/lib/python3.10/dist-packages/ros2_unitree_legged_msgs/libros2_unitree_legged_msgs__rosidl_generator_py.so\n'}
[73.577875] (ros2_unitree_legged_msgs) StdoutLine: {'line': b'-- Installing: /ws/install/ros2_unitree_legged_msgs/local/lib/python3.10/dist-packages/ros2_unitree_legged_msgs/msg\n'}
[73.578025] (ros2_unitree_legged_msgs) StdoutLine: {'line': b'-- Installing: /ws/install/ros2_unitree_legged_msgs/local/lib/python3.10/dist-packages/ros2_unitree_legged_msgs/msg/_motor_cmd_s.c\n'}
[73.578249] (ros2_unitree_legged_msgs) StdoutLine: {'line': b'-- Installing: /ws/install/ros2_unitree_legged_msgs/local/lib/python3.10/dist-packages/ros2_unitree_legged_msgs/msg/_cartesian.py\n'}
[73.578413] (ros2_unitree_legged_msgs) StdoutLine: {'line': b'-- Installing: /ws/install/ros2_unitree_legged_msgs/local/lib/python3.10/dist-packages/ros2_unitree_legged_msgs/msg/_bms_cmd.py\n'}
[73.579241] (ros2_unitree_legged_msgs) StdoutLine: {'line': b'-- Installing: /ws/install/ros2_unitree_legged_msgs/local/lib/python3.10/dist-packages/ros2_unitree_legged_msgs/msg/_low_cmd.py\n'}
[73.579544] (ros2_unitree_legged_msgs) StdoutLine: {'line': b'-- Installing: /ws/install/ros2_unitree_legged_msgs/local/lib/python3.10/dist-packages/ros2_unitree_legged_msgs/msg/_high_cmd_s.c\n'}
[73.579681] (ros2_unitree_legged_msgs) StdoutLine: {'line': b'-- Installing: /ws/install/ros2_unitree_legged_msgs/local/lib/python3.10/dist-packages/ros2_unitree_legged_msgs/msg/_led.py\n'}
[73.581303] (ros2_unitree_legged_msgs) StdoutLine: {'line': b'-- Installing: /ws/install/ros2_unitree_legged_msgs/local/lib/python3.10/dist-packages/ros2_unitree_legged_msgs/msg/_imu.py\n'}
[73.581512] (ros2_unitree_legged_msgs) StdoutLine: {'line': b'-- Installing: /ws/install/ros2_unitree_legged_msgs/local/lib/python3.10/dist-packages/ros2_unitree_legged_msgs/msg/_imu_s.c\n'}
[73.581609] (ros2_unitree_legged_msgs) StdoutLine: {'line': b'-- Installing: /ws/install/ros2_unitree_legged_msgs/local/lib/python3.10/dist-packages/ros2_unitree_legged_msgs/msg/_low_state.py\n'}
[73.581774] (ros2_unitree_legged_msgs) StdoutLine: {'line': b'-- Installing: /ws/install/ros2_unitree_legged_msgs/local/lib/python3.10/dist-packages/ros2_unitree_legged_msgs/msg/_bms_state_s.c\n'}
[73.581925] (ros2_unitree_legged_msgs) StdoutLine: {'line': b'-- Installing: /ws/install/ros2_unitree_legged_msgs/local/lib/python3.10/dist-packages/ros2_unitree_legged_msgs/msg/_bms_cmd_s.c\n'}
[73.582021] (ros2_unitree_legged_msgs) StdoutLine: {'line': b'-- Installing: /ws/install/ros2_unitree_legged_msgs/local/lib/python3.10/dist-packages/ros2_unitree_legged_msgs/msg/_high_cmd.py\n'}
[73.582211] (ros2_unitree_legged_msgs) StdoutLine: {'line': b'-- Installing: /ws/install/ros2_unitree_legged_msgs/local/lib/python3.10/dist-packages/ros2_unitree_legged_msgs/msg/_high_state.py\n'}
[73.582312] (ros2_unitree_legged_msgs) StdoutLine: {'line': b'-- Installing: /ws/install/ros2_unitree_legged_msgs/local/lib/python3.10/dist-packages/ros2_unitree_legged_msgs/msg/_motor_state.py\n'}
[73.582474] (ros2_unitree_legged_msgs) StdoutLine: {'line': b'-- Installing: /ws/install/ros2_unitree_legged_msgs/local/lib/python3.10/dist-packages/ros2_unitree_legged_msgs/msg/_motor_state_s.c\n'}
[73.582572] (ros2_unitree_legged_msgs) StdoutLine: {'line': b'-- Installing: /ws/install/ros2_unitree_legged_msgs/local/lib/python3.10/dist-packages/ros2_unitree_legged_msgs/msg/_cartesian_s.c\n'}
[73.584293] (ros2_unitree_legged_msgs) StdoutLine: {'line': b'-- Installing: /ws/install/ros2_unitree_legged_msgs/local/lib/python3.10/dist-packages/ros2_unitree_legged_msgs/msg/__init__.py\n'}
[73.584442] (ros2_unitree_legged_msgs) StdoutLine: {'line': b'-- Installing: /ws/install/ros2_unitree_legged_msgs/local/lib/python3.10/dist-packages/ros2_unitree_legged_msgs/msg/_high_state_s.c\n'}
[73.584613] (ros2_unitree_legged_msgs) StdoutLine: {'line': b'-- Installing: /ws/install/ros2_unitree_legged_msgs/local/lib/python3.10/dist-packages/ros2_unitree_legged_msgs/msg/_motor_cmd.py\n'}
[73.584735] (ros2_unitree_legged_msgs) StdoutLine: {'line': b'-- Installing: /ws/install/ros2_unitree_legged_msgs/local/lib/python3.10/dist-packages/ros2_unitree_legged_msgs/msg/_low_cmd_s.c\n'}
[73.584831] (ros2_unitree_legged_msgs) StdoutLine: {'line': b'-- Installing: /ws/install/ros2_unitree_legged_msgs/local/lib/python3.10/dist-packages/ros2_unitree_legged_msgs/msg/_low_state_s.c\n'}
[73.584918] (ros2_unitree_legged_msgs) StdoutLine: {'line': b'-- Installing: /ws/install/ros2_unitree_legged_msgs/local/lib/python3.10/dist-packages/ros2_unitree_legged_msgs/msg/_led_s.c\n'}
[73.584998] (ros2_unitree_legged_msgs) StdoutLine: {'line': b'-- Installing: /ws/install/ros2_unitree_legged_msgs/local/lib/python3.10/dist-packages/ros2_unitree_legged_msgs/msg/_bms_state.py\n'}
[73.585083] (ros2_unitree_legged_msgs) StdoutLine: {'line': b'-- Installing: /ws/install/ros2_unitree_legged_msgs/local/lib/python3.10/dist-packages/ros2_unitree_legged_msgs/ros2_unitree_legged_msgs_s__rosidl_typesupport_introspection_c.cpython-310-aarch64-linux-gnu.so\n'}
[73.585226] (ros2_unitree_legged_msgs) StdoutLine: {'line': b'-- Installing: /ws/install/ros2_unitree_legged_msgs/local/lib/python3.10/dist-packages/ros2_unitree_legged_msgs/__init__.py\n'}
[73.585313] (ros2_unitree_legged_msgs) StdoutLine: {'line': b'-- Installing: /ws/install/ros2_unitree_legged_msgs/local/lib/python3.10/dist-packages/ros2_unitree_legged_msgs/_ros2_unitree_legged_msgs_s.ep.rosidl_typesupport_c.c\n'}
[73.585389] (ros2_unitree_legged_msgs) StdoutLine: {'line': b'-- Installing: /ws/install/ros2_unitree_legged_msgs/local/lib/python3.10/dist-packages/ros2_unitree_legged_msgs/ros2_unitree_legged_msgs_s__rosidl_typesupport_c.cpython-310-aarch64-linux-gnu.so\n'}
[73.609241] (unitree_go) StdoutLine: {'line': b'[ 26%] \x1b[32mBuilding CXX object CMakeFiles/unitree_go__rosidl_typesupport_fastrtps_c.dir/rosidl_typesupport_fastrtps_c/unitree_go/msg/detail/bms_state__type_support_c.cpp.o\x1b[0m\n'}
[73.662305] (-) TimerEvent: {}
[73.728629] (ros2_unitree_legged_msgs) StdoutLine: {'line': b"Listing '/ws/install/ros2_unitree_legged_msgs/local/lib/python3.10/dist-packages/ros2_unitree_legged_msgs'...\n"}
[73.728944] (ros2_unitree_legged_msgs) StdoutLine: {'line': b"Compiling '/ws/install/ros2_unitree_legged_msgs/local/lib/python3.10/dist-packages/ros2_unitree_legged_msgs/__init__.py'...\n"}
[73.729048] (ros2_unitree_legged_msgs) StdoutLine: {'line': b"Listing '/ws/install/ros2_unitree_legged_msgs/local/lib/python3.10/dist-packages/ros2_unitree_legged_msgs/msg'...\n"}
[73.729184] (ros2_unitree_legged_msgs) StdoutLine: {'line': b"Compiling '/ws/install/ros2_unitree_legged_msgs/local/lib/python3.10/dist-packages/ros2_unitree_legged_msgs/msg/__init__.py'...\n"}
[73.729333] (ros2_unitree_legged_msgs) StdoutLine: {'line': b"Compiling '/ws/install/ros2_unitree_legged_msgs/local/lib/python3.10/dist-packages/ros2_unitree_legged_msgs/msg/_bms_cmd.py'...\n"}
[73.729429] (ros2_unitree_legged_msgs) StdoutLine: {'line': b"Compiling '/ws/install/ros2_unitree_legged_msgs/local/lib/python3.10/dist-packages/ros2_unitree_legged_msgs/msg/_bms_state.py'...\n"}
[73.729503] (ros2_unitree_legged_msgs) StdoutLine: {'line': b"Compiling '/ws/install/ros2_unitree_legged_msgs/local/lib/python3.10/dist-packages/ros2_unitree_legged_msgs/msg/_cartesian.py'...\n"}
[73.729572] (ros2_unitree_legged_msgs) StdoutLine: {'line': b"Compiling '/ws/install/ros2_unitree_legged_msgs/local/lib/python3.10/dist-packages/ros2_unitree_legged_msgs/msg/_high_cmd.py'...\n"}
[73.729639] (ros2_unitree_legged_msgs) StdoutLine: {'line': b"Compiling '/ws/install/ros2_unitree_legged_msgs/local/lib/python3.10/dist-packages/ros2_unitree_legged_msgs/msg/_high_state.py'...\n"}
[73.729706] (ros2_unitree_legged_msgs) StdoutLine: {'line': b"Compiling '/ws/install/ros2_unitree_legged_msgs/local/lib/python3.10/dist-packages/ros2_unitree_legged_msgs/msg/_imu.py'...\n"}
[73.729773] (ros2_unitree_legged_msgs) StdoutLine: {'line': b"Compiling '/ws/install/ros2_unitree_legged_msgs/local/lib/python3.10/dist-packages/ros2_unitree_legged_msgs/msg/_led.py'...\n"}
[73.729843] (ros2_unitree_legged_msgs) StdoutLine: {'line': b"Compiling '/ws/install/ros2_unitree_legged_msgs/local/lib/python3.10/dist-packages/ros2_unitree_legged_msgs/msg/_low_cmd.py'...\n"}
[73.729915] (ros2_unitree_legged_msgs) StdoutLine: {'line': b"Compiling '/ws/install/ros2_unitree_legged_msgs/local/lib/python3.10/dist-packages/ros2_unitree_legged_msgs/msg/_low_state.py'...\n"}
[73.730011] (ros2_unitree_legged_msgs) StdoutLine: {'line': b"Compiling '/ws/install/ros2_unitree_legged_msgs/local/lib/python3.10/dist-packages/ros2_unitree_legged_msgs/msg/_motor_cmd.py'...\n"}
[73.730080] (ros2_unitree_legged_msgs) StdoutLine: {'line': b"Compiling '/ws/install/ros2_unitree_legged_msgs/local/lib/python3.10/dist-packages/ros2_unitree_legged_msgs/msg/_motor_state.py'...\n"}
[73.747476] (ros2_unitree_legged_msgs) StdoutLine: {'line': b'-- Installing: /ws/install/ros2_unitree_legged_msgs/local/lib/python3.10/dist-packages/ros2_unitree_legged_msgs/ros2_unitree_legged_msgs_s__rosidl_typesupport_fastrtps_c.cpython-310-aarch64-linux-gnu.so\n'}
[73.747903] (ros2_unitree_legged_msgs) StdoutLine: {'line': b'-- Set runtime path of "/ws/install/ros2_unitree_legged_msgs/local/lib/python3.10/dist-packages/ros2_unitree_legged_msgs/ros2_unitree_legged_msgs_s__rosidl_typesupport_fastrtps_c.cpython-310-aarch64-linux-gnu.so" to ""\n'}
[73.748947] (ros2_unitree_legged_msgs) StdoutLine: {'line': b'-- Installing: /ws/install/ros2_unitree_legged_msgs/local/lib/python3.10/dist-packages/ros2_unitree_legged_msgs/ros2_unitree_legged_msgs_s__rosidl_typesupport_introspection_c.cpython-310-aarch64-linux-gnu.so\n'}
[73.752098] (ros2_unitree_legged_msgs) StdoutLine: {'line': b'-- Set runtime path of "/ws/install/ros2_unitree_legged_msgs/local/lib/python3.10/dist-packages/ros2_unitree_legged_msgs/ros2_unitree_legged_msgs_s__rosidl_typesupport_introspection_c.cpython-310-aarch64-linux-gnu.so" to ""\n'}
[73.752638] (ros2_unitree_legged_msgs) StdoutLine: {'line': b'-- Installing: /ws/install/ros2_unitree_legged_msgs/local/lib/python3.10/dist-packages/ros2_unitree_legged_msgs/ros2_unitree_legged_msgs_s__rosidl_typesupport_c.cpython-310-aarch64-linux-gnu.so\n'}
[73.754768] (ros2_unitree_legged_msgs) StdoutLine: {'line': b'-- Set runtime path of "/ws/install/ros2_unitree_legged_msgs/local/lib/python3.10/dist-packages/ros2_unitree_legged_msgs/ros2_unitree_legged_msgs_s__rosidl_typesupport_c.cpython-310-aarch64-linux-gnu.so" to ""\n'}
[73.755227] (ros2_unitree_legged_msgs) StdoutLine: {'line': b'-- Installing: /ws/install/ros2_unitree_legged_msgs/lib/libros2_unitree_legged_msgs__rosidl_generator_py.so\n'}
[73.757932] (ros2_unitree_legged_msgs) StdoutLine: {'line': b'-- Set runtime path of "/ws/install/ros2_unitree_legged_msgs/lib/libros2_unitree_legged_msgs__rosidl_generator_py.so" to ""\n'}
[73.758301] (ros2_unitree_legged_msgs) StdoutLine: {'line': b'-- Installing: /ws/install/ros2_unitree_legged_msgs/share/ros2_unitree_legged_msgs/msg/MotorCmd.idl\n'}
[73.758430] (ros2_unitree_legged_msgs) StdoutLine: {'line': b'-- Installing: /ws/install/ros2_unitree_legged_msgs/share/ros2_unitree_legged_msgs/msg/MotorState.idl\n'}
[73.759748] (ros2_unitree_legged_msgs) StdoutLine: {'line': b'-- Installing: /ws/install/ros2_unitree_legged_msgs/share/ros2_unitree_legged_msgs/msg/BmsCmd.idl\n'}
[73.760057] (ros2_unitree_legged_msgs) StdoutLine: {'line': b'-- Installing: /ws/install/ros2_unitree_legged_msgs/share/ros2_unitree_legged_msgs/msg/BmsState.idl\n'}
[73.761226] (ros2_unitree_legged_msgs) StdoutLine: {'line': b'-- Installing: /ws/install/ros2_unitree_legged_msgs/share/ros2_unitree_legged_msgs/msg/Cartesian.idl\n'}
[73.762807] (ros2_unitree_legged_msgs) StdoutLine: {'line': b'-- Installing: /ws/install/ros2_unitree_legged_msgs/share/ros2_unitree_legged_msgs/msg/IMU.idl\n'}
[73.763196] (-) TimerEvent: {}
[73.765604] (ros2_unitree_legged_msgs) StdoutLine: {'line': b'-- Installing: /ws/install/ros2_unitree_legged_msgs/share/ros2_unitree_legged_msgs/msg/LED.idl\n'}
[73.766122] (ros2_unitree_legged_msgs) StdoutLine: {'line': b'-- Installing: /ws/install/ros2_unitree_legged_msgs/share/ros2_unitree_legged_msgs/msg/LowCmd.idl\n'}
[73.766303] (ros2_unitree_legged_msgs) StdoutLine: {'line': b'-- Installing: /ws/install/ros2_unitree_legged_msgs/share/ros2_unitree_legged_msgs/msg/LowState.idl\n'}
[73.768375] (ros2_unitree_legged_msgs) StdoutLine: {'line': b'-- Installing: /ws/install/ros2_unitree_legged_msgs/share/ros2_unitree_legged_msgs/msg/HighCmd.idl\n'}
[73.768632] (ros2_unitree_legged_msgs) StdoutLine: {'line': b'-- Installing: /ws/install/ros2_unitree_legged_msgs/share/ros2_unitree_legged_msgs/msg/HighState.idl\n'}
[73.769773] (ros2_unitree_legged_msgs) StdoutLine: {'line': b'-- Installing: /ws/install/ros2_unitree_legged_msgs/share/ros2_unitree_legged_msgs/msg/MotorCmd.msg\n'}
[73.776695] (ros2_unitree_legged_msgs) StdoutLine: {'line': b'-- Installing: /ws/install/ros2_unitree_legged_msgs/share/ros2_unitree_legged_msgs/msg/MotorState.msg\n'}
[73.777264] (ros2_unitree_legged_msgs) StdoutLine: {'line': b'-- Installing: /ws/install/ros2_unitree_legged_msgs/share/ros2_unitree_legged_msgs/msg/BmsCmd.msg\n'}
[73.777469] (ros2_unitree_legged_msgs) StdoutLine: {'line': b'-- Installing: /ws/install/ros2_unitree_legged_msgs/share/ros2_unitree_legged_msgs/msg/BmsState.msg\n'}
[73.787210] (ros2_unitree_legged_msgs) StdoutLine: {'line': b'-- Installing: /ws/install/ros2_unitree_legged_msgs/share/ros2_unitree_legged_msgs/msg/Cartesian.msg\n'}
[73.788093] (ros2_unitree_legged_msgs) StdoutLine: {'line': b'-- Installing: /ws/install/ros2_unitree_legged_msgs/share/ros2_unitree_legged_msgs/msg/IMU.msg\n'}
[73.788312] (ros2_unitree_legged_msgs) StdoutLine: {'line': b'-- Installing: /ws/install/ros2_unitree_legged_msgs/share/ros2_unitree_legged_msgs/msg/LED.msg\n'}
[73.794840] (ros2_unitree_legged_msgs) StdoutLine: {'line': b'-- Installing: /ws/install/ros2_unitree_legged_msgs/share/ros2_unitree_legged_msgs/msg/LowCmd.msg\n'}
[73.796530] (ros2_unitree_legged_msgs) StdoutLine: {'line': b'-- Installing: /ws/install/ros2_unitree_legged_msgs/share/ros2_unitree_legged_msgs/msg/LowState.msg\n'}
[73.796682] (ros2_unitree_legged_msgs) StdoutLine: {'line': b'-- Installing: /ws/install/ros2_unitree_legged_msgs/share/ros2_unitree_legged_msgs/msg/HighCmd.msg\n'}
[73.796764] (ros2_unitree_legged_msgs) StdoutLine: {'line': b'-- Installing: /ws/install/ros2_unitree_legged_msgs/share/ros2_unitree_legged_msgs/msg/HighState.msg\n'}
[73.796831] (ros2_unitree_legged_msgs) StdoutLine: {'line': b'-- Installing: /ws/install/ros2_unitree_legged_msgs/share/ament_index/resource_index/package_run_dependencies/ros2_unitree_legged_msgs\n'}
[73.798326] (ros2_unitree_legged_msgs) StdoutLine: {'line': b'-- Installing: /ws/install/ros2_unitree_legged_msgs/share/ament_index/resource_index/parent_prefix_path/ros2_unitree_legged_msgs\n'}
[73.798754] (ros2_unitree_legged_msgs) StdoutLine: {'line': b'-- Installing: /ws/install/ros2_unitree_legged_msgs/share/ros2_unitree_legged_msgs/environment/ament_prefix_path.sh\n'}
[73.800552] (ros2_unitree_legged_msgs) StdoutLine: {'line': b'-- Installing: /ws/install/ros2_unitree_legged_msgs/share/ros2_unitree_legged_msgs/environment/ament_prefix_path.dsv\n'}
[73.800855] (ros2_unitree_legged_msgs) StdoutLine: {'line': b'-- Installing: /ws/install/ros2_unitree_legged_msgs/share/ros2_unitree_legged_msgs/environment/path.sh\n'}
[73.802312] (ros2_unitree_legged_msgs) StdoutLine: {'line': b'-- Installing: /ws/install/ros2_unitree_legged_msgs/share/ros2_unitree_legged_msgs/environment/path.dsv\n'}
[73.802620] (ros2_unitree_legged_msgs) StdoutLine: {'line': b'-- Installing: /ws/install/ros2_unitree_legged_msgs/share/ros2_unitree_legged_msgs/local_setup.bash\n'}
[73.803683] (ros2_unitree_legged_msgs) StdoutLine: {'line': b'-- Installing: /ws/install/ros2_unitree_legged_msgs/share/ros2_unitree_legged_msgs/local_setup.sh\n'}
[73.805814] (ros2_unitree_legged_msgs) StdoutLine: {'line': b'-- Installing: /ws/install/ros2_unitree_legged_msgs/share/ros2_unitree_legged_msgs/local_setup.zsh\n'}
[73.806404] (ros2_unitree_legged_msgs) StdoutLine: {'line': b'-- Installing: /ws/install/ros2_unitree_legged_msgs/share/ros2_unitree_legged_msgs/local_setup.dsv\n'}
[73.806654] (ros2_unitree_legged_msgs) StdoutLine: {'line': b'-- Installing: /ws/install/ros2_unitree_legged_msgs/share/ros2_unitree_legged_msgs/package.dsv\n'}
[73.806861] (ros2_unitree_legged_msgs) StdoutLine: {'line': b'-- Installing: /ws/install/ros2_unitree_legged_msgs/share/ament_index/resource_index/packages/ros2_unitree_legged_msgs\n'}
[73.808648] (ros2_unitree_legged_msgs) StdoutLine: {'line': b'-- Installing: /ws/install/ros2_unitree_legged_msgs/share/ros2_unitree_legged_msgs/cmake/export_ros2_unitree_legged_msgs__rosidl_generator_cExport.cmake\n'}
[73.808970] (ros2_unitree_legged_msgs) StdoutLine: {'line': b'-- Installing: /ws/install/ros2_unitree_legged_msgs/share/ros2_unitree_legged_msgs/cmake/export_ros2_unitree_legged_msgs__rosidl_generator_cExport-noconfig.cmake\n'}
[73.809831] (ros2_unitree_legged_msgs) StdoutLine: {'line': b'-- Installing: /ws/install/ros2_unitree_legged_msgs/share/ros2_unitree_legged_msgs/cmake/export_ros2_unitree_legged_msgs__rosidl_typesupport_fastrtps_cExport.cmake\n'}
[73.810829] (ros2_unitree_legged_msgs) StdoutLine: {'line': b'-- Installing: /ws/install/ros2_unitree_legged_msgs/share/ros2_unitree_legged_msgs/cmake/export_ros2_unitree_legged_msgs__rosidl_typesupport_fastrtps_cExport-noconfig.cmake\n'}
[73.811846] (ros2_unitree_legged_msgs) StdoutLine: {'line': b'-- Installing: /ws/install/ros2_unitree_legged_msgs/share/ros2_unitree_legged_msgs/cmake/ros2_unitree_legged_msgs__rosidl_typesupport_introspection_cExport.cmake\n'}
[73.812604] (ros2_unitree_legged_msgs) StdoutLine: {'line': b'-- Installing: /ws/install/ros2_unitree_legged_msgs/share/ros2_unitree_legged_msgs/cmake/ros2_unitree_legged_msgs__rosidl_typesupport_introspection_cExport-noconfig.cmake\n'}
[73.813307] (ros2_unitree_legged_msgs) StdoutLine: {'line': b'-- Installing: /ws/install/ros2_unitree_legged_msgs/share/ros2_unitree_legged_msgs/cmake/ros2_unitree_legged_msgs__rosidl_typesupport_cExport.cmake\n'}
[73.813992] (ros2_unitree_legged_msgs) StdoutLine: {'line': b'-- Installing: /ws/install/ros2_unitree_legged_msgs/share/ros2_unitree_legged_msgs/cmake/ros2_unitree_legged_msgs__rosidl_typesupport_cExport-noconfig.cmake\n'}
[73.815642] (ros2_unitree_legged_msgs) StdoutLine: {'line': b'-- Installing: /ws/install/ros2_unitree_legged_msgs/share/ros2_unitree_legged_msgs/cmake/export_ros2_unitree_legged_msgs__rosidl_generator_cppExport.cmake\n'}
[73.815928] (ros2_unitree_legged_msgs) StdoutLine: {'line': b'-- Installing: /ws/install/ros2_unitree_legged_msgs/share/ros2_unitree_legged_msgs/cmake/export_ros2_unitree_legged_msgs__rosidl_typesupport_fastrtps_cppExport.cmake\n'}
[73.816767] (ros2_unitree_legged_msgs) StdoutLine: {'line': b'-- Installing: /ws/install/ros2_unitree_legged_msgs/share/ros2_unitree_legged_msgs/cmake/export_ros2_unitree_legged_msgs__rosidl_typesupport_fastrtps_cppExport-noconfig.cmake\n'}
[73.818116] (ros2_unitree_legged_msgs) StdoutLine: {'line': b'-- Installing: /ws/install/ros2_unitree_legged_msgs/share/ros2_unitree_legged_msgs/cmake/ros2_unitree_legged_msgs__rosidl_typesupport_introspection_cppExport.cmake\n'}
[73.818949] (ros2_unitree_legged_msgs) StdoutLine: {'line': b'-- Installing: /ws/install/ros2_unitree_legged_msgs/share/ros2_unitree_legged_msgs/cmake/ros2_unitree_legged_msgs__rosidl_typesupport_introspection_cppExport-noconfig.cmake\n'}
[73.819148] (ros2_unitree_legged_msgs) StdoutLine: {'line': b'-- Installing: /ws/install/ros2_unitree_legged_msgs/share/ros2_unitree_legged_msgs/cmake/ros2_unitree_legged_msgs__rosidl_typesupport_cppExport.cmake\n'}
[73.819788] (ros2_unitree_legged_msgs) StdoutLine: {'line': b'-- Installing: /ws/install/ros2_unitree_legged_msgs/share/ros2_unitree_legged_msgs/cmake/ros2_unitree_legged_msgs__rosidl_typesupport_cppExport-noconfig.cmake\n'}
[73.820622] (ros2_unitree_legged_msgs) StdoutLine: {'line': b'-- Installing: /ws/install/ros2_unitree_legged_msgs/share/ros2_unitree_legged_msgs/cmake/export_ros2_unitree_legged_msgs__rosidl_generator_pyExport.cmake\n'}
[73.822068] (ros2_unitree_legged_msgs) StdoutLine: {'line': b'-- Installing: /ws/install/ros2_unitree_legged_msgs/share/ros2_unitree_legged_msgs/cmake/export_ros2_unitree_legged_msgs__rosidl_generator_pyExport-noconfig.cmake\n'}
[73.822329] (ros2_unitree_legged_msgs) StdoutLine: {'line': b'-- Installing: /ws/install/ros2_unitree_legged_msgs/share/ros2_unitree_legged_msgs/cmake/rosidl_cmake-extras.cmake\n'}
[73.823454] (ros2_unitree_legged_msgs) StdoutLine: {'line': b'-- Installing: /ws/install/ros2_unitree_legged_msgs/share/ros2_unitree_legged_msgs/cmake/ament_cmake_export_include_directories-extras.cmake\n'}
[73.824367] (ros2_unitree_legged_msgs) StdoutLine: {'line': b'-- Installing: /ws/install/ros2_unitree_legged_msgs/share/ros2_unitree_legged_msgs/cmake/ament_cmake_export_libraries-extras.cmake\n'}
[73.824603] (ros2_unitree_legged_msgs) StdoutLine: {'line': b'-- Installing: /ws/install/ros2_unitree_legged_msgs/share/ros2_unitree_legged_msgs/cmake/ament_cmake_export_targets-extras.cmake\n'}
[73.825291] (ros2_unitree_legged_msgs) StdoutLine: {'line': b'-- Installing: /ws/install/ros2_unitree_legged_msgs/share/ros2_unitree_legged_msgs/cmake/rosidl_cmake_export_typesupport_targets-extras.cmake\n'}
[73.826081] (ros2_unitree_legged_msgs) StdoutLine: {'line': b'-- Installing: /ws/install/ros2_unitree_legged_msgs/share/ros2_unitree_legged_msgs/cmake/ament_cmake_export_dependencies-extras.cmake\n'}
[73.827369] (ros2_unitree_legged_msgs) StdoutLine: {'line': b'-- Installing: /ws/install/ros2_unitree_legged_msgs/share/ros2_unitree_legged_msgs/cmake/rosidl_cmake_export_typesupport_libraries-extras.cmake\n'}
[73.828111] (ros2_unitree_legged_msgs) StdoutLine: {'line': b'-- Installing: /ws/install/ros2_unitree_legged_msgs/share/ros2_unitree_legged_msgs/cmake/ros2_unitree_legged_msgsConfig.cmake\n'}
[73.828352] (ros2_unitree_legged_msgs) StdoutLine: {'line': b'-- Installing: /ws/install/ros2_unitree_legged_msgs/share/ros2_unitree_legged_msgs/cmake/ros2_unitree_legged_msgsConfig-version.cmake\n'}
[73.829179] (ros2_unitree_legged_msgs) StdoutLine: {'line': b'-- Installing: /ws/install/ros2_unitree_legged_msgs/share/ros2_unitree_legged_msgs/package.xml\n'}
[73.836323] (cyclonedds) StdoutLine: {'line': b'[ 45%] \x1b[32mBuilding C object src/core/CMakeFiles/ddsc.dir/ddsi/src/q_addrset.c.o\x1b[0m\n'}
[73.836587] (ros2_unitree_legged_msgs) CommandEnded: {'returncode': 0}
[73.863342] (-) TimerEvent: {}
[73.886173] (ros2_unitree_legged_msgs) JobEnded: {'identifier': 'ros2_unitree_legged_msgs', 'rc': 0}
[73.889887] (unitree_rl_controller) JobStarted: {'identifier': 'unitree_rl_controller'}
[73.917155] (unitree_rl_controller) JobProgress: {'identifier': 'unitree_rl_controller', 'progress': 'cmake'}
[73.920395] (unitree_rl_controller) Command: {'cmd': ['/usr/bin/cmake', '/ws/src/unitree_rl_controller-ros2', '-DCMAKE_INSTALL_PREFIX=/ws/install/unitree_rl_controller'], 'cwd': '/ws/build/unitree_rl_controller', 'env': OrderedDict([('HOSTNAME', 'pi'), ('SHLVL', '1'), ('LD_LIBRARY_PATH', '/ws/install/ros2_unitree_legged_msgs/lib:/opt/ros/humble/lib/aarch64-linux-gnu:/opt/ros/humble/lib'), ('HOME', '/root'), ('OLDPWD', '/ws/src'), ('ROS_PYTHON_VERSION', '3'), ('ROS_DISTRO', 'humble'), ('_', '/usr/bin/colcon'), ('ROS_VERSION', '2'), ('TERM', 'xterm'), ('ROS_LOCALHOST_ONLY', '0'), ('PATH', '/opt/ros/humble/bin:/usr/local/sbin:/usr/local/bin:/usr/sbin:/usr/bin:/sbin:/bin'), ('LANG', 'C.UTF-8'), ('LS_COLORS', 'rs=0:di=01;34:ln=01;36:mh=00:pi=40;33:so=01;35:do=01;35:bd=40;33;01:cd=40;33;01:or=40;31;01:mi=00:su=37;41:sg=30;43:ca=30;41:tw=30;42:ow=34;42:st=37;44:ex=01;32:*.tar=01;31:*.tgz=01;31:*.arc=01;31:*.arj=01;31:*.taz=01;31:*.lha=01;31:*.lz4=01;31:*.lzh=01;31:*.lzma=01;31:*.tlz=01;31:*.txz=01;31:*.tzo=01;31:*.t7z=01;31:*.zip=01;31:*.z=01;31:*.dz=01;31:*.gz=01;31:*.lrz=01;31:*.lz=01;31:*.lzo=01;31:*.xz=01;31:*.zst=01;31:*.tzst=01;31:*.bz2=01;31:*.bz=01;31:*.tbz=01;31:*.tbz2=01;31:*.tz=01;31:*.deb=01;31:*.rpm=01;31:*.jar=01;31:*.war=01;31:*.ear=01;31:*.sar=01;31:*.rar=01;31:*.alz=01;31:*.ace=01;31:*.zoo=01;31:*.cpio=01;31:*.7z=01;31:*.rz=01;31:*.cab=01;31:*.wim=01;31:*.swm=01;31:*.dwm=01;31:*.esd=01;31:*.jpg=01;35:*.jpeg=01;35:*.mjpg=01;35:*.mjpeg=01;35:*.gif=01;35:*.bmp=01;35:*.pbm=01;35:*.pgm=01;35:*.ppm=01;35:*.tga=01;35:*.xbm=01;35:*.xpm=01;35:*.tif=01;35:*.tiff=01;35:*.png=01;35:*.svg=01;35:*.svgz=01;35:*.mng=01;35:*.pcx=01;35:*.mov=01;35:*.mpg=01;35:*.mpeg=01;35:*.m2v=01;35:*.mkv=01;35:*.webm=01;35:*.webp=01;35:*.ogm=01;35:*.mp4=01;35:*.m4v=01;35:*.mp4v=01;35:*.vob=01;35:*.qt=01;35:*.nuv=01;35:*.wmv=01;35:*.asf=01;35:*.rm=01;35:*.rmvb=01;35:*.flc=01;35:*.avi=01;35:*.fli=01;35:*.flv=01;35:*.gl=01;35:*.dl=01;35:*.xcf=01;35:*.xwd=01;35:*.yuv=01;35:*.cgm=01;35:*.emf=01;35:*.ogv=01;35:*.ogx=01;35:*.aac=00;36:*.au=00;36:*.flac=00;36:*.m4a=00;36:*.mid=00;36:*.midi=00;36:*.mka=00;36:*.mp3=00;36:*.mpc=00;36:*.ogg=00;36:*.ra=00;36:*.wav=00;36:*.oga=00;36:*.opus=00;36:*.spx=00;36:*.xspf=00;36:'), ('AMENT_PREFIX_PATH', '/ws/install/ros2_unitree_legged_msgs:/opt/ros/humble'), ('DEBIAN_FRONTEND', 'noninteractive'), ('PWD', '/ws/build/unitree_rl_controller'), ('LC_ALL', 'C.UTF-8'), ('PYTHONPATH', '/ws/install/ros2_unitree_legged_msgs/local/lib/python3.10/dist-packages:/opt/ros/humble/lib/python3.10/site-packages:/opt/ros/humble/local/lib/python3.10/dist-packages'), ('COLCON', '1'), ('CMAKE_PREFIX_PATH', '/ws/install/ros2_unitree_legged_msgs:/opt/ros/humble')]), 'shell': False}
[73.966248] (-) TimerEvent: {}
[74.066850] (-) TimerEvent: {}
[74.078249] (unitree_rl_controller) StdoutLine: {'line': b'-- The C compiler identification is GNU 11.4.0\n'}
[74.167024] (-) TimerEvent: {}
[74.241894] (unitree_rl_controller) StdoutLine: {'line': b'-- The CXX compiler identification is GNU 11.4.0\n'}
[74.259857] (unitree_rl_controller) StdoutLine: {'line': b'-- Detecting C compiler ABI info\n'}
[74.268305] (-) TimerEvent: {}
[74.368900] (-) TimerEvent: {}
[74.424221] (unitree_hg) StdoutLine: {'line': b'[  3%] \x1b[32mBuilding CXX object CMakeFiles/unitree_hg__rosidl_typesupport_introspection_cpp.dir/rosidl_typesupport_introspection_cpp/unitree_hg/msg/detail/bms_cmd__type_support.cpp.o\x1b[0m\n'}
[74.469070] (-) TimerEvent: {}
[74.538249] (unitree_rl_controller) StdoutLine: {'line': b'-- Detecting C compiler ABI info - done\n'}
[74.549001] (unitree_rl_controller) StdoutLine: {'line': b'-- Check for working C compiler: /usr/bin/cc - skipped\n'}
[74.550897] (unitree_rl_controller) StdoutLine: {'line': b'-- Detecting C compile features\n'}
[74.552906] (unitree_rl_controller) StdoutLine: {'line': b'-- Detecting C compile features - done\n'}
[74.561456] (unitree_rl_controller) StdoutLine: {'line': b'-- Detecting CXX compiler ABI info\n'}
[74.569244] (-) TimerEvent: {}
[74.603189] (cyclonedds) StdoutLine: {'line': b'[ 46%] \x1b[32mBuilding C object src/core/CMakeFiles/ddsc.dir/ddsi/src/q_bitset_inlines.c.o\x1b[0m\n'}
[74.669384] (-) TimerEvent: {}
[74.697544] (unitree_go) StdoutLine: {'line': b'[ 27%] \x1b[32mBuilding CXX object CMakeFiles/unitree_go__rosidl_typesupport_fastrtps_c.dir/rosidl_typesupport_fastrtps_c/unitree_go/msg/detail/error__type_support_c.cpp.o\x1b[0m\n'}
[74.701314] (cyclonedds) StdoutLine: {'line': b'[ 46%] \x1b[32mBuilding C object src/core/CMakeFiles/ddsc.dir/ddsi/src/q_bswap.c.o\x1b[0m\n'}
[74.769718] (-) TimerEvent: {}
[74.809367] (unitree_rl_controller) StdoutLine: {'line': b'-- Detecting CXX compiler ABI info - done\n'}
[74.825948] (unitree_rl_controller) StdoutLine: {'line': b'-- Check for working CXX compiler: /usr/bin/c++ - skipped\n'}
[74.826298] (unitree_rl_controller) StdoutLine: {'line': b'-- Detecting CXX compile features\n'}
[74.827286] (unitree_rl_controller) StdoutLine: {'line': b'-- Detecting CXX compile features - done\n'}
[74.839250] (unitree_rl_controller) StdoutLine: {'line': b'-- Found ament_cmake: 1.3.12 (/opt/ros/humble/share/ament_cmake/cmake)\n'}
[74.869803] (-) TimerEvent: {}
[74.893825] (cyclonedds) StdoutLine: {'line': b'[ 47%] \x1b[32mBuilding C object src/core/CMakeFiles/ddsc.dir/ddsi/src/q_ddsi_discovery.c.o\x1b[0m\n'}
[74.969978] (-) TimerEvent: {}
[75.070775] (-) TimerEvent: {}
[75.171872] (-) TimerEvent: {}
[75.222250] (unitree_rl_controller) StdoutLine: {'line': b'-- Found Python3: /usr/bin/python3 (found version "3.10.12") found components: Interpreter \n'}
[75.275261] (-) TimerEvent: {}
[75.375947] (-) TimerEvent: {}
[75.476642] (-) TimerEvent: {}
[75.520280] (unitree_hg) StdoutLine: {'line': b'[  4%] \x1b[32mBuilding CXX object CMakeFiles/unitree_hg__rosidl_typesupport_introspection_cpp.dir/rosidl_typesupport_introspection_cpp/unitree_hg/msg/detail/bms_state__type_support.cpp.o\x1b[0m\n'}
[75.574335] (unitree_rl_controller) StdoutLine: {'line': b'-- Found rclcpp: 16.0.17 (/opt/ros/humble/share/rclcpp/cmake)\n'}
[75.575990] (unitree_go) StdoutLine: {'line': b'[ 27%] \x1b[32mBuilding CXX object CMakeFiles/unitree_go__rosidl_typesupport_fastrtps_c.dir/rosidl_typesupport_fastrtps_c/unitree_go/msg/detail/go2_front_video_data__type_support_c.cpp.o\x1b[0m\n'}
[75.576934] (-) TimerEvent: {}
[75.677595] (-) TimerEvent: {}
[75.778535] (-) TimerEvent: {}
[75.802142] (unitree_rl_controller) StdoutLine: {'line': b'-- Found rosidl_generator_c: 3.1.8 (/opt/ros/humble/share/rosidl_generator_c/cmake)\n'}
[75.818086] (unitree_rl_controller) StdoutLine: {'line': b'-- Found rosidl_adapter: 3.1.8 (/opt/ros/humble/share/rosidl_adapter/cmake)\n'}
[75.840597] (unitree_rl_controller) StdoutLine: {'line': b'-- Found rosidl_generator_cpp: 3.1.8 (/opt/ros/humble/share/rosidl_generator_cpp/cmake)\n'}
[75.871344] (unitree_rl_controller) StdoutLine: {'line': b'-- Using all available rosidl_typesupport_c: rosidl_typesupport_fastrtps_c;rosidl_typesupport_introspection_c\n'}
[75.878693] (-) TimerEvent: {}
[75.911888] (unitree_rl_controller) StdoutLine: {'line': b'-- Using all available rosidl_typesupport_cpp: rosidl_typesupport_fastrtps_cpp;rosidl_typesupport_introspection_cpp\n'}
[75.978855] (-) TimerEvent: {}
[76.064552] (unitree_rl_controller) StdoutLine: {'line': b'-- Found rmw_implementation_cmake: 6.1.2 (/opt/ros/humble/share/rmw_implementation_cmake/cmake)\n'}
[76.074872] (unitree_rl_controller) StdoutLine: {'line': b'-- Found rmw_fastrtps_cpp: 6.2.9 (/opt/ros/humble/share/rmw_fastrtps_cpp/cmake)\n'}
[76.079158] (-) TimerEvent: {}
[76.185267] (-) TimerEvent: {}
[76.288425] (-) TimerEvent: {}
[76.383503] (unitree_rl_controller) StdoutLine: {'line': b'-- Found OpenSSL: /usr/lib/aarch64-linux-gnu/libcrypto.so (found version "3.0.2")  \n'}
[76.388587] (-) TimerEvent: {}
[76.439330] (unitree_go) StdoutLine: {'line': b'[ 28%] \x1b[32mBuilding CXX object CMakeFiles/unitree_go__rosidl_typesupport_fastrtps_c.dir/rosidl_typesupport_fastrtps_c/unitree_go/msg/detail/height_map__type_support_c.cpp.o\x1b[0m\n'}
[76.488056] (unitree_rl_controller) StdoutLine: {'line': b'-- Found FastRTPS: /opt/ros/humble/include  \n'}
[76.488747] (-) TimerEvent: {}
[76.524985] (unitree_hg) StdoutLine: {'line': b'[  4%] \x1b[32mBuilding CXX object CMakeFiles/unitree_hg__rosidl_typesupport_introspection_cpp.dir/rosidl_typesupport_introspection_cpp/unitree_hg/msg/detail/hand_cmd__type_support.cpp.o\x1b[0m\n'}
[76.560227] (unitree_rl_controller) StdoutLine: {'line': b"-- Using RMW implementation 'rmw_fastrtps_cpp' as default\n"}
[76.582314] (unitree_rl_controller) StdoutLine: {'line': b'-- Looking for pthread.h\n'}
[76.588893] (-) TimerEvent: {}
[76.689417] (-) TimerEvent: {}
[76.767677] (cyclonedds) StdoutLine: {'line': b'[ 47%] \x1b[32mBuilding C object src/core/CMakeFiles/ddsc.dir/ddsi/src/q_debmon.c.o\x1b[0m\n'}
[76.789623] (-) TimerEvent: {}
[76.819949] (unitree_rl_controller) StdoutLine: {'line': b'-- Looking for pthread.h - found\n'}
[76.826731] (unitree_rl_controller) StdoutLine: {'line': b'-- Performing Test CMAKE_HAVE_LIBC_PTHREAD\n'}
[76.889758] (-) TimerEvent: {}
[76.991316] (-) TimerEvent: {}
[77.055249] (unitree_rl_controller) StdoutLine: {'line': b'-- Performing Test CMAKE_HAVE_LIBC_PTHREAD - Success\n'}
[77.055833] (unitree_rl_controller) StdoutLine: {'line': b'-- Found Threads: TRUE  \n'}
[77.091440] (-) TimerEvent: {}
[77.192057] (-) TimerEvent: {}
[77.243307] (unitree_rl_controller) StdoutLine: {'line': b'-- Found ros2_unitree_legged_msgs: 0.4.0 (/ws/install/ros2_unitree_legged_msgs/share/ros2_unitree_legged_msgs/cmake)\n'}
[77.269231] (unitree_rl_controller) StdoutLine: {'line': b'-- Found geometry_msgs: 4.9.0 (/opt/ros/humble/share/geometry_msgs/cmake)\n'}
[77.292249] (-) TimerEvent: {}
[77.304117] (unitree_go) StdoutLine: {'line': b'[ 28%] \x1b[32mBuilding CXX object CMakeFiles/unitree_go__rosidl_typesupport_fastrtps_c.dir/rosidl_typesupport_fastrtps_c/unitree_go/msg/detail/imu_state__type_support_c.cpp.o\x1b[0m\n'}
[77.315362] (unitree_rl_controller) StdoutLine: {'line': b'-- Found nav_msgs: 4.9.0 (/opt/ros/humble/share/nav_msgs/cmake)\n'}
[77.380835] (unitree_rl_controller) StderrLine: {'line': b'\x1b[31mCMake Error at CMakeLists.txt:24 (find_package):\n'}
[77.383056] (unitree_rl_controller) StderrLine: {'line': b'  By not providing "FindTorch.cmake" in CMAKE_MODULE_PATH this project has\n'}
[77.383381] (unitree_rl_controller) StderrLine: {'line': b'  asked CMake to find a package configuration file provided by "Torch", but\n'}
[77.383503] (unitree_rl_controller) StderrLine: {'line': b'  CMake did not find one.\n'}
[77.383604] (unitree_rl_controller) StderrLine: {'line': b'\n'}
[77.383704] (unitree_rl_controller) StderrLine: {'line': b'  Could not find a package configuration file provided by "Torch" with any of\n'}
[77.383811] (unitree_rl_controller) StderrLine: {'line': b'  the following names:\n'}
[77.383919] (unitree_rl_controller) StderrLine: {'line': b'\n'}
[77.384031] (unitree_rl_controller) StderrLine: {'line': b'    TorchConfig.cmake\n'}
[77.384172] (unitree_rl_controller) StderrLine: {'line': b'    torch-config.cmake\n'}
[77.384330] (unitree_rl_controller) StderrLine: {'line': b'\n'}
[77.384425] (unitree_rl_controller) StderrLine: {'line': b'  Add the installation prefix of "Torch" to CMAKE_PREFIX_PATH or set\n'}
[77.384518] (unitree_rl_controller) StderrLine: {'line': b'  "Torch_DIR" to a directory containing one of the above files.  If "Torch"\n'}
[77.384622] (unitree_rl_controller) StderrLine: {'line': b'  provides a separate development package or SDK, be sure it has been\n'}
[77.384725] (unitree_rl_controller) StderrLine: {'line': b'  installed.\n'}
[77.384808] (unitree_rl_controller) StderrLine: {'line': b'\n'}
[77.384887] (unitree_rl_controller) StderrLine: {'line': b'\x1b[0m\n'}
[77.384983] (unitree_rl_controller) StdoutLine: {'line': b'-- Configuring incomplete, errors occurred!\n'}
[77.394388] (unitree_rl_controller) StdoutLine: {'line': b'See also "/ws/build/unitree_rl_controller/CMakeFiles/CMakeOutput.log".\n'}
[77.395771] (-) TimerEvent: {}
[77.414695] (unitree_rl_controller) CommandEnded: {'returncode': 1}
[77.470797] (unitree_rl_controller) JobEnded: {'identifier': 'unitree_rl_controller', 'rc': 1}
[77.496437] (-) TimerEvent: {}
[77.594466] (unitree_hg) StdoutLine: {'line': b'[  5%] \x1b[32mBuilding CXX object CMakeFiles/unitree_hg__rosidl_typesupport_introspection_cpp.dir/rosidl_typesupport_introspection_cpp/unitree_hg/msg/detail/hand_state__type_support.cpp.o\x1b[0m\n'}
[77.596593] (-) TimerEvent: {}
[77.701237] (-) TimerEvent: {}
[77.744740] (cyclonedds) StdoutLine: {'line': b'[ 47%] \x1b[32mBuilding C object src/core/CMakeFiles/ddsc.dir/ddsi/src/q_gc.c.o\x1b[0m\n'}
[77.804245] (-) TimerEvent: {}
[77.904968] (-) TimerEvent: {}
[78.007249] (-) TimerEvent: {}
[78.017985] (unitree_go) StdoutLine: {'line': b'[ 29%] \x1b[32mBuilding CXX object CMakeFiles/unitree_go__rosidl_typesupport_fastrtps_c.dir/rosidl_typesupport_fastrtps_c/unitree_go/msg/detail/interface_config__type_support_c.cpp.o\x1b[0m\n'}
[78.066395] (cyclonedds) StdoutLine: {'line': b'[ 48%] \x1b[32mBuilding C object src/core/CMakeFiles/ddsc.dir/ddsi/src/q_init.c.o\x1b[0m\n'}
[78.108247] (-) TimerEvent: {}
[78.209618] (-) TimerEvent: {}
[78.317249] (-) TimerEvent: {}
[78.417743] (-) TimerEvent: {}
[78.519781] (-) TimerEvent: {}
[78.538683] (unitree_hg) StdoutLine: {'line': b'[  6%] \x1b[32mBuilding CXX object CMakeFiles/unitree_hg__rosidl_typesupport_introspection_cpp.dir/rosidl_typesupport_introspection_cpp/unitree_hg/msg/detail/imu_state__type_support.cpp.o\x1b[0m\n'}
[78.621239] (-) TimerEvent: {}
[78.687369] (unitree_go) StdoutLine: {'line': b'[ 29%] \x1b[32mBuilding CXX object CMakeFiles/unitree_go__rosidl_typesupport_fastrtps_c.dir/rosidl_typesupport_fastrtps_c/unitree_go/msg/detail/lidar_state__type_support_c.cpp.o\x1b[0m\n'}
[78.721394] (-) TimerEvent: {}
[78.825264] (-) TimerEvent: {}
[78.925844] (-) TimerEvent: {}
[79.026465] (-) TimerEvent: {}
[79.127018] (-) TimerEvent: {}
[79.227550] (-) TimerEvent: {}
[79.328254] (-) TimerEvent: {}
[79.358012] (unitree_hg) StdoutLine: {'line': b'[  7%] \x1b[32mBuilding CXX object CMakeFiles/unitree_hg__rosidl_typesupport_introspection_cpp.dir/rosidl_typesupport_introspection_cpp/unitree_hg/msg/detail/low_cmd__type_support.cpp.o\x1b[0m\n'}
[79.403337] (unitree_go) StdoutLine: {'line': b'[ 30%] \x1b[32mBuilding CXX object CMakeFiles/unitree_go__rosidl_typesupport_fastrtps_c.dir/rosidl_typesupport_fastrtps_c/unitree_go/msg/detail/low_cmd__type_support_c.cpp.o\x1b[0m\n'}
[79.428381] (-) TimerEvent: {}
[79.533393] (-) TimerEvent: {}
[79.633985] (-) TimerEvent: {}
[79.734538] (-) TimerEvent: {}
[79.747643] (cyclonedds) StdoutLine: {'line': b'[ 48%] \x1b[32mBuilding C object src/core/CMakeFiles/ddsc.dir/ddsi/src/q_lat_estim.c.o\x1b[0m\n'}
[79.834703] (-) TimerEvent: {}
[79.911500] (cyclonedds) StdoutLine: {'line': b'[ 49%] \x1b[32mBuilding C object src/core/CMakeFiles/ddsc.dir/ddsi/src/q_lease.c.o\x1b[0m\n'}
[79.934862] (-) TimerEvent: {}
[80.038784] (-) TimerEvent: {}
[80.077817] (unitree_go) StdoutLine: {'line': b'[ 30%] \x1b[32mBuilding CXX object CMakeFiles/unitree_go__rosidl_typesupport_fastrtps_c.dir/rosidl_typesupport_fastrtps_c/unitree_go/msg/detail/low_state__type_support_c.cpp.o\x1b[0m\n'}
[80.131948] (unitree_hg) StdoutLine: {'line': b'[  8%] \x1b[32mBuilding CXX object CMakeFiles/unitree_hg__rosidl_typesupport_introspection_cpp.dir/rosidl_typesupport_introspection_cpp/unitree_hg/msg/detail/low_state__type_support.cpp.o\x1b[0m\n'}
[80.138904] (-) TimerEvent: {}
[80.239410] (-) TimerEvent: {}
[80.243067] (cyclonedds) StdoutLine: {'line': b'[ 49%] \x1b[32mBuilding C object src/core/CMakeFiles/ddsc.dir/ddsi/src/q_misc.c.o\x1b[0m\n'}
[80.339552] (-) TimerEvent: {}
[80.435190] (cyclonedds) StdoutLine: {'line': b'[ 49%] \x1b[32mBuilding C object src/core/CMakeFiles/ddsc.dir/ddsi/src/q_pcap.c.o\x1b[0m\n'}
[80.439683] (-) TimerEvent: {}
[80.540272] (-) TimerEvent: {}
[80.642243] (-) TimerEvent: {}
[80.681535] (cyclonedds) StdoutLine: {'line': b'[ 50%] \x1b[32mBuilding C object src/core/CMakeFiles/ddsc.dir/ddsi/src/q_qosmatch.c.o\x1b[0m\n'}
[80.742407] (-) TimerEvent: {}
[80.794477] (unitree_go) StdoutLine: {'line': b'[ 31%] \x1b[32mBuilding CXX object CMakeFiles/unitree_go__rosidl_typesupport_fastrtps_c.dir/rosidl_typesupport_fastrtps_c/unitree_go/msg/detail/motor_cmd__type_support_c.cpp.o\x1b[0m\n'}
[80.844290] (-) TimerEvent: {}
[80.936541] (unitree_hg) StdoutLine: {'line': b'[  9%] \x1b[32mBuilding CXX object CMakeFiles/unitree_hg__rosidl_typesupport_introspection_cpp.dir/rosidl_typesupport_introspection_cpp/unitree_hg/msg/detail/main_board_state__type_support.cpp.o\x1b[0m\n'}
[80.944435] (-) TimerEvent: {}
[80.973031] (cyclonedds) StdoutLine: {'line': b'[ 50%] \x1b[32mBuilding C object src/core/CMakeFiles/ddsc.dir/ddsi/src/q_radmin.c.o\x1b[0m\n'}
[81.044583] (-) TimerEvent: {}
[81.146247] (-) TimerEvent: {}
[81.247011] (-) TimerEvent: {}
[81.350270] (-) TimerEvent: {}
[81.427808] (unitree_go) StdoutLine: {'line': b'[ 31%] \x1b[32mBuilding CXX object CMakeFiles/unitree_go__rosidl_typesupport_fastrtps_c.dir/rosidl_typesupport_fastrtps_c/unitree_go/msg/detail/motor_cmds__type_support_c.cpp.o\x1b[0m\n'}
[81.450407] (-) TimerEvent: {}
[81.551118] (-) TimerEvent: {}
[81.655718] (-) TimerEvent: {}
[81.693694] (unitree_hg) StdoutLine: {'line': b'[ 10%] \x1b[32mBuilding CXX object CMakeFiles/unitree_hg__rosidl_typesupport_introspection_cpp.dir/rosidl_typesupport_introspection_cpp/unitree_hg/msg/detail/motor_cmd__type_support.cpp.o\x1b[0m\n'}
[81.755857] (-) TimerEvent: {}
[81.856425] (-) TimerEvent: {}
[81.957064] (-) TimerEvent: {}
[82.057667] (-) TimerEvent: {}
[82.100829] (unitree_go) StdoutLine: {'line': b'[ 31%] \x1b[32mBuilding CXX object CMakeFiles/unitree_go__rosidl_typesupport_fastrtps_c.dir/rosidl_typesupport_fastrtps_c/unitree_go/msg/detail/motor_state__type_support_c.cpp.o\x1b[0m\n'}
[82.157863] (-) TimerEvent: {}
[82.187946] (cyclonedds) StdoutLine: {'line': b'[ 50%] \x1b[32mBuilding C object src/core/CMakeFiles/ddsc.dir/ddsi/src/q_receive.c.o\x1b[0m\n'}
[82.258004] (-) TimerEvent: {}
[82.358585] (-) TimerEvent: {}
[82.403530] (unitree_hg) StdoutLine: {'line': b'[ 11%] \x1b[32mBuilding CXX object CMakeFiles/unitree_hg__rosidl_typesupport_introspection_cpp.dir/rosidl_typesupport_introspection_cpp/unitree_hg/msg/detail/motor_state__type_support.cpp.o\x1b[0m\n'}
[82.458725] (-) TimerEvent: {}
[82.559266] (-) TimerEvent: {}
[82.662239] (-) TimerEvent: {}
[82.762938] (-) TimerEvent: {}
[82.785865] (unitree_go) StdoutLine: {'line': b'[ 32%] \x1b[32mBuilding CXX object CMakeFiles/unitree_go__rosidl_typesupport_fastrtps_c.dir/rosidl_typesupport_fastrtps_c/unitree_go/msg/detail/motor_states__type_support_c.cpp.o\x1b[0m\n'}
[82.863088] (-) TimerEvent: {}
[82.963667] (-) TimerEvent: {}
[83.064271] (-) TimerEvent: {}
[83.155547] (unitree_hg) StdoutLine: {'line': b'[ 12%] \x1b[32mBuilding CXX object CMakeFiles/unitree_hg__rosidl_typesupport_introspection_cpp.dir/rosidl_typesupport_introspection_cpp/unitree_hg/msg/detail/press_sensor_state__type_support.cpp.o\x1b[0m\n'}
[83.164405] (-) TimerEvent: {}
[83.268555] (-) TimerEvent: {}
[83.374247] (-) TimerEvent: {}
[83.435961] (unitree_go) StdoutLine: {'line': b'[ 32%] \x1b[32mBuilding CXX object CMakeFiles/unitree_go__rosidl_typesupport_fastrtps_c.dir/rosidl_typesupport_fastrtps_c/unitree_go/msg/detail/path_point__type_support_c.cpp.o\x1b[0m\n'}
[83.474384] (-) TimerEvent: {}
[83.576006] (-) TimerEvent: {}
[83.681741] (-) TimerEvent: {}
[83.785590] (-) TimerEvent: {}
[83.889574] (-) TimerEvent: {}
[83.936082] (unitree_hg) StdoutLine: {'line': b'[ 13%] \x1b[32m\x1b[1mLinking CXX shared library libunitree_hg__rosidl_typesupport_introspection_cpp.so\x1b[0m\n'}
[83.989753] (-) TimerEvent: {}
[84.094808] (-) TimerEvent: {}
[84.170356] (unitree_hg) StdoutLine: {'line': b'[ 13%] Built target unitree_hg__rosidl_typesupport_introspection_cpp\n'}
[84.181734] (unitree_go) StdoutLine: {'line': b'[ 33%] \x1b[32mBuilding CXX object CMakeFiles/unitree_go__rosidl_typesupport_fastrtps_c.dir/rosidl_typesupport_fastrtps_c/unitree_go/msg/detail/req__type_support_c.cpp.o\x1b[0m\n'}
[84.194971] (-) TimerEvent: {}
[84.196361] (unitree_hg) StdoutLine: {'line': b'[ 14%] \x1b[34m\x1b[1mGenerating C++ type support dispatch for ROS interfaces\x1b[0m\n'}
[84.295224] (-) TimerEvent: {}
[84.398593] (-) TimerEvent: {}
[84.499295] (-) TimerEvent: {}
[84.600009] (-) TimerEvent: {}
[84.700713] (-) TimerEvent: {}
[84.801390] (-) TimerEvent: {}
[84.856080] (unitree_go) StdoutLine: {'line': b'[ 33%] \x1b[32mBuilding CXX object CMakeFiles/unitree_go__rosidl_typesupport_fastrtps_c.dir/rosidl_typesupport_fastrtps_c/unitree_go/msg/detail/res__type_support_c.cpp.o\x1b[0m\n'}
[84.901506] (-) TimerEvent: {}
[85.002313] (-) TimerEvent: {}
[85.067447] (cyclonedds) StdoutLine: {'line': b'[ 51%] \x1b[32mBuilding C object src/core/CMakeFiles/ddsc.dir/ddsi/src/q_sockwaitset.c.o\x1b[0m\n'}
[85.103239] (-) TimerEvent: {}
[85.203895] (-) TimerEvent: {}
[85.306751] (-) TimerEvent: {}
[85.341892] (cyclonedds) StdoutLine: {'line': b'[ 51%] \x1b[32mBuilding C object src/core/CMakeFiles/ddsc.dir/ddsi/src/q_thread.c.o\x1b[0m\n'}
[85.405877] (unitree_hg) StdoutLine: {'line': b'[ 15%] \x1b[32mBuilding CXX object CMakeFiles/unitree_hg__rosidl_typesupport_cpp.dir/rosidl_typesupport_cpp/unitree_hg/msg/bms_cmd__type_support.cpp.o\x1b[0m\n'}
[85.406830] (-) TimerEvent: {}
[85.429738] (unitree_hg) StderrLine: {'line': b'gmake[2]: *** [CMakeFiles/unitree_hg__rosidl_typesupport_cpp.dir/build.make:188: CMakeFiles/unitree_hg__rosidl_typesupport_cpp.dir/rosidl_typesupport_cpp/unitree_hg/msg/bms_cmd__type_support.cpp.o] Interrupt\n'}
[85.430191] (unitree_hg) StderrLine: {'line': b'gmake[1]: *** [CMakeFiles/Makefile2:397: CMakeFiles/unitree_hg__rosidl_typesupport_cpp.dir/all] Interrupt\n'}
[85.431700] (unitree_go) StderrLine: {'line': b'gmake[2]: *** [CMakeFiles/unitree_go__rosidl_typesupport_fastrtps_c.dir/build.make:552: CMakeFiles/unitree_go__rosidl_typesupport_fastrtps_c.dir/rosidl_typesupport_fastrtps_c/unitree_go/msg/detail/res__type_support_c.cpp.o] Interrupt\n'}
[85.436096] (unitree_hg) StderrLine: {'line': b'gmake: *** [Makefile:146: all] Interrupt\n'}
[85.438094] (unitree_go) StderrLine: {'line': b'gmake[1]: *** [CMakeFiles/Makefile2:241: CMakeFiles/unitree_go__rosidl_typesupport_fastrtps_c.dir/all] Interrupt\n'}
[85.440448] (unitree_go) StderrLine: {'line': b'gmake: *** [Makefile:146: all] Interrupt\n'}
[85.442529] (cyclonedds) StderrLine: {'line': b'gmake[2]: *** [src/core/CMakeFiles/ddsc.dir/build.make:958: src/core/CMakeFiles/ddsc.dir/ddsi/src/q_thread.c.o] Interrupt\n'}
[85.444041] (cyclonedds) StderrLine: {'line': b'gmake[1]: *** [CMakeFiles/Makefile2:675: src/core/CMakeFiles/ddsc.dir/all] Interrupt\n'}
[85.445050] (cyclonedds) StderrLine: {'line': b'gmake: *** [Makefile:156: all] Interrupt\n'}
[85.445723] (cyclonedds) JobEnded: {'identifier': 'cyclonedds', 'rc': 'SIGINT'}
[85.446531] (unitree_hg) JobEnded: {'identifier': 'unitree_hg', 'rc': 'SIGINT'}
[85.447205] (unitree_go) JobEnded: {'identifier': 'unitree_go', 'rc': 'SIGINT'}
[85.457108] (rmw_cyclonedds_cpp) JobSkipped: {'identifier': 'rmw_cyclonedds_cpp'}
[85.457462] (stand_go2) JobSkipped: {'identifier': 'stand_go2'}
[85.457551] (unitree_ros2_example) JobSkipped: {'identifier': 'unitree_ros2_example'}
[85.457584] (unitree_legged_real) JobSkipped: {'identifier': 'unitree_legged_real'}
[85.457615] (-) EventReactorShutdown: {}
