[0.000000] (-) TimerEvent: {}
[0.000967] (-) JobUnselected: {'identifier': 'unitree_mujoco'}
[0.001830] (cyclonedds) JobQueued: {'identifier': 'cyclonedds', 'dependencies': OrderedDict()}
[0.002037] (ros2_unitree_legged_msgs) JobQueued: {'identifier': 'ros2_unitree_legged_msgs', 'dependencies': OrderedDict()}
[0.002087] (unitree_api) JobQueued: {'identifier': 'unitree_api', 'dependencies': OrderedDict()}
[0.002113] (unitree_go) JobQueued: {'identifier': 'unitree_go', 'dependencies': OrderedDict()}
[0.002138] (unitree_hg) JobQueued: {'identifier': 'unitree_hg', 'dependencies': OrderedDict()}
[0.002161] (rmw_cyclonedds_cpp) JobQueued: {'identifier': 'rmw_cyclonedds_cpp', 'dependencies': OrderedDict([('cyclonedds', '/ws/install/cyclonedds')])}
[0.002192] (stand_go2) JobQueued: {'identifier': 'stand_go2', 'dependencies': OrderedDict([('unitree_api', '/ws/install/unitree_api'), ('unitree_go', '/ws/install/unitree_go')])}
[0.002220] (unitree_rl_controller) JobQueued: {'identifier': 'unitree_rl_controller', 'dependencies': OrderedDict([('ros2_unitree_legged_msgs', '/ws/install/ros2_unitree_legged_msgs')])}
[0.002248] (unitree_ros2_example) JobQueued: {'identifier': 'unitree_ros2_example', 'dependencies': OrderedDict([('unitree_api', '/ws/install/unitree_api'), ('unitree_go', '/ws/install/unitree_go'), ('unitree_hg', '/ws/install/unitree_hg')])}
[0.002274] (unitree_legged_real) JobQueued: {'identifier': 'unitree_legged_real', 'dependencies': OrderedDict([('ros2_unitree_legged_msgs', '/ws/install/ros2_unitree_legged_msgs'), ('unitree_api', '/ws/install/unitree_api'), ('unitree_go', '/ws/install/unitree_go'), ('unitree_rl_controller', '/ws/install/unitree_rl_controller')])}
[0.002334] (unitree_api) JobStarted: {'identifier': 'unitree_api'}
[0.019806] (unitree_go) JobStarted: {'identifier': 'unitree_go'}
[0.031015] (ros2_unitree_legged_msgs) JobStarted: {'identifier': 'ros2_unitree_legged_msgs'}
[0.038271] (cyclonedds) JobStarted: {'identifier': 'cyclonedds'}
[0.048864] (unitree_api) JobProgress: {'identifier': 'unitree_api', 'progress': 'cmake'}
[0.051428] (unitree_api) JobProgress: {'identifier': 'unitree_api', 'progress': 'build'}
[0.052947] (unitree_api) Command: {'cmd': ['/usr/bin/cmake', '--build', '/ws/build/unitree_api', '--', '-j4', '-l4'], 'cwd': '/ws/build/unitree_api', 'env': OrderedDict([('HOSTNAME', 'pi'), ('SHLVL', '1'), ('LD_LIBRARY_PATH', '/ws/libtorch/lib:/opt/ros/humble/lib/aarch64-linux-gnu:/opt/ros/humble/lib'), ('HOME', '/root'), ('OLDPWD', '/'), ('ROS_PYTHON_VERSION', '3'), ('ROS_DISTRO', 'humble'), ('_', '/usr/bin/colcon'), ('ROS_VERSION', '2'), ('TERM', 'xterm'), ('ROS_LOCALHOST_ONLY', '0'), ('PATH', '/opt/ros/humble/bin:/usr/local/sbin:/usr/local/bin:/usr/sbin:/usr/bin:/sbin:/bin'), ('LANG', 'C.UTF-8'), ('LS_COLORS', 'rs=0:di=01;34:ln=01;36:mh=00:pi=40;33:so=01;35:do=01;35:bd=40;33;01:cd=40;33;01:or=40;31;01:mi=00:su=37;41:sg=30;43:ca=30;41:tw=30;42:ow=34;42:st=37;44:ex=01;32:*.tar=01;31:*.tgz=01;31:*.arc=01;31:*.arj=01;31:*.taz=01;31:*.lha=01;31:*.lz4=01;31:*.lzh=01;31:*.lzma=01;31:*.tlz=01;31:*.txz=01;31:*.tzo=01;31:*.t7z=01;31:*.zip=01;31:*.z=01;31:*.dz=01;31:*.gz=01;31:*.lrz=01;31:*.lz=01;31:*.lzo=01;31:*.xz=01;31:*.zst=01;31:*.tzst=01;31:*.bz2=01;31:*.bz=01;31:*.tbz=01;31:*.tbz2=01;31:*.tz=01;31:*.deb=01;31:*.rpm=01;31:*.jar=01;31:*.war=01;31:*.ear=01;31:*.sar=01;31:*.rar=01;31:*.alz=01;31:*.ace=01;31:*.zoo=01;31:*.cpio=01;31:*.7z=01;31:*.rz=01;31:*.cab=01;31:*.wim=01;31:*.swm=01;31:*.dwm=01;31:*.esd=01;31:*.jpg=01;35:*.jpeg=01;35:*.mjpg=01;35:*.mjpeg=01;35:*.gif=01;35:*.bmp=01;35:*.pbm=01;35:*.pgm=01;35:*.ppm=01;35:*.tga=01;35:*.xbm=01;35:*.xpm=01;35:*.tif=01;35:*.tiff=01;35:*.png=01;35:*.svg=01;35:*.svgz=01;35:*.mng=01;35:*.pcx=01;35:*.mov=01;35:*.mpg=01;35:*.mpeg=01;35:*.m2v=01;35:*.mkv=01;35:*.webm=01;35:*.webp=01;35:*.ogm=01;35:*.mp4=01;35:*.m4v=01;35:*.mp4v=01;35:*.vob=01;35:*.qt=01;35:*.nuv=01;35:*.wmv=01;35:*.asf=01;35:*.rm=01;35:*.rmvb=01;35:*.flc=01;35:*.avi=01;35:*.fli=01;35:*.flv=01;35:*.gl=01;35:*.dl=01;35:*.xcf=01;35:*.xwd=01;35:*.yuv=01;35:*.cgm=01;35:*.emf=01;35:*.ogv=01;35:*.ogx=01;35:*.aac=00;36:*.au=00;36:*.flac=00;36:*.m4a=00;36:*.mid=00;36:*.midi=00;36:*.mka=00;36:*.mp3=00;36:*.mpc=00;36:*.ogg=00;36:*.ra=00;36:*.wav=00;36:*.oga=00;36:*.opus=00;36:*.spx=00;36:*.xspf=00;36:'), ('AMENT_PREFIX_PATH', '/opt/ros/humble'), ('DEBIAN_FRONTEND', 'noninteractive'), ('Torch_DIR', '/ws/libtorch/share/cmake/Torch'), ('PWD', '/ws/build/unitree_api'), ('LC_ALL', 'C.UTF-8'), ('PYTHONPATH', '/opt/ros/humble/lib/python3.10/site-packages:/opt/ros/humble/local/lib/python3.10/dist-packages'), ('COLCON', '1'), ('CMAKE_PREFIX_PATH', '/ws/libtorch::/opt/ros/humble')]), 'shell': False}
[0.058011] (unitree_go) JobProgress: {'identifier': 'unitree_go', 'progress': 'cmake'}
[0.060008] (unitree_go) JobProgress: {'identifier': 'unitree_go', 'progress': 'build'}
[0.061366] (unitree_go) Command: {'cmd': ['/usr/bin/cmake', '--build', '/ws/build/unitree_go', '--', '-j4', '-l4'], 'cwd': '/ws/build/unitree_go', 'env': OrderedDict([('HOSTNAME', 'pi'), ('SHLVL', '1'), ('LD_LIBRARY_PATH', '/ws/libtorch/lib:/opt/ros/humble/lib/aarch64-linux-gnu:/opt/ros/humble/lib'), ('HOME', '/root'), ('OLDPWD', '/'), ('ROS_PYTHON_VERSION', '3'), ('ROS_DISTRO', 'humble'), ('_', '/usr/bin/colcon'), ('ROS_VERSION', '2'), ('TERM', 'xterm'), ('ROS_LOCALHOST_ONLY', '0'), ('PATH', '/opt/ros/humble/bin:/usr/local/sbin:/usr/local/bin:/usr/sbin:/usr/bin:/sbin:/bin'), ('LANG', 'C.UTF-8'), ('LS_COLORS', 'rs=0:di=01;34:ln=01;36:mh=00:pi=40;33:so=01;35:do=01;35:bd=40;33;01:cd=40;33;01:or=40;31;01:mi=00:su=37;41:sg=30;43:ca=30;41:tw=30;42:ow=34;42:st=37;44:ex=01;32:*.tar=01;31:*.tgz=01;31:*.arc=01;31:*.arj=01;31:*.taz=01;31:*.lha=01;31:*.lz4=01;31:*.lzh=01;31:*.lzma=01;31:*.tlz=01;31:*.txz=01;31:*.tzo=01;31:*.t7z=01;31:*.zip=01;31:*.z=01;31:*.dz=01;31:*.gz=01;31:*.lrz=01;31:*.lz=01;31:*.lzo=01;31:*.xz=01;31:*.zst=01;31:*.tzst=01;31:*.bz2=01;31:*.bz=01;31:*.tbz=01;31:*.tbz2=01;31:*.tz=01;31:*.deb=01;31:*.rpm=01;31:*.jar=01;31:*.war=01;31:*.ear=01;31:*.sar=01;31:*.rar=01;31:*.alz=01;31:*.ace=01;31:*.zoo=01;31:*.cpio=01;31:*.7z=01;31:*.rz=01;31:*.cab=01;31:*.wim=01;31:*.swm=01;31:*.dwm=01;31:*.esd=01;31:*.jpg=01;35:*.jpeg=01;35:*.mjpg=01;35:*.mjpeg=01;35:*.gif=01;35:*.bmp=01;35:*.pbm=01;35:*.pgm=01;35:*.ppm=01;35:*.tga=01;35:*.xbm=01;35:*.xpm=01;35:*.tif=01;35:*.tiff=01;35:*.png=01;35:*.svg=01;35:*.svgz=01;35:*.mng=01;35:*.pcx=01;35:*.mov=01;35:*.mpg=01;35:*.mpeg=01;35:*.m2v=01;35:*.mkv=01;35:*.webm=01;35:*.webp=01;35:*.ogm=01;35:*.mp4=01;35:*.m4v=01;35:*.mp4v=01;35:*.vob=01;35:*.qt=01;35:*.nuv=01;35:*.wmv=01;35:*.asf=01;35:*.rm=01;35:*.rmvb=01;35:*.flc=01;35:*.avi=01;35:*.fli=01;35:*.flv=01;35:*.gl=01;35:*.dl=01;35:*.xcf=01;35:*.xwd=01;35:*.yuv=01;35:*.cgm=01;35:*.emf=01;35:*.ogv=01;35:*.ogx=01;35:*.aac=00;36:*.au=00;36:*.flac=00;36:*.m4a=00;36:*.mid=00;36:*.midi=00;36:*.mka=00;36:*.mp3=00;36:*.mpc=00;36:*.ogg=00;36:*.ra=00;36:*.wav=00;36:*.oga=00;36:*.opus=00;36:*.spx=00;36:*.xspf=00;36:'), ('AMENT_PREFIX_PATH', '/opt/ros/humble'), ('DEBIAN_FRONTEND', 'noninteractive'), ('Torch_DIR', '/ws/libtorch/share/cmake/Torch'), ('PWD', '/ws/build/unitree_go'), ('LC_ALL', 'C.UTF-8'), ('PYTHONPATH', '/opt/ros/humble/lib/python3.10/site-packages:/opt/ros/humble/local/lib/python3.10/dist-packages'), ('COLCON', '1'), ('CMAKE_PREFIX_PATH', '/ws/libtorch::/opt/ros/humble')]), 'shell': False}
[0.067020] (ros2_unitree_legged_msgs) JobProgress: {'identifier': 'ros2_unitree_legged_msgs', 'progress': 'cmake'}
[0.068699] (ros2_unitree_legged_msgs) JobProgress: {'identifier': 'ros2_unitree_legged_msgs', 'progress': 'build'}
[0.070339] (ros2_unitree_legged_msgs) Command: {'cmd': ['/usr/bin/cmake', '--build', '/ws/build/ros2_unitree_legged_msgs', '--', '-j4', '-l4'], 'cwd': '/ws/build/ros2_unitree_legged_msgs', 'env': OrderedDict([('HOSTNAME', 'pi'), ('SHLVL', '1'), ('LD_LIBRARY_PATH', '/ws/libtorch/lib:/opt/ros/humble/lib/aarch64-linux-gnu:/opt/ros/humble/lib'), ('HOME', '/root'), ('OLDPWD', '/'), ('ROS_PYTHON_VERSION', '3'), ('ROS_DISTRO', 'humble'), ('_', '/usr/bin/colcon'), ('ROS_VERSION', '2'), ('TERM', 'xterm'), ('ROS_LOCALHOST_ONLY', '0'), ('PATH', '/opt/ros/humble/bin:/usr/local/sbin:/usr/local/bin:/usr/sbin:/usr/bin:/sbin:/bin'), ('LANG', 'C.UTF-8'), ('LS_COLORS', 'rs=0:di=01;34:ln=01;36:mh=00:pi=40;33:so=01;35:do=01;35:bd=40;33;01:cd=40;33;01:or=40;31;01:mi=00:su=37;41:sg=30;43:ca=30;41:tw=30;42:ow=34;42:st=37;44:ex=01;32:*.tar=01;31:*.tgz=01;31:*.arc=01;31:*.arj=01;31:*.taz=01;31:*.lha=01;31:*.lz4=01;31:*.lzh=01;31:*.lzma=01;31:*.tlz=01;31:*.txz=01;31:*.tzo=01;31:*.t7z=01;31:*.zip=01;31:*.z=01;31:*.dz=01;31:*.gz=01;31:*.lrz=01;31:*.lz=01;31:*.lzo=01;31:*.xz=01;31:*.zst=01;31:*.tzst=01;31:*.bz2=01;31:*.bz=01;31:*.tbz=01;31:*.tbz2=01;31:*.tz=01;31:*.deb=01;31:*.rpm=01;31:*.jar=01;31:*.war=01;31:*.ear=01;31:*.sar=01;31:*.rar=01;31:*.alz=01;31:*.ace=01;31:*.zoo=01;31:*.cpio=01;31:*.7z=01;31:*.rz=01;31:*.cab=01;31:*.wim=01;31:*.swm=01;31:*.dwm=01;31:*.esd=01;31:*.jpg=01;35:*.jpeg=01;35:*.mjpg=01;35:*.mjpeg=01;35:*.gif=01;35:*.bmp=01;35:*.pbm=01;35:*.pgm=01;35:*.ppm=01;35:*.tga=01;35:*.xbm=01;35:*.xpm=01;35:*.tif=01;35:*.tiff=01;35:*.png=01;35:*.svg=01;35:*.svgz=01;35:*.mng=01;35:*.pcx=01;35:*.mov=01;35:*.mpg=01;35:*.mpeg=01;35:*.m2v=01;35:*.mkv=01;35:*.webm=01;35:*.webp=01;35:*.ogm=01;35:*.mp4=01;35:*.m4v=01;35:*.mp4v=01;35:*.vob=01;35:*.qt=01;35:*.nuv=01;35:*.wmv=01;35:*.asf=01;35:*.rm=01;35:*.rmvb=01;35:*.flc=01;35:*.avi=01;35:*.fli=01;35:*.flv=01;35:*.gl=01;35:*.dl=01;35:*.xcf=01;35:*.xwd=01;35:*.yuv=01;35:*.cgm=01;35:*.emf=01;35:*.ogv=01;35:*.ogx=01;35:*.aac=00;36:*.au=00;36:*.flac=00;36:*.m4a=00;36:*.mid=00;36:*.midi=00;36:*.mka=00;36:*.mp3=00;36:*.mpc=00;36:*.ogg=00;36:*.ra=00;36:*.wav=00;36:*.oga=00;36:*.opus=00;36:*.spx=00;36:*.xspf=00;36:'), ('AMENT_PREFIX_PATH', '/opt/ros/humble'), ('DEBIAN_FRONTEND', 'noninteractive'), ('Torch_DIR', '/ws/libtorch/share/cmake/Torch'), ('PWD', '/ws/build/ros2_unitree_legged_msgs'), ('LC_ALL', 'C.UTF-8'), ('PYTHONPATH', '/opt/ros/humble/lib/python3.10/site-packages:/opt/ros/humble/local/lib/python3.10/dist-packages'), ('COLCON', '1'), ('CMAKE_PREFIX_PATH', '/ws/libtorch::/opt/ros/humble')]), 'shell': False}
[0.081638] (cyclonedds) JobProgress: {'identifier': 'cyclonedds', 'progress': 'cmake'}
[0.086039] (cyclonedds) JobProgress: {'identifier': 'cyclonedds', 'progress': 'build'}
[0.090228] (cyclonedds) Command: {'cmd': ['/usr/bin/cmake', '--build', '/ws/build/cyclonedds', '--', '-j4', '-l4'], 'cwd': '/ws/build/cyclonedds', 'env': OrderedDict([('HOSTNAME', 'pi'), ('SHLVL', '1'), ('LD_LIBRARY_PATH', '/ws/libtorch/lib:/opt/ros/humble/lib/aarch64-linux-gnu:/opt/ros/humble/lib'), ('HOME', '/root'), ('OLDPWD', '/'), ('ROS_PYTHON_VERSION', '3'), ('ROS_DISTRO', 'humble'), ('_', '/usr/bin/colcon'), ('ROS_VERSION', '2'), ('TERM', 'xterm'), ('ROS_LOCALHOST_ONLY', '0'), ('PATH', '/opt/ros/humble/bin:/usr/local/sbin:/usr/local/bin:/usr/sbin:/usr/bin:/sbin:/bin'), ('LANG', 'C.UTF-8'), ('LS_COLORS', 'rs=0:di=01;34:ln=01;36:mh=00:pi=40;33:so=01;35:do=01;35:bd=40;33;01:cd=40;33;01:or=40;31;01:mi=00:su=37;41:sg=30;43:ca=30;41:tw=30;42:ow=34;42:st=37;44:ex=01;32:*.tar=01;31:*.tgz=01;31:*.arc=01;31:*.arj=01;31:*.taz=01;31:*.lha=01;31:*.lz4=01;31:*.lzh=01;31:*.lzma=01;31:*.tlz=01;31:*.txz=01;31:*.tzo=01;31:*.t7z=01;31:*.zip=01;31:*.z=01;31:*.dz=01;31:*.gz=01;31:*.lrz=01;31:*.lz=01;31:*.lzo=01;31:*.xz=01;31:*.zst=01;31:*.tzst=01;31:*.bz2=01;31:*.bz=01;31:*.tbz=01;31:*.tbz2=01;31:*.tz=01;31:*.deb=01;31:*.rpm=01;31:*.jar=01;31:*.war=01;31:*.ear=01;31:*.sar=01;31:*.rar=01;31:*.alz=01;31:*.ace=01;31:*.zoo=01;31:*.cpio=01;31:*.7z=01;31:*.rz=01;31:*.cab=01;31:*.wim=01;31:*.swm=01;31:*.dwm=01;31:*.esd=01;31:*.jpg=01;35:*.jpeg=01;35:*.mjpg=01;35:*.mjpeg=01;35:*.gif=01;35:*.bmp=01;35:*.pbm=01;35:*.pgm=01;35:*.ppm=01;35:*.tga=01;35:*.xbm=01;35:*.xpm=01;35:*.tif=01;35:*.tiff=01;35:*.png=01;35:*.svg=01;35:*.svgz=01;35:*.mng=01;35:*.pcx=01;35:*.mov=01;35:*.mpg=01;35:*.mpeg=01;35:*.m2v=01;35:*.mkv=01;35:*.webm=01;35:*.webp=01;35:*.ogm=01;35:*.mp4=01;35:*.m4v=01;35:*.mp4v=01;35:*.vob=01;35:*.qt=01;35:*.nuv=01;35:*.wmv=01;35:*.asf=01;35:*.rm=01;35:*.rmvb=01;35:*.flc=01;35:*.avi=01;35:*.fli=01;35:*.flv=01;35:*.gl=01;35:*.dl=01;35:*.xcf=01;35:*.xwd=01;35:*.yuv=01;35:*.cgm=01;35:*.emf=01;35:*.ogv=01;35:*.ogx=01;35:*.aac=00;36:*.au=00;36:*.flac=00;36:*.m4a=00;36:*.mid=00;36:*.midi=00;36:*.mka=00;36:*.mp3=00;36:*.mpc=00;36:*.ogg=00;36:*.ra=00;36:*.wav=00;36:*.oga=00;36:*.opus=00;36:*.spx=00;36:*.xspf=00;36:'), ('AMENT_PREFIX_PATH', '/opt/ros/humble'), ('DEBIAN_FRONTEND', 'noninteractive'), ('Torch_DIR', '/ws/libtorch/share/cmake/Torch'), ('PWD', '/ws/build/cyclonedds'), ('LC_ALL', 'C.UTF-8'), ('PYTHONPATH', '/opt/ros/humble/lib/python3.10/site-packages:/opt/ros/humble/local/lib/python3.10/dist-packages'), ('COLCON', '1'), ('CMAKE_PREFIX_PATH', '/ws/libtorch::/opt/ros/humble')]), 'shell': False}
[0.099672] (-) TimerEvent: {}
[0.203573] (-) TimerEvent: {}
[0.249328] (unitree_api) StdoutLine: {'line': b'[  1%] Built target unitree_api__dds_connext_idl\n'}
[0.313609] (-) TimerEvent: {}
[0.393449] (cyclonedds) StdoutLine: {'line': b'[ 15%] Built target ddsrt-internal\n'}
[0.420589] (cyclonedds) StdoutLine: {'line': b'[ 15%] Built target _confgen\n'}
[0.420944] (-) TimerEvent: {}
[0.421174] (unitree_api) StdoutLine: {'line': b'[  2%] Built target unitree_api__cpp\n'}
[0.425825] (unitree_go) StdoutLine: {'line': b'[  0%] Built target ament_cmake_python_copy_unitree_go\n'}
[0.426724] (unitree_go) StdoutLine: {'line': b'[  0%] Built target unitree_go__dds_connext_idl\n'}
[0.457222] (ros2_unitree_legged_msgs) StdoutLine: {'line': b'[  0%] Built target ros2_unitree_legged_msgs__cpp\n'}
[0.477722] (unitree_api) StdoutLine: {'line': b'[ 13%] Built target unitree_api__rosidl_generator_c\n'}
[0.478144] (unitree_go) StdoutLine: {'line': b'[  0%] Built target unitree_go__cpp\n'}
[0.478344] (cyclonedds) StdoutLine: {'line': b'[ 19%] Built target idlpp\n'}
[0.478563] (cyclonedds) StdoutLine: {'line': b'[ 27%] Built target idl\n'}
[0.478712] (ros2_unitree_legged_msgs) StdoutLine: {'line': b'[ 12%] Built target ros2_unitree_legged_msgs__rosidl_generator_c\n'}
[0.483851] (unitree_go) StdoutLine: {'line': b'[ 12%] Built target unitree_go__rosidl_generator_c\n'}
[0.521085] (-) TimerEvent: {}
[0.623583] (-) TimerEvent: {}
[0.684224] (unitree_go) StdoutLine: {'line': b'\x1b[35m\x1b[1mConsolidate compiler generated dependencies of target unitree_go__rosidl_typesupport_fastrtps_c\x1b[0m\n'}
[0.684810] (unitree_go) StdoutLine: {'line': b'\x1b[35m\x1b[1mConsolidate compiler generated dependencies of target unitree_go__rosidl_typesupport_c\x1b[0m\n'}
[0.710587] (unitree_go) StdoutLine: {'line': b'\x1b[35m\x1b[1mConsolidate compiler generated dependencies of target unitree_go__rosidl_typesupport_introspection_c\x1b[0m\n'}
[0.721771] (ros2_unitree_legged_msgs) StdoutLine: {'line': b'[ 12%] Built target ament_cmake_python_copy_ros2_unitree_legged_msgs\n'}
[0.722072] (unitree_api) StdoutLine: {'line': b'[ 25%] Built target unitree_api__rosidl_typesupport_fastrtps_cpp\n'}
[0.734575] (unitree_api) StdoutLine: {'line': b'[ 36%] Built target unitree_api__rosidl_typesupport_cpp\n'}
[0.734908] (-) TimerEvent: {}
[0.735135] (ros2_unitree_legged_msgs) StdoutLine: {'line': b'[ 24%] Built target ros2_unitree_legged_msgs__rosidl_typesupport_cpp\n'}
[0.783597] (unitree_api) StdoutLine: {'line': b'[ 47%] Built target unitree_api__rosidl_typesupport_introspection_cpp\n'}
[0.800957] (ros2_unitree_legged_msgs) StdoutLine: {'line': b'[ 35%] Built target ros2_unitree_legged_msgs__rosidl_typesupport_fastrtps_cpp\n'}
[0.801297] (unitree_go) StdoutLine: {'line': b'[ 24%] Built target unitree_go__rosidl_typesupport_c\n'}
[0.816520] (unitree_go) StdoutLine: {'line': b'[ 36%] Built target unitree_go__rosidl_typesupport_fastrtps_c\n'}
[0.827865] (unitree_api) StdoutLine: {'line': b'[ 47%] Built target ament_cmake_python_copy_unitree_api\n'}
[0.828221] (cyclonedds) StdoutLine: {'line': b'\x1b[35m\x1b[1mConsolidate compiler generated dependencies of target ddsc\x1b[0m\n'}
[0.828451] (unitree_go) StdoutLine: {'line': b'[ 48%] Built target unitree_go__rosidl_typesupport_introspection_c\n'}
[0.836749] (-) TimerEvent: {}
[0.876266] (ros2_unitree_legged_msgs) StdoutLine: {'line': b'[ 47%] Built target ros2_unitree_legged_msgs__rosidl_typesupport_introspection_cpp\n'}
[0.889576] (ros2_unitree_legged_msgs) StdoutLine: {'line': b'[ 59%] Built target ros2_unitree_legged_msgs__rosidl_typesupport_introspection_c\n'}
[0.912923] (unitree_api) StdoutLine: {'line': b'[ 59%] Built target unitree_api__rosidl_typesupport_c\n'}
[0.939554] (unitree_go) StdoutLine: {'line': b'\x1b[35m\x1b[1mConsolidate compiler generated dependencies of target unitree_go__rosidl_typesupport_fastrtps_cpp\x1b[0m\n'}
[0.939852] (-) TimerEvent: {}
[0.948252] (unitree_api) StdoutLine: {'line': b'[ 70%] Built target unitree_api__rosidl_typesupport_fastrtps_c\n'}
[0.957689] (ros2_unitree_legged_msgs) StdoutLine: {'line': b'[ 71%] Built target ros2_unitree_legged_msgs__rosidl_typesupport_fastrtps_c\n'}
[0.987459] (unitree_api) StdoutLine: {'line': b'[ 81%] Built target unitree_api__rosidl_typesupport_introspection_c\n'}
[0.990764] (unitree_go) StdoutLine: {'line': b'\x1b[35m\x1b[1mConsolidate compiler generated dependencies of target unitree_go__rosidl_typesupport_introspection_cpp\x1b[0m\n'}
[1.042572] (-) TimerEvent: {}
[1.051623] (ros2_unitree_legged_msgs) StdoutLine: {'line': b'[ 83%] Built target ros2_unitree_legged_msgs__rosidl_typesupport_c\n'}
[1.061326] (unitree_go) StdoutLine: {'line': b'[ 61%] Built target unitree_go__rosidl_typesupport_cpp\n'}
[1.102106] (unitree_api) StdoutLine: {'line': b'[ 81%] Built target unitree_api\n'}
[1.139192] (unitree_go) StdoutLine: {'line': b'[ 74%] Built target unitree_go__rosidl_typesupport_introspection_cpp\n'}
[1.142937] (-) TimerEvent: {}
[1.185933] (unitree_go) StdoutLine: {'line': b'[ 87%] Built target unitree_go__rosidl_typesupport_fastrtps_cpp\n'}
[1.196870] (ros2_unitree_legged_msgs) StdoutLine: {'line': b'[ 83%] Built target ros2_unitree_legged_msgs\n'}
[1.243079] (-) TimerEvent: {}
[1.302580] (unitree_api) StdoutLine: {'line': b'[ 82%] Built target unitree_api__py\n'}
[1.320651] (unitree_go) StdoutLine: {'line': b'[ 87%] Built target unitree_go\n'}
[1.343760] (-) TimerEvent: {}
[1.413684] (ros2_unitree_legged_msgs) StdoutLine: {'line': b'[ 84%] Built target ros2_unitree_legged_msgs__py\n'}
[1.428330] (unitree_go) StdoutLine: {'line': b'[ 88%] Built target unitree_go__py\n'}
[1.435429] (unitree_api) StdoutLine: {'line': b'[ 93%] Built target unitree_api__rosidl_generator_py\n'}
[1.443892] (-) TimerEvent: {}
[1.457245] (cyclonedds) StdoutLine: {'line': b'[ 87%] Built target ddsc\n'}
[1.546567] (-) TimerEvent: {}
[1.574558] (cyclonedds) StdoutLine: {'line': b'\x1b[35m\x1b[1mConsolidate compiler generated dependencies of target dds_security_crypto\x1b[0m\n'}
[1.574952] (unitree_go) StdoutLine: {'line': b'\x1b[35m\x1b[1mConsolidate compiler generated dependencies of target unitree_go__rosidl_generator_py\x1b[0m\n'}
[1.588638] (unitree_api) StdoutLine: {'line': b'[ 95%] Built target unitree_api__rosidl_typesupport_fastrtps_c__pyext\n'}
[1.626862] (unitree_api) StdoutLine: {'line': b'[ 97%] Built target unitree_api__rosidl_typesupport_introspection_c__pyext\n'}
[1.635049] (cyclonedds) StdoutLine: {'line': b'\x1b[35m\x1b[1mConsolidate compiler generated dependencies of target idlc\x1b[0m\n'}
[1.641253] (ros2_unitree_legged_msgs) StdoutLine: {'line': b'[ 95%] Built target ros2_unitree_legged_msgs__rosidl_generator_py\n'}
[1.646693] (-) TimerEvent: {}
[1.647997] (unitree_go) StdoutLine: {'line': b'running egg_info\n'}
[1.651501] (cyclonedds) StdoutLine: {'line': b'\x1b[35m\x1b[1mConsolidate compiler generated dependencies of target dds_security_ac\x1b[0m\n'}
[1.651778] (unitree_go) StdoutLine: {'line': b'writing unitree_go.egg-info/PKG-INFO\n'}
[1.657270] (unitree_api) StdoutLine: {'line': b'[100%] Built target unitree_api__rosidl_typesupport_c__pyext\n'}
[1.657585] (unitree_go) StdoutLine: {'line': b'writing dependency_links to unitree_go.egg-info/dependency_links.txt\n'}
[1.657706] (unitree_go) StdoutLine: {'line': b'writing top-level names to unitree_go.egg-info/top_level.txt\n'}
[1.665931] (cyclonedds) StdoutLine: {'line': b'\x1b[35m\x1b[1mConsolidate compiler generated dependencies of target dds_security_auth\x1b[0m\n'}
[1.671877] (unitree_go) StdoutLine: {'line': b"reading manifest file 'unitree_go.egg-info/SOURCES.txt'\n"}
[1.683493] (unitree_go) StdoutLine: {'line': b"writing manifest file 'unitree_go.egg-info/SOURCES.txt'\n"}
[1.685491] (cyclonedds) StdoutLine: {'line': b'[ 91%] Built target dds_security_crypto\n'}
[1.745086] (unitree_api) StdoutLine: {'line': b'running egg_info\n'}
[1.746798] (-) TimerEvent: {}
[1.747687] (unitree_api) StdoutLine: {'line': b'writing unitree_api.egg-info/PKG-INFO\n'}
[1.752667] (unitree_api) StdoutLine: {'line': b'writing dependency_links to unitree_api.egg-info/dependency_links.txt\n'}
[1.757588] (unitree_api) StdoutLine: {'line': b'writing top-level names to unitree_api.egg-info/top_level.txt\n'}
[1.773338] (unitree_api) StdoutLine: {'line': b"reading manifest file 'unitree_api.egg-info/SOURCES.txt'\n"}
[1.777208] (unitree_api) StdoutLine: {'line': b"writing manifest file 'unitree_api.egg-info/SOURCES.txt'\n"}
[1.787047] (cyclonedds) StdoutLine: {'line': b'[ 94%] Built target idlc\n'}
[1.803223] (unitree_go) StdoutLine: {'line': b'[100%] Built target unitree_go__rosidl_generator_py\n'}
[1.831627] (ros2_unitree_legged_msgs) StdoutLine: {'line': b'[ 96%] Built target ros2_unitree_legged_msgs__rosidl_typesupport_c__pyext\n'}
[1.846983] (-) TimerEvent: {}
[1.859074] (ros2_unitree_legged_msgs) StdoutLine: {'line': b'[ 98%] Built target ros2_unitree_legged_msgs__rosidl_typesupport_fastrtps_c__pyext\n'}
[1.859517] (ros2_unitree_legged_msgs) StdoutLine: {'line': b'[100%] Built target ros2_unitree_legged_msgs__rosidl_typesupport_introspection_c__pyext\n'}
[1.859673] (cyclonedds) StdoutLine: {'line': b'[ 96%] Built target dds_security_ac\n'}
[1.868376] (cyclonedds) StdoutLine: {'line': b'[ 97%] Built target dds_security_auth\n'}
[1.897575] (unitree_go) StdoutLine: {'line': b'\x1b[35m\x1b[1mConsolidate compiler generated dependencies of target unitree_go__rosidl_typesupport_c__pyext\x1b[0m\n'}
[1.897910] (unitree_go) StdoutLine: {'line': b'[100%] Built target ament_cmake_python_build_unitree_go_egg\n'}
[1.901306] (unitree_go) StdoutLine: {'line': b'\x1b[35m\x1b[1mConsolidate compiler generated dependencies of target unitree_go__rosidl_typesupport_introspection_c__pyext\x1b[0m\n'}
[1.913894] (unitree_go) StdoutLine: {'line': b'\x1b[35m\x1b[1mConsolidate compiler generated dependencies of target unitree_go__rosidl_typesupport_fastrtps_c__pyext\x1b[0m\n'}
[1.930896] (cyclonedds) StdoutLine: {'line': b'[ 97%] Built target ddsperf_types_generate\n'}
[1.940738] (unitree_api) StdoutLine: {'line': b'[100%] Built target ament_cmake_python_build_unitree_api_egg\n'}
[1.947098] (-) TimerEvent: {}
[1.961455] (unitree_go) StdoutLine: {'line': b'[100%] Built target unitree_go__rosidl_typesupport_c__pyext\n'}
[1.968323] (unitree_go) StdoutLine: {'line': b'[100%] Built target unitree_go__rosidl_typesupport_introspection_c__pyext\n'}
[1.984286] (cyclonedds) StdoutLine: {'line': b'\x1b[35m\x1b[1mConsolidate compiler generated dependencies of target ddsperf\x1b[0m\n'}
[1.985167] (ros2_unitree_legged_msgs) StdoutLine: {'line': b'running egg_info\n'}
[1.986614] (ros2_unitree_legged_msgs) StdoutLine: {'line': b'writing ros2_unitree_legged_msgs.egg-info/PKG-INFO\n'}
[1.988934] (ros2_unitree_legged_msgs) StdoutLine: {'line': b'writing dependency_links to ros2_unitree_legged_msgs.egg-info/dependency_links.txt\n'}
[1.989899] (ros2_unitree_legged_msgs) StdoutLine: {'line': b'writing top-level names to ros2_unitree_legged_msgs.egg-info/top_level.txt\n'}
[1.990451] (unitree_go) StdoutLine: {'line': b'[100%] Built target unitree_go__rosidl_typesupport_fastrtps_c__pyext\n'}
[1.993296] (unitree_api) CommandEnded: {'returncode': 0}
[1.995293] (unitree_api) JobProgress: {'identifier': 'unitree_api', 'progress': 'install'}
[1.995640] (ros2_unitree_legged_msgs) StdoutLine: {'line': b"reading manifest file 'ros2_unitree_legged_msgs.egg-info/SOURCES.txt'\n"}
[2.002602] (ros2_unitree_legged_msgs) StdoutLine: {'line': b"writing manifest file 'ros2_unitree_legged_msgs.egg-info/SOURCES.txt'\n"}
[2.015093] (cyclonedds) StdoutLine: {'line': b'[100%] Built target ddsperf\n'}
[2.018128] (unitree_api) Command: {'cmd': ['/usr/bin/cmake', '--install', '/ws/build/unitree_api'], 'cwd': '/ws/build/unitree_api', 'env': OrderedDict([('HOSTNAME', 'pi'), ('SHLVL', '1'), ('LD_LIBRARY_PATH', '/ws/libtorch/lib:/opt/ros/humble/lib/aarch64-linux-gnu:/opt/ros/humble/lib'), ('HOME', '/root'), ('OLDPWD', '/'), ('ROS_PYTHON_VERSION', '3'), ('ROS_DISTRO', 'humble'), ('_', '/usr/bin/colcon'), ('ROS_VERSION', '2'), ('TERM', 'xterm'), ('ROS_LOCALHOST_ONLY', '0'), ('PATH', '/opt/ros/humble/bin:/usr/local/sbin:/usr/local/bin:/usr/sbin:/usr/bin:/sbin:/bin'), ('LANG', 'C.UTF-8'), ('LS_COLORS', 'rs=0:di=01;34:ln=01;36:mh=00:pi=40;33:so=01;35:do=01;35:bd=40;33;01:cd=40;33;01:or=40;31;01:mi=00:su=37;41:sg=30;43:ca=30;41:tw=30;42:ow=34;42:st=37;44:ex=01;32:*.tar=01;31:*.tgz=01;31:*.arc=01;31:*.arj=01;31:*.taz=01;31:*.lha=01;31:*.lz4=01;31:*.lzh=01;31:*.lzma=01;31:*.tlz=01;31:*.txz=01;31:*.tzo=01;31:*.t7z=01;31:*.zip=01;31:*.z=01;31:*.dz=01;31:*.gz=01;31:*.lrz=01;31:*.lz=01;31:*.lzo=01;31:*.xz=01;31:*.zst=01;31:*.tzst=01;31:*.bz2=01;31:*.bz=01;31:*.tbz=01;31:*.tbz2=01;31:*.tz=01;31:*.deb=01;31:*.rpm=01;31:*.jar=01;31:*.war=01;31:*.ear=01;31:*.sar=01;31:*.rar=01;31:*.alz=01;31:*.ace=01;31:*.zoo=01;31:*.cpio=01;31:*.7z=01;31:*.rz=01;31:*.cab=01;31:*.wim=01;31:*.swm=01;31:*.dwm=01;31:*.esd=01;31:*.jpg=01;35:*.jpeg=01;35:*.mjpg=01;35:*.mjpeg=01;35:*.gif=01;35:*.bmp=01;35:*.pbm=01;35:*.pgm=01;35:*.ppm=01;35:*.tga=01;35:*.xbm=01;35:*.xpm=01;35:*.tif=01;35:*.tiff=01;35:*.png=01;35:*.svg=01;35:*.svgz=01;35:*.mng=01;35:*.pcx=01;35:*.mov=01;35:*.mpg=01;35:*.mpeg=01;35:*.m2v=01;35:*.mkv=01;35:*.webm=01;35:*.webp=01;35:*.ogm=01;35:*.mp4=01;35:*.m4v=01;35:*.mp4v=01;35:*.vob=01;35:*.qt=01;35:*.nuv=01;35:*.wmv=01;35:*.asf=01;35:*.rm=01;35:*.rmvb=01;35:*.flc=01;35:*.avi=01;35:*.fli=01;35:*.flv=01;35:*.gl=01;35:*.dl=01;35:*.xcf=01;35:*.xwd=01;35:*.yuv=01;35:*.cgm=01;35:*.emf=01;35:*.ogv=01;35:*.ogx=01;35:*.aac=00;36:*.au=00;36:*.flac=00;36:*.m4a=00;36:*.mid=00;36:*.midi=00;36:*.mka=00;36:*.mp3=00;36:*.mpc=00;36:*.ogg=00;36:*.ra=00;36:*.wav=00;36:*.oga=00;36:*.opus=00;36:*.spx=00;36:*.xspf=00;36:'), ('AMENT_PREFIX_PATH', '/opt/ros/humble'), ('DEBIAN_FRONTEND', 'noninteractive'), ('Torch_DIR', '/ws/libtorch/share/cmake/Torch'), ('PWD', '/ws/build/unitree_api'), ('LC_ALL', 'C.UTF-8'), ('PYTHONPATH', '/opt/ros/humble/lib/python3.10/site-packages:/opt/ros/humble/local/lib/python3.10/dist-packages'), ('COLCON', '1'), ('CMAKE_PREFIX_PATH', '/ws/libtorch::/opt/ros/humble')]), 'shell': False}
[2.030236] (unitree_go) CommandEnded: {'returncode': 0}
[2.035052] (unitree_go) JobProgress: {'identifier': 'unitree_go', 'progress': 'install'}
[2.035413] (unitree_go) Command: {'cmd': ['/usr/bin/cmake', '--install', '/ws/build/unitree_go'], 'cwd': '/ws/build/unitree_go', 'env': OrderedDict([('HOSTNAME', 'pi'), ('SHLVL', '1'), ('LD_LIBRARY_PATH', '/ws/libtorch/lib:/opt/ros/humble/lib/aarch64-linux-gnu:/opt/ros/humble/lib'), ('HOME', '/root'), ('OLDPWD', '/'), ('ROS_PYTHON_VERSION', '3'), ('ROS_DISTRO', 'humble'), ('_', '/usr/bin/colcon'), ('ROS_VERSION', '2'), ('TERM', 'xterm'), ('ROS_LOCALHOST_ONLY', '0'), ('PATH', '/opt/ros/humble/bin:/usr/local/sbin:/usr/local/bin:/usr/sbin:/usr/bin:/sbin:/bin'), ('LANG', 'C.UTF-8'), ('LS_COLORS', 'rs=0:di=01;34:ln=01;36:mh=00:pi=40;33:so=01;35:do=01;35:bd=40;33;01:cd=40;33;01:or=40;31;01:mi=00:su=37;41:sg=30;43:ca=30;41:tw=30;42:ow=34;42:st=37;44:ex=01;32:*.tar=01;31:*.tgz=01;31:*.arc=01;31:*.arj=01;31:*.taz=01;31:*.lha=01;31:*.lz4=01;31:*.lzh=01;31:*.lzma=01;31:*.tlz=01;31:*.txz=01;31:*.tzo=01;31:*.t7z=01;31:*.zip=01;31:*.z=01;31:*.dz=01;31:*.gz=01;31:*.lrz=01;31:*.lz=01;31:*.lzo=01;31:*.xz=01;31:*.zst=01;31:*.tzst=01;31:*.bz2=01;31:*.bz=01;31:*.tbz=01;31:*.tbz2=01;31:*.tz=01;31:*.deb=01;31:*.rpm=01;31:*.jar=01;31:*.war=01;31:*.ear=01;31:*.sar=01;31:*.rar=01;31:*.alz=01;31:*.ace=01;31:*.zoo=01;31:*.cpio=01;31:*.7z=01;31:*.rz=01;31:*.cab=01;31:*.wim=01;31:*.swm=01;31:*.dwm=01;31:*.esd=01;31:*.jpg=01;35:*.jpeg=01;35:*.mjpg=01;35:*.mjpeg=01;35:*.gif=01;35:*.bmp=01;35:*.pbm=01;35:*.pgm=01;35:*.ppm=01;35:*.tga=01;35:*.xbm=01;35:*.xpm=01;35:*.tif=01;35:*.tiff=01;35:*.png=01;35:*.svg=01;35:*.svgz=01;35:*.mng=01;35:*.pcx=01;35:*.mov=01;35:*.mpg=01;35:*.mpeg=01;35:*.m2v=01;35:*.mkv=01;35:*.webm=01;35:*.webp=01;35:*.ogm=01;35:*.mp4=01;35:*.m4v=01;35:*.mp4v=01;35:*.vob=01;35:*.qt=01;35:*.nuv=01;35:*.wmv=01;35:*.asf=01;35:*.rm=01;35:*.rmvb=01;35:*.flc=01;35:*.avi=01;35:*.fli=01;35:*.flv=01;35:*.gl=01;35:*.dl=01;35:*.xcf=01;35:*.xwd=01;35:*.yuv=01;35:*.cgm=01;35:*.emf=01;35:*.ogv=01;35:*.ogx=01;35:*.aac=00;36:*.au=00;36:*.flac=00;36:*.m4a=00;36:*.mid=00;36:*.midi=00;36:*.mka=00;36:*.mp3=00;36:*.mpc=00;36:*.ogg=00;36:*.ra=00;36:*.wav=00;36:*.oga=00;36:*.opus=00;36:*.spx=00;36:*.xspf=00;36:'), ('AMENT_PREFIX_PATH', '/opt/ros/humble'), ('DEBIAN_FRONTEND', 'noninteractive'), ('Torch_DIR', '/ws/libtorch/share/cmake/Torch'), ('PWD', '/ws/build/unitree_go'), ('LC_ALL', 'C.UTF-8'), ('PYTHONPATH', '/opt/ros/humble/lib/python3.10/site-packages:/opt/ros/humble/local/lib/python3.10/dist-packages'), ('COLCON', '1'), ('CMAKE_PREFIX_PATH', '/ws/libtorch::/opt/ros/humble')]), 'shell': False}
[2.042349] (unitree_api) StdoutLine: {'line': b'-- Install configuration: ""\n'}
[2.042717] (unitree_api) StdoutLine: {'line': b'-- Up-to-date: /ws/install/unitree_api/share/ament_index/resource_index/rosidl_interfaces/unitree_api\n'}
[2.042855] (unitree_api) StdoutLine: {'line': b'-- Up-to-date: /ws/install/unitree_api/include/unitree_api/unitree_api\n'}
[2.042949] (unitree_api) StdoutLine: {'line': b'-- Up-to-date: /ws/install/unitree_api/include/unitree_api/unitree_api/msg\n'}
[2.043072] (unitree_api) StdoutLine: {'line': b'-- Up-to-date: /ws/install/unitree_api/include/unitree_api/unitree_api/msg/request_lease.h\n'}
[2.043254] (unitree_api) StdoutLine: {'line': b'-- Up-to-date: /ws/install/unitree_api/include/unitree_api/unitree_api/msg/request_policy.h\n'}
[2.043406] (unitree_api) StdoutLine: {'line': b'-- Up-to-date: /ws/install/unitree_api/include/unitree_api/unitree_api/msg/response.h\n'}
[2.047087] (unitree_api) StdoutLine: {'line': b'-- Up-to-date: /ws/install/unitree_api/include/unitree_api/unitree_api/msg/response_header.h\n'}
[2.047646] (-) TimerEvent: {}
[2.048652] (unitree_api) StdoutLine: {'line': b'-- Up-to-date: /ws/install/unitree_api/include/unitree_api/unitree_api/msg/request_header.h\n'}
[2.051248] (unitree_api) StdoutLine: {'line': b'-- Up-to-date: /ws/install/unitree_api/include/unitree_api/unitree_api/msg/rosidl_generator_c__visibility_control.h\n'}
[2.052514] (unitree_api) StdoutLine: {'line': b'-- Up-to-date: /ws/install/unitree_api/include/unitree_api/unitree_api/msg/response_status.h\n'}
[2.053987] (unitree_api) StdoutLine: {'line': b'-- Up-to-date: /ws/install/unitree_api/include/unitree_api/unitree_api/msg/request.h\n'}
[2.054435] (unitree_api) StdoutLine: {'line': b'-- Up-to-date: /ws/install/unitree_api/include/unitree_api/unitree_api/msg/detail\n'}
[2.054674] (unitree_api) StdoutLine: {'line': b'-- Up-to-date: /ws/install/unitree_api/include/unitree_api/unitree_api/msg/detail/request_header__functions.h\n'}
[2.054842] (unitree_api) StdoutLine: {'line': b'-- Up-to-date: /ws/install/unitree_api/include/unitree_api/unitree_api/msg/detail/response_status__struct.h\n'}
[2.055000] (unitree_api) StdoutLine: {'line': b'-- Up-to-date: /ws/install/unitree_api/include/unitree_api/unitree_api/msg/detail/request_policy__type_support.h\n'}
[2.055141] (unitree_api) StdoutLine: {'line': b'-- Up-to-date: /ws/install/unitree_api/include/unitree_api/unitree_api/msg/detail/request__functions.h\n'}
[2.055281] (unitree_api) StdoutLine: {'line': b'-- Up-to-date: /ws/install/unitree_api/include/unitree_api/unitree_api/msg/detail/request_lease__functions.c\n'}
[2.055438] (unitree_api) StdoutLine: {'line': b'-- Up-to-date: /ws/install/unitree_api/include/unitree_api/unitree_api/msg/detail/request_identity__functions.h\n'}
[2.056105] (unitree_api) StdoutLine: {'line': b'-- Up-to-date: /ws/install/unitree_api/include/unitree_api/unitree_api/msg/detail/request_identity__functions.c\n'}
[2.060494] (unitree_api) StdoutLine: {'line': b'-- Up-to-date: /ws/install/unitree_api/include/unitree_api/unitree_api/msg/detail/request_policy__functions.c\n'}
[2.064039] (unitree_api) StdoutLine: {'line': b'-- Up-to-date: /ws/install/unitree_api/include/unitree_api/unitree_api/msg/detail/response_header__functions.h\n'}
[2.064370] (unitree_api) StdoutLine: {'line': b'-- Up-to-date: /ws/install/unitree_api/include/unitree_api/unitree_api/msg/detail/request_header__struct.h\n'}
[2.064555] (unitree_api) StdoutLine: {'line': b'-- Up-to-date: /ws/install/unitree_api/include/unitree_api/unitree_api/msg/detail/request_lease__struct.h\n'}
[2.064683] (unitree_api) StdoutLine: {'line': b'-- Up-to-date: /ws/install/unitree_api/include/unitree_api/unitree_api/msg/detail/response__type_support.h\n'}
[2.064796] (unitree_api) StdoutLine: {'line': b'-- Up-to-date: /ws/install/unitree_api/include/unitree_api/unitree_api/msg/detail/request_policy__functions.h\n'}
[2.064917] (unitree_api) StdoutLine: {'line': b'-- Up-to-date: /ws/install/unitree_api/include/unitree_api/unitree_api/msg/detail/response_status__type_support.h\n'}
[2.065087] (unitree_api) StdoutLine: {'line': b'-- Up-to-date: /ws/install/unitree_api/include/unitree_api/unitree_api/msg/detail/response__functions.h\n'}
[2.065204] (unitree_api) StdoutLine: {'line': b'-- Up-to-date: /ws/install/unitree_api/include/unitree_api/unitree_api/msg/detail/response_status__functions.c\n'}
[2.065360] (unitree_api) StdoutLine: {'line': b'-- Up-to-date: /ws/install/unitree_api/include/unitree_api/unitree_api/msg/detail/request__functions.c\n'}
[2.065457] (unitree_api) StdoutLine: {'line': b'-- Up-to-date: /ws/install/unitree_api/include/unitree_api/unitree_api/msg/detail/request__type_support.h\n'}
[2.077890] (unitree_api) StdoutLine: {'line': b'-- Up-to-date: /ws/install/unitree_api/include/unitree_api/unitree_api/msg/detail/request_identity__struct.h\n'}
[2.078790] (unitree_api) StdoutLine: {'line': b'-- Up-to-date: /ws/install/unitree_api/include/unitree_api/unitree_api/msg/detail/response__struct.h\n'}
[2.079360] (unitree_api) StdoutLine: {'line': b'-- Up-to-date: /ws/install/unitree_api/include/unitree_api/unitree_api/msg/detail/response_status__functions.h\n'}
[2.079588] (unitree_api) StdoutLine: {'line': b'-- Up-to-date: /ws/install/unitree_api/include/unitree_api/unitree_api/msg/detail/request_header__functions.c\n'}
[2.079714] (unitree_api) StdoutLine: {'line': b'-- Up-to-date: /ws/install/unitree_api/include/unitree_api/unitree_api/msg/detail/request__struct.h\n'}
[2.079809] (unitree_api) StdoutLine: {'line': b'-- Up-to-date: /ws/install/unitree_api/include/unitree_api/unitree_api/msg/detail/response_header__functions.c\n'}
[2.079916] (unitree_api) StdoutLine: {'line': b'-- Up-to-date: /ws/install/unitree_api/include/unitree_api/unitree_api/msg/detail/request_header__type_support.h\n'}
[2.081052] (unitree_api) StdoutLine: {'line': b'-- Up-to-date: /ws/install/unitree_api/include/unitree_api/unitree_api/msg/detail/request_lease__functions.h\n'}
[2.081198] (unitree_api) StdoutLine: {'line': b'-- Up-to-date: /ws/install/unitree_api/include/unitree_api/unitree_api/msg/detail/response__functions.c\n'}
[2.081286] (unitree_api) StdoutLine: {'line': b'-- Up-to-date: /ws/install/unitree_api/include/unitree_api/unitree_api/msg/detail/request_policy__struct.h\n'}
[2.081384] (unitree_api) StdoutLine: {'line': b'-- Up-to-date: /ws/install/unitree_api/include/unitree_api/unitree_api/msg/detail/request_identity__type_support.h\n'}
[2.081525] (unitree_api) StdoutLine: {'line': b'-- Up-to-date: /ws/install/unitree_api/include/unitree_api/unitree_api/msg/detail/response_header__type_support.h\n'}
[2.081720] (unitree_api) StdoutLine: {'line': b'-- Up-to-date: /ws/install/unitree_api/include/unitree_api/unitree_api/msg/detail/request_lease__type_support.h\n'}
[2.081856] (unitree_api) StdoutLine: {'line': b'-- Up-to-date: /ws/install/unitree_api/include/unitree_api/unitree_api/msg/detail/response_header__struct.h\n'}
[2.081949] (unitree_api) StdoutLine: {'line': b'-- Up-to-date: /ws/install/unitree_api/include/unitree_api/unitree_api/msg/request_identity.h\n'}
[2.082026] (unitree_api) StdoutLine: {'line': b'-- Up-to-date: /ws/install/unitree_api/share/unitree_api/environment/library_path.sh\n'}
[2.082121] (unitree_api) StdoutLine: {'line': b'-- Up-to-date: /ws/install/unitree_api/share/unitree_api/environment/library_path.dsv\n'}
[2.082196] (unitree_api) StdoutLine: {'line': b'-- Up-to-date: /ws/install/unitree_api/lib/libunitree_api__rosidl_generator_c.so\n'}
[2.082267] (unitree_api) StdoutLine: {'line': b'-- Up-to-date: /ws/install/unitree_api/include/unitree_api/unitree_api\n'}
[2.082336] (unitree_api) StdoutLine: {'line': b'-- Up-to-date: /ws/install/unitree_api/include/unitree_api/unitree_api/msg\n'}
[2.082403] (unitree_api) StdoutLine: {'line': b'-- Up-to-date: /ws/install/unitree_api/include/unitree_api/unitree_api/msg/rosidl_typesupport_fastrtps_c__visibility_control.h\n'}
[2.082490] (unitree_api) StdoutLine: {'line': b'-- Up-to-date: /ws/install/unitree_api/include/unitree_api/unitree_api/msg/detail\n'}
[2.082616] (unitree_api) StdoutLine: {'line': b'-- Up-to-date: /ws/install/unitree_api/include/unitree_api/unitree_api/msg/detail/request_policy__rosidl_typesupport_fastrtps_c.h\n'}
[2.082701] (unitree_api) StdoutLine: {'line': b'-- Up-to-date: /ws/install/unitree_api/include/unitree_api/unitree_api/msg/detail/request_identity__rosidl_typesupport_fastrtps_c.h\n'}
[2.082775] (unitree_api) StdoutLine: {'line': b'-- Up-to-date: /ws/install/unitree_api/include/unitree_api/unitree_api/msg/detail/response_status__rosidl_typesupport_fastrtps_c.h\n'}
[2.082843] (unitree_api) StdoutLine: {'line': b'-- Up-to-date: /ws/install/unitree_api/include/unitree_api/unitree_api/msg/detail/request_lease__rosidl_typesupport_fastrtps_c.h\n'}
[2.082932] (unitree_api) StdoutLine: {'line': b'-- Up-to-date: /ws/install/unitree_api/include/unitree_api/unitree_api/msg/detail/request_header__rosidl_typesupport_fastrtps_c.h\n'}
[2.083016] (unitree_api) StdoutLine: {'line': b'-- Up-to-date: /ws/install/unitree_api/include/unitree_api/unitree_api/msg/detail/response__rosidl_typesupport_fastrtps_c.h\n'}
[2.083099] (unitree_api) StdoutLine: {'line': b'-- Up-to-date: /ws/install/unitree_api/include/unitree_api/unitree_api/msg/detail/response_header__rosidl_typesupport_fastrtps_c.h\n'}
[2.083184] (unitree_api) StdoutLine: {'line': b'-- Up-to-date: /ws/install/unitree_api/include/unitree_api/unitree_api/msg/detail/request__rosidl_typesupport_fastrtps_c.h\n'}
[2.083274] (unitree_api) StdoutLine: {'line': b'-- Up-to-date: /ws/install/unitree_api/lib/libunitree_api__rosidl_typesupport_fastrtps_c.so\n'}
[2.083353] (unitree_api) StdoutLine: {'line': b'-- Up-to-date: /ws/install/unitree_api/include/unitree_api/unitree_api\n'}
[2.083425] (unitree_api) StdoutLine: {'line': b'-- Up-to-date: /ws/install/unitree_api/include/unitree_api/unitree_api/msg\n'}
[2.131671] (unitree_api) StdoutLine: {'line': b'-- Up-to-date: /ws/install/unitree_api/include/unitree_api/unitree_api/msg/request_lease.hpp\n'}
[2.131964] (unitree_api) StdoutLine: {'line': b'-- Up-to-date: /ws/install/unitree_api/include/unitree_api/unitree_api/msg/rosidl_generator_cpp__visibility_control.hpp\n'}
[2.132117] (unitree_api) StdoutLine: {'line': b'-- Up-to-date: /ws/install/unitree_api/include/unitree_api/unitree_api/msg/request_header.hpp\n'}
[2.132225] (unitree_api) StdoutLine: {'line': b'-- Up-to-date: /ws/install/unitree_api/include/unitree_api/unitree_api/msg/response.hpp\n'}
[2.132341] (unitree_api) StdoutLine: {'line': b'-- Up-to-date: /ws/install/unitree_api/include/unitree_api/unitree_api/msg/request_identity.hpp\n'}
[2.132417] (unitree_api) StdoutLine: {'line': b'-- Up-to-date: /ws/install/unitree_api/include/unitree_api/unitree_api/msg/response_header.hpp\n'}
[2.132519] (unitree_api) StdoutLine: {'line': b'-- Up-to-date: /ws/install/unitree_api/include/unitree_api/unitree_api/msg/request.hpp\n'}
[2.132617] (unitree_api) StdoutLine: {'line': b'-- Up-to-date: /ws/install/unitree_api/include/unitree_api/unitree_api/msg/request_policy.hpp\n'}
[2.132689] (unitree_api) StdoutLine: {'line': b'-- Up-to-date: /ws/install/unitree_api/include/unitree_api/unitree_api/msg/detail\n'}
[2.132761] (unitree_api) StdoutLine: {'line': b'-- Up-to-date: /ws/install/unitree_api/include/unitree_api/unitree_api/msg/detail/response_status__type_support.hpp\n'}
[2.132862] (unitree_api) StdoutLine: {'line': b'-- Up-to-date: /ws/install/unitree_api/include/unitree_api/unitree_api/msg/detail/request_policy__traits.hpp\n'}
[2.132936] (unitree_api) StdoutLine: {'line': b'-- Up-to-date: /ws/install/unitree_api/include/unitree_api/unitree_api/msg/detail/request_lease__traits.hpp\n'}
[2.133007] (unitree_api) StdoutLine: {'line': b'-- Up-to-date: /ws/install/unitree_api/include/unitree_api/unitree_api/msg/detail/request_lease__type_support.hpp\n'}
[2.133075] (unitree_api) StdoutLine: {'line': b'-- Up-to-date: /ws/install/unitree_api/include/unitree_api/unitree_api/msg/detail/request_identity__type_support.hpp\n'}
[2.133145] (unitree_api) StdoutLine: {'line': b'-- Up-to-date: /ws/install/unitree_api/include/unitree_api/unitree_api/msg/detail/request_header__type_support.hpp\n'}
[2.133220] (unitree_api) StdoutLine: {'line': b'-- Up-to-date: /ws/install/unitree_api/include/unitree_api/unitree_api/msg/detail/response_status__struct.hpp\n'}
[2.133295] (unitree_api) StdoutLine: {'line': b'-- Up-to-date: /ws/install/unitree_api/include/unitree_api/unitree_api/msg/detail/response_status__builder.hpp\n'}
[2.133384] (unitree_api) StdoutLine: {'line': b'-- Up-to-date: /ws/install/unitree_api/include/unitree_api/unitree_api/msg/detail/request_header__builder.hpp\n'}
[2.133475] (unitree_api) StdoutLine: {'line': b'-- Up-to-date: /ws/install/unitree_api/include/unitree_api/unitree_api/msg/detail/request_policy__struct.hpp\n'}
[2.135350] (unitree_api) StdoutLine: {'line': b'-- Up-to-date: /ws/install/unitree_api/include/unitree_api/unitree_api/msg/detail/response__traits.hpp\n'}
[2.140667] (unitree_api) StdoutLine: {'line': b'-- Up-to-date: /ws/install/unitree_api/include/unitree_api/unitree_api/msg/detail/request_header__traits.hpp\n'}
[2.141010] (unitree_api) StdoutLine: {'line': b'-- Up-to-date: /ws/install/unitree_api/include/unitree_api/unitree_api/msg/detail/response_header__struct.hpp\n'}
[2.141976] (unitree_api) StdoutLine: {'line': b'-- Up-to-date: /ws/install/unitree_api/include/unitree_api/unitree_api/msg/detail/request_lease__builder.hpp\n'}
[2.142092] (unitree_api) StdoutLine: {'line': b'-- Up-to-date: /ws/install/unitree_api/include/unitree_api/unitree_api/msg/detail/request_header__struct.hpp\n'}
[2.142173] (unitree_api) StdoutLine: {'line': b'-- Up-to-date: /ws/install/unitree_api/include/unitree_api/unitree_api/msg/detail/response_header__traits.hpp\n'}
[2.142246] (unitree_api) StdoutLine: {'line': b'-- Up-to-date: /ws/install/unitree_api/include/unitree_api/unitree_api/msg/detail/request__struct.hpp\n'}
[2.142333] (unitree_api) StdoutLine: {'line': b'-- Up-to-date: /ws/install/unitree_api/include/unitree_api/unitree_api/msg/detail/response_header__builder.hpp\n'}
[2.142417] (unitree_api) StdoutLine: {'line': b'-- Up-to-date: /ws/install/unitree_api/include/unitree_api/unitree_api/msg/detail/request__type_support.hpp\n'}
[2.142522] (unitree_api) StdoutLine: {'line': b'-- Up-to-date: /ws/install/unitree_api/include/unitree_api/unitree_api/msg/detail/response__struct.hpp\n'}
[2.142685] (unitree_api) StdoutLine: {'line': b'-- Up-to-date: /ws/install/unitree_api/include/unitree_api/unitree_api/msg/detail/response_status__traits.hpp\n'}
[2.142784] (unitree_api) StdoutLine: {'line': b'-- Up-to-date: /ws/install/unitree_api/include/unitree_api/unitree_api/msg/detail/response__type_support.hpp\n'}
[2.142860] (unitree_api) StdoutLine: {'line': b'-- Up-to-date: /ws/install/unitree_api/include/unitree_api/unitree_api/msg/detail/request_policy__type_support.hpp\n'}
[2.142931] (unitree_api) StdoutLine: {'line': b'-- Up-to-date: /ws/install/unitree_api/include/unitree_api/unitree_api/msg/detail/response_header__type_support.hpp\n'}
[2.142999] (unitree_api) StdoutLine: {'line': b'-- Up-to-date: /ws/install/unitree_api/include/unitree_api/unitree_api/msg/detail/request_identity__traits.hpp\n'}
[2.143068] (unitree_api) StdoutLine: {'line': b'-- Up-to-date: /ws/install/unitree_api/include/unitree_api/unitree_api/msg/detail/request_policy__builder.hpp\n'}
[2.143154] (unitree_api) StdoutLine: {'line': b'-- Up-to-date: /ws/install/unitree_api/include/unitree_api/unitree_api/msg/detail/request__builder.hpp\n'}
[2.143223] (unitree_api) StdoutLine: {'line': b'-- Up-to-date: /ws/install/unitree_api/include/unitree_api/unitree_api/msg/detail/request_identity__struct.hpp\n'}
[2.143290] (unitree_api) StdoutLine: {'line': b'-- Up-to-date: /ws/install/unitree_api/include/unitree_api/unitree_api/msg/detail/request_identity__builder.hpp\n'}
[2.143359] (unitree_api) StdoutLine: {'line': b'-- Up-to-date: /ws/install/unitree_api/include/unitree_api/unitree_api/msg/detail/request_lease__struct.hpp\n'}
[2.143427] (unitree_api) StdoutLine: {'line': b'-- Up-to-date: /ws/install/unitree_api/include/unitree_api/unitree_api/msg/detail/request__traits.hpp\n'}
[2.143528] (unitree_api) StdoutLine: {'line': b'-- Up-to-date: /ws/install/unitree_api/include/unitree_api/unitree_api/msg/detail/response__builder.hpp\n'}
[2.143606] (unitree_api) StdoutLine: {'line': b'-- Up-to-date: /ws/install/unitree_api/include/unitree_api/unitree_api/msg/response_status.hpp\n'}
[2.143681] (unitree_api) StdoutLine: {'line': b'-- Up-to-date: /ws/install/unitree_api/include/unitree_api/unitree_api\n'}
[2.147247] (unitree_api) StdoutLine: {'line': b'-- Up-to-date: /ws/install/unitree_api/include/unitree_api/unitree_api/msg\n'}
[2.147499] (unitree_api) StdoutLine: {'line': b'-- Up-to-date: /ws/install/unitree_api/include/unitree_api/unitree_api/msg/rosidl_typesupport_fastrtps_cpp__visibility_control.h\n'}
[2.147622] (unitree_api) StdoutLine: {'line': b'-- Up-to-date: /ws/install/unitree_api/include/unitree_api/unitree_api/msg/detail\n'}
[2.147699] (-) TimerEvent: {}
[2.150770] (unitree_api) StdoutLine: {'line': b'-- Up-to-date: /ws/install/unitree_api/include/unitree_api/unitree_api/msg/detail/response__rosidl_typesupport_fastrtps_cpp.hpp\n'}
[2.153379] (unitree_api) StdoutLine: {'line': b'-- Up-to-date: /ws/install/unitree_api/include/unitree_api/unitree_api/msg/detail/request_identity__rosidl_typesupport_fastrtps_cpp.hpp\n'}
[2.155078] (unitree_api) StdoutLine: {'line': b'-- Up-to-date: /ws/install/unitree_api/include/unitree_api/unitree_api/msg/detail/response_header__rosidl_typesupport_fastrtps_cpp.hpp\n'}
[2.155440] (unitree_api) StdoutLine: {'line': b'-- Up-to-date: /ws/install/unitree_api/include/unitree_api/unitree_api/msg/detail/dds_fastrtps\n'}
[2.156917] (unitree_api) StdoutLine: {'line': b'-- Up-to-date: /ws/install/unitree_api/include/unitree_api/unitree_api/msg/detail/request_policy__rosidl_typesupport_fastrtps_cpp.hpp\n'}
[2.157039] (unitree_api) StdoutLine: {'line': b'-- Up-to-date: /ws/install/unitree_api/include/unitree_api/unitree_api/msg/detail/request_header__rosidl_typesupport_fastrtps_cpp.hpp\n'}
[2.157115] (unitree_api) StdoutLine: {'line': b'-- Up-to-date: /ws/install/unitree_api/include/unitree_api/unitree_api/msg/detail/request__rosidl_typesupport_fastrtps_cpp.hpp\n'}
[2.157190] (unitree_api) StdoutLine: {'line': b'-- Up-to-date: /ws/install/unitree_api/include/unitree_api/unitree_api/msg/detail/response_status__rosidl_typesupport_fastrtps_cpp.hpp\n'}
[2.157259] (unitree_api) StdoutLine: {'line': b'-- Up-to-date: /ws/install/unitree_api/include/unitree_api/unitree_api/msg/detail/request_lease__rosidl_typesupport_fastrtps_cpp.hpp\n'}
[2.157335] (unitree_api) StdoutLine: {'line': b'-- Up-to-date: /ws/install/unitree_api/lib/libunitree_api__rosidl_typesupport_fastrtps_cpp.so\n'}
[2.157419] (unitree_api) StdoutLine: {'line': b'-- Up-to-date: /ws/install/unitree_api/include/unitree_api/unitree_api\n'}
[2.159341] (unitree_api) StdoutLine: {'line': b'-- Up-to-date: /ws/install/unitree_api/include/unitree_api/unitree_api/msg\n'}
[2.160576] (unitree_api) StdoutLine: {'line': b'-- Up-to-date: /ws/install/unitree_api/include/unitree_api/unitree_api/msg/rosidl_typesupport_introspection_c__visibility_control.h\n'}
[2.160970] (unitree_api) StdoutLine: {'line': b'-- Up-to-date: /ws/install/unitree_api/include/unitree_api/unitree_api/msg/detail\n'}
[2.164167] (unitree_api) StdoutLine: {'line': b'-- Up-to-date: /ws/install/unitree_api/include/unitree_api/unitree_api/msg/detail/request__rosidl_typesupport_introspection_c.h\n'}
[2.165733] (unitree_api) StdoutLine: {'line': b'-- Up-to-date: /ws/install/unitree_api/include/unitree_api/unitree_api/msg/detail/response_status__type_support.c\n'}
[2.165900] (unitree_api) StdoutLine: {'line': b'-- Up-to-date: /ws/install/unitree_api/include/unitree_api/unitree_api/msg/detail/request_lease__type_support.c\n'}
[2.166035] (unitree_api) StdoutLine: {'line': b'-- Up-to-date: /ws/install/unitree_api/include/unitree_api/unitree_api/msg/detail/request_identity__type_support.c\n'}
[2.166138] (unitree_api) StdoutLine: {'line': b'-- Up-to-date: /ws/install/unitree_api/include/unitree_api/unitree_api/msg/detail/response_header__type_support.c\n'}
[2.166223] (unitree_api) StdoutLine: {'line': b'-- Up-to-date: /ws/install/unitree_api/include/unitree_api/unitree_api/msg/detail/request_policy__rosidl_typesupport_introspection_c.h\n'}
[2.166365] (unitree_api) StdoutLine: {'line': b'-- Up-to-date: /ws/install/unitree_api/include/unitree_api/unitree_api/msg/detail/request_header__rosidl_typesupport_introspection_c.h\n'}
[2.168152] (unitree_api) StdoutLine: {'line': b'-- Up-to-date: /ws/install/unitree_api/include/unitree_api/unitree_api/msg/detail/response__rosidl_typesupport_introspection_c.h\n'}
[2.168426] (unitree_api) StdoutLine: {'line': b'-- Up-to-date: /ws/install/unitree_api/include/unitree_api/unitree_api/msg/detail/request__type_support.c\n'}
[2.169656] (unitree_api) StdoutLine: {'line': b'-- Up-to-date: /ws/install/unitree_api/include/unitree_api/unitree_api/msg/detail/request_lease__rosidl_typesupport_introspection_c.h\n'}
[2.170810] (unitree_api) StdoutLine: {'line': b'-- Up-to-date: /ws/install/unitree_api/include/unitree_api/unitree_api/msg/detail/response__type_support.c\n'}
[2.171375] (unitree_api) StdoutLine: {'line': b'-- Up-to-date: /ws/install/unitree_api/include/unitree_api/unitree_api/msg/detail/request_policy__type_support.c\n'}
[2.171655] (unitree_api) StdoutLine: {'line': b'-- Up-to-date: /ws/install/unitree_api/include/unitree_api/unitree_api/msg/detail/response_header__rosidl_typesupport_introspection_c.h\n'}
[2.171853] (unitree_api) StdoutLine: {'line': b'-- Up-to-date: /ws/install/unitree_api/include/unitree_api/unitree_api/msg/detail/request_header__type_support.c\n'}
[2.171979] (unitree_api) StdoutLine: {'line': b'-- Up-to-date: /ws/install/unitree_api/include/unitree_api/unitree_api/msg/detail/request_identity__rosidl_typesupport_introspection_c.h\n'}
[2.172081] (unitree_api) StdoutLine: {'line': b'-- Up-to-date: /ws/install/unitree_api/include/unitree_api/unitree_api/msg/detail/response_status__rosidl_typesupport_introspection_c.h\n'}
[2.172198] (unitree_api) StdoutLine: {'line': b'-- Up-to-date: /ws/install/unitree_api/lib/libunitree_api__rosidl_typesupport_introspection_c.so\n'}
[2.172330] (unitree_api) StdoutLine: {'line': b'-- Up-to-date: /ws/install/unitree_api/lib/libunitree_api__rosidl_typesupport_c.so\n'}
[2.172559] (unitree_api) StdoutLine: {'line': b'-- Up-to-date: /ws/install/unitree_api/include/unitree_api/unitree_api\n'}
[2.172843] (unitree_api) StdoutLine: {'line': b'-- Up-to-date: /ws/install/unitree_api/include/unitree_api/unitree_api/msg\n'}
[2.172997] (unitree_api) StdoutLine: {'line': b'-- Up-to-date: /ws/install/unitree_api/include/unitree_api/unitree_api/msg/detail\n'}
[2.173133] (unitree_api) StdoutLine: {'line': b'-- Up-to-date: /ws/install/unitree_api/include/unitree_api/unitree_api/msg/detail/request_lease__rosidl_typesupport_introspection_cpp.hpp\n'}
[2.173270] (unitree_api) StdoutLine: {'line': b'-- Up-to-date: /ws/install/unitree_api/include/unitree_api/unitree_api/msg/detail/request_lease__type_support.cpp\n'}
[2.173389] (unitree_api) StdoutLine: {'line': b'-- Up-to-date: /ws/install/unitree_api/include/unitree_api/unitree_api/msg/detail/request_header__rosidl_typesupport_introspection_cpp.hpp\n'}
[2.177294] (unitree_api) StdoutLine: {'line': b'-- Up-to-date: /ws/install/unitree_api/include/unitree_api/unitree_api/msg/detail/request__type_support.cpp\n'}
[2.179077] (unitree_api) StdoutLine: {'line': b'-- Up-to-date: /ws/install/unitree_api/include/unitree_api/unitree_api/msg/detail/response__type_support.cpp\n'}
[2.179425] (unitree_api) StdoutLine: {'line': b'-- Up-to-date: /ws/install/unitree_api/include/unitree_api/unitree_api/msg/detail/request_identity__type_support.cpp\n'}
[2.180338] (unitree_api) StdoutLine: {'line': b'-- Up-to-date: /ws/install/unitree_api/include/unitree_api/unitree_api/msg/detail/request__rosidl_typesupport_introspection_cpp.hpp\n'}
[2.184980] (unitree_api) StdoutLine: {'line': b'-- Up-to-date: /ws/install/unitree_api/include/unitree_api/unitree_api/msg/detail/response_header__type_support.cpp\n'}
[2.188629] (unitree_api) StdoutLine: {'line': b'-- Up-to-date: /ws/install/unitree_api/include/unitree_api/unitree_api/msg/detail/request_identity__rosidl_typesupport_introspection_cpp.hpp\n'}
[2.189147] (unitree_api) StdoutLine: {'line': b'-- Up-to-date: /ws/install/unitree_api/include/unitree_api/unitree_api/msg/detail/request_policy__type_support.cpp\n'}
[2.189284] (unitree_api) StdoutLine: {'line': b'-- Up-to-date: /ws/install/unitree_api/include/unitree_api/unitree_api/msg/detail/response_status__type_support.cpp\n'}
[2.189376] (unitree_api) StdoutLine: {'line': b'-- Up-to-date: /ws/install/unitree_api/include/unitree_api/unitree_api/msg/detail/response_status__rosidl_typesupport_introspection_cpp.hpp\n'}
[2.189504] (unitree_api) StdoutLine: {'line': b'-- Up-to-date: /ws/install/unitree_api/include/unitree_api/unitree_api/msg/detail/request_policy__rosidl_typesupport_introspection_cpp.hpp\n'}
[2.189671] (unitree_api) StdoutLine: {'line': b'-- Up-to-date: /ws/install/unitree_api/include/unitree_api/unitree_api/msg/detail/response_header__rosidl_typesupport_introspection_cpp.hpp\n'}
[2.189815] (unitree_api) StdoutLine: {'line': b'-- Up-to-date: /ws/install/unitree_api/include/unitree_api/unitree_api/msg/detail/response__rosidl_typesupport_introspection_cpp.hpp\n'}
[2.189910] (unitree_api) StdoutLine: {'line': b'-- Up-to-date: /ws/install/unitree_api/include/unitree_api/unitree_api/msg/detail/request_header__type_support.cpp\n'}
[2.190001] (cyclonedds) CommandEnded: {'returncode': 0}
[2.190430] (unitree_api) StdoutLine: {'line': b'-- Up-to-date: /ws/install/unitree_api/lib/libunitree_api__rosidl_typesupport_introspection_cpp.so\n'}
[2.192932] (unitree_api) StdoutLine: {'line': b'-- Up-to-date: /ws/install/unitree_api/lib/libunitree_api__rosidl_typesupport_cpp.so\n'}
[2.193131] (unitree_api) StdoutLine: {'line': b'-- Up-to-date: /ws/install/unitree_api/share/unitree_api/environment/pythonpath.sh\n'}
[2.193224] (unitree_api) StdoutLine: {'line': b'-- Up-to-date: /ws/install/unitree_api/share/unitree_api/environment/pythonpath.dsv\n'}
[2.193314] (unitree_api) StdoutLine: {'line': b'-- Up-to-date: /ws/install/unitree_api/local/lib/python3.10/dist-packages/unitree_api-0.0.0-py3.10.egg-info\n'}
[2.193419] (unitree_api) StdoutLine: {'line': b'-- Installing: /ws/install/unitree_api/local/lib/python3.10/dist-packages/unitree_api-0.0.0-py3.10.egg-info/dependency_links.txt\n'}
[2.193532] (unitree_api) StdoutLine: {'line': b'-- Installing: /ws/install/unitree_api/local/lib/python3.10/dist-packages/unitree_api-0.0.0-py3.10.egg-info/top_level.txt\n'}
[2.193621] (unitree_api) StdoutLine: {'line': b'-- Installing: /ws/install/unitree_api/local/lib/python3.10/dist-packages/unitree_api-0.0.0-py3.10.egg-info/SOURCES.txt\n'}
[2.193695] (unitree_api) StdoutLine: {'line': b'-- Installing: /ws/install/unitree_api/local/lib/python3.10/dist-packages/unitree_api-0.0.0-py3.10.egg-info/PKG-INFO\n'}
[2.193773] (unitree_api) StdoutLine: {'line': b'-- Up-to-date: /ws/install/unitree_api/local/lib/python3.10/dist-packages/unitree_api\n'}
[2.193856] (unitree_api) StdoutLine: {'line': b'-- Up-to-date: /ws/install/unitree_api/local/lib/python3.10/dist-packages/unitree_api/_unitree_api_s.ep.rosidl_typesupport_introspection_c.c\n'}
[2.193936] (unitree_api) StdoutLine: {'line': b'-- Up-to-date: /ws/install/unitree_api/local/lib/python3.10/dist-packages/unitree_api/unitree_api_s__rosidl_typesupport_fastrtps_c.cpython-310-aarch64-linux-gnu.so\n'}
[2.194038] (unitree_api) StdoutLine: {'line': b'-- Up-to-date: /ws/install/unitree_api/local/lib/python3.10/dist-packages/unitree_api/unitree_api_s__rosidl_typesupport_c.cpython-310-aarch64-linux-gnu.so\n'}
[2.194116] (unitree_api) StdoutLine: {'line': b'-- Up-to-date: /ws/install/unitree_api/local/lib/python3.10/dist-packages/unitree_api/unitree_api_s__rosidl_typesupport_introspection_c.cpython-310-aarch64-linux-gnu.so\n'}
[2.194192] (unitree_api) StdoutLine: {'line': b'-- Up-to-date: /ws/install/unitree_api/local/lib/python3.10/dist-packages/unitree_api/libunitree_api__rosidl_generator_py.so\n'}
[2.194262] (unitree_api) StdoutLine: {'line': b'-- Up-to-date: /ws/install/unitree_api/local/lib/python3.10/dist-packages/unitree_api/msg\n'}
[2.194353] (unitree_api) StdoutLine: {'line': b'-- Up-to-date: /ws/install/unitree_api/local/lib/python3.10/dist-packages/unitree_api/msg/_request_policy_s.c\n'}
[2.194420] (unitree_api) StdoutLine: {'line': b'-- Up-to-date: /ws/install/unitree_api/local/lib/python3.10/dist-packages/unitree_api/msg/_request_policy.py\n'}
[2.197195] (unitree_api) StdoutLine: {'line': b'-- Up-to-date: /ws/install/unitree_api/local/lib/python3.10/dist-packages/unitree_api/msg/_request_identity.py\n'}
[2.197442] (unitree_api) StdoutLine: {'line': b'-- Up-to-date: /ws/install/unitree_api/local/lib/python3.10/dist-packages/unitree_api/msg/_response_status.py\n'}
[2.197681] (unitree_api) StdoutLine: {'line': b'-- Up-to-date: /ws/install/unitree_api/local/lib/python3.10/dist-packages/unitree_api/msg/_response.py\n'}
[2.197783] (unitree_api) StdoutLine: {'line': b'-- Up-to-date: /ws/install/unitree_api/local/lib/python3.10/dist-packages/unitree_api/msg/_response_header_s.c\n'}
[2.198136] (unitree_api) StdoutLine: {'line': b'-- Up-to-date: /ws/install/unitree_api/local/lib/python3.10/dist-packages/unitree_api/msg/_request_header_s.c\n'}
[2.198324] (unitree_api) StdoutLine: {'line': b'-- Up-to-date: /ws/install/unitree_api/local/lib/python3.10/dist-packages/unitree_api/msg/_response_s.c\n'}
[2.198460] (unitree_api) StdoutLine: {'line': b'-- Up-to-date: /ws/install/unitree_api/local/lib/python3.10/dist-packages/unitree_api/msg/_request_lease.py\n'}
[2.198635] (unitree_api) StdoutLine: {'line': b'-- Up-to-date: /ws/install/unitree_api/local/lib/python3.10/dist-packages/unitree_api/msg/__init__.py\n'}
[2.198718] (unitree_api) StdoutLine: {'line': b'-- Up-to-date: /ws/install/unitree_api/local/lib/python3.10/dist-packages/unitree_api/msg/_request_s.c\n'}
[2.198792] (unitree_api) StdoutLine: {'line': b'-- Up-to-date: /ws/install/unitree_api/local/lib/python3.10/dist-packages/unitree_api/msg/_response_header.py\n'}
[2.198932] (unitree_api) StdoutLine: {'line': b'-- Up-to-date: /ws/install/unitree_api/local/lib/python3.10/dist-packages/unitree_api/msg/_response_status_s.c\n'}
[2.199080] (unitree_api) StdoutLine: {'line': b'-- Up-to-date: /ws/install/unitree_api/local/lib/python3.10/dist-packages/unitree_api/msg/_request.py\n'}
[2.199240] (unitree_api) StdoutLine: {'line': b'-- Up-to-date: /ws/install/unitree_api/local/lib/python3.10/dist-packages/unitree_api/msg/_request_header.py\n'}
[2.199360] (unitree_api) StdoutLine: {'line': b'-- Up-to-date: /ws/install/unitree_api/local/lib/python3.10/dist-packages/unitree_api/msg/_request_identity_s.c\n'}
[2.199460] (unitree_api) StdoutLine: {'line': b'-- Up-to-date: /ws/install/unitree_api/local/lib/python3.10/dist-packages/unitree_api/msg/_request_lease_s.c\n'}
[2.199570] (unitree_api) StdoutLine: {'line': b'-- Up-to-date: /ws/install/unitree_api/local/lib/python3.10/dist-packages/unitree_api/_unitree_api_s.ep.rosidl_typesupport_c.c\n'}
[2.199704] (unitree_api) StdoutLine: {'line': b'-- Up-to-date: /ws/install/unitree_api/local/lib/python3.10/dist-packages/unitree_api/__init__.py\n'}
[2.199849] (unitree_api) StdoutLine: {'line': b'-- Up-to-date: /ws/install/unitree_api/local/lib/python3.10/dist-packages/unitree_api/_unitree_api_s.ep.rosidl_typesupport_fastrtps_c.c\n'}
[2.200046] (cyclonedds) JobProgress: {'identifier': 'cyclonedds', 'progress': 'install'}
[2.200081] (cyclonedds) Command: {'cmd': ['/usr/bin/cmake', '--install', '/ws/build/cyclonedds'], 'cwd': '/ws/build/cyclonedds', 'env': OrderedDict([('HOSTNAME', 'pi'), ('SHLVL', '1'), ('LD_LIBRARY_PATH', '/ws/libtorch/lib:/opt/ros/humble/lib/aarch64-linux-gnu:/opt/ros/humble/lib'), ('HOME', '/root'), ('OLDPWD', '/'), ('ROS_PYTHON_VERSION', '3'), ('ROS_DISTRO', 'humble'), ('_', '/usr/bin/colcon'), ('ROS_VERSION', '2'), ('TERM', 'xterm'), ('ROS_LOCALHOST_ONLY', '0'), ('PATH', '/opt/ros/humble/bin:/usr/local/sbin:/usr/local/bin:/usr/sbin:/usr/bin:/sbin:/bin'), ('LANG', 'C.UTF-8'), ('LS_COLORS', 'rs=0:di=01;34:ln=01;36:mh=00:pi=40;33:so=01;35:do=01;35:bd=40;33;01:cd=40;33;01:or=40;31;01:mi=00:su=37;41:sg=30;43:ca=30;41:tw=30;42:ow=34;42:st=37;44:ex=01;32:*.tar=01;31:*.tgz=01;31:*.arc=01;31:*.arj=01;31:*.taz=01;31:*.lha=01;31:*.lz4=01;31:*.lzh=01;31:*.lzma=01;31:*.tlz=01;31:*.txz=01;31:*.tzo=01;31:*.t7z=01;31:*.zip=01;31:*.z=01;31:*.dz=01;31:*.gz=01;31:*.lrz=01;31:*.lz=01;31:*.lzo=01;31:*.xz=01;31:*.zst=01;31:*.tzst=01;31:*.bz2=01;31:*.bz=01;31:*.tbz=01;31:*.tbz2=01;31:*.tz=01;31:*.deb=01;31:*.rpm=01;31:*.jar=01;31:*.war=01;31:*.ear=01;31:*.sar=01;31:*.rar=01;31:*.alz=01;31:*.ace=01;31:*.zoo=01;31:*.cpio=01;31:*.7z=01;31:*.rz=01;31:*.cab=01;31:*.wim=01;31:*.swm=01;31:*.dwm=01;31:*.esd=01;31:*.jpg=01;35:*.jpeg=01;35:*.mjpg=01;35:*.mjpeg=01;35:*.gif=01;35:*.bmp=01;35:*.pbm=01;35:*.pgm=01;35:*.ppm=01;35:*.tga=01;35:*.xbm=01;35:*.xpm=01;35:*.tif=01;35:*.tiff=01;35:*.png=01;35:*.svg=01;35:*.svgz=01;35:*.mng=01;35:*.pcx=01;35:*.mov=01;35:*.mpg=01;35:*.mpeg=01;35:*.m2v=01;35:*.mkv=01;35:*.webm=01;35:*.webp=01;35:*.ogm=01;35:*.mp4=01;35:*.m4v=01;35:*.mp4v=01;35:*.vob=01;35:*.qt=01;35:*.nuv=01;35:*.wmv=01;35:*.asf=01;35:*.rm=01;35:*.rmvb=01;35:*.flc=01;35:*.avi=01;35:*.fli=01;35:*.flv=01;35:*.gl=01;35:*.dl=01;35:*.xcf=01;35:*.xwd=01;35:*.yuv=01;35:*.cgm=01;35:*.emf=01;35:*.ogv=01;35:*.ogx=01;35:*.aac=00;36:*.au=00;36:*.flac=00;36:*.m4a=00;36:*.mid=00;36:*.midi=00;36:*.mka=00;36:*.mp3=00;36:*.mpc=00;36:*.ogg=00;36:*.ra=00;36:*.wav=00;36:*.oga=00;36:*.opus=00;36:*.spx=00;36:*.xspf=00;36:'), ('AMENT_PREFIX_PATH', '/opt/ros/humble'), ('DEBIAN_FRONTEND', 'noninteractive'), ('Torch_DIR', '/ws/libtorch/share/cmake/Torch'), ('PWD', '/ws/build/cyclonedds'), ('LC_ALL', 'C.UTF-8'), ('PYTHONPATH', '/opt/ros/humble/lib/python3.10/site-packages:/opt/ros/humble/local/lib/python3.10/dist-packages'), ('COLCON', '1'), ('CMAKE_PREFIX_PATH', '/ws/libtorch::/opt/ros/humble')]), 'shell': False}
[2.200807] (unitree_go) StdoutLine: {'line': b'-- Install configuration: ""\n'}
[2.201056] (unitree_go) StdoutLine: {'line': b'-- Up-to-date: /ws/install/unitree_go/share/ament_index/resource_index/rosidl_interfaces/unitree_go\n'}
[2.201287] (unitree_go) StdoutLine: {'line': b'-- Up-to-date: /ws/install/unitree_go/include/unitree_go/unitree_go\n'}
[2.201514] (unitree_go) StdoutLine: {'line': b'-- Up-to-date: /ws/install/unitree_go/include/unitree_go/unitree_go/msg\n'}
[2.201690] (unitree_go) StdoutLine: {'line': b'-- Up-to-date: /ws/install/unitree_go/include/unitree_go/unitree_go/msg/low_cmd.h\n'}
[2.201863] (unitree_go) StdoutLine: {'line': b'-- Up-to-date: /ws/install/unitree_go/include/unitree_go/unitree_go/msg/motor_cmd.h\n'}
[2.201992] (unitree_go) StdoutLine: {'line': b'-- Up-to-date: /ws/install/unitree_go/include/unitree_go/unitree_go/msg/audio_data.h\n'}
[2.202173] (unitree_go) StdoutLine: {'line': b'-- Up-to-date: /ws/install/unitree_go/include/unitree_go/unitree_go/msg/lidar_state.h\n'}
[2.203394] (unitree_go) StdoutLine: {'line': b'-- Up-to-date: /ws/install/unitree_go/include/unitree_go/unitree_go/msg/height_map.h\n'}
[2.203546] (unitree_go) StdoutLine: {'line': b'-- Up-to-date: /ws/install/unitree_go/include/unitree_go/unitree_go/msg/go2_front_video_data.h\n'}
[2.203700] (unitree_go) StdoutLine: {'line': b'-- Up-to-date: /ws/install/unitree_go/include/unitree_go/unitree_go/msg/uwb_switch.h\n'}
[2.204626] (unitree_go) StdoutLine: {'line': b'-- Up-to-date: /ws/install/unitree_go/include/unitree_go/unitree_go/msg/motor_cmds.h\n'}
[2.204918] (unitree_go) StdoutLine: {'line': b'-- Up-to-date: /ws/install/unitree_go/include/unitree_go/unitree_go/msg/low_state.h\n'}
[2.205039] (unitree_go) StdoutLine: {'line': b'-- Up-to-date: /ws/install/unitree_go/include/unitree_go/unitree_go/msg/bms_cmd.h\n'}
[2.205124] (unitree_go) StdoutLine: {'line': b'-- Up-to-date: /ws/install/unitree_go/include/unitree_go/unitree_go/msg/res.h\n'}
[2.205202] (unitree_go) StdoutLine: {'line': b'-- Up-to-date: /ws/install/unitree_go/include/unitree_go/unitree_go/msg/wireless_controller.h\n'}
[2.205286] (ros2_unitree_legged_msgs) StdoutLine: {'line': b'[100%] Built target ament_cmake_python_build_ros2_unitree_legged_msgs_egg\n'}
[2.205397] (cyclonedds) StdoutLine: {'line': b'-- Install configuration: "RelWithDebInfo"\n'}
[2.205512] (cyclonedds) StdoutLine: {'line': b'-- Up-to-date: /ws/install/cyclonedds/lib/cmake/CycloneDDS/CycloneDDSConfig.cmake\n'}
[2.205605] (cyclonedds) StdoutLine: {'line': b'-- Up-to-date: /ws/install/cyclonedds/lib/cmake/CycloneDDS/CycloneDDSConfigVersion.cmake\n'}
[2.205691] (cyclonedds) StdoutLine: {'line': b'-- Up-to-date: /ws/install/cyclonedds/lib/cmake/CycloneDDS/CycloneDDSTargets.cmake\n'}
[2.205784] (cyclonedds) StdoutLine: {'line': b'-- Up-to-date: /ws/install/cyclonedds/lib/cmake/CycloneDDS/CycloneDDSTargets-relwithdebinfo.cmake\n'}
[2.205867] (cyclonedds) StdoutLine: {'line': b'-- Up-to-date: /ws/install/cyclonedds/lib/pkgconfig/CycloneDDS.pc\n'}
[2.205942] (cyclonedds) StdoutLine: {'line': b'-- Up-to-date: /ws/install/cyclonedds/include/idlc\n'}
[2.206017] (cyclonedds) StdoutLine: {'line': b'-- Up-to-date: /ws/install/cyclonedds/include/idlc/generator.h\n'}
[2.206094] (cyclonedds) StdoutLine: {'line': b'-- Up-to-date: /ws/install/cyclonedds/include/idlc/options.h\n'}
[2.206170] (cyclonedds) StdoutLine: {'line': b'-- Up-to-date: /ws/install/cyclonedds/bin/idlc\n'}
[2.206242] (cyclonedds) StdoutLine: {'line': b'-- Up-to-date: /ws/install/cyclonedds/lib/cmake/CycloneDDS/idlc/Generate.cmake\n'}
[2.206310] (cyclonedds) StdoutLine: {'line': b'-- Up-to-date: /ws/install/cyclonedds/bin/ddsperf\n'}
[2.206376] (cyclonedds) StdoutLine: {'line': b'-- Up-to-date: /ws/install/cyclonedds/include\n'}
[2.206453] (cyclonedds) StdoutLine: {'line': b'-- Up-to-date: /ws/install/cyclonedds/include/dds\n'}
[2.208147] (cyclonedds) StdoutLine: {'line': b'-- Up-to-date: /ws/install/cyclonedds/include/dds/ddsrt\n'}
[2.208884] (cyclonedds) StdoutLine: {'line': b'-- Up-to-date: /ws/install/cyclonedds/include/dds/ddsrt/static_assert.h\n'}
[2.208973] (cyclonedds) StdoutLine: {'line': b'-- Up-to-date: /ws/install/cyclonedds/include/dds/ddsrt/atomics.h\n'}
[2.209045] (cyclonedds) StdoutLine: {'line': b'-- Up-to-date: /ws/install/cyclonedds/include/dds/ddsrt/dynlib.h\n'}
[2.209127] (cyclonedds) StdoutLine: {'line': b'-- Up-to-date: /ws/install/cyclonedds/include/dds/ddsrt/bswap.h\n'}
[2.209201] (cyclonedds) StdoutLine: {'line': b'-- Up-to-date: /ws/install/cyclonedds/include/dds/ddsrt/mh3.h\n'}
[2.209276] (cyclonedds) StdoutLine: {'line': b'-- Up-to-date: /ws/install/cyclonedds/include/dds/ddsrt/expand_vars.h\n'}
[2.209348] (cyclonedds) StdoutLine: {'line': b'-- Up-to-date: /ws/install/cyclonedds/include/dds/ddsrt/types\n'}
[2.209417] (cyclonedds) StdoutLine: {'line': b'-- Up-to-date: /ws/install/cyclonedds/include/dds/ddsrt/types/posix.h\n'}
[2.210598] (cyclonedds) StdoutLine: {'line': b'-- Up-to-date: /ws/install/cyclonedds/include/dds/ddsrt/types/windows.h\n'}
[2.210758] (cyclonedds) StdoutLine: {'line': b'-- Up-to-date: /ws/install/cyclonedds/include/dds/ddsrt/types/vxworks.h\n'}
[2.210830] (cyclonedds) StdoutLine: {'line': b'-- Up-to-date: /ws/install/cyclonedds/include/dds/ddsrt/align.h\n'}
[2.210899] (cyclonedds) StdoutLine: {'line': b'-- Up-to-date: /ws/install/cyclonedds/include/dds/ddsrt/md5.h\n'}
[2.210966] (cyclonedds) StdoutLine: {'line': b'-- Up-to-date: /ws/install/cyclonedds/include/dds/ddsrt/sockets.h\n'}
[2.211032] (cyclonedds) StdoutLine: {'line': b'-- Up-to-date: /ws/install/cyclonedds/include/dds/ddsrt/atomics\n'}
[2.211140] (cyclonedds) StdoutLine: {'line': b'-- Up-to-date: /ws/install/cyclonedds/include/dds/ddsrt/atomics/gcc.h\n'}
[2.211208] (cyclonedds) StdoutLine: {'line': b'-- Up-to-date: /ws/install/cyclonedds/include/dds/ddsrt/atomics/arm.h\n'}
[2.211271] (cyclonedds) StdoutLine: {'line': b'-- Up-to-date: /ws/install/cyclonedds/include/dds/ddsrt/atomics/msvc.h\n'}
[2.211336] (cyclonedds) StdoutLine: {'line': b'-- Up-to-date: /ws/install/cyclonedds/include/dds/ddsrt/atomics/sun.h\n'}
[2.211404] (cyclonedds) StdoutLine: {'line': b'-- Up-to-date: /ws/install/cyclonedds/include/dds/ddsrt/sched.h\n'}
[2.211480] (cyclonedds) StdoutLine: {'line': b'-- Up-to-date: /ws/install/cyclonedds/include/dds/ddsrt/iovec.h\n'}
[2.211862] (cyclonedds) StdoutLine: {'line': b'-- Up-to-date: /ws/install/cyclonedds/include/dds/ddsrt/strtod.h\n'}
[2.211966] (cyclonedds) StdoutLine: {'line': b'-- Up-to-date: /ws/install/cyclonedds/include/dds/ddsrt/arch.h\n'}
[2.212042] (cyclonedds) StdoutLine: {'line': b'-- Up-to-date: /ws/install/cyclonedds/include/dds/ddsrt/retcode.h\n'}
[2.212977] (cyclonedds) StdoutLine: {'line': b'-- Up-to-date: /ws/install/cyclonedds/include/dds/ddsrt/string.h\n'}
[2.215106] (cyclonedds) StdoutLine: {'line': b'-- Up-to-date: /ws/install/cyclonedds/include/dds/ddsrt/ifaddrs.h\n'}
[2.215285] (cyclonedds) StdoutLine: {'line': b'-- Up-to-date: /ws/install/cyclonedds/include/dds/ddsrt/log.h\n'}
[2.215420] (cyclonedds) StdoutLine: {'line': b'-- Up-to-date: /ws/install/cyclonedds/include/dds/ddsrt/threads.h\n'}
[2.215665] (cyclonedds) StdoutLine: {'line': b'-- Up-to-date: /ws/install/cyclonedds/include/dds/ddsrt/hopscotch.h\n'}
[2.216097] (cyclonedds) StdoutLine: {'line': b'-- Up-to-date: /ws/install/cyclonedds/include/dds/ddsrt/xmlparser.h\n'}
[2.216205] (cyclonedds) StdoutLine: {'line': b'-- Up-to-date: /ws/install/cyclonedds/include/dds/ddsrt/attributes.h\n'}
[2.216291] (cyclonedds) StdoutLine: {'line': b'-- Up-to-date: /ws/install/cyclonedds/include/dds/ddsrt/circlist.h\n'}
[2.216370] (cyclonedds) StdoutLine: {'line': b'-- Up-to-date: /ws/install/cyclonedds/include/dds/ddsrt/misc.h\n'}
[2.216447] (cyclonedds) StdoutLine: {'line': b'-- Up-to-date: /ws/install/cyclonedds/include/dds/ddsrt/sync.h\n'}
[2.216549] (cyclonedds) StdoutLine: {'line': b'-- Up-to-date: /ws/install/cyclonedds/include/dds/ddsrt/types.h\n'}
[2.216628] (cyclonedds) StdoutLine: {'line': b'-- Up-to-date: /ws/install/cyclonedds/include/dds/ddsrt/time\n'}
[2.217694] (cyclonedds) StdoutLine: {'line': b'-- Up-to-date: /ws/install/cyclonedds/include/dds/ddsrt/time/freertos.h\n'}
[2.218291] (cyclonedds) StdoutLine: {'line': b'-- Up-to-date: /ws/install/cyclonedds/include/dds/ddsrt/random.h\n'}
[2.218388] (cyclonedds) StdoutLine: {'line': b'-- Up-to-date: /ws/install/cyclonedds/include/dds/ddsrt/filesystem.h\n'}
[2.218497] (cyclonedds) StdoutLine: {'line': b'-- Up-to-date: /ws/install/cyclonedds/include/dds/ddsrt/time.h\n'}
[2.218899] (cyclonedds) StdoutLine: {'line': b'-- Up-to-date: /ws/install/cyclonedds/include/dds/ddsrt/threads\n'}
[2.219025] (cyclonedds) StdoutLine: {'line': b'-- Up-to-date: /ws/install/cyclonedds/include/dds/ddsrt/threads/posix.h\n'}
[2.219104] (cyclonedds) StdoutLine: {'line': b'-- Up-to-date: /ws/install/cyclonedds/include/dds/ddsrt/threads/windows.h\n'}
[2.219177] (cyclonedds) StdoutLine: {'line': b'-- Up-to-date: /ws/install/cyclonedds/include/dds/ddsrt/threads/freertos.h\n'}
[2.219246] (cyclonedds) StdoutLine: {'line': b'-- Up-to-date: /ws/install/cyclonedds/include/dds/ddsrt/cdtors.h\n'}
[2.219321] (cyclonedds) StdoutLine: {'line': b'-- Up-to-date: /ws/install/cyclonedds/include/dds/ddsrt/process.h\n'}
[2.219393] (cyclonedds) StdoutLine: {'line': b'-- Up-to-date: /ws/install/cyclonedds/include/dds/ddsrt/fibheap.h\n'}
[2.219462] (cyclonedds) StdoutLine: {'line': b'-- Up-to-date: /ws/install/cyclonedds/include/dds/ddsrt/netstat.h\n'}
[2.219602] (cyclonedds) StdoutLine: {'line': b'-- Up-to-date: /ws/install/cyclonedds/include/dds/ddsrt/sockets\n'}
[2.219676] (cyclonedds) StdoutLine: {'line': b'-- Up-to-date: /ws/install/cyclonedds/include/dds/ddsrt/sockets/posix.h\n'}
[2.219784] (cyclonedds) StdoutLine: {'line': b'-- Up-to-date: /ws/install/cyclonedds/include/dds/ddsrt/sockets/windows.h\n'}
[2.219864] (cyclonedds) StdoutLine: {'line': b'-- Up-to-date: /ws/install/cyclonedds/include/dds/ddsrt/sync\n'}
[2.219936] (cyclonedds) StdoutLine: {'line': b'-- Up-to-date: /ws/install/cyclonedds/include/dds/ddsrt/sync/posix.h\n'}
[2.220031] (cyclonedds) StdoutLine: {'line': b'-- Up-to-date: /ws/install/cyclonedds/include/dds/ddsrt/sync/windows.h\n'}
[2.220119] (cyclonedds) StdoutLine: {'line': b'-- Up-to-date: /ws/install/cyclonedds/include/dds/ddsrt/sync/freertos.h\n'}
[2.220196] (cyclonedds) StdoutLine: {'line': b'-- Up-to-date: /ws/install/cyclonedds/include/dds/ddsrt/filesystem\n'}
[2.220264] (cyclonedds) StdoutLine: {'line': b'-- Up-to-date: /ws/install/cyclonedds/include/dds/ddsrt/filesystem/posix.h\n'}
[2.220332] (cyclonedds) StdoutLine: {'line': b'-- Up-to-date: /ws/install/cyclonedds/include/dds/ddsrt/filesystem/windows.h\n'}
[2.220399] (cyclonedds) StdoutLine: {'line': b'-- Up-to-date: /ws/install/cyclonedds/include/dds/ddsrt/heap.h\n'}
[2.220484] (cyclonedds) StdoutLine: {'line': b'-- Up-to-date: /ws/install/cyclonedds/include/dds/ddsrt/endian.h\n'}
[2.220571] (cyclonedds) StdoutLine: {'line': b'-- Up-to-date: /ws/install/cyclonedds/include/dds/ddsrt/environ.h\n'}
[2.220640] (cyclonedds) StdoutLine: {'line': b'-- Up-to-date: /ws/install/cyclonedds/include/dds/ddsrt/countargs.h\n'}
[2.220707] (cyclonedds) StdoutLine: {'line': b'-- Up-to-date: /ws/install/cyclonedds/include/dds/ddsrt/avl.h\n'}
[2.220772] (cyclonedds) StdoutLine: {'line': b'-- Up-to-date: /ws/install/cyclonedds/include/dds/ddsrt/rusage.h\n'}
[2.220841] (cyclonedds) StdoutLine: {'line': b'-- Up-to-date: /ws/install/cyclonedds/include/dds/ddsrt/strtol.h\n'}
[2.220911] (cyclonedds) StdoutLine: {'line': b'-- Up-to-date: /ws/install/cyclonedds/include/dds/ddsrt/io.h\n'}
[2.220983] (cyclonedds) StdoutLine: {'line': b'-- Up-to-date: /ws/install/cyclonedds/include\n'}
[2.221056] (cyclonedds) StdoutLine: {'line': b'-- Up-to-date: /ws/install/cyclonedds/include/dds\n'}
[2.221128] (cyclonedds) StdoutLine: {'line': b'-- Up-to-date: /ws/install/cyclonedds/include/dds/version.h\n'}
[2.221202] (cyclonedds) StdoutLine: {'line': b'-- Up-to-date: /ws/install/cyclonedds/include/dds/features.h\n'}
[2.221272] (cyclonedds) StdoutLine: {'line': b'-- Up-to-date: /ws/install/cyclonedds/include/dds/config.h\n'}
[2.221344] (unitree_go) StdoutLine: {'line': b'-- Up-to-date: /ws/install/unitree_go/include/unitree_go/unitree_go/msg/motor_states.h\n'}
[2.221439] (ros2_unitree_legged_msgs) CommandEnded: {'returncode': 0}
[2.225189] (cyclonedds) StdoutLine: {'line': b'-- Up-to-date: /ws/install/cyclonedds/include/idl\n'}
[2.225354] (unitree_go) StdoutLine: {'line': b'-- Up-to-date: /ws/install/unitree_go/include/unitree_go/unitree_go/msg/sport_mode_cmd.h\n'}
[2.225459] (unitree_go) StdoutLine: {'line': b'-- Up-to-date: /ws/install/unitree_go/include/unitree_go/unitree_go/msg/time_spec.h\n'}
[2.230110] (unitree_go) StdoutLine: {'line': b'-- Up-to-date: /ws/install/unitree_go/include/unitree_go/unitree_go/msg/sport_mode_state.h\n'}
[2.230248] (unitree_go) StdoutLine: {'line': b'-- Up-to-date: /ws/install/unitree_go/include/unitree_go/unitree_go/msg/motor_state.h\n'}
[2.230332] (unitree_go) StdoutLine: {'line': b'-- Up-to-date: /ws/install/unitree_go/include/unitree_go/unitree_go/msg/interface_config.h\n'}
[2.230404] (unitree_go) StdoutLine: {'line': b'-- Up-to-date: /ws/install/unitree_go/include/unitree_go/unitree_go/msg/error.h\n'}
[2.230545] (unitree_go) StdoutLine: {'line': b'-- Up-to-date: /ws/install/unitree_go/include/unitree_go/unitree_go/msg/bms_state.h\n'}
[2.230629] (unitree_go) StdoutLine: {'line': b'-- Up-to-date: /ws/install/unitree_go/include/unitree_go/unitree_go/msg/uwb_state.h\n'}
[2.230710] (unitree_go) StdoutLine: {'line': b'-- Up-to-date: /ws/install/unitree_go/include/unitree_go/unitree_go/msg/rosidl_generator_c__visibility_control.h\n'}
[2.230788] (unitree_go) StdoutLine: {'line': b'-- Up-to-date: /ws/install/unitree_go/include/unitree_go/unitree_go/msg/path_point.h\n'}
[2.230877] (unitree_go) StdoutLine: {'line': b'-- Up-to-date: /ws/install/unitree_go/include/unitree_go/unitree_go/msg/imu_state.h\n'}
[2.230947] (unitree_go) StdoutLine: {'line': b'-- Up-to-date: /ws/install/unitree_go/include/unitree_go/unitree_go/msg/req.h\n'}
[2.231017] (unitree_go) StdoutLine: {'line': b'-- Up-to-date: /ws/install/unitree_go/include/unitree_go/unitree_go/msg/detail\n'}
[2.231083] (unitree_go) StdoutLine: {'line': b'-- Up-to-date: /ws/install/unitree_go/include/unitree_go/unitree_go/msg/detail/uwb_switch__functions.h\n'}
[2.231154] (unitree_go) StdoutLine: {'line': b'-- Up-to-date: /ws/install/unitree_go/include/unitree_go/unitree_go/msg/detail/res__struct.h\n'}
[2.231222] (unitree_go) StdoutLine: {'line': b'-- Up-to-date: /ws/install/unitree_go/include/unitree_go/unitree_go/msg/detail/motor_cmds__type_support.h\n'}
[2.231292] (unitree_go) StdoutLine: {'line': b'-- Up-to-date: /ws/install/unitree_go/include/unitree_go/unitree_go/msg/detail/motor_state__struct.h\n'}
[2.231358] (unitree_go) StdoutLine: {'line': b'-- Up-to-date: /ws/install/unitree_go/include/unitree_go/unitree_go/msg/detail/path_point__functions.h\n'}
[2.231424] (unitree_go) StdoutLine: {'line': b'-- Up-to-date: /ws/install/unitree_go/include/unitree_go/unitree_go/msg/detail/path_point__struct.h\n'}
[2.231512] (unitree_go) StdoutLine: {'line': b'-- Up-to-date: /ws/install/unitree_go/include/unitree_go/unitree_go/msg/detail/time_spec__struct.h\n'}
[2.231586] (unitree_go) StdoutLine: {'line': b'-- Up-to-date: /ws/install/unitree_go/include/unitree_go/unitree_go/msg/detail/sport_mode_state__struct.h\n'}
[2.231653] (unitree_go) StdoutLine: {'line': b'-- Up-to-date: /ws/install/unitree_go/include/unitree_go/unitree_go/msg/detail/error__functions.c\n'}
[2.231719] (unitree_go) StdoutLine: {'line': b'-- Up-to-date: /ws/install/unitree_go/include/unitree_go/unitree_go/msg/detail/req__struct.h\n'}
[2.231783] (unitree_go) StdoutLine: {'line': b'-- Up-to-date: /ws/install/unitree_go/include/unitree_go/unitree_go/msg/detail/uwb_state__functions.h\n'}
[2.231849] (unitree_go) StdoutLine: {'line': b'-- Up-to-date: /ws/install/unitree_go/include/unitree_go/unitree_go/msg/detail/height_map__functions.c\n'}
[2.231913] (unitree_go) StdoutLine: {'line': b'-- Up-to-date: /ws/install/unitree_go/include/unitree_go/unitree_go/msg/detail/motor_states__functions.h\n'}
[2.231982] (unitree_go) StdoutLine: {'line': b'-- Up-to-date: /ws/install/unitree_go/include/unitree_go/unitree_go/msg/detail/low_state__type_support.h\n'}
[2.232047] (unitree_go) StdoutLine: {'line': b'-- Up-to-date: /ws/install/unitree_go/include/unitree_go/unitree_go/msg/detail/go2_front_video_data__struct.h\n'}
[2.232113] (unitree_go) StdoutLine: {'line': b'-- Up-to-date: /ws/install/unitree_go/include/unitree_go/unitree_go/msg/detail/sport_mode_cmd__functions.h\n'}
[2.232181] (unitree_go) StdoutLine: {'line': b'-- Up-to-date: /ws/install/unitree_go/include/unitree_go/unitree_go/msg/detail/sport_mode_cmd__functions.c\n'}
[2.232245] (unitree_go) StdoutLine: {'line': b'-- Up-to-date: /ws/install/unitree_go/include/unitree_go/unitree_go/msg/detail/low_cmd__struct.h\n'}
[2.232309] (unitree_go) StdoutLine: {'line': b'-- Up-to-date: /ws/install/unitree_go/include/unitree_go/unitree_go/msg/detail/error__struct.h\n'}
[2.232373] (unitree_go) StdoutLine: {'line': b'-- Up-to-date: /ws/install/unitree_go/include/unitree_go/unitree_go/msg/detail/time_spec__type_support.h\n'}
[2.232439] (unitree_go) StdoutLine: {'line': b'-- Up-to-date: /ws/install/unitree_go/include/unitree_go/unitree_go/msg/detail/bms_state__struct.h\n'}
[2.237007] (unitree_go) StdoutLine: {'line': b'-- Up-to-date: /ws/install/unitree_go/include/unitree_go/unitree_go/msg/detail/motor_state__functions.h\n'}
[2.237176] (unitree_go) StdoutLine: {'line': b'-- Up-to-date: /ws/install/unitree_go/include/unitree_go/unitree_go/msg/detail/motor_cmds__functions.c\n'}
[2.237276] (unitree_go) StdoutLine: {'line': b'-- Up-to-date: /ws/install/unitree_go/include/unitree_go/unitree_go/msg/detail/uwb_switch__type_support.h\n'}
[2.237368] (unitree_go) StdoutLine: {'line': b'-- Up-to-date: /ws/install/unitree_go/include/unitree_go/unitree_go/msg/detail/res__type_support.h\n'}
[2.237442] (unitree_go) StdoutLine: {'line': b'-- Up-to-date: /ws/install/unitree_go/include/unitree_go/unitree_go/msg/detail/low_state__functions.h\n'}
[2.237982] (unitree_go) StdoutLine: {'line': b'-- Up-to-date: /ws/install/unitree_go/include/unitree_go/unitree_go/msg/detail/res__functions.c\n'}
[2.238158] (unitree_go) StdoutLine: {'line': b'-- Up-to-date: /ws/install/unitree_go/include/unitree_go/unitree_go/msg/detail/bms_state__functions.h\n'}
[2.238307] (ros2_unitree_legged_msgs) JobProgress: {'identifier': 'ros2_unitree_legged_msgs', 'progress': 'install'}
[2.238369] (ros2_unitree_legged_msgs) Command: {'cmd': ['/usr/bin/cmake', '--install', '/ws/build/ros2_unitree_legged_msgs'], 'cwd': '/ws/build/ros2_unitree_legged_msgs', 'env': OrderedDict([('HOSTNAME', 'pi'), ('SHLVL', '1'), ('LD_LIBRARY_PATH', '/ws/libtorch/lib:/opt/ros/humble/lib/aarch64-linux-gnu:/opt/ros/humble/lib'), ('HOME', '/root'), ('OLDPWD', '/'), ('ROS_PYTHON_VERSION', '3'), ('ROS_DISTRO', 'humble'), ('_', '/usr/bin/colcon'), ('ROS_VERSION', '2'), ('TERM', 'xterm'), ('ROS_LOCALHOST_ONLY', '0'), ('PATH', '/opt/ros/humble/bin:/usr/local/sbin:/usr/local/bin:/usr/sbin:/usr/bin:/sbin:/bin'), ('LANG', 'C.UTF-8'), ('LS_COLORS', 'rs=0:di=01;34:ln=01;36:mh=00:pi=40;33:so=01;35:do=01;35:bd=40;33;01:cd=40;33;01:or=40;31;01:mi=00:su=37;41:sg=30;43:ca=30;41:tw=30;42:ow=34;42:st=37;44:ex=01;32:*.tar=01;31:*.tgz=01;31:*.arc=01;31:*.arj=01;31:*.taz=01;31:*.lha=01;31:*.lz4=01;31:*.lzh=01;31:*.lzma=01;31:*.tlz=01;31:*.txz=01;31:*.tzo=01;31:*.t7z=01;31:*.zip=01;31:*.z=01;31:*.dz=01;31:*.gz=01;31:*.lrz=01;31:*.lz=01;31:*.lzo=01;31:*.xz=01;31:*.zst=01;31:*.tzst=01;31:*.bz2=01;31:*.bz=01;31:*.tbz=01;31:*.tbz2=01;31:*.tz=01;31:*.deb=01;31:*.rpm=01;31:*.jar=01;31:*.war=01;31:*.ear=01;31:*.sar=01;31:*.rar=01;31:*.alz=01;31:*.ace=01;31:*.zoo=01;31:*.cpio=01;31:*.7z=01;31:*.rz=01;31:*.cab=01;31:*.wim=01;31:*.swm=01;31:*.dwm=01;31:*.esd=01;31:*.jpg=01;35:*.jpeg=01;35:*.mjpg=01;35:*.mjpeg=01;35:*.gif=01;35:*.bmp=01;35:*.pbm=01;35:*.pgm=01;35:*.ppm=01;35:*.tga=01;35:*.xbm=01;35:*.xpm=01;35:*.tif=01;35:*.tiff=01;35:*.png=01;35:*.svg=01;35:*.svgz=01;35:*.mng=01;35:*.pcx=01;35:*.mov=01;35:*.mpg=01;35:*.mpeg=01;35:*.m2v=01;35:*.mkv=01;35:*.webm=01;35:*.webp=01;35:*.ogm=01;35:*.mp4=01;35:*.m4v=01;35:*.mp4v=01;35:*.vob=01;35:*.qt=01;35:*.nuv=01;35:*.wmv=01;35:*.asf=01;35:*.rm=01;35:*.rmvb=01;35:*.flc=01;35:*.avi=01;35:*.fli=01;35:*.flv=01;35:*.gl=01;35:*.dl=01;35:*.xcf=01;35:*.xwd=01;35:*.yuv=01;35:*.cgm=01;35:*.emf=01;35:*.ogv=01;35:*.ogx=01;35:*.aac=00;36:*.au=00;36:*.flac=00;36:*.m4a=00;36:*.mid=00;36:*.midi=00;36:*.mka=00;36:*.mp3=00;36:*.mpc=00;36:*.ogg=00;36:*.ra=00;36:*.wav=00;36:*.oga=00;36:*.opus=00;36:*.spx=00;36:*.xspf=00;36:'), ('AMENT_PREFIX_PATH', '/opt/ros/humble'), ('DEBIAN_FRONTEND', 'noninteractive'), ('Torch_DIR', '/ws/libtorch/share/cmake/Torch'), ('PWD', '/ws/build/ros2_unitree_legged_msgs'), ('LC_ALL', 'C.UTF-8'), ('PYTHONPATH', '/opt/ros/humble/lib/python3.10/site-packages:/opt/ros/humble/local/lib/python3.10/dist-packages'), ('COLCON', '1'), ('CMAKE_PREFIX_PATH', '/ws/libtorch::/opt/ros/humble')]), 'shell': False}
[2.239041] (cyclonedds) StdoutLine: {'line': b'-- Up-to-date: /ws/install/cyclonedds/include/idl/stream.h\n'}
[2.239210] (cyclonedds) StdoutLine: {'line': b'-- Up-to-date: /ws/install/cyclonedds/include/idl/symbol.h\n'}
[2.239414] (cyclonedds) StdoutLine: {'line': b'-- Up-to-date: /ws/install/cyclonedds/include/idl/visit.h\n'}
[2.240960] (cyclonedds) StdoutLine: {'line': b'-- Up-to-date: /ws/install/cyclonedds/include/idl/scope.h\n'}
[2.241099] (cyclonedds) StdoutLine: {'line': b'-- Up-to-date: /ws/install/cyclonedds/include/idl/retcode.h\n'}
[2.241200] (cyclonedds) StdoutLine: {'line': b'-- Up-to-date: /ws/install/cyclonedds/include/idl/string.h\n'}
[2.241279] (cyclonedds) StdoutLine: {'line': b'-- Up-to-date: /ws/install/cyclonedds/include/idl/print.h\n'}
[2.241374] (cyclonedds) StdoutLine: {'line': b'-- Up-to-date: /ws/install/cyclonedds/include/idl/tree.h\n'}
[2.241446] (cyclonedds) StdoutLine: {'line': b'-- Up-to-date: /ws/install/cyclonedds/include/idl/expression.h\n'}
[2.241586] (cyclonedds) StdoutLine: {'line': b'-- Up-to-date: /ws/install/cyclonedds/include/idl/file.h\n'}
[2.241671] (cyclonedds) StdoutLine: {'line': b'-- Up-to-date: /ws/install/cyclonedds/include/idl/processor.h\n'}
[2.241742] (cyclonedds) StdoutLine: {'line': b'-- Up-to-date: /ws/install/cyclonedds/include/idl\n'}
[2.241818] (cyclonedds) StdoutLine: {'line': b'-- Up-to-date: /ws/install/cyclonedds/include/idl/version.h\n'}
[2.241891] (cyclonedds) StdoutLine: {'line': b'-- Up-to-date: /ws/install/cyclonedds/include/idl/export.h\n'}
[2.241970] (cyclonedds) StdoutLine: {'line': b'-- Up-to-date: /ws/install/cyclonedds/include/idl/md5.h\n'}
[2.242041] (cyclonedds) StdoutLine: {'line': b'-- Up-to-date: /ws/install/cyclonedds/include/idl/attributes.h\n'}
[2.242111] (cyclonedds) StdoutLine: {'line': b'-- Up-to-date: /ws/install/cyclonedds/include/idl/misc.h\n'}
[2.242184] (cyclonedds) StdoutLine: {'line': b'-- Up-to-date: /ws/install/cyclonedds/include/idl/endian.h\n'}
[2.242264] (cyclonedds) StdoutLine: {'line': b'-- Up-to-date: /ws/install/cyclonedds/lib/libcycloneddsidl.so.0.10.5\n'}
[2.242362] (cyclonedds) StdoutLine: {'line': b'-- Up-to-date: /ws/install/cyclonedds/lib/libcycloneddsidl.so.0\n'}
[2.242457] (cyclonedds) StdoutLine: {'line': b'-- Up-to-date: /ws/install/cyclonedds/lib/libcycloneddsidl.so\n'}
[2.244143] (cyclonedds) StdoutLine: {'line': b'-- Up-to-date: /ws/install/cyclonedds/include\n'}
[2.244252] (cyclonedds) StdoutLine: {'line': b'-- Up-to-date: /ws/install/cyclonedds/include/dds\n'}
[2.244329] (cyclonedds) StdoutLine: {'line': b'-- Up-to-date: /ws/install/cyclonedds/include/dds/security\n'}
[2.244404] (cyclonedds) StdoutLine: {'line': b'-- Up-to-date: /ws/install/cyclonedds/include/dds/security/dds_security_api_defs.h\n'}
[2.244499] (cyclonedds) StdoutLine: {'line': b'-- Up-to-date: /ws/install/cyclonedds/include/dds/security/dds_security_api_access_control.h\n'}
[2.244586] (cyclonedds) StdoutLine: {'line': b'-- Up-to-date: /ws/install/cyclonedds/include/dds/security/dds_security_api_err.h\n'}
[2.244655] (cyclonedds) StdoutLine: {'line': b'-- Up-to-date: /ws/install/cyclonedds/include/dds/security/dds_security_api_types.h\n'}
[2.244768] (cyclonedds) StdoutLine: {'line': b'-- Up-to-date: /ws/install/cyclonedds/include/dds/security/dds_security_api_authentication.h\n'}
[2.244842] (unitree_go) StdoutLine: {'line': b'-- Up-to-date: /ws/install/unitree_go/include/unitree_go/unitree_go/msg/detail/motor_cmd__functions.c\n'}
[2.244935] (unitree_go) StdoutLine: {'line': b'-- Up-to-date: /ws/install/unitree_go/include/unitree_go/unitree_go/msg/detail/low_state__struct.h\n'}
[2.245007] (unitree_go) StdoutLine: {'line': b'-- Up-to-date: /ws/install/unitree_go/include/unitree_go/unitree_go/msg/detail/low_cmd__functions.h\n'}
[2.245085] (unitree_go) StdoutLine: {'line': b'-- Up-to-date: /ws/install/unitree_go/include/unitree_go/unitree_go/msg/detail/go2_front_video_data__type_support.h\n'}
[2.245155] (unitree_go) StdoutLine: {'line': b'-- Up-to-date: /ws/install/unitree_go/include/unitree_go/unitree_go/msg/detail/audio_data__functions.c\n'}
[2.245226] (unitree_go) StdoutLine: {'line': b'-- Up-to-date: /ws/install/unitree_go/include/unitree_go/unitree_go/msg/detail/interface_config__functions.h\n'}
[2.245321] (unitree_go) StdoutLine: {'line': b'-- Up-to-date: /ws/install/unitree_go/include/unitree_go/unitree_go/msg/detail/lidar_state__struct.h\n'}
[2.245390] (unitree_go) StdoutLine: {'line': b'-- Up-to-date: /ws/install/unitree_go/include/unitree_go/unitree_go/msg/detail/error__functions.h\n'}
[2.245458] (unitree_go) StdoutLine: {'line': b'-- Up-to-date: /ws/install/unitree_go/include/unitree_go/unitree_go/msg/detail/imu_state__type_support.h\n'}
[2.245569] (unitree_go) StdoutLine: {'line': b'-- Up-to-date: /ws/install/unitree_go/include/unitree_go/unitree_go/msg/detail/bms_cmd__type_support.h\n'}
[2.245654] (unitree_go) StdoutLine: {'line': b'-- Up-to-date: /ws/install/unitree_go/include/unitree_go/unitree_go/msg/detail/low_cmd__type_support.h\n'}
[2.245724] (unitree_go) StdoutLine: {'line': b'-- Up-to-date: /ws/install/unitree_go/include/unitree_go/unitree_go/msg/detail/sport_mode_state__functions.h\n'}
[2.245792] (unitree_go) StdoutLine: {'line': b'-- Up-to-date: /ws/install/unitree_go/include/unitree_go/unitree_go/msg/detail/height_map__type_support.h\n'}
[2.245861] (unitree_go) StdoutLine: {'line': b'-- Up-to-date: /ws/install/unitree_go/include/unitree_go/unitree_go/msg/detail/req__type_support.h\n'}
[2.245928] (unitree_go) StdoutLine: {'line': b'-- Up-to-date: /ws/install/unitree_go/include/unitree_go/unitree_go/msg/detail/bms_cmd__functions.c\n'}
[2.246000] (unitree_go) StdoutLine: {'line': b'-- Up-to-date: /ws/install/unitree_go/include/unitree_go/unitree_go/msg/detail/bms_cmd__functions.h\n'}
[2.246074] (unitree_go) StdoutLine: {'line': b'-- Up-to-date: /ws/install/unitree_go/include/unitree_go/unitree_go/msg/detail/low_state__functions.c\n'}
[2.246146] (unitree_go) StdoutLine: {'line': b'-- Up-to-date: /ws/install/unitree_go/include/unitree_go/unitree_go/msg/detail/motor_cmd__struct.h\n'}
[2.246211] (unitree_go) StdoutLine: {'line': b'-- Up-to-date: /ws/install/unitree_go/include/unitree_go/unitree_go/msg/detail/imu_state__functions.h\n'}
[2.246281] (unitree_go) StdoutLine: {'line': b'-- Up-to-date: /ws/install/unitree_go/include/unitree_go/unitree_go/msg/detail/motor_states__functions.c\n'}
[2.246348] (unitree_go) StdoutLine: {'line': b'-- Up-to-date: /ws/install/unitree_go/include/unitree_go/unitree_go/msg/detail/audio_data__functions.h\n'}
[2.246416] (unitree_go) StdoutLine: {'line': b'-- Up-to-date: /ws/install/unitree_go/include/unitree_go/unitree_go/msg/detail/path_point__type_support.h\n'}
[2.249394] (-) TimerEvent: {}
[2.254511] (unitree_go) StdoutLine: {'line': b'-- Up-to-date: /ws/install/unitree_go/include/unitree_go/unitree_go/msg/detail/bms_cmd__struct.h\n'}
[2.254964] (unitree_go) StdoutLine: {'line': b'-- Up-to-date: /ws/install/unitree_go/include/unitree_go/unitree_go/msg/detail/req__functions.c\n'}
[2.259108] (unitree_go) StdoutLine: {'line': b'-- Up-to-date: /ws/install/unitree_go/include/unitree_go/unitree_go/msg/detail/uwb_state__struct.h\n'}
[2.259328] (unitree_go) StdoutLine: {'line': b'-- Up-to-date: /ws/install/unitree_go/include/unitree_go/unitree_go/msg/detail/imu_state__functions.c\n'}
[2.259443] (unitree_go) StdoutLine: {'line': b'-- Up-to-date: /ws/install/unitree_go/include/unitree_go/unitree_go/msg/detail/wireless_controller__functions.c\n'}
[2.259608] (unitree_go) StdoutLine: {'line': b'-- Up-to-date: /ws/install/unitree_go/include/unitree_go/unitree_go/msg/detail/time_spec__functions.c\n'}
[2.259735] (unitree_go) StdoutLine: {'line': b'-- Up-to-date: /ws/install/unitree_go/include/unitree_go/unitree_go/msg/detail/interface_config__type_support.h\n'}
[2.259835] (unitree_go) StdoutLine: {'line': b'-- Up-to-date: /ws/install/unitree_go/include/unitree_go/unitree_go/msg/detail/motor_states__type_support.h\n'}
[2.259924] (unitree_go) StdoutLine: {'line': b'-- Up-to-date: /ws/install/unitree_go/include/unitree_go/unitree_go/msg/detail/wireless_controller__functions.h\n'}
[2.260051] (unitree_go) StdoutLine: {'line': b'-- Up-to-date: /ws/install/unitree_go/include/unitree_go/unitree_go/msg/detail/lidar_state__functions.h\n'}
[2.260155] (unitree_go) StdoutLine: {'line': b'-- Up-to-date: /ws/install/unitree_go/include/unitree_go/unitree_go/msg/detail/uwb_state__type_support.h\n'}
[2.260253] (unitree_go) StdoutLine: {'line': b'-- Up-to-date: /ws/install/unitree_go/include/unitree_go/unitree_go/msg/detail/bms_state__functions.c\n'}
[2.260351] (unitree_go) StdoutLine: {'line': b'-- Up-to-date: /ws/install/unitree_go/include/unitree_go/unitree_go/msg/detail/res__functions.h\n'}
[2.260439] (unitree_go) StdoutLine: {'line': b'-- Up-to-date: /ws/install/unitree_go/include/unitree_go/unitree_go/msg/detail/wireless_controller__struct.h\n'}
[2.260582] (unitree_go) StdoutLine: {'line': b'-- Up-to-date: /ws/install/unitree_go/include/unitree_go/unitree_go/msg/detail/sport_mode_state__type_support.h\n'}
[2.260701] (unitree_go) StdoutLine: {'line': b'-- Up-to-date: /ws/install/unitree_go/include/unitree_go/unitree_go/msg/detail/motor_cmds__functions.h\n'}
[2.260789] (unitree_go) StdoutLine: {'line': b'-- Up-to-date: /ws/install/unitree_go/include/unitree_go/unitree_go/msg/detail/uwb_state__functions.c\n'}
[2.260873] (unitree_go) StdoutLine: {'line': b'-- Up-to-date: /ws/install/unitree_go/include/unitree_go/unitree_go/msg/detail/audio_data__struct.h\n'}
[2.260955] (unitree_go) StdoutLine: {'line': b'-- Up-to-date: /ws/install/unitree_go/include/unitree_go/unitree_go/msg/detail/uwb_switch__struct.h\n'}
[2.261038] (unitree_go) StdoutLine: {'line': b'-- Up-to-date: /ws/install/unitree_go/include/unitree_go/unitree_go/msg/detail/motor_state__functions.c\n'}
[2.261139] (unitree_go) StdoutLine: {'line': b'-- Up-to-date: /ws/install/unitree_go/include/unitree_go/unitree_go/msg/detail/req__functions.h\n'}
[2.261245] (unitree_go) StdoutLine: {'line': b'-- Up-to-date: /ws/install/unitree_go/include/unitree_go/unitree_go/msg/detail/interface_config__struct.h\n'}
[2.261328] (unitree_go) StdoutLine: {'line': b'-- Up-to-date: /ws/install/unitree_go/include/unitree_go/unitree_go/msg/detail/interface_config__functions.c\n'}
[2.261409] (unitree_go) StdoutLine: {'line': b'-- Up-to-date: /ws/install/unitree_go/include/unitree_go/unitree_go/msg/detail/lidar_state__functions.c\n'}
[2.270952] (unitree_go) StdoutLine: {'line': b'-- Up-to-date: /ws/install/unitree_go/include/unitree_go/unitree_go/msg/detail/go2_front_video_data__functions.h\n'}
[2.271182] (unitree_go) StdoutLine: {'line': b'-- Up-to-date: /ws/install/unitree_go/include/unitree_go/unitree_go/msg/detail/error__type_support.h\n'}
[2.271285] (unitree_go) StdoutLine: {'line': b'-- Up-to-date: /ws/install/unitree_go/include/unitree_go/unitree_go/msg/detail/low_cmd__functions.c\n'}
[2.272881] (unitree_go) StdoutLine: {'line': b'-- Up-to-date: /ws/install/unitree_go/include/unitree_go/unitree_go/msg/detail/sport_mode_cmd__struct.h\n'}
[2.273976] (unitree_go) StdoutLine: {'line': b'-- Up-to-date: /ws/install/unitree_go/include/unitree_go/unitree_go/msg/detail/go2_front_video_data__functions.c\n'}
[2.276772] (unitree_go) StdoutLine: {'line': b'-- Up-to-date: /ws/install/unitree_go/include/unitree_go/unitree_go/msg/detail/audio_data__type_support.h\n'}
[2.285185] (unitree_go) StdoutLine: {'line': b'-- Up-to-date: /ws/install/unitree_go/include/unitree_go/unitree_go/msg/detail/time_spec__functions.h\n'}
[2.287415] (unitree_go) StdoutLine: {'line': b'-- Up-to-date: /ws/install/unitree_go/include/unitree_go/unitree_go/msg/detail/motor_cmd__type_support.h\n'}
[2.287708] (unitree_go) StdoutLine: {'line': b'-- Up-to-date: /ws/install/unitree_go/include/unitree_go/unitree_go/msg/detail/imu_state__struct.h\n'}
[2.288663] (unitree_go) StdoutLine: {'line': b'-- Up-to-date: /ws/install/unitree_go/include/unitree_go/unitree_go/msg/detail/uwb_switch__functions.c\n'}
[2.288806] (unitree_go) StdoutLine: {'line': b'-- Up-to-date: /ws/install/unitree_go/include/unitree_go/unitree_go/msg/detail/motor_cmd__functions.h\n'}
[2.289389] (unitree_go) StdoutLine: {'line': b'-- Up-to-date: /ws/install/unitree_go/include/unitree_go/unitree_go/msg/detail/motor_cmds__struct.h\n'}
[2.290393] (unitree_go) StdoutLine: {'line': b'-- Up-to-date: /ws/install/unitree_go/include/unitree_go/unitree_go/msg/detail/path_point__functions.c\n'}
[2.291178] (unitree_go) StdoutLine: {'line': b'-- Up-to-date: /ws/install/unitree_go/include/unitree_go/unitree_go/msg/detail/wireless_controller__type_support.h\n'}
[2.291931] (unitree_go) StdoutLine: {'line': b'-- Up-to-date: /ws/install/unitree_go/include/unitree_go/unitree_go/msg/detail/motor_state__type_support.h\n'}
[2.292766] (unitree_go) StdoutLine: {'line': b'-- Up-to-date: /ws/install/unitree_go/include/unitree_go/unitree_go/msg/detail/sport_mode_cmd__type_support.h\n'}
[2.293287] (unitree_go) StdoutLine: {'line': b'-- Up-to-date: /ws/install/unitree_go/include/unitree_go/unitree_go/msg/detail/height_map__functions.h\n'}
[2.293538] (unitree_go) StdoutLine: {'line': b'-- Up-to-date: /ws/install/unitree_go/include/unitree_go/unitree_go/msg/detail/lidar_state__type_support.h\n'}
[2.293981] (unitree_go) StdoutLine: {'line': b'-- Up-to-date: /ws/install/unitree_go/include/unitree_go/unitree_go/msg/detail/bms_state__type_support.h\n'}
[2.294191] (unitree_go) StdoutLine: {'line': b'-- Up-to-date: /ws/install/unitree_go/include/unitree_go/unitree_go/msg/detail/sport_mode_state__functions.c\n'}
[2.294296] (unitree_go) StdoutLine: {'line': b'-- Up-to-date: /ws/install/unitree_go/include/unitree_go/unitree_go/msg/detail/height_map__struct.h\n'}
[2.294409] (unitree_go) StdoutLine: {'line': b'-- Up-to-date: /ws/install/unitree_go/include/unitree_go/unitree_go/msg/detail/motor_states__struct.h\n'}
[2.294583] (unitree_go) StdoutLine: {'line': b'-- Up-to-date: /ws/install/unitree_go/share/unitree_go/environment/library_path.sh\n'}
[2.295834] (unitree_go) StdoutLine: {'line': b'-- Up-to-date: /ws/install/unitree_go/share/unitree_go/environment/library_path.dsv\n'}
[2.295990] (unitree_go) StdoutLine: {'line': b'-- Up-to-date: /ws/install/unitree_go/lib/libunitree_go__rosidl_generator_c.so\n'}
[2.297588] (unitree_go) StdoutLine: {'line': b'-- Up-to-date: /ws/install/unitree_go/include/unitree_go/unitree_go\n'}
[2.298099] (unitree_go) StdoutLine: {'line': b'-- Up-to-date: /ws/install/unitree_go/include/unitree_go/unitree_go/msg\n'}
[2.298592] (unitree_go) StdoutLine: {'line': b'-- Up-to-date: /ws/install/unitree_go/include/unitree_go/unitree_go/msg/rosidl_typesupport_fastrtps_c__visibility_control.h\n'}
[2.299585] (unitree_go) StdoutLine: {'line': b'-- Up-to-date: /ws/install/unitree_go/include/unitree_go/unitree_go/msg/detail\n'}
[2.299808] (unitree_go) StdoutLine: {'line': b'-- Up-to-date: /ws/install/unitree_go/include/unitree_go/unitree_go/msg/detail/motor_state__rosidl_typesupport_fastrtps_c.h\n'}
[2.299995] (unitree_go) StdoutLine: {'line': b'-- Up-to-date: /ws/install/unitree_go/include/unitree_go/unitree_go/msg/detail/low_state__rosidl_typesupport_fastrtps_c.h\n'}
[2.300079] (unitree_go) StdoutLine: {'line': b'-- Up-to-date: /ws/install/unitree_go/include/unitree_go/unitree_go/msg/detail/audio_data__rosidl_typesupport_fastrtps_c.h\n'}
[2.300149] (unitree_go) StdoutLine: {'line': b'-- Up-to-date: /ws/install/unitree_go/include/unitree_go/unitree_go/msg/detail/bms_cmd__rosidl_typesupport_fastrtps_c.h\n'}
[2.300219] (cyclonedds) StdoutLine: {'line': b'-- Up-to-date: /ws/install/cyclonedds/include/dds/security/dds_security_api_cryptography.h\n'}
[2.300310] (cyclonedds) StdoutLine: {'line': b'-- Up-to-date: /ws/install/cyclonedds/include/dds/security/dds_security_api.h\n'}
[2.300383] (unitree_go) StdoutLine: {'line': b'-- Up-to-date: /ws/install/unitree_go/include/unitree_go/unitree_go/msg/detail/sport_mode_cmd__rosidl_typesupport_fastrtps_c.h\n'}
[2.300451] (unitree_go) StdoutLine: {'line': b'-- Up-to-date: /ws/install/unitree_go/include/unitree_go/unitree_go/msg/detail/res__rosidl_typesupport_fastrtps_c.h\n'}
[2.300548] (unitree_go) StdoutLine: {'line': b'-- Up-to-date: /ws/install/unitree_go/include/unitree_go/unitree_go/msg/detail/wireless_controller__rosidl_typesupport_fastrtps_c.h\n'}
[2.300621] (unitree_go) StdoutLine: {'line': b'-- Up-to-date: /ws/install/unitree_go/include/unitree_go/unitree_go/msg/detail/height_map__rosidl_typesupport_fastrtps_c.h\n'}
[2.300688] (unitree_go) StdoutLine: {'line': b'-- Up-to-date: /ws/install/unitree_go/include/unitree_go/unitree_go/msg/detail/motor_cmd__rosidl_typesupport_fastrtps_c.h\n'}
[2.300754] (unitree_go) StdoutLine: {'line': b'-- Up-to-date: /ws/install/unitree_go/include/unitree_go/unitree_go/msg/detail/time_spec__rosidl_typesupport_fastrtps_c.h\n'}
[2.300853] (unitree_go) StdoutLine: {'line': b'-- Up-to-date: /ws/install/unitree_go/include/unitree_go/unitree_go/msg/detail/req__rosidl_typesupport_fastrtps_c.h\n'}
[2.300926] (unitree_go) StdoutLine: {'line': b'-- Up-to-date: /ws/install/unitree_go/include/unitree_go/unitree_go/msg/detail/uwb_switch__rosidl_typesupport_fastrtps_c.h\n'}
[2.301007] (unitree_go) StdoutLine: {'line': b'-- Up-to-date: /ws/install/unitree_go/include/unitree_go/unitree_go/msg/detail/low_cmd__rosidl_typesupport_fastrtps_c.h\n'}
[2.301084] (unitree_go) StdoutLine: {'line': b'-- Up-to-date: /ws/install/unitree_go/include/unitree_go/unitree_go/msg/detail/path_point__rosidl_typesupport_fastrtps_c.h\n'}
[2.301159] (unitree_go) StdoutLine: {'line': b'-- Up-to-date: /ws/install/unitree_go/include/unitree_go/unitree_go/msg/detail/motor_cmds__rosidl_typesupport_fastrtps_c.h\n'}
[2.301223] (unitree_go) StdoutLine: {'line': b'-- Up-to-date: /ws/install/unitree_go/include/unitree_go/unitree_go/msg/detail/bms_state__rosidl_typesupport_fastrtps_c.h\n'}
[2.301289] (unitree_go) StdoutLine: {'line': b'-- Up-to-date: /ws/install/unitree_go/include/unitree_go/unitree_go/msg/detail/imu_state__rosidl_typesupport_fastrtps_c.h\n'}
[2.301369] (unitree_go) StdoutLine: {'line': b'-- Up-to-date: /ws/install/unitree_go/include/unitree_go/unitree_go/msg/detail/error__rosidl_typesupport_fastrtps_c.h\n'}
[2.301456] (unitree_go) StdoutLine: {'line': b'-- Up-to-date: /ws/install/unitree_go/include/unitree_go/unitree_go/msg/detail/lidar_state__rosidl_typesupport_fastrtps_c.h\n'}
[2.301572] (unitree_go) StdoutLine: {'line': b'-- Up-to-date: /ws/install/unitree_go/include/unitree_go/unitree_go/msg/detail/sport_mode_state__rosidl_typesupport_fastrtps_c.h\n'}
[2.301644] (unitree_go) StdoutLine: {'line': b'-- Up-to-date: /ws/install/unitree_go/include/unitree_go/unitree_go/msg/detail/motor_states__rosidl_typesupport_fastrtps_c.h\n'}
[2.301725] (unitree_go) StdoutLine: {'line': b'-- Up-to-date: /ws/install/unitree_go/include/unitree_go/unitree_go/msg/detail/interface_config__rosidl_typesupport_fastrtps_c.h\n'}
[2.301800] (unitree_go) StdoutLine: {'line': b'-- Up-to-date: /ws/install/unitree_go/include/unitree_go/unitree_go/msg/detail/uwb_state__rosidl_typesupport_fastrtps_c.h\n'}
[2.301870] (unitree_go) StdoutLine: {'line': b'-- Up-to-date: /ws/install/unitree_go/include/unitree_go/unitree_go/msg/detail/go2_front_video_data__rosidl_typesupport_fastrtps_c.h\n'}
[2.301955] (unitree_go) StdoutLine: {'line': b'-- Up-to-date: /ws/install/unitree_go/lib/libunitree_go__rosidl_typesupport_fastrtps_c.so\n'}
[2.302219] (unitree_go) StdoutLine: {'line': b'-- Up-to-date: /ws/install/unitree_go/include/unitree_go/unitree_go\n'}
[2.302609] (unitree_go) StdoutLine: {'line': b'-- Up-to-date: /ws/install/unitree_go/include/unitree_go/unitree_go/msg\n'}
[2.302742] (unitree_go) StdoutLine: {'line': b'-- Up-to-date: /ws/install/unitree_go/include/unitree_go/unitree_go/msg/rosidl_generator_cpp__visibility_control.hpp\n'}
[2.302821] (unitree_go) StdoutLine: {'line': b'-- Up-to-date: /ws/install/unitree_go/include/unitree_go/unitree_go/msg/imu_state.hpp\n'}
[2.304068] (unitree_go) StdoutLine: {'line': b'-- Up-to-date: /ws/install/unitree_go/include/unitree_go/unitree_go/msg/motor_cmd.hpp\n'}
[2.304168] (unitree_go) StdoutLine: {'line': b'-- Up-to-date: /ws/install/unitree_go/include/unitree_go/unitree_go/msg/motor_cmds.hpp\n'}
[2.304244] (unitree_go) StdoutLine: {'line': b'-- Up-to-date: /ws/install/unitree_go/include/unitree_go/unitree_go/msg/uwb_state.hpp\n'}
[2.304312] (unitree_go) StdoutLine: {'line': b'-- Up-to-date: /ws/install/unitree_go/include/unitree_go/unitree_go/msg/audio_data.hpp\n'}
[2.304379] (unitree_go) StdoutLine: {'line': b'-- Up-to-date: /ws/install/unitree_go/include/unitree_go/unitree_go/msg/sport_mode_cmd.hpp\n'}
[2.304444] (unitree_go) StdoutLine: {'line': b'-- Up-to-date: /ws/install/unitree_go/include/unitree_go/unitree_go/msg/time_spec.hpp\n'}
[2.304684] (unitree_go) StdoutLine: {'line': b'-- Up-to-date: /ws/install/unitree_go/include/unitree_go/unitree_go/msg/motor_state.hpp\n'}
[2.304879] (unitree_go) StdoutLine: {'line': b'-- Up-to-date: /ws/install/unitree_go/include/unitree_go/unitree_go/msg/bms_cmd.hpp\n'}
[2.304957] (unitree_go) StdoutLine: {'line': b'-- Up-to-date: /ws/install/unitree_go/include/unitree_go/unitree_go/msg/req.hpp\n'}
[2.305056] (unitree_go) StdoutLine: {'line': b'-- Up-to-date: /ws/install/unitree_go/include/unitree_go/unitree_go/msg/uwb_switch.hpp\n'}
[2.305174] (unitree_go) StdoutLine: {'line': b'-- Up-to-date: /ws/install/unitree_go/include/unitree_go/unitree_go/msg/interface_config.hpp\n'}
[2.305258] (unitree_go) StdoutLine: {'line': b'-- Up-to-date: /ws/install/unitree_go/include/unitree_go/unitree_go/msg/sport_mode_state.hpp\n'}
[2.305333] (unitree_go) StdoutLine: {'line': b'-- Up-to-date: /ws/install/unitree_go/include/unitree_go/unitree_go/msg/go2_front_video_data.hpp\n'}
[2.305407] (unitree_go) StdoutLine: {'line': b'-- Up-to-date: /ws/install/unitree_go/include/unitree_go/unitree_go/msg/low_cmd.hpp\n'}
[2.305491] (unitree_go) StdoutLine: {'line': b'-- Up-to-date: /ws/install/unitree_go/include/unitree_go/unitree_go/msg/res.hpp\n'}
[2.306719] (unitree_go) StdoutLine: {'line': b'-- Up-to-date: /ws/install/unitree_go/include/unitree_go/unitree_go/msg/low_state.hpp\n'}
[2.306975] (unitree_go) StdoutLine: {'line': b'-- Up-to-date: /ws/install/unitree_go/include/unitree_go/unitree_go/msg/error.hpp\n'}
[2.307196] (unitree_go) StdoutLine: {'line': b'-- Up-to-date: /ws/install/unitree_go/include/unitree_go/unitree_go/msg/wireless_controller.hpp\n'}
[2.307587] (unitree_go) StdoutLine: {'line': b'-- Up-to-date: /ws/install/unitree_go/include/unitree_go/unitree_go/msg/lidar_state.hpp\n'}
[2.307892] (unitree_go) StdoutLine: {'line': b'-- Up-to-date: /ws/install/unitree_go/include/unitree_go/unitree_go/msg/path_point.hpp\n'}
[2.308064] (unitree_go) StdoutLine: {'line': b'-- Up-to-date: /ws/install/unitree_go/include/unitree_go/unitree_go/msg/bms_state.hpp\n'}
[2.308970] (unitree_go) StdoutLine: {'line': b'-- Up-to-date: /ws/install/unitree_go/include/unitree_go/unitree_go/msg/height_map.hpp\n'}
[2.309300] (unitree_go) StdoutLine: {'line': b'-- Up-to-date: /ws/install/unitree_go/include/unitree_go/unitree_go/msg/detail\n'}
[2.309568] (unitree_go) StdoutLine: {'line': b'-- Up-to-date: /ws/install/unitree_go/include/unitree_go/unitree_go/msg/detail/imu_state__type_support.hpp\n'}
[2.310076] (unitree_go) StdoutLine: {'line': b'-- Up-to-date: /ws/install/unitree_go/include/unitree_go/unitree_go/msg/detail/bms_state__traits.hpp\n'}
[2.310294] (unitree_go) StdoutLine: {'line': b'-- Up-to-date: /ws/install/unitree_go/include/unitree_go/unitree_go/msg/detail/sport_mode_state__traits.hpp\n'}
[2.310408] (unitree_go) StdoutLine: {'line': b'-- Up-to-date: /ws/install/unitree_go/include/unitree_go/unitree_go/msg/detail/uwb_switch__struct.hpp\n'}
[2.310540] (unitree_go) StdoutLine: {'line': b'-- Up-to-date: /ws/install/unitree_go/include/unitree_go/unitree_go/msg/detail/motor_states__traits.hpp\n'}
[2.310641] (unitree_go) StdoutLine: {'line': b'-- Up-to-date: /ws/install/unitree_go/include/unitree_go/unitree_go/msg/detail/lidar_state__traits.hpp\n'}
[2.310744] (unitree_go) StdoutLine: {'line': b'-- Up-to-date: /ws/install/unitree_go/include/unitree_go/unitree_go/msg/detail/go2_front_video_data__traits.hpp\n'}
[2.310888] (unitree_go) StdoutLine: {'line': b'-- Up-to-date: /ws/install/unitree_go/include/unitree_go/unitree_go/msg/detail/bms_cmd__struct.hpp\n'}
[2.311023] (unitree_go) StdoutLine: {'line': b'-- Up-to-date: /ws/install/unitree_go/include/unitree_go/unitree_go/msg/detail/height_map__type_support.hpp\n'}
[2.311137] (unitree_go) StdoutLine: {'line': b'-- Up-to-date: /ws/install/unitree_go/include/unitree_go/unitree_go/msg/detail/sport_mode_cmd__builder.hpp\n'}
[2.311247] (unitree_go) StdoutLine: {'line': b'-- Up-to-date: /ws/install/unitree_go/include/unitree_go/unitree_go/msg/detail/req__traits.hpp\n'}
[2.311379] (unitree_go) StdoutLine: {'line': b'-- Up-to-date: /ws/install/unitree_go/include/unitree_go/unitree_go/msg/detail/uwb_switch__builder.hpp\n'}
[2.311554] (unitree_go) StdoutLine: {'line': b'-- Up-to-date: /ws/install/unitree_go/include/unitree_go/unitree_go/msg/detail/sport_mode_cmd__traits.hpp\n'}
[2.311688] (unitree_go) StdoutLine: {'line': b'-- Up-to-date: /ws/install/unitree_go/include/unitree_go/unitree_go/msg/detail/lidar_state__struct.hpp\n'}
[2.311868] (unitree_go) StdoutLine: {'line': b'-- Up-to-date: /ws/install/unitree_go/include/unitree_go/unitree_go/msg/detail/motor_state__traits.hpp\n'}
[2.311978] (unitree_go) StdoutLine: {'line': b'-- Up-to-date: /ws/install/unitree_go/include/unitree_go/unitree_go/msg/detail/req__builder.hpp\n'}
[2.312088] (unitree_go) StdoutLine: {'line': b'-- Up-to-date: /ws/install/unitree_go/include/unitree_go/unitree_go/msg/detail/bms_cmd__traits.hpp\n'}
[2.312199] (unitree_go) StdoutLine: {'line': b'-- Up-to-date: /ws/install/unitree_go/include/unitree_go/unitree_go/msg/detail/imu_state__builder.hpp\n'}
[2.312280] (unitree_go) StdoutLine: {'line': b'-- Up-to-date: /ws/install/unitree_go/include/unitree_go/unitree_go/msg/detail/path_point__traits.hpp\n'}
[2.312363] (unitree_go) StdoutLine: {'line': b'-- Up-to-date: /ws/install/unitree_go/include/unitree_go/unitree_go/msg/detail/res__builder.hpp\n'}
[2.312442] (unitree_go) StdoutLine: {'line': b'-- Up-to-date: /ws/install/unitree_go/include/unitree_go/unitree_go/msg/detail/bms_state__type_support.hpp\n'}
[2.312603] (unitree_go) StdoutLine: {'line': b'-- Up-to-date: /ws/install/unitree_go/include/unitree_go/unitree_go/msg/detail/uwb_switch__type_support.hpp\n'}
[2.312693] (unitree_go) StdoutLine: {'line': b'-- Up-to-date: /ws/install/unitree_go/include/unitree_go/unitree_go/msg/detail/height_map__struct.hpp\n'}
[2.312772] (unitree_go) StdoutLine: {'line': b'-- Up-to-date: /ws/install/unitree_go/include/unitree_go/unitree_go/msg/detail/bms_state__builder.hpp\n'}
[2.312851] (unitree_go) StdoutLine: {'line': b'-- Up-to-date: /ws/install/unitree_go/include/unitree_go/unitree_go/msg/detail/motor_states__type_support.hpp\n'}
[2.312930] (unitree_go) StdoutLine: {'line': b'-- Up-to-date: /ws/install/unitree_go/include/unitree_go/unitree_go/msg/detail/sport_mode_state__type_support.hpp\n'}
[2.313004] (unitree_go) StdoutLine: {'line': b'-- Up-to-date: /ws/install/unitree_go/include/unitree_go/unitree_go/msg/detail/imu_state__traits.hpp\n'}
[2.313077] (unitree_go) StdoutLine: {'line': b'-- Up-to-date: /ws/install/unitree_go/include/unitree_go/unitree_go/msg/detail/path_point__struct.hpp\n'}
[2.313153] (unitree_go) StdoutLine: {'line': b'-- Up-to-date: /ws/install/unitree_go/include/unitree_go/unitree_go/msg/detail/sport_mode_state__struct.hpp\n'}
[2.313240] (unitree_go) StdoutLine: {'line': b'-- Up-to-date: /ws/install/unitree_go/include/unitree_go/unitree_go/msg/detail/audio_data__type_support.hpp\n'}
[2.313333] (unitree_go) StdoutLine: {'line': b'-- Up-to-date: /ws/install/unitree_go/include/unitree_go/unitree_go/msg/detail/bms_cmd__type_support.hpp\n'}
[2.313482] (cyclonedds) StdoutLine: {'line': b'-- Up-to-date: /ws/install/cyclonedds/include/dds/security/core/\n'}
[2.313847] (cyclonedds) StdoutLine: {'line': b'-- Up-to-date: /ws/install/cyclonedds/include/dds/security/core//dds_security_utils.h\n'}
[2.314074] (cyclonedds) StdoutLine: {'line': b'-- Up-to-date: /ws/install/cyclonedds/include/dds/security/core//dds_security_fsm.h\n'}
[2.314177] (cyclonedds) StdoutLine: {'line': b'-- Up-to-date: /ws/install/cyclonedds/include/dds/security/core//dds_security_plugins.h\n'}
[2.314267] (cyclonedds) StdoutLine: {'line': b'-- Up-to-date: /ws/install/cyclonedds/include/dds/security/core//dds_security_types.h\n'}
[2.314354] (cyclonedds) StdoutLine: {'line': b'-- Up-to-date: /ws/install/cyclonedds/include/dds/security/core//dds_security_serialize.h\n'}
[2.314441] (cyclonedds) StdoutLine: {'line': b'-- Up-to-date: /ws/install/cyclonedds/include/dds/security/core//shared_secret.h\n'}
[2.314563] (cyclonedds) StdoutLine: {'line': b'-- Up-to-date: /ws/install/cyclonedds/include/dds/security/core//dds_security_timed_cb.h\n'}
[2.314644] (cyclonedds) StdoutLine: {'line': b'-- Up-to-date: /ws/install/cyclonedds/lib/libdds_security_ac.so\n'}
[2.314729] (unitree_go) StdoutLine: {'line': b'-- Up-to-date: /ws/install/unitree_go/include/unitree_go/unitree_go/msg/detail/go2_front_video_data__type_support.hpp\n'}
[2.314877] (unitree_go) StdoutLine: {'line': b'-- Up-to-date: /ws/install/unitree_go/include/unitree_go/unitree_go/msg/detail/res__struct.hpp\n'}
[2.315189] (unitree_go) StdoutLine: {'line': b'-- Up-to-date: /ws/install/unitree_go/include/unitree_go/unitree_go/msg/detail/lidar_state__type_support.hpp\n'}
[2.315297] (unitree_go) StdoutLine: {'line': b'-- Up-to-date: /ws/install/unitree_go/include/unitree_go/unitree_go/msg/detail/interface_config__struct.hpp\n'}
[2.315442] (unitree_go) StdoutLine: {'line': b'-- Up-to-date: /ws/install/unitree_go/include/unitree_go/unitree_go/msg/detail/error__builder.hpp\n'}
[2.316147] (unitree_go) StdoutLine: {'line': b'-- Up-to-date: /ws/install/unitree_go/include/unitree_go/unitree_go/msg/detail/motor_cmds__type_support.hpp\n'}
[2.319732] (unitree_go) StdoutLine: {'line': b'-- Up-to-date: /ws/install/unitree_go/include/unitree_go/unitree_go/msg/detail/bms_cmd__builder.hpp\n'}
[2.319981] (unitree_go) StdoutLine: {'line': b'-- Up-to-date: /ws/install/unitree_go/include/unitree_go/unitree_go/msg/detail/time_spec__traits.hpp\n'}
[2.320104] (unitree_go) StdoutLine: {'line': b'-- Up-to-date: /ws/install/unitree_go/include/unitree_go/unitree_go/msg/detail/time_spec__builder.hpp\n'}
[2.320204] (unitree_go) StdoutLine: {'line': b'-- Up-to-date: /ws/install/unitree_go/include/unitree_go/unitree_go/msg/detail/low_cmd__builder.hpp\n'}
[2.320287] (unitree_go) StdoutLine: {'line': b'-- Up-to-date: /ws/install/unitree_go/include/unitree_go/unitree_go/msg/detail/wireless_controller__builder.hpp\n'}
[2.320382] (unitree_go) StdoutLine: {'line': b'-- Up-to-date: /ws/install/unitree_go/include/unitree_go/unitree_go/msg/detail/motor_cmds__builder.hpp\n'}
[2.320503] (unitree_go) StdoutLine: {'line': b'-- Up-to-date: /ws/install/unitree_go/include/unitree_go/unitree_go/msg/detail/bms_state__struct.hpp\n'}
[2.320608] (unitree_go) StdoutLine: {'line': b'-- Up-to-date: /ws/install/unitree_go/include/unitree_go/unitree_go/msg/detail/motor_states__builder.hpp\n'}
[2.320684] (unitree_go) StdoutLine: {'line': b'-- Up-to-date: /ws/install/unitree_go/include/unitree_go/unitree_go/msg/detail/low_state__builder.hpp\n'}
[2.320762] (unitree_go) StdoutLine: {'line': b'-- Up-to-date: /ws/install/unitree_go/include/unitree_go/unitree_go/msg/detail/time_spec__type_support.hpp\n'}
[2.320866] (unitree_go) StdoutLine: {'line': b'-- Up-to-date: /ws/install/unitree_go/include/unitree_go/unitree_go/msg/detail/req__struct.hpp\n'}
[2.321100] (unitree_go) StdoutLine: {'line': b'-- Up-to-date: /ws/install/unitree_go/include/unitree_go/unitree_go/msg/detail/wireless_controller__type_support.hpp\n'}
[2.321190] (unitree_go) StdoutLine: {'line': b'-- Up-to-date: /ws/install/unitree_go/include/unitree_go/unitree_go/msg/detail/lidar_state__builder.hpp\n'}
[2.321279] (unitree_go) StdoutLine: {'line': b'-- Up-to-date: /ws/install/unitree_go/include/unitree_go/unitree_go/msg/detail/motor_cmd__traits.hpp\n'}
[2.321351] (unitree_go) StdoutLine: {'line': b'-- Up-to-date: /ws/install/unitree_go/include/unitree_go/unitree_go/msg/detail/path_point__builder.hpp\n'}
[2.321420] (unitree_go) StdoutLine: {'line': b'-- Up-to-date: /ws/install/unitree_go/include/unitree_go/unitree_go/msg/detail/error__traits.hpp\n'}
[2.321513] (unitree_go) StdoutLine: {'line': b'-- Up-to-date: /ws/install/unitree_go/include/unitree_go/unitree_go/msg/detail/audio_data__traits.hpp\n'}
[2.322548] (unitree_go) StdoutLine: {'line': b'-- Up-to-date: /ws/install/unitree_go/include/unitree_go/unitree_go/msg/detail/imu_state__struct.hpp\n'}
[2.322711] (unitree_go) StdoutLine: {'line': b'-- Up-to-date: /ws/install/unitree_go/include/unitree_go/unitree_go/msg/detail/sport_mode_cmd__type_support.hpp\n'}
[2.322805] (unitree_go) StdoutLine: {'line': b'-- Up-to-date: /ws/install/unitree_go/include/unitree_go/unitree_go/msg/detail/motor_state__struct.hpp\n'}
[2.322884] (unitree_go) StdoutLine: {'line': b'-- Up-to-date: /ws/install/unitree_go/include/unitree_go/unitree_go/msg/detail/error__struct.hpp\n'}
[2.322957] (unitree_go) StdoutLine: {'line': b'-- Up-to-date: /ws/install/unitree_go/include/unitree_go/unitree_go/msg/detail/motor_state__builder.hpp\n'}
[2.323028] (unitree_go) StdoutLine: {'line': b'-- Up-to-date: /ws/install/unitree_go/include/unitree_go/unitree_go/msg/detail/low_cmd__type_support.hpp\n'}
[2.323151] (unitree_go) StdoutLine: {'line': b'-- Up-to-date: /ws/install/unitree_go/include/unitree_go/unitree_go/msg/detail/go2_front_video_data__builder.hpp\n'}
[2.323237] (unitree_go) StdoutLine: {'line': b'-- Up-to-date: /ws/install/unitree_go/include/unitree_go/unitree_go/msg/detail/low_cmd__struct.hpp\n'}
[2.323313] (unitree_go) StdoutLine: {'line': b'-- Up-to-date: /ws/install/unitree_go/include/unitree_go/unitree_go/msg/detail/error__type_support.hpp\n'}
[2.323384] (unitree_go) StdoutLine: {'line': b'-- Up-to-date: /ws/install/unitree_go/include/unitree_go/unitree_go/msg/detail/uwb_state__struct.hpp\n'}
[2.323453] (unitree_go) StdoutLine: {'line': b'-- Up-to-date: /ws/install/unitree_go/include/unitree_go/unitree_go/msg/detail/uwb_state__builder.hpp\n'}
[2.325651] (unitree_go) StdoutLine: {'line': b'-- Up-to-date: /ws/install/unitree_go/include/unitree_go/unitree_go/msg/detail/low_cmd__traits.hpp\n'}
[2.326327] (unitree_go) StdoutLine: {'line': b'-- Up-to-date: /ws/install/unitree_go/include/unitree_go/unitree_go/msg/detail/low_state__struct.hpp\n'}
[2.327039] (unitree_go) StdoutLine: {'line': b'-- Up-to-date: /ws/install/unitree_go/include/unitree_go/unitree_go/msg/detail/go2_front_video_data__struct.hpp\n'}
[2.327893] (unitree_go) StdoutLine: {'line': b'-- Up-to-date: /ws/install/unitree_go/include/unitree_go/unitree_go/msg/detail/sport_mode_cmd__struct.hpp\n'}
[2.329647] (unitree_go) StdoutLine: {'line': b'-- Up-to-date: /ws/install/unitree_go/include/unitree_go/unitree_go/msg/detail/motor_cmd__builder.hpp\n'}
[2.331262] (cyclonedds) StdoutLine: {'line': b'-- Up-to-date: /ws/install/cyclonedds/lib/libdds_security_auth.so\n'}
[2.331425] (unitree_go) StdoutLine: {'line': b'-- Up-to-date: /ws/install/unitree_go/include/unitree_go/unitree_go/msg/detail/interface_config__type_support.hpp\n'}
[2.331542] (unitree_go) StdoutLine: {'line': b'-- Up-to-date: /ws/install/unitree_go/include/unitree_go/unitree_go/msg/detail/motor_cmds__struct.hpp\n'}
[2.331622] (unitree_go) StdoutLine: {'line': b'-- Up-to-date: /ws/install/unitree_go/include/unitree_go/unitree_go/msg/detail/height_map__builder.hpp\n'}
[2.331715] (unitree_go) StdoutLine: {'line': b'-- Up-to-date: /ws/install/unitree_go/include/unitree_go/unitree_go/msg/detail/sport_mode_state__builder.hpp\n'}
[2.331812] (unitree_go) StdoutLine: {'line': b'-- Up-to-date: /ws/install/unitree_go/include/unitree_go/unitree_go/msg/detail/time_spec__struct.hpp\n'}
[2.331902] (unitree_go) StdoutLine: {'line': b'-- Up-to-date: /ws/install/unitree_go/include/unitree_go/unitree_go/msg/detail/motor_cmd__struct.hpp\n'}
[2.331990] (unitree_go) StdoutLine: {'line': b'-- Up-to-date: /ws/install/unitree_go/include/unitree_go/unitree_go/msg/detail/low_state__type_support.hpp\n'}
[2.332062] (unitree_go) StdoutLine: {'line': b'-- Up-to-date: /ws/install/unitree_go/include/unitree_go/unitree_go/msg/detail/interface_config__builder.hpp\n'}
[2.332171] (unitree_go) StdoutLine: {'line': b'-- Up-to-date: /ws/install/unitree_go/include/unitree_go/unitree_go/msg/detail/motor_states__struct.hpp\n'}
[2.332248] (unitree_go) StdoutLine: {'line': b'-- Up-to-date: /ws/install/unitree_go/include/unitree_go/unitree_go/msg/detail/height_map__traits.hpp\n'}
[2.332324] (unitree_go) StdoutLine: {'line': b'-- Up-to-date: /ws/install/unitree_go/include/unitree_go/unitree_go/msg/detail/motor_cmds__traits.hpp\n'}
[2.332393] (unitree_go) StdoutLine: {'line': b'-- Up-to-date: /ws/install/unitree_go/include/unitree_go/unitree_go/msg/detail/motor_state__type_support.hpp\n'}
[2.332493] (unitree_go) StdoutLine: {'line': b'-- Up-to-date: /ws/install/unitree_go/include/unitree_go/unitree_go/msg/detail/req__type_support.hpp\n'}
[2.332600] (unitree_go) StdoutLine: {'line': b'-- Up-to-date: /ws/install/unitree_go/include/unitree_go/unitree_go/msg/detail/wireless_controller__struct.hpp\n'}
[2.332676] (unitree_go) StdoutLine: {'line': b'-- Up-to-date: /ws/install/unitree_go/include/unitree_go/unitree_go/msg/detail/low_state__traits.hpp\n'}
[2.332768] (unitree_go) StdoutLine: {'line': b'-- Up-to-date: /ws/install/unitree_go/include/unitree_go/unitree_go/msg/detail/uwb_switch__traits.hpp\n'}
[2.332852] (unitree_go) StdoutLine: {'line': b'-- Up-to-date: /ws/install/unitree_go/include/unitree_go/unitree_go/msg/detail/uwb_state__traits.hpp\n'}
[2.332927] (unitree_go) StdoutLine: {'line': b'-- Up-to-date: /ws/install/unitree_go/include/unitree_go/unitree_go/msg/detail/motor_cmd__type_support.hpp\n'}
[2.333004] (unitree_go) StdoutLine: {'line': b'-- Up-to-date: /ws/install/unitree_go/include/unitree_go/unitree_go/msg/detail/res__traits.hpp\n'}
[2.333080] (unitree_go) StdoutLine: {'line': b'-- Up-to-date: /ws/install/unitree_go/include/unitree_go/unitree_go/msg/detail/wireless_controller__traits.hpp\n'}
[2.333179] (unitree_go) StdoutLine: {'line': b'-- Up-to-date: /ws/install/unitree_go/include/unitree_go/unitree_go/msg/detail/audio_data__builder.hpp\n'}
[2.333263] (unitree_go) StdoutLine: {'line': b'-- Up-to-date: /ws/install/unitree_go/include/unitree_go/unitree_go/msg/detail/interface_config__traits.hpp\n'}
[2.333346] (unitree_go) StdoutLine: {'line': b'-- Up-to-date: /ws/install/unitree_go/include/unitree_go/unitree_go/msg/detail/audio_data__struct.hpp\n'}
[2.333431] (unitree_go) StdoutLine: {'line': b'-- Up-to-date: /ws/install/unitree_go/include/unitree_go/unitree_go/msg/detail/uwb_state__type_support.hpp\n'}
[2.338779] (unitree_go) StdoutLine: {'line': b'-- Up-to-date: /ws/install/unitree_go/include/unitree_go/unitree_go/msg/detail/res__type_support.hpp\n'}
[2.338956] (unitree_go) StdoutLine: {'line': b'-- Up-to-date: /ws/install/unitree_go/include/unitree_go/unitree_go/msg/detail/path_point__type_support.hpp\n'}
[2.339048] (unitree_go) StdoutLine: {'line': b'-- Up-to-date: /ws/install/unitree_go/include/unitree_go/unitree_go/msg/motor_states.hpp\n'}
[2.339129] (unitree_go) StdoutLine: {'line': b'-- Up-to-date: /ws/install/unitree_go/include/unitree_go/unitree_go\n'}
[2.339245] (unitree_go) StdoutLine: {'line': b'-- Up-to-date: /ws/install/unitree_go/include/unitree_go/unitree_go/msg\n'}
[2.339347] (unitree_go) StdoutLine: {'line': b'-- Up-to-date: /ws/install/unitree_go/include/unitree_go/unitree_go/msg/rosidl_typesupport_fastrtps_cpp__visibility_control.h\n'}
[2.339448] (unitree_go) StdoutLine: {'line': b'-- Up-to-date: /ws/install/unitree_go/include/unitree_go/unitree_go/msg/detail\n'}
[2.339572] (unitree_go) StdoutLine: {'line': b'-- Up-to-date: /ws/install/unitree_go/include/unitree_go/unitree_go/msg/detail/wireless_controller__rosidl_typesupport_fastrtps_cpp.hpp\n'}
[2.339654] (unitree_go) StdoutLine: {'line': b'-- Up-to-date: /ws/install/unitree_go/include/unitree_go/unitree_go/msg/detail/interface_config__rosidl_typesupport_fastrtps_cpp.hpp\n'}
[2.339729] (unitree_go) StdoutLine: {'line': b'-- Up-to-date: /ws/install/unitree_go/include/unitree_go/unitree_go/msg/detail/uwb_state__rosidl_typesupport_fastrtps_cpp.hpp\n'}
[2.339836] (unitree_go) StdoutLine: {'line': b'-- Up-to-date: /ws/install/unitree_go/include/unitree_go/unitree_go/msg/detail/sport_mode_state__rosidl_typesupport_fastrtps_cpp.hpp\n'}
[2.340032] (unitree_go) StdoutLine: {'line': b'-- Up-to-date: /ws/install/unitree_go/include/unitree_go/unitree_go/msg/detail/bms_state__rosidl_typesupport_fastrtps_cpp.hpp\n'}
[2.340419] (unitree_go) StdoutLine: {'line': b'-- Up-to-date: /ws/install/unitree_go/include/unitree_go/unitree_go/msg/detail/low_state__rosidl_typesupport_fastrtps_cpp.hpp\n'}
[2.340538] (unitree_go) StdoutLine: {'line': b'-- Up-to-date: /ws/install/unitree_go/include/unitree_go/unitree_go/msg/detail/motor_cmd__rosidl_typesupport_fastrtps_cpp.hpp\n'}
[2.340642] (unitree_go) StdoutLine: {'line': b'-- Up-to-date: /ws/install/unitree_go/include/unitree_go/unitree_go/msg/detail/lidar_state__rosidl_typesupport_fastrtps_cpp.hpp\n'}
[2.340733] (unitree_go) StdoutLine: {'line': b'-- Up-to-date: /ws/install/unitree_go/include/unitree_go/unitree_go/msg/detail/motor_states__rosidl_typesupport_fastrtps_cpp.hpp\n'}
[2.340809] (unitree_go) StdoutLine: {'line': b'-- Up-to-date: /ws/install/unitree_go/include/unitree_go/unitree_go/msg/detail/motor_cmds__rosidl_typesupport_fastrtps_cpp.hpp\n'}
[2.340912] (unitree_go) StdoutLine: {'line': b'-- Up-to-date: /ws/install/unitree_go/include/unitree_go/unitree_go/msg/detail/sport_mode_cmd__rosidl_typesupport_fastrtps_cpp.hpp\n'}
[2.340996] (unitree_go) StdoutLine: {'line': b'-- Up-to-date: /ws/install/unitree_go/include/unitree_go/unitree_go/msg/detail/time_spec__rosidl_typesupport_fastrtps_cpp.hpp\n'}
[2.341088] (unitree_go) StdoutLine: {'line': b'-- Up-to-date: /ws/install/unitree_go/include/unitree_go/unitree_go/msg/detail/motor_state__rosidl_typesupport_fastrtps_cpp.hpp\n'}
[2.341186] (unitree_go) StdoutLine: {'line': b'-- Up-to-date: /ws/install/unitree_go/include/unitree_go/unitree_go/msg/detail/path_point__rosidl_typesupport_fastrtps_cpp.hpp\n'}
[2.342767] (unitree_go) StdoutLine: {'line': b'-- Up-to-date: /ws/install/unitree_go/include/unitree_go/unitree_go/msg/detail/req__rosidl_typesupport_fastrtps_cpp.hpp\n'}
[2.342922] (unitree_go) StdoutLine: {'line': b'-- Up-to-date: /ws/install/unitree_go/include/unitree_go/unitree_go/msg/detail/dds_fastrtps\n'}
[2.343020] (unitree_go) StdoutLine: {'line': b'-- Up-to-date: /ws/install/unitree_go/include/unitree_go/unitree_go/msg/detail/res__rosidl_typesupport_fastrtps_cpp.hpp\n'}
[2.343104] (unitree_go) StdoutLine: {'line': b'-- Up-to-date: /ws/install/unitree_go/include/unitree_go/unitree_go/msg/detail/imu_state__rosidl_typesupport_fastrtps_cpp.hpp\n'}
[2.343189] (unitree_go) StdoutLine: {'line': b'-- Up-to-date: /ws/install/unitree_go/include/unitree_go/unitree_go/msg/detail/bms_cmd__rosidl_typesupport_fastrtps_cpp.hpp\n'}
[2.343283] (unitree_go) StdoutLine: {'line': b'-- Up-to-date: /ws/install/unitree_go/include/unitree_go/unitree_go/msg/detail/uwb_switch__rosidl_typesupport_fastrtps_cpp.hpp\n'}
[2.343356] (unitree_go) StdoutLine: {'line': b'-- Up-to-date: /ws/install/unitree_go/include/unitree_go/unitree_go/msg/detail/height_map__rosidl_typesupport_fastrtps_cpp.hpp\n'}
[2.350284] (-) TimerEvent: {}
[2.350618] (unitree_go) StdoutLine: {'line': b'-- Up-to-date: /ws/install/unitree_go/include/unitree_go/unitree_go/msg/detail/error__rosidl_typesupport_fastrtps_cpp.hpp\n'}
[2.350848] (unitree_go) StdoutLine: {'line': b'-- Up-to-date: /ws/install/unitree_go/include/unitree_go/unitree_go/msg/detail/low_cmd__rosidl_typesupport_fastrtps_cpp.hpp\n'}
[2.351001] (cyclonedds) StdoutLine: {'line': b'-- Up-to-date: /ws/install/cyclonedds/lib/libdds_security_crypto.so\n'}
[2.362418] (cyclonedds) StdoutLine: {'line': b'-- Up-to-date: /ws/install/cyclonedds/include\n'}
[2.363170] (cyclonedds) StdoutLine: {'line': b'-- Up-to-date: /ws/install/cyclonedds/include/dds\n'}
[2.363295] (cyclonedds) StdoutLine: {'line': b'-- Up-to-date: /ws/install/cyclonedds/include/dds/ddsi\n'}
[2.363410] (unitree_go) StdoutLine: {'line': b'-- Up-to-date: /ws/install/unitree_go/include/unitree_go/unitree_go/msg/detail/go2_front_video_data__rosidl_typesupport_fastrtps_cpp.hpp\n'}
[2.365221] (unitree_go) StdoutLine: {'line': b'-- Up-to-date: /ws/install/unitree_go/include/unitree_go/unitree_go/msg/detail/audio_data__rosidl_typesupport_fastrtps_cpp.hpp\n'}
[2.371195] (unitree_go) StdoutLine: {'line': b'-- Up-to-date: /ws/install/unitree_go/lib/libunitree_go__rosidl_typesupport_fastrtps_cpp.so\n'}
[2.372192] (cyclonedds) StdoutLine: {'line': b'-- Up-to-date: /ws/install/cyclonedds/include/dds/ddsi/ddsi_cfgunits.h\n'}
[2.372524] (cyclonedds) StdoutLine: {'line': b'-- Up-to-date: /ws/install/cyclonedds/include/dds/ddsi/ddsi_serdata_default.h\n'}
[2.373707] (cyclonedds) StdoutLine: {'line': b'-- Up-to-date: /ws/install/cyclonedds/include/dds/ddsi/ddsi_typelib.h\n'}
[2.374351] (cyclonedds) StdoutLine: {'line': b'-- Up-to-date: /ws/install/cyclonedds/include/dds/ddsi/ddsi_security_omg.h\n'}
[2.374444] (cyclonedds) StdoutLine: {'line': b'-- Up-to-date: /ws/install/cyclonedds/include/dds/ddsi/q_sockwaitset.h\n'}
[2.374676] (cyclonedds) StdoutLine: {'line': b'-- Up-to-date: /ws/install/cyclonedds/include/dds/ddsi/ddsi_time.h\n'}
[2.376063] (cyclonedds) StdoutLine: {'line': b'-- Up-to-date: /ws/install/cyclonedds/include/dds/ddsi/ddsi_handshake.h\n'}
[2.376268] (cyclonedds) StdoutLine: {'line': b'-- Up-to-date: /ws/install/cyclonedds/include/dds/ddsi/q_bswap.h\n'}
[2.376397] (cyclonedds) StdoutLine: {'line': b'-- Up-to-date: /ws/install/cyclonedds/include/dds/ddsi/ddsi_endpoint.h\n'}
[2.377053] (cyclonedds) StdoutLine: {'line': b'-- Up-to-date: /ws/install/cyclonedds/include/dds/ddsi/q_lease.h\n'}
[2.377196] (cyclonedds) StdoutLine: {'line': b'-- Up-to-date: /ws/install/cyclonedds/include/dds/ddsi/ddsi_config_impl.h\n'}
[2.377340] (cyclonedds) StdoutLine: {'line': b'-- Up-to-date: /ws/install/cyclonedds/include/dds/ddsi/ddsi_xt_typelookup.idl\n'}
[2.377451] (cyclonedds) StdoutLine: {'line': b'-- Up-to-date: /ws/install/cyclonedds/include/dds/ddsi/q_pcap.h\n'}
[2.377674] (cyclonedds) StdoutLine: {'line': b'-- Up-to-date: /ws/install/cyclonedds/include/dds/ddsi/q_hbcontrol.h\n'}
[2.377779] (cyclonedds) StdoutLine: {'line': b'-- Up-to-date: /ws/install/cyclonedds/include/dds/ddsi/ddsi_entity_match.h\n'}
[2.378243] (cyclonedds) StdoutLine: {'line': b'-- Up-to-date: /ws/install/cyclonedds/include/dds/ddsi/ddsi_security_msg.h\n'}
[2.378367] (cyclonedds) StdoutLine: {'line': b'-- Up-to-date: /ws/install/cyclonedds/include/dds/ddsi/ddsi_proxy_participant.h\n'}
[2.378827] (cyclonedds) StdoutLine: {'line': b'-- Up-to-date: /ws/install/cyclonedds/include/dds/ddsi/ddsi_xt_typelookup.h\n'}
[2.379007] (cyclonedds) StdoutLine: {'line': b'-- Up-to-date: /ws/install/cyclonedds/include/dds/ddsi/ddsi_serdata_plist.h\n'}
[2.379483] (cyclonedds) StdoutLine: {'line': b'-- Up-to-date: /ws/install/cyclonedds/include/dds/ddsi/ddsi_serdata.h\n'}
[2.379743] (cyclonedds) StdoutLine: {'line': b'-- Up-to-date: /ws/install/cyclonedds/include/dds/ddsi/ddsi_xt_typeinfo.h\n'}
[2.379826] (cyclonedds) StdoutLine: {'line': b'-- Up-to-date: /ws/install/cyclonedds/include/dds/ddsi/ddsi_ipaddr.h\n'}
[2.379926] (cyclonedds) StdoutLine: {'line': b'-- Up-to-date: /ws/install/cyclonedds/include/dds/ddsi/sysdeps.h\n'}
[2.380288] (cyclonedds) StdoutLine: {'line': b'-- Up-to-date: /ws/install/cyclonedds/include/dds/ddsi/q_thread.h\n'}
[2.380387] (cyclonedds) StdoutLine: {'line': b'-- Up-to-date: /ws/install/cyclonedds/include/dds/ddsi/ddsi_tran.h\n'}
[2.380498] (cyclonedds) StdoutLine: {'line': b'-- Up-to-date: /ws/install/cyclonedds/include/dds/ddsi/q_radmin.h\n'}
[2.380640] (cyclonedds) StdoutLine: {'line': b'-- Up-to-date: /ws/install/cyclonedds/include/dds/ddsi/q_xmsg.h\n'}
[2.380733] (cyclonedds) StdoutLine: {'line': b'-- Up-to-date: /ws/install/cyclonedds/include/dds/ddsi/q_receive.h\n'}
[2.380813] (cyclonedds) StdoutLine: {'line': b'-- Up-to-date: /ws/install/cyclonedds/include/dds/ddsi/q_addrset.h\n'}
[2.380886] (cyclonedds) StdoutLine: {'line': b'-- Up-to-date: /ws/install/cyclonedds/include/dds/ddsi/ddsi_xt_typemap.idl\n'}
[2.381075] (cyclonedds) StdoutLine: {'line': b'-- Up-to-date: /ws/install/cyclonedds/include/dds/ddsi/ddsi_xt_typemap.h\n'}
[2.381256] (unitree_go) StdoutLine: {'line': b'-- Up-to-date: /ws/install/unitree_go/include/unitree_go/unitree_go\n'}
[2.381378] (unitree_go) StdoutLine: {'line': b'-- Up-to-date: /ws/install/unitree_go/include/unitree_go/unitree_go/msg\n'}
[2.381739] (unitree_go) StdoutLine: {'line': b'-- Up-to-date: /ws/install/unitree_go/include/unitree_go/unitree_go/msg/rosidl_typesupport_introspection_c__visibility_control.h\n'}
[2.381858] (unitree_go) StdoutLine: {'line': b'-- Up-to-date: /ws/install/unitree_go/include/unitree_go/unitree_go/msg/detail\n'}
[2.382003] (unitree_go) StdoutLine: {'line': b'-- Up-to-date: /ws/install/unitree_go/include/unitree_go/unitree_go/msg/detail/uwb_state__rosidl_typesupport_introspection_c.h\n'}
[2.382099] (unitree_go) StdoutLine: {'line': b'-- Up-to-date: /ws/install/unitree_go/include/unitree_go/unitree_go/msg/detail/motor_states__type_support.c\n'}
[2.382384] (unitree_go) StdoutLine: {'line': b'-- Up-to-date: /ws/install/unitree_go/include/unitree_go/unitree_go/msg/detail/time_spec__type_support.c\n'}
[2.382836] (unitree_go) StdoutLine: {'line': b'-- Up-to-date: /ws/install/unitree_go/include/unitree_go/unitree_go/msg/detail/audio_data__type_support.c\n'}
[2.382931] (unitree_go) StdoutLine: {'line': b'-- Up-to-date: /ws/install/unitree_go/include/unitree_go/unitree_go/msg/detail/path_point__type_support.c\n'}
[2.383002] (unitree_go) StdoutLine: {'line': b'-- Up-to-date: /ws/install/unitree_go/include/unitree_go/unitree_go/msg/detail/bms_cmd__rosidl_typesupport_introspection_c.h\n'}
[2.383070] (unitree_go) StdoutLine: {'line': b'-- Up-to-date: /ws/install/unitree_go/include/unitree_go/unitree_go/msg/detail/height_map__rosidl_typesupport_introspection_c.h\n'}
[2.383137] (unitree_go) StdoutLine: {'line': b'-- Up-to-date: /ws/install/unitree_go/include/unitree_go/unitree_go/msg/detail/sport_mode_state__type_support.c\n'}
[2.383203] (unitree_go) StdoutLine: {'line': b'-- Up-to-date: /ws/install/unitree_go/include/unitree_go/unitree_go/msg/detail/motor_states__rosidl_typesupport_introspection_c.h\n'}
[2.383268] (unitree_go) StdoutLine: {'line': b'-- Up-to-date: /ws/install/unitree_go/include/unitree_go/unitree_go/msg/detail/motor_cmds__type_support.c\n'}
[2.383331] (unitree_go) StdoutLine: {'line': b'-- Up-to-date: /ws/install/unitree_go/include/unitree_go/unitree_go/msg/detail/imu_state__type_support.c\n'}
[2.383398] (unitree_go) StdoutLine: {'line': b'-- Up-to-date: /ws/install/unitree_go/include/unitree_go/unitree_go/msg/detail/motor_cmds__rosidl_typesupport_introspection_c.h\n'}
[2.383476] (unitree_go) StdoutLine: {'line': b'-- Up-to-date: /ws/install/unitree_go/include/unitree_go/unitree_go/msg/detail/wireless_controller__rosidl_typesupport_introspection_c.h\n'}
[2.383568] (unitree_go) StdoutLine: {'line': b'-- Up-to-date: /ws/install/unitree_go/include/unitree_go/unitree_go/msg/detail/imu_state__rosidl_typesupport_introspection_c.h\n'}
[2.383643] (unitree_go) StdoutLine: {'line': b'-- Up-to-date: /ws/install/unitree_go/include/unitree_go/unitree_go/msg/detail/height_map__type_support.c\n'}
[2.383710] (unitree_go) StdoutLine: {'line': b'-- Up-to-date: /ws/install/unitree_go/include/unitree_go/unitree_go/msg/detail/wireless_controller__type_support.c\n'}
[2.383777] (unitree_go) StdoutLine: {'line': b'-- Up-to-date: /ws/install/unitree_go/include/unitree_go/unitree_go/msg/detail/res__rosidl_typesupport_introspection_c.h\n'}
[2.383883] (unitree_go) StdoutLine: {'line': b'-- Up-to-date: /ws/install/unitree_go/include/unitree_go/unitree_go/msg/detail/uwb_switch__type_support.c\n'}
[2.383960] (unitree_go) StdoutLine: {'line': b'-- Up-to-date: /ws/install/unitree_go/include/unitree_go/unitree_go/msg/detail/time_spec__rosidl_typesupport_introspection_c.h\n'}
[2.384125] (unitree_go) StdoutLine: {'line': b'-- Up-to-date: /ws/install/unitree_go/include/unitree_go/unitree_go/msg/detail/go2_front_video_data__rosidl_typesupport_introspection_c.h\n'}
[2.384214] (unitree_go) StdoutLine: {'line': b'-- Up-to-date: /ws/install/unitree_go/include/unitree_go/unitree_go/msg/detail/lidar_state__rosidl_typesupport_introspection_c.h\n'}
[2.384495] (unitree_go) StdoutLine: {'line': b'-- Up-to-date: /ws/install/unitree_go/include/unitree_go/unitree_go/msg/detail/error__rosidl_typesupport_introspection_c.h\n'}
[2.384599] (unitree_go) StdoutLine: {'line': b'-- Up-to-date: /ws/install/unitree_go/include/unitree_go/unitree_go/msg/detail/lidar_state__type_support.c\n'}
[2.384671] (unitree_go) StdoutLine: {'line': b'-- Up-to-date: /ws/install/unitree_go/include/unitree_go/unitree_go/msg/detail/interface_config__rosidl_typesupport_introspection_c.h\n'}
[2.384741] (unitree_go) StdoutLine: {'line': b'-- Up-to-date: /ws/install/unitree_go/include/unitree_go/unitree_go/msg/detail/low_cmd__rosidl_typesupport_introspection_c.h\n'}
[2.384807] (unitree_go) StdoutLine: {'line': b'-- Up-to-date: /ws/install/unitree_go/include/unitree_go/unitree_go/msg/detail/req__rosidl_typesupport_introspection_c.h\n'}
[2.384873] (unitree_go) StdoutLine: {'line': b'-- Up-to-date: /ws/install/unitree_go/include/unitree_go/unitree_go/msg/detail/low_state__type_support.c\n'}
[2.384938] (unitree_go) StdoutLine: {'line': b'-- Up-to-date: /ws/install/unitree_go/include/unitree_go/unitree_go/msg/detail/sport_mode_cmd__type_support.c\n'}
[2.385019] (unitree_go) StdoutLine: {'line': b'-- Up-to-date: /ws/install/unitree_go/include/unitree_go/unitree_go/msg/detail/bms_state__rosidl_typesupport_introspection_c.h\n'}
[2.385086] (unitree_go) StdoutLine: {'line': b'-- Up-to-date: /ws/install/unitree_go/include/unitree_go/unitree_go/msg/detail/motor_cmd__type_support.c\n'}
[2.385151] (cyclonedds) StdoutLine: {'line': b'-- Up-to-date: /ws/install/cyclonedds/include/dds/ddsi/q_transmit.h\n'}
[2.385235] (cyclonedds) StdoutLine: {'line': b'-- Up-to-date: /ws/install/cyclonedds/include/dds/ddsi/ddsi_xt_impl.h\n'}
[2.385300] (cyclonedds) StdoutLine: {'line': b'-- Up-to-date: /ws/install/cyclonedds/include/dds/ddsi/ddsi_vnet.h\n'}
[2.385365] (cyclonedds) StdoutLine: {'line': b'-- Up-to-date: /ws/install/cyclonedds/include/dds/ddsi/ddsi_cdrstream.h\n'}
[2.385434] (cyclonedds) StdoutLine: {'line': b'-- Up-to-date: /ws/install/cyclonedds/include/dds/ddsi/ddsi_portmapping.h\n'}
[2.385682] (cyclonedds) StdoutLine: {'line': b'-- Up-to-date: /ws/install/cyclonedds/include/dds/ddsi/ddsi_raweth.h\n'}
[2.386691] (cyclonedds) StdoutLine: {'line': b'-- Up-to-date: /ws/install/cyclonedds/include/dds/ddsi/ddsi_guid.h\n'}
[2.387408] (cyclonedds) StdoutLine: {'line': b'-- Up-to-date: /ws/install/cyclonedds/include/dds/ddsi/ddsi_tcp.h\n'}
[2.387567] (cyclonedds) StdoutLine: {'line': b'-- Up-to-date: /ws/install/cyclonedds/include/dds/ddsi/ddsi_iid.h\n'}
[2.388117] (cyclonedds) StdoutLine: {'line': b'-- Up-to-date: /ws/install/cyclonedds/include/dds/ddsi/ddsi_mcgroup.h\n'}
[2.388203] (cyclonedds) StdoutLine: {'line': b'-- Up-to-date: /ws/install/cyclonedds/include/dds/ddsi/q_debmon.h\n'}
[2.388351] (cyclonedds) StdoutLine: {'line': b'-- Up-to-date: /ws/install/cyclonedds/include/dds/ddsi/ddsi_lifespan.h\n'}
[2.388563] (cyclonedds) StdoutLine: {'line': b'-- Up-to-date: /ws/install/cyclonedds/include/dds/ddsi/ddsi_sertype.h\n'}
[2.388753] (cyclonedds) StdoutLine: {'line': b'-- Up-to-date: /ws/install/cyclonedds/include/dds/ddsi/ddsi_rhc.h\n'}
[2.388828] (cyclonedds) StdoutLine: {'line': b'-- Up-to-date: /ws/install/cyclonedds/include/dds/ddsi/q_bitset.h\n'}
[2.388907] (cyclonedds) StdoutLine: {'line': b'-- Up-to-date: /ws/install/cyclonedds/include/dds/ddsi/ddsi_cfgelems.h\n'}
[2.388984] (cyclonedds) StdoutLine: {'line': b'-- Up-to-date: /ws/install/cyclonedds/include/dds/ddsi/ddsi_domaingv.h\n'}
[2.389131] (cyclonedds) StdoutLine: {'line': b'-- Up-to-date: /ws/install/cyclonedds/include/dds/ddsi/ddsi_list_tmpl.h\n'}
[2.389216] (cyclonedds) StdoutLine: {'line': b'-- Up-to-date: /ws/install/cyclonedds/include/dds/ddsi/ddsi_typelookup.h\n'}
[2.389737] (cyclonedds) StdoutLine: {'line': b'-- Up-to-date: /ws/install/cyclonedds/include/dds/ddsi/q_inverse_uint32_set.h\n'}
[2.389885] (cyclonedds) StdoutLine: {'line': b'-- Up-to-date: /ws/install/cyclonedds/include/dds/ddsi/ddsi_deadline.h\n'}
[2.389973] (cyclonedds) StdoutLine: {'line': b'-- Up-to-date: /ws/install/cyclonedds/include/dds/ddsi/ddsi_acknack.h\n'}
[2.390054] (cyclonedds) StdoutLine: {'line': b'-- Up-to-date: /ws/install/cyclonedds/include/dds/ddsi/q_ddsi_discovery.h\n'}
[2.390191] (cyclonedds) StdoutLine: {'line': b'-- Up-to-date: /ws/install/cyclonedds/include/dds/ddsi/ddsi_config.h\n'}
[2.390421] (cyclonedds) StdoutLine: {'line': b'-- Up-to-date: /ws/install/cyclonedds/include/dds/ddsi/ddsi_tkmap.h\n'}
[2.390656] (cyclonedds) StdoutLine: {'line': b'-- Up-to-date: /ws/install/cyclonedds/include/dds/ddsi/ddsi_security_util.h\n'}
[2.390761] (cyclonedds) StdoutLine: {'line': b'-- Up-to-date: /ws/install/cyclonedds/include/dds/ddsi/q_freelist.h\n'}
[2.390847] (cyclonedds) StdoutLine: {'line': b'-- Up-to-date: /ws/install/cyclonedds/include/dds/ddsi/ddsi_pmd.h\n'}
[2.390915] (cyclonedds) StdoutLine: {'line': b'-- Up-to-date: /ws/install/cyclonedds/include/dds/ddsi/q_gc.h\n'}
[2.390980] (cyclonedds) StdoutLine: {'line': b'-- Up-to-date: /ws/install/cyclonedds/include/dds/ddsi/ddsi_xt_typeinfo.idl\n'}
[2.391070] (cyclonedds) StdoutLine: {'line': b'-- Up-to-date: /ws/install/cyclonedds/include/dds/ddsi/q_lat_estim.h\n'}
[2.391148] (cyclonedds) StdoutLine: {'line': b'-- Up-to-date: /ws/install/cyclonedds/include/dds/ddsi/ddsi_typebuilder.h\n'}
[2.391225] (cyclonedds) StdoutLine: {'line': b'-- Up-to-date: /ws/install/cyclonedds/include/dds/ddsi/ddsi_participant.h\n'}
[2.391305] (cyclonedds) StdoutLine: {'line': b'-- Up-to-date: /ws/install/cyclonedds/include/dds/ddsi/q_xevent.h\n'}
[2.391371] (cyclonedds) StdoutLine: {'line': b'-- Up-to-date: /ws/install/cyclonedds/include/dds/ddsi/ddsi_plist.h\n'}
[2.391436] (cyclonedds) StdoutLine: {'line': b'-- Up-to-date: /ws/install/cyclonedds/include/dds/ddsi/ddsi_deliver_locally.h\n'}
[2.391523] (cyclonedds) StdoutLine: {'line': b'-- Up-to-date: /ws/install/cyclonedds/include/dds/ddsi/ddsi_serdata_pserop.h\n'}
[2.391593] (cyclonedds) StdoutLine: {'line': b'-- Up-to-date: /ws/install/cyclonedds/include/dds/ddsi/q_misc.h\n'}
[2.391658] (cyclonedds) StdoutLine: {'line': b'-- Up-to-date: /ws/install/cyclonedds/include/dds/ddsi/ddsi_list_genptr.h\n'}
[2.391725] (cyclonedds) StdoutLine: {'line': b'-- Up-to-date: /ws/install/cyclonedds/include/dds/ddsi/ddsi_xqos.h\n'}
[2.391790] (cyclonedds) StdoutLine: {'line': b'-- Up-to-date: /ws/install/cyclonedds/include/dds/ddsi/q_qosmatch.h\n'}
[2.391855] (cyclonedds) StdoutLine: {'line': b'-- Up-to-date: /ws/install/cyclonedds/include/dds/ddsi/ddsi_plist_generic.h\n'}
[2.391922] (cyclonedds) StdoutLine: {'line': b'-- Up-to-date: /ws/install/cyclonedds/include/dds/ddsi/ddsi_wraddrset.h\n'}
[2.391994] (cyclonedds) StdoutLine: {'line': b'-- Up-to-date: /ws/install/cyclonedds/include/dds/ddsi/ddsi_statistics.h\n'}
[2.392068] (cyclonedds) StdoutLine: {'line': b'-- Up-to-date: /ws/install/cyclonedds/include/dds/ddsi/q_init.h\n'}
[2.392145] (cyclonedds) StdoutLine: {'line': b'-- Up-to-date: /ws/install/cyclonedds/include/dds/ddsi/ddsi_locator.h\n'}
[2.392223] (cyclonedds) StdoutLine: {'line': b'-- Up-to-date: /ws/install/cyclonedds/include/dds/ddsi/ddsi_threadmon.h\n'}
[2.392298] (cyclonedds) StdoutLine: {'line': b'-- Up-to-date: /ws/install/cyclonedds/include/dds/ddsi/ddsi_entity.h\n'}
[2.392372] (cyclonedds) StdoutLine: {'line': b'-- Up-to-date: /ws/install/cyclonedds/include/dds/ddsi/ddsi_udp.h\n'}
[2.392439] (cyclonedds) StdoutLine: {'line': b'-- Up-to-date: /ws/install/cyclonedds/include/dds/ddsi/q_whc.h\n'}
[2.392522] (cyclonedds) StdoutLine: {'line': b'-- Up-to-date: /ws/install/cyclonedds/include/dds/ddsi/ddsi_keyhash.h\n'}
[2.392595] (cyclonedds) StdoutLine: {'line': b'-- Up-to-date: /ws/install/cyclonedds/include/dds/ddsi/ddsi_topic.h\n'}
[2.392660] (cyclonedds) StdoutLine: {'line': b'-- Up-to-date: /ws/install/cyclonedds/include/dds/ddsi/ddsi_ssl.h\n'}
[2.392725] (cyclonedds) StdoutLine: {'line': b'-- Up-to-date: /ws/install/cyclonedds/include/dds/ddsi/ddsi_shm_transport.h\n'}
[2.392789] (cyclonedds) StdoutLine: {'line': b'-- Up-to-date: /ws/install/cyclonedds/include/dds/ddsi/ddsi_vendor.h\n'}
[2.392852] (cyclonedds) StdoutLine: {'line': b'-- Up-to-date: /ws/install/cyclonedds/include/dds/ddsi/ddsi_sertopic.h\n'}
[2.392916] (cyclonedds) StdoutLine: {'line': b'-- Up-to-date: /ws/install/cyclonedds/include/dds/ddsi/ddsi_entity_index.h\n'}
[2.392981] (cyclonedds) StdoutLine: {'line': b'-- Up-to-date: /ws/install/cyclonedds/include/dds/ddsi/q_protocol.h\n'}
[2.393045] (cyclonedds) StdoutLine: {'line': b'-- Up-to-date: /ws/install/cyclonedds/include/dds/ddsi/ddsi_typewrap.h\n'}
[2.393108] (cyclonedds) StdoutLine: {'line': b'-- Up-to-date: /ws/install/cyclonedds/include/dds/ddsi/ddsi_builtin_topic_if.h\n'}
[2.393173] (cyclonedds) StdoutLine: {'line': b'-- Up-to-date: /ws/install/cyclonedds/include/dds/ddsi/ddsi_proxy_endpoint.h\n'}
[2.393241] (cyclonedds) StdoutLine: {'line': b'-- Up-to-date: /ws/install/cyclonedds/include/dds/ddsi/q_feature_check.h\n'}
[2.393309] (cyclonedds) StdoutLine: {'line': b'-- Up-to-date: /ws/install/cyclonedds/include/dds/ddsi/q_rtps.h\n'}
[2.393375] (cyclonedds) StdoutLine: {'line': b'-- Up-to-date: /ws/install/cyclonedds/include/dds/ddsi/ddsi_security_exchange.h\n'}
[2.393460] (cyclonedds) StdoutLine: {'line': b'-- Up-to-date: /ws/install/cyclonedds/include/dds/ddsi/q_unused.h\n'}
[2.393640] (cyclonedds) StdoutLine: {'line': b'-- Up-to-date: /ws/install/cyclonedds/include/dds/ddsi/q_log.h\n'}
[2.394102] (cyclonedds) StdoutLine: {'line': b'-- Up-to-date: /ws/install/cyclonedds/include/dds/ddsi/ddsi_ownip.h\n'}
[2.394289] (cyclonedds) StdoutLine: {'line': b'-- Up-to-date: /ws/install/cyclonedds/include\n'}
[2.394371] (cyclonedds) StdoutLine: {'line': b'-- Up-to-date: /ws/install/cyclonedds/include/ddsc\n'}
[2.394530] (cyclonedds) StdoutLine: {'line': b'-- Up-to-date: /ws/install/cyclonedds/include/ddsc/dds.h\n'}
[2.394637] (cyclonedds) StdoutLine: {'line': b'-- Up-to-date: /ws/install/cyclonedds/include/dds\n'}
[2.394716] (cyclonedds) StdoutLine: {'line': b'-- Up-to-date: /ws/install/cyclonedds/include/dds/ddsc\n'}
[2.394790] (cyclonedds) StdoutLine: {'line': b'-- Up-to-date: /ws/install/cyclonedds/include/dds/ddsc/dds_public_impl.h\n'}
[2.394862] (cyclonedds) StdoutLine: {'line': b'-- Up-to-date: /ws/install/cyclonedds/include/dds/ddsc/dds_public_listener.h\n'}
[2.394934] (cyclonedds) StdoutLine: {'line': b'-- Up-to-date: /ws/install/cyclonedds/include/dds/ddsc/dds_public_qos.h\n'}
[2.395007] (cyclonedds) StdoutLine: {'line': b'-- Up-to-date: /ws/install/cyclonedds/include/dds/ddsc/dds_public_qosdefs.h\n'}
[2.395079] (cyclonedds) StdoutLine: {'line': b'-- Up-to-date: /ws/install/cyclonedds/include/dds/ddsc/dds_data_allocator.h\n'}
[2.395152] (cyclonedds) StdoutLine: {'line': b'-- Up-to-date: /ws/install/cyclonedds/include/dds/ddsc/dds_public_alloc.h\n'}
[2.395225] (cyclonedds) StdoutLine: {'line': b'-- Up-to-date: /ws/install/cyclonedds/include/dds/ddsc/dds_internal_api.h\n'}
[2.395305] (cyclonedds) StdoutLine: {'line': b'-- Up-to-date: /ws/install/cyclonedds/include/dds/ddsc/dds_public_status.h\n'}
[2.395374] (cyclonedds) StdoutLine: {'line': b'-- Up-to-date: /ws/install/cyclonedds/include/dds/ddsc/dds_rhc.h\n'}
[2.395442] (cyclonedds) StdoutLine: {'line': b'-- Up-to-date: /ws/install/cyclonedds/include/dds/ddsc/dds_public_error.h\n'}
[2.395863] (cyclonedds) StdoutLine: {'line': b'-- Up-to-date: /ws/install/cyclonedds/include/dds/ddsc/dds_statistics.h\n'}
[2.395959] (cyclonedds) StdoutLine: {'line': b'-- Up-to-date: /ws/install/cyclonedds/include/dds/ddsc/dds_loan_api.h\n'}
[2.396034] (cyclonedds) StdoutLine: {'line': b'-- Up-to-date: /ws/install/cyclonedds/include/dds/ddsc/dds_opcodes.h\n'}
[2.396165] (cyclonedds) StdoutLine: {'line': b'-- Up-to-date: /ws/install/cyclonedds/include/dds/ddsc/dds_basic_types.h\n'}
[2.396260] (cyclonedds) StdoutLine: {'line': b'-- Up-to-date: /ws/install/cyclonedds/include/dds/dds.h\n'}
[2.396595] (cyclonedds) StdoutLine: {'line': b'-- Up-to-date: /ws/install/cyclonedds/include\n'}
[2.396752] (cyclonedds) StdoutLine: {'line': b'-- Up-to-date: /ws/install/cyclonedds/include/dds\n'}
[2.396847] (cyclonedds) StdoutLine: {'line': b'-- Up-to-date: /ws/install/cyclonedds/include/dds/export.h\n'}
[2.396968] (unitree_go) StdoutLine: {'line': b'-- Up-to-date: /ws/install/unitree_go/include/unitree_go/unitree_go/msg/detail/sport_mode_state__rosidl_typesupport_introspection_c.h\n'}
[2.397225] (cyclonedds) StdoutLine: {'line': b'-- Up-to-date: /ws/install/cyclonedds/lib/libddsc.so.0.10.5\n'}
[2.397415] (cyclonedds) StdoutLine: {'line': b'-- Up-to-date: /ws/install/cyclonedds/lib/libddsc.so.0\n'}
[2.397546] (cyclonedds) StdoutLine: {'line': b'-- Up-to-date: /ws/install/cyclonedds/lib/libddsc.so\n'}
[2.397856] (unitree_go) StdoutLine: {'line': b'-- Up-to-date: /ws/install/unitree_go/include/unitree_go/unitree_go/msg/detail/path_point__rosidl_typesupport_introspection_c.h\n'}
[2.397998] (unitree_go) StdoutLine: {'line': b'-- Up-to-date: /ws/install/unitree_go/include/unitree_go/unitree_go/msg/detail/low_cmd__type_support.c\n'}
[2.398077] (unitree_go) StdoutLine: {'line': b'-- Up-to-date: /ws/install/unitree_go/include/unitree_go/unitree_go/msg/detail/res__type_support.c\n'}
[2.398155] (unitree_go) StdoutLine: {'line': b'-- Up-to-date: /ws/install/unitree_go/include/unitree_go/unitree_go/msg/detail/bms_state__type_support.c\n'}
[2.398278] (unitree_go) StdoutLine: {'line': b'-- Up-to-date: /ws/install/unitree_go/include/unitree_go/unitree_go/msg/detail/motor_state__type_support.c\n'}
[2.398535] (unitree_go) StdoutLine: {'line': b'-- Up-to-date: /ws/install/unitree_go/include/unitree_go/unitree_go/msg/detail/audio_data__rosidl_typesupport_introspection_c.h\n'}
[2.398722] (unitree_go) StdoutLine: {'line': b'-- Up-to-date: /ws/install/unitree_go/include/unitree_go/unitree_go/msg/detail/bms_cmd__type_support.c\n'}
[2.398802] (unitree_go) StdoutLine: {'line': b'-- Up-to-date: /ws/install/unitree_go/include/unitree_go/unitree_go/msg/detail/motor_state__rosidl_typesupport_introspection_c.h\n'}
[2.398877] (unitree_go) StdoutLine: {'line': b'-- Up-to-date: /ws/install/unitree_go/include/unitree_go/unitree_go/msg/detail/motor_cmd__rosidl_typesupport_introspection_c.h\n'}
[2.398952] (unitree_go) StdoutLine: {'line': b'-- Up-to-date: /ws/install/unitree_go/include/unitree_go/unitree_go/msg/detail/interface_config__type_support.c\n'}
[2.399027] (unitree_go) StdoutLine: {'line': b'-- Up-to-date: /ws/install/unitree_go/include/unitree_go/unitree_go/msg/detail/uwb_switch__rosidl_typesupport_introspection_c.h\n'}
[2.399101] (unitree_go) StdoutLine: {'line': b'-- Up-to-date: /ws/install/unitree_go/include/unitree_go/unitree_go/msg/detail/low_state__rosidl_typesupport_introspection_c.h\n'}
[2.399177] (unitree_go) StdoutLine: {'line': b'-- Up-to-date: /ws/install/unitree_go/include/unitree_go/unitree_go/msg/detail/uwb_state__type_support.c\n'}
[2.399242] (unitree_go) StdoutLine: {'line': b'-- Up-to-date: /ws/install/unitree_go/include/unitree_go/unitree_go/msg/detail/error__type_support.c\n'}
[2.399309] (unitree_go) StdoutLine: {'line': b'-- Up-to-date: /ws/install/unitree_go/include/unitree_go/unitree_go/msg/detail/sport_mode_cmd__rosidl_typesupport_introspection_c.h\n'}
[2.399375] (unitree_go) StdoutLine: {'line': b'-- Up-to-date: /ws/install/unitree_go/include/unitree_go/unitree_go/msg/detail/go2_front_video_data__type_support.c\n'}
[2.399438] (unitree_go) StdoutLine: {'line': b'-- Up-to-date: /ws/install/unitree_go/include/unitree_go/unitree_go/msg/detail/req__type_support.c\n'}
[2.399528] (unitree_go) StdoutLine: {'line': b'-- Up-to-date: /ws/install/unitree_go/lib/libunitree_go__rosidl_typesupport_introspection_c.so\n'}
[2.399600] (unitree_go) StdoutLine: {'line': b'-- Up-to-date: /ws/install/unitree_go/lib/libunitree_go__rosidl_typesupport_c.so\n'}
[2.399666] (cyclonedds) StdoutLine: {'line': b'-- Up-to-date: /ws/install/cyclonedds/share/doc/CycloneDDS/CONTRIBUTING.md\n'}
[2.399741] (cyclonedds) StdoutLine: {'line': b'-- Up-to-date: /ws/install/cyclonedds/share/doc/CycloneDDS/CYCLONEDDS_QUALITY_DECLARATION.md\n'}
[2.399810] (cyclonedds) StdoutLine: {'line': b'-- Up-to-date: /ws/install/cyclonedds/share/doc/CycloneDDS/LICENSE\n'}
[2.399875] (cyclonedds) StdoutLine: {'line': b'-- Up-to-date: /ws/install/cyclonedds/share/doc/CycloneDDS/NOTICE.md\n'}
[2.399941] (cyclonedds) StdoutLine: {'line': b'-- Up-to-date: /ws/install/cyclonedds/share/doc/CycloneDDS/README.md\n'}
[2.400013] (cyclonedds) StdoutLine: {'line': b'-- Up-to-date: /ws/install/cyclonedds/share/doc/CycloneDDS/CHANGELOG.rst\n'}
[2.400078] (unitree_go) StdoutLine: {'line': b'-- Up-to-date: /ws/install/unitree_go/include/unitree_go/unitree_go\n'}
[2.400142] (unitree_go) StdoutLine: {'line': b'-- Up-to-date: /ws/install/unitree_go/include/unitree_go/unitree_go/msg\n'}
[2.400207] (unitree_go) StdoutLine: {'line': b'-- Up-to-date: /ws/install/unitree_go/include/unitree_go/unitree_go/msg/detail\n'}
[2.400273] (unitree_go) StdoutLine: {'line': b'-- Up-to-date: /ws/install/unitree_go/include/unitree_go/unitree_go/msg/detail/low_state__type_support.cpp\n'}
[2.400339] (unitree_go) StdoutLine: {'line': b'-- Up-to-date: /ws/install/unitree_go/include/unitree_go/unitree_go/msg/detail/audio_data__rosidl_typesupport_introspection_cpp.hpp\n'}
[2.400404] (unitree_go) StdoutLine: {'line': b'-- Up-to-date: /ws/install/unitree_go/include/unitree_go/unitree_go/msg/detail/error__type_support.cpp\n'}
[2.400527] (unitree_go) StdoutLine: {'line': b'-- Up-to-date: /ws/install/unitree_go/include/unitree_go/unitree_go/msg/detail/motor_cmds__rosidl_typesupport_introspection_cpp.hpp\n'}
[2.400601] (unitree_go) StdoutLine: {'line': b'-- Up-to-date: /ws/install/unitree_go/include/unitree_go/unitree_go/msg/detail/lidar_state__type_support.cpp\n'}
[2.400668] (unitree_go) StdoutLine: {'line': b'-- Up-to-date: /ws/install/unitree_go/include/unitree_go/unitree_go/msg/detail/interface_config__type_support.cpp\n'}
[2.400733] (unitree_go) StdoutLine: {'line': b'-- Up-to-date: /ws/install/unitree_go/include/unitree_go/unitree_go/msg/detail/uwb_state__type_support.cpp\n'}
[2.400798] (unitree_go) StdoutLine: {'line': b'-- Up-to-date: /ws/install/unitree_go/include/unitree_go/unitree_go/msg/detail/time_spec__type_support.cpp\n'}
[2.400862] (unitree_go) StdoutLine: {'line': b'-- Up-to-date: /ws/install/unitree_go/include/unitree_go/unitree_go/msg/detail/bms_state__rosidl_typesupport_introspection_cpp.hpp\n'}
[2.400926] (unitree_go) StdoutLine: {'line': b'-- Up-to-date: /ws/install/unitree_go/include/unitree_go/unitree_go/msg/detail/wireless_controller__rosidl_typesupport_introspection_cpp.hpp\n'}
[2.400991] (unitree_go) StdoutLine: {'line': b'-- Up-to-date: /ws/install/unitree_go/include/unitree_go/unitree_go/msg/detail/uwb_state__rosidl_typesupport_introspection_cpp.hpp\n'}
[2.401056] (unitree_go) StdoutLine: {'line': b'-- Up-to-date: /ws/install/unitree_go/include/unitree_go/unitree_go/msg/detail/motor_cmd__type_support.cpp\n'}
[2.401125] (unitree_go) StdoutLine: {'line': b'-- Up-to-date: /ws/install/unitree_go/include/unitree_go/unitree_go/msg/detail/bms_state__type_support.cpp\n'}
[2.401190] (unitree_go) StdoutLine: {'line': b'-- Up-to-date: /ws/install/unitree_go/include/unitree_go/unitree_go/msg/detail/height_map__rosidl_typesupport_introspection_cpp.hpp\n'}
[2.401254] (unitree_go) StdoutLine: {'line': b'-- Up-to-date: /ws/install/unitree_go/include/unitree_go/unitree_go/msg/detail/res__type_support.cpp\n'}
[2.401318] (unitree_go) StdoutLine: {'line': b'-- Up-to-date: /ws/install/unitree_go/include/unitree_go/unitree_go/msg/detail/req__type_support.cpp\n'}
[2.401381] (unitree_go) StdoutLine: {'line': b'-- Up-to-date: /ws/install/unitree_go/include/unitree_go/unitree_go/msg/detail/bms_cmd__rosidl_typesupport_introspection_cpp.hpp\n'}
[2.401448] (unitree_api) StdoutLine: {'line': b"Listing '/ws/install/unitree_api/local/lib/python3.10/dist-packages/unitree_api'...\n"}
[2.401616] (unitree_api) StdoutLine: {'line': b"Listing '/ws/install/unitree_api/local/lib/python3.10/dist-packages/unitree_api/msg'...\n"}
[2.401712] (unitree_go) StdoutLine: {'line': b'-- Up-to-date: /ws/install/unitree_go/include/unitree_go/unitree_go/msg/detail/error__rosidl_typesupport_introspection_cpp.hpp\n'}
[2.401927] (unitree_go) StdoutLine: {'line': b'-- Up-to-date: /ws/install/unitree_go/include/unitree_go/unitree_go/msg/detail/bms_cmd__type_support.cpp\n'}
[2.402022] (unitree_go) StdoutLine: {'line': b'-- Up-to-date: /ws/install/unitree_go/include/unitree_go/unitree_go/msg/detail/time_spec__rosidl_typesupport_introspection_cpp.hpp\n'}
[2.402100] (unitree_go) StdoutLine: {'line': b'-- Up-to-date: /ws/install/unitree_go/include/unitree_go/unitree_go/msg/detail/motor_states__rosidl_typesupport_introspection_cpp.hpp\n'}
[2.402174] (unitree_go) StdoutLine: {'line': b'-- Up-to-date: /ws/install/unitree_go/include/unitree_go/unitree_go/msg/detail/interface_config__rosidl_typesupport_introspection_cpp.hpp\n'}
[2.402248] (unitree_go) StdoutLine: {'line': b'-- Up-to-date: /ws/install/unitree_go/include/unitree_go/unitree_go/msg/detail/motor_states__type_support.cpp\n'}
[2.402323] (unitree_go) StdoutLine: {'line': b'-- Up-to-date: /ws/install/unitree_go/include/unitree_go/unitree_go/msg/detail/uwb_switch__rosidl_typesupport_introspection_cpp.hpp\n'}
[2.402398] (unitree_go) StdoutLine: {'line': b'-- Up-to-date: /ws/install/unitree_go/include/unitree_go/unitree_go/msg/detail/path_point__rosidl_typesupport_introspection_cpp.hpp\n'}
[2.402523] (unitree_go) StdoutLine: {'line': b'-- Up-to-date: /ws/install/unitree_go/include/unitree_go/unitree_go/msg/detail/lidar_state__rosidl_typesupport_introspection_cpp.hpp\n'}
[2.402609] (unitree_go) StdoutLine: {'line': b'-- Up-to-date: /ws/install/unitree_go/include/unitree_go/unitree_go/msg/detail/low_state__rosidl_typesupport_introspection_cpp.hpp\n'}
[2.402677] (unitree_go) StdoutLine: {'line': b'-- Up-to-date: /ws/install/unitree_go/include/unitree_go/unitree_go/msg/detail/uwb_switch__type_support.cpp\n'}
[2.402743] (unitree_go) StdoutLine: {'line': b'-- Up-to-date: /ws/install/unitree_go/include/unitree_go/unitree_go/msg/detail/low_cmd__type_support.cpp\n'}
[2.402810] (unitree_go) StdoutLine: {'line': b'-- Up-to-date: /ws/install/unitree_go/include/unitree_go/unitree_go/msg/detail/height_map__type_support.cpp\n'}
[2.402876] (unitree_go) StdoutLine: {'line': b'-- Up-to-date: /ws/install/unitree_go/include/unitree_go/unitree_go/msg/detail/go2_front_video_data__type_support.cpp\n'}
[2.402942] (unitree_go) StdoutLine: {'line': b'-- Up-to-date: /ws/install/unitree_go/include/unitree_go/unitree_go/msg/detail/sport_mode_state__type_support.cpp\n'}
[2.403008] (unitree_go) StdoutLine: {'line': b'-- Up-to-date: /ws/install/unitree_go/include/unitree_go/unitree_go/msg/detail/audio_data__type_support.cpp\n'}
[2.403076] (unitree_go) StdoutLine: {'line': b'-- Up-to-date: /ws/install/unitree_go/include/unitree_go/unitree_go/msg/detail/motor_cmds__type_support.cpp\n'}
[2.403143] (unitree_go) StdoutLine: {'line': b'-- Up-to-date: /ws/install/unitree_go/include/unitree_go/unitree_go/msg/detail/imu_state__type_support.cpp\n'}
[2.403221] (unitree_go) StdoutLine: {'line': b'-- Up-to-date: /ws/install/unitree_go/include/unitree_go/unitree_go/msg/detail/sport_mode_cmd__rosidl_typesupport_introspection_cpp.hpp\n'}
[2.403289] (unitree_go) StdoutLine: {'line': b'-- Up-to-date: /ws/install/unitree_go/include/unitree_go/unitree_go/msg/detail/req__rosidl_typesupport_introspection_cpp.hpp\n'}
[2.403386] (unitree_go) StdoutLine: {'line': b'-- Up-to-date: /ws/install/unitree_go/include/unitree_go/unitree_go/msg/detail/motor_state__rosidl_typesupport_introspection_cpp.hpp\n'}
[2.403513] (unitree_go) StdoutLine: {'line': b'-- Up-to-date: /ws/install/unitree_go/include/unitree_go/unitree_go/msg/detail/res__rosidl_typesupport_introspection_cpp.hpp\n'}
[2.403782] (unitree_go) StdoutLine: {'line': b'-- Up-to-date: /ws/install/unitree_go/include/unitree_go/unitree_go/msg/detail/sport_mode_cmd__type_support.cpp\n'}
[2.403870] (unitree_go) StdoutLine: {'line': b'-- Up-to-date: /ws/install/unitree_go/include/unitree_go/unitree_go/msg/detail/motor_cmd__rosidl_typesupport_introspection_cpp.hpp\n'}
[2.403946] (unitree_go) StdoutLine: {'line': b'-- Up-to-date: /ws/install/unitree_go/include/unitree_go/unitree_go/msg/detail/motor_state__type_support.cpp\n'}
[2.405406] (unitree_go) StdoutLine: {'line': b'-- Up-to-date: /ws/install/unitree_go/include/unitree_go/unitree_go/msg/detail/low_cmd__rosidl_typesupport_introspection_cpp.hpp\n'}
[2.405540] (unitree_go) StdoutLine: {'line': b'-- Up-to-date: /ws/install/unitree_go/include/unitree_go/unitree_go/msg/detail/sport_mode_state__rosidl_typesupport_introspection_cpp.hpp\n'}
[2.405623] (unitree_go) StdoutLine: {'line': b'-- Up-to-date: /ws/install/unitree_go/include/unitree_go/unitree_go/msg/detail/go2_front_video_data__rosidl_typesupport_introspection_cpp.hpp\n'}
[2.405702] (unitree_go) StdoutLine: {'line': b'-- Up-to-date: /ws/install/unitree_go/include/unitree_go/unitree_go/msg/detail/wireless_controller__type_support.cpp\n'}
[2.405775] (unitree_go) StdoutLine: {'line': b'-- Up-to-date: /ws/install/unitree_go/include/unitree_go/unitree_go/msg/detail/path_point__type_support.cpp\n'}
[2.405846] (unitree_go) StdoutLine: {'line': b'-- Up-to-date: /ws/install/unitree_go/include/unitree_go/unitree_go/msg/detail/imu_state__rosidl_typesupport_introspection_cpp.hpp\n'}
[2.405918] (unitree_go) StdoutLine: {'line': b'-- Up-to-date: /ws/install/unitree_go/lib/libunitree_go__rosidl_typesupport_introspection_cpp.so\n'}
[2.406067] (unitree_go) StdoutLine: {'line': b'-- Up-to-date: /ws/install/unitree_go/lib/libunitree_go__rosidl_typesupport_cpp.so\n'}
[2.406142] (unitree_go) StdoutLine: {'line': b'-- Up-to-date: /ws/install/unitree_go/share/unitree_go/environment/pythonpath.sh\n'}
[2.406217] (cyclonedds) CommandEnded: {'returncode': 0}
[2.406549] (unitree_go) StdoutLine: {'line': b'-- Up-to-date: /ws/install/unitree_go/share/unitree_go/environment/pythonpath.dsv\n'}
[2.406714] (unitree_go) StdoutLine: {'line': b'-- Up-to-date: /ws/install/unitree_go/local/lib/python3.10/dist-packages/unitree_go-0.0.0-py3.10.egg-info\n'}
[2.406795] (unitree_go) StdoutLine: {'line': b'-- Installing: /ws/install/unitree_go/local/lib/python3.10/dist-packages/unitree_go-0.0.0-py3.10.egg-info/dependency_links.txt\n'}
[2.406870] (unitree_go) StdoutLine: {'line': b'-- Installing: /ws/install/unitree_go/local/lib/python3.10/dist-packages/unitree_go-0.0.0-py3.10.egg-info/top_level.txt\n'}
[2.406942] (unitree_go) StdoutLine: {'line': b'-- Installing: /ws/install/unitree_go/local/lib/python3.10/dist-packages/unitree_go-0.0.0-py3.10.egg-info/SOURCES.txt\n'}
[2.407115] (unitree_go) StdoutLine: {'line': b'-- Installing: /ws/install/unitree_go/local/lib/python3.10/dist-packages/unitree_go-0.0.0-py3.10.egg-info/PKG-INFO\n'}
[2.407193] (unitree_go) StdoutLine: {'line': b'-- Up-to-date: /ws/install/unitree_go/local/lib/python3.10/dist-packages/unitree_go\n'}
[2.407267] (unitree_go) StdoutLine: {'line': b'-- Up-to-date: /ws/install/unitree_go/local/lib/python3.10/dist-packages/unitree_go/unitree_go_s__rosidl_typesupport_fastrtps_c.cpython-310-aarch64-linux-gnu.so\n'}
[2.407341] (unitree_go) StdoutLine: {'line': b'-- Up-to-date: /ws/install/unitree_go/local/lib/python3.10/dist-packages/unitree_go/unitree_go_s__rosidl_typesupport_introspection_c.cpython-310-aarch64-linux-gnu.so\n'}
[2.407414] (unitree_go) StdoutLine: {'line': b'-- Up-to-date: /ws/install/unitree_go/local/lib/python3.10/dist-packages/unitree_go/_unitree_go_s.ep.rosidl_typesupport_c.c\n'}
[2.407503] (unitree_go) StdoutLine: {'line': b'-- Up-to-date: /ws/install/unitree_go/local/lib/python3.10/dist-packages/unitree_go/msg\n'}
[2.407596] (unitree_go) StdoutLine: {'line': b'-- Up-to-date: /ws/install/unitree_go/local/lib/python3.10/dist-packages/unitree_go/msg/_error_s.c\n'}
[2.407669] (ros2_unitree_legged_msgs) StdoutLine: {'line': b'-- Install configuration: ""\n'}
[2.407780] (unitree_go) StdoutLine: {'line': b'-- Up-to-date: /ws/install/unitree_go/local/lib/python3.10/dist-packages/unitree_go/msg/_motor_cmds.py\n'}
[2.407883] (ros2_unitree_legged_msgs) StdoutLine: {'line': b'-- Up-to-date: /ws/install/ros2_unitree_legged_msgs/share/ament_index/resource_index/rosidl_interfaces/ros2_unitree_legged_msgs\n'}
[2.407960] (ros2_unitree_legged_msgs) StdoutLine: {'line': b'-- Up-to-date: /ws/install/ros2_unitree_legged_msgs/include/ros2_unitree_legged_msgs/ros2_unitree_legged_msgs\n'}
[2.408032] (ros2_unitree_legged_msgs) StdoutLine: {'line': b'-- Up-to-date: /ws/install/ros2_unitree_legged_msgs/include/ros2_unitree_legged_msgs/ros2_unitree_legged_msgs/msg\n'}
[2.408104] (ros2_unitree_legged_msgs) StdoutLine: {'line': b'-- Up-to-date: /ws/install/ros2_unitree_legged_msgs/include/ros2_unitree_legged_msgs/ros2_unitree_legged_msgs/msg/led.h\n'}
[2.408177] (ros2_unitree_legged_msgs) StdoutLine: {'line': b'-- Up-to-date: /ws/install/ros2_unitree_legged_msgs/include/ros2_unitree_legged_msgs/ros2_unitree_legged_msgs/msg/low_cmd.h\n'}
[2.408270] (ros2_unitree_legged_msgs) StdoutLine: {'line': b'-- Up-to-date: /ws/install/ros2_unitree_legged_msgs/include/ros2_unitree_legged_msgs/ros2_unitree_legged_msgs/msg/motor_cmd.h\n'}
[2.408348] (ros2_unitree_legged_msgs) StdoutLine: {'line': b'-- Up-to-date: /ws/install/ros2_unitree_legged_msgs/include/ros2_unitree_legged_msgs/ros2_unitree_legged_msgs/msg/high_cmd.h\n'}
[2.408438] (ros2_unitree_legged_msgs) StdoutLine: {'line': b'-- Up-to-date: /ws/install/ros2_unitree_legged_msgs/include/ros2_unitree_legged_msgs/ros2_unitree_legged_msgs/msg/low_state.h\n'}
[2.408612] (ros2_unitree_legged_msgs) StdoutLine: {'line': b'-- Up-to-date: /ws/install/ros2_unitree_legged_msgs/include/ros2_unitree_legged_msgs/ros2_unitree_legged_msgs/msg/bms_cmd.h\n'}
[2.408710] (ros2_unitree_legged_msgs) StdoutLine: {'line': b'-- Up-to-date: /ws/install/ros2_unitree_legged_msgs/include/ros2_unitree_legged_msgs/ros2_unitree_legged_msgs/msg/motor_state.h\n'}
[2.408786] (ros2_unitree_legged_msgs) StdoutLine: {'line': b'-- Up-to-date: /ws/install/ros2_unitree_legged_msgs/include/ros2_unitree_legged_msgs/ros2_unitree_legged_msgs/msg/imu.h\n'}
[2.408859] (ros2_unitree_legged_msgs) StdoutLine: {'line': b'-- Up-to-date: /ws/install/ros2_unitree_legged_msgs/include/ros2_unitree_legged_msgs/ros2_unitree_legged_msgs/msg/bms_state.h\n'}
[2.408930] (ros2_unitree_legged_msgs) StdoutLine: {'line': b'-- Up-to-date: /ws/install/ros2_unitree_legged_msgs/include/ros2_unitree_legged_msgs/ros2_unitree_legged_msgs/msg/cartesian.h\n'}
[2.409001] (ros2_unitree_legged_msgs) StdoutLine: {'line': b'-- Up-to-date: /ws/install/ros2_unitree_legged_msgs/include/ros2_unitree_legged_msgs/ros2_unitree_legged_msgs/msg/rosidl_generator_c__visibility_control.h\n'}
[2.409090] (ros2_unitree_legged_msgs) StdoutLine: {'line': b'-- Up-to-date: /ws/install/ros2_unitree_legged_msgs/include/ros2_unitree_legged_msgs/ros2_unitree_legged_msgs/msg/detail\n'}
[2.409166] (ros2_unitree_legged_msgs) StdoutLine: {'line': b'-- Up-to-date: /ws/install/ros2_unitree_legged_msgs/include/ros2_unitree_legged_msgs/ros2_unitree_legged_msgs/msg/detail/cartesian__functions.c\n'}
[2.409244] (unitree_go) StdoutLine: {'line': b'-- Up-to-date: /ws/install/unitree_go/local/lib/python3.10/dist-packages/unitree_go/msg/_go2_front_video_data_s.c\n'}
[2.409385] (unitree_go) StdoutLine: {'line': b'-- Up-to-date: /ws/install/unitree_go/local/lib/python3.10/dist-packages/unitree_go/msg/_motor_cmd_s.c\n'}
[2.409561] (unitree_go) StdoutLine: {'line': b'-- Up-to-date: /ws/install/unitree_go/local/lib/python3.10/dist-packages/unitree_go/msg/_bms_cmd.py\n'}
[2.409728] (unitree_go) StdoutLine: {'line': b'-- Up-to-date: /ws/install/unitree_go/local/lib/python3.10/dist-packages/unitree_go/msg/_path_point.py\n'}
[2.409891] (unitree_go) StdoutLine: {'line': b'-- Up-to-date: /ws/install/unitree_go/local/lib/python3.10/dist-packages/unitree_go/msg/_go2_front_video_data.py\n'}
[2.410037] (unitree_go) StdoutLine: {'line': b'-- Up-to-date: /ws/install/unitree_go/local/lib/python3.10/dist-packages/unitree_go/msg/_low_cmd.py\n'}
[2.410283] (unitree_go) StdoutLine: {'line': b'-- Up-to-date: /ws/install/unitree_go/local/lib/python3.10/dist-packages/unitree_go/msg/_res_s.c\n'}
[2.410416] (unitree_go) StdoutLine: {'line': b'-- Up-to-date: /ws/install/unitree_go/local/lib/python3.10/dist-packages/unitree_go/msg/_interface_config_s.c\n'}
[2.410617] (unitree_go) StdoutLine: {'line': b'-- Up-to-date: /ws/install/unitree_go/local/lib/python3.10/dist-packages/unitree_go/msg/_motor_states_s.c\n'}
[2.410742] (unitree_go) StdoutLine: {'line': b'-- Up-to-date: /ws/install/unitree_go/local/lib/python3.10/dist-packages/unitree_go/msg/_imu_state_s.c\n'}
[2.410829] (unitree_go) StdoutLine: {'line': b'-- Up-to-date: /ws/install/unitree_go/local/lib/python3.10/dist-packages/unitree_go/msg/_error.py\n'}
[2.410947] (unitree_go) StdoutLine: {'line': b'-- Up-to-date: /ws/install/unitree_go/local/lib/python3.10/dist-packages/unitree_go/msg/_height_map.py\n'}
[2.411046] (unitree_go) StdoutLine: {'line': b'-- Up-to-date: /ws/install/unitree_go/local/lib/python3.10/dist-packages/unitree_go/msg/_res.py\n'}
[2.411185] (unitree_go) StdoutLine: {'line': b'-- Up-to-date: /ws/install/unitree_go/local/lib/python3.10/dist-packages/unitree_go/msg/_interface_config.py\n'}
[2.411286] (unitree_go) StdoutLine: {'line': b'-- Up-to-date: /ws/install/unitree_go/local/lib/python3.10/dist-packages/unitree_go/msg/_low_state.py\n'}
[2.411380] (unitree_go) StdoutLine: {'line': b'-- Up-to-date: /ws/install/unitree_go/local/lib/python3.10/dist-packages/unitree_go/msg/_motor_cmds_s.c\n'}
[2.411490] (unitree_go) StdoutLine: {'line': b'-- Up-to-date: /ws/install/unitree_go/local/lib/python3.10/dist-packages/unitree_go/msg/_wireless_controller.py\n'}
[2.411639] (unitree_go) StdoutLine: {'line': b'-- Up-to-date: /ws/install/unitree_go/local/lib/python3.10/dist-packages/unitree_go/msg/_imu_state.py\n'}
[2.411718] (unitree_go) StdoutLine: {'line': b'-- Up-to-date: /ws/install/unitree_go/local/lib/python3.10/dist-packages/unitree_go/msg/_uwb_state.py\n'}
[2.411791] (unitree_go) StdoutLine: {'line': b'-- Up-to-date: /ws/install/unitree_go/local/lib/python3.10/dist-packages/unitree_go/msg/_sport_mode_cmd_s.c\n'}
[2.411898] (unitree_go) StdoutLine: {'line': b'-- Up-to-date: /ws/install/unitree_go/local/lib/python3.10/dist-packages/unitree_go/msg/_uwb_state_s.c\n'}
[2.411993] (unitree_go) StdoutLine: {'line': b'-- Up-to-date: /ws/install/unitree_go/local/lib/python3.10/dist-packages/unitree_go/msg/_sport_mode_state.py\n'}
[2.412096] (unitree_go) StdoutLine: {'line': b'-- Up-to-date: /ws/install/unitree_go/local/lib/python3.10/dist-packages/unitree_go/msg/_path_point_s.c\n'}
[2.412187] (unitree_go) StdoutLine: {'line': b'-- Up-to-date: /ws/install/unitree_go/local/lib/python3.10/dist-packages/unitree_go/msg/_time_spec.py\n'}
[2.412274] (unitree_go) StdoutLine: {'line': b'-- Up-to-date: /ws/install/unitree_go/local/lib/python3.10/dist-packages/unitree_go/msg/_bms_state_s.c\n'}
[2.412376] (unitree_go) StdoutLine: {'line': b'-- Up-to-date: /ws/install/unitree_go/local/lib/python3.10/dist-packages/unitree_go/msg/_bms_cmd_s.c\n'}
[2.412551] (unitree_go) StdoutLine: {'line': b'-- Up-to-date: /ws/install/unitree_go/local/lib/python3.10/dist-packages/unitree_go/msg/_lidar_state.py\n'}
[2.412721] (unitree_go) StdoutLine: {'line': b'-- Up-to-date: /ws/install/unitree_go/local/lib/python3.10/dist-packages/unitree_go/msg/_time_spec_s.c\n'}
[2.412848] (unitree_go) StdoutLine: {'line': b'-- Up-to-date: /ws/install/unitree_go/local/lib/python3.10/dist-packages/unitree_go/msg/_sport_mode_cmd.py\n'}
[2.413484] (unitree_go) StdoutLine: {'line': b'-- Up-to-date: /ws/install/unitree_go/local/lib/python3.10/dist-packages/unitree_go/msg/_motor_state.py\n'}
[2.413761] (unitree_go) StdoutLine: {'line': b'-- Up-to-date: /ws/install/unitree_go/local/lib/python3.10/dist-packages/unitree_go/msg/_motor_state_s.c\n'}
[2.413839] (unitree_go) StdoutLine: {'line': b'-- Up-to-date: /ws/install/unitree_go/local/lib/python3.10/dist-packages/unitree_go/msg/__init__.py\n'}
[2.413942] (unitree_go) StdoutLine: {'line': b'-- Up-to-date: /ws/install/unitree_go/local/lib/python3.10/dist-packages/unitree_go/msg/_uwb_switch_s.c\n'}
[2.414016] (unitree_go) StdoutLine: {'line': b'-- Up-to-date: /ws/install/unitree_go/local/lib/python3.10/dist-packages/unitree_go/msg/_motor_cmd.py\n'}
[2.414094] (unitree_go) StdoutLine: {'line': b'-- Up-to-date: /ws/install/unitree_go/local/lib/python3.10/dist-packages/unitree_go/msg/_audio_data_s.c\n'}
[2.414177] (unitree_go) StdoutLine: {'line': b'-- Up-to-date: /ws/install/unitree_go/local/lib/python3.10/dist-packages/unitree_go/msg/_low_cmd_s.c\n'}
[2.414248] (unitree_go) StdoutLine: {'line': b'-- Up-to-date: /ws/install/unitree_go/local/lib/python3.10/dist-packages/unitree_go/msg/_uwb_switch.py\n'}
[2.414321] (unitree_go) StdoutLine: {'line': b'-- Up-to-date: /ws/install/unitree_go/local/lib/python3.10/dist-packages/unitree_go/msg/_audio_data.py\n'}
[2.414390] (unitree_go) StdoutLine: {'line': b'-- Up-to-date: /ws/install/unitree_go/local/lib/python3.10/dist-packages/unitree_go/msg/_lidar_state_s.c\n'}
[2.414460] (unitree_go) StdoutLine: {'line': b'-- Up-to-date: /ws/install/unitree_go/local/lib/python3.10/dist-packages/unitree_go/msg/_low_state_s.c\n'}
[2.414918] (unitree_go) StdoutLine: {'line': b'-- Up-to-date: /ws/install/unitree_go/local/lib/python3.10/dist-packages/unitree_go/msg/_motor_states.py\n'}
[2.415008] (unitree_go) StdoutLine: {'line': b'-- Up-to-date: /ws/install/unitree_go/local/lib/python3.10/dist-packages/unitree_go/msg/_req_s.c\n'}
[2.415101] (unitree_go) StdoutLine: {'line': b'-- Up-to-date: /ws/install/unitree_go/local/lib/python3.10/dist-packages/unitree_go/msg/_wireless_controller_s.c\n'}
[2.415245] (unitree_go) StdoutLine: {'line': b'-- Up-to-date: /ws/install/unitree_go/local/lib/python3.10/dist-packages/unitree_go/msg/_height_map_s.c\n'}
[2.415319] (unitree_go) StdoutLine: {'line': b'-- Up-to-date: /ws/install/unitree_go/local/lib/python3.10/dist-packages/unitree_go/msg/_sport_mode_state_s.c\n'}
[2.415416] (unitree_go) StdoutLine: {'line': b'-- Up-to-date: /ws/install/unitree_go/local/lib/python3.10/dist-packages/unitree_go/msg/_req.py\n'}
[2.415774] (unitree_go) StdoutLine: {'line': b'-- Up-to-date: /ws/install/unitree_go/local/lib/python3.10/dist-packages/unitree_go/msg/_bms_state.py\n'}
[2.415865] (unitree_go) StdoutLine: {'line': b'-- Up-to-date: /ws/install/unitree_go/local/lib/python3.10/dist-packages/unitree_go/__init__.py\n'}
[2.415981] (unitree_go) StdoutLine: {'line': b'-- Up-to-date: /ws/install/unitree_go/local/lib/python3.10/dist-packages/unitree_go/unitree_go_s__rosidl_typesupport_c.cpython-310-aarch64-linux-gnu.so\n'}
[2.416288] (unitree_go) StdoutLine: {'line': b'-- Up-to-date: /ws/install/unitree_go/local/lib/python3.10/dist-packages/unitree_go/libunitree_go__rosidl_generator_py.so\n'}
[2.416391] (unitree_go) StdoutLine: {'line': b'-- Up-to-date: /ws/install/unitree_go/local/lib/python3.10/dist-packages/unitree_go/_unitree_go_s.ep.rosidl_typesupport_fastrtps_c.c\n'}
[2.416477] (unitree_go) StdoutLine: {'line': b'-- Up-to-date: /ws/install/unitree_go/local/lib/python3.10/dist-packages/unitree_go/_unitree_go_s.ep.rosidl_typesupport_introspection_c.c\n'}
[2.416643] (ros2_unitree_legged_msgs) StdoutLine: {'line': b'-- Up-to-date: /ws/install/ros2_unitree_legged_msgs/include/ros2_unitree_legged_msgs/ros2_unitree_legged_msgs/msg/detail/motor_state__struct.h\n'}
[2.416781] (ros2_unitree_legged_msgs) StdoutLine: {'line': b'-- Up-to-date: /ws/install/ros2_unitree_legged_msgs/include/ros2_unitree_legged_msgs/ros2_unitree_legged_msgs/msg/detail/high_state__type_support.h\n'}
[2.416865] (ros2_unitree_legged_msgs) StdoutLine: {'line': b'-- Up-to-date: /ws/install/ros2_unitree_legged_msgs/include/ros2_unitree_legged_msgs/ros2_unitree_legged_msgs/msg/detail/cartesian__type_support.h\n'}
[2.416939] (ros2_unitree_legged_msgs) StdoutLine: {'line': b'-- Up-to-date: /ws/install/ros2_unitree_legged_msgs/include/ros2_unitree_legged_msgs/ros2_unitree_legged_msgs/msg/detail/high_cmd__struct.h\n'}
[2.417311] (ros2_unitree_legged_msgs) StdoutLine: {'line': b'-- Up-to-date: /ws/install/ros2_unitree_legged_msgs/include/ros2_unitree_legged_msgs/ros2_unitree_legged_msgs/msg/detail/imu__struct.h\n'}
[2.417399] (ros2_unitree_legged_msgs) StdoutLine: {'line': b'-- Up-to-date: /ws/install/ros2_unitree_legged_msgs/include/ros2_unitree_legged_msgs/ros2_unitree_legged_msgs/msg/detail/low_state__type_support.h\n'}
[2.417498] (ros2_unitree_legged_msgs) StdoutLine: {'line': b'-- Up-to-date: /ws/install/ros2_unitree_legged_msgs/include/ros2_unitree_legged_msgs/ros2_unitree_legged_msgs/msg/detail/low_cmd__struct.h\n'}
[2.417641] (ros2_unitree_legged_msgs) StdoutLine: {'line': b'-- Up-to-date: /ws/install/ros2_unitree_legged_msgs/include/ros2_unitree_legged_msgs/ros2_unitree_legged_msgs/msg/detail/bms_state__struct.h\n'}
[2.417720] (ros2_unitree_legged_msgs) StdoutLine: {'line': b'-- Up-to-date: /ws/install/ros2_unitree_legged_msgs/include/ros2_unitree_legged_msgs/ros2_unitree_legged_msgs/msg/detail/led__functions.h\n'}
[2.417795] (ros2_unitree_legged_msgs) StdoutLine: {'line': b'-- Up-to-date: /ws/install/ros2_unitree_legged_msgs/include/ros2_unitree_legged_msgs/ros2_unitree_legged_msgs/msg/detail/motor_state__functions.h\n'}
[2.417867] (ros2_unitree_legged_msgs) StdoutLine: {'line': b'-- Up-to-date: /ws/install/ros2_unitree_legged_msgs/include/ros2_unitree_legged_msgs/ros2_unitree_legged_msgs/msg/detail/low_state__functions.h\n'}
[2.417938] (ros2_unitree_legged_msgs) StdoutLine: {'line': b'-- Up-to-date: /ws/install/ros2_unitree_legged_msgs/include/ros2_unitree_legged_msgs/ros2_unitree_legged_msgs/msg/detail/bms_state__functions.h\n'}
[2.418010] (ros2_unitree_legged_msgs) StdoutLine: {'line': b'-- Up-to-date: /ws/install/ros2_unitree_legged_msgs/include/ros2_unitree_legged_msgs/ros2_unitree_legged_msgs/msg/detail/motor_cmd__functions.c\n'}
[2.418107] (ros2_unitree_legged_msgs) StdoutLine: {'line': b'-- Up-to-date: /ws/install/ros2_unitree_legged_msgs/include/ros2_unitree_legged_msgs/ros2_unitree_legged_msgs/msg/detail/low_state__struct.h\n'}
[2.418494] (ros2_unitree_legged_msgs) StdoutLine: {'line': b'-- Up-to-date: /ws/install/ros2_unitree_legged_msgs/include/ros2_unitree_legged_msgs/ros2_unitree_legged_msgs/msg/detail/low_cmd__functions.h\n'}
[2.418713] (ros2_unitree_legged_msgs) StdoutLine: {'line': b'-- Up-to-date: /ws/install/ros2_unitree_legged_msgs/include/ros2_unitree_legged_msgs/ros2_unitree_legged_msgs/msg/detail/high_cmd__functions.c\n'}
[2.418810] (ros2_unitree_legged_msgs) StdoutLine: {'line': b'-- Up-to-date: /ws/install/ros2_unitree_legged_msgs/include/ros2_unitree_legged_msgs/ros2_unitree_legged_msgs/msg/detail/bms_cmd__type_support.h\n'}
[2.418882] (ros2_unitree_legged_msgs) StdoutLine: {'line': b'-- Up-to-date: /ws/install/ros2_unitree_legged_msgs/include/ros2_unitree_legged_msgs/ros2_unitree_legged_msgs/msg/detail/low_cmd__type_support.h\n'}
[2.418953] (ros2_unitree_legged_msgs) StdoutLine: {'line': b'-- Up-to-date: /ws/install/ros2_unitree_legged_msgs/include/ros2_unitree_legged_msgs/ros2_unitree_legged_msgs/msg/detail/bms_cmd__functions.c\n'}
[2.419024] (ros2_unitree_legged_msgs) StdoutLine: {'line': b'-- Up-to-date: /ws/install/ros2_unitree_legged_msgs/include/ros2_unitree_legged_msgs/ros2_unitree_legged_msgs/msg/detail/bms_cmd__functions.h\n'}
[2.419095] (ros2_unitree_legged_msgs) StdoutLine: {'line': b'-- Up-to-date: /ws/install/ros2_unitree_legged_msgs/include/ros2_unitree_legged_msgs/ros2_unitree_legged_msgs/msg/detail/low_state__functions.c\n'}
[2.419170] (ros2_unitree_legged_msgs) StdoutLine: {'line': b'-- Up-to-date: /ws/install/ros2_unitree_legged_msgs/include/ros2_unitree_legged_msgs/ros2_unitree_legged_msgs/msg/detail/motor_cmd__struct.h\n'}
[2.419240] (ros2_unitree_legged_msgs) StdoutLine: {'line': b'-- Up-to-date: /ws/install/ros2_unitree_legged_msgs/include/ros2_unitree_legged_msgs/ros2_unitree_legged_msgs/msg/detail/led__functions.c\n'}
[2.419311] (ros2_unitree_legged_msgs) StdoutLine: {'line': b'-- Up-to-date: /ws/install/ros2_unitree_legged_msgs/include/ros2_unitree_legged_msgs/ros2_unitree_legged_msgs/msg/detail/bms_cmd__struct.h\n'}
[2.419384] (ros2_unitree_legged_msgs) StdoutLine: {'line': b'-- Up-to-date: /ws/install/ros2_unitree_legged_msgs/include/ros2_unitree_legged_msgs/ros2_unitree_legged_msgs/msg/detail/imu__functions.c\n'}
[2.419562] (ros2_unitree_legged_msgs) StdoutLine: {'line': b'-- Up-to-date: /ws/install/ros2_unitree_legged_msgs/include/ros2_unitree_legged_msgs/ros2_unitree_legged_msgs/msg/detail/high_state__functions.c\n'}
[2.419949] (ros2_unitree_legged_msgs) StdoutLine: {'line': b'-- Up-to-date: /ws/install/ros2_unitree_legged_msgs/include/ros2_unitree_legged_msgs/ros2_unitree_legged_msgs/msg/detail/imu__functions.h\n'}
[2.420057] (ros2_unitree_legged_msgs) StdoutLine: {'line': b'-- Up-to-date: /ws/install/ros2_unitree_legged_msgs/include/ros2_unitree_legged_msgs/ros2_unitree_legged_msgs/msg/detail/led__type_support.h\n'}
[2.420159] (ros2_unitree_legged_msgs) StdoutLine: {'line': b'-- Up-to-date: /ws/install/ros2_unitree_legged_msgs/include/ros2_unitree_legged_msgs/ros2_unitree_legged_msgs/msg/detail/cartesian__functions.h\n'}
[2.420445] (ros2_unitree_legged_msgs) StdoutLine: {'line': b'-- Up-to-date: /ws/install/ros2_unitree_legged_msgs/include/ros2_unitree_legged_msgs/ros2_unitree_legged_msgs/msg/detail/high_state__struct.h\n'}
[2.420561] (ros2_unitree_legged_msgs) StdoutLine: {'line': b'-- Up-to-date: /ws/install/ros2_unitree_legged_msgs/include/ros2_unitree_legged_msgs/ros2_unitree_legged_msgs/msg/detail/bms_state__functions.c\n'}
[2.420651] (ros2_unitree_legged_msgs) StdoutLine: {'line': b'-- Up-to-date: /ws/install/ros2_unitree_legged_msgs/include/ros2_unitree_legged_msgs/ros2_unitree_legged_msgs/msg/detail/imu__type_support.h\n'}
[2.420814] (ros2_unitree_legged_msgs) StdoutLine: {'line': b'-- Up-to-date: /ws/install/ros2_unitree_legged_msgs/include/ros2_unitree_legged_msgs/ros2_unitree_legged_msgs/msg/detail/motor_state__functions.c\n'}
[2.421396] (ros2_unitree_legged_msgs) StdoutLine: {'line': b'-- Up-to-date: /ws/install/ros2_unitree_legged_msgs/include/ros2_unitree_legged_msgs/ros2_unitree_legged_msgs/msg/detail/low_cmd__functions.c\n'}
[2.421557] (ros2_unitree_legged_msgs) StdoutLine: {'line': b'-- Up-to-date: /ws/install/ros2_unitree_legged_msgs/include/ros2_unitree_legged_msgs/ros2_unitree_legged_msgs/msg/detail/high_cmd__type_support.h\n'}
[2.421905] (ros2_unitree_legged_msgs) StdoutLine: {'line': b'-- Up-to-date: /ws/install/ros2_unitree_legged_msgs/include/ros2_unitree_legged_msgs/ros2_unitree_legged_msgs/msg/detail/motor_cmd__type_support.h\n'}
[2.422016] (ros2_unitree_legged_msgs) StdoutLine: {'line': b'-- Up-to-date: /ws/install/ros2_unitree_legged_msgs/include/ros2_unitree_legged_msgs/ros2_unitree_legged_msgs/msg/detail/motor_cmd__functions.h\n'}
[2.422093] (ros2_unitree_legged_msgs) StdoutLine: {'line': b'-- Up-to-date: /ws/install/ros2_unitree_legged_msgs/include/ros2_unitree_legged_msgs/ros2_unitree_legged_msgs/msg/detail/motor_state__type_support.h\n'}
[2.422214] (ros2_unitree_legged_msgs) StdoutLine: {'line': b'-- Up-to-date: /ws/install/ros2_unitree_legged_msgs/include/ros2_unitree_legged_msgs/ros2_unitree_legged_msgs/msg/detail/high_cmd__functions.h\n'}
[2.422392] (ros2_unitree_legged_msgs) StdoutLine: {'line': b'-- Up-to-date: /ws/install/ros2_unitree_legged_msgs/include/ros2_unitree_legged_msgs/ros2_unitree_legged_msgs/msg/detail/led__struct.h\n'}
[2.422587] (ros2_unitree_legged_msgs) StdoutLine: {'line': b'-- Up-to-date: /ws/install/ros2_unitree_legged_msgs/include/ros2_unitree_legged_msgs/ros2_unitree_legged_msgs/msg/detail/bms_state__type_support.h\n'}
[2.422724] (ros2_unitree_legged_msgs) StdoutLine: {'line': b'-- Up-to-date: /ws/install/ros2_unitree_legged_msgs/include/ros2_unitree_legged_msgs/ros2_unitree_legged_msgs/msg/detail/high_state__functions.h\n'}
[2.422965] (ros2_unitree_legged_msgs) StdoutLine: {'line': b'-- Up-to-date: /ws/install/ros2_unitree_legged_msgs/include/ros2_unitree_legged_msgs/ros2_unitree_legged_msgs/msg/detail/cartesian__struct.h\n'}
[2.423102] (ros2_unitree_legged_msgs) StdoutLine: {'line': b'-- Up-to-date: /ws/install/ros2_unitree_legged_msgs/include/ros2_unitree_legged_msgs/ros2_unitree_legged_msgs/msg/high_state.h\n'}
[2.423234] (ros2_unitree_legged_msgs) StdoutLine: {'line': b'-- Up-to-date: /ws/install/ros2_unitree_legged_msgs/share/ros2_unitree_legged_msgs/environment/library_path.sh\n'}
[2.423308] (ros2_unitree_legged_msgs) StdoutLine: {'line': b'-- Up-to-date: /ws/install/ros2_unitree_legged_msgs/share/ros2_unitree_legged_msgs/environment/library_path.dsv\n'}
[2.423508] (ros2_unitree_legged_msgs) StdoutLine: {'line': b'-- Up-to-date: /ws/install/ros2_unitree_legged_msgs/lib/libros2_unitree_legged_msgs__rosidl_generator_c.so\n'}
[2.423719] (ros2_unitree_legged_msgs) StdoutLine: {'line': b'-- Up-to-date: /ws/install/ros2_unitree_legged_msgs/include/ros2_unitree_legged_msgs/ros2_unitree_legged_msgs\n'}
[2.424078] (ros2_unitree_legged_msgs) StdoutLine: {'line': b'-- Up-to-date: /ws/install/ros2_unitree_legged_msgs/include/ros2_unitree_legged_msgs/ros2_unitree_legged_msgs/msg\n'}
[2.424227] (ros2_unitree_legged_msgs) StdoutLine: {'line': b'-- Up-to-date: /ws/install/ros2_unitree_legged_msgs/include/ros2_unitree_legged_msgs/ros2_unitree_legged_msgs/msg/rosidl_typesupport_fastrtps_c__visibility_control.h\n'}
[2.424310] (ros2_unitree_legged_msgs) StdoutLine: {'line': b'-- Up-to-date: /ws/install/ros2_unitree_legged_msgs/include/ros2_unitree_legged_msgs/ros2_unitree_legged_msgs/msg/detail\n'}
[2.424393] (ros2_unitree_legged_msgs) StdoutLine: {'line': b'-- Up-to-date: /ws/install/ros2_unitree_legged_msgs/include/ros2_unitree_legged_msgs/ros2_unitree_legged_msgs/msg/detail/motor_state__rosidl_typesupport_fastrtps_c.h\n'}
[2.424532] (ros2_unitree_legged_msgs) StdoutLine: {'line': b'-- Up-to-date: /ws/install/ros2_unitree_legged_msgs/include/ros2_unitree_legged_msgs/ros2_unitree_legged_msgs/msg/detail/low_state__rosidl_typesupport_fastrtps_c.h\n'}
[2.424850] (ros2_unitree_legged_msgs) StdoutLine: {'line': b'-- Up-to-date: /ws/install/ros2_unitree_legged_msgs/include/ros2_unitree_legged_msgs/ros2_unitree_legged_msgs/msg/detail/high_cmd__rosidl_typesupport_fastrtps_c.h\n'}
[2.425373] (ros2_unitree_legged_msgs) StdoutLine: {'line': b'-- Up-to-date: /ws/install/ros2_unitree_legged_msgs/include/ros2_unitree_legged_msgs/ros2_unitree_legged_msgs/msg/detail/high_state__rosidl_typesupport_fastrtps_c.h\n'}
[2.428668] (ros2_unitree_legged_msgs) StdoutLine: {'line': b'-- Up-to-date: /ws/install/ros2_unitree_legged_msgs/include/ros2_unitree_legged_msgs/ros2_unitree_legged_msgs/msg/detail/bms_cmd__rosidl_typesupport_fastrtps_c.h\n'}
[2.428844] (ros2_unitree_legged_msgs) StdoutLine: {'line': b'-- Up-to-date: /ws/install/ros2_unitree_legged_msgs/include/ros2_unitree_legged_msgs/ros2_unitree_legged_msgs/msg/detail/led__rosidl_typesupport_fastrtps_c.h\n'}
[2.428993] (ros2_unitree_legged_msgs) StdoutLine: {'line': b'-- Up-to-date: /ws/install/ros2_unitree_legged_msgs/include/ros2_unitree_legged_msgs/ros2_unitree_legged_msgs/msg/detail/cartesian__rosidl_typesupport_fastrtps_c.h\n'}
[2.429082] (ros2_unitree_legged_msgs) StdoutLine: {'line': b'-- Up-to-date: /ws/install/ros2_unitree_legged_msgs/include/ros2_unitree_legged_msgs/ros2_unitree_legged_msgs/msg/detail/motor_cmd__rosidl_typesupport_fastrtps_c.h\n'}
[2.429179] (ros2_unitree_legged_msgs) StdoutLine: {'line': b'-- Up-to-date: /ws/install/ros2_unitree_legged_msgs/include/ros2_unitree_legged_msgs/ros2_unitree_legged_msgs/msg/detail/low_cmd__rosidl_typesupport_fastrtps_c.h\n'}
[2.429285] (ros2_unitree_legged_msgs) StdoutLine: {'line': b'-- Up-to-date: /ws/install/ros2_unitree_legged_msgs/include/ros2_unitree_legged_msgs/ros2_unitree_legged_msgs/msg/detail/bms_state__rosidl_typesupport_fastrtps_c.h\n'}
[2.429377] (ros2_unitree_legged_msgs) StdoutLine: {'line': b'-- Up-to-date: /ws/install/ros2_unitree_legged_msgs/include/ros2_unitree_legged_msgs/ros2_unitree_legged_msgs/msg/detail/imu__rosidl_typesupport_fastrtps_c.h\n'}
[2.429527] (ros2_unitree_legged_msgs) StdoutLine: {'line': b'-- Up-to-date: /ws/install/ros2_unitree_legged_msgs/lib/libros2_unitree_legged_msgs__rosidl_typesupport_fastrtps_c.so\n'}
[2.429645] (ros2_unitree_legged_msgs) StdoutLine: {'line': b'-- Up-to-date: /ws/install/ros2_unitree_legged_msgs/include/ros2_unitree_legged_msgs/ros2_unitree_legged_msgs\n'}
[2.429733] (ros2_unitree_legged_msgs) StdoutLine: {'line': b'-- Up-to-date: /ws/install/ros2_unitree_legged_msgs/include/ros2_unitree_legged_msgs/ros2_unitree_legged_msgs/msg\n'}
[2.429830] (ros2_unitree_legged_msgs) StdoutLine: {'line': b'-- Up-to-date: /ws/install/ros2_unitree_legged_msgs/include/ros2_unitree_legged_msgs/ros2_unitree_legged_msgs/msg/rosidl_typesupport_introspection_c__visibility_control.h\n'}
[2.429924] (ros2_unitree_legged_msgs) StdoutLine: {'line': b'-- Up-to-date: /ws/install/ros2_unitree_legged_msgs/include/ros2_unitree_legged_msgs/ros2_unitree_legged_msgs/msg/detail\n'}
[2.434995] (ros2_unitree_legged_msgs) StdoutLine: {'line': b'-- Up-to-date: /ws/install/ros2_unitree_legged_msgs/include/ros2_unitree_legged_msgs/ros2_unitree_legged_msgs/msg/detail/imu__type_support.c\n'}
[2.435137] (ros2_unitree_legged_msgs) StdoutLine: {'line': b'-- Up-to-date: /ws/install/ros2_unitree_legged_msgs/include/ros2_unitree_legged_msgs/ros2_unitree_legged_msgs/msg/detail/led__rosidl_typesupport_introspection_c.h\n'}
[2.435220] (ros2_unitree_legged_msgs) StdoutLine: {'line': b'-- Up-to-date: /ws/install/ros2_unitree_legged_msgs/include/ros2_unitree_legged_msgs/ros2_unitree_legged_msgs/msg/detail/bms_cmd__rosidl_typesupport_introspection_c.h\n'}
[2.435302] (ros2_unitree_legged_msgs) StdoutLine: {'line': b'-- Up-to-date: /ws/install/ros2_unitree_legged_msgs/include/ros2_unitree_legged_msgs/ros2_unitree_legged_msgs/msg/detail/high_cmd__rosidl_typesupport_introspection_c.h\n'}
[2.435383] (ros2_unitree_legged_msgs) StdoutLine: {'line': b'-- Up-to-date: /ws/install/ros2_unitree_legged_msgs/include/ros2_unitree_legged_msgs/ros2_unitree_legged_msgs/msg/detail/imu__rosidl_typesupport_introspection_c.h\n'}
[2.435530] (ros2_unitree_legged_msgs) StdoutLine: {'line': b'-- Up-to-date: /ws/install/ros2_unitree_legged_msgs/include/ros2_unitree_legged_msgs/ros2_unitree_legged_msgs/msg/detail/high_state__rosidl_typesupport_introspection_c.h\n'}
[2.435623] (ros2_unitree_legged_msgs) StdoutLine: {'line': b'-- Up-to-date: /ws/install/ros2_unitree_legged_msgs/include/ros2_unitree_legged_msgs/ros2_unitree_legged_msgs/msg/detail/cartesian__type_support.c\n'}
[2.435713] (ros2_unitree_legged_msgs) StdoutLine: {'line': b'-- Up-to-date: /ws/install/ros2_unitree_legged_msgs/include/ros2_unitree_legged_msgs/ros2_unitree_legged_msgs/msg/detail/low_cmd__rosidl_typesupport_introspection_c.h\n'}
[2.435802] (ros2_unitree_legged_msgs) StdoutLine: {'line': b'-- Up-to-date: /ws/install/ros2_unitree_legged_msgs/include/ros2_unitree_legged_msgs/ros2_unitree_legged_msgs/msg/detail/led__type_support.c\n'}
[2.435887] (ros2_unitree_legged_msgs) StdoutLine: {'line': b'-- Up-to-date: /ws/install/ros2_unitree_legged_msgs/include/ros2_unitree_legged_msgs/ros2_unitree_legged_msgs/msg/detail/low_state__type_support.c\n'}
[2.435969] (ros2_unitree_legged_msgs) StdoutLine: {'line': b'-- Up-to-date: /ws/install/ros2_unitree_legged_msgs/include/ros2_unitree_legged_msgs/ros2_unitree_legged_msgs/msg/detail/cartesian__rosidl_typesupport_introspection_c.h\n'}
[2.436064] (ros2_unitree_legged_msgs) StdoutLine: {'line': b'-- Up-to-date: /ws/install/ros2_unitree_legged_msgs/include/ros2_unitree_legged_msgs/ros2_unitree_legged_msgs/msg/detail/bms_state__rosidl_typesupport_introspection_c.h\n'}
[2.436149] (ros2_unitree_legged_msgs) StdoutLine: {'line': b'-- Up-to-date: /ws/install/ros2_unitree_legged_msgs/include/ros2_unitree_legged_msgs/ros2_unitree_legged_msgs/msg/detail/motor_cmd__type_support.c\n'}
[2.436235] (ros2_unitree_legged_msgs) StdoutLine: {'line': b'-- Up-to-date: /ws/install/ros2_unitree_legged_msgs/include/ros2_unitree_legged_msgs/ros2_unitree_legged_msgs/msg/detail/high_state__type_support.c\n'}
[2.436316] (unitree_api) StdoutLine: {'line': b'-- Up-to-date: /ws/install/unitree_api/local/lib/python3.10/dist-packages/unitree_api/unitree_api_s__rosidl_typesupport_fastrtps_c.cpython-310-aarch64-linux-gnu.so\n'}
[2.436417] (ros2_unitree_legged_msgs) StdoutLine: {'line': b'-- Up-to-date: /ws/install/ros2_unitree_legged_msgs/include/ros2_unitree_legged_msgs/ros2_unitree_legged_msgs/msg/detail/low_cmd__type_support.c\n'}
[2.436520] (ros2_unitree_legged_msgs) StdoutLine: {'line': b'-- Up-to-date: /ws/install/ros2_unitree_legged_msgs/include/ros2_unitree_legged_msgs/ros2_unitree_legged_msgs/msg/detail/bms_state__type_support.c\n'}
[2.436611] (ros2_unitree_legged_msgs) StdoutLine: {'line': b'-- Up-to-date: /ws/install/ros2_unitree_legged_msgs/include/ros2_unitree_legged_msgs/ros2_unitree_legged_msgs/msg/detail/motor_state__type_support.c\n'}
[2.436692] (ros2_unitree_legged_msgs) StdoutLine: {'line': b'-- Up-to-date: /ws/install/ros2_unitree_legged_msgs/include/ros2_unitree_legged_msgs/ros2_unitree_legged_msgs/msg/detail/bms_cmd__type_support.c\n'}
[2.436772] (ros2_unitree_legged_msgs) StdoutLine: {'line': b'-- Up-to-date: /ws/install/ros2_unitree_legged_msgs/include/ros2_unitree_legged_msgs/ros2_unitree_legged_msgs/msg/detail/motor_state__rosidl_typesupport_introspection_c.h\n'}
[2.436842] (ros2_unitree_legged_msgs) StdoutLine: {'line': b'-- Up-to-date: /ws/install/ros2_unitree_legged_msgs/include/ros2_unitree_legged_msgs/ros2_unitree_legged_msgs/msg/detail/motor_cmd__rosidl_typesupport_introspection_c.h\n'}
[2.436910] (ros2_unitree_legged_msgs) StdoutLine: {'line': b'-- Up-to-date: /ws/install/ros2_unitree_legged_msgs/include/ros2_unitree_legged_msgs/ros2_unitree_legged_msgs/msg/detail/high_cmd__type_support.c\n'}
[2.436974] (ros2_unitree_legged_msgs) StdoutLine: {'line': b'-- Up-to-date: /ws/install/ros2_unitree_legged_msgs/include/ros2_unitree_legged_msgs/ros2_unitree_legged_msgs/msg/detail/low_state__rosidl_typesupport_introspection_c.h\n'}
[2.437083] (ros2_unitree_legged_msgs) StdoutLine: {'line': b'-- Up-to-date: /ws/install/ros2_unitree_legged_msgs/lib/libros2_unitree_legged_msgs__rosidl_typesupport_introspection_c.so\n'}
[2.437149] (ros2_unitree_legged_msgs) StdoutLine: {'line': b'-- Up-to-date: /ws/install/ros2_unitree_legged_msgs/lib/libros2_unitree_legged_msgs__rosidl_typesupport_c.so\n'}
[2.437213] (ros2_unitree_legged_msgs) StdoutLine: {'line': b'-- Up-to-date: /ws/install/ros2_unitree_legged_msgs/include/ros2_unitree_legged_msgs/ros2_unitree_legged_msgs\n'}
[2.437275] (ros2_unitree_legged_msgs) StdoutLine: {'line': b'-- Up-to-date: /ws/install/ros2_unitree_legged_msgs/include/ros2_unitree_legged_msgs/ros2_unitree_legged_msgs/msg\n'}
[2.437339] (ros2_unitree_legged_msgs) StdoutLine: {'line': b'-- Up-to-date: /ws/install/ros2_unitree_legged_msgs/include/ros2_unitree_legged_msgs/ros2_unitree_legged_msgs/msg/rosidl_generator_cpp__visibility_control.hpp\n'}
[2.437403] (ros2_unitree_legged_msgs) StdoutLine: {'line': b'-- Up-to-date: /ws/install/ros2_unitree_legged_msgs/include/ros2_unitree_legged_msgs/ros2_unitree_legged_msgs/msg/motor_cmd.hpp\n'}
[2.440576] (ros2_unitree_legged_msgs) StdoutLine: {'line': b'-- Up-to-date: /ws/install/ros2_unitree_legged_msgs/include/ros2_unitree_legged_msgs/ros2_unitree_legged_msgs/msg/high_state.hpp\n'}
[2.440905] (ros2_unitree_legged_msgs) StdoutLine: {'line': b'-- Up-to-date: /ws/install/ros2_unitree_legged_msgs/include/ros2_unitree_legged_msgs/ros2_unitree_legged_msgs/msg/motor_state.hpp\n'}
[2.441013] (ros2_unitree_legged_msgs) StdoutLine: {'line': b'-- Up-to-date: /ws/install/ros2_unitree_legged_msgs/include/ros2_unitree_legged_msgs/ros2_unitree_legged_msgs/msg/bms_cmd.hpp\n'}
[2.441138] (ros2_unitree_legged_msgs) StdoutLine: {'line': b'-- Up-to-date: /ws/install/ros2_unitree_legged_msgs/include/ros2_unitree_legged_msgs/ros2_unitree_legged_msgs/msg/imu.hpp\n'}
[2.441230] (ros2_unitree_legged_msgs) StdoutLine: {'line': b'-- Up-to-date: /ws/install/ros2_unitree_legged_msgs/include/ros2_unitree_legged_msgs/ros2_unitree_legged_msgs/msg/high_cmd.hpp\n'}
[2.441308] (ros2_unitree_legged_msgs) StdoutLine: {'line': b'-- Up-to-date: /ws/install/ros2_unitree_legged_msgs/include/ros2_unitree_legged_msgs/ros2_unitree_legged_msgs/msg/cartesian.hpp\n'}
[2.441387] (ros2_unitree_legged_msgs) StdoutLine: {'line': b'-- Up-to-date: /ws/install/ros2_unitree_legged_msgs/include/ros2_unitree_legged_msgs/ros2_unitree_legged_msgs/msg/low_cmd.hpp\n'}
[2.441531] (ros2_unitree_legged_msgs) StdoutLine: {'line': b'-- Up-to-date: /ws/install/ros2_unitree_legged_msgs/include/ros2_unitree_legged_msgs/ros2_unitree_legged_msgs/msg/low_state.hpp\n'}
[2.442625] (ros2_unitree_legged_msgs) StdoutLine: {'line': b'-- Up-to-date: /ws/install/ros2_unitree_legged_msgs/include/ros2_unitree_legged_msgs/ros2_unitree_legged_msgs/msg/led.hpp\n'}
[2.442724] (ros2_unitree_legged_msgs) StdoutLine: {'line': b'-- Up-to-date: /ws/install/ros2_unitree_legged_msgs/include/ros2_unitree_legged_msgs/ros2_unitree_legged_msgs/msg/bms_state.hpp\n'}
[2.442800] (ros2_unitree_legged_msgs) StdoutLine: {'line': b'-- Up-to-date: /ws/install/ros2_unitree_legged_msgs/include/ros2_unitree_legged_msgs/ros2_unitree_legged_msgs/msg/detail\n'}
[2.442917] (ros2_unitree_legged_msgs) StdoutLine: {'line': b'-- Up-to-date: /ws/install/ros2_unitree_legged_msgs/include/ros2_unitree_legged_msgs/ros2_unitree_legged_msgs/msg/detail/bms_state__traits.hpp\n'}
[2.443006] (ros2_unitree_legged_msgs) StdoutLine: {'line': b'-- Up-to-date: /ws/install/ros2_unitree_legged_msgs/include/ros2_unitree_legged_msgs/ros2_unitree_legged_msgs/msg/detail/imu__traits.hpp\n'}
[2.443085] (ros2_unitree_legged_msgs) StdoutLine: {'line': b'-- Up-to-date: /ws/install/ros2_unitree_legged_msgs/include/ros2_unitree_legged_msgs/ros2_unitree_legged_msgs/msg/detail/cartesian__type_support.hpp\n'}
[2.443153] (ros2_unitree_legged_msgs) StdoutLine: {'line': b'-- Up-to-date: /ws/install/ros2_unitree_legged_msgs/include/ros2_unitree_legged_msgs/ros2_unitree_legged_msgs/msg/detail/bms_cmd__struct.hpp\n'}
[2.443265] (ros2_unitree_legged_msgs) StdoutLine: {'line': b'-- Up-to-date: /ws/install/ros2_unitree_legged_msgs/include/ros2_unitree_legged_msgs/ros2_unitree_legged_msgs/msg/detail/high_state__type_support.hpp\n'}
[2.443353] (ros2_unitree_legged_msgs) StdoutLine: {'line': b'-- Up-to-date: /ws/install/ros2_unitree_legged_msgs/include/ros2_unitree_legged_msgs/ros2_unitree_legged_msgs/msg/detail/imu__type_support.hpp\n'}
[2.443460] (ros2_unitree_legged_msgs) StdoutLine: {'line': b'-- Up-to-date: /ws/install/ros2_unitree_legged_msgs/include/ros2_unitree_legged_msgs/ros2_unitree_legged_msgs/msg/detail/motor_state__traits.hpp\n'}
[2.443580] (ros2_unitree_legged_msgs) StdoutLine: {'line': b'-- Up-to-date: /ws/install/ros2_unitree_legged_msgs/include/ros2_unitree_legged_msgs/ros2_unitree_legged_msgs/msg/detail/high_state__traits.hpp\n'}
[2.443661] (ros2_unitree_legged_msgs) StdoutLine: {'line': b'-- Up-to-date: /ws/install/ros2_unitree_legged_msgs/include/ros2_unitree_legged_msgs/ros2_unitree_legged_msgs/msg/detail/bms_cmd__traits.hpp\n'}
[2.443748] (ros2_unitree_legged_msgs) StdoutLine: {'line': b'-- Up-to-date: /ws/install/ros2_unitree_legged_msgs/include/ros2_unitree_legged_msgs/ros2_unitree_legged_msgs/msg/detail/bms_state__type_support.hpp\n'}
[2.443823] (ros2_unitree_legged_msgs) StdoutLine: {'line': b'-- Up-to-date: /ws/install/ros2_unitree_legged_msgs/include/ros2_unitree_legged_msgs/ros2_unitree_legged_msgs/msg/detail/bms_state__builder.hpp\n'}
[2.443888] (ros2_unitree_legged_msgs) StdoutLine: {'line': b'-- Up-to-date: /ws/install/ros2_unitree_legged_msgs/include/ros2_unitree_legged_msgs/ros2_unitree_legged_msgs/msg/detail/high_state__builder.hpp\n'}
[2.443955] (ros2_unitree_legged_msgs) StdoutLine: {'line': b'-- Up-to-date: /ws/install/ros2_unitree_legged_msgs/include/ros2_unitree_legged_msgs/ros2_unitree_legged_msgs/msg/detail/led__builder.hpp\n'}
[2.444054] (ros2_unitree_legged_msgs) StdoutLine: {'line': b'-- Up-to-date: /ws/install/ros2_unitree_legged_msgs/include/ros2_unitree_legged_msgs/ros2_unitree_legged_msgs/msg/detail/bms_cmd__type_support.hpp\n'}
[2.444130] (ros2_unitree_legged_msgs) StdoutLine: {'line': b'-- Up-to-date: /ws/install/ros2_unitree_legged_msgs/include/ros2_unitree_legged_msgs/ros2_unitree_legged_msgs/msg/detail/cartesian__builder.hpp\n'}
[2.444199] (ros2_unitree_legged_msgs) StdoutLine: {'line': b'-- Up-to-date: /ws/install/ros2_unitree_legged_msgs/include/ros2_unitree_legged_msgs/ros2_unitree_legged_msgs/msg/detail/high_cmd__traits.hpp\n'}
[2.444271] (ros2_unitree_legged_msgs) StdoutLine: {'line': b'-- Up-to-date: /ws/install/ros2_unitree_legged_msgs/include/ros2_unitree_legged_msgs/ros2_unitree_legged_msgs/msg/detail/bms_cmd__builder.hpp\n'}
[2.444343] (ros2_unitree_legged_msgs) StdoutLine: {'line': b'-- Up-to-date: /ws/install/ros2_unitree_legged_msgs/include/ros2_unitree_legged_msgs/ros2_unitree_legged_msgs/msg/detail/low_cmd__builder.hpp\n'}
[2.444435] (ros2_unitree_legged_msgs) StdoutLine: {'line': b'-- Up-to-date: /ws/install/ros2_unitree_legged_msgs/include/ros2_unitree_legged_msgs/ros2_unitree_legged_msgs/msg/detail/bms_state__struct.hpp\n'}
[2.451970] (-) TimerEvent: {}
[2.452500] (ros2_unitree_legged_msgs) StdoutLine: {'line': b'-- Up-to-date: /ws/install/ros2_unitree_legged_msgs/include/ros2_unitree_legged_msgs/ros2_unitree_legged_msgs/msg/detail/cartesian__struct.hpp\n'}
[2.452748] (ros2_unitree_legged_msgs) StdoutLine: {'line': b'-- Up-to-date: /ws/install/ros2_unitree_legged_msgs/include/ros2_unitree_legged_msgs/ros2_unitree_legged_msgs/msg/detail/low_state__builder.hpp\n'}
[2.452898] (ros2_unitree_legged_msgs) StdoutLine: {'line': b'-- Up-to-date: /ws/install/ros2_unitree_legged_msgs/include/ros2_unitree_legged_msgs/ros2_unitree_legged_msgs/msg/detail/led__traits.hpp\n'}
[2.453009] (ros2_unitree_legged_msgs) StdoutLine: {'line': b'-- Up-to-date: /ws/install/ros2_unitree_legged_msgs/include/ros2_unitree_legged_msgs/ros2_unitree_legged_msgs/msg/detail/high_state__struct.hpp\n'}
[2.453126] (ros2_unitree_legged_msgs) StdoutLine: {'line': b'-- Up-to-date: /ws/install/ros2_unitree_legged_msgs/include/ros2_unitree_legged_msgs/ros2_unitree_legged_msgs/msg/detail/high_cmd__builder.hpp\n'}
[2.453282] (ros2_unitree_legged_msgs) StdoutLine: {'line': b'-- Up-to-date: /ws/install/ros2_unitree_legged_msgs/include/ros2_unitree_legged_msgs/ros2_unitree_legged_msgs/msg/detail/motor_cmd__traits.hpp\n'}
[2.453440] (ros2_unitree_legged_msgs) StdoutLine: {'line': b'-- Up-to-date: /ws/install/ros2_unitree_legged_msgs/include/ros2_unitree_legged_msgs/ros2_unitree_legged_msgs/msg/detail/cartesian__traits.hpp\n'}
[2.454652] (ros2_unitree_legged_msgs) StdoutLine: {'line': b'-- Up-to-date: /ws/install/ros2_unitree_legged_msgs/include/ros2_unitree_legged_msgs/ros2_unitree_legged_msgs/msg/detail/imu__struct.hpp\n'}
[2.461010] (ros2_unitree_legged_msgs) StdoutLine: {'line': b'-- Up-to-date: /ws/install/ros2_unitree_legged_msgs/include/ros2_unitree_legged_msgs/ros2_unitree_legged_msgs/msg/detail/imu__builder.hpp\n'}
[2.461187] (ros2_unitree_legged_msgs) StdoutLine: {'line': b'-- Up-to-date: /ws/install/ros2_unitree_legged_msgs/include/ros2_unitree_legged_msgs/ros2_unitree_legged_msgs/msg/detail/motor_state__struct.hpp\n'}
[2.461267] (ros2_unitree_legged_msgs) StdoutLine: {'line': b'-- Up-to-date: /ws/install/ros2_unitree_legged_msgs/include/ros2_unitree_legged_msgs/ros2_unitree_legged_msgs/msg/detail/motor_state__builder.hpp\n'}
[2.461339] (ros2_unitree_legged_msgs) StdoutLine: {'line': b'-- Up-to-date: /ws/install/ros2_unitree_legged_msgs/include/ros2_unitree_legged_msgs/ros2_unitree_legged_msgs/msg/detail/low_cmd__type_support.hpp\n'}
[2.461405] (ros2_unitree_legged_msgs) StdoutLine: {'line': b'-- Up-to-date: /ws/install/ros2_unitree_legged_msgs/include/ros2_unitree_legged_msgs/ros2_unitree_legged_msgs/msg/detail/low_cmd__struct.hpp\n'}
[2.461496] (ros2_unitree_legged_msgs) StdoutLine: {'line': b'-- Up-to-date: /ws/install/ros2_unitree_legged_msgs/include/ros2_unitree_legged_msgs/ros2_unitree_legged_msgs/msg/detail/low_cmd__traits.hpp\n'}
[2.461637] (ros2_unitree_legged_msgs) StdoutLine: {'line': b'-- Up-to-date: /ws/install/ros2_unitree_legged_msgs/include/ros2_unitree_legged_msgs/ros2_unitree_legged_msgs/msg/detail/low_state__struct.hpp\n'}
[2.461754] (ros2_unitree_legged_msgs) StdoutLine: {'line': b'-- Up-to-date: /ws/install/ros2_unitree_legged_msgs/include/ros2_unitree_legged_msgs/ros2_unitree_legged_msgs/msg/detail/motor_cmd__builder.hpp\n'}
[2.464951] (ros2_unitree_legged_msgs) StdoutLine: {'line': b'-- Up-to-date: /ws/install/ros2_unitree_legged_msgs/include/ros2_unitree_legged_msgs/ros2_unitree_legged_msgs/msg/detail/high_cmd__struct.hpp\n'}
[2.465210] (ros2_unitree_legged_msgs) StdoutLine: {'line': b'-- Up-to-date: /ws/install/ros2_unitree_legged_msgs/include/ros2_unitree_legged_msgs/ros2_unitree_legged_msgs/msg/detail/led__type_support.hpp\n'}
[2.465339] (ros2_unitree_legged_msgs) StdoutLine: {'line': b'-- Up-to-date: /ws/install/ros2_unitree_legged_msgs/include/ros2_unitree_legged_msgs/ros2_unitree_legged_msgs/msg/detail/high_cmd__type_support.hpp\n'}
[2.465441] (ros2_unitree_legged_msgs) StdoutLine: {'line': b'-- Up-to-date: /ws/install/ros2_unitree_legged_msgs/include/ros2_unitree_legged_msgs/ros2_unitree_legged_msgs/msg/detail/motor_cmd__struct.hpp\n'}
[2.465574] (ros2_unitree_legged_msgs) StdoutLine: {'line': b'-- Up-to-date: /ws/install/ros2_unitree_legged_msgs/include/ros2_unitree_legged_msgs/ros2_unitree_legged_msgs/msg/detail/low_state__type_support.hpp\n'}
[2.465726] (ros2_unitree_legged_msgs) StdoutLine: {'line': b'-- Up-to-date: /ws/install/ros2_unitree_legged_msgs/include/ros2_unitree_legged_msgs/ros2_unitree_legged_msgs/msg/detail/motor_state__type_support.hpp\n'}
[2.465839] (ros2_unitree_legged_msgs) StdoutLine: {'line': b'-- Up-to-date: /ws/install/ros2_unitree_legged_msgs/include/ros2_unitree_legged_msgs/ros2_unitree_legged_msgs/msg/detail/low_state__traits.hpp\n'}
[2.466004] (ros2_unitree_legged_msgs) StdoutLine: {'line': b'-- Up-to-date: /ws/install/ros2_unitree_legged_msgs/include/ros2_unitree_legged_msgs/ros2_unitree_legged_msgs/msg/detail/motor_cmd__type_support.hpp\n'}
[2.466178] (ros2_unitree_legged_msgs) StdoutLine: {'line': b'-- Up-to-date: /ws/install/ros2_unitree_legged_msgs/include/ros2_unitree_legged_msgs/ros2_unitree_legged_msgs/msg/detail/led__struct.hpp\n'}
[2.466308] (ros2_unitree_legged_msgs) StdoutLine: {'line': b'-- Up-to-date: /ws/install/ros2_unitree_legged_msgs/include/ros2_unitree_legged_msgs/ros2_unitree_legged_msgs\n'}
[2.466419] (ros2_unitree_legged_msgs) StdoutLine: {'line': b'-- Up-to-date: /ws/install/ros2_unitree_legged_msgs/include/ros2_unitree_legged_msgs/ros2_unitree_legged_msgs/msg\n'}
[2.476684] (ros2_unitree_legged_msgs) StdoutLine: {'line': b'-- Up-to-date: /ws/install/ros2_unitree_legged_msgs/include/ros2_unitree_legged_msgs/ros2_unitree_legged_msgs/msg/rosidl_typesupport_fastrtps_cpp__visibility_control.h\n'}
[2.476820] (ros2_unitree_legged_msgs) StdoutLine: {'line': b'-- Up-to-date: /ws/install/ros2_unitree_legged_msgs/include/ros2_unitree_legged_msgs/ros2_unitree_legged_msgs/msg/detail\n'}
[2.476903] (ros2_unitree_legged_msgs) StdoutLine: {'line': b'-- Up-to-date: /ws/install/ros2_unitree_legged_msgs/include/ros2_unitree_legged_msgs/ros2_unitree_legged_msgs/msg/detail/imu__rosidl_typesupport_fastrtps_cpp.hpp\n'}
[2.477007] (ros2_unitree_legged_msgs) StdoutLine: {'line': b'-- Up-to-date: /ws/install/ros2_unitree_legged_msgs/include/ros2_unitree_legged_msgs/ros2_unitree_legged_msgs/msg/detail/bms_state__rosidl_typesupport_fastrtps_cpp.hpp\n'}
[2.477118] (ros2_unitree_legged_msgs) StdoutLine: {'line': b'-- Up-to-date: /ws/install/ros2_unitree_legged_msgs/include/ros2_unitree_legged_msgs/ros2_unitree_legged_msgs/msg/detail/led__rosidl_typesupport_fastrtps_cpp.hpp\n'}
[2.477224] (unitree_api) StdoutLine: {'line': b'-- Up-to-date: /ws/install/unitree_api/local/lib/python3.10/dist-packages/unitree_api/unitree_api_s__rosidl_typesupport_introspection_c.cpython-310-aarch64-linux-gnu.so\n'}
[2.477324] (unitree_api) StdoutLine: {'line': b'-- Up-to-date: /ws/install/unitree_api/local/lib/python3.10/dist-packages/unitree_api/unitree_api_s__rosidl_typesupport_c.cpython-310-aarch64-linux-gnu.so\n'}
[2.477410] (unitree_api) StdoutLine: {'line': b'-- Up-to-date: /ws/install/unitree_api/lib/libunitree_api__rosidl_generator_py.so\n'}
[2.477514] (ros2_unitree_legged_msgs) StdoutLine: {'line': b'-- Up-to-date: /ws/install/ros2_unitree_legged_msgs/include/ros2_unitree_legged_msgs/ros2_unitree_legged_msgs/msg/detail/low_state__rosidl_typesupport_fastrtps_cpp.hpp\n'}
[2.477599] (ros2_unitree_legged_msgs) StdoutLine: {'line': b'-- Up-to-date: /ws/install/ros2_unitree_legged_msgs/include/ros2_unitree_legged_msgs/ros2_unitree_legged_msgs/msg/detail/motor_cmd__rosidl_typesupport_fastrtps_cpp.hpp\n'}
[2.477670] (ros2_unitree_legged_msgs) StdoutLine: {'line': b'-- Up-to-date: /ws/install/ros2_unitree_legged_msgs/include/ros2_unitree_legged_msgs/ros2_unitree_legged_msgs/msg/detail/high_state__rosidl_typesupport_fastrtps_cpp.hpp\n'}
[2.477760] (ros2_unitree_legged_msgs) StdoutLine: {'line': b'-- Up-to-date: /ws/install/ros2_unitree_legged_msgs/include/ros2_unitree_legged_msgs/ros2_unitree_legged_msgs/msg/detail/motor_state__rosidl_typesupport_fastrtps_cpp.hpp\n'}
[2.477831] (ros2_unitree_legged_msgs) StdoutLine: {'line': b'-- Up-to-date: /ws/install/ros2_unitree_legged_msgs/include/ros2_unitree_legged_msgs/ros2_unitree_legged_msgs/msg/detail/dds_fastrtps\n'}
[2.477902] (unitree_api) StdoutLine: {'line': b'-- Up-to-date: /ws/install/unitree_api/share/unitree_api/msg/Request.idl\n'}
[2.477979] (unitree_api) StdoutLine: {'line': b'-- Up-to-date: /ws/install/unitree_api/share/unitree_api/msg/RequestHeader.idl\n'}
[2.478045] (ros2_unitree_legged_msgs) StdoutLine: {'line': b'-- Up-to-date: /ws/install/ros2_unitree_legged_msgs/include/ros2_unitree_legged_msgs/ros2_unitree_legged_msgs/msg/detail/bms_cmd__rosidl_typesupport_fastrtps_cpp.hpp\n'}
[2.478111] (unitree_api) StdoutLine: {'line': b'-- Up-to-date: /ws/install/unitree_api/share/unitree_api/msg/RequestIdentity.idl\n'}
[2.478181] (ros2_unitree_legged_msgs) StdoutLine: {'line': b'-- Up-to-date: /ws/install/ros2_unitree_legged_msgs/include/ros2_unitree_legged_msgs/ros2_unitree_legged_msgs/msg/detail/cartesian__rosidl_typesupport_fastrtps_cpp.hpp\n'}
[2.478282] (unitree_api) StdoutLine: {'line': b'-- Up-to-date: /ws/install/unitree_api/share/unitree_api/msg/RequestLease.idl\n'}
[2.478349] (ros2_unitree_legged_msgs) StdoutLine: {'line': b'-- Up-to-date: /ws/install/ros2_unitree_legged_msgs/include/ros2_unitree_legged_msgs/ros2_unitree_legged_msgs/msg/detail/high_cmd__rosidl_typesupport_fastrtps_cpp.hpp\n'}
[2.478418] (ros2_unitree_legged_msgs) StdoutLine: {'line': b'-- Up-to-date: /ws/install/ros2_unitree_legged_msgs/include/ros2_unitree_legged_msgs/ros2_unitree_legged_msgs/msg/detail/low_cmd__rosidl_typesupport_fastrtps_cpp.hpp\n'}
[2.478511] (unitree_api) StdoutLine: {'line': b'-- Up-to-date: /ws/install/unitree_api/share/unitree_api/msg/RequestPolicy.idl\n'}
[2.478605] (ros2_unitree_legged_msgs) StdoutLine: {'line': b'-- Up-to-date: /ws/install/ros2_unitree_legged_msgs/lib/libros2_unitree_legged_msgs__rosidl_typesupport_fastrtps_cpp.so\n'}
[2.478693] (unitree_api) StdoutLine: {'line': b'-- Up-to-date: /ws/install/unitree_api/share/unitree_api/msg/Response.idl\n'}
[2.478763] (unitree_api) StdoutLine: {'line': b'-- Up-to-date: /ws/install/unitree_api/share/unitree_api/msg/ResponseHeader.idl\n'}
[2.478830] (unitree_api) StdoutLine: {'line': b'-- Up-to-date: /ws/install/unitree_api/share/unitree_api/msg/ResponseStatus.idl\n'}
[2.478897] (unitree_api) StdoutLine: {'line': b'-- Up-to-date: /ws/install/unitree_api/share/unitree_api/msg/Request.msg\n'}
[2.478966] (ros2_unitree_legged_msgs) StdoutLine: {'line': b'-- Up-to-date: /ws/install/ros2_unitree_legged_msgs/include/ros2_unitree_legged_msgs/ros2_unitree_legged_msgs\n'}
[2.479042] (unitree_api) StdoutLine: {'line': b'-- Up-to-date: /ws/install/unitree_api/share/unitree_api/msg/RequestHeader.msg\n'}
[2.479109] (unitree_api) StdoutLine: {'line': b'-- Up-to-date: /ws/install/unitree_api/share/unitree_api/msg/RequestIdentity.msg\n'}
[2.479185] (unitree_api) StdoutLine: {'line': b'-- Up-to-date: /ws/install/unitree_api/share/unitree_api/msg/RequestLease.msg\n'}
[2.479259] (unitree_api) StdoutLine: {'line': b'-- Up-to-date: /ws/install/unitree_api/share/unitree_api/msg/RequestPolicy.msg\n'}
[2.479328] (unitree_api) StdoutLine: {'line': b'-- Up-to-date: /ws/install/unitree_api/share/unitree_api/msg/Response.msg\n'}
[2.479396] (ros2_unitree_legged_msgs) StdoutLine: {'line': b'-- Up-to-date: /ws/install/ros2_unitree_legged_msgs/include/ros2_unitree_legged_msgs/ros2_unitree_legged_msgs/msg\n'}
[2.480823] (unitree_api) StdoutLine: {'line': b'-- Up-to-date: /ws/install/unitree_api/share/unitree_api/msg/ResponseHeader.msg\n'}
[2.481961] (ros2_unitree_legged_msgs) StdoutLine: {'line': b'-- Up-to-date: /ws/install/ros2_unitree_legged_msgs/include/ros2_unitree_legged_msgs/ros2_unitree_legged_msgs/msg/detail\n'}
[2.485135] (ros2_unitree_legged_msgs) StdoutLine: {'line': b'-- Up-to-date: /ws/install/ros2_unitree_legged_msgs/include/ros2_unitree_legged_msgs/ros2_unitree_legged_msgs/msg/detail/low_state__type_support.cpp\n'}
[2.485244] (unitree_api) StdoutLine: {'line': b'-- Up-to-date: /ws/install/unitree_api/share/unitree_api/msg/ResponseStatus.msg\n'}
[2.485351] (ros2_unitree_legged_msgs) StdoutLine: {'line': b'-- Up-to-date: /ws/install/ros2_unitree_legged_msgs/include/ros2_unitree_legged_msgs/ros2_unitree_legged_msgs/msg/detail/cartesian__type_support.cpp\n'}
[2.485437] (unitree_api) StdoutLine: {'line': b'-- Up-to-date: /ws/install/unitree_api/share/unitree_api/msg/dds_connext\n'}
[2.485538] (ros2_unitree_legged_msgs) StdoutLine: {'line': b'-- Up-to-date: /ws/install/ros2_unitree_legged_msgs/include/ros2_unitree_legged_msgs/ros2_unitree_legged_msgs/msg/detail/cartesian__rosidl_typesupport_introspection_cpp.hpp\n'}
[2.485626] (unitree_api) StdoutLine: {'line': b'-- Up-to-date: /ws/install/unitree_api/share/unitree_api/msg/dds_connext/Request_.idl\n'}
[2.485698] (ros2_unitree_legged_msgs) StdoutLine: {'line': b'-- Up-to-date: /ws/install/ros2_unitree_legged_msgs/include/ros2_unitree_legged_msgs/ros2_unitree_legged_msgs/msg/detail/high_cmd__rosidl_typesupport_introspection_cpp.hpp\n'}
[2.485796] (ros2_unitree_legged_msgs) StdoutLine: {'line': b'-- Up-to-date: /ws/install/ros2_unitree_legged_msgs/include/ros2_unitree_legged_msgs/ros2_unitree_legged_msgs/msg/detail/bms_state__rosidl_typesupport_introspection_cpp.hpp\n'}
[2.485895] (unitree_api) StdoutLine: {'line': b'-- Up-to-date: /ws/install/unitree_api/share/unitree_api/msg/dds_connext/RequestPolicy_.idl\n'}
[2.485980] (ros2_unitree_legged_msgs) StdoutLine: {'line': b'-- Up-to-date: /ws/install/ros2_unitree_legged_msgs/include/ros2_unitree_legged_msgs/ros2_unitree_legged_msgs/msg/detail/motor_cmd__type_support.cpp\n'}
[2.486058] (unitree_api) StdoutLine: {'line': b'-- Up-to-date: /ws/install/unitree_api/share/unitree_api/msg/dds_connext/RequestLease_.idl\n'}
[2.486125] (ros2_unitree_legged_msgs) StdoutLine: {'line': b'-- Up-to-date: /ws/install/ros2_unitree_legged_msgs/include/ros2_unitree_legged_msgs/ros2_unitree_legged_msgs/msg/detail/bms_state__type_support.cpp\n'}
[2.486195] (unitree_api) StdoutLine: {'line': b'-- Up-to-date: /ws/install/unitree_api/share/unitree_api/msg/dds_connext/RequestHeader_.idl\n'}
[2.486268] (unitree_api) StdoutLine: {'line': b'-- Up-to-date: /ws/install/unitree_api/share/unitree_api/msg/dds_connext/RequestIdentity_.idl\n'}
[2.486344] (ros2_unitree_legged_msgs) StdoutLine: {'line': b'-- Up-to-date: /ws/install/ros2_unitree_legged_msgs/include/ros2_unitree_legged_msgs/ros2_unitree_legged_msgs/msg/detail/bms_cmd__rosidl_typesupport_introspection_cpp.hpp\n'}
[2.486424] (unitree_api) StdoutLine: {'line': b'-- Up-to-date: /ws/install/unitree_api/share/unitree_api/msg/dds_connext/ResponseStatus_.idl\n'}
[2.486538] (ros2_unitree_legged_msgs) StdoutLine: {'line': b'-- Up-to-date: /ws/install/ros2_unitree_legged_msgs/include/ros2_unitree_legged_msgs/ros2_unitree_legged_msgs/msg/detail/imu__type_support.cpp\n'}
[2.486631] (unitree_api) StdoutLine: {'line': b'-- Up-to-date: /ws/install/unitree_api/share/unitree_api/msg/dds_connext/Response_.idl\n'}
[2.486708] (ros2_unitree_legged_msgs) StdoutLine: {'line': b'-- Up-to-date: /ws/install/ros2_unitree_legged_msgs/include/ros2_unitree_legged_msgs/ros2_unitree_legged_msgs/msg/detail/bms_cmd__type_support.cpp\n'}
[2.486780] (unitree_api) StdoutLine: {'line': b'-- Up-to-date: /ws/install/unitree_api/share/unitree_api/msg/dds_connext/ResponseHeader_.idl\n'}
[2.486877] (ros2_unitree_legged_msgs) StdoutLine: {'line': b'-- Up-to-date: /ws/install/ros2_unitree_legged_msgs/include/ros2_unitree_legged_msgs/ros2_unitree_legged_msgs/msg/detail/high_state__type_support.cpp\n'}
[2.486987] (unitree_api) StdoutLine: {'line': b'-- Up-to-date: /ws/install/unitree_api/share/ament_index/resource_index/package_run_dependencies/unitree_api\n'}
[2.487075] (ros2_unitree_legged_msgs) StdoutLine: {'line': b'-- Up-to-date: /ws/install/ros2_unitree_legged_msgs/include/ros2_unitree_legged_msgs/ros2_unitree_legged_msgs/msg/detail/imu__rosidl_typesupport_introspection_cpp.hpp\n'}
[2.487147] (ros2_unitree_legged_msgs) StdoutLine: {'line': b'-- Up-to-date: /ws/install/ros2_unitree_legged_msgs/include/ros2_unitree_legged_msgs/ros2_unitree_legged_msgs/msg/detail/low_state__rosidl_typesupport_introspection_cpp.hpp\n'}
[2.487217] (unitree_api) StdoutLine: {'line': b'-- Up-to-date: /ws/install/unitree_api/share/ament_index/resource_index/parent_prefix_path/unitree_api\n'}
[2.487288] (unitree_api) StdoutLine: {'line': b'-- Up-to-date: /ws/install/unitree_api/share/unitree_api/environment/ament_prefix_path.sh\n'}
[2.487359] (ros2_unitree_legged_msgs) StdoutLine: {'line': b'-- Up-to-date: /ws/install/ros2_unitree_legged_msgs/include/ros2_unitree_legged_msgs/ros2_unitree_legged_msgs/msg/detail/led__rosidl_typesupport_introspection_cpp.hpp\n'}
[2.487455] (ros2_unitree_legged_msgs) StdoutLine: {'line': b'-- Up-to-date: /ws/install/ros2_unitree_legged_msgs/include/ros2_unitree_legged_msgs/ros2_unitree_legged_msgs/msg/detail/low_cmd__type_support.cpp\n'}
[2.490546] (ros2_unitree_legged_msgs) StdoutLine: {'line': b'-- Up-to-date: /ws/install/ros2_unitree_legged_msgs/include/ros2_unitree_legged_msgs/ros2_unitree_legged_msgs/msg/detail/high_state__rosidl_typesupport_introspection_cpp.hpp\n'}
[2.491040] (ros2_unitree_legged_msgs) StdoutLine: {'line': b'-- Up-to-date: /ws/install/ros2_unitree_legged_msgs/include/ros2_unitree_legged_msgs/ros2_unitree_legged_msgs/msg/detail/motor_state__rosidl_typesupport_introspection_cpp.hpp\n'}
[2.491435] (unitree_api) StdoutLine: {'line': b'-- Up-to-date: /ws/install/unitree_api/share/unitree_api/environment/ament_prefix_path.dsv\n'}
[2.494087] (unitree_api) StdoutLine: {'line': b'-- Up-to-date: /ws/install/unitree_api/share/unitree_api/environment/path.sh\n'}
[2.494240] (unitree_api) StdoutLine: {'line': b'-- Up-to-date: /ws/install/unitree_api/share/unitree_api/environment/path.dsv\n'}
[2.494323] (ros2_unitree_legged_msgs) StdoutLine: {'line': b'-- Up-to-date: /ws/install/ros2_unitree_legged_msgs/include/ros2_unitree_legged_msgs/ros2_unitree_legged_msgs/msg/detail/motor_cmd__rosidl_typesupport_introspection_cpp.hpp\n'}
[2.494431] (ros2_unitree_legged_msgs) StdoutLine: {'line': b'-- Up-to-date: /ws/install/ros2_unitree_legged_msgs/include/ros2_unitree_legged_msgs/ros2_unitree_legged_msgs/msg/detail/motor_state__type_support.cpp\n'}
[2.494539] (ros2_unitree_legged_msgs) StdoutLine: {'line': b'-- Up-to-date: /ws/install/ros2_unitree_legged_msgs/include/ros2_unitree_legged_msgs/ros2_unitree_legged_msgs/msg/detail/led__type_support.cpp\n'}
[2.497919] (ros2_unitree_legged_msgs) StdoutLine: {'line': b'-- Up-to-date: /ws/install/ros2_unitree_legged_msgs/include/ros2_unitree_legged_msgs/ros2_unitree_legged_msgs/msg/detail/low_cmd__rosidl_typesupport_introspection_cpp.hpp\n'}
[2.498057] (ros2_unitree_legged_msgs) StdoutLine: {'line': b'-- Up-to-date: /ws/install/ros2_unitree_legged_msgs/include/ros2_unitree_legged_msgs/ros2_unitree_legged_msgs/msg/detail/high_cmd__type_support.cpp\n'}
[2.498152] (ros2_unitree_legged_msgs) StdoutLine: {'line': b'-- Up-to-date: /ws/install/ros2_unitree_legged_msgs/lib/libros2_unitree_legged_msgs__rosidl_typesupport_introspection_cpp.so\n'}
[2.498232] (unitree_api) StdoutLine: {'line': b'-- Up-to-date: /ws/install/unitree_api/share/unitree_api/local_setup.bash\n'}
[2.498335] (unitree_api) StdoutLine: {'line': b'-- Up-to-date: /ws/install/unitree_api/share/unitree_api/local_setup.sh\n'}
[2.498405] (unitree_api) StdoutLine: {'line': b'-- Up-to-date: /ws/install/unitree_api/share/unitree_api/local_setup.zsh\n'}
[2.498504] (unitree_api) StdoutLine: {'line': b'-- Up-to-date: /ws/install/unitree_api/share/unitree_api/local_setup.dsv\n'}
[2.498592] (unitree_api) StdoutLine: {'line': b'-- Installing: /ws/install/unitree_api/share/unitree_api/package.dsv\n'}
[2.498690] (ros2_unitree_legged_msgs) StdoutLine: {'line': b'-- Up-to-date: /ws/install/ros2_unitree_legged_msgs/lib/libros2_unitree_legged_msgs__rosidl_typesupport_cpp.so\n'}
[2.498783] (ros2_unitree_legged_msgs) StdoutLine: {'line': b'-- Up-to-date: /ws/install/ros2_unitree_legged_msgs/share/ros2_unitree_legged_msgs/environment/pythonpath.sh\n'}
[2.498864] (ros2_unitree_legged_msgs) StdoutLine: {'line': b'-- Up-to-date: /ws/install/ros2_unitree_legged_msgs/share/ros2_unitree_legged_msgs/environment/pythonpath.dsv\n'}
[2.498939] (ros2_unitree_legged_msgs) StdoutLine: {'line': b'-- Up-to-date: /ws/install/ros2_unitree_legged_msgs/local/lib/python3.10/dist-packages/ros2_unitree_legged_msgs-0.4.0-py3.10.egg-info\n'}
[2.499017] (ros2_unitree_legged_msgs) StdoutLine: {'line': b'-- Installing: /ws/install/ros2_unitree_legged_msgs/local/lib/python3.10/dist-packages/ros2_unitree_legged_msgs-0.4.0-py3.10.egg-info/dependency_links.txt\n'}
[2.499103] (ros2_unitree_legged_msgs) StdoutLine: {'line': b'-- Installing: /ws/install/ros2_unitree_legged_msgs/local/lib/python3.10/dist-packages/ros2_unitree_legged_msgs-0.4.0-py3.10.egg-info/top_level.txt\n'}
[2.499192] (unitree_api) StdoutLine: {'line': b'-- Up-to-date: /ws/install/unitree_api/share/ament_index/resource_index/packages/unitree_api\n'}
[2.499299] (unitree_api) StdoutLine: {'line': b'-- Up-to-date: /ws/install/unitree_api/share/unitree_api/cmake/export_unitree_api__rosidl_generator_cExport.cmake\n'}
[2.499404] (unitree_api) StdoutLine: {'line': b'-- Up-to-date: /ws/install/unitree_api/share/unitree_api/cmake/export_unitree_api__rosidl_generator_cExport-noconfig.cmake\n'}
[2.499490] (ros2_unitree_legged_msgs) StdoutLine: {'line': b'-- Installing: /ws/install/ros2_unitree_legged_msgs/local/lib/python3.10/dist-packages/ros2_unitree_legged_msgs-0.4.0-py3.10.egg-info/SOURCES.txt\n'}
[2.499581] (ros2_unitree_legged_msgs) StdoutLine: {'line': b'-- Installing: /ws/install/ros2_unitree_legged_msgs/local/lib/python3.10/dist-packages/ros2_unitree_legged_msgs-0.4.0-py3.10.egg-info/PKG-INFO\n'}
[2.499652] (ros2_unitree_legged_msgs) StdoutLine: {'line': b'-- Up-to-date: /ws/install/ros2_unitree_legged_msgs/local/lib/python3.10/dist-packages/ros2_unitree_legged_msgs\n'}
[2.507979] (ros2_unitree_legged_msgs) StdoutLine: {'line': b'-- Up-to-date: /ws/install/ros2_unitree_legged_msgs/local/lib/python3.10/dist-packages/ros2_unitree_legged_msgs/ros2_unitree_legged_msgs_s__rosidl_typesupport_fastrtps_c.cpython-310-aarch64-linux-gnu.so\n'}
[2.508195] (ros2_unitree_legged_msgs) StdoutLine: {'line': b'-- Up-to-date: /ws/install/ros2_unitree_legged_msgs/local/lib/python3.10/dist-packages/ros2_unitree_legged_msgs/_ros2_unitree_legged_msgs_s.ep.rosidl_typesupport_fastrtps_c.c\n'}
[2.508292] (ros2_unitree_legged_msgs) StdoutLine: {'line': b'-- Up-to-date: /ws/install/ros2_unitree_legged_msgs/local/lib/python3.10/dist-packages/ros2_unitree_legged_msgs/_ros2_unitree_legged_msgs_s.ep.rosidl_typesupport_introspection_c.c\n'}
[2.508373] (unitree_api) StdoutLine: {'line': b'-- Up-to-date: /ws/install/unitree_api/share/unitree_api/cmake/export_unitree_api__rosidl_typesupport_fastrtps_cExport.cmake\n'}
[2.508516] (unitree_api) StdoutLine: {'line': b'-- Up-to-date: /ws/install/unitree_api/share/unitree_api/cmake/export_unitree_api__rosidl_typesupport_fastrtps_cExport-noconfig.cmake\n'}
[2.511754] (ros2_unitree_legged_msgs) StdoutLine: {'line': b'-- Up-to-date: /ws/install/ros2_unitree_legged_msgs/local/lib/python3.10/dist-packages/ros2_unitree_legged_msgs/libros2_unitree_legged_msgs__rosidl_generator_py.so\n'}
[2.511878] (ros2_unitree_legged_msgs) StdoutLine: {'line': b'-- Up-to-date: /ws/install/ros2_unitree_legged_msgs/local/lib/python3.10/dist-packages/ros2_unitree_legged_msgs/msg\n'}
[2.511961] (ros2_unitree_legged_msgs) StdoutLine: {'line': b'-- Up-to-date: /ws/install/ros2_unitree_legged_msgs/local/lib/python3.10/dist-packages/ros2_unitree_legged_msgs/msg/_motor_cmd_s.c\n'}
[2.512033] (ros2_unitree_legged_msgs) StdoutLine: {'line': b'-- Up-to-date: /ws/install/ros2_unitree_legged_msgs/local/lib/python3.10/dist-packages/ros2_unitree_legged_msgs/msg/_cartesian.py\n'}
[2.512105] (ros2_unitree_legged_msgs) StdoutLine: {'line': b'-- Up-to-date: /ws/install/ros2_unitree_legged_msgs/local/lib/python3.10/dist-packages/ros2_unitree_legged_msgs/msg/_bms_cmd.py\n'}
[2.512176] (ros2_unitree_legged_msgs) StdoutLine: {'line': b'-- Up-to-date: /ws/install/ros2_unitree_legged_msgs/local/lib/python3.10/dist-packages/ros2_unitree_legged_msgs/msg/_low_cmd.py\n'}
[2.512275] (ros2_unitree_legged_msgs) StdoutLine: {'line': b'-- Up-to-date: /ws/install/ros2_unitree_legged_msgs/local/lib/python3.10/dist-packages/ros2_unitree_legged_msgs/msg/_high_cmd_s.c\n'}
[2.512351] (ros2_unitree_legged_msgs) StdoutLine: {'line': b'-- Up-to-date: /ws/install/ros2_unitree_legged_msgs/local/lib/python3.10/dist-packages/ros2_unitree_legged_msgs/msg/_led.py\n'}
[2.512423] (ros2_unitree_legged_msgs) StdoutLine: {'line': b'-- Up-to-date: /ws/install/ros2_unitree_legged_msgs/local/lib/python3.10/dist-packages/ros2_unitree_legged_msgs/msg/_imu.py\n'}
[2.512661] (ros2_unitree_legged_msgs) StdoutLine: {'line': b'-- Up-to-date: /ws/install/ros2_unitree_legged_msgs/local/lib/python3.10/dist-packages/ros2_unitree_legged_msgs/msg/_imu_s.c\n'}
[2.512757] (ros2_unitree_legged_msgs) StdoutLine: {'line': b'-- Up-to-date: /ws/install/ros2_unitree_legged_msgs/local/lib/python3.10/dist-packages/ros2_unitree_legged_msgs/msg/_low_state.py\n'}
[2.512851] (ros2_unitree_legged_msgs) StdoutLine: {'line': b'-- Up-to-date: /ws/install/ros2_unitree_legged_msgs/local/lib/python3.10/dist-packages/ros2_unitree_legged_msgs/msg/_bms_state_s.c\n'}
[2.512922] (ros2_unitree_legged_msgs) StdoutLine: {'line': b'-- Up-to-date: /ws/install/ros2_unitree_legged_msgs/local/lib/python3.10/dist-packages/ros2_unitree_legged_msgs/msg/_bms_cmd_s.c\n'}
[2.512989] (ros2_unitree_legged_msgs) StdoutLine: {'line': b'-- Up-to-date: /ws/install/ros2_unitree_legged_msgs/local/lib/python3.10/dist-packages/ros2_unitree_legged_msgs/msg/_high_cmd.py\n'}
[2.513060] (ros2_unitree_legged_msgs) StdoutLine: {'line': b'-- Up-to-date: /ws/install/ros2_unitree_legged_msgs/local/lib/python3.10/dist-packages/ros2_unitree_legged_msgs/msg/_high_state.py\n'}
[2.513130] (ros2_unitree_legged_msgs) StdoutLine: {'line': b'-- Up-to-date: /ws/install/ros2_unitree_legged_msgs/local/lib/python3.10/dist-packages/ros2_unitree_legged_msgs/msg/_motor_state.py\n'}
[2.513201] (ros2_unitree_legged_msgs) StdoutLine: {'line': b'-- Up-to-date: /ws/install/ros2_unitree_legged_msgs/local/lib/python3.10/dist-packages/ros2_unitree_legged_msgs/msg/_motor_state_s.c\n'}
[2.513275] (ros2_unitree_legged_msgs) StdoutLine: {'line': b'-- Up-to-date: /ws/install/ros2_unitree_legged_msgs/local/lib/python3.10/dist-packages/ros2_unitree_legged_msgs/msg/_cartesian_s.c\n'}
[2.513354] (ros2_unitree_legged_msgs) StdoutLine: {'line': b'-- Up-to-date: /ws/install/ros2_unitree_legged_msgs/local/lib/python3.10/dist-packages/ros2_unitree_legged_msgs/msg/__init__.py\n'}
[2.513427] (ros2_unitree_legged_msgs) StdoutLine: {'line': b'-- Up-to-date: /ws/install/ros2_unitree_legged_msgs/local/lib/python3.10/dist-packages/ros2_unitree_legged_msgs/msg/_high_state_s.c\n'}
[2.513521] (ros2_unitree_legged_msgs) StdoutLine: {'line': b'-- Up-to-date: /ws/install/ros2_unitree_legged_msgs/local/lib/python3.10/dist-packages/ros2_unitree_legged_msgs/msg/_motor_cmd.py\n'}
[2.513607] (ros2_unitree_legged_msgs) StdoutLine: {'line': b'-- Up-to-date: /ws/install/ros2_unitree_legged_msgs/local/lib/python3.10/dist-packages/ros2_unitree_legged_msgs/msg/_low_cmd_s.c\n'}
[2.513684] (ros2_unitree_legged_msgs) StdoutLine: {'line': b'-- Up-to-date: /ws/install/ros2_unitree_legged_msgs/local/lib/python3.10/dist-packages/ros2_unitree_legged_msgs/msg/_low_state_s.c\n'}
[2.513748] (ros2_unitree_legged_msgs) StdoutLine: {'line': b'-- Up-to-date: /ws/install/ros2_unitree_legged_msgs/local/lib/python3.10/dist-packages/ros2_unitree_legged_msgs/msg/_led_s.c\n'}
[2.513815] (ros2_unitree_legged_msgs) StdoutLine: {'line': b'-- Up-to-date: /ws/install/ros2_unitree_legged_msgs/local/lib/python3.10/dist-packages/ros2_unitree_legged_msgs/msg/_bms_state.py\n'}
[2.513884] (ros2_unitree_legged_msgs) StdoutLine: {'line': b'-- Up-to-date: /ws/install/ros2_unitree_legged_msgs/local/lib/python3.10/dist-packages/ros2_unitree_legged_msgs/ros2_unitree_legged_msgs_s__rosidl_typesupport_introspection_c.cpython-310-aarch64-linux-gnu.so\n'}
[2.513956] (ros2_unitree_legged_msgs) StdoutLine: {'line': b'-- Up-to-date: /ws/install/ros2_unitree_legged_msgs/local/lib/python3.10/dist-packages/ros2_unitree_legged_msgs/__init__.py\n'}
[2.514027] (ros2_unitree_legged_msgs) StdoutLine: {'line': b'-- Up-to-date: /ws/install/ros2_unitree_legged_msgs/local/lib/python3.10/dist-packages/ros2_unitree_legged_msgs/_ros2_unitree_legged_msgs_s.ep.rosidl_typesupport_c.c\n'}
[2.514123] (ros2_unitree_legged_msgs) StdoutLine: {'line': b'-- Up-to-date: /ws/install/ros2_unitree_legged_msgs/local/lib/python3.10/dist-packages/ros2_unitree_legged_msgs/ros2_unitree_legged_msgs_s__rosidl_typesupport_c.cpython-310-aarch64-linux-gnu.so\n'}
[2.514282] (unitree_api) StdoutLine: {'line': b'-- Up-to-date: /ws/install/unitree_api/share/unitree_api/cmake/export_unitree_api__rosidl_generator_cppExport.cmake\n'}
[2.514395] (unitree_api) StdoutLine: {'line': b'-- Up-to-date: /ws/install/unitree_api/share/unitree_api/cmake/export_unitree_api__rosidl_typesupport_fastrtps_cppExport.cmake\n'}
[2.514509] (unitree_api) StdoutLine: {'line': b'-- Up-to-date: /ws/install/unitree_api/share/unitree_api/cmake/export_unitree_api__rosidl_typesupport_fastrtps_cppExport-noconfig.cmake\n'}
[2.516055] (unitree_api) StdoutLine: {'line': b'-- Up-to-date: /ws/install/unitree_api/share/unitree_api/cmake/unitree_api__rosidl_typesupport_introspection_cExport.cmake\n'}
[2.516188] (unitree_api) StdoutLine: {'line': b'-- Up-to-date: /ws/install/unitree_api/share/unitree_api/cmake/unitree_api__rosidl_typesupport_introspection_cExport-noconfig.cmake\n'}
[2.516295] (unitree_api) StdoutLine: {'line': b'-- Up-to-date: /ws/install/unitree_api/share/unitree_api/cmake/unitree_api__rosidl_typesupport_cExport.cmake\n'}
[2.516381] (unitree_api) StdoutLine: {'line': b'-- Up-to-date: /ws/install/unitree_api/share/unitree_api/cmake/unitree_api__rosidl_typesupport_cExport-noconfig.cmake\n'}
[2.516482] (unitree_api) StdoutLine: {'line': b'-- Up-to-date: /ws/install/unitree_api/share/unitree_api/cmake/unitree_api__rosidl_typesupport_introspection_cppExport.cmake\n'}
[2.516810] (unitree_api) StdoutLine: {'line': b'-- Up-to-date: /ws/install/unitree_api/share/unitree_api/cmake/unitree_api__rosidl_typesupport_introspection_cppExport-noconfig.cmake\n'}
[2.516960] (unitree_api) StdoutLine: {'line': b'-- Up-to-date: /ws/install/unitree_api/share/unitree_api/cmake/unitree_api__rosidl_typesupport_cppExport.cmake\n'}
[2.517952] (unitree_api) StdoutLine: {'line': b'-- Up-to-date: /ws/install/unitree_api/share/unitree_api/cmake/unitree_api__rosidl_typesupport_cppExport-noconfig.cmake\n'}
[2.518059] (unitree_api) StdoutLine: {'line': b'-- Up-to-date: /ws/install/unitree_api/share/unitree_api/cmake/export_unitree_api__rosidl_generator_pyExport.cmake\n'}
[2.518134] (unitree_api) StdoutLine: {'line': b'-- Up-to-date: /ws/install/unitree_api/share/unitree_api/cmake/export_unitree_api__rosidl_generator_pyExport-noconfig.cmake\n'}
[2.518207] (unitree_api) StdoutLine: {'line': b'-- Up-to-date: /ws/install/unitree_api/share/unitree_api/cmake/rosidl_cmake-extras.cmake\n'}
[2.518277] (unitree_api) StdoutLine: {'line': b'-- Up-to-date: /ws/install/unitree_api/share/unitree_api/cmake/ament_cmake_export_dependencies-extras.cmake\n'}
[2.518373] (unitree_api) StdoutLine: {'line': b'-- Up-to-date: /ws/install/unitree_api/share/unitree_api/cmake/ament_cmake_export_include_directories-extras.cmake\n'}
[2.518440] (unitree_api) StdoutLine: {'line': b'-- Up-to-date: /ws/install/unitree_api/share/unitree_api/cmake/ament_cmake_export_libraries-extras.cmake\n'}
[2.520683] (unitree_api) StdoutLine: {'line': b'-- Up-to-date: /ws/install/unitree_api/share/unitree_api/cmake/ament_cmake_export_targets-extras.cmake\n'}
[2.520794] (unitree_api) StdoutLine: {'line': b'-- Up-to-date: /ws/install/unitree_api/share/unitree_api/cmake/rosidl_cmake_export_typesupport_targets-extras.cmake\n'}
[2.520872] (unitree_api) StdoutLine: {'line': b'-- Up-to-date: /ws/install/unitree_api/share/unitree_api/cmake/rosidl_cmake_export_typesupport_libraries-extras.cmake\n'}
[2.520945] (unitree_api) StdoutLine: {'line': b'-- Up-to-date: /ws/install/unitree_api/share/unitree_api/cmake/unitree_apiConfig.cmake\n'}
[2.521019] (unitree_api) StdoutLine: {'line': b'-- Up-to-date: /ws/install/unitree_api/share/unitree_api/cmake/unitree_apiConfig-version.cmake\n'}
[2.521088] (unitree_api) StdoutLine: {'line': b'-- Up-to-date: /ws/install/unitree_api/share/unitree_api/package.xml\n'}
[2.521159] (unitree_go) StdoutLine: {'line': b"Listing '/ws/install/unitree_go/local/lib/python3.10/dist-packages/unitree_go'...\n"}
[2.521261] (unitree_go) StdoutLine: {'line': b"Listing '/ws/install/unitree_go/local/lib/python3.10/dist-packages/unitree_go/msg'...\n"}
[2.521332] (unitree_go) StdoutLine: {'line': b'-- Up-to-date: /ws/install/unitree_go/local/lib/python3.10/dist-packages/unitree_go/unitree_go_s__rosidl_typesupport_fastrtps_c.cpython-310-aarch64-linux-gnu.so\n'}
[2.521403] (unitree_go) StdoutLine: {'line': b'-- Up-to-date: /ws/install/unitree_go/local/lib/python3.10/dist-packages/unitree_go/unitree_go_s__rosidl_typesupport_introspection_c.cpython-310-aarch64-linux-gnu.so\n'}
[2.521582] (unitree_go) StdoutLine: {'line': b'-- Up-to-date: /ws/install/unitree_go/local/lib/python3.10/dist-packages/unitree_go/unitree_go_s__rosidl_typesupport_c.cpython-310-aarch64-linux-gnu.so\n'}
[2.521664] (unitree_go) StdoutLine: {'line': b'-- Up-to-date: /ws/install/unitree_go/lib/libunitree_go__rosidl_generator_py.so\n'}
[2.521734] (unitree_go) StdoutLine: {'line': b'-- Up-to-date: /ws/install/unitree_go/share/unitree_go/msg/AudioData.idl\n'}
[2.521801] (unitree_go) StdoutLine: {'line': b'-- Up-to-date: /ws/install/unitree_go/share/unitree_go/msg/BmsCmd.idl\n'}
[2.521865] (unitree_go) StdoutLine: {'line': b'-- Up-to-date: /ws/install/unitree_go/share/unitree_go/msg/BmsState.idl\n'}
[2.521940] (unitree_go) StdoutLine: {'line': b'-- Up-to-date: /ws/install/unitree_go/share/unitree_go/msg/Error.idl\n'}
[2.522013] (unitree_go) StdoutLine: {'line': b'-- Up-to-date: /ws/install/unitree_go/share/unitree_go/msg/Go2FrontVideoData.idl\n'}
[2.522093] (unitree_go) StdoutLine: {'line': b'-- Up-to-date: /ws/install/unitree_go/share/unitree_go/msg/HeightMap.idl\n'}
[2.522181] (unitree_go) StdoutLine: {'line': b'-- Up-to-date: /ws/install/unitree_go/share/unitree_go/msg/IMUState.idl\n'}
[2.522249] (unitree_go) StdoutLine: {'line': b'-- Up-to-date: /ws/install/unitree_go/share/unitree_go/msg/InterfaceConfig.idl\n'}
[2.522316] (unitree_go) StdoutLine: {'line': b'-- Up-to-date: /ws/install/unitree_go/share/unitree_go/msg/LidarState.idl\n'}
[2.522380] (unitree_go) StdoutLine: {'line': b'-- Up-to-date: /ws/install/unitree_go/share/unitree_go/msg/LowCmd.idl\n'}
[2.522444] (unitree_go) StdoutLine: {'line': b'-- Up-to-date: /ws/install/unitree_go/share/unitree_go/msg/LowState.idl\n'}
[2.524051] (unitree_go) StdoutLine: {'line': b'-- Up-to-date: /ws/install/unitree_go/share/unitree_go/msg/MotorCmd.idl\n'}
[2.524193] (unitree_go) StdoutLine: {'line': b'-- Up-to-date: /ws/install/unitree_go/share/unitree_go/msg/MotorCmds.idl\n'}
[2.524291] (unitree_go) StdoutLine: {'line': b'-- Up-to-date: /ws/install/unitree_go/share/unitree_go/msg/MotorState.idl\n'}
[2.524393] (unitree_go) StdoutLine: {'line': b'-- Up-to-date: /ws/install/unitree_go/share/unitree_go/msg/MotorStates.idl\n'}
[2.524492] (unitree_go) StdoutLine: {'line': b'-- Up-to-date: /ws/install/unitree_go/share/unitree_go/msg/PathPoint.idl\n'}
[2.526462] (unitree_go) StdoutLine: {'line': b'-- Up-to-date: /ws/install/unitree_go/share/unitree_go/msg/Req.idl\n'}
[2.526670] (unitree_go) StdoutLine: {'line': b'-- Up-to-date: /ws/install/unitree_go/share/unitree_go/msg/Res.idl\n'}
[2.526779] (unitree_go) StdoutLine: {'line': b'-- Up-to-date: /ws/install/unitree_go/share/unitree_go/msg/SportModeCmd.idl\n'}
[2.526891] (unitree_go) StdoutLine: {'line': b'-- Up-to-date: /ws/install/unitree_go/share/unitree_go/msg/SportModeState.idl\n'}
[2.526998] (unitree_go) StdoutLine: {'line': b'-- Up-to-date: /ws/install/unitree_go/share/unitree_go/msg/TimeSpec.idl\n'}
[2.527096] (unitree_go) StdoutLine: {'line': b'-- Up-to-date: /ws/install/unitree_go/share/unitree_go/msg/UwbState.idl\n'}
[2.527199] (unitree_go) StdoutLine: {'line': b'-- Up-to-date: /ws/install/unitree_go/share/unitree_go/msg/UwbSwitch.idl\n'}
[2.527276] (unitree_go) StdoutLine: {'line': b'-- Up-to-date: /ws/install/unitree_go/share/unitree_go/msg/WirelessController.idl\n'}
[2.527364] (unitree_go) StdoutLine: {'line': b'-- Up-to-date: /ws/install/unitree_go/share/unitree_go/msg/AudioData.msg\n'}
[2.527429] (unitree_go) StdoutLine: {'line': b'-- Up-to-date: /ws/install/unitree_go/share/unitree_go/msg/BmsCmd.msg\n'}
[2.527533] (unitree_go) StdoutLine: {'line': b'-- Up-to-date: /ws/install/unitree_go/share/unitree_go/msg/BmsState.msg\n'}
[2.527615] (unitree_go) StdoutLine: {'line': b'-- Up-to-date: /ws/install/unitree_go/share/unitree_go/msg/Error.msg\n'}
[2.527681] (unitree_go) StdoutLine: {'line': b'-- Up-to-date: /ws/install/unitree_go/share/unitree_go/msg/Go2FrontVideoData.msg\n'}
[2.527751] (unitree_go) StdoutLine: {'line': b'-- Up-to-date: /ws/install/unitree_go/share/unitree_go/msg/HeightMap.msg\n'}
[2.527833] (unitree_go) StdoutLine: {'line': b'-- Up-to-date: /ws/install/unitree_go/share/unitree_go/msg/IMUState.msg\n'}
[2.527922] (unitree_go) StdoutLine: {'line': b'-- Up-to-date: /ws/install/unitree_go/share/unitree_go/msg/InterfaceConfig.msg\n'}
[2.527989] (unitree_go) StdoutLine: {'line': b'-- Up-to-date: /ws/install/unitree_go/share/unitree_go/msg/LidarState.msg\n'}
[2.528058] (unitree_go) StdoutLine: {'line': b'-- Up-to-date: /ws/install/unitree_go/share/unitree_go/msg/LowCmd.msg\n'}
[2.528140] (unitree_go) StdoutLine: {'line': b'-- Up-to-date: /ws/install/unitree_go/share/unitree_go/msg/LowState.msg\n'}
[2.528209] (unitree_go) StdoutLine: {'line': b'-- Up-to-date: /ws/install/unitree_go/share/unitree_go/msg/MotorCmd.msg\n'}
[2.528276] (unitree_go) StdoutLine: {'line': b'-- Up-to-date: /ws/install/unitree_go/share/unitree_go/msg/MotorCmds.msg\n'}
[2.528344] (unitree_go) StdoutLine: {'line': b'-- Up-to-date: /ws/install/unitree_go/share/unitree_go/msg/MotorState.msg\n'}
[2.528415] (unitree_go) StdoutLine: {'line': b'-- Up-to-date: /ws/install/unitree_go/share/unitree_go/msg/MotorStates.msg\n'}
[2.528521] (unitree_go) StdoutLine: {'line': b'-- Up-to-date: /ws/install/unitree_go/share/unitree_go/msg/PathPoint.msg\n'}
[2.528653] (unitree_go) StdoutLine: {'line': b'-- Up-to-date: /ws/install/unitree_go/share/unitree_go/msg/Req.msg\n'}
[2.528728] (unitree_go) StdoutLine: {'line': b'-- Up-to-date: /ws/install/unitree_go/share/unitree_go/msg/Res.msg\n'}
[2.528793] (unitree_go) StdoutLine: {'line': b'-- Up-to-date: /ws/install/unitree_go/share/unitree_go/msg/SportModeCmd.msg\n'}
[2.528859] (unitree_go) StdoutLine: {'line': b'-- Up-to-date: /ws/install/unitree_go/share/unitree_go/msg/SportModeState.msg\n'}
[2.528933] (unitree_go) StdoutLine: {'line': b'-- Up-to-date: /ws/install/unitree_go/share/unitree_go/msg/TimeSpec.msg\n'}
[2.529003] (unitree_go) StdoutLine: {'line': b'-- Up-to-date: /ws/install/unitree_go/share/unitree_go/msg/UwbState.msg\n'}
[2.529099] (unitree_go) StdoutLine: {'line': b'-- Up-to-date: /ws/install/unitree_go/share/unitree_go/msg/UwbSwitch.msg\n'}
[2.529224] (unitree_go) StdoutLine: {'line': b'-- Up-to-date: /ws/install/unitree_go/share/unitree_go/msg/WirelessController.msg\n'}
[2.529300] (unitree_go) StdoutLine: {'line': b'-- Up-to-date: /ws/install/unitree_go/share/unitree_go/msg/dds_connext\n'}
[2.529369] (unitree_go) StdoutLine: {'line': b'-- Up-to-date: /ws/install/unitree_go/share/unitree_go/msg/dds_connext/MotorState_.idl\n'}
[2.529436] (unitree_go) StdoutLine: {'line': b'-- Up-to-date: /ws/install/unitree_go/share/unitree_go/msg/dds_connext/HeightMap_.idl\n'}
[2.529642] (unitree_go) StdoutLine: {'line': b'-- Up-to-date: /ws/install/unitree_go/share/unitree_go/msg/dds_connext/MotorCmd_.idl\n'}
[2.529759] (unitree_go) StdoutLine: {'line': b'-- Up-to-date: /ws/install/unitree_go/share/unitree_go/msg/dds_connext/Req_.idl\n'}
[2.529878] (unitree_go) StdoutLine: {'line': b'-- Up-to-date: /ws/install/unitree_go/share/unitree_go/msg/dds_connext/LidarState_.idl\n'}
[2.529997] (unitree_go) StdoutLine: {'line': b'-- Up-to-date: /ws/install/unitree_go/share/unitree_go/msg/dds_connext/MotorStates_.idl\n'}
[2.530103] (unitree_go) StdoutLine: {'line': b'-- Up-to-date: /ws/install/unitree_go/share/unitree_go/msg/dds_connext/WirelessController_.idl\n'}
[2.530176] (unitree_go) StdoutLine: {'line': b'-- Up-to-date: /ws/install/unitree_go/share/unitree_go/msg/dds_connext/TimeSpec_.idl\n'}
[2.530269] (unitree_go) StdoutLine: {'line': b'-- Up-to-date: /ws/install/unitree_go/share/unitree_go/msg/dds_connext/BmsCmd_.idl\n'}
[2.530343] (unitree_go) StdoutLine: {'line': b'-- Up-to-date: /ws/install/unitree_go/share/unitree_go/msg/dds_connext/AudioData_.idl\n'}
[2.530410] (unitree_go) StdoutLine: {'line': b'-- Up-to-date: /ws/install/unitree_go/share/unitree_go/msg/dds_connext/SportModeCmd_.idl\n'}
[2.530492] (unitree_go) StdoutLine: {'line': b'-- Up-to-date: /ws/install/unitree_go/share/unitree_go/msg/dds_connext/IMUState_.idl\n'}
[2.530594] (unitree_go) StdoutLine: {'line': b'-- Up-to-date: /ws/install/unitree_go/share/unitree_go/msg/dds_connext/PathPoint_.idl\n'}
[2.530690] (unitree_go) StdoutLine: {'line': b'-- Up-to-date: /ws/install/unitree_go/share/unitree_go/msg/dds_connext/LowState_.idl\n'}
[2.530763] (unitree_go) StdoutLine: {'line': b'-- Up-to-date: /ws/install/unitree_go/share/unitree_go/msg/dds_connext/MotorCmds_.idl\n'}
[2.530839] (unitree_go) StdoutLine: {'line': b'-- Up-to-date: /ws/install/unitree_go/share/unitree_go/msg/dds_connext/Go2FrontVideoData_.idl\n'}
[2.530912] (unitree_go) StdoutLine: {'line': b'-- Up-to-date: /ws/install/unitree_go/share/unitree_go/msg/dds_connext/Res_.idl\n'}
[2.530984] (unitree_go) StdoutLine: {'line': b'-- Up-to-date: /ws/install/unitree_go/share/unitree_go/msg/dds_connext/UwbSwitch_.idl\n'}
[2.531069] (unitree_go) StdoutLine: {'line': b'-- Up-to-date: /ws/install/unitree_go/share/unitree_go/msg/dds_connext/BmsState_.idl\n'}
[2.531151] (unitree_go) StdoutLine: {'line': b'-- Up-to-date: /ws/install/unitree_go/share/unitree_go/msg/dds_connext/UwbState_.idl\n'}
[2.531234] (unitree_go) StdoutLine: {'line': b'-- Up-to-date: /ws/install/unitree_go/share/unitree_go/msg/dds_connext/Error_.idl\n'}
[2.531306] (unitree_go) StdoutLine: {'line': b'-- Up-to-date: /ws/install/unitree_go/share/unitree_go/msg/dds_connext/InterfaceConfig_.idl\n'}
[2.531380] (unitree_go) StdoutLine: {'line': b'-- Up-to-date: /ws/install/unitree_go/share/unitree_go/msg/dds_connext/SportModeState_.idl\n'}
[2.531447] (unitree_go) StdoutLine: {'line': b'-- Up-to-date: /ws/install/unitree_go/share/unitree_go/msg/dds_connext/LowCmd_.idl\n'}
[2.533657] (unitree_go) StdoutLine: {'line': b'-- Up-to-date: /ws/install/unitree_go/share/ament_index/resource_index/package_run_dependencies/unitree_go\n'}
[2.533779] (unitree_go) StdoutLine: {'line': b'-- Up-to-date: /ws/install/unitree_go/share/ament_index/resource_index/parent_prefix_path/unitree_go\n'}
[2.533855] (unitree_go) StdoutLine: {'line': b'-- Up-to-date: /ws/install/unitree_go/share/unitree_go/environment/ament_prefix_path.sh\n'}
[2.533928] (unitree_go) StdoutLine: {'line': b'-- Up-to-date: /ws/install/unitree_go/share/unitree_go/environment/ament_prefix_path.dsv\n'}
[2.536823] (unitree_go) StdoutLine: {'line': b'-- Up-to-date: /ws/install/unitree_go/share/unitree_go/environment/path.sh\n'}
[2.537046] (unitree_go) StdoutLine: {'line': b'-- Up-to-date: /ws/install/unitree_go/share/unitree_go/environment/path.dsv\n'}
[2.537139] (unitree_go) StdoutLine: {'line': b'-- Up-to-date: /ws/install/unitree_go/share/unitree_go/local_setup.bash\n'}
[2.539838] (unitree_go) StdoutLine: {'line': b'-- Up-to-date: /ws/install/unitree_go/share/unitree_go/local_setup.sh\n'}
[2.539964] (unitree_go) StdoutLine: {'line': b'-- Up-to-date: /ws/install/unitree_go/share/unitree_go/local_setup.zsh\n'}
[2.540043] (unitree_go) StdoutLine: {'line': b'-- Up-to-date: /ws/install/unitree_go/share/unitree_go/local_setup.dsv\n'}
[2.540112] (unitree_go) StdoutLine: {'line': b'-- Installing: /ws/install/unitree_go/share/unitree_go/package.dsv\n'}
[2.540180] (unitree_go) StdoutLine: {'line': b'-- Up-to-date: /ws/install/unitree_go/share/ament_index/resource_index/packages/unitree_go\n'}
[2.540244] (unitree_go) StdoutLine: {'line': b'-- Up-to-date: /ws/install/unitree_go/share/unitree_go/cmake/export_unitree_go__rosidl_generator_cExport.cmake\n'}
[2.540309] (unitree_go) StdoutLine: {'line': b'-- Up-to-date: /ws/install/unitree_go/share/unitree_go/cmake/export_unitree_go__rosidl_generator_cExport-noconfig.cmake\n'}
[2.540375] (unitree_go) StdoutLine: {'line': b'-- Up-to-date: /ws/install/unitree_go/share/unitree_go/cmake/export_unitree_go__rosidl_typesupport_fastrtps_cExport.cmake\n'}
[2.540496] (unitree_go) StdoutLine: {'line': b'-- Up-to-date: /ws/install/unitree_go/share/unitree_go/cmake/export_unitree_go__rosidl_typesupport_fastrtps_cExport-noconfig.cmake\n'}
[2.540581] (unitree_go) StdoutLine: {'line': b'-- Up-to-date: /ws/install/unitree_go/share/unitree_go/cmake/export_unitree_go__rosidl_generator_cppExport.cmake\n'}
[2.540648] (unitree_go) StdoutLine: {'line': b'-- Up-to-date: /ws/install/unitree_go/share/unitree_go/cmake/export_unitree_go__rosidl_typesupport_fastrtps_cppExport.cmake\n'}
[2.540727] (unitree_go) StdoutLine: {'line': b'-- Up-to-date: /ws/install/unitree_go/share/unitree_go/cmake/export_unitree_go__rosidl_typesupport_fastrtps_cppExport-noconfig.cmake\n'}
[2.540799] (unitree_go) StdoutLine: {'line': b'-- Up-to-date: /ws/install/unitree_go/share/unitree_go/cmake/unitree_go__rosidl_typesupport_introspection_cExport.cmake\n'}
[2.540883] (unitree_go) StdoutLine: {'line': b'-- Up-to-date: /ws/install/unitree_go/share/unitree_go/cmake/unitree_go__rosidl_typesupport_introspection_cExport-noconfig.cmake\n'}
[2.540954] (unitree_go) StdoutLine: {'line': b'-- Up-to-date: /ws/install/unitree_go/share/unitree_go/cmake/unitree_go__rosidl_typesupport_cExport.cmake\n'}
[2.541023] (unitree_go) StdoutLine: {'line': b'-- Up-to-date: /ws/install/unitree_go/share/unitree_go/cmake/unitree_go__rosidl_typesupport_cExport-noconfig.cmake\n'}
[2.541095] (unitree_go) StdoutLine: {'line': b'-- Up-to-date: /ws/install/unitree_go/share/unitree_go/cmake/unitree_go__rosidl_typesupport_introspection_cppExport.cmake\n'}
[2.541172] (unitree_go) StdoutLine: {'line': b'-- Up-to-date: /ws/install/unitree_go/share/unitree_go/cmake/unitree_go__rosidl_typesupport_introspection_cppExport-noconfig.cmake\n'}
[2.541250] (unitree_go) StdoutLine: {'line': b'-- Up-to-date: /ws/install/unitree_go/share/unitree_go/cmake/unitree_go__rosidl_typesupport_cppExport.cmake\n'}
[2.541325] (unitree_go) StdoutLine: {'line': b'-- Up-to-date: /ws/install/unitree_go/share/unitree_go/cmake/unitree_go__rosidl_typesupport_cppExport-noconfig.cmake\n'}
[2.541399] (unitree_go) StdoutLine: {'line': b'-- Up-to-date: /ws/install/unitree_go/share/unitree_go/cmake/export_unitree_go__rosidl_generator_pyExport.cmake\n'}
[2.544490] (unitree_go) StdoutLine: {'line': b'-- Up-to-date: /ws/install/unitree_go/share/unitree_go/cmake/export_unitree_go__rosidl_generator_pyExport-noconfig.cmake\n'}
[2.544730] (unitree_go) StdoutLine: {'line': b'-- Up-to-date: /ws/install/unitree_go/share/unitree_go/cmake/rosidl_cmake-extras.cmake\n'}
[2.544832] (unitree_go) StdoutLine: {'line': b'-- Up-to-date: /ws/install/unitree_go/share/unitree_go/cmake/ament_cmake_export_dependencies-extras.cmake\n'}
[2.544911] (unitree_go) StdoutLine: {'line': b'-- Up-to-date: /ws/install/unitree_go/share/unitree_go/cmake/ament_cmake_export_include_directories-extras.cmake\n'}
[2.544984] (unitree_go) StdoutLine: {'line': b'-- Up-to-date: /ws/install/unitree_go/share/unitree_go/cmake/ament_cmake_export_libraries-extras.cmake\n'}
[2.545088] (unitree_go) StdoutLine: {'line': b'-- Up-to-date: /ws/install/unitree_go/share/unitree_go/cmake/ament_cmake_export_targets-extras.cmake\n'}
[2.545182] (unitree_go) StdoutLine: {'line': b'-- Up-to-date: /ws/install/unitree_go/share/unitree_go/cmake/rosidl_cmake_export_typesupport_targets-extras.cmake\n'}
[2.545272] (unitree_go) StdoutLine: {'line': b'-- Up-to-date: /ws/install/unitree_go/share/unitree_go/cmake/rosidl_cmake_export_typesupport_libraries-extras.cmake\n'}
[2.547688] (unitree_go) StdoutLine: {'line': b'-- Up-to-date: /ws/install/unitree_go/share/unitree_go/cmake/unitree_goConfig.cmake\n'}
[2.547820] (unitree_go) StdoutLine: {'line': b'-- Up-to-date: /ws/install/unitree_go/share/unitree_go/cmake/unitree_goConfig-version.cmake\n'}
[2.547904] (unitree_go) StdoutLine: {'line': b'-- Up-to-date: /ws/install/unitree_go/share/unitree_go/package.xml\n'}
[2.547981] (ros2_unitree_legged_msgs) StdoutLine: {'line': b"Listing '/ws/install/ros2_unitree_legged_msgs/local/lib/python3.10/dist-packages/ros2_unitree_legged_msgs'...\n"}
[2.548076] (ros2_unitree_legged_msgs) StdoutLine: {'line': b"Listing '/ws/install/ros2_unitree_legged_msgs/local/lib/python3.10/dist-packages/ros2_unitree_legged_msgs/msg'...\n"}
[2.548151] (cyclonedds) JobEnded: {'identifier': 'cyclonedds', 'rc': 0}
[2.551763] (unitree_hg) JobStarted: {'identifier': 'unitree_hg'}
[2.551916] (ros2_unitree_legged_msgs) StdoutLine: {'line': b'-- Up-to-date: /ws/install/ros2_unitree_legged_msgs/local/lib/python3.10/dist-packages/ros2_unitree_legged_msgs/ros2_unitree_legged_msgs_s__rosidl_typesupport_fastrtps_c.cpython-310-aarch64-linux-gnu.so\n'}
[2.557670] (-) TimerEvent: {}
[2.559053] (ros2_unitree_legged_msgs) StdoutLine: {'line': b'-- Up-to-date: /ws/install/ros2_unitree_legged_msgs/local/lib/python3.10/dist-packages/ros2_unitree_legged_msgs/ros2_unitree_legged_msgs_s__rosidl_typesupport_introspection_c.cpython-310-aarch64-linux-gnu.so\n'}
[2.560136] (ros2_unitree_legged_msgs) StdoutLine: {'line': b'-- Up-to-date: /ws/install/ros2_unitree_legged_msgs/local/lib/python3.10/dist-packages/ros2_unitree_legged_msgs/ros2_unitree_legged_msgs_s__rosidl_typesupport_c.cpython-310-aarch64-linux-gnu.so\n'}
[2.560286] (ros2_unitree_legged_msgs) StdoutLine: {'line': b'-- Up-to-date: /ws/install/ros2_unitree_legged_msgs/lib/libros2_unitree_legged_msgs__rosidl_generator_py.so\n'}
[2.560402] (ros2_unitree_legged_msgs) StdoutLine: {'line': b'-- Up-to-date: /ws/install/ros2_unitree_legged_msgs/share/ros2_unitree_legged_msgs/msg/MotorCmd.idl\n'}
[2.560514] (ros2_unitree_legged_msgs) StdoutLine: {'line': b'-- Up-to-date: /ws/install/ros2_unitree_legged_msgs/share/ros2_unitree_legged_msgs/msg/MotorState.idl\n'}
[2.560609] (ros2_unitree_legged_msgs) StdoutLine: {'line': b'-- Up-to-date: /ws/install/ros2_unitree_legged_msgs/share/ros2_unitree_legged_msgs/msg/BmsCmd.idl\n'}
[2.560692] (ros2_unitree_legged_msgs) StdoutLine: {'line': b'-- Up-to-date: /ws/install/ros2_unitree_legged_msgs/share/ros2_unitree_legged_msgs/msg/BmsState.idl\n'}
[2.560764] (ros2_unitree_legged_msgs) StdoutLine: {'line': b'-- Up-to-date: /ws/install/ros2_unitree_legged_msgs/share/ros2_unitree_legged_msgs/msg/Cartesian.idl\n'}
[2.560831] (ros2_unitree_legged_msgs) StdoutLine: {'line': b'-- Up-to-date: /ws/install/ros2_unitree_legged_msgs/share/ros2_unitree_legged_msgs/msg/IMU.idl\n'}
[2.560901] (ros2_unitree_legged_msgs) StdoutLine: {'line': b'-- Up-to-date: /ws/install/ros2_unitree_legged_msgs/share/ros2_unitree_legged_msgs/msg/LED.idl\n'}
[2.560967] (ros2_unitree_legged_msgs) StdoutLine: {'line': b'-- Up-to-date: /ws/install/ros2_unitree_legged_msgs/share/ros2_unitree_legged_msgs/msg/LowCmd.idl\n'}
[2.561032] (ros2_unitree_legged_msgs) StdoutLine: {'line': b'-- Up-to-date: /ws/install/ros2_unitree_legged_msgs/share/ros2_unitree_legged_msgs/msg/LowState.idl\n'}
[2.561097] (ros2_unitree_legged_msgs) StdoutLine: {'line': b'-- Up-to-date: /ws/install/ros2_unitree_legged_msgs/share/ros2_unitree_legged_msgs/msg/HighCmd.idl\n'}
[2.561163] (ros2_unitree_legged_msgs) StdoutLine: {'line': b'-- Up-to-date: /ws/install/ros2_unitree_legged_msgs/share/ros2_unitree_legged_msgs/msg/HighState.idl\n'}
[2.561231] (ros2_unitree_legged_msgs) StdoutLine: {'line': b'-- Up-to-date: /ws/install/ros2_unitree_legged_msgs/share/ros2_unitree_legged_msgs/msg/MotorCmd.msg\n'}
[2.561296] (ros2_unitree_legged_msgs) StdoutLine: {'line': b'-- Up-to-date: /ws/install/ros2_unitree_legged_msgs/share/ros2_unitree_legged_msgs/msg/MotorState.msg\n'}
[2.561361] (ros2_unitree_legged_msgs) StdoutLine: {'line': b'-- Up-to-date: /ws/install/ros2_unitree_legged_msgs/share/ros2_unitree_legged_msgs/msg/BmsCmd.msg\n'}
[2.561425] (ros2_unitree_legged_msgs) StdoutLine: {'line': b'-- Up-to-date: /ws/install/ros2_unitree_legged_msgs/share/ros2_unitree_legged_msgs/msg/BmsState.msg\n'}
[2.569926] (ros2_unitree_legged_msgs) StdoutLine: {'line': b'-- Up-to-date: /ws/install/ros2_unitree_legged_msgs/share/ros2_unitree_legged_msgs/msg/Cartesian.msg\n'}
[2.570187] (ros2_unitree_legged_msgs) StdoutLine: {'line': b'-- Up-to-date: /ws/install/ros2_unitree_legged_msgs/share/ros2_unitree_legged_msgs/msg/IMU.msg\n'}
[2.570564] (ros2_unitree_legged_msgs) StdoutLine: {'line': b'-- Up-to-date: /ws/install/ros2_unitree_legged_msgs/share/ros2_unitree_legged_msgs/msg/LED.msg\n'}
[2.570776] (ros2_unitree_legged_msgs) StdoutLine: {'line': b'-- Up-to-date: /ws/install/ros2_unitree_legged_msgs/share/ros2_unitree_legged_msgs/msg/LowCmd.msg\n'}
[2.570900] (ros2_unitree_legged_msgs) StdoutLine: {'line': b'-- Up-to-date: /ws/install/ros2_unitree_legged_msgs/share/ros2_unitree_legged_msgs/msg/LowState.msg\n'}
[2.571000] (ros2_unitree_legged_msgs) StdoutLine: {'line': b'-- Up-to-date: /ws/install/ros2_unitree_legged_msgs/share/ros2_unitree_legged_msgs/msg/HighCmd.msg\n'}
[2.571187] (ros2_unitree_legged_msgs) StdoutLine: {'line': b'-- Up-to-date: /ws/install/ros2_unitree_legged_msgs/share/ros2_unitree_legged_msgs/msg/HighState.msg\n'}
[2.571273] (ros2_unitree_legged_msgs) StdoutLine: {'line': b'-- Up-to-date: /ws/install/ros2_unitree_legged_msgs/share/ament_index/resource_index/package_run_dependencies/ros2_unitree_legged_msgs\n'}
[2.571362] (ros2_unitree_legged_msgs) StdoutLine: {'line': b'-- Up-to-date: /ws/install/ros2_unitree_legged_msgs/share/ament_index/resource_index/parent_prefix_path/ros2_unitree_legged_msgs\n'}
[2.571449] (ros2_unitree_legged_msgs) StdoutLine: {'line': b'-- Up-to-date: /ws/install/ros2_unitree_legged_msgs/share/ros2_unitree_legged_msgs/environment/ament_prefix_path.sh\n'}
[2.571598] (ros2_unitree_legged_msgs) StdoutLine: {'line': b'-- Up-to-date: /ws/install/ros2_unitree_legged_msgs/share/ros2_unitree_legged_msgs/environment/ament_prefix_path.dsv\n'}
[2.571694] (ros2_unitree_legged_msgs) StdoutLine: {'line': b'-- Up-to-date: /ws/install/ros2_unitree_legged_msgs/share/ros2_unitree_legged_msgs/environment/path.sh\n'}
[2.571794] (ros2_unitree_legged_msgs) StdoutLine: {'line': b'-- Up-to-date: /ws/install/ros2_unitree_legged_msgs/share/ros2_unitree_legged_msgs/environment/path.dsv\n'}
[2.572228] (unitree_hg) JobProgress: {'identifier': 'unitree_hg', 'progress': 'cmake'}
[2.572324] (ros2_unitree_legged_msgs) StdoutLine: {'line': b'-- Up-to-date: /ws/install/ros2_unitree_legged_msgs/share/ros2_unitree_legged_msgs/local_setup.bash\n'}
[2.577759] (ros2_unitree_legged_msgs) StdoutLine: {'line': b'-- Up-to-date: /ws/install/ros2_unitree_legged_msgs/share/ros2_unitree_legged_msgs/local_setup.sh\n'}
[2.577891] (ros2_unitree_legged_msgs) StdoutLine: {'line': b'-- Up-to-date: /ws/install/ros2_unitree_legged_msgs/share/ros2_unitree_legged_msgs/local_setup.zsh\n'}
[2.577981] (ros2_unitree_legged_msgs) StdoutLine: {'line': b'-- Up-to-date: /ws/install/ros2_unitree_legged_msgs/share/ros2_unitree_legged_msgs/local_setup.dsv\n'}
[2.578060] (ros2_unitree_legged_msgs) StdoutLine: {'line': b'-- Installing: /ws/install/ros2_unitree_legged_msgs/share/ros2_unitree_legged_msgs/package.dsv\n'}
[2.578134] (ros2_unitree_legged_msgs) StdoutLine: {'line': b'-- Up-to-date: /ws/install/ros2_unitree_legged_msgs/share/ament_index/resource_index/packages/ros2_unitree_legged_msgs\n'}
[2.578209] (ros2_unitree_legged_msgs) StdoutLine: {'line': b'-- Up-to-date: /ws/install/ros2_unitree_legged_msgs/share/ros2_unitree_legged_msgs/cmake/export_ros2_unitree_legged_msgs__rosidl_generator_cExport.cmake\n'}
[2.578312] (ros2_unitree_legged_msgs) StdoutLine: {'line': b'-- Up-to-date: /ws/install/ros2_unitree_legged_msgs/share/ros2_unitree_legged_msgs/cmake/export_ros2_unitree_legged_msgs__rosidl_generator_cExport-noconfig.cmake\n'}
[2.578401] (ros2_unitree_legged_msgs) StdoutLine: {'line': b'-- Up-to-date: /ws/install/ros2_unitree_legged_msgs/share/ros2_unitree_legged_msgs/cmake/export_ros2_unitree_legged_msgs__rosidl_typesupport_fastrtps_cExport.cmake\n'}
[2.578496] (ros2_unitree_legged_msgs) StdoutLine: {'line': b'-- Up-to-date: /ws/install/ros2_unitree_legged_msgs/share/ros2_unitree_legged_msgs/cmake/export_ros2_unitree_legged_msgs__rosidl_typesupport_fastrtps_cExport-noconfig.cmake\n'}
[2.578648] (ros2_unitree_legged_msgs) StdoutLine: {'line': b'-- Up-to-date: /ws/install/ros2_unitree_legged_msgs/share/ros2_unitree_legged_msgs/cmake/ros2_unitree_legged_msgs__rosidl_typesupport_introspection_cExport.cmake\n'}
[2.579183] (unitree_hg) JobProgress: {'identifier': 'unitree_hg', 'progress': 'build'}
[2.579449] (unitree_hg) Command: {'cmd': ['/usr/bin/cmake', '--build', '/ws/build/unitree_hg', '--', '-j4', '-l4'], 'cwd': '/ws/build/unitree_hg', 'env': OrderedDict([('HOSTNAME', 'pi'), ('SHLVL', '1'), ('LD_LIBRARY_PATH', '/ws/libtorch/lib:/opt/ros/humble/lib/aarch64-linux-gnu:/opt/ros/humble/lib'), ('HOME', '/root'), ('OLDPWD', '/'), ('ROS_PYTHON_VERSION', '3'), ('ROS_DISTRO', 'humble'), ('_', '/usr/bin/colcon'), ('ROS_VERSION', '2'), ('TERM', 'xterm'), ('ROS_LOCALHOST_ONLY', '0'), ('PATH', '/opt/ros/humble/bin:/usr/local/sbin:/usr/local/bin:/usr/sbin:/usr/bin:/sbin:/bin'), ('LANG', 'C.UTF-8'), ('LS_COLORS', 'rs=0:di=01;34:ln=01;36:mh=00:pi=40;33:so=01;35:do=01;35:bd=40;33;01:cd=40;33;01:or=40;31;01:mi=00:su=37;41:sg=30;43:ca=30;41:tw=30;42:ow=34;42:st=37;44:ex=01;32:*.tar=01;31:*.tgz=01;31:*.arc=01;31:*.arj=01;31:*.taz=01;31:*.lha=01;31:*.lz4=01;31:*.lzh=01;31:*.lzma=01;31:*.tlz=01;31:*.txz=01;31:*.tzo=01;31:*.t7z=01;31:*.zip=01;31:*.z=01;31:*.dz=01;31:*.gz=01;31:*.lrz=01;31:*.lz=01;31:*.lzo=01;31:*.xz=01;31:*.zst=01;31:*.tzst=01;31:*.bz2=01;31:*.bz=01;31:*.tbz=01;31:*.tbz2=01;31:*.tz=01;31:*.deb=01;31:*.rpm=01;31:*.jar=01;31:*.war=01;31:*.ear=01;31:*.sar=01;31:*.rar=01;31:*.alz=01;31:*.ace=01;31:*.zoo=01;31:*.cpio=01;31:*.7z=01;31:*.rz=01;31:*.cab=01;31:*.wim=01;31:*.swm=01;31:*.dwm=01;31:*.esd=01;31:*.jpg=01;35:*.jpeg=01;35:*.mjpg=01;35:*.mjpeg=01;35:*.gif=01;35:*.bmp=01;35:*.pbm=01;35:*.pgm=01;35:*.ppm=01;35:*.tga=01;35:*.xbm=01;35:*.xpm=01;35:*.tif=01;35:*.tiff=01;35:*.png=01;35:*.svg=01;35:*.svgz=01;35:*.mng=01;35:*.pcx=01;35:*.mov=01;35:*.mpg=01;35:*.mpeg=01;35:*.m2v=01;35:*.mkv=01;35:*.webm=01;35:*.webp=01;35:*.ogm=01;35:*.mp4=01;35:*.m4v=01;35:*.mp4v=01;35:*.vob=01;35:*.qt=01;35:*.nuv=01;35:*.wmv=01;35:*.asf=01;35:*.rm=01;35:*.rmvb=01;35:*.flc=01;35:*.avi=01;35:*.fli=01;35:*.flv=01;35:*.gl=01;35:*.dl=01;35:*.xcf=01;35:*.xwd=01;35:*.yuv=01;35:*.cgm=01;35:*.emf=01;35:*.ogv=01;35:*.ogx=01;35:*.aac=00;36:*.au=00;36:*.flac=00;36:*.m4a=00;36:*.mid=00;36:*.midi=00;36:*.mka=00;36:*.mp3=00;36:*.mpc=00;36:*.ogg=00;36:*.ra=00;36:*.wav=00;36:*.oga=00;36:*.opus=00;36:*.spx=00;36:*.xspf=00;36:'), ('AMENT_PREFIX_PATH', '/opt/ros/humble'), ('DEBIAN_FRONTEND', 'noninteractive'), ('Torch_DIR', '/ws/libtorch/share/cmake/Torch'), ('PWD', '/ws/build/unitree_hg'), ('LC_ALL', 'C.UTF-8'), ('PYTHONPATH', '/opt/ros/humble/lib/python3.10/site-packages:/opt/ros/humble/local/lib/python3.10/dist-packages'), ('COLCON', '1'), ('CMAKE_PREFIX_PATH', '/ws/libtorch::/opt/ros/humble')]), 'shell': False}
[2.583058] (ros2_unitree_legged_msgs) StdoutLine: {'line': b'-- Up-to-date: /ws/install/ros2_unitree_legged_msgs/share/ros2_unitree_legged_msgs/cmake/ros2_unitree_legged_msgs__rosidl_typesupport_introspection_cExport-noconfig.cmake\n'}
[2.583270] (ros2_unitree_legged_msgs) StdoutLine: {'line': b'-- Up-to-date: /ws/install/ros2_unitree_legged_msgs/share/ros2_unitree_legged_msgs/cmake/ros2_unitree_legged_msgs__rosidl_typesupport_cExport.cmake\n'}
[2.583374] (ros2_unitree_legged_msgs) StdoutLine: {'line': b'-- Up-to-date: /ws/install/ros2_unitree_legged_msgs/share/ros2_unitree_legged_msgs/cmake/ros2_unitree_legged_msgs__rosidl_typesupport_cExport-noconfig.cmake\n'}
[2.583513] (ros2_unitree_legged_msgs) StdoutLine: {'line': b'-- Up-to-date: /ws/install/ros2_unitree_legged_msgs/share/ros2_unitree_legged_msgs/cmake/export_ros2_unitree_legged_msgs__rosidl_generator_cppExport.cmake\n'}
[2.583636] (ros2_unitree_legged_msgs) StdoutLine: {'line': b'-- Up-to-date: /ws/install/ros2_unitree_legged_msgs/share/ros2_unitree_legged_msgs/cmake/export_ros2_unitree_legged_msgs__rosidl_typesupport_fastrtps_cppExport.cmake\n'}
[2.583756] (ros2_unitree_legged_msgs) StdoutLine: {'line': b'-- Up-to-date: /ws/install/ros2_unitree_legged_msgs/share/ros2_unitree_legged_msgs/cmake/export_ros2_unitree_legged_msgs__rosidl_typesupport_fastrtps_cppExport-noconfig.cmake\n'}
[2.583848] (ros2_unitree_legged_msgs) StdoutLine: {'line': b'-- Up-to-date: /ws/install/ros2_unitree_legged_msgs/share/ros2_unitree_legged_msgs/cmake/ros2_unitree_legged_msgs__rosidl_typesupport_introspection_cppExport.cmake\n'}
[2.583926] (unitree_api) CommandEnded: {'returncode': 0}
[2.584538] (ros2_unitree_legged_msgs) StdoutLine: {'line': b'-- Up-to-date: /ws/install/ros2_unitree_legged_msgs/share/ros2_unitree_legged_msgs/cmake/ros2_unitree_legged_msgs__rosidl_typesupport_introspection_cppExport-noconfig.cmake\n'}
[2.584778] (ros2_unitree_legged_msgs) StdoutLine: {'line': b'-- Up-to-date: /ws/install/ros2_unitree_legged_msgs/share/ros2_unitree_legged_msgs/cmake/ros2_unitree_legged_msgs__rosidl_typesupport_cppExport.cmake\n'}
[2.584960] (ros2_unitree_legged_msgs) StdoutLine: {'line': b'-- Up-to-date: /ws/install/ros2_unitree_legged_msgs/share/ros2_unitree_legged_msgs/cmake/ros2_unitree_legged_msgs__rosidl_typesupport_cppExport-noconfig.cmake\n'}
[2.585057] (ros2_unitree_legged_msgs) StdoutLine: {'line': b'-- Up-to-date: /ws/install/ros2_unitree_legged_msgs/share/ros2_unitree_legged_msgs/cmake/export_ros2_unitree_legged_msgs__rosidl_generator_pyExport.cmake\n'}
[2.585140] (ros2_unitree_legged_msgs) StdoutLine: {'line': b'-- Up-to-date: /ws/install/ros2_unitree_legged_msgs/share/ros2_unitree_legged_msgs/cmake/export_ros2_unitree_legged_msgs__rosidl_generator_pyExport-noconfig.cmake\n'}
[2.585218] (ros2_unitree_legged_msgs) StdoutLine: {'line': b'-- Up-to-date: /ws/install/ros2_unitree_legged_msgs/share/ros2_unitree_legged_msgs/cmake/rosidl_cmake-extras.cmake\n'}
[2.585289] (ros2_unitree_legged_msgs) StdoutLine: {'line': b'-- Up-to-date: /ws/install/ros2_unitree_legged_msgs/share/ros2_unitree_legged_msgs/cmake/ament_cmake_export_include_directories-extras.cmake\n'}
[2.585367] (ros2_unitree_legged_msgs) StdoutLine: {'line': b'-- Up-to-date: /ws/install/ros2_unitree_legged_msgs/share/ros2_unitree_legged_msgs/cmake/ament_cmake_export_libraries-extras.cmake\n'}
[2.585443] (ros2_unitree_legged_msgs) StdoutLine: {'line': b'-- Up-to-date: /ws/install/ros2_unitree_legged_msgs/share/ros2_unitree_legged_msgs/cmake/ament_cmake_export_targets-extras.cmake\n'}
[2.596877] (ros2_unitree_legged_msgs) StdoutLine: {'line': b'-- Up-to-date: /ws/install/ros2_unitree_legged_msgs/share/ros2_unitree_legged_msgs/cmake/rosidl_cmake_export_typesupport_targets-extras.cmake\n'}
[2.597046] (ros2_unitree_legged_msgs) StdoutLine: {'line': b'-- Up-to-date: /ws/install/ros2_unitree_legged_msgs/share/ros2_unitree_legged_msgs/cmake/ament_cmake_export_dependencies-extras.cmake\n'}
[2.597167] (ros2_unitree_legged_msgs) StdoutLine: {'line': b'-- Up-to-date: /ws/install/ros2_unitree_legged_msgs/share/ros2_unitree_legged_msgs/cmake/rosidl_cmake_export_typesupport_libraries-extras.cmake\n'}
[2.597243] (ros2_unitree_legged_msgs) StdoutLine: {'line': b'-- Up-to-date: /ws/install/ros2_unitree_legged_msgs/share/ros2_unitree_legged_msgs/cmake/ros2_unitree_legged_msgsConfig.cmake\n'}
[2.597313] (ros2_unitree_legged_msgs) StdoutLine: {'line': b'-- Up-to-date: /ws/install/ros2_unitree_legged_msgs/share/ros2_unitree_legged_msgs/cmake/ros2_unitree_legged_msgsConfig-version.cmake\n'}
[2.597403] (ros2_unitree_legged_msgs) StdoutLine: {'line': b'-- Up-to-date: /ws/install/ros2_unitree_legged_msgs/share/ros2_unitree_legged_msgs/package.xml\n'}
[2.597499] (unitree_api) JobEnded: {'identifier': 'unitree_api', 'rc': 0}
[2.616156] (unitree_go) CommandEnded: {'returncode': 0}
[2.619667] (unitree_hg) StdoutLine: {'line': b'\x1b[35m\x1b[1mConsolidate compiler generated dependencies of target unitree_hg__rosidl_generator_c\x1b[0m\n'}
[2.619910] (unitree_hg) StdoutLine: {'line': b'[  1%] Built target unitree_hg__dds_connext_idl\n'}
[2.620022] (unitree_hg) StdoutLine: {'line': b'[  1%] Built target ament_cmake_python_copy_unitree_hg\n'}
[2.620123] (unitree_hg) StdoutLine: {'line': b'[  1%] Built target unitree_hg__cpp\n'}
[2.620211] (unitree_hg) StdoutLine: {'line': b'[ 13%] Built target unitree_hg__rosidl_generator_c\n'}
[2.620299] (unitree_go) JobEnded: {'identifier': 'unitree_go', 'rc': 0}
[2.625412] (rmw_cyclonedds_cpp) JobStarted: {'identifier': 'rmw_cyclonedds_cpp'}
[2.626720] (stand_go2) JobStarted: {'identifier': 'stand_go2'}
[2.631671] (unitree_hg) StdoutLine: {'line': b'\x1b[35m\x1b[1mConsolidate compiler generated dependencies of target unitree_hg__rosidl_typesupport_fastrtps_cpp\x1b[0m\n'}
[2.631977] (rmw_cyclonedds_cpp) JobProgress: {'identifier': 'rmw_cyclonedds_cpp', 'progress': 'cmake'}
[2.632009] (unitree_hg) StdoutLine: {'line': b'\x1b[35m\x1b[1mConsolidate compiler generated dependencies of target unitree_hg__rosidl_typesupport_cpp\x1b[0m\n'}
[2.632106] (rmw_cyclonedds_cpp) JobProgress: {'identifier': 'rmw_cyclonedds_cpp', 'progress': 'build'}
[2.632131] (rmw_cyclonedds_cpp) Command: {'cmd': ['/usr/bin/cmake', '--build', '/ws/build/rmw_cyclonedds_cpp', '--', '-j4', '-l4'], 'cwd': '/ws/build/rmw_cyclonedds_cpp', 'env': OrderedDict([('HOSTNAME', 'pi'), ('SHLVL', '1'), ('LD_LIBRARY_PATH', '/ws/install/cyclonedds/lib:/ws/libtorch/lib:/opt/ros/humble/lib/aarch64-linux-gnu:/opt/ros/humble/lib'), ('HOME', '/root'), ('OLDPWD', '/'), ('ROS_PYTHON_VERSION', '3'), ('ROS_DISTRO', 'humble'), ('_', '/usr/bin/colcon'), ('ROS_VERSION', '2'), ('PKG_CONFIG_PATH', '/ws/install/cyclonedds/lib/aarch64-linux-gnu/pkgconfig:/ws/install/cyclonedds/lib/pkgconfig'), ('TERM', 'xterm'), ('ROS_LOCALHOST_ONLY', '0'), ('PATH', '/ws/install/cyclonedds/bin:/opt/ros/humble/bin:/usr/local/sbin:/usr/local/bin:/usr/sbin:/usr/bin:/sbin:/bin'), ('LANG', 'C.UTF-8'), ('LS_COLORS', 'rs=0:di=01;34:ln=01;36:mh=00:pi=40;33:so=01;35:do=01;35:bd=40;33;01:cd=40;33;01:or=40;31;01:mi=00:su=37;41:sg=30;43:ca=30;41:tw=30;42:ow=34;42:st=37;44:ex=01;32:*.tar=01;31:*.tgz=01;31:*.arc=01;31:*.arj=01;31:*.taz=01;31:*.lha=01;31:*.lz4=01;31:*.lzh=01;31:*.lzma=01;31:*.tlz=01;31:*.txz=01;31:*.tzo=01;31:*.t7z=01;31:*.zip=01;31:*.z=01;31:*.dz=01;31:*.gz=01;31:*.lrz=01;31:*.lz=01;31:*.lzo=01;31:*.xz=01;31:*.zst=01;31:*.tzst=01;31:*.bz2=01;31:*.bz=01;31:*.tbz=01;31:*.tbz2=01;31:*.tz=01;31:*.deb=01;31:*.rpm=01;31:*.jar=01;31:*.war=01;31:*.ear=01;31:*.sar=01;31:*.rar=01;31:*.alz=01;31:*.ace=01;31:*.zoo=01;31:*.cpio=01;31:*.7z=01;31:*.rz=01;31:*.cab=01;31:*.wim=01;31:*.swm=01;31:*.dwm=01;31:*.esd=01;31:*.jpg=01;35:*.jpeg=01;35:*.mjpg=01;35:*.mjpeg=01;35:*.gif=01;35:*.bmp=01;35:*.pbm=01;35:*.pgm=01;35:*.ppm=01;35:*.tga=01;35:*.xbm=01;35:*.xpm=01;35:*.tif=01;35:*.tiff=01;35:*.png=01;35:*.svg=01;35:*.svgz=01;35:*.mng=01;35:*.pcx=01;35:*.mov=01;35:*.mpg=01;35:*.mpeg=01;35:*.m2v=01;35:*.mkv=01;35:*.webm=01;35:*.webp=01;35:*.ogm=01;35:*.mp4=01;35:*.m4v=01;35:*.mp4v=01;35:*.vob=01;35:*.qt=01;35:*.nuv=01;35:*.wmv=01;35:*.asf=01;35:*.rm=01;35:*.rmvb=01;35:*.flc=01;35:*.avi=01;35:*.fli=01;35:*.flv=01;35:*.gl=01;35:*.dl=01;35:*.xcf=01;35:*.xwd=01;35:*.yuv=01;35:*.cgm=01;35:*.emf=01;35:*.ogv=01;35:*.ogx=01;35:*.aac=00;36:*.au=00;36:*.flac=00;36:*.m4a=00;36:*.mid=00;36:*.midi=00;36:*.mka=00;36:*.mp3=00;36:*.mpc=00;36:*.ogg=00;36:*.ra=00;36:*.wav=00;36:*.oga=00;36:*.opus=00;36:*.spx=00;36:*.xspf=00;36:'), ('AMENT_PREFIX_PATH', '/opt/ros/humble'), ('DEBIAN_FRONTEND', 'noninteractive'), ('Torch_DIR', '/ws/libtorch/share/cmake/Torch'), ('PWD', '/ws/build/rmw_cyclonedds_cpp'), ('LC_ALL', 'C.UTF-8'), ('PYTHONPATH', '/opt/ros/humble/lib/python3.10/site-packages:/opt/ros/humble/local/lib/python3.10/dist-packages'), ('COLCON', '1'), ('CMAKE_PREFIX_PATH', '/ws/install/cyclonedds:/ws/libtorch:/opt/ros/humble')]), 'shell': False}
[2.649665] (unitree_hg) StdoutLine: {'line': b'[ 25%] Built target unitree_hg__rosidl_typesupport_introspection_cpp\n'}
[2.653999] (ros2_unitree_legged_msgs) CommandEnded: {'returncode': 0}
[2.659702] (-) TimerEvent: {}
[2.709562] (unitree_hg) StdoutLine: {'line': b'[ 37%] Built target unitree_hg__rosidl_typesupport_fastrtps_cpp\n'}
[2.714772] (unitree_hg) StdoutLine: {'line': b'\x1b[35m\x1b[1mConsolidate compiler generated dependencies of target unitree_hg__rosidl_typesupport_fastrtps_c\x1b[0m\n'}
[2.717916] (unitree_hg) StdoutLine: {'line': b'[ 49%] Built target unitree_hg__rosidl_typesupport_cpp\n'}
[2.748128] (unitree_hg) StdoutLine: {'line': b'\x1b[35m\x1b[1mConsolidate compiler generated dependencies of target unitree_hg__rosidl_typesupport_introspection_c\x1b[0m\n'}
[2.759850] (-) TimerEvent: {}
[2.771675] (ros2_unitree_legged_msgs) JobEnded: {'identifier': 'ros2_unitree_legged_msgs', 'rc': 0}
[2.773146] (unitree_rl_controller) JobStarted: {'identifier': 'unitree_rl_controller'}
[2.780906] (unitree_hg) StdoutLine: {'line': b'\x1b[35m\x1b[1mConsolidate compiler generated dependencies of target unitree_hg__rosidl_typesupport_c\x1b[0m\n'}
[2.808744] (stand_go2) JobProgress: {'identifier': 'stand_go2', 'progress': 'cmake'}
[2.808867] (stand_go2) JobProgress: {'identifier': 'stand_go2', 'progress': 'build'}
[2.808899] (stand_go2) Command: {'cmd': ['/usr/bin/cmake', '--build', '/ws/build/stand_go2', '--', '-j4', '-l4'], 'cwd': '/ws/build/stand_go2', 'env': OrderedDict([('HOSTNAME', 'pi'), ('SHLVL', '1'), ('LD_LIBRARY_PATH', '/ws/install/unitree_go/lib:/ws/install/unitree_api/lib:/ws/libtorch/lib:/opt/ros/humble/lib/aarch64-linux-gnu:/opt/ros/humble/lib'), ('HOME', '/root'), ('OLDPWD', '/'), ('ROS_PYTHON_VERSION', '3'), ('ROS_DISTRO', 'humble'), ('_', '/usr/bin/colcon'), ('ROS_VERSION', '2'), ('TERM', 'xterm'), ('ROS_LOCALHOST_ONLY', '0'), ('PATH', '/opt/ros/humble/bin:/usr/local/sbin:/usr/local/bin:/usr/sbin:/usr/bin:/sbin:/bin'), ('LANG', 'C.UTF-8'), ('LS_COLORS', 'rs=0:di=01;34:ln=01;36:mh=00:pi=40;33:so=01;35:do=01;35:bd=40;33;01:cd=40;33;01:or=40;31;01:mi=00:su=37;41:sg=30;43:ca=30;41:tw=30;42:ow=34;42:st=37;44:ex=01;32:*.tar=01;31:*.tgz=01;31:*.arc=01;31:*.arj=01;31:*.taz=01;31:*.lha=01;31:*.lz4=01;31:*.lzh=01;31:*.lzma=01;31:*.tlz=01;31:*.txz=01;31:*.tzo=01;31:*.t7z=01;31:*.zip=01;31:*.z=01;31:*.dz=01;31:*.gz=01;31:*.lrz=01;31:*.lz=01;31:*.lzo=01;31:*.xz=01;31:*.zst=01;31:*.tzst=01;31:*.bz2=01;31:*.bz=01;31:*.tbz=01;31:*.tbz2=01;31:*.tz=01;31:*.deb=01;31:*.rpm=01;31:*.jar=01;31:*.war=01;31:*.ear=01;31:*.sar=01;31:*.rar=01;31:*.alz=01;31:*.ace=01;31:*.zoo=01;31:*.cpio=01;31:*.7z=01;31:*.rz=01;31:*.cab=01;31:*.wim=01;31:*.swm=01;31:*.dwm=01;31:*.esd=01;31:*.jpg=01;35:*.jpeg=01;35:*.mjpg=01;35:*.mjpeg=01;35:*.gif=01;35:*.bmp=01;35:*.pbm=01;35:*.pgm=01;35:*.ppm=01;35:*.tga=01;35:*.xbm=01;35:*.xpm=01;35:*.tif=01;35:*.tiff=01;35:*.png=01;35:*.svg=01;35:*.svgz=01;35:*.mng=01;35:*.pcx=01;35:*.mov=01;35:*.mpg=01;35:*.mpeg=01;35:*.m2v=01;35:*.mkv=01;35:*.webm=01;35:*.webp=01;35:*.ogm=01;35:*.mp4=01;35:*.m4v=01;35:*.mp4v=01;35:*.vob=01;35:*.qt=01;35:*.nuv=01;35:*.wmv=01;35:*.asf=01;35:*.rm=01;35:*.rmvb=01;35:*.flc=01;35:*.avi=01;35:*.fli=01;35:*.flv=01;35:*.gl=01;35:*.dl=01;35:*.xcf=01;35:*.xwd=01;35:*.yuv=01;35:*.cgm=01;35:*.emf=01;35:*.ogv=01;35:*.ogx=01;35:*.aac=00;36:*.au=00;36:*.flac=00;36:*.m4a=00;36:*.mid=00;36:*.midi=00;36:*.mka=00;36:*.mp3=00;36:*.mpc=00;36:*.ogg=00;36:*.ra=00;36:*.wav=00;36:*.oga=00;36:*.opus=00;36:*.spx=00;36:*.xspf=00;36:'), ('AMENT_PREFIX_PATH', '/ws/install/unitree_go:/ws/install/unitree_api:/opt/ros/humble'), ('DEBIAN_FRONTEND', 'noninteractive'), ('Torch_DIR', '/ws/libtorch/share/cmake/Torch'), ('PWD', '/ws/build/stand_go2'), ('LC_ALL', 'C.UTF-8'), ('PYTHONPATH', '/ws/install/unitree_go/local/lib/python3.10/dist-packages:/ws/install/unitree_api/local/lib/python3.10/dist-packages:/opt/ros/humble/lib/python3.10/site-packages:/opt/ros/humble/local/lib/python3.10/dist-packages'), ('COLCON', '1'), ('CMAKE_PREFIX_PATH', '/ws/install/unitree_go:/ws/install/unitree_api:/ws/libtorch:/opt/ros/humble')]), 'shell': False}
[2.816651] (unitree_hg) StdoutLine: {'line': b'[ 60%] Built target unitree_hg__rosidl_typesupport_fastrtps_c\n'}
[2.825587] (unitree_hg) StdoutLine: {'line': b'[ 71%] Built target unitree_hg__rosidl_typesupport_introspection_c\n'}
[2.832338] (unitree_rl_controller) JobProgress: {'identifier': 'unitree_rl_controller', 'progress': 'cmake'}
[2.835096] (unitree_rl_controller) JobProgress: {'identifier': 'unitree_rl_controller', 'progress': 'build'}
[2.835967] (unitree_rl_controller) Command: {'cmd': ['/usr/bin/cmake', '--build', '/ws/build/unitree_rl_controller', '--', '-j4', '-l4'], 'cwd': '/ws/build/unitree_rl_controller', 'env': OrderedDict([('HOSTNAME', 'pi'), ('SHLVL', '1'), ('LD_LIBRARY_PATH', '/ws/install/ros2_unitree_legged_msgs/lib:/ws/libtorch/lib:/opt/ros/humble/lib/aarch64-linux-gnu:/opt/ros/humble/lib'), ('HOME', '/root'), ('OLDPWD', '/'), ('ROS_PYTHON_VERSION', '3'), ('ROS_DISTRO', 'humble'), ('_', '/usr/bin/colcon'), ('ROS_VERSION', '2'), ('TERM', 'xterm'), ('ROS_LOCALHOST_ONLY', '0'), ('PATH', '/opt/ros/humble/bin:/usr/local/sbin:/usr/local/bin:/usr/sbin:/usr/bin:/sbin:/bin'), ('LANG', 'C.UTF-8'), ('LS_COLORS', 'rs=0:di=01;34:ln=01;36:mh=00:pi=40;33:so=01;35:do=01;35:bd=40;33;01:cd=40;33;01:or=40;31;01:mi=00:su=37;41:sg=30;43:ca=30;41:tw=30;42:ow=34;42:st=37;44:ex=01;32:*.tar=01;31:*.tgz=01;31:*.arc=01;31:*.arj=01;31:*.taz=01;31:*.lha=01;31:*.lz4=01;31:*.lzh=01;31:*.lzma=01;31:*.tlz=01;31:*.txz=01;31:*.tzo=01;31:*.t7z=01;31:*.zip=01;31:*.z=01;31:*.dz=01;31:*.gz=01;31:*.lrz=01;31:*.lz=01;31:*.lzo=01;31:*.xz=01;31:*.zst=01;31:*.tzst=01;31:*.bz2=01;31:*.bz=01;31:*.tbz=01;31:*.tbz2=01;31:*.tz=01;31:*.deb=01;31:*.rpm=01;31:*.jar=01;31:*.war=01;31:*.ear=01;31:*.sar=01;31:*.rar=01;31:*.alz=01;31:*.ace=01;31:*.zoo=01;31:*.cpio=01;31:*.7z=01;31:*.rz=01;31:*.cab=01;31:*.wim=01;31:*.swm=01;31:*.dwm=01;31:*.esd=01;31:*.jpg=01;35:*.jpeg=01;35:*.mjpg=01;35:*.mjpeg=01;35:*.gif=01;35:*.bmp=01;35:*.pbm=01;35:*.pgm=01;35:*.ppm=01;35:*.tga=01;35:*.xbm=01;35:*.xpm=01;35:*.tif=01;35:*.tiff=01;35:*.png=01;35:*.svg=01;35:*.svgz=01;35:*.mng=01;35:*.pcx=01;35:*.mov=01;35:*.mpg=01;35:*.mpeg=01;35:*.m2v=01;35:*.mkv=01;35:*.webm=01;35:*.webp=01;35:*.ogm=01;35:*.mp4=01;35:*.m4v=01;35:*.mp4v=01;35:*.vob=01;35:*.qt=01;35:*.nuv=01;35:*.wmv=01;35:*.asf=01;35:*.rm=01;35:*.rmvb=01;35:*.flc=01;35:*.avi=01;35:*.fli=01;35:*.flv=01;35:*.gl=01;35:*.dl=01;35:*.xcf=01;35:*.xwd=01;35:*.yuv=01;35:*.cgm=01;35:*.emf=01;35:*.ogv=01;35:*.ogx=01;35:*.aac=00;36:*.au=00;36:*.flac=00;36:*.m4a=00;36:*.mid=00;36:*.midi=00;36:*.mka=00;36:*.mp3=00;36:*.mpc=00;36:*.ogg=00;36:*.ra=00;36:*.wav=00;36:*.oga=00;36:*.opus=00;36:*.spx=00;36:*.xspf=00;36:'), ('AMENT_PREFIX_PATH', '/ws/install/ros2_unitree_legged_msgs:/opt/ros/humble'), ('DEBIAN_FRONTEND', 'noninteractive'), ('Torch_DIR', '/ws/libtorch/share/cmake/Torch'), ('PWD', '/ws/build/unitree_rl_controller'), ('LC_ALL', 'C.UTF-8'), ('PYTHONPATH', '/ws/install/ros2_unitree_legged_msgs/local/lib/python3.10/dist-packages:/opt/ros/humble/lib/python3.10/site-packages:/opt/ros/humble/local/lib/python3.10/dist-packages'), ('COLCON', '1'), ('CMAKE_PREFIX_PATH', '/ws/install/ros2_unitree_legged_msgs:/ws/libtorch:/opt/ros/humble')]), 'shell': False}
[2.841235] (unitree_hg) StdoutLine: {'line': b'[ 82%] Built target unitree_hg__rosidl_typesupport_c\n'}
[2.860655] (-) TimerEvent: {}
[2.875426] (rmw_cyclonedds_cpp) StdoutLine: {'line': b'\x1b[35m\x1b[1mConsolidate compiler generated dependencies of target rmw_cyclonedds_cpp\x1b[0m\n'}
[2.923066] (unitree_hg) StdoutLine: {'line': b'[ 82%] Built target unitree_hg\n'}
[2.961635] (-) TimerEvent: {}
[2.983605] (stand_go2) StdoutLine: {'line': b'\x1b[35m\x1b[1mConsolidate compiler generated dependencies of target stand_go2\x1b[0m\n'}
[2.991172] (rmw_cyclonedds_cpp) StdoutLine: {'line': b'[100%] Built target rmw_cyclonedds_cpp\n'}
[3.001573] (unitree_rl_controller) StdoutLine: {'line': b'\x1b[35m\x1b[1mConsolidate compiler generated dependencies of target unitree_rl_controller\x1b[0m\n'}
[3.004206] (unitree_hg) StdoutLine: {'line': b'[ 83%] Built target unitree_hg__py\n'}
[3.030108] (rmw_cyclonedds_cpp) CommandEnded: {'returncode': 0}
[3.031033] (rmw_cyclonedds_cpp) JobProgress: {'identifier': 'rmw_cyclonedds_cpp', 'progress': 'install'}
[3.031090] (rmw_cyclonedds_cpp) Command: {'cmd': ['/usr/bin/cmake', '--install', '/ws/build/rmw_cyclonedds_cpp'], 'cwd': '/ws/build/rmw_cyclonedds_cpp', 'env': OrderedDict([('HOSTNAME', 'pi'), ('SHLVL', '1'), ('LD_LIBRARY_PATH', '/ws/install/cyclonedds/lib:/ws/libtorch/lib:/opt/ros/humble/lib/aarch64-linux-gnu:/opt/ros/humble/lib'), ('HOME', '/root'), ('OLDPWD', '/'), ('ROS_PYTHON_VERSION', '3'), ('ROS_DISTRO', 'humble'), ('_', '/usr/bin/colcon'), ('ROS_VERSION', '2'), ('PKG_CONFIG_PATH', '/ws/install/cyclonedds/lib/aarch64-linux-gnu/pkgconfig:/ws/install/cyclonedds/lib/pkgconfig'), ('TERM', 'xterm'), ('ROS_LOCALHOST_ONLY', '0'), ('PATH', '/ws/install/cyclonedds/bin:/opt/ros/humble/bin:/usr/local/sbin:/usr/local/bin:/usr/sbin:/usr/bin:/sbin:/bin'), ('LANG', 'C.UTF-8'), ('LS_COLORS', 'rs=0:di=01;34:ln=01;36:mh=00:pi=40;33:so=01;35:do=01;35:bd=40;33;01:cd=40;33;01:or=40;31;01:mi=00:su=37;41:sg=30;43:ca=30;41:tw=30;42:ow=34;42:st=37;44:ex=01;32:*.tar=01;31:*.tgz=01;31:*.arc=01;31:*.arj=01;31:*.taz=01;31:*.lha=01;31:*.lz4=01;31:*.lzh=01;31:*.lzma=01;31:*.tlz=01;31:*.txz=01;31:*.tzo=01;31:*.t7z=01;31:*.zip=01;31:*.z=01;31:*.dz=01;31:*.gz=01;31:*.lrz=01;31:*.lz=01;31:*.lzo=01;31:*.xz=01;31:*.zst=01;31:*.tzst=01;31:*.bz2=01;31:*.bz=01;31:*.tbz=01;31:*.tbz2=01;31:*.tz=01;31:*.deb=01;31:*.rpm=01;31:*.jar=01;31:*.war=01;31:*.ear=01;31:*.sar=01;31:*.rar=01;31:*.alz=01;31:*.ace=01;31:*.zoo=01;31:*.cpio=01;31:*.7z=01;31:*.rz=01;31:*.cab=01;31:*.wim=01;31:*.swm=01;31:*.dwm=01;31:*.esd=01;31:*.jpg=01;35:*.jpeg=01;35:*.mjpg=01;35:*.mjpeg=01;35:*.gif=01;35:*.bmp=01;35:*.pbm=01;35:*.pgm=01;35:*.ppm=01;35:*.tga=01;35:*.xbm=01;35:*.xpm=01;35:*.tif=01;35:*.tiff=01;35:*.png=01;35:*.svg=01;35:*.svgz=01;35:*.mng=01;35:*.pcx=01;35:*.mov=01;35:*.mpg=01;35:*.mpeg=01;35:*.m2v=01;35:*.mkv=01;35:*.webm=01;35:*.webp=01;35:*.ogm=01;35:*.mp4=01;35:*.m4v=01;35:*.mp4v=01;35:*.vob=01;35:*.qt=01;35:*.nuv=01;35:*.wmv=01;35:*.asf=01;35:*.rm=01;35:*.rmvb=01;35:*.flc=01;35:*.avi=01;35:*.fli=01;35:*.flv=01;35:*.gl=01;35:*.dl=01;35:*.xcf=01;35:*.xwd=01;35:*.yuv=01;35:*.cgm=01;35:*.emf=01;35:*.ogv=01;35:*.ogx=01;35:*.aac=00;36:*.au=00;36:*.flac=00;36:*.m4a=00;36:*.mid=00;36:*.midi=00;36:*.mka=00;36:*.mp3=00;36:*.mpc=00;36:*.ogg=00;36:*.ra=00;36:*.wav=00;36:*.oga=00;36:*.opus=00;36:*.spx=00;36:*.xspf=00;36:'), ('AMENT_PREFIX_PATH', '/opt/ros/humble'), ('DEBIAN_FRONTEND', 'noninteractive'), ('Torch_DIR', '/ws/libtorch/share/cmake/Torch'), ('PWD', '/ws/build/rmw_cyclonedds_cpp'), ('LC_ALL', 'C.UTF-8'), ('PYTHONPATH', '/opt/ros/humble/lib/python3.10/site-packages:/opt/ros/humble/local/lib/python3.10/dist-packages'), ('COLCON', '1'), ('CMAKE_PREFIX_PATH', '/ws/install/cyclonedds:/ws/libtorch:/opt/ros/humble')]), 'shell': False}
[3.037175] (stand_go2) StdoutLine: {'line': b'[100%] Built target stand_go2\n'}
[3.055766] (unitree_rl_controller) StdoutLine: {'line': b'[100%] Built target unitree_rl_controller\n'}
[3.056188] (unitree_hg) StdoutLine: {'line': b'\x1b[35m\x1b[1mConsolidate compiler generated dependencies of target unitree_hg__rosidl_generator_py\x1b[0m\n'}
[3.061744] (-) TimerEvent: {}
[3.064208] (rmw_cyclonedds_cpp) StdoutLine: {'line': b'-- Install configuration: ""\n'}
[3.064583] (rmw_cyclonedds_cpp) StdoutLine: {'line': b'-- Up-to-date: /ws/install/rmw_cyclonedds_cpp/share/ament_index/resource_index/rmw_typesupport_c/rmw_cyclonedds_cpp\n'}
[3.064980] (rmw_cyclonedds_cpp) StdoutLine: {'line': b'-- Up-to-date: /ws/install/rmw_cyclonedds_cpp/share/ament_index/resource_index/rmw_typesupport_cpp/rmw_cyclonedds_cpp\n'}
[3.066729] (rmw_cyclonedds_cpp) StdoutLine: {'line': b'-- Up-to-date: /ws/install/rmw_cyclonedds_cpp/share/ament_index/resource_index/rmw_typesupport/rmw_cyclonedds_cpp\n'}
[3.067708] (rmw_cyclonedds_cpp) StdoutLine: {'line': b'-- Up-to-date: /ws/install/rmw_cyclonedds_cpp/share/ament_index/resource_index/package_run_dependencies/rmw_cyclonedds_cpp\n'}
[3.068046] (rmw_cyclonedds_cpp) StdoutLine: {'line': b'-- Up-to-date: /ws/install/rmw_cyclonedds_cpp/share/ament_index/resource_index/parent_prefix_path/rmw_cyclonedds_cpp\n'}
[3.069523] (rmw_cyclonedds_cpp) StdoutLine: {'line': b'-- Up-to-date: /ws/install/rmw_cyclonedds_cpp/share/rmw_cyclonedds_cpp/environment/ament_prefix_path.sh\n'}
[3.070206] (rmw_cyclonedds_cpp) StdoutLine: {'line': b'-- Up-to-date: /ws/install/rmw_cyclonedds_cpp/share/rmw_cyclonedds_cpp/environment/ament_prefix_path.dsv\n'}
[3.070340] (rmw_cyclonedds_cpp) StdoutLine: {'line': b'-- Up-to-date: /ws/install/rmw_cyclonedds_cpp/share/rmw_cyclonedds_cpp/environment/path.sh\n'}
[3.070422] (rmw_cyclonedds_cpp) StdoutLine: {'line': b'-- Up-to-date: /ws/install/rmw_cyclonedds_cpp/share/rmw_cyclonedds_cpp/environment/path.dsv\n'}
[3.070530] (rmw_cyclonedds_cpp) StdoutLine: {'line': b'-- Up-to-date: /ws/install/rmw_cyclonedds_cpp/share/rmw_cyclonedds_cpp/local_setup.bash\n'}
[3.070625] (rmw_cyclonedds_cpp) StdoutLine: {'line': b'-- Up-to-date: /ws/install/rmw_cyclonedds_cpp/share/rmw_cyclonedds_cpp/local_setup.sh\n'}
[3.072171] (rmw_cyclonedds_cpp) StdoutLine: {'line': b'-- Up-to-date: /ws/install/rmw_cyclonedds_cpp/share/rmw_cyclonedds_cpp/local_setup.zsh\n'}
[3.072421] (rmw_cyclonedds_cpp) StdoutLine: {'line': b'-- Up-to-date: /ws/install/rmw_cyclonedds_cpp/share/rmw_cyclonedds_cpp/local_setup.dsv\n'}
[3.072552] (rmw_cyclonedds_cpp) StdoutLine: {'line': b'-- Installing: /ws/install/rmw_cyclonedds_cpp/share/rmw_cyclonedds_cpp/package.dsv\n'}
[3.072633] (rmw_cyclonedds_cpp) StdoutLine: {'line': b'-- Up-to-date: /ws/install/rmw_cyclonedds_cpp/share/ament_index/resource_index/packages/rmw_cyclonedds_cpp\n'}
[3.072701] (rmw_cyclonedds_cpp) StdoutLine: {'line': b'-- Up-to-date: /ws/install/rmw_cyclonedds_cpp/share/rmw_cyclonedds_cpp/cmake/export_rmw_cyclonedds_cppExport.cmake\n'}
[3.074542] (rmw_cyclonedds_cpp) StdoutLine: {'line': b'-- Up-to-date: /ws/install/rmw_cyclonedds_cpp/share/rmw_cyclonedds_cpp/cmake/export_rmw_cyclonedds_cppExport-noconfig.cmake\n'}
[3.074794] (rmw_cyclonedds_cpp) StdoutLine: {'line': b'-- Up-to-date: /ws/install/rmw_cyclonedds_cpp/share/rmw_cyclonedds_cpp/cmake/ament_cmake_export_dependencies-extras.cmake\n'}
[3.074884] (rmw_cyclonedds_cpp) StdoutLine: {'line': b'-- Up-to-date: /ws/install/rmw_cyclonedds_cpp/share/rmw_cyclonedds_cpp/cmake/ament_cmake_export_targets-extras.cmake\n'}
[3.074967] (rmw_cyclonedds_cpp) StdoutLine: {'line': b'-- Up-to-date: /ws/install/rmw_cyclonedds_cpp/share/rmw_cyclonedds_cpp/cmake/rmw_cyclonedds_cppConfig.cmake\n'}
[3.075047] (rmw_cyclonedds_cpp) StdoutLine: {'line': b'-- Up-to-date: /ws/install/rmw_cyclonedds_cpp/share/rmw_cyclonedds_cpp/cmake/rmw_cyclonedds_cppConfig-version.cmake\n'}
[3.075117] (rmw_cyclonedds_cpp) StdoutLine: {'line': b'-- Up-to-date: /ws/install/rmw_cyclonedds_cpp/share/rmw_cyclonedds_cpp/package.xml\n'}
[3.075190] (rmw_cyclonedds_cpp) StdoutLine: {'line': b'-- Up-to-date: /ws/install/rmw_cyclonedds_cpp/lib/librmw_cyclonedds_cpp.so\n'}
[3.075258] (rmw_cyclonedds_cpp) StdoutLine: {'line': b'-- Up-to-date: /ws/install/rmw_cyclonedds_cpp/share/ament_index/resource_index/rmw_output_patterns/rmw_cyclonedds_cpp\n'}
[3.084719] (rmw_cyclonedds_cpp) CommandEnded: {'returncode': 0}
[3.092377] (unitree_hg) StdoutLine: {'line': b'running egg_info\n'}
[3.094867] (unitree_hg) StdoutLine: {'line': b'writing unitree_hg.egg-info/PKG-INFO\n'}
[3.095155] (unitree_hg) StdoutLine: {'line': b'writing dependency_links to unitree_hg.egg-info/dependency_links.txt\n'}
[3.096483] (unitree_hg) StdoutLine: {'line': b'writing top-level names to unitree_hg.egg-info/top_level.txt\n'}
[3.102696] (unitree_hg) StdoutLine: {'line': b"reading manifest file 'unitree_hg.egg-info/SOURCES.txt'\n"}
[3.105855] (unitree_hg) StdoutLine: {'line': b"writing manifest file 'unitree_hg.egg-info/SOURCES.txt'\n"}
[3.121677] (unitree_hg) StdoutLine: {'line': b'[ 94%] Built target unitree_hg__rosidl_generator_py\n'}
[3.130366] (rmw_cyclonedds_cpp) JobEnded: {'identifier': 'rmw_cyclonedds_cpp', 'rc': 0}
[3.136817] (stand_go2) CommandEnded: {'returncode': 0}
[3.139619] (stand_go2) JobProgress: {'identifier': 'stand_go2', 'progress': 'install'}
[3.146781] (stand_go2) Command: {'cmd': ['/usr/bin/cmake', '--install', '/ws/build/stand_go2'], 'cwd': '/ws/build/stand_go2', 'env': OrderedDict([('HOSTNAME', 'pi'), ('SHLVL', '1'), ('LD_LIBRARY_PATH', '/ws/install/unitree_go/lib:/ws/install/unitree_api/lib:/ws/libtorch/lib:/opt/ros/humble/lib/aarch64-linux-gnu:/opt/ros/humble/lib'), ('HOME', '/root'), ('OLDPWD', '/'), ('ROS_PYTHON_VERSION', '3'), ('ROS_DISTRO', 'humble'), ('_', '/usr/bin/colcon'), ('ROS_VERSION', '2'), ('TERM', 'xterm'), ('ROS_LOCALHOST_ONLY', '0'), ('PATH', '/opt/ros/humble/bin:/usr/local/sbin:/usr/local/bin:/usr/sbin:/usr/bin:/sbin:/bin'), ('LANG', 'C.UTF-8'), ('LS_COLORS', 'rs=0:di=01;34:ln=01;36:mh=00:pi=40;33:so=01;35:do=01;35:bd=40;33;01:cd=40;33;01:or=40;31;01:mi=00:su=37;41:sg=30;43:ca=30;41:tw=30;42:ow=34;42:st=37;44:ex=01;32:*.tar=01;31:*.tgz=01;31:*.arc=01;31:*.arj=01;31:*.taz=01;31:*.lha=01;31:*.lz4=01;31:*.lzh=01;31:*.lzma=01;31:*.tlz=01;31:*.txz=01;31:*.tzo=01;31:*.t7z=01;31:*.zip=01;31:*.z=01;31:*.dz=01;31:*.gz=01;31:*.lrz=01;31:*.lz=01;31:*.lzo=01;31:*.xz=01;31:*.zst=01;31:*.tzst=01;31:*.bz2=01;31:*.bz=01;31:*.tbz=01;31:*.tbz2=01;31:*.tz=01;31:*.deb=01;31:*.rpm=01;31:*.jar=01;31:*.war=01;31:*.ear=01;31:*.sar=01;31:*.rar=01;31:*.alz=01;31:*.ace=01;31:*.zoo=01;31:*.cpio=01;31:*.7z=01;31:*.rz=01;31:*.cab=01;31:*.wim=01;31:*.swm=01;31:*.dwm=01;31:*.esd=01;31:*.jpg=01;35:*.jpeg=01;35:*.mjpg=01;35:*.mjpeg=01;35:*.gif=01;35:*.bmp=01;35:*.pbm=01;35:*.pgm=01;35:*.ppm=01;35:*.tga=01;35:*.xbm=01;35:*.xpm=01;35:*.tif=01;35:*.tiff=01;35:*.png=01;35:*.svg=01;35:*.svgz=01;35:*.mng=01;35:*.pcx=01;35:*.mov=01;35:*.mpg=01;35:*.mpeg=01;35:*.m2v=01;35:*.mkv=01;35:*.webm=01;35:*.webp=01;35:*.ogm=01;35:*.mp4=01;35:*.m4v=01;35:*.mp4v=01;35:*.vob=01;35:*.qt=01;35:*.nuv=01;35:*.wmv=01;35:*.asf=01;35:*.rm=01;35:*.rmvb=01;35:*.flc=01;35:*.avi=01;35:*.fli=01;35:*.flv=01;35:*.gl=01;35:*.dl=01;35:*.xcf=01;35:*.xwd=01;35:*.yuv=01;35:*.cgm=01;35:*.emf=01;35:*.ogv=01;35:*.ogx=01;35:*.aac=00;36:*.au=00;36:*.flac=00;36:*.m4a=00;36:*.mid=00;36:*.midi=00;36:*.mka=00;36:*.mp3=00;36:*.mpc=00;36:*.ogg=00;36:*.ra=00;36:*.wav=00;36:*.oga=00;36:*.opus=00;36:*.spx=00;36:*.xspf=00;36:'), ('AMENT_PREFIX_PATH', '/ws/install/unitree_go:/ws/install/unitree_api:/opt/ros/humble'), ('DEBIAN_FRONTEND', 'noninteractive'), ('Torch_DIR', '/ws/libtorch/share/cmake/Torch'), ('PWD', '/ws/build/stand_go2'), ('LC_ALL', 'C.UTF-8'), ('PYTHONPATH', '/ws/install/unitree_go/local/lib/python3.10/dist-packages:/ws/install/unitree_api/local/lib/python3.10/dist-packages:/opt/ros/humble/lib/python3.10/site-packages:/opt/ros/humble/local/lib/python3.10/dist-packages'), ('COLCON', '1'), ('CMAKE_PREFIX_PATH', '/ws/install/unitree_go:/ws/install/unitree_api:/ws/libtorch:/opt/ros/humble')]), 'shell': False}
[3.150208] (unitree_rl_controller) CommandEnded: {'returncode': 0}
[3.153277] (unitree_hg) StdoutLine: {'line': b'\x1b[35m\x1b[1mConsolidate compiler generated dependencies of target unitree_hg__rosidl_typesupport_fastrtps_c__pyext\x1b[0m\n'}
[3.158182] (unitree_rl_controller) JobProgress: {'identifier': 'unitree_rl_controller', 'progress': 'install'}
[3.166854] (-) TimerEvent: {}
[3.167863] (unitree_rl_controller) Command: {'cmd': ['/usr/bin/cmake', '--install', '/ws/build/unitree_rl_controller'], 'cwd': '/ws/build/unitree_rl_controller', 'env': OrderedDict([('HOSTNAME', 'pi'), ('SHLVL', '1'), ('LD_LIBRARY_PATH', '/ws/install/ros2_unitree_legged_msgs/lib:/ws/libtorch/lib:/opt/ros/humble/lib/aarch64-linux-gnu:/opt/ros/humble/lib'), ('HOME', '/root'), ('OLDPWD', '/'), ('ROS_PYTHON_VERSION', '3'), ('ROS_DISTRO', 'humble'), ('_', '/usr/bin/colcon'), ('ROS_VERSION', '2'), ('TERM', 'xterm'), ('ROS_LOCALHOST_ONLY', '0'), ('PATH', '/opt/ros/humble/bin:/usr/local/sbin:/usr/local/bin:/usr/sbin:/usr/bin:/sbin:/bin'), ('LANG', 'C.UTF-8'), ('LS_COLORS', 'rs=0:di=01;34:ln=01;36:mh=00:pi=40;33:so=01;35:do=01;35:bd=40;33;01:cd=40;33;01:or=40;31;01:mi=00:su=37;41:sg=30;43:ca=30;41:tw=30;42:ow=34;42:st=37;44:ex=01;32:*.tar=01;31:*.tgz=01;31:*.arc=01;31:*.arj=01;31:*.taz=01;31:*.lha=01;31:*.lz4=01;31:*.lzh=01;31:*.lzma=01;31:*.tlz=01;31:*.txz=01;31:*.tzo=01;31:*.t7z=01;31:*.zip=01;31:*.z=01;31:*.dz=01;31:*.gz=01;31:*.lrz=01;31:*.lz=01;31:*.lzo=01;31:*.xz=01;31:*.zst=01;31:*.tzst=01;31:*.bz2=01;31:*.bz=01;31:*.tbz=01;31:*.tbz2=01;31:*.tz=01;31:*.deb=01;31:*.rpm=01;31:*.jar=01;31:*.war=01;31:*.ear=01;31:*.sar=01;31:*.rar=01;31:*.alz=01;31:*.ace=01;31:*.zoo=01;31:*.cpio=01;31:*.7z=01;31:*.rz=01;31:*.cab=01;31:*.wim=01;31:*.swm=01;31:*.dwm=01;31:*.esd=01;31:*.jpg=01;35:*.jpeg=01;35:*.mjpg=01;35:*.mjpeg=01;35:*.gif=01;35:*.bmp=01;35:*.pbm=01;35:*.pgm=01;35:*.ppm=01;35:*.tga=01;35:*.xbm=01;35:*.xpm=01;35:*.tif=01;35:*.tiff=01;35:*.png=01;35:*.svg=01;35:*.svgz=01;35:*.mng=01;35:*.pcx=01;35:*.mov=01;35:*.mpg=01;35:*.mpeg=01;35:*.m2v=01;35:*.mkv=01;35:*.webm=01;35:*.webp=01;35:*.ogm=01;35:*.mp4=01;35:*.m4v=01;35:*.mp4v=01;35:*.vob=01;35:*.qt=01;35:*.nuv=01;35:*.wmv=01;35:*.asf=01;35:*.rm=01;35:*.rmvb=01;35:*.flc=01;35:*.avi=01;35:*.fli=01;35:*.flv=01;35:*.gl=01;35:*.dl=01;35:*.xcf=01;35:*.xwd=01;35:*.yuv=01;35:*.cgm=01;35:*.emf=01;35:*.ogv=01;35:*.ogx=01;35:*.aac=00;36:*.au=00;36:*.flac=00;36:*.m4a=00;36:*.mid=00;36:*.midi=00;36:*.mka=00;36:*.mp3=00;36:*.mpc=00;36:*.ogg=00;36:*.ra=00;36:*.wav=00;36:*.oga=00;36:*.opus=00;36:*.spx=00;36:*.xspf=00;36:'), ('AMENT_PREFIX_PATH', '/ws/install/ros2_unitree_legged_msgs:/opt/ros/humble'), ('DEBIAN_FRONTEND', 'noninteractive'), ('Torch_DIR', '/ws/libtorch/share/cmake/Torch'), ('PWD', '/ws/build/unitree_rl_controller'), ('LC_ALL', 'C.UTF-8'), ('PYTHONPATH', '/ws/install/ros2_unitree_legged_msgs/local/lib/python3.10/dist-packages:/opt/ros/humble/lib/python3.10/site-packages:/opt/ros/humble/local/lib/python3.10/dist-packages'), ('COLCON', '1'), ('CMAKE_PREFIX_PATH', '/ws/install/ros2_unitree_legged_msgs:/ws/libtorch:/opt/ros/humble')]), 'shell': False}
[3.168534] (unitree_hg) StdoutLine: {'line': b'\x1b[35m\x1b[1mConsolidate compiler generated dependencies of target unitree_hg__rosidl_typesupport_c__pyext\x1b[0m\n'}
[3.181675] (unitree_hg) StdoutLine: {'line': b'\x1b[35m\x1b[1mConsolidate compiler generated dependencies of target unitree_hg__rosidl_typesupport_introspection_c__pyext\x1b[0m\n'}
[3.188543] (stand_go2) StdoutLine: {'line': b'-- Install configuration: ""\n'}
[3.191657] (stand_go2) StdoutLine: {'line': b'-- Up-to-date: /ws/install/stand_go2/lib/stand_go2/stand_go2\n'}
[3.200254] (stand_go2) StdoutLine: {'line': b'-- Up-to-date: /ws/install/stand_go2/share/ament_index/resource_index/package_run_dependencies/stand_go2\n'}
[3.203229] (stand_go2) StdoutLine: {'line': b'-- Up-to-date: /ws/install/stand_go2/share/ament_index/resource_index/parent_prefix_path/stand_go2\n'}
[3.203592] (stand_go2) StdoutLine: {'line': b'-- Up-to-date: /ws/install/stand_go2/share/stand_go2/environment/ament_prefix_path.sh\n'}
[3.203794] (stand_go2) StdoutLine: {'line': b'-- Up-to-date: /ws/install/stand_go2/share/stand_go2/environment/ament_prefix_path.dsv\n'}
[3.203928] (stand_go2) StdoutLine: {'line': b'-- Up-to-date: /ws/install/stand_go2/share/stand_go2/environment/path.sh\n'}
[3.204066] (stand_go2) StdoutLine: {'line': b'-- Up-to-date: /ws/install/stand_go2/share/stand_go2/environment/path.dsv\n'}
[3.204209] (stand_go2) StdoutLine: {'line': b'-- Up-to-date: /ws/install/stand_go2/share/stand_go2/local_setup.bash\n'}
[3.204343] (stand_go2) StdoutLine: {'line': b'-- Up-to-date: /ws/install/stand_go2/share/stand_go2/local_setup.sh\n'}
[3.205329] (stand_go2) StdoutLine: {'line': b'-- Up-to-date: /ws/install/stand_go2/share/stand_go2/local_setup.zsh\n'}
[3.206710] (stand_go2) StdoutLine: {'line': b'-- Up-to-date: /ws/install/stand_go2/share/stand_go2/local_setup.dsv\n'}
[3.206806] (stand_go2) StdoutLine: {'line': b'-- Installing: /ws/install/stand_go2/share/stand_go2/package.dsv\n'}
[3.206878] (stand_go2) StdoutLine: {'line': b'-- Up-to-date: /ws/install/stand_go2/share/ament_index/resource_index/packages/stand_go2\n'}
[3.206946] (stand_go2) StdoutLine: {'line': b'-- Up-to-date: /ws/install/stand_go2/share/stand_go2/cmake/stand_go2Config.cmake\n'}
[3.207011] (stand_go2) StdoutLine: {'line': b'-- Up-to-date: /ws/install/stand_go2/share/stand_go2/cmake/stand_go2Config-version.cmake\n'}
[3.207079] (stand_go2) StdoutLine: {'line': b'-- Up-to-date: /ws/install/stand_go2/share/stand_go2/package.xml\n'}
[3.207142] (unitree_rl_controller) StdoutLine: {'line': b'-- Install configuration: ""\n'}
[3.207229] (unitree_rl_controller) StdoutLine: {'line': b'-- Up-to-date: /ws/install/unitree_rl_controller/share/unitree_rl_controller/environment/library_path.sh\n'}
[3.207299] (unitree_rl_controller) StdoutLine: {'line': b'-- Up-to-date: /ws/install/unitree_rl_controller/share/unitree_rl_controller/environment/library_path.dsv\n'}
[3.207376] (unitree_rl_controller) StdoutLine: {'line': b'-- Up-to-date: /ws/install/unitree_rl_controller/lib/libunitree_rl_controller.so\n'}
[3.207449] (unitree_rl_controller) StdoutLine: {'line': b'-- Up-to-date: /ws/install/unitree_rl_controller/include\n'}
[3.207545] (unitree_rl_controller) StdoutLine: {'line': b'-- Up-to-date: /ws/install/unitree_rl_controller/include/observation_buffer.hpp\n'}
[3.207618] (unitree_rl_controller) StdoutLine: {'line': b'-- Up-to-date: /ws/install/unitree_rl_controller/include/rl_agent.h\n'}
[3.207684] (unitree_rl_controller) StdoutLine: {'line': b'-- Up-to-date: /ws/install/unitree_rl_controller/share/ament_index/resource_index/package_run_dependencies/unitree_rl_controller\n'}
[3.207778] (unitree_rl_controller) StdoutLine: {'line': b'-- Up-to-date: /ws/install/unitree_rl_controller/share/ament_index/resource_index/parent_prefix_path/unitree_rl_controller\n'}
[3.207844] (unitree_rl_controller) StdoutLine: {'line': b'-- Up-to-date: /ws/install/unitree_rl_controller/share/unitree_rl_controller/environment/ament_prefix_path.sh\n'}
[3.207908] (unitree_rl_controller) StdoutLine: {'line': b'-- Up-to-date: /ws/install/unitree_rl_controller/share/unitree_rl_controller/environment/ament_prefix_path.dsv\n'}
[3.207970] (unitree_rl_controller) StdoutLine: {'line': b'-- Up-to-date: /ws/install/unitree_rl_controller/share/unitree_rl_controller/environment/path.sh\n'}
[3.208034] (unitree_rl_controller) StdoutLine: {'line': b'-- Up-to-date: /ws/install/unitree_rl_controller/share/unitree_rl_controller/environment/path.dsv\n'}
[3.208097] (unitree_rl_controller) StdoutLine: {'line': b'-- Up-to-date: /ws/install/unitree_rl_controller/share/unitree_rl_controller/local_setup.bash\n'}
[3.208160] (unitree_rl_controller) StdoutLine: {'line': b'-- Up-to-date: /ws/install/unitree_rl_controller/share/unitree_rl_controller/local_setup.sh\n'}
[3.208223] (unitree_rl_controller) StdoutLine: {'line': b'-- Up-to-date: /ws/install/unitree_rl_controller/share/unitree_rl_controller/local_setup.zsh\n'}
[3.211456] (unitree_rl_controller) StdoutLine: {'line': b'-- Up-to-date: /ws/install/unitree_rl_controller/share/unitree_rl_controller/local_setup.dsv\n'}
[3.211670] (unitree_rl_controller) StdoutLine: {'line': b'-- Installing: /ws/install/unitree_rl_controller/share/unitree_rl_controller/package.dsv\n'}
[3.211762] (unitree_hg) StdoutLine: {'line': b'[ 96%] Built target unitree_hg__rosidl_typesupport_fastrtps_c__pyext\n'}
[3.211881] (unitree_rl_controller) StdoutLine: {'line': b'-- Up-to-date: /ws/install/unitree_rl_controller/share/ament_index/resource_index/packages/unitree_rl_controller\n'}
[3.211965] (unitree_rl_controller) StdoutLine: {'line': b'-- Up-to-date: /ws/install/unitree_rl_controller/share/unitree_rl_controller/cmake/ament_cmake_export_dependencies-extras.cmake\n'}
[3.212048] (unitree_rl_controller) StdoutLine: {'line': b'-- Up-to-date: /ws/install/unitree_rl_controller/share/unitree_rl_controller/cmake/ament_cmake_export_include_directories-extras.cmake\n'}
[3.212139] (unitree_rl_controller) StdoutLine: {'line': b'-- Up-to-date: /ws/install/unitree_rl_controller/share/unitree_rl_controller/cmake/ament_cmake_export_libraries-extras.cmake\n'}
[3.212216] (unitree_rl_controller) StdoutLine: {'line': b'-- Up-to-date: /ws/install/unitree_rl_controller/share/unitree_rl_controller/cmake/unitree_rl_controllerConfig.cmake\n'}
[3.212293] (unitree_rl_controller) StdoutLine: {'line': b'-- Up-to-date: /ws/install/unitree_rl_controller/share/unitree_rl_controller/cmake/unitree_rl_controllerConfig-version.cmake\n'}
[3.212399] (unitree_rl_controller) StdoutLine: {'line': b'-- Up-to-date: /ws/install/unitree_rl_controller/share/unitree_rl_controller/package.xml\n'}
[3.212505] (unitree_rl_controller) CommandEnded: {'returncode': 0}
[3.223561] (unitree_hg) StdoutLine: {'line': b'[ 98%] Built target unitree_hg__rosidl_typesupport_c__pyext\n'}
[3.236110] (unitree_hg) StdoutLine: {'line': b'[ 98%] Built target ament_cmake_python_build_unitree_hg_egg\n'}
[3.242307] (unitree_hg) StdoutLine: {'line': b'[100%] Built target unitree_hg__rosidl_typesupport_introspection_c__pyext\n'}
[3.246088] (unitree_rl_controller) JobEnded: {'identifier': 'unitree_rl_controller', 'rc': 0}
[3.250749] (unitree_legged_real) JobStarted: {'identifier': 'unitree_legged_real'}
[3.261690] (stand_go2) CommandEnded: {'returncode': 0}
[3.267913] (-) TimerEvent: {}
[3.339915] (stand_go2) JobEnded: {'identifier': 'stand_go2', 'rc': 0}
[3.343555] (unitree_hg) CommandEnded: {'returncode': 0}
[3.344548] (unitree_hg) JobProgress: {'identifier': 'unitree_hg', 'progress': 'install'}
[3.345370] (unitree_hg) Command: {'cmd': ['/usr/bin/cmake', '--install', '/ws/build/unitree_hg'], 'cwd': '/ws/build/unitree_hg', 'env': OrderedDict([('HOSTNAME', 'pi'), ('SHLVL', '1'), ('LD_LIBRARY_PATH', '/ws/libtorch/lib:/opt/ros/humble/lib/aarch64-linux-gnu:/opt/ros/humble/lib'), ('HOME', '/root'), ('OLDPWD', '/'), ('ROS_PYTHON_VERSION', '3'), ('ROS_DISTRO', 'humble'), ('_', '/usr/bin/colcon'), ('ROS_VERSION', '2'), ('TERM', 'xterm'), ('ROS_LOCALHOST_ONLY', '0'), ('PATH', '/opt/ros/humble/bin:/usr/local/sbin:/usr/local/bin:/usr/sbin:/usr/bin:/sbin:/bin'), ('LANG', 'C.UTF-8'), ('LS_COLORS', 'rs=0:di=01;34:ln=01;36:mh=00:pi=40;33:so=01;35:do=01;35:bd=40;33;01:cd=40;33;01:or=40;31;01:mi=00:su=37;41:sg=30;43:ca=30;41:tw=30;42:ow=34;42:st=37;44:ex=01;32:*.tar=01;31:*.tgz=01;31:*.arc=01;31:*.arj=01;31:*.taz=01;31:*.lha=01;31:*.lz4=01;31:*.lzh=01;31:*.lzma=01;31:*.tlz=01;31:*.txz=01;31:*.tzo=01;31:*.t7z=01;31:*.zip=01;31:*.z=01;31:*.dz=01;31:*.gz=01;31:*.lrz=01;31:*.lz=01;31:*.lzo=01;31:*.xz=01;31:*.zst=01;31:*.tzst=01;31:*.bz2=01;31:*.bz=01;31:*.tbz=01;31:*.tbz2=01;31:*.tz=01;31:*.deb=01;31:*.rpm=01;31:*.jar=01;31:*.war=01;31:*.ear=01;31:*.sar=01;31:*.rar=01;31:*.alz=01;31:*.ace=01;31:*.zoo=01;31:*.cpio=01;31:*.7z=01;31:*.rz=01;31:*.cab=01;31:*.wim=01;31:*.swm=01;31:*.dwm=01;31:*.esd=01;31:*.jpg=01;35:*.jpeg=01;35:*.mjpg=01;35:*.mjpeg=01;35:*.gif=01;35:*.bmp=01;35:*.pbm=01;35:*.pgm=01;35:*.ppm=01;35:*.tga=01;35:*.xbm=01;35:*.xpm=01;35:*.tif=01;35:*.tiff=01;35:*.png=01;35:*.svg=01;35:*.svgz=01;35:*.mng=01;35:*.pcx=01;35:*.mov=01;35:*.mpg=01;35:*.mpeg=01;35:*.m2v=01;35:*.mkv=01;35:*.webm=01;35:*.webp=01;35:*.ogm=01;35:*.mp4=01;35:*.m4v=01;35:*.mp4v=01;35:*.vob=01;35:*.qt=01;35:*.nuv=01;35:*.wmv=01;35:*.asf=01;35:*.rm=01;35:*.rmvb=01;35:*.flc=01;35:*.avi=01;35:*.fli=01;35:*.flv=01;35:*.gl=01;35:*.dl=01;35:*.xcf=01;35:*.xwd=01;35:*.yuv=01;35:*.cgm=01;35:*.emf=01;35:*.ogv=01;35:*.ogx=01;35:*.aac=00;36:*.au=00;36:*.flac=00;36:*.m4a=00;36:*.mid=00;36:*.midi=00;36:*.mka=00;36:*.mp3=00;36:*.mpc=00;36:*.ogg=00;36:*.ra=00;36:*.wav=00;36:*.oga=00;36:*.opus=00;36:*.spx=00;36:*.xspf=00;36:'), ('AMENT_PREFIX_PATH', '/opt/ros/humble'), ('DEBIAN_FRONTEND', 'noninteractive'), ('Torch_DIR', '/ws/libtorch/share/cmake/Torch'), ('PWD', '/ws/build/unitree_hg'), ('LC_ALL', 'C.UTF-8'), ('PYTHONPATH', '/opt/ros/humble/lib/python3.10/site-packages:/opt/ros/humble/local/lib/python3.10/dist-packages'), ('COLCON', '1'), ('CMAKE_PREFIX_PATH', '/ws/libtorch::/opt/ros/humble')]), 'shell': False}
[3.350059] (unitree_legged_real) JobProgress: {'identifier': 'unitree_legged_real', 'progress': 'cmake'}
[3.351640] (unitree_legged_real) JobProgress: {'identifier': 'unitree_legged_real', 'progress': 'build'}
[3.352231] (unitree_legged_real) Command: {'cmd': ['/usr/bin/cmake', '--build', '/ws/build/unitree_legged_real', '--', '-j4', '-l4'], 'cwd': '/ws/build/unitree_legged_real', 'env': OrderedDict([('HOSTNAME', 'pi'), ('SHLVL', '1'), ('LD_LIBRARY_PATH', '/ws/install/unitree_rl_controller/lib:/ws/install/unitree_go/lib:/ws/install/unitree_api/lib:/ws/install/ros2_unitree_legged_msgs/lib:/ws/libtorch/lib:/opt/ros/humble/lib/aarch64-linux-gnu:/opt/ros/humble/lib'), ('HOME', '/root'), ('OLDPWD', '/'), ('ROS_PYTHON_VERSION', '3'), ('ROS_DISTRO', 'humble'), ('_', '/usr/bin/colcon'), ('ROS_VERSION', '2'), ('TERM', 'xterm'), ('ROS_LOCALHOST_ONLY', '0'), ('PATH', '/opt/ros/humble/bin:/usr/local/sbin:/usr/local/bin:/usr/sbin:/usr/bin:/sbin:/bin'), ('LANG', 'C.UTF-8'), ('LS_COLORS', 'rs=0:di=01;34:ln=01;36:mh=00:pi=40;33:so=01;35:do=01;35:bd=40;33;01:cd=40;33;01:or=40;31;01:mi=00:su=37;41:sg=30;43:ca=30;41:tw=30;42:ow=34;42:st=37;44:ex=01;32:*.tar=01;31:*.tgz=01;31:*.arc=01;31:*.arj=01;31:*.taz=01;31:*.lha=01;31:*.lz4=01;31:*.lzh=01;31:*.lzma=01;31:*.tlz=01;31:*.txz=01;31:*.tzo=01;31:*.t7z=01;31:*.zip=01;31:*.z=01;31:*.dz=01;31:*.gz=01;31:*.lrz=01;31:*.lz=01;31:*.lzo=01;31:*.xz=01;31:*.zst=01;31:*.tzst=01;31:*.bz2=01;31:*.bz=01;31:*.tbz=01;31:*.tbz2=01;31:*.tz=01;31:*.deb=01;31:*.rpm=01;31:*.jar=01;31:*.war=01;31:*.ear=01;31:*.sar=01;31:*.rar=01;31:*.alz=01;31:*.ace=01;31:*.zoo=01;31:*.cpio=01;31:*.7z=01;31:*.rz=01;31:*.cab=01;31:*.wim=01;31:*.swm=01;31:*.dwm=01;31:*.esd=01;31:*.jpg=01;35:*.jpeg=01;35:*.mjpg=01;35:*.mjpeg=01;35:*.gif=01;35:*.bmp=01;35:*.pbm=01;35:*.pgm=01;35:*.ppm=01;35:*.tga=01;35:*.xbm=01;35:*.xpm=01;35:*.tif=01;35:*.tiff=01;35:*.png=01;35:*.svg=01;35:*.svgz=01;35:*.mng=01;35:*.pcx=01;35:*.mov=01;35:*.mpg=01;35:*.mpeg=01;35:*.m2v=01;35:*.mkv=01;35:*.webm=01;35:*.webp=01;35:*.ogm=01;35:*.mp4=01;35:*.m4v=01;35:*.mp4v=01;35:*.vob=01;35:*.qt=01;35:*.nuv=01;35:*.wmv=01;35:*.asf=01;35:*.rm=01;35:*.rmvb=01;35:*.flc=01;35:*.avi=01;35:*.fli=01;35:*.flv=01;35:*.gl=01;35:*.dl=01;35:*.xcf=01;35:*.xwd=01;35:*.yuv=01;35:*.cgm=01;35:*.emf=01;35:*.ogv=01;35:*.ogx=01;35:*.aac=00;36:*.au=00;36:*.flac=00;36:*.m4a=00;36:*.mid=00;36:*.midi=00;36:*.mka=00;36:*.mp3=00;36:*.mpc=00;36:*.ogg=00;36:*.ra=00;36:*.wav=00;36:*.oga=00;36:*.opus=00;36:*.spx=00;36:*.xspf=00;36:'), ('AMENT_PREFIX_PATH', '/ws/install/unitree_rl_controller:/ws/install/unitree_go:/ws/install/unitree_api:/ws/install/ros2_unitree_legged_msgs:/opt/ros/humble'), ('DEBIAN_FRONTEND', 'noninteractive'), ('Torch_DIR', '/ws/libtorch/share/cmake/Torch'), ('PWD', '/ws/build/unitree_legged_real'), ('LC_ALL', 'C.UTF-8'), ('PYTHONPATH', '/ws/install/unitree_go/local/lib/python3.10/dist-packages:/ws/install/unitree_api/local/lib/python3.10/dist-packages:/ws/install/ros2_unitree_legged_msgs/local/lib/python3.10/dist-packages:/opt/ros/humble/lib/python3.10/site-packages:/opt/ros/humble/local/lib/python3.10/dist-packages'), ('COLCON', '1'), ('CMAKE_PREFIX_PATH', '/ws/install/unitree_rl_controller:/ws/install/unitree_go:/ws/install/unitree_api:/ws/install/ros2_unitree_legged_msgs:/ws/libtorch:/opt/ros/humble')]), 'shell': False}
[3.364507] (unitree_hg) StdoutLine: {'line': b'-- Install configuration: ""\n'}
[3.365013] (unitree_hg) StdoutLine: {'line': b'-- Up-to-date: /ws/install/unitree_hg/share/ament_index/resource_index/rosidl_interfaces/unitree_hg\n'}
[3.365134] (unitree_hg) StdoutLine: {'line': b'-- Up-to-date: /ws/install/unitree_hg/include/unitree_hg/unitree_hg\n'}
[3.365211] (unitree_hg) StdoutLine: {'line': b'-- Up-to-date: /ws/install/unitree_hg/include/unitree_hg/unitree_hg/msg\n'}
[3.367204] (unitree_hg) StdoutLine: {'line': b'-- Up-to-date: /ws/install/unitree_hg/include/unitree_hg/unitree_hg/msg/low_cmd.h\n'}
[3.367605] (unitree_hg) StdoutLine: {'line': b'-- Up-to-date: /ws/install/unitree_hg/include/unitree_hg/unitree_hg/msg/motor_cmd.h\n'}
[3.367699] (unitree_hg) StdoutLine: {'line': b'-- Up-to-date: /ws/install/unitree_hg/include/unitree_hg/unitree_hg/msg/low_state.h\n'}
[3.367770] (unitree_hg) StdoutLine: {'line': b'-- Up-to-date: /ws/install/unitree_hg/include/unitree_hg/unitree_hg/msg/bms_cmd.h\n'}
[3.367844] (unitree_hg) StdoutLine: {'line': b'-- Up-to-date: /ws/install/unitree_hg/include/unitree_hg/unitree_hg/msg/hand_state.h\n'}
[3.367910] (-) TimerEvent: {}
[3.368062] (unitree_hg) StdoutLine: {'line': b'-- Up-to-date: /ws/install/unitree_hg/include/unitree_hg/unitree_hg/msg/main_board_state.h\n'}
[3.368158] (unitree_hg) StdoutLine: {'line': b'-- Up-to-date: /ws/install/unitree_hg/include/unitree_hg/unitree_hg/msg/motor_state.h\n'}
[3.368246] (unitree_hg) StdoutLine: {'line': b'-- Up-to-date: /ws/install/unitree_hg/include/unitree_hg/unitree_hg/msg/bms_state.h\n'}
[3.368353] (unitree_hg) StdoutLine: {'line': b'-- Up-to-date: /ws/install/unitree_hg/include/unitree_hg/unitree_hg/msg/rosidl_generator_c__visibility_control.h\n'}
[3.368431] (unitree_hg) StdoutLine: {'line': b'-- Up-to-date: /ws/install/unitree_hg/include/unitree_hg/unitree_hg/msg/imu_state.h\n'}
[3.368549] (unitree_hg) StdoutLine: {'line': b'-- Up-to-date: /ws/install/unitree_hg/include/unitree_hg/unitree_hg/msg/hand_cmd.h\n'}
[3.368634] (unitree_hg) StdoutLine: {'line': b'-- Up-to-date: /ws/install/unitree_hg/include/unitree_hg/unitree_hg/msg/detail\n'}
[3.368707] (unitree_hg) StdoutLine: {'line': b'-- Up-to-date: /ws/install/unitree_hg/include/unitree_hg/unitree_hg/msg/detail/motor_state__struct.h\n'}
[3.368773] (unitree_hg) StdoutLine: {'line': b'-- Up-to-date: /ws/install/unitree_hg/include/unitree_hg/unitree_hg/msg/detail/main_board_state__type_support.h\n'}
[3.368858] (unitree_hg) StdoutLine: {'line': b'-- Up-to-date: /ws/install/unitree_hg/include/unitree_hg/unitree_hg/msg/detail/press_sensor_state__type_support.h\n'}
[3.368927] (unitree_hg) StdoutLine: {'line': b'-- Up-to-date: /ws/install/unitree_hg/include/unitree_hg/unitree_hg/msg/detail/press_sensor_state__functions.h\n'}
[3.368996] (unitree_hg) StdoutLine: {'line': b'-- Up-to-date: /ws/install/unitree_hg/include/unitree_hg/unitree_hg/msg/detail/press_sensor_state__struct.h\n'}
[3.369092] (unitree_hg) StdoutLine: {'line': b'-- Up-to-date: /ws/install/unitree_hg/include/unitree_hg/unitree_hg/msg/detail/hand_cmd__functions.c\n'}
[3.369159] (unitree_hg) StdoutLine: {'line': b'-- Up-to-date: /ws/install/unitree_hg/include/unitree_hg/unitree_hg/msg/detail/main_board_state__struct.h\n'}
[3.369222] (unitree_hg) StdoutLine: {'line': b'-- Up-to-date: /ws/install/unitree_hg/include/unitree_hg/unitree_hg/msg/detail/low_state__type_support.h\n'}
[3.369284] (unitree_hg) StdoutLine: {'line': b'-- Up-to-date: /ws/install/unitree_hg/include/unitree_hg/unitree_hg/msg/detail/low_cmd__struct.h\n'}
[3.369351] (unitree_hg) StdoutLine: {'line': b'-- Up-to-date: /ws/install/unitree_hg/include/unitree_hg/unitree_hg/msg/detail/bms_state__struct.h\n'}
[3.369416] (unitree_hg) StdoutLine: {'line': b'-- Up-to-date: /ws/install/unitree_hg/include/unitree_hg/unitree_hg/msg/detail/motor_state__functions.h\n'}
[3.369502] (unitree_hg) StdoutLine: {'line': b'-- Up-to-date: /ws/install/unitree_hg/include/unitree_hg/unitree_hg/msg/detail/hand_state__functions.h\n'}
[3.369582] (unitree_hg) StdoutLine: {'line': b'-- Up-to-date: /ws/install/unitree_hg/include/unitree_hg/unitree_hg/msg/detail/low_state__functions.h\n'}
[3.369651] (unitree_hg) StdoutLine: {'line': b'-- Up-to-date: /ws/install/unitree_hg/include/unitree_hg/unitree_hg/msg/detail/hand_cmd__functions.h\n'}
[3.369716] (unitree_hg) StdoutLine: {'line': b'-- Up-to-date: /ws/install/unitree_hg/include/unitree_hg/unitree_hg/msg/detail/hand_state__struct.h\n'}
[3.369779] (unitree_hg) StdoutLine: {'line': b'-- Up-to-date: /ws/install/unitree_hg/include/unitree_hg/unitree_hg/msg/detail/bms_state__functions.h\n'}
[3.369846] (unitree_hg) StdoutLine: {'line': b'-- Up-to-date: /ws/install/unitree_hg/include/unitree_hg/unitree_hg/msg/detail/motor_cmd__functions.c\n'}
[3.369914] (unitree_hg) StdoutLine: {'line': b'-- Up-to-date: /ws/install/unitree_hg/include/unitree_hg/unitree_hg/msg/detail/low_state__struct.h\n'}
[3.369995] (unitree_hg) StdoutLine: {'line': b'-- Up-to-date: /ws/install/unitree_hg/include/unitree_hg/unitree_hg/msg/detail/low_cmd__functions.h\n'}
[3.370073] (unitree_hg) StdoutLine: {'line': b'-- Up-to-date: /ws/install/unitree_hg/include/unitree_hg/unitree_hg/msg/detail/main_board_state__functions.h\n'}
[3.370151] (unitree_hg) StdoutLine: {'line': b'-- Up-to-date: /ws/install/unitree_hg/include/unitree_hg/unitree_hg/msg/detail/imu_state__type_support.h\n'}
[3.370228] (unitree_hg) StdoutLine: {'line': b'-- Up-to-date: /ws/install/unitree_hg/include/unitree_hg/unitree_hg/msg/detail/bms_cmd__type_support.h\n'}
[3.370305] (unitree_hg) StdoutLine: {'line': b'-- Up-to-date: /ws/install/unitree_hg/include/unitree_hg/unitree_hg/msg/detail/low_cmd__type_support.h\n'}
[3.370376] (unitree_hg) StdoutLine: {'line': b'-- Up-to-date: /ws/install/unitree_hg/include/unitree_hg/unitree_hg/msg/detail/bms_cmd__functions.c\n'}
[3.370444] (unitree_hg) StdoutLine: {'line': b'-- Up-to-date: /ws/install/unitree_hg/include/unitree_hg/unitree_hg/msg/detail/bms_cmd__functions.h\n'}
[3.370975] (unitree_hg) StdoutLine: {'line': b'-- Up-to-date: /ws/install/unitree_hg/include/unitree_hg/unitree_hg/msg/detail/low_state__functions.c\n'}
[3.371225] (unitree_hg) StdoutLine: {'line': b'-- Up-to-date: /ws/install/unitree_hg/include/unitree_hg/unitree_hg/msg/detail/hand_cmd__struct.h\n'}
[3.371442] (unitree_hg) StdoutLine: {'line': b'-- Up-to-date: /ws/install/unitree_hg/include/unitree_hg/unitree_hg/msg/detail/hand_cmd__type_support.h\n'}
[3.377211] (unitree_hg) StdoutLine: {'line': b'-- Up-to-date: /ws/install/unitree_hg/include/unitree_hg/unitree_hg/msg/detail/motor_cmd__struct.h\n'}
[3.379894] (unitree_hg) StdoutLine: {'line': b'-- Up-to-date: /ws/install/unitree_hg/include/unitree_hg/unitree_hg/msg/detail/imu_state__functions.h\n'}
[3.381559] (unitree_hg) StdoutLine: {'line': b'-- Up-to-date: /ws/install/unitree_hg/include/unitree_hg/unitree_hg/msg/detail/bms_cmd__struct.h\n'}
[3.384419] (unitree_hg) StdoutLine: {'line': b'-- Up-to-date: /ws/install/unitree_hg/include/unitree_hg/unitree_hg/msg/detail/press_sensor_state__functions.c\n'}
[3.384551] (unitree_hg) StdoutLine: {'line': b'-- Up-to-date: /ws/install/unitree_hg/include/unitree_hg/unitree_hg/msg/detail/imu_state__functions.c\n'}
[3.384656] (unitree_hg) StdoutLine: {'line': b'-- Up-to-date: /ws/install/unitree_hg/include/unitree_hg/unitree_hg/msg/detail/bms_state__functions.c\n'}
[3.384729] (unitree_hg) StdoutLine: {'line': b'-- Up-to-date: /ws/install/unitree_hg/include/unitree_hg/unitree_hg/msg/detail/hand_state__type_support.h\n'}
[3.384797] (unitree_hg) StdoutLine: {'line': b'-- Up-to-date: /ws/install/unitree_hg/include/unitree_hg/unitree_hg/msg/detail/motor_state__functions.c\n'}
[3.384874] (unitree_hg) StdoutLine: {'line': b'-- Up-to-date: /ws/install/unitree_hg/include/unitree_hg/unitree_hg/msg/detail/low_cmd__functions.c\n'}
[3.384953] (unitree_hg) StdoutLine: {'line': b'-- Up-to-date: /ws/install/unitree_hg/include/unitree_hg/unitree_hg/msg/detail/hand_state__functions.c\n'}
[3.385032] (unitree_hg) StdoutLine: {'line': b'-- Up-to-date: /ws/install/unitree_hg/include/unitree_hg/unitree_hg/msg/detail/main_board_state__functions.c\n'}
[3.385118] (unitree_hg) StdoutLine: {'line': b'-- Up-to-date: /ws/install/unitree_hg/include/unitree_hg/unitree_hg/msg/detail/motor_cmd__type_support.h\n'}
[3.385191] (unitree_hg) StdoutLine: {'line': b'-- Up-to-date: /ws/install/unitree_hg/include/unitree_hg/unitree_hg/msg/detail/imu_state__struct.h\n'}
[3.385271] (unitree_hg) StdoutLine: {'line': b'-- Up-to-date: /ws/install/unitree_hg/include/unitree_hg/unitree_hg/msg/detail/motor_cmd__functions.h\n'}
[3.385348] (unitree_hg) StdoutLine: {'line': b'-- Up-to-date: /ws/install/unitree_hg/include/unitree_hg/unitree_hg/msg/detail/motor_state__type_support.h\n'}
[3.385885] (unitree_hg) StdoutLine: {'line': b'-- Up-to-date: /ws/install/unitree_hg/include/unitree_hg/unitree_hg/msg/detail/bms_state__type_support.h\n'}
[3.386099] (unitree_hg) StdoutLine: {'line': b'-- Up-to-date: /ws/install/unitree_hg/include/unitree_hg/unitree_hg/msg/press_sensor_state.h\n'}
[3.386268] (unitree_hg) StdoutLine: {'line': b'-- Up-to-date: /ws/install/unitree_hg/share/unitree_hg/environment/library_path.sh\n'}
[3.386365] (unitree_hg) StdoutLine: {'line': b'-- Up-to-date: /ws/install/unitree_hg/share/unitree_hg/environment/library_path.dsv\n'}
[3.386452] (unitree_hg) StdoutLine: {'line': b'-- Up-to-date: /ws/install/unitree_hg/lib/libunitree_hg__rosidl_generator_c.so\n'}
[3.386585] (unitree_hg) StdoutLine: {'line': b'-- Up-to-date: /ws/install/unitree_hg/include/unitree_hg/unitree_hg\n'}
[3.386730] (unitree_hg) StdoutLine: {'line': b'-- Up-to-date: /ws/install/unitree_hg/include/unitree_hg/unitree_hg/msg\n'}
[3.386852] (unitree_hg) StdoutLine: {'line': b'-- Up-to-date: /ws/install/unitree_hg/include/unitree_hg/unitree_hg/msg/rosidl_typesupport_fastrtps_c__visibility_control.h\n'}
[3.386937] (unitree_hg) StdoutLine: {'line': b'-- Up-to-date: /ws/install/unitree_hg/include/unitree_hg/unitree_hg/msg/detail\n'}
[3.387012] (unitree_hg) StdoutLine: {'line': b'-- Up-to-date: /ws/install/unitree_hg/include/unitree_hg/unitree_hg/msg/detail/motor_state__rosidl_typesupport_fastrtps_c.h\n'}
[3.387091] (unitree_hg) StdoutLine: {'line': b'-- Up-to-date: /ws/install/unitree_hg/include/unitree_hg/unitree_hg/msg/detail/hand_state__rosidl_typesupport_fastrtps_c.h\n'}
[3.387160] (unitree_hg) StdoutLine: {'line': b'-- Up-to-date: /ws/install/unitree_hg/include/unitree_hg/unitree_hg/msg/detail/main_board_state__rosidl_typesupport_fastrtps_c.h\n'}
[3.387238] (unitree_hg) StdoutLine: {'line': b'-- Up-to-date: /ws/install/unitree_hg/include/unitree_hg/unitree_hg/msg/detail/low_state__rosidl_typesupport_fastrtps_c.h\n'}
[3.387348] (unitree_hg) StdoutLine: {'line': b'-- Up-to-date: /ws/install/unitree_hg/include/unitree_hg/unitree_hg/msg/detail/bms_cmd__rosidl_typesupport_fastrtps_c.h\n'}
[3.387422] (unitree_hg) StdoutLine: {'line': b'-- Up-to-date: /ws/install/unitree_hg/include/unitree_hg/unitree_hg/msg/detail/hand_cmd__rosidl_typesupport_fastrtps_c.h\n'}
[3.387545] (unitree_hg) StdoutLine: {'line': b'-- Up-to-date: /ws/install/unitree_hg/include/unitree_hg/unitree_hg/msg/detail/press_sensor_state__rosidl_typesupport_fastrtps_c.h\n'}
[3.387685] (unitree_hg) StdoutLine: {'line': b'-- Up-to-date: /ws/install/unitree_hg/include/unitree_hg/unitree_hg/msg/detail/motor_cmd__rosidl_typesupport_fastrtps_c.h\n'}
[3.387859] (unitree_hg) StdoutLine: {'line': b'-- Up-to-date: /ws/install/unitree_hg/include/unitree_hg/unitree_hg/msg/detail/low_cmd__rosidl_typesupport_fastrtps_c.h\n'}
[3.388046] (unitree_hg) StdoutLine: {'line': b'-- Up-to-date: /ws/install/unitree_hg/include/unitree_hg/unitree_hg/msg/detail/bms_state__rosidl_typesupport_fastrtps_c.h\n'}
[3.388156] (unitree_hg) StdoutLine: {'line': b'-- Up-to-date: /ws/install/unitree_hg/include/unitree_hg/unitree_hg/msg/detail/imu_state__rosidl_typesupport_fastrtps_c.h\n'}
[3.388227] (unitree_hg) StdoutLine: {'line': b'-- Up-to-date: /ws/install/unitree_hg/lib/libunitree_hg__rosidl_typesupport_fastrtps_c.so\n'}
[3.388339] (unitree_hg) StdoutLine: {'line': b'-- Up-to-date: /ws/install/unitree_hg/include/unitree_hg/unitree_hg\n'}
[3.388423] (unitree_hg) StdoutLine: {'line': b'-- Up-to-date: /ws/install/unitree_hg/include/unitree_hg/unitree_hg/msg\n'}
[3.388526] (unitree_hg) StdoutLine: {'line': b'-- Up-to-date: /ws/install/unitree_hg/include/unitree_hg/unitree_hg/msg/rosidl_generator_cpp__visibility_control.hpp\n'}
[3.388621] (unitree_hg) StdoutLine: {'line': b'-- Up-to-date: /ws/install/unitree_hg/include/unitree_hg/unitree_hg/msg/imu_state.hpp\n'}
[3.388705] (unitree_hg) StdoutLine: {'line': b'-- Up-to-date: /ws/install/unitree_hg/include/unitree_hg/unitree_hg/msg/motor_cmd.hpp\n'}
[3.388782] (unitree_hg) StdoutLine: {'line': b'-- Up-to-date: /ws/install/unitree_hg/include/unitree_hg/unitree_hg/msg/main_board_state.hpp\n'}
[3.388885] (unitree_hg) StdoutLine: {'line': b'-- Up-to-date: /ws/install/unitree_hg/include/unitree_hg/unitree_hg/msg/motor_state.hpp\n'}
[3.388971] (unitree_hg) StdoutLine: {'line': b'-- Up-to-date: /ws/install/unitree_hg/include/unitree_hg/unitree_hg/msg/bms_cmd.hpp\n'}
[3.389051] (unitree_hg) StdoutLine: {'line': b'-- Up-to-date: /ws/install/unitree_hg/include/unitree_hg/unitree_hg/msg/low_cmd.hpp\n'}
[3.389161] (unitree_hg) StdoutLine: {'line': b'-- Up-to-date: /ws/install/unitree_hg/include/unitree_hg/unitree_hg/msg/low_state.hpp\n'}
[3.389305] (unitree_hg) StdoutLine: {'line': b'-- Up-to-date: /ws/install/unitree_hg/include/unitree_hg/unitree_hg/msg/press_sensor_state.hpp\n'}
[3.389445] (unitree_hg) StdoutLine: {'line': b'-- Up-to-date: /ws/install/unitree_hg/include/unitree_hg/unitree_hg/msg/hand_state.hpp\n'}
[3.389702] (unitree_hg) StdoutLine: {'line': b'-- Up-to-date: /ws/install/unitree_hg/include/unitree_hg/unitree_hg/msg/bms_state.hpp\n'}
[3.389876] (unitree_hg) StdoutLine: {'line': b'-- Up-to-date: /ws/install/unitree_hg/include/unitree_hg/unitree_hg/msg/detail\n'}
[3.389968] (unitree_hg) StdoutLine: {'line': b'-- Up-to-date: /ws/install/unitree_hg/include/unitree_hg/unitree_hg/msg/detail/imu_state__type_support.hpp\n'}
[3.390047] (unitree_hg) StdoutLine: {'line': b'-- Up-to-date: /ws/install/unitree_hg/include/unitree_hg/unitree_hg/msg/detail/bms_state__traits.hpp\n'}
[3.390119] (unitree_hg) StdoutLine: {'line': b'-- Up-to-date: /ws/install/unitree_hg/include/unitree_hg/unitree_hg/msg/detail/bms_cmd__struct.hpp\n'}
[3.390205] (unitree_hg) StdoutLine: {'line': b'-- Up-to-date: /ws/install/unitree_hg/include/unitree_hg/unitree_hg/msg/detail/hand_cmd__struct.hpp\n'}
[3.390285] (unitree_hg) StdoutLine: {'line': b'-- Up-to-date: /ws/install/unitree_hg/include/unitree_hg/unitree_hg/msg/detail/hand_state__type_support.hpp\n'}
[3.390398] (unitree_hg) StdoutLine: {'line': b'-- Up-to-date: /ws/install/unitree_hg/include/unitree_hg/unitree_hg/msg/detail/motor_state__traits.hpp\n'}
[3.390488] (unitree_hg) StdoutLine: {'line': b'-- Up-to-date: /ws/install/unitree_hg/include/unitree_hg/unitree_hg/msg/detail/main_board_state__type_support.hpp\n'}
[3.390597] (unitree_hg) StdoutLine: {'line': b'-- Up-to-date: /ws/install/unitree_hg/include/unitree_hg/unitree_hg/msg/detail/bms_cmd__traits.hpp\n'}
[3.390716] (unitree_hg) StdoutLine: {'line': b'-- Up-to-date: /ws/install/unitree_hg/include/unitree_hg/unitree_hg/msg/detail/imu_state__builder.hpp\n'}
[3.390806] (unitree_hg) StdoutLine: {'line': b'-- Up-to-date: /ws/install/unitree_hg/include/unitree_hg/unitree_hg/msg/detail/bms_state__type_support.hpp\n'}
[3.390882] (unitree_hg) StdoutLine: {'line': b'-- Up-to-date: /ws/install/unitree_hg/include/unitree_hg/unitree_hg/msg/detail/bms_state__builder.hpp\n'}
[3.390955] (unitree_hg) StdoutLine: {'line': b'-- Up-to-date: /ws/install/unitree_hg/include/unitree_hg/unitree_hg/msg/detail/imu_state__traits.hpp\n'}
[3.391059] (unitree_hg) StdoutLine: {'line': b'-- Up-to-date: /ws/install/unitree_hg/include/unitree_hg/unitree_hg/msg/detail/bms_cmd__type_support.hpp\n'}
[3.391167] (unitree_hg) StdoutLine: {'line': b'-- Up-to-date: /ws/install/unitree_hg/include/unitree_hg/unitree_hg/msg/detail/hand_cmd__traits.hpp\n'}
[3.391248] (unitree_hg) StdoutLine: {'line': b'-- Up-to-date: /ws/install/unitree_hg/include/unitree_hg/unitree_hg/msg/detail/bms_cmd__builder.hpp\n'}
[3.391322] (unitree_hg) StdoutLine: {'line': b'-- Up-to-date: /ws/install/unitree_hg/include/unitree_hg/unitree_hg/msg/detail/low_cmd__builder.hpp\n'}
[3.391542] (unitree_hg) StdoutLine: {'line': b'-- Up-to-date: /ws/install/unitree_hg/include/unitree_hg/unitree_hg/msg/detail/bms_state__struct.hpp\n'}
[3.391656] (unitree_hg) StdoutLine: {'line': b'-- Up-to-date: /ws/install/unitree_hg/include/unitree_hg/unitree_hg/msg/detail/press_sensor_state__builder.hpp\n'}
[3.391735] (unitree_hg) StdoutLine: {'line': b'-- Up-to-date: /ws/install/unitree_hg/include/unitree_hg/unitree_hg/msg/detail/press_sensor_state__type_support.hpp\n'}
[3.391807] (unitree_hg) StdoutLine: {'line': b'-- Up-to-date: /ws/install/unitree_hg/include/unitree_hg/unitree_hg/msg/detail/low_state__builder.hpp\n'}
[3.391882] (unitree_hg) StdoutLine: {'line': b'-- Up-to-date: /ws/install/unitree_hg/include/unitree_hg/unitree_hg/msg/detail/motor_cmd__traits.hpp\n'}
[3.391952] (unitree_hg) StdoutLine: {'line': b'-- Up-to-date: /ws/install/unitree_hg/include/unitree_hg/unitree_hg/msg/detail/imu_state__struct.hpp\n'}
[3.392025] (unitree_hg) StdoutLine: {'line': b'-- Up-to-date: /ws/install/unitree_hg/include/unitree_hg/unitree_hg/msg/detail/hand_state__traits.hpp\n'}
[3.392098] (unitree_hg) StdoutLine: {'line': b'-- Up-to-date: /ws/install/unitree_hg/include/unitree_hg/unitree_hg/msg/detail/hand_cmd__type_support.hpp\n'}
[3.392180] (unitree_hg) StdoutLine: {'line': b'-- Up-to-date: /ws/install/unitree_hg/include/unitree_hg/unitree_hg/msg/detail/motor_state__struct.hpp\n'}
[3.392254] (unitree_hg) StdoutLine: {'line': b'-- Up-to-date: /ws/install/unitree_hg/include/unitree_hg/unitree_hg/msg/detail/motor_state__builder.hpp\n'}
[3.392322] (unitree_hg) StdoutLine: {'line': b'-- Up-to-date: /ws/install/unitree_hg/include/unitree_hg/unitree_hg/msg/detail/low_cmd__type_support.hpp\n'}
[3.392391] (unitree_hg) StdoutLine: {'line': b'-- Up-to-date: /ws/install/unitree_hg/include/unitree_hg/unitree_hg/msg/detail/low_cmd__struct.hpp\n'}
[3.392461] (unitree_hg) StdoutLine: {'line': b'-- Up-to-date: /ws/install/unitree_hg/include/unitree_hg/unitree_hg/msg/detail/main_board_state__struct.hpp\n'}
[3.392590] (unitree_hg) StdoutLine: {'line': b'-- Up-to-date: /ws/install/unitree_hg/include/unitree_hg/unitree_hg/msg/detail/hand_cmd__builder.hpp\n'}
[3.392663] (unitree_hg) StdoutLine: {'line': b'-- Up-to-date: /ws/install/unitree_hg/include/unitree_hg/unitree_hg/msg/detail/low_cmd__traits.hpp\n'}
[3.392742] (unitree_hg) StdoutLine: {'line': b'-- Up-to-date: /ws/install/unitree_hg/include/unitree_hg/unitree_hg/msg/detail/press_sensor_state__traits.hpp\n'}
[3.392808] (unitree_hg) StdoutLine: {'line': b'-- Up-to-date: /ws/install/unitree_hg/include/unitree_hg/unitree_hg/msg/detail/press_sensor_state__struct.hpp\n'}
[3.392873] (unitree_hg) StdoutLine: {'line': b'-- Up-to-date: /ws/install/unitree_hg/include/unitree_hg/unitree_hg/msg/detail/low_state__struct.hpp\n'}
[3.392940] (unitree_hg) StdoutLine: {'line': b'-- Up-to-date: /ws/install/unitree_hg/include/unitree_hg/unitree_hg/msg/detail/motor_cmd__builder.hpp\n'}
[3.393005] (unitree_hg) StdoutLine: {'line': b'-- Up-to-date: /ws/install/unitree_hg/include/unitree_hg/unitree_hg/msg/detail/main_board_state__builder.hpp\n'}
[3.393077] (unitree_hg) StdoutLine: {'line': b'-- Up-to-date: /ws/install/unitree_hg/include/unitree_hg/unitree_hg/msg/detail/hand_state__struct.hpp\n'}
[3.393148] (unitree_hg) StdoutLine: {'line': b'-- Up-to-date: /ws/install/unitree_hg/include/unitree_hg/unitree_hg/msg/detail/motor_cmd__struct.hpp\n'}
[3.393218] (unitree_hg) StdoutLine: {'line': b'-- Up-to-date: /ws/install/unitree_hg/include/unitree_hg/unitree_hg/msg/detail/low_state__type_support.hpp\n'}
[3.393290] (unitree_hg) StdoutLine: {'line': b'-- Up-to-date: /ws/install/unitree_hg/include/unitree_hg/unitree_hg/msg/detail/main_board_state__traits.hpp\n'}
[3.393360] (unitree_hg) StdoutLine: {'line': b'-- Up-to-date: /ws/install/unitree_hg/include/unitree_hg/unitree_hg/msg/detail/motor_state__type_support.hpp\n'}
[3.393429] (unitree_hg) StdoutLine: {'line': b'-- Up-to-date: /ws/install/unitree_hg/include/unitree_hg/unitree_hg/msg/detail/low_state__traits.hpp\n'}
[3.393522] (unitree_hg) StdoutLine: {'line': b'-- Up-to-date: /ws/install/unitree_hg/include/unitree_hg/unitree_hg/msg/detail/motor_cmd__type_support.hpp\n'}
[3.393601] (unitree_hg) StdoutLine: {'line': b'-- Up-to-date: /ws/install/unitree_hg/include/unitree_hg/unitree_hg/msg/detail/hand_state__builder.hpp\n'}
[3.393667] (unitree_hg) StdoutLine: {'line': b'-- Up-to-date: /ws/install/unitree_hg/include/unitree_hg/unitree_hg/msg/hand_cmd.hpp\n'}
[3.393737] (unitree_hg) StdoutLine: {'line': b'-- Up-to-date: /ws/install/unitree_hg/include/unitree_hg/unitree_hg\n'}
[3.393811] (unitree_hg) StdoutLine: {'line': b'-- Up-to-date: /ws/install/unitree_hg/include/unitree_hg/unitree_hg/msg\n'}
[3.393881] (unitree_hg) StdoutLine: {'line': b'-- Up-to-date: /ws/install/unitree_hg/include/unitree_hg/unitree_hg/msg/rosidl_typesupport_fastrtps_cpp__visibility_control.h\n'}
[3.393976] (unitree_hg) StdoutLine: {'line': b'-- Up-to-date: /ws/install/unitree_hg/include/unitree_hg/unitree_hg/msg/detail\n'}
[3.394043] (unitree_hg) StdoutLine: {'line': b'-- Up-to-date: /ws/install/unitree_hg/include/unitree_hg/unitree_hg/msg/detail/bms_state__rosidl_typesupport_fastrtps_cpp.hpp\n'}
[3.394114] (unitree_hg) StdoutLine: {'line': b'-- Up-to-date: /ws/install/unitree_hg/include/unitree_hg/unitree_hg/msg/detail/low_state__rosidl_typesupport_fastrtps_cpp.hpp\n'}
[3.394183] (unitree_hg) StdoutLine: {'line': b'-- Up-to-date: /ws/install/unitree_hg/include/unitree_hg/unitree_hg/msg/detail/motor_cmd__rosidl_typesupport_fastrtps_cpp.hpp\n'}
[3.394249] (unitree_hg) StdoutLine: {'line': b'-- Up-to-date: /ws/install/unitree_hg/include/unitree_hg/unitree_hg/msg/detail/hand_state__rosidl_typesupport_fastrtps_cpp.hpp\n'}
[3.394317] (unitree_hg) StdoutLine: {'line': b'-- Up-to-date: /ws/install/unitree_hg/include/unitree_hg/unitree_hg/msg/detail/motor_state__rosidl_typesupport_fastrtps_cpp.hpp\n'}
[3.394384] (unitree_hg) StdoutLine: {'line': b'-- Up-to-date: /ws/install/unitree_hg/include/unitree_hg/unitree_hg/msg/detail/main_board_state__rosidl_typesupport_fastrtps_cpp.hpp\n'}
[3.394449] (unitree_hg) StdoutLine: {'line': b'-- Up-to-date: /ws/install/unitree_hg/include/unitree_hg/unitree_hg/msg/detail/dds_fastrtps\n'}
[3.394538] (unitree_hg) StdoutLine: {'line': b'-- Up-to-date: /ws/install/unitree_hg/include/unitree_hg/unitree_hg/msg/detail/imu_state__rosidl_typesupport_fastrtps_cpp.hpp\n'}
[3.394623] (unitree_hg) StdoutLine: {'line': b'-- Up-to-date: /ws/install/unitree_hg/include/unitree_hg/unitree_hg/msg/detail/bms_cmd__rosidl_typesupport_fastrtps_cpp.hpp\n'}
[3.394689] (unitree_hg) StdoutLine: {'line': b'-- Up-to-date: /ws/install/unitree_hg/include/unitree_hg/unitree_hg/msg/detail/press_sensor_state__rosidl_typesupport_fastrtps_cpp.hpp\n'}
[3.394753] (unitree_hg) StdoutLine: {'line': b'-- Up-to-date: /ws/install/unitree_hg/include/unitree_hg/unitree_hg/msg/detail/low_cmd__rosidl_typesupport_fastrtps_cpp.hpp\n'}
[3.394816] (unitree_hg) StdoutLine: {'line': b'-- Up-to-date: /ws/install/unitree_hg/include/unitree_hg/unitree_hg/msg/detail/hand_cmd__rosidl_typesupport_fastrtps_cpp.hpp\n'}
[3.394881] (unitree_hg) StdoutLine: {'line': b'-- Up-to-date: /ws/install/unitree_hg/lib/libunitree_hg__rosidl_typesupport_fastrtps_cpp.so\n'}
[3.394945] (unitree_hg) StdoutLine: {'line': b'-- Up-to-date: /ws/install/unitree_hg/include/unitree_hg/unitree_hg\n'}
[3.395010] (unitree_hg) StdoutLine: {'line': b'-- Up-to-date: /ws/install/unitree_hg/include/unitree_hg/unitree_hg/msg\n'}
[3.395075] (unitree_hg) StdoutLine: {'line': b'-- Up-to-date: /ws/install/unitree_hg/include/unitree_hg/unitree_hg/msg/rosidl_typesupport_introspection_c__visibility_control.h\n'}
[3.395155] (unitree_hg) StdoutLine: {'line': b'-- Up-to-date: /ws/install/unitree_hg/include/unitree_hg/unitree_hg/msg/detail\n'}
[3.395224] (unitree_hg) StdoutLine: {'line': b'-- Up-to-date: /ws/install/unitree_hg/include/unitree_hg/unitree_hg/msg/detail/press_sensor_state__type_support.c\n'}
[3.395289] (unitree_hg) StdoutLine: {'line': b'-- Up-to-date: /ws/install/unitree_hg/include/unitree_hg/unitree_hg/msg/detail/press_sensor_state__rosidl_typesupport_introspection_c.h\n'}
[3.395354] (unitree_hg) StdoutLine: {'line': b'-- Up-to-date: /ws/install/unitree_hg/include/unitree_hg/unitree_hg/msg/detail/main_board_state__rosidl_typesupport_introspection_c.h\n'}
[3.395418] (unitree_hg) StdoutLine: {'line': b'-- Up-to-date: /ws/install/unitree_hg/include/unitree_hg/unitree_hg/msg/detail/main_board_state__type_support.c\n'}
[3.395500] (unitree_hg) StdoutLine: {'line': b'-- Up-to-date: /ws/install/unitree_hg/include/unitree_hg/unitree_hg/msg/detail/hand_state__type_support.c\n'}
[3.395572] (unitree_hg) StdoutLine: {'line': b'-- Up-to-date: /ws/install/unitree_hg/include/unitree_hg/unitree_hg/msg/detail/bms_cmd__rosidl_typesupport_introspection_c.h\n'}
[3.395641] (unitree_hg) StdoutLine: {'line': b'-- Up-to-date: /ws/install/unitree_hg/include/unitree_hg/unitree_hg/msg/detail/imu_state__type_support.c\n'}
[3.395704] (unitree_hg) StdoutLine: {'line': b'-- Up-to-date: /ws/install/unitree_hg/include/unitree_hg/unitree_hg/msg/detail/imu_state__rosidl_typesupport_introspection_c.h\n'}
[3.395770] (unitree_hg) StdoutLine: {'line': b'-- Up-to-date: /ws/install/unitree_hg/include/unitree_hg/unitree_hg/msg/detail/hand_state__rosidl_typesupport_introspection_c.h\n'}
[3.395904] (unitree_hg) StdoutLine: {'line': b'-- Up-to-date: /ws/install/unitree_hg/include/unitree_hg/unitree_hg/msg/detail/hand_cmd__rosidl_typesupport_introspection_c.h\n'}
[3.395981] (unitree_hg) StdoutLine: {'line': b'-- Up-to-date: /ws/install/unitree_hg/include/unitree_hg/unitree_hg/msg/detail/low_cmd__rosidl_typesupport_introspection_c.h\n'}
[3.396053] (unitree_hg) StdoutLine: {'line': b'-- Up-to-date: /ws/install/unitree_hg/include/unitree_hg/unitree_hg/msg/detail/low_state__type_support.c\n'}
[3.396121] (unitree_hg) StdoutLine: {'line': b'-- Up-to-date: /ws/install/unitree_hg/include/unitree_hg/unitree_hg/msg/detail/bms_state__rosidl_typesupport_introspection_c.h\n'}
[3.396192] (unitree_hg) StdoutLine: {'line': b'-- Up-to-date: /ws/install/unitree_hg/include/unitree_hg/unitree_hg/msg/detail/motor_cmd__type_support.c\n'}
[3.396258] (unitree_hg) StdoutLine: {'line': b'-- Up-to-date: /ws/install/unitree_hg/include/unitree_hg/unitree_hg/msg/detail/low_cmd__type_support.c\n'}
[3.396322] (unitree_hg) StdoutLine: {'line': b'-- Up-to-date: /ws/install/unitree_hg/include/unitree_hg/unitree_hg/msg/detail/bms_state__type_support.c\n'}
[3.396416] (unitree_hg) StdoutLine: {'line': b'-- Up-to-date: /ws/install/unitree_hg/include/unitree_hg/unitree_hg/msg/detail/motor_state__type_support.c\n'}
[3.396519] (unitree_hg) StdoutLine: {'line': b'-- Up-to-date: /ws/install/unitree_hg/include/unitree_hg/unitree_hg/msg/detail/bms_cmd__type_support.c\n'}
[3.396622] (unitree_hg) StdoutLine: {'line': b'-- Up-to-date: /ws/install/unitree_hg/include/unitree_hg/unitree_hg/msg/detail/motor_state__rosidl_typesupport_introspection_c.h\n'}
[3.396692] (unitree_hg) StdoutLine: {'line': b'-- Up-to-date: /ws/install/unitree_hg/include/unitree_hg/unitree_hg/msg/detail/motor_cmd__rosidl_typesupport_introspection_c.h\n'}
[3.396757] (unitree_hg) StdoutLine: {'line': b'-- Up-to-date: /ws/install/unitree_hg/include/unitree_hg/unitree_hg/msg/detail/low_state__rosidl_typesupport_introspection_c.h\n'}
[3.396823] (unitree_hg) StdoutLine: {'line': b'-- Up-to-date: /ws/install/unitree_hg/include/unitree_hg/unitree_hg/msg/detail/hand_cmd__type_support.c\n'}
[3.396890] (unitree_hg) StdoutLine: {'line': b'-- Up-to-date: /ws/install/unitree_hg/lib/libunitree_hg__rosidl_typesupport_introspection_c.so\n'}
[3.396953] (unitree_hg) StdoutLine: {'line': b'-- Up-to-date: /ws/install/unitree_hg/lib/libunitree_hg__rosidl_typesupport_c.so\n'}
[3.397024] (unitree_hg) StdoutLine: {'line': b'-- Up-to-date: /ws/install/unitree_hg/include/unitree_hg/unitree_hg\n'}
[3.397094] (unitree_hg) StdoutLine: {'line': b'-- Up-to-date: /ws/install/unitree_hg/include/unitree_hg/unitree_hg/msg\n'}
[3.397169] (unitree_hg) StdoutLine: {'line': b'-- Up-to-date: /ws/install/unitree_hg/include/unitree_hg/unitree_hg/msg/detail\n'}
[3.397249] (unitree_hg) StdoutLine: {'line': b'-- Up-to-date: /ws/install/unitree_hg/include/unitree_hg/unitree_hg/msg/detail/low_state__type_support.cpp\n'}
[3.397320] (unitree_hg) StdoutLine: {'line': b'-- Up-to-date: /ws/install/unitree_hg/include/unitree_hg/unitree_hg/msg/detail/hand_state__type_support.cpp\n'}
[3.397388] (unitree_hg) StdoutLine: {'line': b'-- Up-to-date: /ws/install/unitree_hg/include/unitree_hg/unitree_hg/msg/detail/bms_state__rosidl_typesupport_introspection_cpp.hpp\n'}
[3.397458] (unitree_hg) StdoutLine: {'line': b'-- Up-to-date: /ws/install/unitree_hg/include/unitree_hg/unitree_hg/msg/detail/press_sensor_state__rosidl_typesupport_introspection_cpp.hpp\n'}
[3.397582] (unitree_hg) StdoutLine: {'line': b'-- Up-to-date: /ws/install/unitree_hg/include/unitree_hg/unitree_hg/msg/detail/motor_cmd__type_support.cpp\n'}
[3.397657] (unitree_hg) StdoutLine: {'line': b'-- Up-to-date: /ws/install/unitree_hg/include/unitree_hg/unitree_hg/msg/detail/hand_cmd__type_support.cpp\n'}
[3.397746] (unitree_hg) StdoutLine: {'line': b'-- Up-to-date: /ws/install/unitree_hg/include/unitree_hg/unitree_hg/msg/detail/bms_state__type_support.cpp\n'}
[3.397822] (unitree_hg) StdoutLine: {'line': b'-- Up-to-date: /ws/install/unitree_hg/include/unitree_hg/unitree_hg/msg/detail/bms_cmd__rosidl_typesupport_introspection_cpp.hpp\n'}
[3.397890] (unitree_hg) StdoutLine: {'line': b'-- Up-to-date: /ws/install/unitree_hg/include/unitree_hg/unitree_hg/msg/detail/hand_cmd__rosidl_typesupport_introspection_cpp.hpp\n'}
[3.397955] (unitree_hg) StdoutLine: {'line': b'-- Up-to-date: /ws/install/unitree_hg/include/unitree_hg/unitree_hg/msg/detail/press_sensor_state__type_support.cpp\n'}
[3.398019] (unitree_hg) StdoutLine: {'line': b'-- Up-to-date: /ws/install/unitree_hg/include/unitree_hg/unitree_hg/msg/detail/bms_cmd__type_support.cpp\n'}
[3.398086] (unitree_hg) StdoutLine: {'line': b'-- Up-to-date: /ws/install/unitree_hg/include/unitree_hg/unitree_hg/msg/detail/low_state__rosidl_typesupport_introspection_cpp.hpp\n'}
[3.398153] (unitree_hg) StdoutLine: {'line': b'-- Up-to-date: /ws/install/unitree_hg/include/unitree_hg/unitree_hg/msg/detail/hand_state__rosidl_typesupport_introspection_cpp.hpp\n'}
[3.398220] (unitree_hg) StdoutLine: {'line': b'-- Up-to-date: /ws/install/unitree_hg/include/unitree_hg/unitree_hg/msg/detail/main_board_state__type_support.cpp\n'}
[3.398290] (unitree_hg) StdoutLine: {'line': b'-- Up-to-date: /ws/install/unitree_hg/include/unitree_hg/unitree_hg/msg/detail/low_cmd__type_support.cpp\n'}
[3.398373] (unitree_hg) StdoutLine: {'line': b'-- Up-to-date: /ws/install/unitree_hg/include/unitree_hg/unitree_hg/msg/detail/imu_state__type_support.cpp\n'}
[3.398439] (unitree_hg) StdoutLine: {'line': b'-- Up-to-date: /ws/install/unitree_hg/include/unitree_hg/unitree_hg/msg/detail/motor_state__rosidl_typesupport_introspection_cpp.hpp\n'}
[3.398537] (unitree_hg) StdoutLine: {'line': b'-- Up-to-date: /ws/install/unitree_hg/include/unitree_hg/unitree_hg/msg/detail/main_board_state__rosidl_typesupport_introspection_cpp.hpp\n'}
[3.398608] (unitree_hg) StdoutLine: {'line': b'-- Up-to-date: /ws/install/unitree_hg/include/unitree_hg/unitree_hg/msg/detail/motor_cmd__rosidl_typesupport_introspection_cpp.hpp\n'}
[3.398674] (unitree_hg) StdoutLine: {'line': b'-- Up-to-date: /ws/install/unitree_hg/include/unitree_hg/unitree_hg/msg/detail/motor_state__type_support.cpp\n'}
[3.398742] (unitree_hg) StdoutLine: {'line': b'-- Up-to-date: /ws/install/unitree_hg/include/unitree_hg/unitree_hg/msg/detail/low_cmd__rosidl_typesupport_introspection_cpp.hpp\n'}
[3.398807] (unitree_hg) StdoutLine: {'line': b'-- Up-to-date: /ws/install/unitree_hg/include/unitree_hg/unitree_hg/msg/detail/imu_state__rosidl_typesupport_introspection_cpp.hpp\n'}
[3.398873] (unitree_hg) StdoutLine: {'line': b'-- Up-to-date: /ws/install/unitree_hg/lib/libunitree_hg__rosidl_typesupport_introspection_cpp.so\n'}
[3.398940] (unitree_hg) StdoutLine: {'line': b'-- Up-to-date: /ws/install/unitree_hg/lib/libunitree_hg__rosidl_typesupport_cpp.so\n'}
[3.399010] (unitree_hg) StdoutLine: {'line': b'-- Up-to-date: /ws/install/unitree_hg/share/unitree_hg/environment/pythonpath.sh\n'}
[3.399077] (unitree_hg) StdoutLine: {'line': b'-- Up-to-date: /ws/install/unitree_hg/share/unitree_hg/environment/pythonpath.dsv\n'}
[3.399143] (unitree_hg) StdoutLine: {'line': b'-- Up-to-date: /ws/install/unitree_hg/local/lib/python3.10/dist-packages/unitree_hg-0.0.0-py3.10.egg-info\n'}
[3.399208] (unitree_hg) StdoutLine: {'line': b'-- Installing: /ws/install/unitree_hg/local/lib/python3.10/dist-packages/unitree_hg-0.0.0-py3.10.egg-info/dependency_links.txt\n'}
[3.399304] (unitree_hg) StdoutLine: {'line': b'-- Installing: /ws/install/unitree_hg/local/lib/python3.10/dist-packages/unitree_hg-0.0.0-py3.10.egg-info/top_level.txt\n'}
[3.399379] (unitree_hg) StdoutLine: {'line': b'-- Installing: /ws/install/unitree_hg/local/lib/python3.10/dist-packages/unitree_hg-0.0.0-py3.10.egg-info/SOURCES.txt\n'}
[3.399462] (unitree_hg) StdoutLine: {'line': b'-- Installing: /ws/install/unitree_hg/local/lib/python3.10/dist-packages/unitree_hg-0.0.0-py3.10.egg-info/PKG-INFO\n'}
[3.399568] (unitree_hg) StdoutLine: {'line': b'-- Up-to-date: /ws/install/unitree_hg/local/lib/python3.10/dist-packages/unitree_hg\n'}
[3.399640] (unitree_hg) StdoutLine: {'line': b'-- Up-to-date: /ws/install/unitree_hg/local/lib/python3.10/dist-packages/unitree_hg/unitree_hg_s__rosidl_typesupport_introspection_c.cpython-310-aarch64-linux-gnu.so\n'}
[3.399717] (unitree_hg) StdoutLine: {'line': b'-- Up-to-date: /ws/install/unitree_hg/local/lib/python3.10/dist-packages/unitree_hg/_unitree_hg_s.ep.rosidl_typesupport_c.c\n'}
[3.399790] (unitree_hg) StdoutLine: {'line': b'-- Up-to-date: /ws/install/unitree_hg/local/lib/python3.10/dist-packages/unitree_hg/msg\n'}
[3.399855] (unitree_hg) StdoutLine: {'line': b'-- Up-to-date: /ws/install/unitree_hg/local/lib/python3.10/dist-packages/unitree_hg/msg/_motor_cmd_s.c\n'}
[3.399921] (unitree_hg) StdoutLine: {'line': b'-- Up-to-date: /ws/install/unitree_hg/local/lib/python3.10/dist-packages/unitree_hg/msg/_main_board_state_s.c\n'}
[3.399987] (unitree_hg) StdoutLine: {'line': b'-- Up-to-date: /ws/install/unitree_hg/local/lib/python3.10/dist-packages/unitree_hg/msg/_bms_cmd.py\n'}
[3.400051] (unitree_hg) StdoutLine: {'line': b'-- Up-to-date: /ws/install/unitree_hg/local/lib/python3.10/dist-packages/unitree_hg/msg/_hand_state.py\n'}
[3.400135] (unitree_hg) StdoutLine: {'line': b'-- Up-to-date: /ws/install/unitree_hg/local/lib/python3.10/dist-packages/unitree_hg/msg/_hand_cmd_s.c\n'}
[3.400213] (unitree_hg) StdoutLine: {'line': b'-- Up-to-date: /ws/install/unitree_hg/local/lib/python3.10/dist-packages/unitree_hg/msg/_low_cmd.py\n'}
[3.400285] (unitree_hg) StdoutLine: {'line': b'-- Up-to-date: /ws/install/unitree_hg/local/lib/python3.10/dist-packages/unitree_hg/msg/_press_sensor_state_s.c\n'}
[3.400351] (unitree_hg) StdoutLine: {'line': b'-- Up-to-date: /ws/install/unitree_hg/local/lib/python3.10/dist-packages/unitree_hg/msg/_imu_state_s.c\n'}
[3.400417] (unitree_hg) StdoutLine: {'line': b'-- Up-to-date: /ws/install/unitree_hg/local/lib/python3.10/dist-packages/unitree_hg/msg/_hand_state_s.c\n'}
[3.400502] (unitree_hg) StdoutLine: {'line': b'-- Up-to-date: /ws/install/unitree_hg/local/lib/python3.10/dist-packages/unitree_hg/msg/_low_state.py\n'}
[3.400581] (unitree_hg) StdoutLine: {'line': b'-- Up-to-date: /ws/install/unitree_hg/local/lib/python3.10/dist-packages/unitree_hg/msg/_imu_state.py\n'}
[3.400648] (unitree_hg) StdoutLine: {'line': b'-- Up-to-date: /ws/install/unitree_hg/local/lib/python3.10/dist-packages/unitree_hg/msg/_bms_state_s.c\n'}
[3.400713] (unitree_hg) StdoutLine: {'line': b'-- Up-to-date: /ws/install/unitree_hg/local/lib/python3.10/dist-packages/unitree_hg/msg/_bms_cmd_s.c\n'}
[3.400776] (unitree_hg) StdoutLine: {'line': b'-- Up-to-date: /ws/install/unitree_hg/local/lib/python3.10/dist-packages/unitree_hg/msg/_motor_state.py\n'}
[3.400842] (unitree_hg) StdoutLine: {'line': b'-- Up-to-date: /ws/install/unitree_hg/local/lib/python3.10/dist-packages/unitree_hg/msg/_motor_state_s.c\n'}
[3.400920] (unitree_hg) StdoutLine: {'line': b'-- Up-to-date: /ws/install/unitree_hg/local/lib/python3.10/dist-packages/unitree_hg/msg/__init__.py\n'}
[3.400988] (unitree_hg) StdoutLine: {'line': b'-- Up-to-date: /ws/install/unitree_hg/local/lib/python3.10/dist-packages/unitree_hg/msg/_press_sensor_state.py\n'}
[3.401054] (unitree_hg) StdoutLine: {'line': b'-- Up-to-date: /ws/install/unitree_hg/local/lib/python3.10/dist-packages/unitree_hg/msg/_motor_cmd.py\n'}
[3.401120] (unitree_hg) StdoutLine: {'line': b'-- Up-to-date: /ws/install/unitree_hg/local/lib/python3.10/dist-packages/unitree_hg/msg/_low_cmd_s.c\n'}
[3.401184] (unitree_hg) StdoutLine: {'line': b'-- Up-to-date: /ws/install/unitree_hg/local/lib/python3.10/dist-packages/unitree_hg/msg/_main_board_state.py\n'}
[3.401250] (unitree_hg) StdoutLine: {'line': b'-- Up-to-date: /ws/install/unitree_hg/local/lib/python3.10/dist-packages/unitree_hg/msg/_hand_cmd.py\n'}
[3.401315] (unitree_hg) StdoutLine: {'line': b'-- Up-to-date: /ws/install/unitree_hg/local/lib/python3.10/dist-packages/unitree_hg/msg/_low_state_s.c\n'}
[3.401389] (unitree_hg) StdoutLine: {'line': b'-- Up-to-date: /ws/install/unitree_hg/local/lib/python3.10/dist-packages/unitree_hg/msg/_bms_state.py\n'}
[3.401459] (unitree_hg) StdoutLine: {'line': b'-- Up-to-date: /ws/install/unitree_hg/local/lib/python3.10/dist-packages/unitree_hg/__init__.py\n'}
[3.401547] (unitree_hg) StdoutLine: {'line': b'-- Up-to-date: /ws/install/unitree_hg/local/lib/python3.10/dist-packages/unitree_hg/libunitree_hg__rosidl_generator_py.so\n'}
[3.401619] (unitree_hg) StdoutLine: {'line': b'-- Up-to-date: /ws/install/unitree_hg/local/lib/python3.10/dist-packages/unitree_hg/_unitree_hg_s.ep.rosidl_typesupport_introspection_c.c\n'}
[3.401686] (unitree_hg) StdoutLine: {'line': b'-- Up-to-date: /ws/install/unitree_hg/local/lib/python3.10/dist-packages/unitree_hg/_unitree_hg_s.ep.rosidl_typesupport_fastrtps_c.c\n'}
[3.401754] (unitree_hg) StdoutLine: {'line': b'-- Up-to-date: /ws/install/unitree_hg/local/lib/python3.10/dist-packages/unitree_hg/unitree_hg_s__rosidl_typesupport_fastrtps_c.cpython-310-aarch64-linux-gnu.so\n'}
[3.401820] (unitree_hg) StdoutLine: {'line': b'-- Up-to-date: /ws/install/unitree_hg/local/lib/python3.10/dist-packages/unitree_hg/unitree_hg_s__rosidl_typesupport_c.cpython-310-aarch64-linux-gnu.so\n'}
[3.439858] (unitree_hg) StdoutLine: {'line': b"Listing '/ws/install/unitree_hg/local/lib/python3.10/dist-packages/unitree_hg'...\n"}
[3.440386] (unitree_hg) StdoutLine: {'line': b"Listing '/ws/install/unitree_hg/local/lib/python3.10/dist-packages/unitree_hg/msg'...\n"}
[3.448260] (unitree_legged_real) StdoutLine: {'line': b'\x1b[35m\x1b[1mConsolidate compiler generated dependencies of target go2_heightmap_node\x1b[0m\n'}
[3.453519] (unitree_hg) StdoutLine: {'line': b'-- Up-to-date: /ws/install/unitree_hg/local/lib/python3.10/dist-packages/unitree_hg/unitree_hg_s__rosidl_typesupport_fastrtps_c.cpython-310-aarch64-linux-gnu.so\n'}
[3.454588] (unitree_hg) StdoutLine: {'line': b'-- Up-to-date: /ws/install/unitree_hg/local/lib/python3.10/dist-packages/unitree_hg/unitree_hg_s__rosidl_typesupport_introspection_c.cpython-310-aarch64-linux-gnu.so\n'}
[3.454867] (unitree_legged_real) StdoutLine: {'line': b'\x1b[35m\x1b[1mConsolidate compiler generated dependencies of target lcm_server\x1b[0m\n'}
[3.454993] (unitree_hg) StdoutLine: {'line': b'-- Up-to-date: /ws/install/unitree_hg/local/lib/python3.10/dist-packages/unitree_hg/unitree_hg_s__rosidl_typesupport_c.cpython-310-aarch64-linux-gnu.so\n'}
[3.456524] (unitree_hg) StdoutLine: {'line': b'-- Up-to-date: /ws/install/unitree_hg/lib/libunitree_hg__rosidl_generator_py.so\n'}
[3.456891] (unitree_hg) StdoutLine: {'line': b'-- Up-to-date: /ws/install/unitree_hg/share/unitree_hg/msg/BmsCmd.idl\n'}
[3.457132] (unitree_hg) StdoutLine: {'line': b'-- Up-to-date: /ws/install/unitree_hg/share/unitree_hg/msg/BmsState.idl\n'}
[3.457331] (unitree_hg) StdoutLine: {'line': b'-- Up-to-date: /ws/install/unitree_hg/share/unitree_hg/msg/HandCmd.idl\n'}
[3.457481] (unitree_hg) StdoutLine: {'line': b'-- Up-to-date: /ws/install/unitree_hg/share/unitree_hg/msg/HandState.idl\n'}
[3.458730] (unitree_hg) StdoutLine: {'line': b'-- Up-to-date: /ws/install/unitree_hg/share/unitree_hg/msg/IMUState.idl\n'}
[3.458864] (unitree_hg) StdoutLine: {'line': b'-- Up-to-date: /ws/install/unitree_hg/share/unitree_hg/msg/LowCmd.idl\n'}
[3.459036] (unitree_hg) StdoutLine: {'line': b'-- Up-to-date: /ws/install/unitree_hg/share/unitree_hg/msg/LowState.idl\n'}
[3.459214] (unitree_hg) StdoutLine: {'line': b'-- Up-to-date: /ws/install/unitree_hg/share/unitree_hg/msg/MainBoardState.idl\n'}
[3.459359] (unitree_hg) StdoutLine: {'line': b'-- Up-to-date: /ws/install/unitree_hg/share/unitree_hg/msg/MotorCmd.idl\n'}
[3.459451] (unitree_hg) StdoutLine: {'line': b'-- Up-to-date: /ws/install/unitree_hg/share/unitree_hg/msg/MotorState.idl\n'}
[3.459562] (unitree_hg) StdoutLine: {'line': b'-- Up-to-date: /ws/install/unitree_hg/share/unitree_hg/msg/PressSensorState.idl\n'}
[3.461816] (unitree_hg) StdoutLine: {'line': b'-- Up-to-date: /ws/install/unitree_hg/share/unitree_hg/msg/BmsCmd.msg\n'}
[3.461973] (unitree_hg) StdoutLine: {'line': b'-- Up-to-date: /ws/install/unitree_hg/share/unitree_hg/msg/BmsState.msg\n'}
[3.462171] (unitree_hg) StdoutLine: {'line': b'-- Up-to-date: /ws/install/unitree_hg/share/unitree_hg/msg/HandCmd.msg\n'}
[3.462359] (unitree_hg) StdoutLine: {'line': b'-- Up-to-date: /ws/install/unitree_hg/share/unitree_hg/msg/HandState.msg\n'}
[3.462564] (unitree_hg) StdoutLine: {'line': b'-- Up-to-date: /ws/install/unitree_hg/share/unitree_hg/msg/IMUState.msg\n'}
[3.462744] (unitree_hg) StdoutLine: {'line': b'-- Up-to-date: /ws/install/unitree_hg/share/unitree_hg/msg/LowCmd.msg\n'}
[3.462841] (unitree_hg) StdoutLine: {'line': b'-- Up-to-date: /ws/install/unitree_hg/share/unitree_hg/msg/LowState.msg\n'}
[3.462996] (unitree_hg) StdoutLine: {'line': b'-- Up-to-date: /ws/install/unitree_hg/share/unitree_hg/msg/MainBoardState.msg\n'}
[3.463099] (unitree_hg) StdoutLine: {'line': b'-- Up-to-date: /ws/install/unitree_hg/share/unitree_hg/msg/MotorCmd.msg\n'}
[3.463200] (unitree_hg) StdoutLine: {'line': b'-- Up-to-date: /ws/install/unitree_hg/share/unitree_hg/msg/MotorState.msg\n'}
[3.463286] (unitree_hg) StdoutLine: {'line': b'-- Up-to-date: /ws/install/unitree_hg/share/unitree_hg/msg/PressSensorState.msg\n'}
[3.463447] (unitree_hg) StdoutLine: {'line': b'-- Up-to-date: /ws/install/unitree_hg/share/unitree_hg/msg/dds_connext\n'}
[3.463569] (unitree_hg) StdoutLine: {'line': b'-- Up-to-date: /ws/install/unitree_hg/share/unitree_hg/msg/dds_connext/MotorState_.idl\n'}
[3.463700] (unitree_hg) StdoutLine: {'line': b'-- Up-to-date: /ws/install/unitree_hg/share/unitree_hg/msg/dds_connext/MotorCmd_.idl\n'}
[3.464592] (unitree_hg) StdoutLine: {'line': b'-- Up-to-date: /ws/install/unitree_hg/share/unitree_hg/msg/dds_connext/HandCmd_.idl\n'}
[3.464736] (unitree_hg) StdoutLine: {'line': b'-- Up-to-date: /ws/install/unitree_hg/share/unitree_hg/msg/dds_connext/HandState_.idl\n'}
[3.466586] (unitree_hg) StdoutLine: {'line': b'-- Up-to-date: /ws/install/unitree_hg/share/unitree_hg/msg/dds_connext/MainBoardState_.idl\n'}
[3.466808] (unitree_hg) StdoutLine: {'line': b'-- Up-to-date: /ws/install/unitree_hg/share/unitree_hg/msg/dds_connext/BmsCmd_.idl\n'}
[3.466906] (unitree_hg) StdoutLine: {'line': b'-- Up-to-date: /ws/install/unitree_hg/share/unitree_hg/msg/dds_connext/IMUState_.idl\n'}
[3.466992] (unitree_hg) StdoutLine: {'line': b'-- Up-to-date: /ws/install/unitree_hg/share/unitree_hg/msg/dds_connext/LowState_.idl\n'}
[3.467074] (unitree_hg) StdoutLine: {'line': b'-- Up-to-date: /ws/install/unitree_hg/share/unitree_hg/msg/dds_connext/PressSensorState_.idl\n'}
[3.467157] (unitree_hg) StdoutLine: {'line': b'-- Up-to-date: /ws/install/unitree_hg/share/unitree_hg/msg/dds_connext/BmsState_.idl\n'}
[3.467239] (unitree_hg) StdoutLine: {'line': b'-- Up-to-date: /ws/install/unitree_hg/share/unitree_hg/msg/dds_connext/LowCmd_.idl\n'}
[3.467306] (unitree_hg) StdoutLine: {'line': b'-- Up-to-date: /ws/install/unitree_hg/share/ament_index/resource_index/package_run_dependencies/unitree_hg\n'}
[3.467372] (unitree_hg) StdoutLine: {'line': b'-- Up-to-date: /ws/install/unitree_hg/share/ament_index/resource_index/parent_prefix_path/unitree_hg\n'}
[3.467438] (unitree_hg) StdoutLine: {'line': b'-- Up-to-date: /ws/install/unitree_hg/share/unitree_hg/environment/ament_prefix_path.sh\n'}
[3.467573] (unitree_hg) StdoutLine: {'line': b'-- Up-to-date: /ws/install/unitree_hg/share/unitree_hg/environment/ament_prefix_path.dsv\n'}
[3.467664] (unitree_hg) StdoutLine: {'line': b'-- Up-to-date: /ws/install/unitree_hg/share/unitree_hg/environment/path.sh\n'}
[3.467732] (unitree_hg) StdoutLine: {'line': b'-- Up-to-date: /ws/install/unitree_hg/share/unitree_hg/environment/path.dsv\n'}
[3.467797] (unitree_hg) StdoutLine: {'line': b'-- Up-to-date: /ws/install/unitree_hg/share/unitree_hg/local_setup.bash\n'}
[3.467871] (unitree_hg) StdoutLine: {'line': b'-- Up-to-date: /ws/install/unitree_hg/share/unitree_hg/local_setup.sh\n'}
[3.467938] (-) TimerEvent: {}
[3.468116] (unitree_hg) StdoutLine: {'line': b'-- Up-to-date: /ws/install/unitree_hg/share/unitree_hg/local_setup.zsh\n'}
[3.469507] (unitree_hg) StdoutLine: {'line': b'-- Up-to-date: /ws/install/unitree_hg/share/unitree_hg/local_setup.dsv\n'}
[3.469913] (unitree_hg) StdoutLine: {'line': b'-- Installing: /ws/install/unitree_hg/share/unitree_hg/package.dsv\n'}
[3.471884] (unitree_hg) StdoutLine: {'line': b'-- Up-to-date: /ws/install/unitree_hg/share/ament_index/resource_index/packages/unitree_hg\n'}
[3.472037] (unitree_hg) StdoutLine: {'line': b'-- Up-to-date: /ws/install/unitree_hg/share/unitree_hg/cmake/export_unitree_hg__rosidl_generator_cExport.cmake\n'}
[3.472114] (unitree_hg) StdoutLine: {'line': b'-- Up-to-date: /ws/install/unitree_hg/share/unitree_hg/cmake/export_unitree_hg__rosidl_generator_cExport-noconfig.cmake\n'}
[3.472193] (unitree_hg) StdoutLine: {'line': b'-- Up-to-date: /ws/install/unitree_hg/share/unitree_hg/cmake/export_unitree_hg__rosidl_typesupport_fastrtps_cExport.cmake\n'}
[3.472286] (unitree_hg) StdoutLine: {'line': b'-- Up-to-date: /ws/install/unitree_hg/share/unitree_hg/cmake/export_unitree_hg__rosidl_typesupport_fastrtps_cExport-noconfig.cmake\n'}
[3.472363] (unitree_hg) StdoutLine: {'line': b'-- Up-to-date: /ws/install/unitree_hg/share/unitree_hg/cmake/export_unitree_hg__rosidl_generator_cppExport.cmake\n'}
[3.472435] (unitree_hg) StdoutLine: {'line': b'-- Up-to-date: /ws/install/unitree_hg/share/unitree_hg/cmake/export_unitree_hg__rosidl_typesupport_fastrtps_cppExport.cmake\n'}
[3.472558] (unitree_hg) StdoutLine: {'line': b'-- Up-to-date: /ws/install/unitree_hg/share/unitree_hg/cmake/export_unitree_hg__rosidl_typesupport_fastrtps_cppExport-noconfig.cmake\n'}
[3.473702] (unitree_hg) StdoutLine: {'line': b'-- Up-to-date: /ws/install/unitree_hg/share/unitree_hg/cmake/unitree_hg__rosidl_typesupport_introspection_cExport.cmake\n'}
[3.473800] (unitree_hg) StdoutLine: {'line': b'-- Up-to-date: /ws/install/unitree_hg/share/unitree_hg/cmake/unitree_hg__rosidl_typesupport_introspection_cExport-noconfig.cmake\n'}
[3.473878] (unitree_hg) StdoutLine: {'line': b'-- Up-to-date: /ws/install/unitree_hg/share/unitree_hg/cmake/unitree_hg__rosidl_typesupport_cExport.cmake\n'}
[3.473956] (unitree_hg) StdoutLine: {'line': b'-- Up-to-date: /ws/install/unitree_hg/share/unitree_hg/cmake/unitree_hg__rosidl_typesupport_cExport-noconfig.cmake\n'}
[3.474040] (unitree_hg) StdoutLine: {'line': b'-- Up-to-date: /ws/install/unitree_hg/share/unitree_hg/cmake/unitree_hg__rosidl_typesupport_introspection_cppExport.cmake\n'}
[3.474119] (unitree_hg) StdoutLine: {'line': b'-- Up-to-date: /ws/install/unitree_hg/share/unitree_hg/cmake/unitree_hg__rosidl_typesupport_introspection_cppExport-noconfig.cmake\n'}
[3.474193] (unitree_hg) StdoutLine: {'line': b'-- Up-to-date: /ws/install/unitree_hg/share/unitree_hg/cmake/unitree_hg__rosidl_typesupport_cppExport.cmake\n'}
[3.474275] (unitree_hg) StdoutLine: {'line': b'-- Up-to-date: /ws/install/unitree_hg/share/unitree_hg/cmake/unitree_hg__rosidl_typesupport_cppExport-noconfig.cmake\n'}
[3.474357] (unitree_hg) StdoutLine: {'line': b'-- Up-to-date: /ws/install/unitree_hg/share/unitree_hg/cmake/export_unitree_hg__rosidl_generator_pyExport.cmake\n'}
[3.474432] (unitree_hg) StdoutLine: {'line': b'-- Up-to-date: /ws/install/unitree_hg/share/unitree_hg/cmake/export_unitree_hg__rosidl_generator_pyExport-noconfig.cmake\n'}
[3.474898] (unitree_hg) StdoutLine: {'line': b'-- Up-to-date: /ws/install/unitree_hg/share/unitree_hg/cmake/rosidl_cmake-extras.cmake\n'}
[3.475008] (unitree_hg) StdoutLine: {'line': b'-- Up-to-date: /ws/install/unitree_hg/share/unitree_hg/cmake/ament_cmake_export_dependencies-extras.cmake\n'}
[3.475098] (unitree_hg) StdoutLine: {'line': b'-- Up-to-date: /ws/install/unitree_hg/share/unitree_hg/cmake/ament_cmake_export_include_directories-extras.cmake\n'}
[3.475183] (unitree_hg) StdoutLine: {'line': b'-- Up-to-date: /ws/install/unitree_hg/share/unitree_hg/cmake/ament_cmake_export_libraries-extras.cmake\n'}
[3.475262] (unitree_hg) StdoutLine: {'line': b'-- Up-to-date: /ws/install/unitree_hg/share/unitree_hg/cmake/ament_cmake_export_targets-extras.cmake\n'}
[3.475339] (unitree_hg) StdoutLine: {'line': b'-- Up-to-date: /ws/install/unitree_hg/share/unitree_hg/cmake/rosidl_cmake_export_typesupport_targets-extras.cmake\n'}
[3.475415] (unitree_hg) StdoutLine: {'line': b'-- Up-to-date: /ws/install/unitree_hg/share/unitree_hg/cmake/rosidl_cmake_export_typesupport_libraries-extras.cmake\n'}
[3.475523] (unitree_hg) StdoutLine: {'line': b'-- Up-to-date: /ws/install/unitree_hg/share/unitree_hg/cmake/unitree_hgConfig.cmake\n'}
[3.475628] (unitree_hg) StdoutLine: {'line': b'-- Up-to-date: /ws/install/unitree_hg/share/unitree_hg/cmake/unitree_hgConfig-version.cmake\n'}
[3.475715] (unitree_hg) StdoutLine: {'line': b'-- Up-to-date: /ws/install/unitree_hg/share/unitree_hg/package.xml\n'}
[3.482591] (unitree_hg) CommandEnded: {'returncode': 0}
[3.489392] (unitree_legged_real) StdoutLine: {'line': b'\x1b[35m\x1b[1mConsolidate compiler generated dependencies of target ros2_rl_go2\x1b[0m\n'}
[3.530163] (unitree_hg) JobEnded: {'identifier': 'unitree_hg', 'rc': 0}
[3.531429] (unitree_ros2_example) JobStarted: {'identifier': 'unitree_ros2_example'}
[3.531692] (unitree_legged_real) StdoutLine: {'line': b'[ 28%] Built target lcm_server\n'}
[3.535794] (unitree_legged_real) StdoutLine: {'line': b'[ 57%] Built target go2_heightmap_node\n'}
[3.559978] (unitree_ros2_example) JobProgress: {'identifier': 'unitree_ros2_example', 'progress': 'cmake'}
[3.561560] (unitree_ros2_example) JobProgress: {'identifier': 'unitree_ros2_example', 'progress': 'build'}
[3.562169] (unitree_ros2_example) Command: {'cmd': ['/usr/bin/cmake', '--build', '/ws/build/unitree_ros2_example', '--', '-j4', '-l4'], 'cwd': '/ws/build/unitree_ros2_example', 'env': OrderedDict([('HOSTNAME', 'pi'), ('SHLVL', '1'), ('LD_LIBRARY_PATH', '/ws/install/unitree_hg/lib:/ws/install/unitree_go/lib:/ws/install/unitree_api/lib:/ws/libtorch/lib:/opt/ros/humble/lib/aarch64-linux-gnu:/opt/ros/humble/lib'), ('HOME', '/root'), ('OLDPWD', '/'), ('ROS_PYTHON_VERSION', '3'), ('ROS_DISTRO', 'humble'), ('_', '/usr/bin/colcon'), ('ROS_VERSION', '2'), ('TERM', 'xterm'), ('ROS_LOCALHOST_ONLY', '0'), ('PATH', '/opt/ros/humble/bin:/usr/local/sbin:/usr/local/bin:/usr/sbin:/usr/bin:/sbin:/bin'), ('LANG', 'C.UTF-8'), ('LS_COLORS', 'rs=0:di=01;34:ln=01;36:mh=00:pi=40;33:so=01;35:do=01;35:bd=40;33;01:cd=40;33;01:or=40;31;01:mi=00:su=37;41:sg=30;43:ca=30;41:tw=30;42:ow=34;42:st=37;44:ex=01;32:*.tar=01;31:*.tgz=01;31:*.arc=01;31:*.arj=01;31:*.taz=01;31:*.lha=01;31:*.lz4=01;31:*.lzh=01;31:*.lzma=01;31:*.tlz=01;31:*.txz=01;31:*.tzo=01;31:*.t7z=01;31:*.zip=01;31:*.z=01;31:*.dz=01;31:*.gz=01;31:*.lrz=01;31:*.lz=01;31:*.lzo=01;31:*.xz=01;31:*.zst=01;31:*.tzst=01;31:*.bz2=01;31:*.bz=01;31:*.tbz=01;31:*.tbz2=01;31:*.tz=01;31:*.deb=01;31:*.rpm=01;31:*.jar=01;31:*.war=01;31:*.ear=01;31:*.sar=01;31:*.rar=01;31:*.alz=01;31:*.ace=01;31:*.zoo=01;31:*.cpio=01;31:*.7z=01;31:*.rz=01;31:*.cab=01;31:*.wim=01;31:*.swm=01;31:*.dwm=01;31:*.esd=01;31:*.jpg=01;35:*.jpeg=01;35:*.mjpg=01;35:*.mjpeg=01;35:*.gif=01;35:*.bmp=01;35:*.pbm=01;35:*.pgm=01;35:*.ppm=01;35:*.tga=01;35:*.xbm=01;35:*.xpm=01;35:*.tif=01;35:*.tiff=01;35:*.png=01;35:*.svg=01;35:*.svgz=01;35:*.mng=01;35:*.pcx=01;35:*.mov=01;35:*.mpg=01;35:*.mpeg=01;35:*.m2v=01;35:*.mkv=01;35:*.webm=01;35:*.webp=01;35:*.ogm=01;35:*.mp4=01;35:*.m4v=01;35:*.mp4v=01;35:*.vob=01;35:*.qt=01;35:*.nuv=01;35:*.wmv=01;35:*.asf=01;35:*.rm=01;35:*.rmvb=01;35:*.flc=01;35:*.avi=01;35:*.fli=01;35:*.flv=01;35:*.gl=01;35:*.dl=01;35:*.xcf=01;35:*.xwd=01;35:*.yuv=01;35:*.cgm=01;35:*.emf=01;35:*.ogv=01;35:*.ogx=01;35:*.aac=00;36:*.au=00;36:*.flac=00;36:*.m4a=00;36:*.mid=00;36:*.midi=00;36:*.mka=00;36:*.mp3=00;36:*.mpc=00;36:*.ogg=00;36:*.ra=00;36:*.wav=00;36:*.oga=00;36:*.opus=00;36:*.spx=00;36:*.xspf=00;36:'), ('AMENT_PREFIX_PATH', '/ws/install/unitree_hg:/ws/install/unitree_go:/ws/install/unitree_api:/opt/ros/humble'), ('DEBIAN_FRONTEND', 'noninteractive'), ('Torch_DIR', '/ws/libtorch/share/cmake/Torch'), ('PWD', '/ws/build/unitree_ros2_example'), ('LC_ALL', 'C.UTF-8'), ('PYTHONPATH', '/ws/install/unitree_hg/local/lib/python3.10/dist-packages:/ws/install/unitree_go/local/lib/python3.10/dist-packages:/ws/install/unitree_api/local/lib/python3.10/dist-packages:/opt/ros/humble/lib/python3.10/site-packages:/opt/ros/humble/local/lib/python3.10/dist-packages'), ('COLCON', '1'), ('CMAKE_PREFIX_PATH', '/ws/install/unitree_hg:/ws/install/unitree_go:/ws/install/unitree_api:/ws/libtorch:/opt/ros/humble')]), 'shell': False}
[3.565713] (unitree_legged_real) StdoutLine: {'line': b'[100%] Built target ros2_rl_go2\n'}
[3.568072] (-) TimerEvent: {}
[3.595964] (unitree_legged_real) CommandEnded: {'returncode': 0}
[3.596933] (unitree_legged_real) JobProgress: {'identifier': 'unitree_legged_real', 'progress': 'install'}
[3.598340] (unitree_legged_real) Command: {'cmd': ['/usr/bin/cmake', '--install', '/ws/build/unitree_legged_real'], 'cwd': '/ws/build/unitree_legged_real', 'env': OrderedDict([('HOSTNAME', 'pi'), ('SHLVL', '1'), ('LD_LIBRARY_PATH', '/ws/install/unitree_rl_controller/lib:/ws/install/unitree_go/lib:/ws/install/unitree_api/lib:/ws/install/ros2_unitree_legged_msgs/lib:/ws/libtorch/lib:/opt/ros/humble/lib/aarch64-linux-gnu:/opt/ros/humble/lib'), ('HOME', '/root'), ('OLDPWD', '/'), ('ROS_PYTHON_VERSION', '3'), ('ROS_DISTRO', 'humble'), ('_', '/usr/bin/colcon'), ('ROS_VERSION', '2'), ('TERM', 'xterm'), ('ROS_LOCALHOST_ONLY', '0'), ('PATH', '/opt/ros/humble/bin:/usr/local/sbin:/usr/local/bin:/usr/sbin:/usr/bin:/sbin:/bin'), ('LANG', 'C.UTF-8'), ('LS_COLORS', 'rs=0:di=01;34:ln=01;36:mh=00:pi=40;33:so=01;35:do=01;35:bd=40;33;01:cd=40;33;01:or=40;31;01:mi=00:su=37;41:sg=30;43:ca=30;41:tw=30;42:ow=34;42:st=37;44:ex=01;32:*.tar=01;31:*.tgz=01;31:*.arc=01;31:*.arj=01;31:*.taz=01;31:*.lha=01;31:*.lz4=01;31:*.lzh=01;31:*.lzma=01;31:*.tlz=01;31:*.txz=01;31:*.tzo=01;31:*.t7z=01;31:*.zip=01;31:*.z=01;31:*.dz=01;31:*.gz=01;31:*.lrz=01;31:*.lz=01;31:*.lzo=01;31:*.xz=01;31:*.zst=01;31:*.tzst=01;31:*.bz2=01;31:*.bz=01;31:*.tbz=01;31:*.tbz2=01;31:*.tz=01;31:*.deb=01;31:*.rpm=01;31:*.jar=01;31:*.war=01;31:*.ear=01;31:*.sar=01;31:*.rar=01;31:*.alz=01;31:*.ace=01;31:*.zoo=01;31:*.cpio=01;31:*.7z=01;31:*.rz=01;31:*.cab=01;31:*.wim=01;31:*.swm=01;31:*.dwm=01;31:*.esd=01;31:*.jpg=01;35:*.jpeg=01;35:*.mjpg=01;35:*.mjpeg=01;35:*.gif=01;35:*.bmp=01;35:*.pbm=01;35:*.pgm=01;35:*.ppm=01;35:*.tga=01;35:*.xbm=01;35:*.xpm=01;35:*.tif=01;35:*.tiff=01;35:*.png=01;35:*.svg=01;35:*.svgz=01;35:*.mng=01;35:*.pcx=01;35:*.mov=01;35:*.mpg=01;35:*.mpeg=01;35:*.m2v=01;35:*.mkv=01;35:*.webm=01;35:*.webp=01;35:*.ogm=01;35:*.mp4=01;35:*.m4v=01;35:*.mp4v=01;35:*.vob=01;35:*.qt=01;35:*.nuv=01;35:*.wmv=01;35:*.asf=01;35:*.rm=01;35:*.rmvb=01;35:*.flc=01;35:*.avi=01;35:*.fli=01;35:*.flv=01;35:*.gl=01;35:*.dl=01;35:*.xcf=01;35:*.xwd=01;35:*.yuv=01;35:*.cgm=01;35:*.emf=01;35:*.ogv=01;35:*.ogx=01;35:*.aac=00;36:*.au=00;36:*.flac=00;36:*.m4a=00;36:*.mid=00;36:*.midi=00;36:*.mka=00;36:*.mp3=00;36:*.mpc=00;36:*.ogg=00;36:*.ra=00;36:*.wav=00;36:*.oga=00;36:*.opus=00;36:*.spx=00;36:*.xspf=00;36:'), ('AMENT_PREFIX_PATH', '/ws/install/unitree_rl_controller:/ws/install/unitree_go:/ws/install/unitree_api:/ws/install/ros2_unitree_legged_msgs:/opt/ros/humble'), ('DEBIAN_FRONTEND', 'noninteractive'), ('Torch_DIR', '/ws/libtorch/share/cmake/Torch'), ('PWD', '/ws/build/unitree_legged_real'), ('LC_ALL', 'C.UTF-8'), ('PYTHONPATH', '/ws/install/unitree_go/local/lib/python3.10/dist-packages:/ws/install/unitree_api/local/lib/python3.10/dist-packages:/ws/install/ros2_unitree_legged_msgs/local/lib/python3.10/dist-packages:/opt/ros/humble/lib/python3.10/site-packages:/opt/ros/humble/local/lib/python3.10/dist-packages'), ('COLCON', '1'), ('CMAKE_PREFIX_PATH', '/ws/install/unitree_rl_controller:/ws/install/unitree_go:/ws/install/unitree_api:/ws/install/ros2_unitree_legged_msgs:/ws/libtorch:/opt/ros/humble')]), 'shell': False}
[3.613003] (unitree_legged_real) StdoutLine: {'line': b'-- Install configuration: ""\n'}
[3.613415] (unitree_legged_real) StdoutLine: {'line': b'-- Up-to-date: /ws/install/unitree_legged_real/lib\n'}
[3.613657] (unitree_legged_real) StdoutLine: {'line': b'-- Up-to-date: /ws/install/unitree_legged_real/lib/libunitree_legged_sdk_amd64.so\n'}
[3.613771] (unitree_legged_real) StdoutLine: {'line': b'-- Up-to-date: /ws/install/unitree_legged_real/lib/libunitree_legged_sdk_arm64.so\n'}
[3.613850] (unitree_legged_real) StdoutLine: {'line': b'-- Up-to-date: /ws/install/unitree_legged_real/lib/libddsc.so\n'}
[3.613919] (unitree_legged_real) StdoutLine: {'line': b'-- Up-to-date: /ws/install/unitree_legged_real/lib/libddscxx.so\n'}
[3.613983] (unitree_legged_real) StdoutLine: {'line': b'-- Up-to-date: /ws/install/unitree_legged_real/lib/libddsc.so\n'}
[3.614053] (unitree_legged_real) StdoutLine: {'line': b'-- Up-to-date: /ws/install/unitree_legged_real/lib/libddscxx.so\n'}
[3.614220] (unitree_legged_real) StdoutLine: {'line': b'-- Up-to-date: /ws/install/unitree_legged_real/lib/unitree_legged_real/ros2_rl_go2\n'}
[3.614380] (unitree_legged_real) StdoutLine: {'line': b'-- Up-to-date: /ws/install/unitree_legged_real/lib/unitree_legged_real/go2_heightmap_node\n'}
[3.615606] (unitree_legged_real) StdoutLine: {'line': b'-- Up-to-date: /ws/install/unitree_legged_real/lib/unitree_legged_real/lcm_server\n'}
[3.615805] (unitree_legged_real) StdoutLine: {'line': b'-- Up-to-date: /ws/install/unitree_legged_real/share/ament_index/resource_index/package_run_dependencies/unitree_legged_real\n'}
[3.615894] (unitree_legged_real) StdoutLine: {'line': b'-- Up-to-date: /ws/install/unitree_legged_real/share/ament_index/resource_index/parent_prefix_path/unitree_legged_real\n'}
[3.616000] (unitree_legged_real) StdoutLine: {'line': b'-- Up-to-date: /ws/install/unitree_legged_real/share/unitree_legged_real/environment/ament_prefix_path.sh\n'}
[3.616084] (unitree_legged_real) StdoutLine: {'line': b'-- Up-to-date: /ws/install/unitree_legged_real/share/unitree_legged_real/environment/ament_prefix_path.dsv\n'}
[3.616162] (unitree_legged_real) StdoutLine: {'line': b'-- Up-to-date: /ws/install/unitree_legged_real/share/unitree_legged_real/environment/path.sh\n'}
[3.616230] (unitree_legged_real) StdoutLine: {'line': b'-- Up-to-date: /ws/install/unitree_legged_real/share/unitree_legged_real/environment/path.dsv\n'}
[3.616363] (unitree_legged_real) StdoutLine: {'line': b'-- Up-to-date: /ws/install/unitree_legged_real/share/unitree_legged_real/local_setup.bash\n'}
[3.616437] (unitree_legged_real) StdoutLine: {'line': b'-- Up-to-date: /ws/install/unitree_legged_real/share/unitree_legged_real/local_setup.sh\n'}
[3.616573] (unitree_legged_real) StdoutLine: {'line': b'-- Up-to-date: /ws/install/unitree_legged_real/share/unitree_legged_real/local_setup.zsh\n'}
[3.616653] (unitree_legged_real) StdoutLine: {'line': b'-- Up-to-date: /ws/install/unitree_legged_real/share/unitree_legged_real/local_setup.dsv\n'}
[3.616725] (unitree_legged_real) StdoutLine: {'line': b'-- Installing: /ws/install/unitree_legged_real/share/unitree_legged_real/package.dsv\n'}
[3.616808] (unitree_legged_real) StdoutLine: {'line': b'-- Up-to-date: /ws/install/unitree_legged_real/share/ament_index/resource_index/packages/unitree_legged_real\n'}
[3.616877] (unitree_legged_real) StdoutLine: {'line': b'-- Up-to-date: /ws/install/unitree_legged_real/share/unitree_legged_real/cmake/unitree_legged_realConfig.cmake\n'}
[3.616946] (unitree_legged_real) StdoutLine: {'line': b'-- Up-to-date: /ws/install/unitree_legged_real/share/unitree_legged_real/cmake/unitree_legged_realConfig-version.cmake\n'}
[3.617018] (unitree_legged_real) StdoutLine: {'line': b'-- Up-to-date: /ws/install/unitree_legged_real/share/unitree_legged_real/package.xml\n'}
[3.620646] (unitree_legged_real) CommandEnded: {'returncode': 0}
[3.659992] (unitree_ros2_example) StdoutLine: {'line': b'\x1b[35m\x1b[1mConsolidate compiler generated dependencies of target g1_low_level_example\x1b[0m\n'}
[3.662964] (unitree_legged_real) JobEnded: {'identifier': 'unitree_legged_real', 'rc': 0}
[3.669918] (-) TimerEvent: {}
[3.670121] (unitree_ros2_example) StdoutLine: {'line': b'\x1b[35m\x1b[1mConsolidate compiler generated dependencies of target low_level_ctrl\x1b[0m\n'}
[3.670301] (unitree_ros2_example) StdoutLine: {'line': b'\x1b[35m\x1b[1mConsolidate compiler generated dependencies of target low_level_ctrl_hg\x1b[0m\n'}
[3.676702] (unitree_ros2_example) StdoutLine: {'line': b'\x1b[35m\x1b[1mConsolidate compiler generated dependencies of target read_low_state\x1b[0m\n'}
[3.723385] (unitree_ros2_example) StdoutLine: {'line': b'[ 15%] Built target low_level_ctrl_hg\n'}
[3.726296] (unitree_ros2_example) StdoutLine: {'line': b'[ 30%] Built target low_level_ctrl\n'}
[3.731645] (unitree_ros2_example) StdoutLine: {'line': b'[ 45%] Built target g1_low_level_example\n'}
[3.737163] (unitree_ros2_example) StdoutLine: {'line': b'[ 55%] Built target read_low_state\n'}
[3.750930] (unitree_ros2_example) StdoutLine: {'line': b'\x1b[35m\x1b[1mConsolidate compiler generated dependencies of target read_low_state_hg\x1b[0m\n'}
[3.758049] (unitree_ros2_example) StdoutLine: {'line': b'\x1b[35m\x1b[1mConsolidate compiler generated dependencies of target read_wireless_controller\x1b[0m\n'}
[3.758410] (unitree_ros2_example) StdoutLine: {'line': b'\x1b[35m\x1b[1mConsolidate compiler generated dependencies of target read_motion_state\x1b[0m\n'}
[3.771662] (-) TimerEvent: {}
[3.788658] (unitree_ros2_example) StdoutLine: {'line': b'\x1b[35m\x1b[1mConsolidate compiler generated dependencies of target sport_mode_ctrl\x1b[0m\n'}
[3.803039] (unitree_ros2_example) StdoutLine: {'line': b'[ 65%] Built target read_wireless_controller\n'}
[3.810566] (unitree_ros2_example) StdoutLine: {'line': b'[ 75%] Built target read_low_state_hg\n'}
[3.823473] (unitree_ros2_example) StdoutLine: {'line': b'[ 85%] Built target read_motion_state\n'}
[3.841409] (unitree_ros2_example) StdoutLine: {'line': b'[100%] Built target sport_mode_ctrl\n'}
[3.862945] (unitree_ros2_example) CommandEnded: {'returncode': 0}
[3.863841] (unitree_ros2_example) JobProgress: {'identifier': 'unitree_ros2_example', 'progress': 'install'}
[3.864215] (unitree_ros2_example) Command: {'cmd': ['/usr/bin/cmake', '--install', '/ws/build/unitree_ros2_example'], 'cwd': '/ws/build/unitree_ros2_example', 'env': OrderedDict([('HOSTNAME', 'pi'), ('SHLVL', '1'), ('LD_LIBRARY_PATH', '/ws/install/unitree_hg/lib:/ws/install/unitree_go/lib:/ws/install/unitree_api/lib:/ws/libtorch/lib:/opt/ros/humble/lib/aarch64-linux-gnu:/opt/ros/humble/lib'), ('HOME', '/root'), ('OLDPWD', '/'), ('ROS_PYTHON_VERSION', '3'), ('ROS_DISTRO', 'humble'), ('_', '/usr/bin/colcon'), ('ROS_VERSION', '2'), ('TERM', 'xterm'), ('ROS_LOCALHOST_ONLY', '0'), ('PATH', '/opt/ros/humble/bin:/usr/local/sbin:/usr/local/bin:/usr/sbin:/usr/bin:/sbin:/bin'), ('LANG', 'C.UTF-8'), ('LS_COLORS', 'rs=0:di=01;34:ln=01;36:mh=00:pi=40;33:so=01;35:do=01;35:bd=40;33;01:cd=40;33;01:or=40;31;01:mi=00:su=37;41:sg=30;43:ca=30;41:tw=30;42:ow=34;42:st=37;44:ex=01;32:*.tar=01;31:*.tgz=01;31:*.arc=01;31:*.arj=01;31:*.taz=01;31:*.lha=01;31:*.lz4=01;31:*.lzh=01;31:*.lzma=01;31:*.tlz=01;31:*.txz=01;31:*.tzo=01;31:*.t7z=01;31:*.zip=01;31:*.z=01;31:*.dz=01;31:*.gz=01;31:*.lrz=01;31:*.lz=01;31:*.lzo=01;31:*.xz=01;31:*.zst=01;31:*.tzst=01;31:*.bz2=01;31:*.bz=01;31:*.tbz=01;31:*.tbz2=01;31:*.tz=01;31:*.deb=01;31:*.rpm=01;31:*.jar=01;31:*.war=01;31:*.ear=01;31:*.sar=01;31:*.rar=01;31:*.alz=01;31:*.ace=01;31:*.zoo=01;31:*.cpio=01;31:*.7z=01;31:*.rz=01;31:*.cab=01;31:*.wim=01;31:*.swm=01;31:*.dwm=01;31:*.esd=01;31:*.jpg=01;35:*.jpeg=01;35:*.mjpg=01;35:*.mjpeg=01;35:*.gif=01;35:*.bmp=01;35:*.pbm=01;35:*.pgm=01;35:*.ppm=01;35:*.tga=01;35:*.xbm=01;35:*.xpm=01;35:*.tif=01;35:*.tiff=01;35:*.png=01;35:*.svg=01;35:*.svgz=01;35:*.mng=01;35:*.pcx=01;35:*.mov=01;35:*.mpg=01;35:*.mpeg=01;35:*.m2v=01;35:*.mkv=01;35:*.webm=01;35:*.webp=01;35:*.ogm=01;35:*.mp4=01;35:*.m4v=01;35:*.mp4v=01;35:*.vob=01;35:*.qt=01;35:*.nuv=01;35:*.wmv=01;35:*.asf=01;35:*.rm=01;35:*.rmvb=01;35:*.flc=01;35:*.avi=01;35:*.fli=01;35:*.flv=01;35:*.gl=01;35:*.dl=01;35:*.xcf=01;35:*.xwd=01;35:*.yuv=01;35:*.cgm=01;35:*.emf=01;35:*.ogv=01;35:*.ogx=01;35:*.aac=00;36:*.au=00;36:*.flac=00;36:*.m4a=00;36:*.mid=00;36:*.midi=00;36:*.mka=00;36:*.mp3=00;36:*.mpc=00;36:*.ogg=00;36:*.ra=00;36:*.wav=00;36:*.oga=00;36:*.opus=00;36:*.spx=00;36:*.xspf=00;36:'), ('AMENT_PREFIX_PATH', '/ws/install/unitree_hg:/ws/install/unitree_go:/ws/install/unitree_api:/opt/ros/humble'), ('DEBIAN_FRONTEND', 'noninteractive'), ('Torch_DIR', '/ws/libtorch/share/cmake/Torch'), ('PWD', '/ws/build/unitree_ros2_example'), ('LC_ALL', 'C.UTF-8'), ('PYTHONPATH', '/ws/install/unitree_hg/local/lib/python3.10/dist-packages:/ws/install/unitree_go/local/lib/python3.10/dist-packages:/ws/install/unitree_api/local/lib/python3.10/dist-packages:/opt/ros/humble/lib/python3.10/site-packages:/opt/ros/humble/local/lib/python3.10/dist-packages'), ('COLCON', '1'), ('CMAKE_PREFIX_PATH', '/ws/install/unitree_hg:/ws/install/unitree_go:/ws/install/unitree_api:/ws/libtorch:/opt/ros/humble')]), 'shell': False}
[3.871705] (-) TimerEvent: {}
[3.883205] (unitree_ros2_example) StdoutLine: {'line': b'-- Install configuration: ""\n'}
[3.883520] (unitree_ros2_example) StdoutLine: {'line': b'-- Up-to-date: /ws/install/unitree_ros2_example/bin/low_level_ctrl\n'}
[3.883996] (unitree_ros2_example) StdoutLine: {'line': b'-- Up-to-date: /ws/install/unitree_ros2_example/bin/low_level_ctrl_hg\n'}
[3.884441] (unitree_ros2_example) StdoutLine: {'line': b'-- Up-to-date: /ws/install/unitree_ros2_example/bin/g1_low_level_example\n'}
[3.884904] (unitree_ros2_example) StdoutLine: {'line': b'-- Up-to-date: /ws/install/unitree_ros2_example/bin/read_low_state\n'}
[3.885340] (unitree_ros2_example) StdoutLine: {'line': b'-- Up-to-date: /ws/install/unitree_ros2_example/bin/read_low_state_hg\n'}
[3.885797] (unitree_ros2_example) StdoutLine: {'line': b'-- Up-to-date: /ws/install/unitree_ros2_example/bin/read_motion_state\n'}
[3.886230] (unitree_ros2_example) StdoutLine: {'line': b'-- Up-to-date: /ws/install/unitree_ros2_example/bin/read_wireless_controller\n'}
[3.886676] (unitree_ros2_example) StdoutLine: {'line': b'-- Up-to-date: /ws/install/unitree_ros2_example/bin/sport_mode_ctrl\n'}
[3.886952] (unitree_ros2_example) StdoutLine: {'line': b'-- Up-to-date: /ws/install/unitree_ros2_example/share/ament_index/resource_index/package_run_dependencies/unitree_ros2_example\n'}
[3.887052] (unitree_ros2_example) StdoutLine: {'line': b'-- Up-to-date: /ws/install/unitree_ros2_example/share/ament_index/resource_index/parent_prefix_path/unitree_ros2_example\n'}
[3.887165] (unitree_ros2_example) StdoutLine: {'line': b'-- Up-to-date: /ws/install/unitree_ros2_example/share/unitree_ros2_example/environment/ament_prefix_path.sh\n'}
[3.887279] (unitree_ros2_example) StdoutLine: {'line': b'-- Up-to-date: /ws/install/unitree_ros2_example/share/unitree_ros2_example/environment/ament_prefix_path.dsv\n'}
[3.887356] (unitree_ros2_example) StdoutLine: {'line': b'-- Up-to-date: /ws/install/unitree_ros2_example/share/unitree_ros2_example/environment/path.sh\n'}
[3.887483] (unitree_ros2_example) StdoutLine: {'line': b'-- Up-to-date: /ws/install/unitree_ros2_example/share/unitree_ros2_example/environment/path.dsv\n'}
[3.887589] (unitree_ros2_example) StdoutLine: {'line': b'-- Up-to-date: /ws/install/unitree_ros2_example/share/unitree_ros2_example/local_setup.bash\n'}
[3.887658] (unitree_ros2_example) StdoutLine: {'line': b'-- Up-to-date: /ws/install/unitree_ros2_example/share/unitree_ros2_example/local_setup.sh\n'}
[3.887725] (unitree_ros2_example) StdoutLine: {'line': b'-- Up-to-date: /ws/install/unitree_ros2_example/share/unitree_ros2_example/local_setup.zsh\n'}
[3.887789] (unitree_ros2_example) StdoutLine: {'line': b'-- Up-to-date: /ws/install/unitree_ros2_example/share/unitree_ros2_example/local_setup.dsv\n'}
[3.887851] (unitree_ros2_example) StdoutLine: {'line': b'-- Installing: /ws/install/unitree_ros2_example/share/unitree_ros2_example/package.dsv\n'}
[3.887935] (unitree_ros2_example) StdoutLine: {'line': b'-- Up-to-date: /ws/install/unitree_ros2_example/share/ament_index/resource_index/packages/unitree_ros2_example\n'}
[3.888045] (unitree_ros2_example) StdoutLine: {'line': b'-- Up-to-date: /ws/install/unitree_ros2_example/share/unitree_ros2_example/cmake/unitree_ros2_exampleConfig.cmake\n'}
[3.888121] (unitree_ros2_example) StdoutLine: {'line': b'-- Up-to-date: /ws/install/unitree_ros2_example/share/unitree_ros2_example/cmake/unitree_ros2_exampleConfig-version.cmake\n'}
[3.888210] (unitree_ros2_example) StdoutLine: {'line': b'-- Up-to-date: /ws/install/unitree_ros2_example/share/unitree_ros2_example/package.xml\n'}
[3.891454] (unitree_ros2_example) CommandEnded: {'returncode': 0}
[3.919158] (unitree_ros2_example) JobEnded: {'identifier': 'unitree_ros2_example', 'rc': 0}
[3.923729] (-) EventReactorShutdown: {}
