[0.180s] DEBUG:colcon:Command line arguments: ['/usr/bin/colcon', 'build', '--packages-skip', 'unitree_mujoco']
[0.181s] DEBUG:colcon:Parsed command line arguments: Namespace(log_base=None, log_level=None, verb_name='build', build_base='build', install_base='install', merge_install=False, symlink_install=False, test_result_base=None, continue_on_error=False, executor='parallel', parallel_workers=4, event_handlers=None, ignore_user_meta=False, metas=['./colcon.meta'], base_paths=['.'], packages_ignore=None, packages_ignore_regex=None, paths=None, packages_up_to=None, packages_up_to_regex=None, packages_above=None, packages_above_and_dependencies=None, packages_above_depth=None, packages_select_by_dep=None, packages_skip_by_dep=None, packages_skip_up_to=None, packages_select_build_failed=False, packages_skip_build_finished=False, packages_select_test_failures=False, packages_skip_test_passed=False, packages_select=None, packages_skip=['unitree_mujoco'], packages_select_regex=None, packages_skip_regex=None, packages_start=None, packages_end=None, cmake_args=None, cmake_target=None, cmake_target_skip_unavailable=False, cmake_clean_cache=False, cmake_clean_first=False, cmake_force_configure=False, ament_cmake_args=None, catkin_cmake_args=None, catkin_skip_building_tests=False, mixin_files=None, mixin=None, verb_parser=<colcon_mixin.mixin.mixin_argument.MixinArgumentDecorator object at 0xffff9999eaa0>, verb_extension=<colcon_core.verb.build.BuildVerb object at 0xffff9999de40>, main=<bound method BuildVerb.main of <colcon_core.verb.build.BuildVerb object at 0xffff9999de40>>, mixin_verb=('build',))
[0.359s] Level 1:colcon.colcon_core.package_discovery:discover_packages(colcon_meta) check parameters
[0.360s] INFO:colcon.colcon_metadata.package_discovery.colcon_meta:Using configuration from '/root/.colcon/metadata/default/Gazebo.meta'
[0.361s] INFO:colcon.colcon_metadata.package_discovery.colcon_meta:Using configuration from '/root/.colcon/metadata/default/fastdds.meta'
[0.361s] INFO:colcon.colcon_metadata.package_discovery.colcon_meta:Using configuration from '/root/.colcon/metadata/default/fastrtps.meta'
[0.361s] Level 1:colcon.colcon_core.package_discovery:discover_packages(recursive) check parameters
[0.361s] Level 1:colcon.colcon_core.package_discovery:discover_packages(ignore) check parameters
[0.361s] Level 1:colcon.colcon_core.package_discovery:discover_packages(path) check parameters
[0.361s] Level 1:colcon.colcon_core.package_discovery:discover_packages(colcon_meta) discover
[0.362s] Level 1:colcon.colcon_core.package_discovery:discover_packages(recursive) discover
[0.362s] INFO:colcon.colcon_core.package_discovery:Crawling recursively for packages in '/ws'
[0.362s] Level 1:colcon.colcon_core.package_identification:_identify(.) by extensions ['ignore', 'ignore_ament_install']
[0.362s] Level 1:colcon.colcon_core.package_identification:_identify(.) by extension 'ignore'
[0.362s] Level 1:colcon.colcon_core.package_identification:_identify(.) by extension 'ignore_ament_install'
[0.362s] Level 1:colcon.colcon_core.package_identification:_identify(.) by extensions ['colcon_pkg']
[0.362s] Level 1:colcon.colcon_core.package_identification:_identify(.) by extension 'colcon_pkg'
[0.362s] Level 1:colcon.colcon_core.package_identification:_identify(.) by extensions ['colcon_meta']
[0.362s] Level 1:colcon.colcon_core.package_identification:_identify(.) by extension 'colcon_meta'
[0.362s] Level 1:colcon.colcon_core.package_identification:_identify(.) by extensions ['ros']
[0.362s] Level 1:colcon.colcon_core.package_identification:_identify(.) by extension 'ros'
[0.378s] Level 1:colcon.colcon_core.package_identification:_identify(.) by extensions ['cmake', 'python']
[0.378s] Level 1:colcon.colcon_core.package_identification:_identify(.) by extension 'cmake'
[0.379s] Level 1:colcon.colcon_core.package_identification:_identify(.) by extension 'python'
[0.379s] Level 1:colcon.colcon_core.package_identification:_identify(.) by extensions ['python_setup_py']
[0.379s] Level 1:colcon.colcon_core.package_identification:_identify(.) by extension 'python_setup_py'
[0.379s] Level 1:colcon.colcon_core.package_identification:_identify(build) by extensions ['ignore', 'ignore_ament_install']
[0.379s] Level 1:colcon.colcon_core.package_identification:_identify(build) by extension 'ignore'
[0.379s] Level 1:colcon.colcon_core.package_identification:_identify(build) ignored
[0.379s] Level 1:colcon.colcon_core.package_identification:_identify(img) by extensions ['ignore', 'ignore_ament_install']
[0.379s] Level 1:colcon.colcon_core.package_identification:_identify(img) by extension 'ignore'
[0.379s] Level 1:colcon.colcon_core.package_identification:_identify(img) by extension 'ignore_ament_install'
[0.380s] Level 1:colcon.colcon_core.package_identification:_identify(img) by extensions ['colcon_pkg']
[0.380s] Level 1:colcon.colcon_core.package_identification:_identify(img) by extension 'colcon_pkg'
[0.380s] Level 1:colcon.colcon_core.package_identification:_identify(img) by extensions ['colcon_meta']
[0.380s] Level 1:colcon.colcon_core.package_identification:_identify(img) by extension 'colcon_meta'
[0.380s] Level 1:colcon.colcon_core.package_identification:_identify(img) by extensions ['ros']
[0.380s] Level 1:colcon.colcon_core.package_identification:_identify(img) by extension 'ros'
[0.380s] Level 1:colcon.colcon_core.package_identification:_identify(img) by extensions ['cmake', 'python']
[0.380s] Level 1:colcon.colcon_core.package_identification:_identify(img) by extension 'cmake'
[0.380s] Level 1:colcon.colcon_core.package_identification:_identify(img) by extension 'python'
[0.380s] Level 1:colcon.colcon_core.package_identification:_identify(img) by extensions ['python_setup_py']
[0.380s] Level 1:colcon.colcon_core.package_identification:_identify(img) by extension 'python_setup_py'
[0.380s] Level 1:colcon.colcon_core.package_identification:_identify(install) by extensions ['ignore', 'ignore_ament_install']
[0.380s] Level 1:colcon.colcon_core.package_identification:_identify(install) by extension 'ignore'
[0.380s] Level 1:colcon.colcon_core.package_identification:_identify(install) ignored
[0.380s] Level 1:colcon.colcon_core.package_identification:_identify(libtorch) by extensions ['ignore', 'ignore_ament_install']
[0.380s] Level 1:colcon.colcon_core.package_identification:_identify(libtorch) by extension 'ignore'
[0.381s] Level 1:colcon.colcon_core.package_identification:_identify(libtorch) by extension 'ignore_ament_install'
[0.381s] Level 1:colcon.colcon_core.package_identification:_identify(libtorch) by extensions ['colcon_pkg']
[0.381s] Level 1:colcon.colcon_core.package_identification:_identify(libtorch) by extension 'colcon_pkg'
[0.381s] Level 1:colcon.colcon_core.package_identification:_identify(libtorch) by extensions ['colcon_meta']
[0.381s] Level 1:colcon.colcon_core.package_identification:_identify(libtorch) by extension 'colcon_meta'
[0.381s] Level 1:colcon.colcon_core.package_identification:_identify(libtorch) by extensions ['ros']
[0.381s] Level 1:colcon.colcon_core.package_identification:_identify(libtorch) by extension 'ros'
[0.381s] Level 1:colcon.colcon_core.package_identification:_identify(libtorch) by extensions ['cmake', 'python']
[0.381s] Level 1:colcon.colcon_core.package_identification:_identify(libtorch) by extension 'cmake'
[0.381s] Level 1:colcon.colcon_core.package_identification:_identify(libtorch) by extension 'python'
[0.381s] Level 1:colcon.colcon_core.package_identification:_identify(libtorch) by extensions ['python_setup_py']
[0.381s] Level 1:colcon.colcon_core.package_identification:_identify(libtorch) by extension 'python_setup_py'
[0.381s] Level 1:colcon.colcon_core.package_identification:_identify(libtorch/bin) by extensions ['ignore', 'ignore_ament_install']
[0.381s] Level 1:colcon.colcon_core.package_identification:_identify(libtorch/bin) by extension 'ignore'
[0.381s] Level 1:colcon.colcon_core.package_identification:_identify(libtorch/bin) by extension 'ignore_ament_install'
[0.381s] Level 1:colcon.colcon_core.package_identification:_identify(libtorch/bin) by extensions ['colcon_pkg']
[0.381s] Level 1:colcon.colcon_core.package_identification:_identify(libtorch/bin) by extension 'colcon_pkg'
[0.382s] Level 1:colcon.colcon_core.package_identification:_identify(libtorch/bin) by extensions ['colcon_meta']
[0.382s] Level 1:colcon.colcon_core.package_identification:_identify(libtorch/bin) by extension 'colcon_meta'
[0.382s] Level 1:colcon.colcon_core.package_identification:_identify(libtorch/bin) by extensions ['ros']
[0.382s] Level 1:colcon.colcon_core.package_identification:_identify(libtorch/bin) by extension 'ros'
[0.382s] Level 1:colcon.colcon_core.package_identification:_identify(libtorch/bin) by extensions ['cmake', 'python']
[0.382s] Level 1:colcon.colcon_core.package_identification:_identify(libtorch/bin) by extension 'cmake'
[0.382s] Level 1:colcon.colcon_core.package_identification:_identify(libtorch/bin) by extension 'python'
[0.382s] Level 1:colcon.colcon_core.package_identification:_identify(libtorch/bin) by extensions ['python_setup_py']
[0.382s] Level 1:colcon.colcon_core.package_identification:_identify(libtorch/bin) by extension 'python_setup_py'
[0.382s] Level 1:colcon.colcon_core.package_identification:_identify(libtorch/include) by extensions ['ignore', 'ignore_ament_install']
[0.382s] Level 1:colcon.colcon_core.package_identification:_identify(libtorch/include) by extension 'ignore'
[0.382s] Level 1:colcon.colcon_core.package_identification:_identify(libtorch/include) by extension 'ignore_ament_install'
[0.382s] Level 1:colcon.colcon_core.package_identification:_identify(libtorch/include) by extensions ['colcon_pkg']
[0.382s] Level 1:colcon.colcon_core.package_identification:_identify(libtorch/include) by extension 'colcon_pkg'
[0.382s] Level 1:colcon.colcon_core.package_identification:_identify(libtorch/include) by extensions ['colcon_meta']
[0.382s] Level 1:colcon.colcon_core.package_identification:_identify(libtorch/include) by extension 'colcon_meta'
[0.382s] Level 1:colcon.colcon_core.package_identification:_identify(libtorch/include) by extensions ['ros']
[0.382s] Level 1:colcon.colcon_core.package_identification:_identify(libtorch/include) by extension 'ros'
[0.382s] Level 1:colcon.colcon_core.package_identification:_identify(libtorch/include) by extensions ['cmake', 'python']
[0.383s] Level 1:colcon.colcon_core.package_identification:_identify(libtorch/include) by extension 'cmake'
[0.383s] Level 1:colcon.colcon_core.package_identification:_identify(libtorch/include) by extension 'python'
[0.383s] Level 1:colcon.colcon_core.package_identification:_identify(libtorch/include) by extensions ['python_setup_py']
[0.383s] Level 1:colcon.colcon_core.package_identification:_identify(libtorch/include) by extension 'python_setup_py'
[0.383s] Level 1:colcon.colcon_core.package_identification:_identify(libtorch/include/ATen) by extensions ['ignore', 'ignore_ament_install']
[0.383s] Level 1:colcon.colcon_core.package_identification:_identify(libtorch/include/ATen) by extension 'ignore'
[0.383s] Level 1:colcon.colcon_core.package_identification:_identify(libtorch/include/ATen) by extension 'ignore_ament_install'
[0.383s] Level 1:colcon.colcon_core.package_identification:_identify(libtorch/include/ATen) by extensions ['colcon_pkg']
[0.383s] Level 1:colcon.colcon_core.package_identification:_identify(libtorch/include/ATen) by extension 'colcon_pkg'
[0.383s] Level 1:colcon.colcon_core.package_identification:_identify(libtorch/include/ATen) by extensions ['colcon_meta']
[0.383s] Level 1:colcon.colcon_core.package_identification:_identify(libtorch/include/ATen) by extension 'colcon_meta'
[0.383s] Level 1:colcon.colcon_core.package_identification:_identify(libtorch/include/ATen) by extensions ['ros']
[0.383s] Level 1:colcon.colcon_core.package_identification:_identify(libtorch/include/ATen) by extension 'ros'
[0.383s] Level 1:colcon.colcon_core.package_identification:_identify(libtorch/include/ATen) by extensions ['cmake', 'python']
[0.383s] Level 1:colcon.colcon_core.package_identification:_identify(libtorch/include/ATen) by extension 'cmake'
[0.383s] Level 1:colcon.colcon_core.package_identification:_identify(libtorch/include/ATen) by extension 'python'
[0.384s] Level 1:colcon.colcon_core.package_identification:_identify(libtorch/include/ATen) by extensions ['python_setup_py']
[0.384s] Level 1:colcon.colcon_core.package_identification:_identify(libtorch/include/ATen) by extension 'python_setup_py'
[0.384s] Level 1:colcon.colcon_core.package_identification:_identify(libtorch/include/ATen/core) by extensions ['ignore', 'ignore_ament_install']
[0.384s] Level 1:colcon.colcon_core.package_identification:_identify(libtorch/include/ATen/core) by extension 'ignore'
[0.384s] Level 1:colcon.colcon_core.package_identification:_identify(libtorch/include/ATen/core) by extension 'ignore_ament_install'
[0.384s] Level 1:colcon.colcon_core.package_identification:_identify(libtorch/include/ATen/core) by extensions ['colcon_pkg']
[0.384s] Level 1:colcon.colcon_core.package_identification:_identify(libtorch/include/ATen/core) by extension 'colcon_pkg'
[0.384s] Level 1:colcon.colcon_core.package_identification:_identify(libtorch/include/ATen/core) by extensions ['colcon_meta']
[0.384s] Level 1:colcon.colcon_core.package_identification:_identify(libtorch/include/ATen/core) by extension 'colcon_meta'
[0.384s] Level 1:colcon.colcon_core.package_identification:_identify(libtorch/include/ATen/core) by extensions ['ros']
[0.384s] Level 1:colcon.colcon_core.package_identification:_identify(libtorch/include/ATen/core) by extension 'ros'
[0.384s] Level 1:colcon.colcon_core.package_identification:_identify(libtorch/include/ATen/core) by extensions ['cmake', 'python']
[0.384s] Level 1:colcon.colcon_core.package_identification:_identify(libtorch/include/ATen/core) by extension 'cmake'
[0.384s] Level 1:colcon.colcon_core.package_identification:_identify(libtorch/include/ATen/core) by extension 'python'
[0.384s] Level 1:colcon.colcon_core.package_identification:_identify(libtorch/include/ATen/core) by extensions ['python_setup_py']
[0.384s] Level 1:colcon.colcon_core.package_identification:_identify(libtorch/include/ATen/core) by extension 'python_setup_py'
[0.385s] Level 1:colcon.colcon_core.package_identification:_identify(libtorch/include/ATen/core/boxing) by extensions ['ignore', 'ignore_ament_install']
[0.385s] Level 1:colcon.colcon_core.package_identification:_identify(libtorch/include/ATen/core/boxing) by extension 'ignore'
[0.385s] Level 1:colcon.colcon_core.package_identification:_identify(libtorch/include/ATen/core/boxing) by extension 'ignore_ament_install'
[0.385s] Level 1:colcon.colcon_core.package_identification:_identify(libtorch/include/ATen/core/boxing) by extensions ['colcon_pkg']
[0.385s] Level 1:colcon.colcon_core.package_identification:_identify(libtorch/include/ATen/core/boxing) by extension 'colcon_pkg'
[0.385s] Level 1:colcon.colcon_core.package_identification:_identify(libtorch/include/ATen/core/boxing) by extensions ['colcon_meta']
[0.385s] Level 1:colcon.colcon_core.package_identification:_identify(libtorch/include/ATen/core/boxing) by extension 'colcon_meta'
[0.385s] Level 1:colcon.colcon_core.package_identification:_identify(libtorch/include/ATen/core/boxing) by extensions ['ros']
[0.385s] Level 1:colcon.colcon_core.package_identification:_identify(libtorch/include/ATen/core/boxing) by extension 'ros'
[0.385s] Level 1:colcon.colcon_core.package_identification:_identify(libtorch/include/ATen/core/boxing) by extensions ['cmake', 'python']
[0.385s] Level 1:colcon.colcon_core.package_identification:_identify(libtorch/include/ATen/core/boxing) by extension 'cmake'
[0.385s] Level 1:colcon.colcon_core.package_identification:_identify(libtorch/include/ATen/core/boxing) by extension 'python'
[0.385s] Level 1:colcon.colcon_core.package_identification:_identify(libtorch/include/ATen/core/boxing) by extensions ['python_setup_py']
[0.385s] Level 1:colcon.colcon_core.package_identification:_identify(libtorch/include/ATen/core/boxing) by extension 'python_setup_py'
[0.385s] Level 1:colcon.colcon_core.package_identification:_identify(libtorch/include/ATen/core/boxing/impl) by extensions ['ignore', 'ignore_ament_install']
[0.385s] Level 1:colcon.colcon_core.package_identification:_identify(libtorch/include/ATen/core/boxing/impl) by extension 'ignore'
[0.385s] Level 1:colcon.colcon_core.package_identification:_identify(libtorch/include/ATen/core/boxing/impl) by extension 'ignore_ament_install'
[0.386s] Level 1:colcon.colcon_core.package_identification:_identify(libtorch/include/ATen/core/boxing/impl) by extensions ['colcon_pkg']
[0.386s] Level 1:colcon.colcon_core.package_identification:_identify(libtorch/include/ATen/core/boxing/impl) by extension 'colcon_pkg'
[0.386s] Level 1:colcon.colcon_core.package_identification:_identify(libtorch/include/ATen/core/boxing/impl) by extensions ['colcon_meta']
[0.386s] Level 1:colcon.colcon_core.package_identification:_identify(libtorch/include/ATen/core/boxing/impl) by extension 'colcon_meta'
[0.386s] Level 1:colcon.colcon_core.package_identification:_identify(libtorch/include/ATen/core/boxing/impl) by extensions ['ros']
[0.386s] Level 1:colcon.colcon_core.package_identification:_identify(libtorch/include/ATen/core/boxing/impl) by extension 'ros'
[0.386s] Level 1:colcon.colcon_core.package_identification:_identify(libtorch/include/ATen/core/boxing/impl) by extensions ['cmake', 'python']
[0.386s] Level 1:colcon.colcon_core.package_identification:_identify(libtorch/include/ATen/core/boxing/impl) by extension 'cmake'
[0.386s] Level 1:colcon.colcon_core.package_identification:_identify(libtorch/include/ATen/core/boxing/impl) by extension 'python'
[0.386s] Level 1:colcon.colcon_core.package_identification:_identify(libtorch/include/ATen/core/boxing/impl) by extensions ['python_setup_py']
[0.386s] Level 1:colcon.colcon_core.package_identification:_identify(libtorch/include/ATen/core/boxing/impl) by extension 'python_setup_py'
[0.386s] Level 1:colcon.colcon_core.package_identification:_identify(libtorch/include/ATen/core/dispatch) by extensions ['ignore', 'ignore_ament_install']
[0.386s] Level 1:colcon.colcon_core.package_identification:_identify(libtorch/include/ATen/core/dispatch) by extension 'ignore'
[0.386s] Level 1:colcon.colcon_core.package_identification:_identify(libtorch/include/ATen/core/dispatch) by extension 'ignore_ament_install'
[0.386s] Level 1:colcon.colcon_core.package_identification:_identify(libtorch/include/ATen/core/dispatch) by extensions ['colcon_pkg']
[0.386s] Level 1:colcon.colcon_core.package_identification:_identify(libtorch/include/ATen/core/dispatch) by extension 'colcon_pkg'
[0.386s] Level 1:colcon.colcon_core.package_identification:_identify(libtorch/include/ATen/core/dispatch) by extensions ['colcon_meta']
[0.386s] Level 1:colcon.colcon_core.package_identification:_identify(libtorch/include/ATen/core/dispatch) by extension 'colcon_meta'
[0.387s] Level 1:colcon.colcon_core.package_identification:_identify(libtorch/include/ATen/core/dispatch) by extensions ['ros']
[0.387s] Level 1:colcon.colcon_core.package_identification:_identify(libtorch/include/ATen/core/dispatch) by extension 'ros'
[0.387s] Level 1:colcon.colcon_core.package_identification:_identify(libtorch/include/ATen/core/dispatch) by extensions ['cmake', 'python']
[0.387s] Level 1:colcon.colcon_core.package_identification:_identify(libtorch/include/ATen/core/dispatch) by extension 'cmake'
[0.387s] Level 1:colcon.colcon_core.package_identification:_identify(libtorch/include/ATen/core/dispatch) by extension 'python'
[0.387s] Level 1:colcon.colcon_core.package_identification:_identify(libtorch/include/ATen/core/dispatch) by extensions ['python_setup_py']
[0.387s] Level 1:colcon.colcon_core.package_identification:_identify(libtorch/include/ATen/core/dispatch) by extension 'python_setup_py'
[0.387s] Level 1:colcon.colcon_core.package_identification:_identify(libtorch/include/ATen/core/op_registration) by extensions ['ignore', 'ignore_ament_install']
[0.387s] Level 1:colcon.colcon_core.package_identification:_identify(libtorch/include/ATen/core/op_registration) by extension 'ignore'
[0.387s] Level 1:colcon.colcon_core.package_identification:_identify(libtorch/include/ATen/core/op_registration) by extension 'ignore_ament_install'
[0.387s] Level 1:colcon.colcon_core.package_identification:_identify(libtorch/include/ATen/core/op_registration) by extensions ['colcon_pkg']
[0.387s] Level 1:colcon.colcon_core.package_identification:_identify(libtorch/include/ATen/core/op_registration) by extension 'colcon_pkg'
[0.387s] Level 1:colcon.colcon_core.package_identification:_identify(libtorch/include/ATen/core/op_registration) by extensions ['colcon_meta']
[0.387s] Level 1:colcon.colcon_core.package_identification:_identify(libtorch/include/ATen/core/op_registration) by extension 'colcon_meta'
[0.387s] Level 1:colcon.colcon_core.package_identification:_identify(libtorch/include/ATen/core/op_registration) by extensions ['ros']
[0.387s] Level 1:colcon.colcon_core.package_identification:_identify(libtorch/include/ATen/core/op_registration) by extension 'ros'
[0.387s] Level 1:colcon.colcon_core.package_identification:_identify(libtorch/include/ATen/core/op_registration) by extensions ['cmake', 'python']
[0.387s] Level 1:colcon.colcon_core.package_identification:_identify(libtorch/include/ATen/core/op_registration) by extension 'cmake'
[0.387s] Level 1:colcon.colcon_core.package_identification:_identify(libtorch/include/ATen/core/op_registration) by extension 'python'
[0.388s] Level 1:colcon.colcon_core.package_identification:_identify(libtorch/include/ATen/core/op_registration) by extensions ['python_setup_py']
[0.388s] Level 1:colcon.colcon_core.package_identification:_identify(libtorch/include/ATen/core/op_registration) by extension 'python_setup_py'
[0.388s] Level 1:colcon.colcon_core.package_identification:_identify(libtorch/include/ATen/cpu) by extensions ['ignore', 'ignore_ament_install']
[0.388s] Level 1:colcon.colcon_core.package_identification:_identify(libtorch/include/ATen/cpu) by extension 'ignore'
[0.388s] Level 1:colcon.colcon_core.package_identification:_identify(libtorch/include/ATen/cpu) by extension 'ignore_ament_install'
[0.388s] Level 1:colcon.colcon_core.package_identification:_identify(libtorch/include/ATen/cpu) by extensions ['colcon_pkg']
[0.388s] Level 1:colcon.colcon_core.package_identification:_identify(libtorch/include/ATen/cpu) by extension 'colcon_pkg'
[0.388s] Level 1:colcon.colcon_core.package_identification:_identify(libtorch/include/ATen/cpu) by extensions ['colcon_meta']
[0.388s] Level 1:colcon.colcon_core.package_identification:_identify(libtorch/include/ATen/cpu) by extension 'colcon_meta'
[0.388s] Level 1:colcon.colcon_core.package_identification:_identify(libtorch/include/ATen/cpu) by extensions ['ros']
[0.388s] Level 1:colcon.colcon_core.package_identification:_identify(libtorch/include/ATen/cpu) by extension 'ros'
[0.388s] Level 1:colcon.colcon_core.package_identification:_identify(libtorch/include/ATen/cpu) by extensions ['cmake', 'python']
[0.388s] Level 1:colcon.colcon_core.package_identification:_identify(libtorch/include/ATen/cpu) by extension 'cmake'
[0.388s] Level 1:colcon.colcon_core.package_identification:_identify(libtorch/include/ATen/cpu) by extension 'python'
[0.388s] Level 1:colcon.colcon_core.package_identification:_identify(libtorch/include/ATen/cpu) by extensions ['python_setup_py']
[0.388s] Level 1:colcon.colcon_core.package_identification:_identify(libtorch/include/ATen/cpu) by extension 'python_setup_py'
[0.388s] Level 1:colcon.colcon_core.package_identification:_identify(libtorch/include/ATen/cpu/vec256) by extensions ['ignore', 'ignore_ament_install']
[0.389s] Level 1:colcon.colcon_core.package_identification:_identify(libtorch/include/ATen/cpu/vec256) by extension 'ignore'
[0.389s] Level 1:colcon.colcon_core.package_identification:_identify(libtorch/include/ATen/cpu/vec256) by extension 'ignore_ament_install'
[0.389s] Level 1:colcon.colcon_core.package_identification:_identify(libtorch/include/ATen/cpu/vec256) by extensions ['colcon_pkg']
[0.389s] Level 1:colcon.colcon_core.package_identification:_identify(libtorch/include/ATen/cpu/vec256) by extension 'colcon_pkg'
[0.389s] Level 1:colcon.colcon_core.package_identification:_identify(libtorch/include/ATen/cpu/vec256) by extensions ['colcon_meta']
[0.389s] Level 1:colcon.colcon_core.package_identification:_identify(libtorch/include/ATen/cpu/vec256) by extension 'colcon_meta'
[0.389s] Level 1:colcon.colcon_core.package_identification:_identify(libtorch/include/ATen/cpu/vec256) by extensions ['ros']
[0.389s] Level 1:colcon.colcon_core.package_identification:_identify(libtorch/include/ATen/cpu/vec256) by extension 'ros'
[0.389s] Level 1:colcon.colcon_core.package_identification:_identify(libtorch/include/ATen/cpu/vec256) by extensions ['cmake', 'python']
[0.389s] Level 1:colcon.colcon_core.package_identification:_identify(libtorch/include/ATen/cpu/vec256) by extension 'cmake'
[0.389s] Level 1:colcon.colcon_core.package_identification:_identify(libtorch/include/ATen/cpu/vec256) by extension 'python'
[0.389s] Level 1:colcon.colcon_core.package_identification:_identify(libtorch/include/ATen/cpu/vec256) by extensions ['python_setup_py']
[0.389s] Level 1:colcon.colcon_core.package_identification:_identify(libtorch/include/ATen/cpu/vec256) by extension 'python_setup_py'
[0.389s] Level 1:colcon.colcon_core.package_identification:_identify(libtorch/include/ATen/cuda) by extensions ['ignore', 'ignore_ament_install']
[0.389s] Level 1:colcon.colcon_core.package_identification:_identify(libtorch/include/ATen/cuda) by extension 'ignore'
[0.389s] Level 1:colcon.colcon_core.package_identification:_identify(libtorch/include/ATen/cuda) by extension 'ignore_ament_install'
[0.389s] Level 1:colcon.colcon_core.package_identification:_identify(libtorch/include/ATen/cuda) by extensions ['colcon_pkg']
[0.389s] Level 1:colcon.colcon_core.package_identification:_identify(libtorch/include/ATen/cuda) by extension 'colcon_pkg'
[0.389s] Level 1:colcon.colcon_core.package_identification:_identify(libtorch/include/ATen/cuda) by extensions ['colcon_meta']
[0.390s] Level 1:colcon.colcon_core.package_identification:_identify(libtorch/include/ATen/cuda) by extension 'colcon_meta'
[0.390s] Level 1:colcon.colcon_core.package_identification:_identify(libtorch/include/ATen/cuda) by extensions ['ros']
[0.390s] Level 1:colcon.colcon_core.package_identification:_identify(libtorch/include/ATen/cuda) by extension 'ros'
[0.390s] Level 1:colcon.colcon_core.package_identification:_identify(libtorch/include/ATen/cuda) by extensions ['cmake', 'python']
[0.390s] Level 1:colcon.colcon_core.package_identification:_identify(libtorch/include/ATen/cuda) by extension 'cmake'
[0.390s] Level 1:colcon.colcon_core.package_identification:_identify(libtorch/include/ATen/cuda) by extension 'python'
[0.390s] Level 1:colcon.colcon_core.package_identification:_identify(libtorch/include/ATen/cuda) by extensions ['python_setup_py']
[0.390s] Level 1:colcon.colcon_core.package_identification:_identify(libtorch/include/ATen/cuda) by extension 'python_setup_py'
[0.390s] Level 1:colcon.colcon_core.package_identification:_identify(libtorch/include/ATen/cuda/detail) by extensions ['ignore', 'ignore_ament_install']
[0.390s] Level 1:colcon.colcon_core.package_identification:_identify(libtorch/include/ATen/cuda/detail) by extension 'ignore'
[0.390s] Level 1:colcon.colcon_core.package_identification:_identify(libtorch/include/ATen/cuda/detail) by extension 'ignore_ament_install'
[0.390s] Level 1:colcon.colcon_core.package_identification:_identify(libtorch/include/ATen/cuda/detail) by extensions ['colcon_pkg']
[0.390s] Level 1:colcon.colcon_core.package_identification:_identify(libtorch/include/ATen/cuda/detail) by extension 'colcon_pkg'
[0.390s] Level 1:colcon.colcon_core.package_identification:_identify(libtorch/include/ATen/cuda/detail) by extensions ['colcon_meta']
[0.390s] Level 1:colcon.colcon_core.package_identification:_identify(libtorch/include/ATen/cuda/detail) by extension 'colcon_meta'
[0.390s] Level 1:colcon.colcon_core.package_identification:_identify(libtorch/include/ATen/cuda/detail) by extensions ['ros']
[0.390s] Level 1:colcon.colcon_core.package_identification:_identify(libtorch/include/ATen/cuda/detail) by extension 'ros'
[0.390s] Level 1:colcon.colcon_core.package_identification:_identify(libtorch/include/ATen/cuda/detail) by extensions ['cmake', 'python']
[0.391s] Level 1:colcon.colcon_core.package_identification:_identify(libtorch/include/ATen/cuda/detail) by extension 'cmake'
[0.391s] Level 1:colcon.colcon_core.package_identification:_identify(libtorch/include/ATen/cuda/detail) by extension 'python'
[0.391s] Level 1:colcon.colcon_core.package_identification:_identify(libtorch/include/ATen/cuda/detail) by extensions ['python_setup_py']
[0.391s] Level 1:colcon.colcon_core.package_identification:_identify(libtorch/include/ATen/cuda/detail) by extension 'python_setup_py'
[0.391s] Level 1:colcon.colcon_core.package_identification:_identify(libtorch/include/ATen/cudnn) by extensions ['ignore', 'ignore_ament_install']
[0.391s] Level 1:colcon.colcon_core.package_identification:_identify(libtorch/include/ATen/cudnn) by extension 'ignore'
[0.391s] Level 1:colcon.colcon_core.package_identification:_identify(libtorch/include/ATen/cudnn) by extension 'ignore_ament_install'
[0.391s] Level 1:colcon.colcon_core.package_identification:_identify(libtorch/include/ATen/cudnn) by extensions ['colcon_pkg']
[0.391s] Level 1:colcon.colcon_core.package_identification:_identify(libtorch/include/ATen/cudnn) by extension 'colcon_pkg'
[0.391s] Level 1:colcon.colcon_core.package_identification:_identify(libtorch/include/ATen/cudnn) by extensions ['colcon_meta']
[0.391s] Level 1:colcon.colcon_core.package_identification:_identify(libtorch/include/ATen/cudnn) by extension 'colcon_meta'
[0.391s] Level 1:colcon.colcon_core.package_identification:_identify(libtorch/include/ATen/cudnn) by extensions ['ros']
[0.391s] Level 1:colcon.colcon_core.package_identification:_identify(libtorch/include/ATen/cudnn) by extension 'ros'
[0.391s] Level 1:colcon.colcon_core.package_identification:_identify(libtorch/include/ATen/cudnn) by extensions ['cmake', 'python']
[0.391s] Level 1:colcon.colcon_core.package_identification:_identify(libtorch/include/ATen/cudnn) by extension 'cmake'
[0.391s] Level 1:colcon.colcon_core.package_identification:_identify(libtorch/include/ATen/cudnn) by extension 'python'
[0.391s] Level 1:colcon.colcon_core.package_identification:_identify(libtorch/include/ATen/cudnn) by extensions ['python_setup_py']
[0.391s] Level 1:colcon.colcon_core.package_identification:_identify(libtorch/include/ATen/cudnn) by extension 'python_setup_py'
[0.391s] Level 1:colcon.colcon_core.package_identification:_identify(libtorch/include/ATen/detail) by extensions ['ignore', 'ignore_ament_install']
[0.392s] Level 1:colcon.colcon_core.package_identification:_identify(libtorch/include/ATen/detail) by extension 'ignore'
[0.392s] Level 1:colcon.colcon_core.package_identification:_identify(libtorch/include/ATen/detail) by extension 'ignore_ament_install'
[0.392s] Level 1:colcon.colcon_core.package_identification:_identify(libtorch/include/ATen/detail) by extensions ['colcon_pkg']
[0.392s] Level 1:colcon.colcon_core.package_identification:_identify(libtorch/include/ATen/detail) by extension 'colcon_pkg'
[0.392s] Level 1:colcon.colcon_core.package_identification:_identify(libtorch/include/ATen/detail) by extensions ['colcon_meta']
[0.392s] Level 1:colcon.colcon_core.package_identification:_identify(libtorch/include/ATen/detail) by extension 'colcon_meta'
[0.392s] Level 1:colcon.colcon_core.package_identification:_identify(libtorch/include/ATen/detail) by extensions ['ros']
[0.392s] Level 1:colcon.colcon_core.package_identification:_identify(libtorch/include/ATen/detail) by extension 'ros'
[0.392s] Level 1:colcon.colcon_core.package_identification:_identify(libtorch/include/ATen/detail) by extensions ['cmake', 'python']
[0.392s] Level 1:colcon.colcon_core.package_identification:_identify(libtorch/include/ATen/detail) by extension 'cmake'
[0.392s] Level 1:colcon.colcon_core.package_identification:_identify(libtorch/include/ATen/detail) by extension 'python'
[0.392s] Level 1:colcon.colcon_core.package_identification:_identify(libtorch/include/ATen/detail) by extensions ['python_setup_py']
[0.392s] Level 1:colcon.colcon_core.package_identification:_identify(libtorch/include/ATen/detail) by extension 'python_setup_py'
[0.392s] Level 1:colcon.colcon_core.package_identification:_identify(libtorch/include/ATen/hip) by extensions ['ignore', 'ignore_ament_install']
[0.392s] Level 1:colcon.colcon_core.package_identification:_identify(libtorch/include/ATen/hip) by extension 'ignore'
[0.392s] Level 1:colcon.colcon_core.package_identification:_identify(libtorch/include/ATen/hip) by extension 'ignore_ament_install'
[0.392s] Level 1:colcon.colcon_core.package_identification:_identify(libtorch/include/ATen/hip) by extensions ['colcon_pkg']
[0.392s] Level 1:colcon.colcon_core.package_identification:_identify(libtorch/include/ATen/hip) by extension 'colcon_pkg'
[0.393s] Level 1:colcon.colcon_core.package_identification:_identify(libtorch/include/ATen/hip) by extensions ['colcon_meta']
[0.393s] Level 1:colcon.colcon_core.package_identification:_identify(libtorch/include/ATen/hip) by extension 'colcon_meta'
[0.393s] Level 1:colcon.colcon_core.package_identification:_identify(libtorch/include/ATen/hip) by extensions ['ros']
[0.393s] Level 1:colcon.colcon_core.package_identification:_identify(libtorch/include/ATen/hip) by extension 'ros'
[0.393s] Level 1:colcon.colcon_core.package_identification:_identify(libtorch/include/ATen/hip) by extensions ['cmake', 'python']
[0.393s] Level 1:colcon.colcon_core.package_identification:_identify(libtorch/include/ATen/hip) by extension 'cmake'
[0.393s] Level 1:colcon.colcon_core.package_identification:_identify(libtorch/include/ATen/hip) by extension 'python'
[0.393s] Level 1:colcon.colcon_core.package_identification:_identify(libtorch/include/ATen/hip) by extensions ['python_setup_py']
[0.393s] Level 1:colcon.colcon_core.package_identification:_identify(libtorch/include/ATen/hip) by extension 'python_setup_py'
[0.393s] Level 1:colcon.colcon_core.package_identification:_identify(libtorch/include/ATen/hip/impl) by extensions ['ignore', 'ignore_ament_install']
[0.393s] Level 1:colcon.colcon_core.package_identification:_identify(libtorch/include/ATen/hip/impl) by extension 'ignore'
[0.393s] Level 1:colcon.colcon_core.package_identification:_identify(libtorch/include/ATen/hip/impl) by extension 'ignore_ament_install'
[0.393s] Level 1:colcon.colcon_core.package_identification:_identify(libtorch/include/ATen/hip/impl) by extensions ['colcon_pkg']
[0.393s] Level 1:colcon.colcon_core.package_identification:_identify(libtorch/include/ATen/hip/impl) by extension 'colcon_pkg'
[0.393s] Level 1:colcon.colcon_core.package_identification:_identify(libtorch/include/ATen/hip/impl) by extensions ['colcon_meta']
[0.393s] Level 1:colcon.colcon_core.package_identification:_identify(libtorch/include/ATen/hip/impl) by extension 'colcon_meta'
[0.393s] Level 1:colcon.colcon_core.package_identification:_identify(libtorch/include/ATen/hip/impl) by extensions ['ros']
[0.393s] Level 1:colcon.colcon_core.package_identification:_identify(libtorch/include/ATen/hip/impl) by extension 'ros'
[0.393s] Level 1:colcon.colcon_core.package_identification:_identify(libtorch/include/ATen/hip/impl) by extensions ['cmake', 'python']
[0.394s] Level 1:colcon.colcon_core.package_identification:_identify(libtorch/include/ATen/hip/impl) by extension 'cmake'
[0.394s] Level 1:colcon.colcon_core.package_identification:_identify(libtorch/include/ATen/hip/impl) by extension 'python'
[0.394s] Level 1:colcon.colcon_core.package_identification:_identify(libtorch/include/ATen/hip/impl) by extensions ['python_setup_py']
[0.394s] Level 1:colcon.colcon_core.package_identification:_identify(libtorch/include/ATen/hip/impl) by extension 'python_setup_py'
[0.394s] Level 1:colcon.colcon_core.package_identification:_identify(libtorch/include/ATen/native) by extensions ['ignore', 'ignore_ament_install']
[0.394s] Level 1:colcon.colcon_core.package_identification:_identify(libtorch/include/ATen/native) by extension 'ignore'
[0.394s] Level 1:colcon.colcon_core.package_identification:_identify(libtorch/include/ATen/native) by extension 'ignore_ament_install'
[0.394s] Level 1:colcon.colcon_core.package_identification:_identify(libtorch/include/ATen/native) by extensions ['colcon_pkg']
[0.394s] Level 1:colcon.colcon_core.package_identification:_identify(libtorch/include/ATen/native) by extension 'colcon_pkg'
[0.394s] Level 1:colcon.colcon_core.package_identification:_identify(libtorch/include/ATen/native) by extensions ['colcon_meta']
[0.394s] Level 1:colcon.colcon_core.package_identification:_identify(libtorch/include/ATen/native) by extension 'colcon_meta'
[0.394s] Level 1:colcon.colcon_core.package_identification:_identify(libtorch/include/ATen/native) by extensions ['ros']
[0.394s] Level 1:colcon.colcon_core.package_identification:_identify(libtorch/include/ATen/native) by extension 'ros'
[0.394s] Level 1:colcon.colcon_core.package_identification:_identify(libtorch/include/ATen/native) by extensions ['cmake', 'python']
[0.394s] Level 1:colcon.colcon_core.package_identification:_identify(libtorch/include/ATen/native) by extension 'cmake'
[0.394s] Level 1:colcon.colcon_core.package_identification:_identify(libtorch/include/ATen/native) by extension 'python'
[0.394s] Level 1:colcon.colcon_core.package_identification:_identify(libtorch/include/ATen/native) by extensions ['python_setup_py']
[0.394s] Level 1:colcon.colcon_core.package_identification:_identify(libtorch/include/ATen/native) by extension 'python_setup_py'
[0.395s] Level 1:colcon.colcon_core.package_identification:_identify(libtorch/include/ATen/native/cpu) by extensions ['ignore', 'ignore_ament_install']
[0.395s] Level 1:colcon.colcon_core.package_identification:_identify(libtorch/include/ATen/native/cpu) by extension 'ignore'
[0.395s] Level 1:colcon.colcon_core.package_identification:_identify(libtorch/include/ATen/native/cpu) by extension 'ignore_ament_install'
[0.395s] Level 1:colcon.colcon_core.package_identification:_identify(libtorch/include/ATen/native/cpu) by extensions ['colcon_pkg']
[0.395s] Level 1:colcon.colcon_core.package_identification:_identify(libtorch/include/ATen/native/cpu) by extension 'colcon_pkg'
[0.395s] Level 1:colcon.colcon_core.package_identification:_identify(libtorch/include/ATen/native/cpu) by extensions ['colcon_meta']
[0.395s] Level 1:colcon.colcon_core.package_identification:_identify(libtorch/include/ATen/native/cpu) by extension 'colcon_meta'
[0.395s] Level 1:colcon.colcon_core.package_identification:_identify(libtorch/include/ATen/native/cpu) by extensions ['ros']
[0.395s] Level 1:colcon.colcon_core.package_identification:_identify(libtorch/include/ATen/native/cpu) by extension 'ros'
[0.395s] Level 1:colcon.colcon_core.package_identification:_identify(libtorch/include/ATen/native/cpu) by extensions ['cmake', 'python']
[0.395s] Level 1:colcon.colcon_core.package_identification:_identify(libtorch/include/ATen/native/cpu) by extension 'cmake'
[0.395s] Level 1:colcon.colcon_core.package_identification:_identify(libtorch/include/ATen/native/cpu) by extension 'python'
[0.395s] Level 1:colcon.colcon_core.package_identification:_identify(libtorch/include/ATen/native/cpu) by extensions ['python_setup_py']
[0.395s] Level 1:colcon.colcon_core.package_identification:_identify(libtorch/include/ATen/native/cpu) by extension 'python_setup_py'
[0.395s] Level 1:colcon.colcon_core.package_identification:_identify(libtorch/include/ATen/native/cuda) by extensions ['ignore', 'ignore_ament_install']
[0.396s] Level 1:colcon.colcon_core.package_identification:_identify(libtorch/include/ATen/native/cuda) by extension 'ignore'
[0.396s] Level 1:colcon.colcon_core.package_identification:_identify(libtorch/include/ATen/native/cuda) by extension 'ignore_ament_install'
[0.396s] Level 1:colcon.colcon_core.package_identification:_identify(libtorch/include/ATen/native/cuda) by extensions ['colcon_pkg']
[0.396s] Level 1:colcon.colcon_core.package_identification:_identify(libtorch/include/ATen/native/cuda) by extension 'colcon_pkg'
[0.396s] Level 1:colcon.colcon_core.package_identification:_identify(libtorch/include/ATen/native/cuda) by extensions ['colcon_meta']
[0.396s] Level 1:colcon.colcon_core.package_identification:_identify(libtorch/include/ATen/native/cuda) by extension 'colcon_meta'
[0.396s] Level 1:colcon.colcon_core.package_identification:_identify(libtorch/include/ATen/native/cuda) by extensions ['ros']
[0.396s] Level 1:colcon.colcon_core.package_identification:_identify(libtorch/include/ATen/native/cuda) by extension 'ros'
[0.396s] Level 1:colcon.colcon_core.package_identification:_identify(libtorch/include/ATen/native/cuda) by extensions ['cmake', 'python']
[0.396s] Level 1:colcon.colcon_core.package_identification:_identify(libtorch/include/ATen/native/cuda) by extension 'cmake'
[0.396s] Level 1:colcon.colcon_core.package_identification:_identify(libtorch/include/ATen/native/cuda) by extension 'python'
[0.396s] Level 1:colcon.colcon_core.package_identification:_identify(libtorch/include/ATen/native/cuda) by extensions ['python_setup_py']
[0.396s] Level 1:colcon.colcon_core.package_identification:_identify(libtorch/include/ATen/native/cuda) by extension 'python_setup_py'
[0.396s] Level 1:colcon.colcon_core.package_identification:_identify(libtorch/include/ATen/native/quantized) by extensions ['ignore', 'ignore_ament_install']
[0.396s] Level 1:colcon.colcon_core.package_identification:_identify(libtorch/include/ATen/native/quantized) by extension 'ignore'
[0.396s] Level 1:colcon.colcon_core.package_identification:_identify(libtorch/include/ATen/native/quantized) by extension 'ignore_ament_install'
[0.396s] Level 1:colcon.colcon_core.package_identification:_identify(libtorch/include/ATen/native/quantized) by extensions ['colcon_pkg']
[0.396s] Level 1:colcon.colcon_core.package_identification:_identify(libtorch/include/ATen/native/quantized) by extension 'colcon_pkg'
[0.396s] Level 1:colcon.colcon_core.package_identification:_identify(libtorch/include/ATen/native/quantized) by extensions ['colcon_meta']
[0.397s] Level 1:colcon.colcon_core.package_identification:_identify(libtorch/include/ATen/native/quantized) by extension 'colcon_meta'
[0.397s] Level 1:colcon.colcon_core.package_identification:_identify(libtorch/include/ATen/native/quantized) by extensions ['ros']
[0.397s] Level 1:colcon.colcon_core.package_identification:_identify(libtorch/include/ATen/native/quantized) by extension 'ros'
[0.397s] Level 1:colcon.colcon_core.package_identification:_identify(libtorch/include/ATen/native/quantized) by extensions ['cmake', 'python']
[0.397s] Level 1:colcon.colcon_core.package_identification:_identify(libtorch/include/ATen/native/quantized) by extension 'cmake'
[0.397s] Level 1:colcon.colcon_core.package_identification:_identify(libtorch/include/ATen/native/quantized) by extension 'python'
[0.397s] Level 1:colcon.colcon_core.package_identification:_identify(libtorch/include/ATen/native/quantized) by extensions ['python_setup_py']
[0.397s] Level 1:colcon.colcon_core.package_identification:_identify(libtorch/include/ATen/native/quantized) by extension 'python_setup_py'
[0.397s] Level 1:colcon.colcon_core.package_identification:_identify(libtorch/include/ATen/native/quantized/cpu) by extensions ['ignore', 'ignore_ament_install']
[0.397s] Level 1:colcon.colcon_core.package_identification:_identify(libtorch/include/ATen/native/quantized/cpu) by extension 'ignore'
[0.397s] Level 1:colcon.colcon_core.package_identification:_identify(libtorch/include/ATen/native/quantized/cpu) by extension 'ignore_ament_install'
[0.397s] Level 1:colcon.colcon_core.package_identification:_identify(libtorch/include/ATen/native/quantized/cpu) by extensions ['colcon_pkg']
[0.397s] Level 1:colcon.colcon_core.package_identification:_identify(libtorch/include/ATen/native/quantized/cpu) by extension 'colcon_pkg'
[0.397s] Level 1:colcon.colcon_core.package_identification:_identify(libtorch/include/ATen/native/quantized/cpu) by extensions ['colcon_meta']
[0.397s] Level 1:colcon.colcon_core.package_identification:_identify(libtorch/include/ATen/native/quantized/cpu) by extension 'colcon_meta'
[0.397s] Level 1:colcon.colcon_core.package_identification:_identify(libtorch/include/ATen/native/quantized/cpu) by extensions ['ros']
[0.397s] Level 1:colcon.colcon_core.package_identification:_identify(libtorch/include/ATen/native/quantized/cpu) by extension 'ros'
[0.397s] Level 1:colcon.colcon_core.package_identification:_identify(libtorch/include/ATen/native/quantized/cpu) by extensions ['cmake', 'python']
[0.398s] Level 1:colcon.colcon_core.package_identification:_identify(libtorch/include/ATen/native/quantized/cpu) by extension 'cmake'
[0.398s] Level 1:colcon.colcon_core.package_identification:_identify(libtorch/include/ATen/native/quantized/cpu) by extension 'python'
[0.398s] Level 1:colcon.colcon_core.package_identification:_identify(libtorch/include/ATen/native/quantized/cpu) by extensions ['python_setup_py']
[0.398s] Level 1:colcon.colcon_core.package_identification:_identify(libtorch/include/ATen/native/quantized/cpu) by extension 'python_setup_py'
[0.398s] Level 1:colcon.colcon_core.package_identification:_identify(libtorch/include/ATen/quantized) by extensions ['ignore', 'ignore_ament_install']
[0.398s] Level 1:colcon.colcon_core.package_identification:_identify(libtorch/include/ATen/quantized) by extension 'ignore'
[0.398s] Level 1:colcon.colcon_core.package_identification:_identify(libtorch/include/ATen/quantized) by extension 'ignore_ament_install'
[0.398s] Level 1:colcon.colcon_core.package_identification:_identify(libtorch/include/ATen/quantized) by extensions ['colcon_pkg']
[0.398s] Level 1:colcon.colcon_core.package_identification:_identify(libtorch/include/ATen/quantized) by extension 'colcon_pkg'
[0.398s] Level 1:colcon.colcon_core.package_identification:_identify(libtorch/include/ATen/quantized) by extensions ['colcon_meta']
[0.398s] Level 1:colcon.colcon_core.package_identification:_identify(libtorch/include/ATen/quantized) by extension 'colcon_meta'
[0.398s] Level 1:colcon.colcon_core.package_identification:_identify(libtorch/include/ATen/quantized) by extensions ['ros']
[0.398s] Level 1:colcon.colcon_core.package_identification:_identify(libtorch/include/ATen/quantized) by extension 'ros'
[0.398s] Level 1:colcon.colcon_core.package_identification:_identify(libtorch/include/ATen/quantized) by extensions ['cmake', 'python']
[0.398s] Level 1:colcon.colcon_core.package_identification:_identify(libtorch/include/ATen/quantized) by extension 'cmake'
[0.398s] Level 1:colcon.colcon_core.package_identification:_identify(libtorch/include/ATen/quantized) by extension 'python'
[0.398s] Level 1:colcon.colcon_core.package_identification:_identify(libtorch/include/ATen/quantized) by extensions ['python_setup_py']
[0.398s] Level 1:colcon.colcon_core.package_identification:_identify(libtorch/include/ATen/quantized) by extension 'python_setup_py'
[0.399s] Level 1:colcon.colcon_core.package_identification:_identify(libtorch/include/TH) by extensions ['ignore', 'ignore_ament_install']
[0.399s] Level 1:colcon.colcon_core.package_identification:_identify(libtorch/include/TH) by extension 'ignore'
[0.399s] Level 1:colcon.colcon_core.package_identification:_identify(libtorch/include/TH) by extension 'ignore_ament_install'
[0.399s] Level 1:colcon.colcon_core.package_identification:_identify(libtorch/include/TH) by extensions ['colcon_pkg']
[0.399s] Level 1:colcon.colcon_core.package_identification:_identify(libtorch/include/TH) by extension 'colcon_pkg'
[0.399s] Level 1:colcon.colcon_core.package_identification:_identify(libtorch/include/TH) by extensions ['colcon_meta']
[0.399s] Level 1:colcon.colcon_core.package_identification:_identify(libtorch/include/TH) by extension 'colcon_meta'
[0.399s] Level 1:colcon.colcon_core.package_identification:_identify(libtorch/include/TH) by extensions ['ros']
[0.399s] Level 1:colcon.colcon_core.package_identification:_identify(libtorch/include/TH) by extension 'ros'
[0.399s] Level 1:colcon.colcon_core.package_identification:_identify(libtorch/include/TH) by extensions ['cmake', 'python']
[0.399s] Level 1:colcon.colcon_core.package_identification:_identify(libtorch/include/TH) by extension 'cmake'
[0.399s] Level 1:colcon.colcon_core.package_identification:_identify(libtorch/include/TH) by extension 'python'
[0.399s] Level 1:colcon.colcon_core.package_identification:_identify(libtorch/include/TH) by extensions ['python_setup_py']
[0.399s] Level 1:colcon.colcon_core.package_identification:_identify(libtorch/include/TH) by extension 'python_setup_py'
[0.399s] Level 1:colcon.colcon_core.package_identification:_identify(libtorch/include/TH/generic) by extensions ['ignore', 'ignore_ament_install']
[0.399s] Level 1:colcon.colcon_core.package_identification:_identify(libtorch/include/TH/generic) by extension 'ignore'
[0.399s] Level 1:colcon.colcon_core.package_identification:_identify(libtorch/include/TH/generic) by extension 'ignore_ament_install'
[0.400s] Level 1:colcon.colcon_core.package_identification:_identify(libtorch/include/TH/generic) by extensions ['colcon_pkg']
[0.400s] Level 1:colcon.colcon_core.package_identification:_identify(libtorch/include/TH/generic) by extension 'colcon_pkg'
[0.400s] Level 1:colcon.colcon_core.package_identification:_identify(libtorch/include/TH/generic) by extensions ['colcon_meta']
[0.400s] Level 1:colcon.colcon_core.package_identification:_identify(libtorch/include/TH/generic) by extension 'colcon_meta'
[0.400s] Level 1:colcon.colcon_core.package_identification:_identify(libtorch/include/TH/generic) by extensions ['ros']
[0.400s] Level 1:colcon.colcon_core.package_identification:_identify(libtorch/include/TH/generic) by extension 'ros'
[0.400s] Level 1:colcon.colcon_core.package_identification:_identify(libtorch/include/TH/generic) by extensions ['cmake', 'python']
[0.400s] Level 1:colcon.colcon_core.package_identification:_identify(libtorch/include/TH/generic) by extension 'cmake'
[0.400s] Level 1:colcon.colcon_core.package_identification:_identify(libtorch/include/TH/generic) by extension 'python'
[0.400s] Level 1:colcon.colcon_core.package_identification:_identify(libtorch/include/TH/generic) by extensions ['python_setup_py']
[0.400s] Level 1:colcon.colcon_core.package_identification:_identify(libtorch/include/TH/generic) by extension 'python_setup_py'
[0.400s] Level 1:colcon.colcon_core.package_identification:_identify(libtorch/include/THCUNN) by extensions ['ignore', 'ignore_ament_install']
[0.400s] Level 1:colcon.colcon_core.package_identification:_identify(libtorch/include/THCUNN) by extension 'ignore'
[0.400s] Level 1:colcon.colcon_core.package_identification:_identify(libtorch/include/THCUNN) by extension 'ignore_ament_install'
[0.400s] Level 1:colcon.colcon_core.package_identification:_identify(libtorch/include/THCUNN) by extensions ['colcon_pkg']
[0.400s] Level 1:colcon.colcon_core.package_identification:_identify(libtorch/include/THCUNN) by extension 'colcon_pkg'
[0.400s] Level 1:colcon.colcon_core.package_identification:_identify(libtorch/include/THCUNN) by extensions ['colcon_meta']
[0.400s] Level 1:colcon.colcon_core.package_identification:_identify(libtorch/include/THCUNN) by extension 'colcon_meta'
[0.400s] Level 1:colcon.colcon_core.package_identification:_identify(libtorch/include/THCUNN) by extensions ['ros']
[0.400s] Level 1:colcon.colcon_core.package_identification:_identify(libtorch/include/THCUNN) by extension 'ros'
[0.401s] Level 1:colcon.colcon_core.package_identification:_identify(libtorch/include/THCUNN) by extensions ['cmake', 'python']
[0.401s] Level 1:colcon.colcon_core.package_identification:_identify(libtorch/include/THCUNN) by extension 'cmake'
[0.401s] Level 1:colcon.colcon_core.package_identification:_identify(libtorch/include/THCUNN) by extension 'python'
[0.401s] Level 1:colcon.colcon_core.package_identification:_identify(libtorch/include/THCUNN) by extensions ['python_setup_py']
[0.401s] Level 1:colcon.colcon_core.package_identification:_identify(libtorch/include/THCUNN) by extension 'python_setup_py'
[0.401s] Level 1:colcon.colcon_core.package_identification:_identify(libtorch/include/THCUNN/generic) by extensions ['ignore', 'ignore_ament_install']
[0.401s] Level 1:colcon.colcon_core.package_identification:_identify(libtorch/include/THCUNN/generic) by extension 'ignore'
[0.401s] Level 1:colcon.colcon_core.package_identification:_identify(libtorch/include/THCUNN/generic) by extension 'ignore_ament_install'
[0.401s] Level 1:colcon.colcon_core.package_identification:_identify(libtorch/include/THCUNN/generic) by extensions ['colcon_pkg']
[0.401s] Level 1:colcon.colcon_core.package_identification:_identify(libtorch/include/THCUNN/generic) by extension 'colcon_pkg'
[0.401s] Level 1:colcon.colcon_core.package_identification:_identify(libtorch/include/THCUNN/generic) by extensions ['colcon_meta']
[0.401s] Level 1:colcon.colcon_core.package_identification:_identify(libtorch/include/THCUNN/generic) by extension 'colcon_meta'
[0.401s] Level 1:colcon.colcon_core.package_identification:_identify(libtorch/include/THCUNN/generic) by extensions ['ros']
[0.401s] Level 1:colcon.colcon_core.package_identification:_identify(libtorch/include/THCUNN/generic) by extension 'ros'
[0.401s] Level 1:colcon.colcon_core.package_identification:_identify(libtorch/include/THCUNN/generic) by extensions ['cmake', 'python']
[0.401s] Level 1:colcon.colcon_core.package_identification:_identify(libtorch/include/THCUNN/generic) by extension 'cmake'
[0.401s] Level 1:colcon.colcon_core.package_identification:_identify(libtorch/include/THCUNN/generic) by extension 'python'
[0.401s] Level 1:colcon.colcon_core.package_identification:_identify(libtorch/include/THCUNN/generic) by extensions ['python_setup_py']
[0.401s] Level 1:colcon.colcon_core.package_identification:_identify(libtorch/include/THCUNN/generic) by extension 'python_setup_py'
[0.402s] Level 1:colcon.colcon_core.package_identification:_identify(libtorch/include/c10) by extensions ['ignore', 'ignore_ament_install']
[0.402s] Level 1:colcon.colcon_core.package_identification:_identify(libtorch/include/c10) by extension 'ignore'
[0.402s] Level 1:colcon.colcon_core.package_identification:_identify(libtorch/include/c10) by extension 'ignore_ament_install'
[0.402s] Level 1:colcon.colcon_core.package_identification:_identify(libtorch/include/c10) by extensions ['colcon_pkg']
[0.402s] Level 1:colcon.colcon_core.package_identification:_identify(libtorch/include/c10) by extension 'colcon_pkg'
[0.402s] Level 1:colcon.colcon_core.package_identification:_identify(libtorch/include/c10) by extensions ['colcon_meta']
[0.402s] Level 1:colcon.colcon_core.package_identification:_identify(libtorch/include/c10) by extension 'colcon_meta'
[0.402s] Level 1:colcon.colcon_core.package_identification:_identify(libtorch/include/c10) by extensions ['ros']
[0.402s] Level 1:colcon.colcon_core.package_identification:_identify(libtorch/include/c10) by extension 'ros'
[0.402s] Level 1:colcon.colcon_core.package_identification:_identify(libtorch/include/c10) by extensions ['cmake', 'python']
[0.402s] Level 1:colcon.colcon_core.package_identification:_identify(libtorch/include/c10) by extension 'cmake'
[0.402s] Level 1:colcon.colcon_core.package_identification:_identify(libtorch/include/c10) by extension 'python'
[0.402s] Level 1:colcon.colcon_core.package_identification:_identify(libtorch/include/c10) by extensions ['python_setup_py']
[0.402s] Level 1:colcon.colcon_core.package_identification:_identify(libtorch/include/c10) by extension 'python_setup_py'
[0.402s] Level 1:colcon.colcon_core.package_identification:_identify(libtorch/include/c10/core) by extensions ['ignore', 'ignore_ament_install']
[0.402s] Level 1:colcon.colcon_core.package_identification:_identify(libtorch/include/c10/core) by extension 'ignore'
[0.402s] Level 1:colcon.colcon_core.package_identification:_identify(libtorch/include/c10/core) by extension 'ignore_ament_install'
[0.403s] Level 1:colcon.colcon_core.package_identification:_identify(libtorch/include/c10/core) by extensions ['colcon_pkg']
[0.403s] Level 1:colcon.colcon_core.package_identification:_identify(libtorch/include/c10/core) by extension 'colcon_pkg'
[0.403s] Level 1:colcon.colcon_core.package_identification:_identify(libtorch/include/c10/core) by extensions ['colcon_meta']
[0.403s] Level 1:colcon.colcon_core.package_identification:_identify(libtorch/include/c10/core) by extension 'colcon_meta'
[0.403s] Level 1:colcon.colcon_core.package_identification:_identify(libtorch/include/c10/core) by extensions ['ros']
[0.403s] Level 1:colcon.colcon_core.package_identification:_identify(libtorch/include/c10/core) by extension 'ros'
[0.403s] Level 1:colcon.colcon_core.package_identification:_identify(libtorch/include/c10/core) by extensions ['cmake', 'python']
[0.403s] Level 1:colcon.colcon_core.package_identification:_identify(libtorch/include/c10/core) by extension 'cmake'
[0.403s] Level 1:colcon.colcon_core.package_identification:_identify(libtorch/include/c10/core) by extension 'python'
[0.403s] Level 1:colcon.colcon_core.package_identification:_identify(libtorch/include/c10/core) by extensions ['python_setup_py']
[0.403s] Level 1:colcon.colcon_core.package_identification:_identify(libtorch/include/c10/core) by extension 'python_setup_py'
[0.403s] Level 1:colcon.colcon_core.package_identification:_identify(libtorch/include/c10/core/impl) by extensions ['ignore', 'ignore_ament_install']
[0.403s] Level 1:colcon.colcon_core.package_identification:_identify(libtorch/include/c10/core/impl) by extension 'ignore'
[0.403s] Level 1:colcon.colcon_core.package_identification:_identify(libtorch/include/c10/core/impl) by extension 'ignore_ament_install'
[0.403s] Level 1:colcon.colcon_core.package_identification:_identify(libtorch/include/c10/core/impl) by extensions ['colcon_pkg']
[0.403s] Level 1:colcon.colcon_core.package_identification:_identify(libtorch/include/c10/core/impl) by extension 'colcon_pkg'
[0.403s] Level 1:colcon.colcon_core.package_identification:_identify(libtorch/include/c10/core/impl) by extensions ['colcon_meta']
[0.403s] Level 1:colcon.colcon_core.package_identification:_identify(libtorch/include/c10/core/impl) by extension 'colcon_meta'
[0.403s] Level 1:colcon.colcon_core.package_identification:_identify(libtorch/include/c10/core/impl) by extensions ['ros']
[0.404s] Level 1:colcon.colcon_core.package_identification:_identify(libtorch/include/c10/core/impl) by extension 'ros'
[0.404s] Level 1:colcon.colcon_core.package_identification:_identify(libtorch/include/c10/core/impl) by extensions ['cmake', 'python']
[0.404s] Level 1:colcon.colcon_core.package_identification:_identify(libtorch/include/c10/core/impl) by extension 'cmake'
[0.404s] Level 1:colcon.colcon_core.package_identification:_identify(libtorch/include/c10/core/impl) by extension 'python'
[0.404s] Level 1:colcon.colcon_core.package_identification:_identify(libtorch/include/c10/core/impl) by extensions ['python_setup_py']
[0.404s] Level 1:colcon.colcon_core.package_identification:_identify(libtorch/include/c10/core/impl) by extension 'python_setup_py'
[0.404s] Level 1:colcon.colcon_core.package_identification:_identify(libtorch/include/c10/cuda) by extensions ['ignore', 'ignore_ament_install']
[0.404s] Level 1:colcon.colcon_core.package_identification:_identify(libtorch/include/c10/cuda) by extension 'ignore'
[0.404s] Level 1:colcon.colcon_core.package_identification:_identify(libtorch/include/c10/cuda) by extension 'ignore_ament_install'
[0.404s] Level 1:colcon.colcon_core.package_identification:_identify(libtorch/include/c10/cuda) by extensions ['colcon_pkg']
[0.404s] Level 1:colcon.colcon_core.package_identification:_identify(libtorch/include/c10/cuda) by extension 'colcon_pkg'
[0.404s] Level 1:colcon.colcon_core.package_identification:_identify(libtorch/include/c10/cuda) by extensions ['colcon_meta']
[0.404s] Level 1:colcon.colcon_core.package_identification:_identify(libtorch/include/c10/cuda) by extension 'colcon_meta'
[0.404s] Level 1:colcon.colcon_core.package_identification:_identify(libtorch/include/c10/cuda) by extensions ['ros']
[0.404s] Level 1:colcon.colcon_core.package_identification:_identify(libtorch/include/c10/cuda) by extension 'ros'
[0.404s] Level 1:colcon.colcon_core.package_identification:_identify(libtorch/include/c10/cuda) by extensions ['cmake', 'python']
[0.404s] Level 1:colcon.colcon_core.package_identification:_identify(libtorch/include/c10/cuda) by extension 'cmake'
[0.404s] Level 1:colcon.colcon_core.package_identification:_identify(libtorch/include/c10/cuda) by extension 'python'
[0.404s] Level 1:colcon.colcon_core.package_identification:_identify(libtorch/include/c10/cuda) by extensions ['python_setup_py']
[0.405s] Level 1:colcon.colcon_core.package_identification:_identify(libtorch/include/c10/cuda) by extension 'python_setup_py'
[0.405s] Level 1:colcon.colcon_core.package_identification:_identify(libtorch/include/c10/cuda/impl) by extensions ['ignore', 'ignore_ament_install']
[0.405s] Level 1:colcon.colcon_core.package_identification:_identify(libtorch/include/c10/cuda/impl) by extension 'ignore'
[0.405s] Level 1:colcon.colcon_core.package_identification:_identify(libtorch/include/c10/cuda/impl) by extension 'ignore_ament_install'
[0.405s] Level 1:colcon.colcon_core.package_identification:_identify(libtorch/include/c10/cuda/impl) by extensions ['colcon_pkg']
[0.405s] Level 1:colcon.colcon_core.package_identification:_identify(libtorch/include/c10/cuda/impl) by extension 'colcon_pkg'
[0.405s] Level 1:colcon.colcon_core.package_identification:_identify(libtorch/include/c10/cuda/impl) by extensions ['colcon_meta']
[0.405s] Level 1:colcon.colcon_core.package_identification:_identify(libtorch/include/c10/cuda/impl) by extension 'colcon_meta'
[0.405s] Level 1:colcon.colcon_core.package_identification:_identify(libtorch/include/c10/cuda/impl) by extensions ['ros']
[0.405s] Level 1:colcon.colcon_core.package_identification:_identify(libtorch/include/c10/cuda/impl) by extension 'ros'
[0.405s] Level 1:colcon.colcon_core.package_identification:_identify(libtorch/include/c10/cuda/impl) by extensions ['cmake', 'python']
[0.405s] Level 1:colcon.colcon_core.package_identification:_identify(libtorch/include/c10/cuda/impl) by extension 'cmake'
[0.405s] Level 1:colcon.colcon_core.package_identification:_identify(libtorch/include/c10/cuda/impl) by extension 'python'
[0.405s] Level 1:colcon.colcon_core.package_identification:_identify(libtorch/include/c10/cuda/impl) by extensions ['python_setup_py']
[0.405s] Level 1:colcon.colcon_core.package_identification:_identify(libtorch/include/c10/cuda/impl) by extension 'python_setup_py'
[0.405s] Level 1:colcon.colcon_core.package_identification:_identify(libtorch/include/c10/macros) by extensions ['ignore', 'ignore_ament_install']
[0.405s] Level 1:colcon.colcon_core.package_identification:_identify(libtorch/include/c10/macros) by extension 'ignore'
[0.406s] Level 1:colcon.colcon_core.package_identification:_identify(libtorch/include/c10/macros) by extension 'ignore_ament_install'
[0.406s] Level 1:colcon.colcon_core.package_identification:_identify(libtorch/include/c10/macros) by extensions ['colcon_pkg']
[0.406s] Level 1:colcon.colcon_core.package_identification:_identify(libtorch/include/c10/macros) by extension 'colcon_pkg'
[0.406s] Level 1:colcon.colcon_core.package_identification:_identify(libtorch/include/c10/macros) by extensions ['colcon_meta']
[0.406s] Level 1:colcon.colcon_core.package_identification:_identify(libtorch/include/c10/macros) by extension 'colcon_meta'
[0.406s] Level 1:colcon.colcon_core.package_identification:_identify(libtorch/include/c10/macros) by extensions ['ros']
[0.406s] Level 1:colcon.colcon_core.package_identification:_identify(libtorch/include/c10/macros) by extension 'ros'
[0.406s] Level 1:colcon.colcon_core.package_identification:_identify(libtorch/include/c10/macros) by extensions ['cmake', 'python']
[0.406s] Level 1:colcon.colcon_core.package_identification:_identify(libtorch/include/c10/macros) by extension 'cmake'
[0.406s] Level 1:colcon.colcon_core.package_identification:_identify(libtorch/include/c10/macros) by extension 'python'
[0.406s] Level 1:colcon.colcon_core.package_identification:_identify(libtorch/include/c10/macros) by extensions ['python_setup_py']
[0.406s] Level 1:colcon.colcon_core.package_identification:_identify(libtorch/include/c10/macros) by extension 'python_setup_py'
[0.406s] Level 1:colcon.colcon_core.package_identification:_identify(libtorch/include/c10/util) by extensions ['ignore', 'ignore_ament_install']
[0.406s] Level 1:colcon.colcon_core.package_identification:_identify(libtorch/include/c10/util) by extension 'ignore'
[0.406s] Level 1:colcon.colcon_core.package_identification:_identify(libtorch/include/c10/util) by extension 'ignore_ament_install'
[0.406s] Level 1:colcon.colcon_core.package_identification:_identify(libtorch/include/c10/util) by extensions ['colcon_pkg']
[0.406s] Level 1:colcon.colcon_core.package_identification:_identify(libtorch/include/c10/util) by extension 'colcon_pkg'
[0.407s] Level 1:colcon.colcon_core.package_identification:_identify(libtorch/include/c10/util) by extensions ['colcon_meta']
[0.407s] Level 1:colcon.colcon_core.package_identification:_identify(libtorch/include/c10/util) by extension 'colcon_meta'
[0.407s] Level 1:colcon.colcon_core.package_identification:_identify(libtorch/include/c10/util) by extensions ['ros']
[0.407s] Level 1:colcon.colcon_core.package_identification:_identify(libtorch/include/c10/util) by extension 'ros'
[0.407s] Level 1:colcon.colcon_core.package_identification:_identify(libtorch/include/c10/util) by extensions ['cmake', 'python']
[0.407s] Level 1:colcon.colcon_core.package_identification:_identify(libtorch/include/c10/util) by extension 'cmake'
[0.407s] Level 1:colcon.colcon_core.package_identification:_identify(libtorch/include/c10/util) by extension 'python'
[0.407s] Level 1:colcon.colcon_core.package_identification:_identify(libtorch/include/c10/util) by extensions ['python_setup_py']
[0.407s] Level 1:colcon.colcon_core.package_identification:_identify(libtorch/include/c10/util) by extension 'python_setup_py'
[0.407s] Level 1:colcon.colcon_core.package_identification:_identify(libtorch/include/c10d) by extensions ['ignore', 'ignore_ament_install']
[0.407s] Level 1:colcon.colcon_core.package_identification:_identify(libtorch/include/c10d) by extension 'ignore'
[0.407s] Level 1:colcon.colcon_core.package_identification:_identify(libtorch/include/c10d) by extension 'ignore_ament_install'
[0.407s] Level 1:colcon.colcon_core.package_identification:_identify(libtorch/include/c10d) by extensions ['colcon_pkg']
[0.407s] Level 1:colcon.colcon_core.package_identification:_identify(libtorch/include/c10d) by extension 'colcon_pkg'
[0.407s] Level 1:colcon.colcon_core.package_identification:_identify(libtorch/include/c10d) by extensions ['colcon_meta']
[0.407s] Level 1:colcon.colcon_core.package_identification:_identify(libtorch/include/c10d) by extension 'colcon_meta'
[0.407s] Level 1:colcon.colcon_core.package_identification:_identify(libtorch/include/c10d) by extensions ['ros']
[0.407s] Level 1:colcon.colcon_core.package_identification:_identify(libtorch/include/c10d) by extension 'ros'
[0.407s] Level 1:colcon.colcon_core.package_identification:_identify(libtorch/include/c10d) by extensions ['cmake', 'python']
[0.408s] Level 1:colcon.colcon_core.package_identification:_identify(libtorch/include/c10d) by extension 'cmake'
[0.408s] Level 1:colcon.colcon_core.package_identification:_identify(libtorch/include/c10d) by extension 'python'
[0.408s] Level 1:colcon.colcon_core.package_identification:_identify(libtorch/include/c10d) by extensions ['python_setup_py']
[0.408s] Level 1:colcon.colcon_core.package_identification:_identify(libtorch/include/c10d) by extension 'python_setup_py'
[0.408s] Level 1:colcon.colcon_core.package_identification:_identify(libtorch/include/caffe2) by extensions ['ignore', 'ignore_ament_install']
[0.408s] Level 1:colcon.colcon_core.package_identification:_identify(libtorch/include/caffe2) by extension 'ignore'
[0.408s] Level 1:colcon.colcon_core.package_identification:_identify(libtorch/include/caffe2) by extension 'ignore_ament_install'
[0.408s] Level 1:colcon.colcon_core.package_identification:_identify(libtorch/include/caffe2) by extensions ['colcon_pkg']
[0.408s] Level 1:colcon.colcon_core.package_identification:_identify(libtorch/include/caffe2) by extension 'colcon_pkg'
[0.408s] Level 1:colcon.colcon_core.package_identification:_identify(libtorch/include/caffe2) by extensions ['colcon_meta']
[0.408s] Level 1:colcon.colcon_core.package_identification:_identify(libtorch/include/caffe2) by extension 'colcon_meta'
[0.408s] Level 1:colcon.colcon_core.package_identification:_identify(libtorch/include/caffe2) by extensions ['ros']
[0.408s] Level 1:colcon.colcon_core.package_identification:_identify(libtorch/include/caffe2) by extension 'ros'
[0.408s] Level 1:colcon.colcon_core.package_identification:_identify(libtorch/include/caffe2) by extensions ['cmake', 'python']
[0.408s] Level 1:colcon.colcon_core.package_identification:_identify(libtorch/include/caffe2) by extension 'cmake'
[0.408s] Level 1:colcon.colcon_core.package_identification:_identify(libtorch/include/caffe2) by extension 'python'
[0.408s] Level 1:colcon.colcon_core.package_identification:_identify(libtorch/include/caffe2) by extensions ['python_setup_py']
[0.408s] Level 1:colcon.colcon_core.package_identification:_identify(libtorch/include/caffe2) by extension 'python_setup_py'
[0.409s] Level 1:colcon.colcon_core.package_identification:_identify(libtorch/include/caffe2/core) by extensions ['ignore', 'ignore_ament_install']
[0.409s] Level 1:colcon.colcon_core.package_identification:_identify(libtorch/include/caffe2/core) by extension 'ignore'
[0.409s] Level 1:colcon.colcon_core.package_identification:_identify(libtorch/include/caffe2/core) by extension 'ignore_ament_install'
[0.409s] Level 1:colcon.colcon_core.package_identification:_identify(libtorch/include/caffe2/core) by extensions ['colcon_pkg']
[0.409s] Level 1:colcon.colcon_core.package_identification:_identify(libtorch/include/caffe2/core) by extension 'colcon_pkg'
[0.409s] Level 1:colcon.colcon_core.package_identification:_identify(libtorch/include/caffe2/core) by extensions ['colcon_meta']
[0.409s] Level 1:colcon.colcon_core.package_identification:_identify(libtorch/include/caffe2/core) by extension 'colcon_meta'
[0.409s] Level 1:colcon.colcon_core.package_identification:_identify(libtorch/include/caffe2/core) by extensions ['ros']
[0.409s] Level 1:colcon.colcon_core.package_identification:_identify(libtorch/include/caffe2/core) by extension 'ros'
[0.409s] Level 1:colcon.colcon_core.package_identification:_identify(libtorch/include/caffe2/core) by extensions ['cmake', 'python']
[0.409s] Level 1:colcon.colcon_core.package_identification:_identify(libtorch/include/caffe2/core) by extension 'cmake'
[0.409s] Level 1:colcon.colcon_core.package_identification:_identify(libtorch/include/caffe2/core) by extension 'python'
[0.409s] Level 1:colcon.colcon_core.package_identification:_identify(libtorch/include/caffe2/core) by extensions ['python_setup_py']
[0.409s] Level 1:colcon.colcon_core.package_identification:_identify(libtorch/include/caffe2/core) by extension 'python_setup_py'
[0.409s] Level 1:colcon.colcon_core.package_identification:_identify(libtorch/include/caffe2/cuda_rtc) by extensions ['ignore', 'ignore_ament_install']
[0.409s] Level 1:colcon.colcon_core.package_identification:_identify(libtorch/include/caffe2/cuda_rtc) by extension 'ignore'
[0.409s] Level 1:colcon.colcon_core.package_identification:_identify(libtorch/include/caffe2/cuda_rtc) by extension 'ignore_ament_install'
[0.410s] Level 1:colcon.colcon_core.package_identification:_identify(libtorch/include/caffe2/cuda_rtc) by extensions ['colcon_pkg']
[0.410s] Level 1:colcon.colcon_core.package_identification:_identify(libtorch/include/caffe2/cuda_rtc) by extension 'colcon_pkg'
[0.410s] Level 1:colcon.colcon_core.package_identification:_identify(libtorch/include/caffe2/cuda_rtc) by extensions ['colcon_meta']
[0.410s] Level 1:colcon.colcon_core.package_identification:_identify(libtorch/include/caffe2/cuda_rtc) by extension 'colcon_meta'
[0.410s] Level 1:colcon.colcon_core.package_identification:_identify(libtorch/include/caffe2/cuda_rtc) by extensions ['ros']
[0.410s] Level 1:colcon.colcon_core.package_identification:_identify(libtorch/include/caffe2/cuda_rtc) by extension 'ros'
[0.410s] Level 1:colcon.colcon_core.package_identification:_identify(libtorch/include/caffe2/cuda_rtc) by extensions ['cmake', 'python']
[0.410s] Level 1:colcon.colcon_core.package_identification:_identify(libtorch/include/caffe2/cuda_rtc) by extension 'cmake'
[0.410s] Level 1:colcon.colcon_core.package_identification:_identify(libtorch/include/caffe2/cuda_rtc) by extension 'python'
[0.410s] Level 1:colcon.colcon_core.package_identification:_identify(libtorch/include/caffe2/cuda_rtc) by extensions ['python_setup_py']
[0.410s] Level 1:colcon.colcon_core.package_identification:_identify(libtorch/include/caffe2/cuda_rtc) by extension 'python_setup_py'
[0.410s] Level 1:colcon.colcon_core.package_identification:_identify(libtorch/include/caffe2/db) by extensions ['ignore', 'ignore_ament_install']
[0.410s] Level 1:colcon.colcon_core.package_identification:_identify(libtorch/include/caffe2/db) by extension 'ignore'
[0.410s] Level 1:colcon.colcon_core.package_identification:_identify(libtorch/include/caffe2/db) by extension 'ignore_ament_install'
[0.410s] Level 1:colcon.colcon_core.package_identification:_identify(libtorch/include/caffe2/db) by extensions ['colcon_pkg']
[0.410s] Level 1:colcon.colcon_core.package_identification:_identify(libtorch/include/caffe2/db) by extension 'colcon_pkg'
[0.410s] Level 1:colcon.colcon_core.package_identification:_identify(libtorch/include/caffe2/db) by extensions ['colcon_meta']
[0.410s] Level 1:colcon.colcon_core.package_identification:_identify(libtorch/include/caffe2/db) by extension 'colcon_meta'
[0.410s] Level 1:colcon.colcon_core.package_identification:_identify(libtorch/include/caffe2/db) by extensions ['ros']
[0.411s] Level 1:colcon.colcon_core.package_identification:_identify(libtorch/include/caffe2/db) by extension 'ros'
[0.411s] Level 1:colcon.colcon_core.package_identification:_identify(libtorch/include/caffe2/db) by extensions ['cmake', 'python']
[0.411s] Level 1:colcon.colcon_core.package_identification:_identify(libtorch/include/caffe2/db) by extension 'cmake'
[0.411s] Level 1:colcon.colcon_core.package_identification:_identify(libtorch/include/caffe2/db) by extension 'python'
[0.411s] Level 1:colcon.colcon_core.package_identification:_identify(libtorch/include/caffe2/db) by extensions ['python_setup_py']
[0.411s] Level 1:colcon.colcon_core.package_identification:_identify(libtorch/include/caffe2/db) by extension 'python_setup_py'
[0.411s] Level 1:colcon.colcon_core.package_identification:_identify(libtorch/include/caffe2/distributed) by extensions ['ignore', 'ignore_ament_install']
[0.411s] Level 1:colcon.colcon_core.package_identification:_identify(libtorch/include/caffe2/distributed) by extension 'ignore'
[0.411s] Level 1:colcon.colcon_core.package_identification:_identify(libtorch/include/caffe2/distributed) by extension 'ignore_ament_install'
[0.411s] Level 1:colcon.colcon_core.package_identification:_identify(libtorch/include/caffe2/distributed) by extensions ['colcon_pkg']
[0.411s] Level 1:colcon.colcon_core.package_identification:_identify(libtorch/include/caffe2/distributed) by extension 'colcon_pkg'
[0.411s] Level 1:colcon.colcon_core.package_identification:_identify(libtorch/include/caffe2/distributed) by extensions ['colcon_meta']
[0.411s] Level 1:colcon.colcon_core.package_identification:_identify(libtorch/include/caffe2/distributed) by extension 'colcon_meta'
[0.411s] Level 1:colcon.colcon_core.package_identification:_identify(libtorch/include/caffe2/distributed) by extensions ['ros']
[0.412s] Level 1:colcon.colcon_core.package_identification:_identify(libtorch/include/caffe2/distributed) by extension 'ros'
[0.412s] Level 1:colcon.colcon_core.package_identification:_identify(libtorch/include/caffe2/distributed) by extensions ['cmake', 'python']
[0.412s] Level 1:colcon.colcon_core.package_identification:_identify(libtorch/include/caffe2/distributed) by extension 'cmake'
[0.412s] Level 1:colcon.colcon_core.package_identification:_identify(libtorch/include/caffe2/distributed) by extension 'python'
[0.412s] Level 1:colcon.colcon_core.package_identification:_identify(libtorch/include/caffe2/distributed) by extensions ['python_setup_py']
[0.412s] Level 1:colcon.colcon_core.package_identification:_identify(libtorch/include/caffe2/distributed) by extension 'python_setup_py'
[0.412s] Level 1:colcon.colcon_core.package_identification:_identify(libtorch/include/caffe2/ideep) by extensions ['ignore', 'ignore_ament_install']
[0.412s] Level 1:colcon.colcon_core.package_identification:_identify(libtorch/include/caffe2/ideep) by extension 'ignore'
[0.412s] Level 1:colcon.colcon_core.package_identification:_identify(libtorch/include/caffe2/ideep) by extension 'ignore_ament_install'
[0.412s] Level 1:colcon.colcon_core.package_identification:_identify(libtorch/include/caffe2/ideep) by extensions ['colcon_pkg']
[0.412s] Level 1:colcon.colcon_core.package_identification:_identify(libtorch/include/caffe2/ideep) by extension 'colcon_pkg'
[0.412s] Level 1:colcon.colcon_core.package_identification:_identify(libtorch/include/caffe2/ideep) by extensions ['colcon_meta']
[0.412s] Level 1:colcon.colcon_core.package_identification:_identify(libtorch/include/caffe2/ideep) by extension 'colcon_meta'
[0.412s] Level 1:colcon.colcon_core.package_identification:_identify(libtorch/include/caffe2/ideep) by extensions ['ros']
[0.412s] Level 1:colcon.colcon_core.package_identification:_identify(libtorch/include/caffe2/ideep) by extension 'ros'
[0.412s] Level 1:colcon.colcon_core.package_identification:_identify(libtorch/include/caffe2/ideep) by extensions ['cmake', 'python']
[0.412s] Level 1:colcon.colcon_core.package_identification:_identify(libtorch/include/caffe2/ideep) by extension 'cmake'
[0.412s] Level 1:colcon.colcon_core.package_identification:_identify(libtorch/include/caffe2/ideep) by extension 'python'
[0.412s] Level 1:colcon.colcon_core.package_identification:_identify(libtorch/include/caffe2/ideep) by extensions ['python_setup_py']
[0.413s] Level 1:colcon.colcon_core.package_identification:_identify(libtorch/include/caffe2/ideep) by extension 'python_setup_py'
[0.413s] Level 1:colcon.colcon_core.package_identification:_identify(libtorch/include/caffe2/image) by extensions ['ignore', 'ignore_ament_install']
[0.413s] Level 1:colcon.colcon_core.package_identification:_identify(libtorch/include/caffe2/image) by extension 'ignore'
[0.413s] Level 1:colcon.colcon_core.package_identification:_identify(libtorch/include/caffe2/image) by extension 'ignore_ament_install'
[0.413s] Level 1:colcon.colcon_core.package_identification:_identify(libtorch/include/caffe2/image) by extensions ['colcon_pkg']
[0.413s] Level 1:colcon.colcon_core.package_identification:_identify(libtorch/include/caffe2/image) by extension 'colcon_pkg'
[0.413s] Level 1:colcon.colcon_core.package_identification:_identify(libtorch/include/caffe2/image) by extensions ['colcon_meta']
[0.413s] Level 1:colcon.colcon_core.package_identification:_identify(libtorch/include/caffe2/image) by extension 'colcon_meta'
[0.413s] Level 1:colcon.colcon_core.package_identification:_identify(libtorch/include/caffe2/image) by extensions ['ros']
[0.413s] Level 1:colcon.colcon_core.package_identification:_identify(libtorch/include/caffe2/image) by extension 'ros'
[0.413s] Level 1:colcon.colcon_core.package_identification:_identify(libtorch/include/caffe2/image) by extensions ['cmake', 'python']
[0.413s] Level 1:colcon.colcon_core.package_identification:_identify(libtorch/include/caffe2/image) by extension 'cmake'
[0.413s] Level 1:colcon.colcon_core.package_identification:_identify(libtorch/include/caffe2/image) by extension 'python'
[0.413s] Level 1:colcon.colcon_core.package_identification:_identify(libtorch/include/caffe2/image) by extensions ['python_setup_py']
[0.413s] Level 1:colcon.colcon_core.package_identification:_identify(libtorch/include/caffe2/image) by extension 'python_setup_py'
[0.413s] Level 1:colcon.colcon_core.package_identification:_identify(libtorch/include/caffe2/mpi) by extensions ['ignore', 'ignore_ament_install']
[0.413s] Level 1:colcon.colcon_core.package_identification:_identify(libtorch/include/caffe2/mpi) by extension 'ignore'
[0.414s] Level 1:colcon.colcon_core.package_identification:_identify(libtorch/include/caffe2/mpi) by extension 'ignore_ament_install'
[0.414s] Level 1:colcon.colcon_core.package_identification:_identify(libtorch/include/caffe2/mpi) by extensions ['colcon_pkg']
[0.414s] Level 1:colcon.colcon_core.package_identification:_identify(libtorch/include/caffe2/mpi) by extension 'colcon_pkg'
[0.414s] Level 1:colcon.colcon_core.package_identification:_identify(libtorch/include/caffe2/mpi) by extensions ['colcon_meta']
[0.414s] Level 1:colcon.colcon_core.package_identification:_identify(libtorch/include/caffe2/mpi) by extension 'colcon_meta'
[0.414s] Level 1:colcon.colcon_core.package_identification:_identify(libtorch/include/caffe2/mpi) by extensions ['ros']
[0.414s] Level 1:colcon.colcon_core.package_identification:_identify(libtorch/include/caffe2/mpi) by extension 'ros'
[0.414s] Level 1:colcon.colcon_core.package_identification:_identify(libtorch/include/caffe2/mpi) by extensions ['cmake', 'python']
[0.414s] Level 1:colcon.colcon_core.package_identification:_identify(libtorch/include/caffe2/mpi) by extension 'cmake'
[0.414s] Level 1:colcon.colcon_core.package_identification:_identify(libtorch/include/caffe2/mpi) by extension 'python'
[0.414s] Level 1:colcon.colcon_core.package_identification:_identify(libtorch/include/caffe2/mpi) by extensions ['python_setup_py']
[0.414s] Level 1:colcon.colcon_core.package_identification:_identify(libtorch/include/caffe2/mpi) by extension 'python_setup_py'
[0.414s] Level 1:colcon.colcon_core.package_identification:_identify(libtorch/include/caffe2/observers) by extensions ['ignore', 'ignore_ament_install']
[0.414s] Level 1:colcon.colcon_core.package_identification:_identify(libtorch/include/caffe2/observers) by extension 'ignore'
[0.414s] Level 1:colcon.colcon_core.package_identification:_identify(libtorch/include/caffe2/observers) by extension 'ignore_ament_install'
[0.414s] Level 1:colcon.colcon_core.package_identification:_identify(libtorch/include/caffe2/observers) by extensions ['colcon_pkg']
[0.414s] Level 1:colcon.colcon_core.package_identification:_identify(libtorch/include/caffe2/observers) by extension 'colcon_pkg'
[0.414s] Level 1:colcon.colcon_core.package_identification:_identify(libtorch/include/caffe2/observers) by extensions ['colcon_meta']
[0.414s] Level 1:colcon.colcon_core.package_identification:_identify(libtorch/include/caffe2/observers) by extension 'colcon_meta'
[0.415s] Level 1:colcon.colcon_core.package_identification:_identify(libtorch/include/caffe2/observers) by extensions ['ros']
[0.415s] Level 1:colcon.colcon_core.package_identification:_identify(libtorch/include/caffe2/observers) by extension 'ros'
[0.415s] Level 1:colcon.colcon_core.package_identification:_identify(libtorch/include/caffe2/observers) by extensions ['cmake', 'python']
[0.415s] Level 1:colcon.colcon_core.package_identification:_identify(libtorch/include/caffe2/observers) by extension 'cmake'
[0.415s] Level 1:colcon.colcon_core.package_identification:_identify(libtorch/include/caffe2/observers) by extension 'python'
[0.415s] Level 1:colcon.colcon_core.package_identification:_identify(libtorch/include/caffe2/observers) by extensions ['python_setup_py']
[0.415s] Level 1:colcon.colcon_core.package_identification:_identify(libtorch/include/caffe2/observers) by extension 'python_setup_py'
[0.415s] Level 1:colcon.colcon_core.package_identification:_identify(libtorch/include/caffe2/onnx) by extensions ['ignore', 'ignore_ament_install']
[0.415s] Level 1:colcon.colcon_core.package_identification:_identify(libtorch/include/caffe2/onnx) by extension 'ignore'
[0.415s] Level 1:colcon.colcon_core.package_identification:_identify(libtorch/include/caffe2/onnx) by extension 'ignore_ament_install'
[0.415s] Level 1:colcon.colcon_core.package_identification:_identify(libtorch/include/caffe2/onnx) by extensions ['colcon_pkg']
[0.415s] Level 1:colcon.colcon_core.package_identification:_identify(libtorch/include/caffe2/onnx) by extension 'colcon_pkg'
[0.415s] Level 1:colcon.colcon_core.package_identification:_identify(libtorch/include/caffe2/onnx) by extensions ['colcon_meta']
[0.415s] Level 1:colcon.colcon_core.package_identification:_identify(libtorch/include/caffe2/onnx) by extension 'colcon_meta'
[0.415s] Level 1:colcon.colcon_core.package_identification:_identify(libtorch/include/caffe2/onnx) by extensions ['ros']
[0.415s] Level 1:colcon.colcon_core.package_identification:_identify(libtorch/include/caffe2/onnx) by extension 'ros'
[0.415s] Level 1:colcon.colcon_core.package_identification:_identify(libtorch/include/caffe2/onnx) by extensions ['cmake', 'python']
[0.415s] Level 1:colcon.colcon_core.package_identification:_identify(libtorch/include/caffe2/onnx) by extension 'cmake'
[0.416s] Level 1:colcon.colcon_core.package_identification:_identify(libtorch/include/caffe2/onnx) by extension 'python'
[0.416s] Level 1:colcon.colcon_core.package_identification:_identify(libtorch/include/caffe2/onnx) by extensions ['python_setup_py']
[0.416s] Level 1:colcon.colcon_core.package_identification:_identify(libtorch/include/caffe2/onnx) by extension 'python_setup_py'
[0.416s] Level 1:colcon.colcon_core.package_identification:_identify(libtorch/include/caffe2/operators) by extensions ['ignore', 'ignore_ament_install']
[0.416s] Level 1:colcon.colcon_core.package_identification:_identify(libtorch/include/caffe2/operators) by extension 'ignore'
[0.416s] Level 1:colcon.colcon_core.package_identification:_identify(libtorch/include/caffe2/operators) by extension 'ignore_ament_install'
[0.416s] Level 1:colcon.colcon_core.package_identification:_identify(libtorch/include/caffe2/operators) by extensions ['colcon_pkg']
[0.416s] Level 1:colcon.colcon_core.package_identification:_identify(libtorch/include/caffe2/operators) by extension 'colcon_pkg'
[0.416s] Level 1:colcon.colcon_core.package_identification:_identify(libtorch/include/caffe2/operators) by extensions ['colcon_meta']
[0.416s] Level 1:colcon.colcon_core.package_identification:_identify(libtorch/include/caffe2/operators) by extension 'colcon_meta'
[0.416s] Level 1:colcon.colcon_core.package_identification:_identify(libtorch/include/caffe2/operators) by extensions ['ros']
[0.416s] Level 1:colcon.colcon_core.package_identification:_identify(libtorch/include/caffe2/operators) by extension 'ros'
[0.417s] Level 1:colcon.colcon_core.package_identification:_identify(libtorch/include/caffe2/operators) by extensions ['cmake', 'python']
[0.417s] Level 1:colcon.colcon_core.package_identification:_identify(libtorch/include/caffe2/operators) by extension 'cmake'
[0.417s] Level 1:colcon.colcon_core.package_identification:_identify(libtorch/include/caffe2/operators) by extension 'python'
[0.417s] Level 1:colcon.colcon_core.package_identification:_identify(libtorch/include/caffe2/operators) by extensions ['python_setup_py']
[0.417s] Level 1:colcon.colcon_core.package_identification:_identify(libtorch/include/caffe2/operators) by extension 'python_setup_py'
[0.417s] Level 1:colcon.colcon_core.package_identification:_identify(libtorch/include/caffe2/opt) by extensions ['ignore', 'ignore_ament_install']
[0.417s] Level 1:colcon.colcon_core.package_identification:_identify(libtorch/include/caffe2/opt) by extension 'ignore'
[0.417s] Level 1:colcon.colcon_core.package_identification:_identify(libtorch/include/caffe2/opt) by extension 'ignore_ament_install'
[0.417s] Level 1:colcon.colcon_core.package_identification:_identify(libtorch/include/caffe2/opt) by extensions ['colcon_pkg']
[0.417s] Level 1:colcon.colcon_core.package_identification:_identify(libtorch/include/caffe2/opt) by extension 'colcon_pkg'
[0.417s] Level 1:colcon.colcon_core.package_identification:_identify(libtorch/include/caffe2/opt) by extensions ['colcon_meta']
[0.417s] Level 1:colcon.colcon_core.package_identification:_identify(libtorch/include/caffe2/opt) by extension 'colcon_meta'
[0.417s] Level 1:colcon.colcon_core.package_identification:_identify(libtorch/include/caffe2/opt) by extensions ['ros']
[0.417s] Level 1:colcon.colcon_core.package_identification:_identify(libtorch/include/caffe2/opt) by extension 'ros'
[0.417s] Level 1:colcon.colcon_core.package_identification:_identify(libtorch/include/caffe2/opt) by extensions ['cmake', 'python']
[0.417s] Level 1:colcon.colcon_core.package_identification:_identify(libtorch/include/caffe2/opt) by extension 'cmake'
[0.417s] Level 1:colcon.colcon_core.package_identification:_identify(libtorch/include/caffe2/opt) by extension 'python'
[0.417s] Level 1:colcon.colcon_core.package_identification:_identify(libtorch/include/caffe2/opt) by extensions ['python_setup_py']
[0.418s] Level 1:colcon.colcon_core.package_identification:_identify(libtorch/include/caffe2/opt) by extension 'python_setup_py'
[0.418s] Level 1:colcon.colcon_core.package_identification:_identify(libtorch/include/caffe2/perfkernels) by extensions ['ignore', 'ignore_ament_install']
[0.418s] Level 1:colcon.colcon_core.package_identification:_identify(libtorch/include/caffe2/perfkernels) by extension 'ignore'
[0.418s] Level 1:colcon.colcon_core.package_identification:_identify(libtorch/include/caffe2/perfkernels) by extension 'ignore_ament_install'
[0.418s] Level 1:colcon.colcon_core.package_identification:_identify(libtorch/include/caffe2/perfkernels) by extensions ['colcon_pkg']
[0.418s] Level 1:colcon.colcon_core.package_identification:_identify(libtorch/include/caffe2/perfkernels) by extension 'colcon_pkg'
[0.418s] Level 1:colcon.colcon_core.package_identification:_identify(libtorch/include/caffe2/perfkernels) by extensions ['colcon_meta']
[0.418s] Level 1:colcon.colcon_core.package_identification:_identify(libtorch/include/caffe2/perfkernels) by extension 'colcon_meta'
[0.418s] Level 1:colcon.colcon_core.package_identification:_identify(libtorch/include/caffe2/perfkernels) by extensions ['ros']
[0.418s] Level 1:colcon.colcon_core.package_identification:_identify(libtorch/include/caffe2/perfkernels) by extension 'ros'
[0.418s] Level 1:colcon.colcon_core.package_identification:_identify(libtorch/include/caffe2/perfkernels) by extensions ['cmake', 'python']
[0.418s] Level 1:colcon.colcon_core.package_identification:_identify(libtorch/include/caffe2/perfkernels) by extension 'cmake'
[0.418s] Level 1:colcon.colcon_core.package_identification:_identify(libtorch/include/caffe2/perfkernels) by extension 'python'
[0.418s] Level 1:colcon.colcon_core.package_identification:_identify(libtorch/include/caffe2/perfkernels) by extensions ['python_setup_py']
[0.418s] Level 1:colcon.colcon_core.package_identification:_identify(libtorch/include/caffe2/perfkernels) by extension 'python_setup_py'
[0.418s] Level 1:colcon.colcon_core.package_identification:_identify(libtorch/include/caffe2/predictor) by extensions ['ignore', 'ignore_ament_install']
[0.419s] Level 1:colcon.colcon_core.package_identification:_identify(libtorch/include/caffe2/predictor) by extension 'ignore'
[0.419s] Level 1:colcon.colcon_core.package_identification:_identify(libtorch/include/caffe2/predictor) by extension 'ignore_ament_install'
[0.419s] Level 1:colcon.colcon_core.package_identification:_identify(libtorch/include/caffe2/predictor) by extensions ['colcon_pkg']
[0.419s] Level 1:colcon.colcon_core.package_identification:_identify(libtorch/include/caffe2/predictor) by extension 'colcon_pkg'
[0.419s] Level 1:colcon.colcon_core.package_identification:_identify(libtorch/include/caffe2/predictor) by extensions ['colcon_meta']
[0.419s] Level 1:colcon.colcon_core.package_identification:_identify(libtorch/include/caffe2/predictor) by extension 'colcon_meta'
[0.419s] Level 1:colcon.colcon_core.package_identification:_identify(libtorch/include/caffe2/predictor) by extensions ['ros']
[0.419s] Level 1:colcon.colcon_core.package_identification:_identify(libtorch/include/caffe2/predictor) by extension 'ros'
[0.419s] Level 1:colcon.colcon_core.package_identification:_identify(libtorch/include/caffe2/predictor) by extensions ['cmake', 'python']
[0.419s] Level 1:colcon.colcon_core.package_identification:_identify(libtorch/include/caffe2/predictor) by extension 'cmake'
[0.419s] Level 1:colcon.colcon_core.package_identification:_identify(libtorch/include/caffe2/predictor) by extension 'python'
[0.419s] Level 1:colcon.colcon_core.package_identification:_identify(libtorch/include/caffe2/predictor) by extensions ['python_setup_py']
[0.419s] Level 1:colcon.colcon_core.package_identification:_identify(libtorch/include/caffe2/predictor) by extension 'python_setup_py'
[0.419s] Level 1:colcon.colcon_core.package_identification:_identify(libtorch/include/caffe2/proto) by extensions ['ignore', 'ignore_ament_install']
[0.419s] Level 1:colcon.colcon_core.package_identification:_identify(libtorch/include/caffe2/proto) by extension 'ignore'
[0.419s] Level 1:colcon.colcon_core.package_identification:_identify(libtorch/include/caffe2/proto) by extension 'ignore_ament_install'
[0.419s] Level 1:colcon.colcon_core.package_identification:_identify(libtorch/include/caffe2/proto) by extensions ['colcon_pkg']
[0.419s] Level 1:colcon.colcon_core.package_identification:_identify(libtorch/include/caffe2/proto) by extension 'colcon_pkg'
[0.419s] Level 1:colcon.colcon_core.package_identification:_identify(libtorch/include/caffe2/proto) by extensions ['colcon_meta']
[0.420s] Level 1:colcon.colcon_core.package_identification:_identify(libtorch/include/caffe2/proto) by extension 'colcon_meta'
[0.420s] Level 1:colcon.colcon_core.package_identification:_identify(libtorch/include/caffe2/proto) by extensions ['ros']
[0.420s] Level 1:colcon.colcon_core.package_identification:_identify(libtorch/include/caffe2/proto) by extension 'ros'
[0.420s] Level 1:colcon.colcon_core.package_identification:_identify(libtorch/include/caffe2/proto) by extensions ['cmake', 'python']
[0.420s] Level 1:colcon.colcon_core.package_identification:_identify(libtorch/include/caffe2/proto) by extension 'cmake'
[0.420s] Level 1:colcon.colcon_core.package_identification:_identify(libtorch/include/caffe2/proto) by extension 'python'
[0.420s] Level 1:colcon.colcon_core.package_identification:_identify(libtorch/include/caffe2/proto) by extensions ['python_setup_py']
[0.420s] Level 1:colcon.colcon_core.package_identification:_identify(libtorch/include/caffe2/proto) by extension 'python_setup_py'
[0.420s] Level 1:colcon.colcon_core.package_identification:_identify(libtorch/include/caffe2/python) by extensions ['ignore', 'ignore_ament_install']
[0.420s] Level 1:colcon.colcon_core.package_identification:_identify(libtorch/include/caffe2/python) by extension 'ignore'
[0.420s] Level 1:colcon.colcon_core.package_identification:_identify(libtorch/include/caffe2/python) by extension 'ignore_ament_install'
[0.420s] Level 1:colcon.colcon_core.package_identification:_identify(libtorch/include/caffe2/python) by extensions ['colcon_pkg']
[0.420s] Level 1:colcon.colcon_core.package_identification:_identify(libtorch/include/caffe2/python) by extension 'colcon_pkg'
[0.420s] Level 1:colcon.colcon_core.package_identification:_identify(libtorch/include/caffe2/python) by extensions ['colcon_meta']
[0.420s] Level 1:colcon.colcon_core.package_identification:_identify(libtorch/include/caffe2/python) by extension 'colcon_meta'
[0.420s] Level 1:colcon.colcon_core.package_identification:_identify(libtorch/include/caffe2/python) by extensions ['ros']
[0.420s] Level 1:colcon.colcon_core.package_identification:_identify(libtorch/include/caffe2/python) by extension 'ros'
[0.420s] Level 1:colcon.colcon_core.package_identification:_identify(libtorch/include/caffe2/python) by extensions ['cmake', 'python']
[0.420s] Level 1:colcon.colcon_core.package_identification:_identify(libtorch/include/caffe2/python) by extension 'cmake'
[0.420s] Level 1:colcon.colcon_core.package_identification:_identify(libtorch/include/caffe2/python) by extension 'python'
[0.421s] Level 1:colcon.colcon_core.package_identification:_identify(libtorch/include/caffe2/python) by extensions ['python_setup_py']
[0.421s] Level 1:colcon.colcon_core.package_identification:_identify(libtorch/include/caffe2/python) by extension 'python_setup_py'
[0.421s] Level 1:colcon.colcon_core.package_identification:_identify(libtorch/include/caffe2/queue) by extensions ['ignore', 'ignore_ament_install']
[0.421s] Level 1:colcon.colcon_core.package_identification:_identify(libtorch/include/caffe2/queue) by extension 'ignore'
[0.421s] Level 1:colcon.colcon_core.package_identification:_identify(libtorch/include/caffe2/queue) by extension 'ignore_ament_install'
[0.421s] Level 1:colcon.colcon_core.package_identification:_identify(libtorch/include/caffe2/queue) by extensions ['colcon_pkg']
[0.421s] Level 1:colcon.colcon_core.package_identification:_identify(libtorch/include/caffe2/queue) by extension 'colcon_pkg'
[0.421s] Level 1:colcon.colcon_core.package_identification:_identify(libtorch/include/caffe2/queue) by extensions ['colcon_meta']
[0.421s] Level 1:colcon.colcon_core.package_identification:_identify(libtorch/include/caffe2/queue) by extension 'colcon_meta'
[0.421s] Level 1:colcon.colcon_core.package_identification:_identify(libtorch/include/caffe2/queue) by extensions ['ros']
[0.421s] Level 1:colcon.colcon_core.package_identification:_identify(libtorch/include/caffe2/queue) by extension 'ros'
[0.421s] Level 1:colcon.colcon_core.package_identification:_identify(libtorch/include/caffe2/queue) by extensions ['cmake', 'python']
[0.421s] Level 1:colcon.colcon_core.package_identification:_identify(libtorch/include/caffe2/queue) by extension 'cmake'
[0.421s] Level 1:colcon.colcon_core.package_identification:_identify(libtorch/include/caffe2/queue) by extension 'python'
[0.421s] Level 1:colcon.colcon_core.package_identification:_identify(libtorch/include/caffe2/queue) by extensions ['python_setup_py']
[0.421s] Level 1:colcon.colcon_core.package_identification:_identify(libtorch/include/caffe2/queue) by extension 'python_setup_py'
[0.421s] Level 1:colcon.colcon_core.package_identification:_identify(libtorch/include/caffe2/serialize) by extensions ['ignore', 'ignore_ament_install']
[0.422s] Level 1:colcon.colcon_core.package_identification:_identify(libtorch/include/caffe2/serialize) by extension 'ignore'
[0.422s] Level 1:colcon.colcon_core.package_identification:_identify(libtorch/include/caffe2/serialize) by extension 'ignore_ament_install'
[0.422s] Level 1:colcon.colcon_core.package_identification:_identify(libtorch/include/caffe2/serialize) by extensions ['colcon_pkg']
[0.422s] Level 1:colcon.colcon_core.package_identification:_identify(libtorch/include/caffe2/serialize) by extension 'colcon_pkg'
[0.422s] Level 1:colcon.colcon_core.package_identification:_identify(libtorch/include/caffe2/serialize) by extensions ['colcon_meta']
[0.422s] Level 1:colcon.colcon_core.package_identification:_identify(libtorch/include/caffe2/serialize) by extension 'colcon_meta'
[0.422s] Level 1:colcon.colcon_core.package_identification:_identify(libtorch/include/caffe2/serialize) by extensions ['ros']
[0.422s] Level 1:colcon.colcon_core.package_identification:_identify(libtorch/include/caffe2/serialize) by extension 'ros'
[0.422s] Level 1:colcon.colcon_core.package_identification:_identify(libtorch/include/caffe2/serialize) by extensions ['cmake', 'python']
[0.422s] Level 1:colcon.colcon_core.package_identification:_identify(libtorch/include/caffe2/serialize) by extension 'cmake'
[0.422s] Level 1:colcon.colcon_core.package_identification:_identify(libtorch/include/caffe2/serialize) by extension 'python'
[0.422s] Level 1:colcon.colcon_core.package_identification:_identify(libtorch/include/caffe2/serialize) by extensions ['python_setup_py']
[0.422s] Level 1:colcon.colcon_core.package_identification:_identify(libtorch/include/caffe2/serialize) by extension 'python_setup_py'
[0.422s] Level 1:colcon.colcon_core.package_identification:_identify(libtorch/include/caffe2/sgd) by extensions ['ignore', 'ignore_ament_install']
[0.422s] Level 1:colcon.colcon_core.package_identification:_identify(libtorch/include/caffe2/sgd) by extension 'ignore'
[0.422s] Level 1:colcon.colcon_core.package_identification:_identify(libtorch/include/caffe2/sgd) by extension 'ignore_ament_install'
[0.422s] Level 1:colcon.colcon_core.package_identification:_identify(libtorch/include/caffe2/sgd) by extensions ['colcon_pkg']
[0.422s] Level 1:colcon.colcon_core.package_identification:_identify(libtorch/include/caffe2/sgd) by extension 'colcon_pkg'
[0.422s] Level 1:colcon.colcon_core.package_identification:_identify(libtorch/include/caffe2/sgd) by extensions ['colcon_meta']
[0.422s] Level 1:colcon.colcon_core.package_identification:_identify(libtorch/include/caffe2/sgd) by extension 'colcon_meta'
[0.423s] Level 1:colcon.colcon_core.package_identification:_identify(libtorch/include/caffe2/sgd) by extensions ['ros']
[0.423s] Level 1:colcon.colcon_core.package_identification:_identify(libtorch/include/caffe2/sgd) by extension 'ros'
[0.423s] Level 1:colcon.colcon_core.package_identification:_identify(libtorch/include/caffe2/sgd) by extensions ['cmake', 'python']
[0.423s] Level 1:colcon.colcon_core.package_identification:_identify(libtorch/include/caffe2/sgd) by extension 'cmake'
[0.423s] Level 1:colcon.colcon_core.package_identification:_identify(libtorch/include/caffe2/sgd) by extension 'python'
[0.423s] Level 1:colcon.colcon_core.package_identification:_identify(libtorch/include/caffe2/sgd) by extensions ['python_setup_py']
[0.423s] Level 1:colcon.colcon_core.package_identification:_identify(libtorch/include/caffe2/sgd) by extension 'python_setup_py'
[0.423s] Level 1:colcon.colcon_core.package_identification:_identify(libtorch/include/caffe2/transforms) by extensions ['ignore', 'ignore_ament_install']
[0.423s] Level 1:colcon.colcon_core.package_identification:_identify(libtorch/include/caffe2/transforms) by extension 'ignore'
[0.423s] Level 1:colcon.colcon_core.package_identification:_identify(libtorch/include/caffe2/transforms) by extension 'ignore_ament_install'
[0.423s] Level 1:colcon.colcon_core.package_identification:_identify(libtorch/include/caffe2/transforms) by extensions ['colcon_pkg']
[0.423s] Level 1:colcon.colcon_core.package_identification:_identify(libtorch/include/caffe2/transforms) by extension 'colcon_pkg'
[0.423s] Level 1:colcon.colcon_core.package_identification:_identify(libtorch/include/caffe2/transforms) by extensions ['colcon_meta']
[0.423s] Level 1:colcon.colcon_core.package_identification:_identify(libtorch/include/caffe2/transforms) by extension 'colcon_meta'
[0.423s] Level 1:colcon.colcon_core.package_identification:_identify(libtorch/include/caffe2/transforms) by extensions ['ros']
[0.423s] Level 1:colcon.colcon_core.package_identification:_identify(libtorch/include/caffe2/transforms) by extension 'ros'
[0.423s] Level 1:colcon.colcon_core.package_identification:_identify(libtorch/include/caffe2/transforms) by extensions ['cmake', 'python']
[0.423s] Level 1:colcon.colcon_core.package_identification:_identify(libtorch/include/caffe2/transforms) by extension 'cmake'
[0.424s] Level 1:colcon.colcon_core.package_identification:_identify(libtorch/include/caffe2/transforms) by extension 'python'
[0.424s] Level 1:colcon.colcon_core.package_identification:_identify(libtorch/include/caffe2/transforms) by extensions ['python_setup_py']
[0.424s] Level 1:colcon.colcon_core.package_identification:_identify(libtorch/include/caffe2/transforms) by extension 'python_setup_py'
[0.424s] Level 1:colcon.colcon_core.package_identification:_identify(libtorch/include/caffe2/utils) by extensions ['ignore', 'ignore_ament_install']
[0.424s] Level 1:colcon.colcon_core.package_identification:_identify(libtorch/include/caffe2/utils) by extension 'ignore'
[0.424s] Level 1:colcon.colcon_core.package_identification:_identify(libtorch/include/caffe2/utils) by extension 'ignore_ament_install'
[0.424s] Level 1:colcon.colcon_core.package_identification:_identify(libtorch/include/caffe2/utils) by extensions ['colcon_pkg']
[0.424s] Level 1:colcon.colcon_core.package_identification:_identify(libtorch/include/caffe2/utils) by extension 'colcon_pkg'
[0.424s] Level 1:colcon.colcon_core.package_identification:_identify(libtorch/include/caffe2/utils) by extensions ['colcon_meta']
[0.424s] Level 1:colcon.colcon_core.package_identification:_identify(libtorch/include/caffe2/utils) by extension 'colcon_meta'
[0.424s] Level 1:colcon.colcon_core.package_identification:_identify(libtorch/include/caffe2/utils) by extensions ['ros']
[0.424s] Level 1:colcon.colcon_core.package_identification:_identify(libtorch/include/caffe2/utils) by extension 'ros'
[0.424s] Level 1:colcon.colcon_core.package_identification:_identify(libtorch/include/caffe2/utils) by extensions ['cmake', 'python']
[0.424s] Level 1:colcon.colcon_core.package_identification:_identify(libtorch/include/caffe2/utils) by extension 'cmake'
[0.424s] Level 1:colcon.colcon_core.package_identification:_identify(libtorch/include/caffe2/utils) by extension 'python'
[0.424s] Level 1:colcon.colcon_core.package_identification:_identify(libtorch/include/caffe2/utils) by extensions ['python_setup_py']
[0.424s] Level 1:colcon.colcon_core.package_identification:_identify(libtorch/include/caffe2/utils) by extension 'python_setup_py'
[0.424s] Level 1:colcon.colcon_core.package_identification:_identify(libtorch/include/caffe2/utils/math) by extensions ['ignore', 'ignore_ament_install']
[0.425s] Level 1:colcon.colcon_core.package_identification:_identify(libtorch/include/caffe2/utils/math) by extension 'ignore'
[0.425s] Level 1:colcon.colcon_core.package_identification:_identify(libtorch/include/caffe2/utils/math) by extension 'ignore_ament_install'
[0.425s] Level 1:colcon.colcon_core.package_identification:_identify(libtorch/include/caffe2/utils/math) by extensions ['colcon_pkg']
[0.425s] Level 1:colcon.colcon_core.package_identification:_identify(libtorch/include/caffe2/utils/math) by extension 'colcon_pkg'
[0.425s] Level 1:colcon.colcon_core.package_identification:_identify(libtorch/include/caffe2/utils/math) by extensions ['colcon_meta']
[0.425s] Level 1:colcon.colcon_core.package_identification:_identify(libtorch/include/caffe2/utils/math) by extension 'colcon_meta'
[0.425s] Level 1:colcon.colcon_core.package_identification:_identify(libtorch/include/caffe2/utils/math) by extensions ['ros']
[0.425s] Level 1:colcon.colcon_core.package_identification:_identify(libtorch/include/caffe2/utils/math) by extension 'ros'
[0.425s] Level 1:colcon.colcon_core.package_identification:_identify(libtorch/include/caffe2/utils/math) by extensions ['cmake', 'python']
[0.425s] Level 1:colcon.colcon_core.package_identification:_identify(libtorch/include/caffe2/utils/math) by extension 'cmake'
[0.425s] Level 1:colcon.colcon_core.package_identification:_identify(libtorch/include/caffe2/utils/math) by extension 'python'
[0.425s] Level 1:colcon.colcon_core.package_identification:_identify(libtorch/include/caffe2/utils/math) by extensions ['python_setup_py']
[0.425s] Level 1:colcon.colcon_core.package_identification:_identify(libtorch/include/caffe2/utils/math) by extension 'python_setup_py'
[0.425s] Level 1:colcon.colcon_core.package_identification:_identify(libtorch/include/caffe2/utils/threadpool) by extensions ['ignore', 'ignore_ament_install']
[0.425s] Level 1:colcon.colcon_core.package_identification:_identify(libtorch/include/caffe2/utils/threadpool) by extension 'ignore'
[0.425s] Level 1:colcon.colcon_core.package_identification:_identify(libtorch/include/caffe2/utils/threadpool) by extension 'ignore_ament_install'
[0.425s] Level 1:colcon.colcon_core.package_identification:_identify(libtorch/include/caffe2/utils/threadpool) by extensions ['colcon_pkg']
[0.425s] Level 1:colcon.colcon_core.package_identification:_identify(libtorch/include/caffe2/utils/threadpool) by extension 'colcon_pkg'
[0.426s] Level 1:colcon.colcon_core.package_identification:_identify(libtorch/include/caffe2/utils/threadpool) by extensions ['colcon_meta']
[0.426s] Level 1:colcon.colcon_core.package_identification:_identify(libtorch/include/caffe2/utils/threadpool) by extension 'colcon_meta'
[0.426s] Level 1:colcon.colcon_core.package_identification:_identify(libtorch/include/caffe2/utils/threadpool) by extensions ['ros']
[0.426s] Level 1:colcon.colcon_core.package_identification:_identify(libtorch/include/caffe2/utils/threadpool) by extension 'ros'
[0.426s] Level 1:colcon.colcon_core.package_identification:_identify(libtorch/include/caffe2/utils/threadpool) by extensions ['cmake', 'python']
[0.426s] Level 1:colcon.colcon_core.package_identification:_identify(libtorch/include/caffe2/utils/threadpool) by extension 'cmake'
[0.426s] Level 1:colcon.colcon_core.package_identification:_identify(libtorch/include/caffe2/utils/threadpool) by extension 'python'
[0.426s] Level 1:colcon.colcon_core.package_identification:_identify(libtorch/include/caffe2/utils/threadpool) by extensions ['python_setup_py']
[0.426s] Level 1:colcon.colcon_core.package_identification:_identify(libtorch/include/caffe2/utils/threadpool) by extension 'python_setup_py'
[0.426s] Level 1:colcon.colcon_core.package_identification:_identify(libtorch/include/caffe2/video) by extensions ['ignore', 'ignore_ament_install']
[0.426s] Level 1:colcon.colcon_core.package_identification:_identify(libtorch/include/caffe2/video) by extension 'ignore'
[0.426s] Level 1:colcon.colcon_core.package_identification:_identify(libtorch/include/caffe2/video) by extension 'ignore_ament_install'
[0.426s] Level 1:colcon.colcon_core.package_identification:_identify(libtorch/include/caffe2/video) by extensions ['colcon_pkg']
[0.426s] Level 1:colcon.colcon_core.package_identification:_identify(libtorch/include/caffe2/video) by extension 'colcon_pkg'
[0.426s] Level 1:colcon.colcon_core.package_identification:_identify(libtorch/include/caffe2/video) by extensions ['colcon_meta']
[0.426s] Level 1:colcon.colcon_core.package_identification:_identify(libtorch/include/caffe2/video) by extension 'colcon_meta'
[0.426s] Level 1:colcon.colcon_core.package_identification:_identify(libtorch/include/caffe2/video) by extensions ['ros']
[0.426s] Level 1:colcon.colcon_core.package_identification:_identify(libtorch/include/caffe2/video) by extension 'ros'
[0.426s] Level 1:colcon.colcon_core.package_identification:_identify(libtorch/include/caffe2/video) by extensions ['cmake', 'python']
[0.426s] Level 1:colcon.colcon_core.package_identification:_identify(libtorch/include/caffe2/video) by extension 'cmake'
[0.427s] Level 1:colcon.colcon_core.package_identification:_identify(libtorch/include/caffe2/video) by extension 'python'
[0.427s] Level 1:colcon.colcon_core.package_identification:_identify(libtorch/include/caffe2/video) by extensions ['python_setup_py']
[0.427s] Level 1:colcon.colcon_core.package_identification:_identify(libtorch/include/caffe2/video) by extension 'python_setup_py'
[0.427s] Level 1:colcon.colcon_core.package_identification:_identify(libtorch/include/pybind11) by extensions ['ignore', 'ignore_ament_install']
[0.427s] Level 1:colcon.colcon_core.package_identification:_identify(libtorch/include/pybind11) by extension 'ignore'
[0.427s] Level 1:colcon.colcon_core.package_identification:_identify(libtorch/include/pybind11) by extension 'ignore_ament_install'
[0.427s] Level 1:colcon.colcon_core.package_identification:_identify(libtorch/include/pybind11) by extensions ['colcon_pkg']
[0.427s] Level 1:colcon.colcon_core.package_identification:_identify(libtorch/include/pybind11) by extension 'colcon_pkg'
[0.427s] Level 1:colcon.colcon_core.package_identification:_identify(libtorch/include/pybind11) by extensions ['colcon_meta']
[0.427s] Level 1:colcon.colcon_core.package_identification:_identify(libtorch/include/pybind11) by extension 'colcon_meta'
[0.427s] Level 1:colcon.colcon_core.package_identification:_identify(libtorch/include/pybind11) by extensions ['ros']
[0.427s] Level 1:colcon.colcon_core.package_identification:_identify(libtorch/include/pybind11) by extension 'ros'
[0.427s] Level 1:colcon.colcon_core.package_identification:_identify(libtorch/include/pybind11) by extensions ['cmake', 'python']
[0.427s] Level 1:colcon.colcon_core.package_identification:_identify(libtorch/include/pybind11) by extension 'cmake'
[0.427s] Level 1:colcon.colcon_core.package_identification:_identify(libtorch/include/pybind11) by extension 'python'
[0.427s] Level 1:colcon.colcon_core.package_identification:_identify(libtorch/include/pybind11) by extensions ['python_setup_py']
[0.427s] Level 1:colcon.colcon_core.package_identification:_identify(libtorch/include/pybind11) by extension 'python_setup_py'
[0.427s] Level 1:colcon.colcon_core.package_identification:_identify(libtorch/include/pybind11/detail) by extensions ['ignore', 'ignore_ament_install']
[0.428s] Level 1:colcon.colcon_core.package_identification:_identify(libtorch/include/pybind11/detail) by extension 'ignore'
[0.428s] Level 1:colcon.colcon_core.package_identification:_identify(libtorch/include/pybind11/detail) by extension 'ignore_ament_install'
[0.428s] Level 1:colcon.colcon_core.package_identification:_identify(libtorch/include/pybind11/detail) by extensions ['colcon_pkg']
[0.428s] Level 1:colcon.colcon_core.package_identification:_identify(libtorch/include/pybind11/detail) by extension 'colcon_pkg'
[0.428s] Level 1:colcon.colcon_core.package_identification:_identify(libtorch/include/pybind11/detail) by extensions ['colcon_meta']
[0.428s] Level 1:colcon.colcon_core.package_identification:_identify(libtorch/include/pybind11/detail) by extension 'colcon_meta'
[0.428s] Level 1:colcon.colcon_core.package_identification:_identify(libtorch/include/pybind11/detail) by extensions ['ros']
[0.428s] Level 1:colcon.colcon_core.package_identification:_identify(libtorch/include/pybind11/detail) by extension 'ros'
[0.428s] Level 1:colcon.colcon_core.package_identification:_identify(libtorch/include/pybind11/detail) by extensions ['cmake', 'python']
[0.428s] Level 1:colcon.colcon_core.package_identification:_identify(libtorch/include/pybind11/detail) by extension 'cmake'
[0.428s] Level 1:colcon.colcon_core.package_identification:_identify(libtorch/include/pybind11/detail) by extension 'python'
[0.428s] Level 1:colcon.colcon_core.package_identification:_identify(libtorch/include/pybind11/detail) by extensions ['python_setup_py']
[0.428s] Level 1:colcon.colcon_core.package_identification:_identify(libtorch/include/pybind11/detail) by extension 'python_setup_py'
[0.428s] Level 1:colcon.colcon_core.package_identification:_identify(libtorch/include/torch) by extensions ['ignore', 'ignore_ament_install']
[0.428s] Level 1:colcon.colcon_core.package_identification:_identify(libtorch/include/torch) by extension 'ignore'
[0.428s] Level 1:colcon.colcon_core.package_identification:_identify(libtorch/include/torch) by extension 'ignore_ament_install'
[0.428s] Level 1:colcon.colcon_core.package_identification:_identify(libtorch/include/torch) by extensions ['colcon_pkg']
[0.428s] Level 1:colcon.colcon_core.package_identification:_identify(libtorch/include/torch) by extension 'colcon_pkg'
[0.428s] Level 1:colcon.colcon_core.package_identification:_identify(libtorch/include/torch) by extensions ['colcon_meta']
[0.429s] Level 1:colcon.colcon_core.package_identification:_identify(libtorch/include/torch) by extension 'colcon_meta'
[0.429s] Level 1:colcon.colcon_core.package_identification:_identify(libtorch/include/torch) by extensions ['ros']
[0.429s] Level 1:colcon.colcon_core.package_identification:_identify(libtorch/include/torch) by extension 'ros'
[0.429s] Level 1:colcon.colcon_core.package_identification:_identify(libtorch/include/torch) by extensions ['cmake', 'python']
[0.429s] Level 1:colcon.colcon_core.package_identification:_identify(libtorch/include/torch) by extension 'cmake'
[0.429s] Level 1:colcon.colcon_core.package_identification:_identify(libtorch/include/torch) by extension 'python'
[0.429s] Level 1:colcon.colcon_core.package_identification:_identify(libtorch/include/torch) by extensions ['python_setup_py']
[0.429s] Level 1:colcon.colcon_core.package_identification:_identify(libtorch/include/torch) by extension 'python_setup_py'
[0.429s] Level 1:colcon.colcon_core.package_identification:_identify(libtorch/include/torch/csrc) by extensions ['ignore', 'ignore_ament_install']
[0.429s] Level 1:colcon.colcon_core.package_identification:_identify(libtorch/include/torch/csrc) by extension 'ignore'
[0.429s] Level 1:colcon.colcon_core.package_identification:_identify(libtorch/include/torch/csrc) by extension 'ignore_ament_install'
[0.429s] Level 1:colcon.colcon_core.package_identification:_identify(libtorch/include/torch/csrc) by extensions ['colcon_pkg']
[0.429s] Level 1:colcon.colcon_core.package_identification:_identify(libtorch/include/torch/csrc) by extension 'colcon_pkg'
[0.429s] Level 1:colcon.colcon_core.package_identification:_identify(libtorch/include/torch/csrc) by extensions ['colcon_meta']
[0.429s] Level 1:colcon.colcon_core.package_identification:_identify(libtorch/include/torch/csrc) by extension 'colcon_meta'
[0.429s] Level 1:colcon.colcon_core.package_identification:_identify(libtorch/include/torch/csrc) by extensions ['ros']
[0.429s] Level 1:colcon.colcon_core.package_identification:_identify(libtorch/include/torch/csrc) by extension 'ros'
[0.429s] Level 1:colcon.colcon_core.package_identification:_identify(libtorch/include/torch/csrc) by extensions ['cmake', 'python']
[0.430s] Level 1:colcon.colcon_core.package_identification:_identify(libtorch/include/torch/csrc) by extension 'cmake'
[0.430s] Level 1:colcon.colcon_core.package_identification:_identify(libtorch/include/torch/csrc) by extension 'python'
[0.430s] Level 1:colcon.colcon_core.package_identification:_identify(libtorch/include/torch/csrc) by extensions ['python_setup_py']
[0.430s] Level 1:colcon.colcon_core.package_identification:_identify(libtorch/include/torch/csrc) by extension 'python_setup_py'
[0.430s] Level 1:colcon.colcon_core.package_identification:_identify(libtorch/include/torch/csrc/api) by extensions ['ignore', 'ignore_ament_install']
[0.430s] Level 1:colcon.colcon_core.package_identification:_identify(libtorch/include/torch/csrc/api) by extension 'ignore'
[0.430s] Level 1:colcon.colcon_core.package_identification:_identify(libtorch/include/torch/csrc/api) by extension 'ignore_ament_install'
[0.430s] Level 1:colcon.colcon_core.package_identification:_identify(libtorch/include/torch/csrc/api) by extensions ['colcon_pkg']
[0.430s] Level 1:colcon.colcon_core.package_identification:_identify(libtorch/include/torch/csrc/api) by extension 'colcon_pkg'
[0.430s] Level 1:colcon.colcon_core.package_identification:_identify(libtorch/include/torch/csrc/api) by extensions ['colcon_meta']
[0.430s] Level 1:colcon.colcon_core.package_identification:_identify(libtorch/include/torch/csrc/api) by extension 'colcon_meta'
[0.430s] Level 1:colcon.colcon_core.package_identification:_identify(libtorch/include/torch/csrc/api) by extensions ['ros']
[0.430s] Level 1:colcon.colcon_core.package_identification:_identify(libtorch/include/torch/csrc/api) by extension 'ros'
[0.430s] Level 1:colcon.colcon_core.package_identification:_identify(libtorch/include/torch/csrc/api) by extensions ['cmake', 'python']
[0.430s] Level 1:colcon.colcon_core.package_identification:_identify(libtorch/include/torch/csrc/api) by extension 'cmake'
[0.430s] Level 1:colcon.colcon_core.package_identification:_identify(libtorch/include/torch/csrc/api) by extension 'python'
[0.430s] Level 1:colcon.colcon_core.package_identification:_identify(libtorch/include/torch/csrc/api) by extensions ['python_setup_py']
[0.430s] Level 1:colcon.colcon_core.package_identification:_identify(libtorch/include/torch/csrc/api) by extension 'python_setup_py'
[0.431s] Level 1:colcon.colcon_core.package_identification:_identify(libtorch/include/torch/csrc/api/include) by extensions ['ignore', 'ignore_ament_install']
[0.431s] Level 1:colcon.colcon_core.package_identification:_identify(libtorch/include/torch/csrc/api/include) by extension 'ignore'
[0.431s] Level 1:colcon.colcon_core.package_identification:_identify(libtorch/include/torch/csrc/api/include) by extension 'ignore_ament_install'
[0.431s] Level 1:colcon.colcon_core.package_identification:_identify(libtorch/include/torch/csrc/api/include) by extensions ['colcon_pkg']
[0.431s] Level 1:colcon.colcon_core.package_identification:_identify(libtorch/include/torch/csrc/api/include) by extension 'colcon_pkg'
[0.431s] Level 1:colcon.colcon_core.package_identification:_identify(libtorch/include/torch/csrc/api/include) by extensions ['colcon_meta']
[0.431s] Level 1:colcon.colcon_core.package_identification:_identify(libtorch/include/torch/csrc/api/include) by extension 'colcon_meta'
[0.431s] Level 1:colcon.colcon_core.package_identification:_identify(libtorch/include/torch/csrc/api/include) by extensions ['ros']
[0.431s] Level 1:colcon.colcon_core.package_identification:_identify(libtorch/include/torch/csrc/api/include) by extension 'ros'
[0.431s] Level 1:colcon.colcon_core.package_identification:_identify(libtorch/include/torch/csrc/api/include) by extensions ['cmake', 'python']
[0.431s] Level 1:colcon.colcon_core.package_identification:_identify(libtorch/include/torch/csrc/api/include) by extension 'cmake'
[0.431s] Level 1:colcon.colcon_core.package_identification:_identify(libtorch/include/torch/csrc/api/include) by extension 'python'
[0.431s] Level 1:colcon.colcon_core.package_identification:_identify(libtorch/include/torch/csrc/api/include) by extensions ['python_setup_py']
[0.431s] Level 1:colcon.colcon_core.package_identification:_identify(libtorch/include/torch/csrc/api/include) by extension 'python_setup_py'
[0.431s] Level 1:colcon.colcon_core.package_identification:_identify(libtorch/include/torch/csrc/api/include/torch) by extensions ['ignore', 'ignore_ament_install']
[0.431s] Level 1:colcon.colcon_core.package_identification:_identify(libtorch/include/torch/csrc/api/include/torch) by extension 'ignore'
[0.431s] Level 1:colcon.colcon_core.package_identification:_identify(libtorch/include/torch/csrc/api/include/torch) by extension 'ignore_ament_install'
[0.432s] Level 1:colcon.colcon_core.package_identification:_identify(libtorch/include/torch/csrc/api/include/torch) by extensions ['colcon_pkg']
[0.432s] Level 1:colcon.colcon_core.package_identification:_identify(libtorch/include/torch/csrc/api/include/torch) by extension 'colcon_pkg'
[0.432s] Level 1:colcon.colcon_core.package_identification:_identify(libtorch/include/torch/csrc/api/include/torch) by extensions ['colcon_meta']
[0.432s] Level 1:colcon.colcon_core.package_identification:_identify(libtorch/include/torch/csrc/api/include/torch) by extension 'colcon_meta'
[0.432s] Level 1:colcon.colcon_core.package_identification:_identify(libtorch/include/torch/csrc/api/include/torch) by extensions ['ros']
[0.432s] Level 1:colcon.colcon_core.package_identification:_identify(libtorch/include/torch/csrc/api/include/torch) by extension 'ros'
[0.432s] Level 1:colcon.colcon_core.package_identification:_identify(libtorch/include/torch/csrc/api/include/torch) by extensions ['cmake', 'python']
[0.432s] Level 1:colcon.colcon_core.package_identification:_identify(libtorch/include/torch/csrc/api/include/torch) by extension 'cmake'
[0.432s] Level 1:colcon.colcon_core.package_identification:_identify(libtorch/include/torch/csrc/api/include/torch) by extension 'python'
[0.432s] Level 1:colcon.colcon_core.package_identification:_identify(libtorch/include/torch/csrc/api/include/torch) by extensions ['python_setup_py']
[0.432s] Level 1:colcon.colcon_core.package_identification:_identify(libtorch/include/torch/csrc/api/include/torch) by extension 'python_setup_py'
[0.432s] Level 1:colcon.colcon_core.package_identification:_identify(libtorch/include/torch/csrc/api/include/torch/data) by extensions ['ignore', 'ignore_ament_install']
[0.432s] Level 1:colcon.colcon_core.package_identification:_identify(libtorch/include/torch/csrc/api/include/torch/data) by extension 'ignore'
[0.432s] Level 1:colcon.colcon_core.package_identification:_identify(libtorch/include/torch/csrc/api/include/torch/data) by extension 'ignore_ament_install'
[0.433s] Level 1:colcon.colcon_core.package_identification:_identify(libtorch/include/torch/csrc/api/include/torch/data) by extensions ['colcon_pkg']
[0.433s] Level 1:colcon.colcon_core.package_identification:_identify(libtorch/include/torch/csrc/api/include/torch/data) by extension 'colcon_pkg'
[0.433s] Level 1:colcon.colcon_core.package_identification:_identify(libtorch/include/torch/csrc/api/include/torch/data) by extensions ['colcon_meta']
[0.433s] Level 1:colcon.colcon_core.package_identification:_identify(libtorch/include/torch/csrc/api/include/torch/data) by extension 'colcon_meta'
[0.433s] Level 1:colcon.colcon_core.package_identification:_identify(libtorch/include/torch/csrc/api/include/torch/data) by extensions ['ros']
[0.433s] Level 1:colcon.colcon_core.package_identification:_identify(libtorch/include/torch/csrc/api/include/torch/data) by extension 'ros'
[0.433s] Level 1:colcon.colcon_core.package_identification:_identify(libtorch/include/torch/csrc/api/include/torch/data) by extensions ['cmake', 'python']
[0.433s] Level 1:colcon.colcon_core.package_identification:_identify(libtorch/include/torch/csrc/api/include/torch/data) by extension 'cmake'
[0.433s] Level 1:colcon.colcon_core.package_identification:_identify(libtorch/include/torch/csrc/api/include/torch/data) by extension 'python'
[0.433s] Level 1:colcon.colcon_core.package_identification:_identify(libtorch/include/torch/csrc/api/include/torch/data) by extensions ['python_setup_py']
[0.433s] Level 1:colcon.colcon_core.package_identification:_identify(libtorch/include/torch/csrc/api/include/torch/data) by extension 'python_setup_py'
[0.433s] Level 1:colcon.colcon_core.package_identification:_identify(libtorch/include/torch/csrc/api/include/torch/data/dataloader) by extensions ['ignore', 'ignore_ament_install']
[0.433s] Level 1:colcon.colcon_core.package_identification:_identify(libtorch/include/torch/csrc/api/include/torch/data/dataloader) by extension 'ignore'
[0.433s] Level 1:colcon.colcon_core.package_identification:_identify(libtorch/include/torch/csrc/api/include/torch/data/dataloader) by extension 'ignore_ament_install'
[0.433s] Level 1:colcon.colcon_core.package_identification:_identify(libtorch/include/torch/csrc/api/include/torch/data/dataloader) by extensions ['colcon_pkg']
[0.433s] Level 1:colcon.colcon_core.package_identification:_identify(libtorch/include/torch/csrc/api/include/torch/data/dataloader) by extension 'colcon_pkg'
[0.434s] Level 1:colcon.colcon_core.package_identification:_identify(libtorch/include/torch/csrc/api/include/torch/data/dataloader) by extensions ['colcon_meta']
[0.434s] Level 1:colcon.colcon_core.package_identification:_identify(libtorch/include/torch/csrc/api/include/torch/data/dataloader) by extension 'colcon_meta'
[0.434s] Level 1:colcon.colcon_core.package_identification:_identify(libtorch/include/torch/csrc/api/include/torch/data/dataloader) by extensions ['ros']
[0.434s] Level 1:colcon.colcon_core.package_identification:_identify(libtorch/include/torch/csrc/api/include/torch/data/dataloader) by extension 'ros'
[0.434s] Level 1:colcon.colcon_core.package_identification:_identify(libtorch/include/torch/csrc/api/include/torch/data/dataloader) by extensions ['cmake', 'python']
[0.434s] Level 1:colcon.colcon_core.package_identification:_identify(libtorch/include/torch/csrc/api/include/torch/data/dataloader) by extension 'cmake'
[0.434s] Level 1:colcon.colcon_core.package_identification:_identify(libtorch/include/torch/csrc/api/include/torch/data/dataloader) by extension 'python'
[0.434s] Level 1:colcon.colcon_core.package_identification:_identify(libtorch/include/torch/csrc/api/include/torch/data/dataloader) by extensions ['python_setup_py']
[0.434s] Level 1:colcon.colcon_core.package_identification:_identify(libtorch/include/torch/csrc/api/include/torch/data/dataloader) by extension 'python_setup_py'
[0.434s] Level 1:colcon.colcon_core.package_identification:_identify(libtorch/include/torch/csrc/api/include/torch/data/datasets) by extensions ['ignore', 'ignore_ament_install']
[0.434s] Level 1:colcon.colcon_core.package_identification:_identify(libtorch/include/torch/csrc/api/include/torch/data/datasets) by extension 'ignore'
[0.434s] Level 1:colcon.colcon_core.package_identification:_identify(libtorch/include/torch/csrc/api/include/torch/data/datasets) by extension 'ignore_ament_install'
[0.434s] Level 1:colcon.colcon_core.package_identification:_identify(libtorch/include/torch/csrc/api/include/torch/data/datasets) by extensions ['colcon_pkg']
[0.434s] Level 1:colcon.colcon_core.package_identification:_identify(libtorch/include/torch/csrc/api/include/torch/data/datasets) by extension 'colcon_pkg'
[0.434s] Level 1:colcon.colcon_core.package_identification:_identify(libtorch/include/torch/csrc/api/include/torch/data/datasets) by extensions ['colcon_meta']
[0.434s] Level 1:colcon.colcon_core.package_identification:_identify(libtorch/include/torch/csrc/api/include/torch/data/datasets) by extension 'colcon_meta'
[0.434s] Level 1:colcon.colcon_core.package_identification:_identify(libtorch/include/torch/csrc/api/include/torch/data/datasets) by extensions ['ros']
[0.435s] Level 1:colcon.colcon_core.package_identification:_identify(libtorch/include/torch/csrc/api/include/torch/data/datasets) by extension 'ros'
[0.435s] Level 1:colcon.colcon_core.package_identification:_identify(libtorch/include/torch/csrc/api/include/torch/data/datasets) by extensions ['cmake', 'python']
[0.435s] Level 1:colcon.colcon_core.package_identification:_identify(libtorch/include/torch/csrc/api/include/torch/data/datasets) by extension 'cmake'
[0.435s] Level 1:colcon.colcon_core.package_identification:_identify(libtorch/include/torch/csrc/api/include/torch/data/datasets) by extension 'python'
[0.435s] Level 1:colcon.colcon_core.package_identification:_identify(libtorch/include/torch/csrc/api/include/torch/data/datasets) by extensions ['python_setup_py']
[0.435s] Level 1:colcon.colcon_core.package_identification:_identify(libtorch/include/torch/csrc/api/include/torch/data/datasets) by extension 'python_setup_py'
[0.435s] Level 1:colcon.colcon_core.package_identification:_identify(libtorch/include/torch/csrc/api/include/torch/data/detail) by extensions ['ignore', 'ignore_ament_install']
[0.435s] Level 1:colcon.colcon_core.package_identification:_identify(libtorch/include/torch/csrc/api/include/torch/data/detail) by extension 'ignore'
[0.435s] Level 1:colcon.colcon_core.package_identification:_identify(libtorch/include/torch/csrc/api/include/torch/data/detail) by extension 'ignore_ament_install'
[0.435s] Level 1:colcon.colcon_core.package_identification:_identify(libtorch/include/torch/csrc/api/include/torch/data/detail) by extensions ['colcon_pkg']
[0.435s] Level 1:colcon.colcon_core.package_identification:_identify(libtorch/include/torch/csrc/api/include/torch/data/detail) by extension 'colcon_pkg'
[0.435s] Level 1:colcon.colcon_core.package_identification:_identify(libtorch/include/torch/csrc/api/include/torch/data/detail) by extensions ['colcon_meta']
[0.435s] Level 1:colcon.colcon_core.package_identification:_identify(libtorch/include/torch/csrc/api/include/torch/data/detail) by extension 'colcon_meta'
[0.435s] Level 1:colcon.colcon_core.package_identification:_identify(libtorch/include/torch/csrc/api/include/torch/data/detail) by extensions ['ros']
[0.435s] Level 1:colcon.colcon_core.package_identification:_identify(libtorch/include/torch/csrc/api/include/torch/data/detail) by extension 'ros'
[0.435s] Level 1:colcon.colcon_core.package_identification:_identify(libtorch/include/torch/csrc/api/include/torch/data/detail) by extensions ['cmake', 'python']
[0.435s] Level 1:colcon.colcon_core.package_identification:_identify(libtorch/include/torch/csrc/api/include/torch/data/detail) by extension 'cmake'
[0.436s] Level 1:colcon.colcon_core.package_identification:_identify(libtorch/include/torch/csrc/api/include/torch/data/detail) by extension 'python'
[0.436s] Level 1:colcon.colcon_core.package_identification:_identify(libtorch/include/torch/csrc/api/include/torch/data/detail) by extensions ['python_setup_py']
[0.436s] Level 1:colcon.colcon_core.package_identification:_identify(libtorch/include/torch/csrc/api/include/torch/data/detail) by extension 'python_setup_py'
[0.436s] Level 1:colcon.colcon_core.package_identification:_identify(libtorch/include/torch/csrc/api/include/torch/data/samplers) by extensions ['ignore', 'ignore_ament_install']
[0.436s] Level 1:colcon.colcon_core.package_identification:_identify(libtorch/include/torch/csrc/api/include/torch/data/samplers) by extension 'ignore'
[0.436s] Level 1:colcon.colcon_core.package_identification:_identify(libtorch/include/torch/csrc/api/include/torch/data/samplers) by extension 'ignore_ament_install'
[0.436s] Level 1:colcon.colcon_core.package_identification:_identify(libtorch/include/torch/csrc/api/include/torch/data/samplers) by extensions ['colcon_pkg']
[0.436s] Level 1:colcon.colcon_core.package_identification:_identify(libtorch/include/torch/csrc/api/include/torch/data/samplers) by extension 'colcon_pkg'
[0.436s] Level 1:colcon.colcon_core.package_identification:_identify(libtorch/include/torch/csrc/api/include/torch/data/samplers) by extensions ['colcon_meta']
[0.436s] Level 1:colcon.colcon_core.package_identification:_identify(libtorch/include/torch/csrc/api/include/torch/data/samplers) by extension 'colcon_meta'
[0.436s] Level 1:colcon.colcon_core.package_identification:_identify(libtorch/include/torch/csrc/api/include/torch/data/samplers) by extensions ['ros']
[0.436s] Level 1:colcon.colcon_core.package_identification:_identify(libtorch/include/torch/csrc/api/include/torch/data/samplers) by extension 'ros'
[0.436s] Level 1:colcon.colcon_core.package_identification:_identify(libtorch/include/torch/csrc/api/include/torch/data/samplers) by extensions ['cmake', 'python']
[0.436s] Level 1:colcon.colcon_core.package_identification:_identify(libtorch/include/torch/csrc/api/include/torch/data/samplers) by extension 'cmake'
[0.436s] Level 1:colcon.colcon_core.package_identification:_identify(libtorch/include/torch/csrc/api/include/torch/data/samplers) by extension 'python'
[0.436s] Level 1:colcon.colcon_core.package_identification:_identify(libtorch/include/torch/csrc/api/include/torch/data/samplers) by extensions ['python_setup_py']
[0.436s] Level 1:colcon.colcon_core.package_identification:_identify(libtorch/include/torch/csrc/api/include/torch/data/samplers) by extension 'python_setup_py'
[0.437s] Level 1:colcon.colcon_core.package_identification:_identify(libtorch/include/torch/csrc/api/include/torch/data/transforms) by extensions ['ignore', 'ignore_ament_install']
[0.437s] Level 1:colcon.colcon_core.package_identification:_identify(libtorch/include/torch/csrc/api/include/torch/data/transforms) by extension 'ignore'
[0.437s] Level 1:colcon.colcon_core.package_identification:_identify(libtorch/include/torch/csrc/api/include/torch/data/transforms) by extension 'ignore_ament_install'
[0.437s] Level 1:colcon.colcon_core.package_identification:_identify(libtorch/include/torch/csrc/api/include/torch/data/transforms) by extensions ['colcon_pkg']
[0.437s] Level 1:colcon.colcon_core.package_identification:_identify(libtorch/include/torch/csrc/api/include/torch/data/transforms) by extension 'colcon_pkg'
[0.437s] Level 1:colcon.colcon_core.package_identification:_identify(libtorch/include/torch/csrc/api/include/torch/data/transforms) by extensions ['colcon_meta']
[0.437s] Level 1:colcon.colcon_core.package_identification:_identify(libtorch/include/torch/csrc/api/include/torch/data/transforms) by extension 'colcon_meta'
[0.437s] Level 1:colcon.colcon_core.package_identification:_identify(libtorch/include/torch/csrc/api/include/torch/data/transforms) by extensions ['ros']
[0.437s] Level 1:colcon.colcon_core.package_identification:_identify(libtorch/include/torch/csrc/api/include/torch/data/transforms) by extension 'ros'
[0.437s] Level 1:colcon.colcon_core.package_identification:_identify(libtorch/include/torch/csrc/api/include/torch/data/transforms) by extensions ['cmake', 'python']
[0.437s] Level 1:colcon.colcon_core.package_identification:_identify(libtorch/include/torch/csrc/api/include/torch/data/transforms) by extension 'cmake'
[0.437s] Level 1:colcon.colcon_core.package_identification:_identify(libtorch/include/torch/csrc/api/include/torch/data/transforms) by extension 'python'
[0.437s] Level 1:colcon.colcon_core.package_identification:_identify(libtorch/include/torch/csrc/api/include/torch/data/transforms) by extensions ['python_setup_py']
[0.437s] Level 1:colcon.colcon_core.package_identification:_identify(libtorch/include/torch/csrc/api/include/torch/data/transforms) by extension 'python_setup_py'
[0.437s] Level 1:colcon.colcon_core.package_identification:_identify(libtorch/include/torch/csrc/api/include/torch/detail) by extensions ['ignore', 'ignore_ament_install']
[0.438s] Level 1:colcon.colcon_core.package_identification:_identify(libtorch/include/torch/csrc/api/include/torch/detail) by extension 'ignore'
[0.438s] Level 1:colcon.colcon_core.package_identification:_identify(libtorch/include/torch/csrc/api/include/torch/detail) by extension 'ignore_ament_install'
[0.438s] Level 1:colcon.colcon_core.package_identification:_identify(libtorch/include/torch/csrc/api/include/torch/detail) by extensions ['colcon_pkg']
[0.438s] Level 1:colcon.colcon_core.package_identification:_identify(libtorch/include/torch/csrc/api/include/torch/detail) by extension 'colcon_pkg'
[0.438s] Level 1:colcon.colcon_core.package_identification:_identify(libtorch/include/torch/csrc/api/include/torch/detail) by extensions ['colcon_meta']
[0.438s] Level 1:colcon.colcon_core.package_identification:_identify(libtorch/include/torch/csrc/api/include/torch/detail) by extension 'colcon_meta'
[0.438s] Level 1:colcon.colcon_core.package_identification:_identify(libtorch/include/torch/csrc/api/include/torch/detail) by extensions ['ros']
[0.438s] Level 1:colcon.colcon_core.package_identification:_identify(libtorch/include/torch/csrc/api/include/torch/detail) by extension 'ros'
[0.438s] Level 1:colcon.colcon_core.package_identification:_identify(libtorch/include/torch/csrc/api/include/torch/detail) by extensions ['cmake', 'python']
[0.438s] Level 1:colcon.colcon_core.package_identification:_identify(libtorch/include/torch/csrc/api/include/torch/detail) by extension 'cmake'
[0.438s] Level 1:colcon.colcon_core.package_identification:_identify(libtorch/include/torch/csrc/api/include/torch/detail) by extension 'python'
[0.438s] Level 1:colcon.colcon_core.package_identification:_identify(libtorch/include/torch/csrc/api/include/torch/detail) by extensions ['python_setup_py']
[0.438s] Level 1:colcon.colcon_core.package_identification:_identify(libtorch/include/torch/csrc/api/include/torch/detail) by extension 'python_setup_py'
[0.438s] Level 1:colcon.colcon_core.package_identification:_identify(libtorch/include/torch/csrc/api/include/torch/nn) by extensions ['ignore', 'ignore_ament_install']
[0.438s] Level 1:colcon.colcon_core.package_identification:_identify(libtorch/include/torch/csrc/api/include/torch/nn) by extension 'ignore'
[0.438s] Level 1:colcon.colcon_core.package_identification:_identify(libtorch/include/torch/csrc/api/include/torch/nn) by extension 'ignore_ament_install'
[0.438s] Level 1:colcon.colcon_core.package_identification:_identify(libtorch/include/torch/csrc/api/include/torch/nn) by extensions ['colcon_pkg']
[0.438s] Level 1:colcon.colcon_core.package_identification:_identify(libtorch/include/torch/csrc/api/include/torch/nn) by extension 'colcon_pkg'
[0.439s] Level 1:colcon.colcon_core.package_identification:_identify(libtorch/include/torch/csrc/api/include/torch/nn) by extensions ['colcon_meta']
[0.439s] Level 1:colcon.colcon_core.package_identification:_identify(libtorch/include/torch/csrc/api/include/torch/nn) by extension 'colcon_meta'
[0.439s] Level 1:colcon.colcon_core.package_identification:_identify(libtorch/include/torch/csrc/api/include/torch/nn) by extensions ['ros']
[0.439s] Level 1:colcon.colcon_core.package_identification:_identify(libtorch/include/torch/csrc/api/include/torch/nn) by extension 'ros'
[0.439s] Level 1:colcon.colcon_core.package_identification:_identify(libtorch/include/torch/csrc/api/include/torch/nn) by extensions ['cmake', 'python']
[0.439s] Level 1:colcon.colcon_core.package_identification:_identify(libtorch/include/torch/csrc/api/include/torch/nn) by extension 'cmake'
[0.439s] Level 1:colcon.colcon_core.package_identification:_identify(libtorch/include/torch/csrc/api/include/torch/nn) by extension 'python'
[0.439s] Level 1:colcon.colcon_core.package_identification:_identify(libtorch/include/torch/csrc/api/include/torch/nn) by extensions ['python_setup_py']
[0.439s] Level 1:colcon.colcon_core.package_identification:_identify(libtorch/include/torch/csrc/api/include/torch/nn) by extension 'python_setup_py'
[0.439s] Level 1:colcon.colcon_core.package_identification:_identify(libtorch/include/torch/csrc/api/include/torch/nn/functional) by extensions ['ignore', 'ignore_ament_install']
[0.439s] Level 1:colcon.colcon_core.package_identification:_identify(libtorch/include/torch/csrc/api/include/torch/nn/functional) by extension 'ignore'
[0.439s] Level 1:colcon.colcon_core.package_identification:_identify(libtorch/include/torch/csrc/api/include/torch/nn/functional) by extension 'ignore_ament_install'
[0.439s] Level 1:colcon.colcon_core.package_identification:_identify(libtorch/include/torch/csrc/api/include/torch/nn/functional) by extensions ['colcon_pkg']
[0.439s] Level 1:colcon.colcon_core.package_identification:_identify(libtorch/include/torch/csrc/api/include/torch/nn/functional) by extension 'colcon_pkg'
[0.439s] Level 1:colcon.colcon_core.package_identification:_identify(libtorch/include/torch/csrc/api/include/torch/nn/functional) by extensions ['colcon_meta']
[0.439s] Level 1:colcon.colcon_core.package_identification:_identify(libtorch/include/torch/csrc/api/include/torch/nn/functional) by extension 'colcon_meta'
[0.439s] Level 1:colcon.colcon_core.package_identification:_identify(libtorch/include/torch/csrc/api/include/torch/nn/functional) by extensions ['ros']
[0.439s] Level 1:colcon.colcon_core.package_identification:_identify(libtorch/include/torch/csrc/api/include/torch/nn/functional) by extension 'ros'
[0.440s] Level 1:colcon.colcon_core.package_identification:_identify(libtorch/include/torch/csrc/api/include/torch/nn/functional) by extensions ['cmake', 'python']
[0.440s] Level 1:colcon.colcon_core.package_identification:_identify(libtorch/include/torch/csrc/api/include/torch/nn/functional) by extension 'cmake'
[0.440s] Level 1:colcon.colcon_core.package_identification:_identify(libtorch/include/torch/csrc/api/include/torch/nn/functional) by extension 'python'
[0.440s] Level 1:colcon.colcon_core.package_identification:_identify(libtorch/include/torch/csrc/api/include/torch/nn/functional) by extensions ['python_setup_py']
[0.440s] Level 1:colcon.colcon_core.package_identification:_identify(libtorch/include/torch/csrc/api/include/torch/nn/functional) by extension 'python_setup_py'
[0.440s] Level 1:colcon.colcon_core.package_identification:_identify(libtorch/include/torch/csrc/api/include/torch/nn/modules) by extensions ['ignore', 'ignore_ament_install']
[0.440s] Level 1:colcon.colcon_core.package_identification:_identify(libtorch/include/torch/csrc/api/include/torch/nn/modules) by extension 'ignore'
[0.440s] Level 1:colcon.colcon_core.package_identification:_identify(libtorch/include/torch/csrc/api/include/torch/nn/modules) by extension 'ignore_ament_install'
[0.440s] Level 1:colcon.colcon_core.package_identification:_identify(libtorch/include/torch/csrc/api/include/torch/nn/modules) by extensions ['colcon_pkg']
[0.440s] Level 1:colcon.colcon_core.package_identification:_identify(libtorch/include/torch/csrc/api/include/torch/nn/modules) by extension 'colcon_pkg'
[0.440s] Level 1:colcon.colcon_core.package_identification:_identify(libtorch/include/torch/csrc/api/include/torch/nn/modules) by extensions ['colcon_meta']
[0.440s] Level 1:colcon.colcon_core.package_identification:_identify(libtorch/include/torch/csrc/api/include/torch/nn/modules) by extension 'colcon_meta'
[0.440s] Level 1:colcon.colcon_core.package_identification:_identify(libtorch/include/torch/csrc/api/include/torch/nn/modules) by extensions ['ros']
[0.440s] Level 1:colcon.colcon_core.package_identification:_identify(libtorch/include/torch/csrc/api/include/torch/nn/modules) by extension 'ros'
[0.440s] Level 1:colcon.colcon_core.package_identification:_identify(libtorch/include/torch/csrc/api/include/torch/nn/modules) by extensions ['cmake', 'python']
[0.440s] Level 1:colcon.colcon_core.package_identification:_identify(libtorch/include/torch/csrc/api/include/torch/nn/modules) by extension 'cmake'
[0.440s] Level 1:colcon.colcon_core.package_identification:_identify(libtorch/include/torch/csrc/api/include/torch/nn/modules) by extension 'python'
[0.441s] Level 1:colcon.colcon_core.package_identification:_identify(libtorch/include/torch/csrc/api/include/torch/nn/modules) by extensions ['python_setup_py']
[0.441s] Level 1:colcon.colcon_core.package_identification:_identify(libtorch/include/torch/csrc/api/include/torch/nn/modules) by extension 'python_setup_py'
[0.441s] Level 1:colcon.colcon_core.package_identification:_identify(libtorch/include/torch/csrc/api/include/torch/nn/modules/container) by extensions ['ignore', 'ignore_ament_install']
[0.441s] Level 1:colcon.colcon_core.package_identification:_identify(libtorch/include/torch/csrc/api/include/torch/nn/modules/container) by extension 'ignore'
[0.441s] Level 1:colcon.colcon_core.package_identification:_identify(libtorch/include/torch/csrc/api/include/torch/nn/modules/container) by extension 'ignore_ament_install'
[0.441s] Level 1:colcon.colcon_core.package_identification:_identify(libtorch/include/torch/csrc/api/include/torch/nn/modules/container) by extensions ['colcon_pkg']
[0.441s] Level 1:colcon.colcon_core.package_identification:_identify(libtorch/include/torch/csrc/api/include/torch/nn/modules/container) by extension 'colcon_pkg'
[0.441s] Level 1:colcon.colcon_core.package_identification:_identify(libtorch/include/torch/csrc/api/include/torch/nn/modules/container) by extensions ['colcon_meta']
[0.441s] Level 1:colcon.colcon_core.package_identification:_identify(libtorch/include/torch/csrc/api/include/torch/nn/modules/container) by extension 'colcon_meta'
[0.441s] Level 1:colcon.colcon_core.package_identification:_identify(libtorch/include/torch/csrc/api/include/torch/nn/modules/container) by extensions ['ros']
[0.441s] Level 1:colcon.colcon_core.package_identification:_identify(libtorch/include/torch/csrc/api/include/torch/nn/modules/container) by extension 'ros'
[0.441s] Level 1:colcon.colcon_core.package_identification:_identify(libtorch/include/torch/csrc/api/include/torch/nn/modules/container) by extensions ['cmake', 'python']
[0.441s] Level 1:colcon.colcon_core.package_identification:_identify(libtorch/include/torch/csrc/api/include/torch/nn/modules/container) by extension 'cmake'
[0.441s] Level 1:colcon.colcon_core.package_identification:_identify(libtorch/include/torch/csrc/api/include/torch/nn/modules/container) by extension 'python'
[0.441s] Level 1:colcon.colcon_core.package_identification:_identify(libtorch/include/torch/csrc/api/include/torch/nn/modules/container) by extensions ['python_setup_py']
[0.441s] Level 1:colcon.colcon_core.package_identification:_identify(libtorch/include/torch/csrc/api/include/torch/nn/modules/container) by extension 'python_setup_py'
[0.442s] Level 1:colcon.colcon_core.package_identification:_identify(libtorch/include/torch/csrc/api/include/torch/nn/options) by extensions ['ignore', 'ignore_ament_install']
[0.442s] Level 1:colcon.colcon_core.package_identification:_identify(libtorch/include/torch/csrc/api/include/torch/nn/options) by extension 'ignore'
[0.442s] Level 1:colcon.colcon_core.package_identification:_identify(libtorch/include/torch/csrc/api/include/torch/nn/options) by extension 'ignore_ament_install'
[0.442s] Level 1:colcon.colcon_core.package_identification:_identify(libtorch/include/torch/csrc/api/include/torch/nn/options) by extensions ['colcon_pkg']
[0.442s] Level 1:colcon.colcon_core.package_identification:_identify(libtorch/include/torch/csrc/api/include/torch/nn/options) by extension 'colcon_pkg'
[0.442s] Level 1:colcon.colcon_core.package_identification:_identify(libtorch/include/torch/csrc/api/include/torch/nn/options) by extensions ['colcon_meta']
[0.442s] Level 1:colcon.colcon_core.package_identification:_identify(libtorch/include/torch/csrc/api/include/torch/nn/options) by extension 'colcon_meta'
[0.442s] Level 1:colcon.colcon_core.package_identification:_identify(libtorch/include/torch/csrc/api/include/torch/nn/options) by extensions ['ros']
[0.442s] Level 1:colcon.colcon_core.package_identification:_identify(libtorch/include/torch/csrc/api/include/torch/nn/options) by extension 'ros'
[0.442s] Level 1:colcon.colcon_core.package_identification:_identify(libtorch/include/torch/csrc/api/include/torch/nn/options) by extensions ['cmake', 'python']
[0.442s] Level 1:colcon.colcon_core.package_identification:_identify(libtorch/include/torch/csrc/api/include/torch/nn/options) by extension 'cmake'
[0.442s] Level 1:colcon.colcon_core.package_identification:_identify(libtorch/include/torch/csrc/api/include/torch/nn/options) by extension 'python'
[0.442s] Level 1:colcon.colcon_core.package_identification:_identify(libtorch/include/torch/csrc/api/include/torch/nn/options) by extensions ['python_setup_py']
[0.442s] Level 1:colcon.colcon_core.package_identification:_identify(libtorch/include/torch/csrc/api/include/torch/nn/options) by extension 'python_setup_py'
[0.442s] Level 1:colcon.colcon_core.package_identification:_identify(libtorch/include/torch/csrc/api/include/torch/nn/parallel) by extensions ['ignore', 'ignore_ament_install']
[0.442s] Level 1:colcon.colcon_core.package_identification:_identify(libtorch/include/torch/csrc/api/include/torch/nn/parallel) by extension 'ignore'
[0.442s] Level 1:colcon.colcon_core.package_identification:_identify(libtorch/include/torch/csrc/api/include/torch/nn/parallel) by extension 'ignore_ament_install'
[0.443s] Level 1:colcon.colcon_core.package_identification:_identify(libtorch/include/torch/csrc/api/include/torch/nn/parallel) by extensions ['colcon_pkg']
[0.443s] Level 1:colcon.colcon_core.package_identification:_identify(libtorch/include/torch/csrc/api/include/torch/nn/parallel) by extension 'colcon_pkg'
[0.443s] Level 1:colcon.colcon_core.package_identification:_identify(libtorch/include/torch/csrc/api/include/torch/nn/parallel) by extensions ['colcon_meta']
[0.443s] Level 1:colcon.colcon_core.package_identification:_identify(libtorch/include/torch/csrc/api/include/torch/nn/parallel) by extension 'colcon_meta'
[0.443s] Level 1:colcon.colcon_core.package_identification:_identify(libtorch/include/torch/csrc/api/include/torch/nn/parallel) by extensions ['ros']
[0.443s] Level 1:colcon.colcon_core.package_identification:_identify(libtorch/include/torch/csrc/api/include/torch/nn/parallel) by extension 'ros'
[0.443s] Level 1:colcon.colcon_core.package_identification:_identify(libtorch/include/torch/csrc/api/include/torch/nn/parallel) by extensions ['cmake', 'python']
[0.443s] Level 1:colcon.colcon_core.package_identification:_identify(libtorch/include/torch/csrc/api/include/torch/nn/parallel) by extension 'cmake'
[0.443s] Level 1:colcon.colcon_core.package_identification:_identify(libtorch/include/torch/csrc/api/include/torch/nn/parallel) by extension 'python'
[0.443s] Level 1:colcon.colcon_core.package_identification:_identify(libtorch/include/torch/csrc/api/include/torch/nn/parallel) by extensions ['python_setup_py']
[0.443s] Level 1:colcon.colcon_core.package_identification:_identify(libtorch/include/torch/csrc/api/include/torch/nn/parallel) by extension 'python_setup_py'
[0.443s] Level 1:colcon.colcon_core.package_identification:_identify(libtorch/include/torch/csrc/api/include/torch/nn/utils) by extensions ['ignore', 'ignore_ament_install']
[0.443s] Level 1:colcon.colcon_core.package_identification:_identify(libtorch/include/torch/csrc/api/include/torch/nn/utils) by extension 'ignore'
[0.443s] Level 1:colcon.colcon_core.package_identification:_identify(libtorch/include/torch/csrc/api/include/torch/nn/utils) by extension 'ignore_ament_install'
[0.443s] Level 1:colcon.colcon_core.package_identification:_identify(libtorch/include/torch/csrc/api/include/torch/nn/utils) by extensions ['colcon_pkg']
[0.443s] Level 1:colcon.colcon_core.package_identification:_identify(libtorch/include/torch/csrc/api/include/torch/nn/utils) by extension 'colcon_pkg'
[0.443s] Level 1:colcon.colcon_core.package_identification:_identify(libtorch/include/torch/csrc/api/include/torch/nn/utils) by extensions ['colcon_meta']
[0.443s] Level 1:colcon.colcon_core.package_identification:_identify(libtorch/include/torch/csrc/api/include/torch/nn/utils) by extension 'colcon_meta'
[0.444s] Level 1:colcon.colcon_core.package_identification:_identify(libtorch/include/torch/csrc/api/include/torch/nn/utils) by extensions ['ros']
[0.444s] Level 1:colcon.colcon_core.package_identification:_identify(libtorch/include/torch/csrc/api/include/torch/nn/utils) by extension 'ros'
[0.444s] Level 1:colcon.colcon_core.package_identification:_identify(libtorch/include/torch/csrc/api/include/torch/nn/utils) by extensions ['cmake', 'python']
[0.444s] Level 1:colcon.colcon_core.package_identification:_identify(libtorch/include/torch/csrc/api/include/torch/nn/utils) by extension 'cmake'
[0.444s] Level 1:colcon.colcon_core.package_identification:_identify(libtorch/include/torch/csrc/api/include/torch/nn/utils) by extension 'python'
[0.444s] Level 1:colcon.colcon_core.package_identification:_identify(libtorch/include/torch/csrc/api/include/torch/nn/utils) by extensions ['python_setup_py']
[0.444s] Level 1:colcon.colcon_core.package_identification:_identify(libtorch/include/torch/csrc/api/include/torch/nn/utils) by extension 'python_setup_py'
[0.444s] Level 1:colcon.colcon_core.package_identification:_identify(libtorch/include/torch/csrc/api/include/torch/optim) by extensions ['ignore', 'ignore_ament_install']
[0.444s] Level 1:colcon.colcon_core.package_identification:_identify(libtorch/include/torch/csrc/api/include/torch/optim) by extension 'ignore'
[0.444s] Level 1:colcon.colcon_core.package_identification:_identify(libtorch/include/torch/csrc/api/include/torch/optim) by extension 'ignore_ament_install'
[0.444s] Level 1:colcon.colcon_core.package_identification:_identify(libtorch/include/torch/csrc/api/include/torch/optim) by extensions ['colcon_pkg']
[0.444s] Level 1:colcon.colcon_core.package_identification:_identify(libtorch/include/torch/csrc/api/include/torch/optim) by extension 'colcon_pkg'
[0.444s] Level 1:colcon.colcon_core.package_identification:_identify(libtorch/include/torch/csrc/api/include/torch/optim) by extensions ['colcon_meta']
[0.444s] Level 1:colcon.colcon_core.package_identification:_identify(libtorch/include/torch/csrc/api/include/torch/optim) by extension 'colcon_meta'
[0.444s] Level 1:colcon.colcon_core.package_identification:_identify(libtorch/include/torch/csrc/api/include/torch/optim) by extensions ['ros']
[0.444s] Level 1:colcon.colcon_core.package_identification:_identify(libtorch/include/torch/csrc/api/include/torch/optim) by extension 'ros'
[0.444s] Level 1:colcon.colcon_core.package_identification:_identify(libtorch/include/torch/csrc/api/include/torch/optim) by extensions ['cmake', 'python']
[0.444s] Level 1:colcon.colcon_core.package_identification:_identify(libtorch/include/torch/csrc/api/include/torch/optim) by extension 'cmake'
[0.444s] Level 1:colcon.colcon_core.package_identification:_identify(libtorch/include/torch/csrc/api/include/torch/optim) by extension 'python'
[0.445s] Level 1:colcon.colcon_core.package_identification:_identify(libtorch/include/torch/csrc/api/include/torch/optim) by extensions ['python_setup_py']
[0.445s] Level 1:colcon.colcon_core.package_identification:_identify(libtorch/include/torch/csrc/api/include/torch/optim) by extension 'python_setup_py'
[0.445s] Level 1:colcon.colcon_core.package_identification:_identify(libtorch/include/torch/csrc/api/include/torch/optim/schedulers) by extensions ['ignore', 'ignore_ament_install']
[0.445s] Level 1:colcon.colcon_core.package_identification:_identify(libtorch/include/torch/csrc/api/include/torch/optim/schedulers) by extension 'ignore'
[0.445s] Level 1:colcon.colcon_core.package_identification:_identify(libtorch/include/torch/csrc/api/include/torch/optim/schedulers) by extension 'ignore_ament_install'
[0.445s] Level 1:colcon.colcon_core.package_identification:_identify(libtorch/include/torch/csrc/api/include/torch/optim/schedulers) by extensions ['colcon_pkg']
[0.445s] Level 1:colcon.colcon_core.package_identification:_identify(libtorch/include/torch/csrc/api/include/torch/optim/schedulers) by extension 'colcon_pkg'
[0.445s] Level 1:colcon.colcon_core.package_identification:_identify(libtorch/include/torch/csrc/api/include/torch/optim/schedulers) by extensions ['colcon_meta']
[0.445s] Level 1:colcon.colcon_core.package_identification:_identify(libtorch/include/torch/csrc/api/include/torch/optim/schedulers) by extension 'colcon_meta'
[0.445s] Level 1:colcon.colcon_core.package_identification:_identify(libtorch/include/torch/csrc/api/include/torch/optim/schedulers) by extensions ['ros']
[0.445s] Level 1:colcon.colcon_core.package_identification:_identify(libtorch/include/torch/csrc/api/include/torch/optim/schedulers) by extension 'ros'
[0.445s] Level 1:colcon.colcon_core.package_identification:_identify(libtorch/include/torch/csrc/api/include/torch/optim/schedulers) by extensions ['cmake', 'python']
[0.445s] Level 1:colcon.colcon_core.package_identification:_identify(libtorch/include/torch/csrc/api/include/torch/optim/schedulers) by extension 'cmake'
[0.445s] Level 1:colcon.colcon_core.package_identification:_identify(libtorch/include/torch/csrc/api/include/torch/optim/schedulers) by extension 'python'
[0.445s] Level 1:colcon.colcon_core.package_identification:_identify(libtorch/include/torch/csrc/api/include/torch/optim/schedulers) by extensions ['python_setup_py']
[0.445s] Level 1:colcon.colcon_core.package_identification:_identify(libtorch/include/torch/csrc/api/include/torch/optim/schedulers) by extension 'python_setup_py'
[0.446s] Level 1:colcon.colcon_core.package_identification:_identify(libtorch/include/torch/csrc/api/include/torch/serialize) by extensions ['ignore', 'ignore_ament_install']
[0.446s] Level 1:colcon.colcon_core.package_identification:_identify(libtorch/include/torch/csrc/api/include/torch/serialize) by extension 'ignore'
[0.446s] Level 1:colcon.colcon_core.package_identification:_identify(libtorch/include/torch/csrc/api/include/torch/serialize) by extension 'ignore_ament_install'
[0.446s] Level 1:colcon.colcon_core.package_identification:_identify(libtorch/include/torch/csrc/api/include/torch/serialize) by extensions ['colcon_pkg']
[0.446s] Level 1:colcon.colcon_core.package_identification:_identify(libtorch/include/torch/csrc/api/include/torch/serialize) by extension 'colcon_pkg'
[0.446s] Level 1:colcon.colcon_core.package_identification:_identify(libtorch/include/torch/csrc/api/include/torch/serialize) by extensions ['colcon_meta']
[0.446s] Level 1:colcon.colcon_core.package_identification:_identify(libtorch/include/torch/csrc/api/include/torch/serialize) by extension 'colcon_meta'
[0.446s] Level 1:colcon.colcon_core.package_identification:_identify(libtorch/include/torch/csrc/api/include/torch/serialize) by extensions ['ros']
[0.446s] Level 1:colcon.colcon_core.package_identification:_identify(libtorch/include/torch/csrc/api/include/torch/serialize) by extension 'ros'
[0.446s] Level 1:colcon.colcon_core.package_identification:_identify(libtorch/include/torch/csrc/api/include/torch/serialize) by extensions ['cmake', 'python']
[0.446s] Level 1:colcon.colcon_core.package_identification:_identify(libtorch/include/torch/csrc/api/include/torch/serialize) by extension 'cmake'
[0.446s] Level 1:colcon.colcon_core.package_identification:_identify(libtorch/include/torch/csrc/api/include/torch/serialize) by extension 'python'
[0.446s] Level 1:colcon.colcon_core.package_identification:_identify(libtorch/include/torch/csrc/api/include/torch/serialize) by extensions ['python_setup_py']
[0.446s] Level 1:colcon.colcon_core.package_identification:_identify(libtorch/include/torch/csrc/api/include/torch/serialize) by extension 'python_setup_py'
[0.446s] Level 1:colcon.colcon_core.package_identification:_identify(libtorch/include/torch/csrc/autograd) by extensions ['ignore', 'ignore_ament_install']
[0.446s] Level 1:colcon.colcon_core.package_identification:_identify(libtorch/include/torch/csrc/autograd) by extension 'ignore'
[0.446s] Level 1:colcon.colcon_core.package_identification:_identify(libtorch/include/torch/csrc/autograd) by extension 'ignore_ament_install'
[0.446s] Level 1:colcon.colcon_core.package_identification:_identify(libtorch/include/torch/csrc/autograd) by extensions ['colcon_pkg']
[0.447s] Level 1:colcon.colcon_core.package_identification:_identify(libtorch/include/torch/csrc/autograd) by extension 'colcon_pkg'
[0.447s] Level 1:colcon.colcon_core.package_identification:_identify(libtorch/include/torch/csrc/autograd) by extensions ['colcon_meta']
[0.447s] Level 1:colcon.colcon_core.package_identification:_identify(libtorch/include/torch/csrc/autograd) by extension 'colcon_meta'
[0.447s] Level 1:colcon.colcon_core.package_identification:_identify(libtorch/include/torch/csrc/autograd) by extensions ['ros']
[0.447s] Level 1:colcon.colcon_core.package_identification:_identify(libtorch/include/torch/csrc/autograd) by extension 'ros'
[0.447s] Level 1:colcon.colcon_core.package_identification:_identify(libtorch/include/torch/csrc/autograd) by extensions ['cmake', 'python']
[0.447s] Level 1:colcon.colcon_core.package_identification:_identify(libtorch/include/torch/csrc/autograd) by extension 'cmake'
[0.447s] Level 1:colcon.colcon_core.package_identification:_identify(libtorch/include/torch/csrc/autograd) by extension 'python'
[0.447s] Level 1:colcon.colcon_core.package_identification:_identify(libtorch/include/torch/csrc/autograd) by extensions ['python_setup_py']
[0.447s] Level 1:colcon.colcon_core.package_identification:_identify(libtorch/include/torch/csrc/autograd) by extension 'python_setup_py'
[0.447s] Level 1:colcon.colcon_core.package_identification:_identify(libtorch/include/torch/csrc/autograd/functions) by extensions ['ignore', 'ignore_ament_install']
[0.447s] Level 1:colcon.colcon_core.package_identification:_identify(libtorch/include/torch/csrc/autograd/functions) by extension 'ignore'
[0.447s] Level 1:colcon.colcon_core.package_identification:_identify(libtorch/include/torch/csrc/autograd/functions) by extension 'ignore_ament_install'
[0.447s] Level 1:colcon.colcon_core.package_identification:_identify(libtorch/include/torch/csrc/autograd/functions) by extensions ['colcon_pkg']
[0.447s] Level 1:colcon.colcon_core.package_identification:_identify(libtorch/include/torch/csrc/autograd/functions) by extension 'colcon_pkg'
[0.447s] Level 1:colcon.colcon_core.package_identification:_identify(libtorch/include/torch/csrc/autograd/functions) by extensions ['colcon_meta']
[0.447s] Level 1:colcon.colcon_core.package_identification:_identify(libtorch/include/torch/csrc/autograd/functions) by extension 'colcon_meta'
[0.447s] Level 1:colcon.colcon_core.package_identification:_identify(libtorch/include/torch/csrc/autograd/functions) by extensions ['ros']
[0.447s] Level 1:colcon.colcon_core.package_identification:_identify(libtorch/include/torch/csrc/autograd/functions) by extension 'ros'
[0.448s] Level 1:colcon.colcon_core.package_identification:_identify(libtorch/include/torch/csrc/autograd/functions) by extensions ['cmake', 'python']
[0.448s] Level 1:colcon.colcon_core.package_identification:_identify(libtorch/include/torch/csrc/autograd/functions) by extension 'cmake'
[0.448s] Level 1:colcon.colcon_core.package_identification:_identify(libtorch/include/torch/csrc/autograd/functions) by extension 'python'
[0.448s] Level 1:colcon.colcon_core.package_identification:_identify(libtorch/include/torch/csrc/autograd/functions) by extensions ['python_setup_py']
[0.448s] Level 1:colcon.colcon_core.package_identification:_identify(libtorch/include/torch/csrc/autograd/functions) by extension 'python_setup_py'
[0.448s] Level 1:colcon.colcon_core.package_identification:_identify(libtorch/include/torch/csrc/autograd/generated) by extensions ['ignore', 'ignore_ament_install']
[0.448s] Level 1:colcon.colcon_core.package_identification:_identify(libtorch/include/torch/csrc/autograd/generated) by extension 'ignore'
[0.448s] Level 1:colcon.colcon_core.package_identification:_identify(libtorch/include/torch/csrc/autograd/generated) by extension 'ignore_ament_install'
[0.448s] Level 1:colcon.colcon_core.package_identification:_identify(libtorch/include/torch/csrc/autograd/generated) by extensions ['colcon_pkg']
[0.448s] Level 1:colcon.colcon_core.package_identification:_identify(libtorch/include/torch/csrc/autograd/generated) by extension 'colcon_pkg'
[0.448s] Level 1:colcon.colcon_core.package_identification:_identify(libtorch/include/torch/csrc/autograd/generated) by extensions ['colcon_meta']
[0.448s] Level 1:colcon.colcon_core.package_identification:_identify(libtorch/include/torch/csrc/autograd/generated) by extension 'colcon_meta'
[0.448s] Level 1:colcon.colcon_core.package_identification:_identify(libtorch/include/torch/csrc/autograd/generated) by extensions ['ros']
[0.448s] Level 1:colcon.colcon_core.package_identification:_identify(libtorch/include/torch/csrc/autograd/generated) by extension 'ros'
[0.448s] Level 1:colcon.colcon_core.package_identification:_identify(libtorch/include/torch/csrc/autograd/generated) by extensions ['cmake', 'python']
[0.448s] Level 1:colcon.colcon_core.package_identification:_identify(libtorch/include/torch/csrc/autograd/generated) by extension 'cmake'
[0.448s] Level 1:colcon.colcon_core.package_identification:_identify(libtorch/include/torch/csrc/autograd/generated) by extension 'python'
[0.448s] Level 1:colcon.colcon_core.package_identification:_identify(libtorch/include/torch/csrc/autograd/generated) by extensions ['python_setup_py']
[0.448s] Level 1:colcon.colcon_core.package_identification:_identify(libtorch/include/torch/csrc/autograd/generated) by extension 'python_setup_py'
[0.449s] Level 1:colcon.colcon_core.package_identification:_identify(libtorch/include/torch/csrc/autograd/utils) by extensions ['ignore', 'ignore_ament_install']
[0.449s] Level 1:colcon.colcon_core.package_identification:_identify(libtorch/include/torch/csrc/autograd/utils) by extension 'ignore'
[0.449s] Level 1:colcon.colcon_core.package_identification:_identify(libtorch/include/torch/csrc/autograd/utils) by extension 'ignore_ament_install'
[0.449s] Level 1:colcon.colcon_core.package_identification:_identify(libtorch/include/torch/csrc/autograd/utils) by extensions ['colcon_pkg']
[0.449s] Level 1:colcon.colcon_core.package_identification:_identify(libtorch/include/torch/csrc/autograd/utils) by extension 'colcon_pkg'
[0.449s] Level 1:colcon.colcon_core.package_identification:_identify(libtorch/include/torch/csrc/autograd/utils) by extensions ['colcon_meta']
[0.449s] Level 1:colcon.colcon_core.package_identification:_identify(libtorch/include/torch/csrc/autograd/utils) by extension 'colcon_meta'
[0.449s] Level 1:colcon.colcon_core.package_identification:_identify(libtorch/include/torch/csrc/autograd/utils) by extensions ['ros']
[0.449s] Level 1:colcon.colcon_core.package_identification:_identify(libtorch/include/torch/csrc/autograd/utils) by extension 'ros'
[0.449s] Level 1:colcon.colcon_core.package_identification:_identify(libtorch/include/torch/csrc/autograd/utils) by extensions ['cmake', 'python']
[0.449s] Level 1:colcon.colcon_core.package_identification:_identify(libtorch/include/torch/csrc/autograd/utils) by extension 'cmake'
[0.449s] Level 1:colcon.colcon_core.package_identification:_identify(libtorch/include/torch/csrc/autograd/utils) by extension 'python'
[0.449s] Level 1:colcon.colcon_core.package_identification:_identify(libtorch/include/torch/csrc/autograd/utils) by extensions ['python_setup_py']
[0.449s] Level 1:colcon.colcon_core.package_identification:_identify(libtorch/include/torch/csrc/autograd/utils) by extension 'python_setup_py'
[0.449s] Level 1:colcon.colcon_core.package_identification:_identify(libtorch/include/torch/csrc/cuda) by extensions ['ignore', 'ignore_ament_install']
[0.449s] Level 1:colcon.colcon_core.package_identification:_identify(libtorch/include/torch/csrc/cuda) by extension 'ignore'
[0.450s] Level 1:colcon.colcon_core.package_identification:_identify(libtorch/include/torch/csrc/cuda) by extension 'ignore_ament_install'
[0.450s] Level 1:colcon.colcon_core.package_identification:_identify(libtorch/include/torch/csrc/cuda) by extensions ['colcon_pkg']
[0.450s] Level 1:colcon.colcon_core.package_identification:_identify(libtorch/include/torch/csrc/cuda) by extension 'colcon_pkg'
[0.450s] Level 1:colcon.colcon_core.package_identification:_identify(libtorch/include/torch/csrc/cuda) by extensions ['colcon_meta']
[0.450s] Level 1:colcon.colcon_core.package_identification:_identify(libtorch/include/torch/csrc/cuda) by extension 'colcon_meta'
[0.450s] Level 1:colcon.colcon_core.package_identification:_identify(libtorch/include/torch/csrc/cuda) by extensions ['ros']
[0.450s] Level 1:colcon.colcon_core.package_identification:_identify(libtorch/include/torch/csrc/cuda) by extension 'ros'
[0.450s] Level 1:colcon.colcon_core.package_identification:_identify(libtorch/include/torch/csrc/cuda) by extensions ['cmake', 'python']
[0.450s] Level 1:colcon.colcon_core.package_identification:_identify(libtorch/include/torch/csrc/cuda) by extension 'cmake'
[0.450s] Level 1:colcon.colcon_core.package_identification:_identify(libtorch/include/torch/csrc/cuda) by extension 'python'
[0.450s] Level 1:colcon.colcon_core.package_identification:_identify(libtorch/include/torch/csrc/cuda) by extensions ['python_setup_py']
[0.450s] Level 1:colcon.colcon_core.package_identification:_identify(libtorch/include/torch/csrc/cuda) by extension 'python_setup_py'
[0.450s] Level 1:colcon.colcon_core.package_identification:_identify(libtorch/include/torch/csrc/jit) by extensions ['ignore', 'ignore_ament_install']
[0.450s] Level 1:colcon.colcon_core.package_identification:_identify(libtorch/include/torch/csrc/jit) by extension 'ignore'
[0.450s] Level 1:colcon.colcon_core.package_identification:_identify(libtorch/include/torch/csrc/jit) by extension 'ignore_ament_install'
[0.450s] Level 1:colcon.colcon_core.package_identification:_identify(libtorch/include/torch/csrc/jit) by extensions ['colcon_pkg']
[0.450s] Level 1:colcon.colcon_core.package_identification:_identify(libtorch/include/torch/csrc/jit) by extension 'colcon_pkg'
[0.450s] Level 1:colcon.colcon_core.package_identification:_identify(libtorch/include/torch/csrc/jit) by extensions ['colcon_meta']
[0.450s] Level 1:colcon.colcon_core.package_identification:_identify(libtorch/include/torch/csrc/jit) by extension 'colcon_meta'
[0.450s] Level 1:colcon.colcon_core.package_identification:_identify(libtorch/include/torch/csrc/jit) by extensions ['ros']
[0.451s] Level 1:colcon.colcon_core.package_identification:_identify(libtorch/include/torch/csrc/jit) by extension 'ros'
[0.451s] Level 1:colcon.colcon_core.package_identification:_identify(libtorch/include/torch/csrc/jit) by extensions ['cmake', 'python']
[0.451s] Level 1:colcon.colcon_core.package_identification:_identify(libtorch/include/torch/csrc/jit) by extension 'cmake'
[0.451s] Level 1:colcon.colcon_core.package_identification:_identify(libtorch/include/torch/csrc/jit) by extension 'python'
[0.451s] Level 1:colcon.colcon_core.package_identification:_identify(libtorch/include/torch/csrc/jit) by extensions ['python_setup_py']
[0.451s] Level 1:colcon.colcon_core.package_identification:_identify(libtorch/include/torch/csrc/jit) by extension 'python_setup_py'
[0.451s] Level 1:colcon.colcon_core.package_identification:_identify(libtorch/include/torch/csrc/jit/api) by extensions ['ignore', 'ignore_ament_install']
[0.451s] Level 1:colcon.colcon_core.package_identification:_identify(libtorch/include/torch/csrc/jit/api) by extension 'ignore'
[0.451s] Level 1:colcon.colcon_core.package_identification:_identify(libtorch/include/torch/csrc/jit/api) by extension 'ignore_ament_install'
[0.451s] Level 1:colcon.colcon_core.package_identification:_identify(libtorch/include/torch/csrc/jit/api) by extensions ['colcon_pkg']
[0.451s] Level 1:colcon.colcon_core.package_identification:_identify(libtorch/include/torch/csrc/jit/api) by extension 'colcon_pkg'
[0.451s] Level 1:colcon.colcon_core.package_identification:_identify(libtorch/include/torch/csrc/jit/api) by extensions ['colcon_meta']
[0.451s] Level 1:colcon.colcon_core.package_identification:_identify(libtorch/include/torch/csrc/jit/api) by extension 'colcon_meta'
[0.451s] Level 1:colcon.colcon_core.package_identification:_identify(libtorch/include/torch/csrc/jit/api) by extensions ['ros']
[0.451s] Level 1:colcon.colcon_core.package_identification:_identify(libtorch/include/torch/csrc/jit/api) by extension 'ros'
[0.451s] Level 1:colcon.colcon_core.package_identification:_identify(libtorch/include/torch/csrc/jit/api) by extensions ['cmake', 'python']
[0.451s] Level 1:colcon.colcon_core.package_identification:_identify(libtorch/include/torch/csrc/jit/api) by extension 'cmake'
[0.451s] Level 1:colcon.colcon_core.package_identification:_identify(libtorch/include/torch/csrc/jit/api) by extension 'python'
[0.451s] Level 1:colcon.colcon_core.package_identification:_identify(libtorch/include/torch/csrc/jit/api) by extensions ['python_setup_py']
[0.451s] Level 1:colcon.colcon_core.package_identification:_identify(libtorch/include/torch/csrc/jit/api) by extension 'python_setup_py'
[0.452s] Level 1:colcon.colcon_core.package_identification:_identify(libtorch/include/torch/csrc/jit/backends) by extensions ['ignore', 'ignore_ament_install']
[0.452s] Level 1:colcon.colcon_core.package_identification:_identify(libtorch/include/torch/csrc/jit/backends) by extension 'ignore'
[0.452s] Level 1:colcon.colcon_core.package_identification:_identify(libtorch/include/torch/csrc/jit/backends) by extension 'ignore_ament_install'
[0.452s] Level 1:colcon.colcon_core.package_identification:_identify(libtorch/include/torch/csrc/jit/backends) by extensions ['colcon_pkg']
[0.452s] Level 1:colcon.colcon_core.package_identification:_identify(libtorch/include/torch/csrc/jit/backends) by extension 'colcon_pkg'
[0.452s] Level 1:colcon.colcon_core.package_identification:_identify(libtorch/include/torch/csrc/jit/backends) by extensions ['colcon_meta']
[0.452s] Level 1:colcon.colcon_core.package_identification:_identify(libtorch/include/torch/csrc/jit/backends) by extension 'colcon_meta'
[0.452s] Level 1:colcon.colcon_core.package_identification:_identify(libtorch/include/torch/csrc/jit/backends) by extensions ['ros']
[0.452s] Level 1:colcon.colcon_core.package_identification:_identify(libtorch/include/torch/csrc/jit/backends) by extension 'ros'
[0.452s] Level 1:colcon.colcon_core.package_identification:_identify(libtorch/include/torch/csrc/jit/backends) by extensions ['cmake', 'python']
[0.452s] Level 1:colcon.colcon_core.package_identification:_identify(libtorch/include/torch/csrc/jit/backends) by extension 'cmake'
[0.452s] Level 1:colcon.colcon_core.package_identification:_identify(libtorch/include/torch/csrc/jit/backends) by extension 'python'
[0.452s] Level 1:colcon.colcon_core.package_identification:_identify(libtorch/include/torch/csrc/jit/backends) by extensions ['python_setup_py']
[0.452s] Level 1:colcon.colcon_core.package_identification:_identify(libtorch/include/torch/csrc/jit/backends) by extension 'python_setup_py'
[0.452s] Level 1:colcon.colcon_core.package_identification:_identify(libtorch/include/torch/csrc/jit/frontend) by extensions ['ignore', 'ignore_ament_install']
[0.452s] Level 1:colcon.colcon_core.package_identification:_identify(libtorch/include/torch/csrc/jit/frontend) by extension 'ignore'
[0.453s] Level 1:colcon.colcon_core.package_identification:_identify(libtorch/include/torch/csrc/jit/frontend) by extension 'ignore_ament_install'
[0.453s] Level 1:colcon.colcon_core.package_identification:_identify(libtorch/include/torch/csrc/jit/frontend) by extensions ['colcon_pkg']
[0.453s] Level 1:colcon.colcon_core.package_identification:_identify(libtorch/include/torch/csrc/jit/frontend) by extension 'colcon_pkg'
[0.453s] Level 1:colcon.colcon_core.package_identification:_identify(libtorch/include/torch/csrc/jit/frontend) by extensions ['colcon_meta']
[0.453s] Level 1:colcon.colcon_core.package_identification:_identify(libtorch/include/torch/csrc/jit/frontend) by extension 'colcon_meta'
[0.453s] Level 1:colcon.colcon_core.package_identification:_identify(libtorch/include/torch/csrc/jit/frontend) by extensions ['ros']
[0.453s] Level 1:colcon.colcon_core.package_identification:_identify(libtorch/include/torch/csrc/jit/frontend) by extension 'ros'
[0.453s] Level 1:colcon.colcon_core.package_identification:_identify(libtorch/include/torch/csrc/jit/frontend) by extensions ['cmake', 'python']
[0.453s] Level 1:colcon.colcon_core.package_identification:_identify(libtorch/include/torch/csrc/jit/frontend) by extension 'cmake'
[0.453s] Level 1:colcon.colcon_core.package_identification:_identify(libtorch/include/torch/csrc/jit/frontend) by extension 'python'
[0.453s] Level 1:colcon.colcon_core.package_identification:_identify(libtorch/include/torch/csrc/jit/frontend) by extensions ['python_setup_py']
[0.453s] Level 1:colcon.colcon_core.package_identification:_identify(libtorch/include/torch/csrc/jit/frontend) by extension 'python_setup_py'
[0.453s] Level 1:colcon.colcon_core.package_identification:_identify(libtorch/include/torch/csrc/jit/ir) by extensions ['ignore', 'ignore_ament_install']
[0.453s] Level 1:colcon.colcon_core.package_identification:_identify(libtorch/include/torch/csrc/jit/ir) by extension 'ignore'
[0.453s] Level 1:colcon.colcon_core.package_identification:_identify(libtorch/include/torch/csrc/jit/ir) by extension 'ignore_ament_install'
[0.453s] Level 1:colcon.colcon_core.package_identification:_identify(libtorch/include/torch/csrc/jit/ir) by extensions ['colcon_pkg']
[0.453s] Level 1:colcon.colcon_core.package_identification:_identify(libtorch/include/torch/csrc/jit/ir) by extension 'colcon_pkg'
[0.453s] Level 1:colcon.colcon_core.package_identification:_identify(libtorch/include/torch/csrc/jit/ir) by extensions ['colcon_meta']
[0.453s] Level 1:colcon.colcon_core.package_identification:_identify(libtorch/include/torch/csrc/jit/ir) by extension 'colcon_meta'
[0.453s] Level 1:colcon.colcon_core.package_identification:_identify(libtorch/include/torch/csrc/jit/ir) by extensions ['ros']
[0.454s] Level 1:colcon.colcon_core.package_identification:_identify(libtorch/include/torch/csrc/jit/ir) by extension 'ros'
[0.454s] Level 1:colcon.colcon_core.package_identification:_identify(libtorch/include/torch/csrc/jit/ir) by extensions ['cmake', 'python']
[0.454s] Level 1:colcon.colcon_core.package_identification:_identify(libtorch/include/torch/csrc/jit/ir) by extension 'cmake'
[0.454s] Level 1:colcon.colcon_core.package_identification:_identify(libtorch/include/torch/csrc/jit/ir) by extension 'python'
[0.454s] Level 1:colcon.colcon_core.package_identification:_identify(libtorch/include/torch/csrc/jit/ir) by extensions ['python_setup_py']
[0.454s] Level 1:colcon.colcon_core.package_identification:_identify(libtorch/include/torch/csrc/jit/ir) by extension 'python_setup_py'
[0.454s] Level 1:colcon.colcon_core.package_identification:_identify(libtorch/include/torch/csrc/jit/passes) by extensions ['ignore', 'ignore_ament_install']
[0.454s] Level 1:colcon.colcon_core.package_identification:_identify(libtorch/include/torch/csrc/jit/passes) by extension 'ignore'
[0.454s] Level 1:colcon.colcon_core.package_identification:_identify(libtorch/include/torch/csrc/jit/passes) by extension 'ignore_ament_install'
[0.454s] Level 1:colcon.colcon_core.package_identification:_identify(libtorch/include/torch/csrc/jit/passes) by extensions ['colcon_pkg']
[0.454s] Level 1:colcon.colcon_core.package_identification:_identify(libtorch/include/torch/csrc/jit/passes) by extension 'colcon_pkg'
[0.454s] Level 1:colcon.colcon_core.package_identification:_identify(libtorch/include/torch/csrc/jit/passes) by extensions ['colcon_meta']
[0.454s] Level 1:colcon.colcon_core.package_identification:_identify(libtorch/include/torch/csrc/jit/passes) by extension 'colcon_meta'
[0.454s] Level 1:colcon.colcon_core.package_identification:_identify(libtorch/include/torch/csrc/jit/passes) by extensions ['ros']
[0.454s] Level 1:colcon.colcon_core.package_identification:_identify(libtorch/include/torch/csrc/jit/passes) by extension 'ros'
[0.454s] Level 1:colcon.colcon_core.package_identification:_identify(libtorch/include/torch/csrc/jit/passes) by extensions ['cmake', 'python']
[0.454s] Level 1:colcon.colcon_core.package_identification:_identify(libtorch/include/torch/csrc/jit/passes) by extension 'cmake'
[0.454s] Level 1:colcon.colcon_core.package_identification:_identify(libtorch/include/torch/csrc/jit/passes) by extension 'python'
[0.455s] Level 1:colcon.colcon_core.package_identification:_identify(libtorch/include/torch/csrc/jit/passes) by extensions ['python_setup_py']
[0.455s] Level 1:colcon.colcon_core.package_identification:_identify(libtorch/include/torch/csrc/jit/passes) by extension 'python_setup_py'
[0.455s] Level 1:colcon.colcon_core.package_identification:_identify(libtorch/include/torch/csrc/jit/passes/quantization) by extensions ['ignore', 'ignore_ament_install']
[0.455s] Level 1:colcon.colcon_core.package_identification:_identify(libtorch/include/torch/csrc/jit/passes/quantization) by extension 'ignore'
[0.455s] Level 1:colcon.colcon_core.package_identification:_identify(libtorch/include/torch/csrc/jit/passes/quantization) by extension 'ignore_ament_install'
[0.455s] Level 1:colcon.colcon_core.package_identification:_identify(libtorch/include/torch/csrc/jit/passes/quantization) by extensions ['colcon_pkg']
[0.455s] Level 1:colcon.colcon_core.package_identification:_identify(libtorch/include/torch/csrc/jit/passes/quantization) by extension 'colcon_pkg'
[0.455s] Level 1:colcon.colcon_core.package_identification:_identify(libtorch/include/torch/csrc/jit/passes/quantization) by extensions ['colcon_meta']
[0.455s] Level 1:colcon.colcon_core.package_identification:_identify(libtorch/include/torch/csrc/jit/passes/quantization) by extension 'colcon_meta'
[0.455s] Level 1:colcon.colcon_core.package_identification:_identify(libtorch/include/torch/csrc/jit/passes/quantization) by extensions ['ros']
[0.455s] Level 1:colcon.colcon_core.package_identification:_identify(libtorch/include/torch/csrc/jit/passes/quantization) by extension 'ros'
[0.455s] Level 1:colcon.colcon_core.package_identification:_identify(libtorch/include/torch/csrc/jit/passes/quantization) by extensions ['cmake', 'python']
[0.455s] Level 1:colcon.colcon_core.package_identification:_identify(libtorch/include/torch/csrc/jit/passes/quantization) by extension 'cmake'
[0.455s] Level 1:colcon.colcon_core.package_identification:_identify(libtorch/include/torch/csrc/jit/passes/quantization) by extension 'python'
[0.455s] Level 1:colcon.colcon_core.package_identification:_identify(libtorch/include/torch/csrc/jit/passes/quantization) by extensions ['python_setup_py']
[0.455s] Level 1:colcon.colcon_core.package_identification:_identify(libtorch/include/torch/csrc/jit/passes/quantization) by extension 'python_setup_py'
[0.455s] Level 1:colcon.colcon_core.package_identification:_identify(libtorch/include/torch/csrc/jit/passes/utils) by extensions ['ignore', 'ignore_ament_install']
[0.456s] Level 1:colcon.colcon_core.package_identification:_identify(libtorch/include/torch/csrc/jit/passes/utils) by extension 'ignore'
[0.456s] Level 1:colcon.colcon_core.package_identification:_identify(libtorch/include/torch/csrc/jit/passes/utils) by extension 'ignore_ament_install'
[0.456s] Level 1:colcon.colcon_core.package_identification:_identify(libtorch/include/torch/csrc/jit/passes/utils) by extensions ['colcon_pkg']
[0.456s] Level 1:colcon.colcon_core.package_identification:_identify(libtorch/include/torch/csrc/jit/passes/utils) by extension 'colcon_pkg'
[0.456s] Level 1:colcon.colcon_core.package_identification:_identify(libtorch/include/torch/csrc/jit/passes/utils) by extensions ['colcon_meta']
[0.456s] Level 1:colcon.colcon_core.package_identification:_identify(libtorch/include/torch/csrc/jit/passes/utils) by extension 'colcon_meta'
[0.456s] Level 1:colcon.colcon_core.package_identification:_identify(libtorch/include/torch/csrc/jit/passes/utils) by extensions ['ros']
[0.456s] Level 1:colcon.colcon_core.package_identification:_identify(libtorch/include/torch/csrc/jit/passes/utils) by extension 'ros'
[0.456s] Level 1:colcon.colcon_core.package_identification:_identify(libtorch/include/torch/csrc/jit/passes/utils) by extensions ['cmake', 'python']
[0.456s] Level 1:colcon.colcon_core.package_identification:_identify(libtorch/include/torch/csrc/jit/passes/utils) by extension 'cmake'
[0.456s] Level 1:colcon.colcon_core.package_identification:_identify(libtorch/include/torch/csrc/jit/passes/utils) by extension 'python'
[0.456s] Level 1:colcon.colcon_core.package_identification:_identify(libtorch/include/torch/csrc/jit/passes/utils) by extensions ['python_setup_py']
[0.456s] Level 1:colcon.colcon_core.package_identification:_identify(libtorch/include/torch/csrc/jit/passes/utils) by extension 'python_setup_py'
[0.456s] Level 1:colcon.colcon_core.package_identification:_identify(libtorch/include/torch/csrc/jit/python) by extensions ['ignore', 'ignore_ament_install']
[0.456s] Level 1:colcon.colcon_core.package_identification:_identify(libtorch/include/torch/csrc/jit/python) by extension 'ignore'
[0.456s] Level 1:colcon.colcon_core.package_identification:_identify(libtorch/include/torch/csrc/jit/python) by extension 'ignore_ament_install'
[0.456s] Level 1:colcon.colcon_core.package_identification:_identify(libtorch/include/torch/csrc/jit/python) by extensions ['colcon_pkg']
[0.456s] Level 1:colcon.colcon_core.package_identification:_identify(libtorch/include/torch/csrc/jit/python) by extension 'colcon_pkg'
[0.456s] Level 1:colcon.colcon_core.package_identification:_identify(libtorch/include/torch/csrc/jit/python) by extensions ['colcon_meta']
[0.457s] Level 1:colcon.colcon_core.package_identification:_identify(libtorch/include/torch/csrc/jit/python) by extension 'colcon_meta'
[0.457s] Level 1:colcon.colcon_core.package_identification:_identify(libtorch/include/torch/csrc/jit/python) by extensions ['ros']
[0.457s] Level 1:colcon.colcon_core.package_identification:_identify(libtorch/include/torch/csrc/jit/python) by extension 'ros'
[0.457s] Level 1:colcon.colcon_core.package_identification:_identify(libtorch/include/torch/csrc/jit/python) by extensions ['cmake', 'python']
[0.457s] Level 1:colcon.colcon_core.package_identification:_identify(libtorch/include/torch/csrc/jit/python) by extension 'cmake'
[0.457s] Level 1:colcon.colcon_core.package_identification:_identify(libtorch/include/torch/csrc/jit/python) by extension 'python'
[0.457s] Level 1:colcon.colcon_core.package_identification:_identify(libtorch/include/torch/csrc/jit/python) by extensions ['python_setup_py']
[0.457s] Level 1:colcon.colcon_core.package_identification:_identify(libtorch/include/torch/csrc/jit/python) by extension 'python_setup_py'
[0.457s] Level 1:colcon.colcon_core.package_identification:_identify(libtorch/include/torch/csrc/jit/runtime) by extensions ['ignore', 'ignore_ament_install']
[0.457s] Level 1:colcon.colcon_core.package_identification:_identify(libtorch/include/torch/csrc/jit/runtime) by extension 'ignore'
[0.457s] Level 1:colcon.colcon_core.package_identification:_identify(libtorch/include/torch/csrc/jit/runtime) by extension 'ignore_ament_install'
[0.457s] Level 1:colcon.colcon_core.package_identification:_identify(libtorch/include/torch/csrc/jit/runtime) by extensions ['colcon_pkg']
[0.457s] Level 1:colcon.colcon_core.package_identification:_identify(libtorch/include/torch/csrc/jit/runtime) by extension 'colcon_pkg'
[0.457s] Level 1:colcon.colcon_core.package_identification:_identify(libtorch/include/torch/csrc/jit/runtime) by extensions ['colcon_meta']
[0.457s] Level 1:colcon.colcon_core.package_identification:_identify(libtorch/include/torch/csrc/jit/runtime) by extension 'colcon_meta'
[0.457s] Level 1:colcon.colcon_core.package_identification:_identify(libtorch/include/torch/csrc/jit/runtime) by extensions ['ros']
[0.457s] Level 1:colcon.colcon_core.package_identification:_identify(libtorch/include/torch/csrc/jit/runtime) by extension 'ros'
[0.457s] Level 1:colcon.colcon_core.package_identification:_identify(libtorch/include/torch/csrc/jit/runtime) by extensions ['cmake', 'python']
[0.458s] Level 1:colcon.colcon_core.package_identification:_identify(libtorch/include/torch/csrc/jit/runtime) by extension 'cmake'
[0.458s] Level 1:colcon.colcon_core.package_identification:_identify(libtorch/include/torch/csrc/jit/runtime) by extension 'python'
[0.458s] Level 1:colcon.colcon_core.package_identification:_identify(libtorch/include/torch/csrc/jit/runtime) by extensions ['python_setup_py']
[0.458s] Level 1:colcon.colcon_core.package_identification:_identify(libtorch/include/torch/csrc/jit/runtime) by extension 'python_setup_py'
[0.458s] Level 1:colcon.colcon_core.package_identification:_identify(libtorch/include/torch/csrc/jit/serialization) by extensions ['ignore', 'ignore_ament_install']
[0.458s] Level 1:colcon.colcon_core.package_identification:_identify(libtorch/include/torch/csrc/jit/serialization) by extension 'ignore'
[0.458s] Level 1:colcon.colcon_core.package_identification:_identify(libtorch/include/torch/csrc/jit/serialization) by extension 'ignore_ament_install'
[0.458s] Level 1:colcon.colcon_core.package_identification:_identify(libtorch/include/torch/csrc/jit/serialization) by extensions ['colcon_pkg']
[0.458s] Level 1:colcon.colcon_core.package_identification:_identify(libtorch/include/torch/csrc/jit/serialization) by extension 'colcon_pkg'
[0.458s] Level 1:colcon.colcon_core.package_identification:_identify(libtorch/include/torch/csrc/jit/serialization) by extensions ['colcon_meta']
[0.458s] Level 1:colcon.colcon_core.package_identification:_identify(libtorch/include/torch/csrc/jit/serialization) by extension 'colcon_meta'
[0.458s] Level 1:colcon.colcon_core.package_identification:_identify(libtorch/include/torch/csrc/jit/serialization) by extensions ['ros']
[0.458s] Level 1:colcon.colcon_core.package_identification:_identify(libtorch/include/torch/csrc/jit/serialization) by extension 'ros'
[0.458s] Level 1:colcon.colcon_core.package_identification:_identify(libtorch/include/torch/csrc/jit/serialization) by extensions ['cmake', 'python']
[0.458s] Level 1:colcon.colcon_core.package_identification:_identify(libtorch/include/torch/csrc/jit/serialization) by extension 'cmake'
[0.458s] Level 1:colcon.colcon_core.package_identification:_identify(libtorch/include/torch/csrc/jit/serialization) by extension 'python'
[0.458s] Level 1:colcon.colcon_core.package_identification:_identify(libtorch/include/torch/csrc/jit/serialization) by extensions ['python_setup_py']
[0.458s] Level 1:colcon.colcon_core.package_identification:_identify(libtorch/include/torch/csrc/jit/serialization) by extension 'python_setup_py'
[0.459s] Level 1:colcon.colcon_core.package_identification:_identify(libtorch/include/torch/csrc/jit/tensorexpr) by extensions ['ignore', 'ignore_ament_install']
[0.459s] Level 1:colcon.colcon_core.package_identification:_identify(libtorch/include/torch/csrc/jit/tensorexpr) by extension 'ignore'
[0.459s] Level 1:colcon.colcon_core.package_identification:_identify(libtorch/include/torch/csrc/jit/tensorexpr) by extension 'ignore_ament_install'
[0.459s] Level 1:colcon.colcon_core.package_identification:_identify(libtorch/include/torch/csrc/jit/tensorexpr) by extensions ['colcon_pkg']
[0.459s] Level 1:colcon.colcon_core.package_identification:_identify(libtorch/include/torch/csrc/jit/tensorexpr) by extension 'colcon_pkg'
[0.459s] Level 1:colcon.colcon_core.package_identification:_identify(libtorch/include/torch/csrc/jit/tensorexpr) by extensions ['colcon_meta']
[0.459s] Level 1:colcon.colcon_core.package_identification:_identify(libtorch/include/torch/csrc/jit/tensorexpr) by extension 'colcon_meta'
[0.459s] Level 1:colcon.colcon_core.package_identification:_identify(libtorch/include/torch/csrc/jit/tensorexpr) by extensions ['ros']
[0.459s] Level 1:colcon.colcon_core.package_identification:_identify(libtorch/include/torch/csrc/jit/tensorexpr) by extension 'ros'
[0.459s] Level 1:colcon.colcon_core.package_identification:_identify(libtorch/include/torch/csrc/jit/tensorexpr) by extensions ['cmake', 'python']
[0.459s] Level 1:colcon.colcon_core.package_identification:_identify(libtorch/include/torch/csrc/jit/tensorexpr) by extension 'cmake'
[0.459s] Level 1:colcon.colcon_core.package_identification:_identify(libtorch/include/torch/csrc/jit/tensorexpr) by extension 'python'
[0.459s] Level 1:colcon.colcon_core.package_identification:_identify(libtorch/include/torch/csrc/jit/tensorexpr) by extensions ['python_setup_py']
[0.459s] Level 1:colcon.colcon_core.package_identification:_identify(libtorch/include/torch/csrc/jit/tensorexpr) by extension 'python_setup_py'
[0.459s] Level 1:colcon.colcon_core.package_identification:_identify(libtorch/include/torch/csrc/jit/tensorexpr/operators) by extensions ['ignore', 'ignore_ament_install']
[0.459s] Level 1:colcon.colcon_core.package_identification:_identify(libtorch/include/torch/csrc/jit/tensorexpr/operators) by extension 'ignore'
[0.459s] Level 1:colcon.colcon_core.package_identification:_identify(libtorch/include/torch/csrc/jit/tensorexpr/operators) by extension 'ignore_ament_install'
[0.459s] Level 1:colcon.colcon_core.package_identification:_identify(libtorch/include/torch/csrc/jit/tensorexpr/operators) by extensions ['colcon_pkg']
[0.460s] Level 1:colcon.colcon_core.package_identification:_identify(libtorch/include/torch/csrc/jit/tensorexpr/operators) by extension 'colcon_pkg'
[0.460s] Level 1:colcon.colcon_core.package_identification:_identify(libtorch/include/torch/csrc/jit/tensorexpr/operators) by extensions ['colcon_meta']
[0.460s] Level 1:colcon.colcon_core.package_identification:_identify(libtorch/include/torch/csrc/jit/tensorexpr/operators) by extension 'colcon_meta'
[0.460s] Level 1:colcon.colcon_core.package_identification:_identify(libtorch/include/torch/csrc/jit/tensorexpr/operators) by extensions ['ros']
[0.460s] Level 1:colcon.colcon_core.package_identification:_identify(libtorch/include/torch/csrc/jit/tensorexpr/operators) by extension 'ros'
[0.460s] Level 1:colcon.colcon_core.package_identification:_identify(libtorch/include/torch/csrc/jit/tensorexpr/operators) by extensions ['cmake', 'python']
[0.460s] Level 1:colcon.colcon_core.package_identification:_identify(libtorch/include/torch/csrc/jit/tensorexpr/operators) by extension 'cmake'
[0.460s] Level 1:colcon.colcon_core.package_identification:_identify(libtorch/include/torch/csrc/jit/tensorexpr/operators) by extension 'python'
[0.460s] Level 1:colcon.colcon_core.package_identification:_identify(libtorch/include/torch/csrc/jit/tensorexpr/operators) by extensions ['python_setup_py']
[0.460s] Level 1:colcon.colcon_core.package_identification:_identify(libtorch/include/torch/csrc/jit/tensorexpr/operators) by extension 'python_setup_py'
[0.460s] Level 1:colcon.colcon_core.package_identification:_identify(libtorch/include/torch/csrc/jit/testing) by extensions ['ignore', 'ignore_ament_install']
[0.460s] Level 1:colcon.colcon_core.package_identification:_identify(libtorch/include/torch/csrc/jit/testing) by extension 'ignore'
[0.460s] Level 1:colcon.colcon_core.package_identification:_identify(libtorch/include/torch/csrc/jit/testing) by extension 'ignore_ament_install'
[0.460s] Level 1:colcon.colcon_core.package_identification:_identify(libtorch/include/torch/csrc/jit/testing) by extensions ['colcon_pkg']
[0.460s] Level 1:colcon.colcon_core.package_identification:_identify(libtorch/include/torch/csrc/jit/testing) by extension 'colcon_pkg'
[0.460s] Level 1:colcon.colcon_core.package_identification:_identify(libtorch/include/torch/csrc/jit/testing) by extensions ['colcon_meta']
[0.460s] Level 1:colcon.colcon_core.package_identification:_identify(libtorch/include/torch/csrc/jit/testing) by extension 'colcon_meta'
[0.460s] Level 1:colcon.colcon_core.package_identification:_identify(libtorch/include/torch/csrc/jit/testing) by extensions ['ros']
[0.460s] Level 1:colcon.colcon_core.package_identification:_identify(libtorch/include/torch/csrc/jit/testing) by extension 'ros'
[0.461s] Level 1:colcon.colcon_core.package_identification:_identify(libtorch/include/torch/csrc/jit/testing) by extensions ['cmake', 'python']
[0.461s] Level 1:colcon.colcon_core.package_identification:_identify(libtorch/include/torch/csrc/jit/testing) by extension 'cmake'
[0.461s] Level 1:colcon.colcon_core.package_identification:_identify(libtorch/include/torch/csrc/jit/testing) by extension 'python'
[0.461s] Level 1:colcon.colcon_core.package_identification:_identify(libtorch/include/torch/csrc/jit/testing) by extensions ['python_setup_py']
[0.461s] Level 1:colcon.colcon_core.package_identification:_identify(libtorch/include/torch/csrc/jit/testing) by extension 'python_setup_py'
[0.461s] Level 1:colcon.colcon_core.package_identification:_identify(libtorch/include/torch/csrc/onnx) by extensions ['ignore', 'ignore_ament_install']
[0.461s] Level 1:colcon.colcon_core.package_identification:_identify(libtorch/include/torch/csrc/onnx) by extension 'ignore'
[0.461s] Level 1:colcon.colcon_core.package_identification:_identify(libtorch/include/torch/csrc/onnx) by extension 'ignore_ament_install'
[0.461s] Level 1:colcon.colcon_core.package_identification:_identify(libtorch/include/torch/csrc/onnx) by extensions ['colcon_pkg']
[0.461s] Level 1:colcon.colcon_core.package_identification:_identify(libtorch/include/torch/csrc/onnx) by extension 'colcon_pkg'
[0.461s] Level 1:colcon.colcon_core.package_identification:_identify(libtorch/include/torch/csrc/onnx) by extensions ['colcon_meta']
[0.461s] Level 1:colcon.colcon_core.package_identification:_identify(libtorch/include/torch/csrc/onnx) by extension 'colcon_meta'
[0.461s] Level 1:colcon.colcon_core.package_identification:_identify(libtorch/include/torch/csrc/onnx) by extensions ['ros']
[0.461s] Level 1:colcon.colcon_core.package_identification:_identify(libtorch/include/torch/csrc/onnx) by extension 'ros'
[0.461s] Level 1:colcon.colcon_core.package_identification:_identify(libtorch/include/torch/csrc/onnx) by extensions ['cmake', 'python']
[0.461s] Level 1:colcon.colcon_core.package_identification:_identify(libtorch/include/torch/csrc/onnx) by extension 'cmake'
[0.461s] Level 1:colcon.colcon_core.package_identification:_identify(libtorch/include/torch/csrc/onnx) by extension 'python'
[0.461s] Level 1:colcon.colcon_core.package_identification:_identify(libtorch/include/torch/csrc/onnx) by extensions ['python_setup_py']
[0.461s] Level 1:colcon.colcon_core.package_identification:_identify(libtorch/include/torch/csrc/onnx) by extension 'python_setup_py'
[0.462s] Level 1:colcon.colcon_core.package_identification:_identify(libtorch/include/torch/csrc/tensor) by extensions ['ignore', 'ignore_ament_install']
[0.462s] Level 1:colcon.colcon_core.package_identification:_identify(libtorch/include/torch/csrc/tensor) by extension 'ignore'
[0.462s] Level 1:colcon.colcon_core.package_identification:_identify(libtorch/include/torch/csrc/tensor) by extension 'ignore_ament_install'
[0.462s] Level 1:colcon.colcon_core.package_identification:_identify(libtorch/include/torch/csrc/tensor) by extensions ['colcon_pkg']
[0.462s] Level 1:colcon.colcon_core.package_identification:_identify(libtorch/include/torch/csrc/tensor) by extension 'colcon_pkg'
[0.462s] Level 1:colcon.colcon_core.package_identification:_identify(libtorch/include/torch/csrc/tensor) by extensions ['colcon_meta']
[0.462s] Level 1:colcon.colcon_core.package_identification:_identify(libtorch/include/torch/csrc/tensor) by extension 'colcon_meta'
[0.462s] Level 1:colcon.colcon_core.package_identification:_identify(libtorch/include/torch/csrc/tensor) by extensions ['ros']
[0.462s] Level 1:colcon.colcon_core.package_identification:_identify(libtorch/include/torch/csrc/tensor) by extension 'ros'
[0.462s] Level 1:colcon.colcon_core.package_identification:_identify(libtorch/include/torch/csrc/tensor) by extensions ['cmake', 'python']
[0.462s] Level 1:colcon.colcon_core.package_identification:_identify(libtorch/include/torch/csrc/tensor) by extension 'cmake'
[0.462s] Level 1:colcon.colcon_core.package_identification:_identify(libtorch/include/torch/csrc/tensor) by extension 'python'
[0.462s] Level 1:colcon.colcon_core.package_identification:_identify(libtorch/include/torch/csrc/tensor) by extensions ['python_setup_py']
[0.462s] Level 1:colcon.colcon_core.package_identification:_identify(libtorch/include/torch/csrc/tensor) by extension 'python_setup_py'
[0.462s] Level 1:colcon.colcon_core.package_identification:_identify(libtorch/include/torch/csrc/utils) by extensions ['ignore', 'ignore_ament_install']
[0.462s] Level 1:colcon.colcon_core.package_identification:_identify(libtorch/include/torch/csrc/utils) by extension 'ignore'
[0.462s] Level 1:colcon.colcon_core.package_identification:_identify(libtorch/include/torch/csrc/utils) by extension 'ignore_ament_install'
[0.463s] Level 1:colcon.colcon_core.package_identification:_identify(libtorch/include/torch/csrc/utils) by extensions ['colcon_pkg']
[0.463s] Level 1:colcon.colcon_core.package_identification:_identify(libtorch/include/torch/csrc/utils) by extension 'colcon_pkg'
[0.463s] Level 1:colcon.colcon_core.package_identification:_identify(libtorch/include/torch/csrc/utils) by extensions ['colcon_meta']
[0.463s] Level 1:colcon.colcon_core.package_identification:_identify(libtorch/include/torch/csrc/utils) by extension 'colcon_meta'
[0.463s] Level 1:colcon.colcon_core.package_identification:_identify(libtorch/include/torch/csrc/utils) by extensions ['ros']
[0.463s] Level 1:colcon.colcon_core.package_identification:_identify(libtorch/include/torch/csrc/utils) by extension 'ros'
[0.463s] Level 1:colcon.colcon_core.package_identification:_identify(libtorch/include/torch/csrc/utils) by extensions ['cmake', 'python']
[0.463s] Level 1:colcon.colcon_core.package_identification:_identify(libtorch/include/torch/csrc/utils) by extension 'cmake'
[0.463s] Level 1:colcon.colcon_core.package_identification:_identify(libtorch/include/torch/csrc/utils) by extension 'python'
[0.463s] Level 1:colcon.colcon_core.package_identification:_identify(libtorch/include/torch/csrc/utils) by extensions ['python_setup_py']
[0.463s] Level 1:colcon.colcon_core.package_identification:_identify(libtorch/include/torch/csrc/utils) by extension 'python_setup_py'
[0.463s] Level 1:colcon.colcon_core.package_identification:_identify(libtorch/lib) by extensions ['ignore', 'ignore_ament_install']
[0.463s] Level 1:colcon.colcon_core.package_identification:_identify(libtorch/lib) by extension 'ignore'
[0.463s] Level 1:colcon.colcon_core.package_identification:_identify(libtorch/lib) by extension 'ignore_ament_install'
[0.463s] Level 1:colcon.colcon_core.package_identification:_identify(libtorch/lib) by extensions ['colcon_pkg']
[0.463s] Level 1:colcon.colcon_core.package_identification:_identify(libtorch/lib) by extension 'colcon_pkg'
[0.463s] Level 1:colcon.colcon_core.package_identification:_identify(libtorch/lib) by extensions ['colcon_meta']
[0.463s] Level 1:colcon.colcon_core.package_identification:_identify(libtorch/lib) by extension 'colcon_meta'
[0.463s] Level 1:colcon.colcon_core.package_identification:_identify(libtorch/lib) by extensions ['ros']
[0.463s] Level 1:colcon.colcon_core.package_identification:_identify(libtorch/lib) by extension 'ros'
[0.464s] Level 1:colcon.colcon_core.package_identification:_identify(libtorch/lib) by extensions ['cmake', 'python']
[0.464s] Level 1:colcon.colcon_core.package_identification:_identify(libtorch/lib) by extension 'cmake'
[0.464s] Level 1:colcon.colcon_core.package_identification:_identify(libtorch/lib) by extension 'python'
[0.464s] Level 1:colcon.colcon_core.package_identification:_identify(libtorch/lib) by extensions ['python_setup_py']
[0.464s] Level 1:colcon.colcon_core.package_identification:_identify(libtorch/lib) by extension 'python_setup_py'
[0.464s] Level 1:colcon.colcon_core.package_identification:_identify(libtorch/share) by extensions ['ignore', 'ignore_ament_install']
[0.464s] Level 1:colcon.colcon_core.package_identification:_identify(libtorch/share) by extension 'ignore'
[0.464s] Level 1:colcon.colcon_core.package_identification:_identify(libtorch/share) by extension 'ignore_ament_install'
[0.464s] Level 1:colcon.colcon_core.package_identification:_identify(libtorch/share) by extensions ['colcon_pkg']
[0.464s] Level 1:colcon.colcon_core.package_identification:_identify(libtorch/share) by extension 'colcon_pkg'
[0.464s] Level 1:colcon.colcon_core.package_identification:_identify(libtorch/share) by extensions ['colcon_meta']
[0.464s] Level 1:colcon.colcon_core.package_identification:_identify(libtorch/share) by extension 'colcon_meta'
[0.464s] Level 1:colcon.colcon_core.package_identification:_identify(libtorch/share) by extensions ['ros']
[0.464s] Level 1:colcon.colcon_core.package_identification:_identify(libtorch/share) by extension 'ros'
[0.464s] Level 1:colcon.colcon_core.package_identification:_identify(libtorch/share) by extensions ['cmake', 'python']
[0.464s] Level 1:colcon.colcon_core.package_identification:_identify(libtorch/share) by extension 'cmake'
[0.464s] Level 1:colcon.colcon_core.package_identification:_identify(libtorch/share) by extension 'python'
[0.464s] Level 1:colcon.colcon_core.package_identification:_identify(libtorch/share) by extensions ['python_setup_py']
[0.464s] Level 1:colcon.colcon_core.package_identification:_identify(libtorch/share) by extension 'python_setup_py'
[0.464s] Level 1:colcon.colcon_core.package_identification:_identify(libtorch/share/cmake) by extensions ['ignore', 'ignore_ament_install']
[0.465s] Level 1:colcon.colcon_core.package_identification:_identify(libtorch/share/cmake) by extension 'ignore'
[0.465s] Level 1:colcon.colcon_core.package_identification:_identify(libtorch/share/cmake) by extension 'ignore_ament_install'
[0.465s] Level 1:colcon.colcon_core.package_identification:_identify(libtorch/share/cmake) by extensions ['colcon_pkg']
[0.465s] Level 1:colcon.colcon_core.package_identification:_identify(libtorch/share/cmake) by extension 'colcon_pkg'
[0.465s] Level 1:colcon.colcon_core.package_identification:_identify(libtorch/share/cmake) by extensions ['colcon_meta']
[0.465s] Level 1:colcon.colcon_core.package_identification:_identify(libtorch/share/cmake) by extension 'colcon_meta'
[0.465s] Level 1:colcon.colcon_core.package_identification:_identify(libtorch/share/cmake) by extensions ['ros']
[0.465s] Level 1:colcon.colcon_core.package_identification:_identify(libtorch/share/cmake) by extension 'ros'
[0.465s] Level 1:colcon.colcon_core.package_identification:_identify(libtorch/share/cmake) by extensions ['cmake', 'python']
[0.465s] Level 1:colcon.colcon_core.package_identification:_identify(libtorch/share/cmake) by extension 'cmake'
[0.465s] Level 1:colcon.colcon_core.package_identification:_identify(libtorch/share/cmake) by extension 'python'
[0.465s] Level 1:colcon.colcon_core.package_identification:_identify(libtorch/share/cmake) by extensions ['python_setup_py']
[0.465s] Level 1:colcon.colcon_core.package_identification:_identify(libtorch/share/cmake) by extension 'python_setup_py'
[0.465s] Level 1:colcon.colcon_core.package_identification:_identify(libtorch/share/cmake/ATen) by extensions ['ignore', 'ignore_ament_install']
[0.465s] Level 1:colcon.colcon_core.package_identification:_identify(libtorch/share/cmake/ATen) by extension 'ignore'
[0.465s] Level 1:colcon.colcon_core.package_identification:_identify(libtorch/share/cmake/ATen) by extension 'ignore_ament_install'
[0.465s] Level 1:colcon.colcon_core.package_identification:_identify(libtorch/share/cmake/ATen) by extensions ['colcon_pkg']
[0.465s] Level 1:colcon.colcon_core.package_identification:_identify(libtorch/share/cmake/ATen) by extension 'colcon_pkg'
[0.465s] Level 1:colcon.colcon_core.package_identification:_identify(libtorch/share/cmake/ATen) by extensions ['colcon_meta']
[0.465s] Level 1:colcon.colcon_core.package_identification:_identify(libtorch/share/cmake/ATen) by extension 'colcon_meta'
[0.466s] Level 1:colcon.colcon_core.package_identification:_identify(libtorch/share/cmake/ATen) by extensions ['ros']
[0.466s] Level 1:colcon.colcon_core.package_identification:_identify(libtorch/share/cmake/ATen) by extension 'ros'
[0.466s] Level 1:colcon.colcon_core.package_identification:_identify(libtorch/share/cmake/ATen) by extensions ['cmake', 'python']
[0.466s] Level 1:colcon.colcon_core.package_identification:_identify(libtorch/share/cmake/ATen) by extension 'cmake'
[0.466s] Level 1:colcon.colcon_core.package_identification:_identify(libtorch/share/cmake/ATen) by extension 'python'
[0.466s] Level 1:colcon.colcon_core.package_identification:_identify(libtorch/share/cmake/ATen) by extensions ['python_setup_py']
[0.466s] Level 1:colcon.colcon_core.package_identification:_identify(libtorch/share/cmake/ATen) by extension 'python_setup_py'
[0.466s] Level 1:colcon.colcon_core.package_identification:_identify(libtorch/share/cmake/Caffe2) by extensions ['ignore', 'ignore_ament_install']
[0.466s] Level 1:colcon.colcon_core.package_identification:_identify(libtorch/share/cmake/Caffe2) by extension 'ignore'
[0.466s] Level 1:colcon.colcon_core.package_identification:_identify(libtorch/share/cmake/Caffe2) by extension 'ignore_ament_install'
[0.466s] Level 1:colcon.colcon_core.package_identification:_identify(libtorch/share/cmake/Caffe2) by extensions ['colcon_pkg']
[0.466s] Level 1:colcon.colcon_core.package_identification:_identify(libtorch/share/cmake/Caffe2) by extension 'colcon_pkg'
[0.466s] Level 1:colcon.colcon_core.package_identification:_identify(libtorch/share/cmake/Caffe2) by extensions ['colcon_meta']
[0.466s] Level 1:colcon.colcon_core.package_identification:_identify(libtorch/share/cmake/Caffe2) by extension 'colcon_meta'
[0.466s] Level 1:colcon.colcon_core.package_identification:_identify(libtorch/share/cmake/Caffe2) by extensions ['ros']
[0.466s] Level 1:colcon.colcon_core.package_identification:_identify(libtorch/share/cmake/Caffe2) by extension 'ros'
[0.466s] Level 1:colcon.colcon_core.package_identification:_identify(libtorch/share/cmake/Caffe2) by extensions ['cmake', 'python']
[0.466s] Level 1:colcon.colcon_core.package_identification:_identify(libtorch/share/cmake/Caffe2) by extension 'cmake'
[0.466s] Level 1:colcon.colcon_core.package_identification:_identify(libtorch/share/cmake/Caffe2) by extension 'python'
[0.467s] Level 1:colcon.colcon_core.package_identification:_identify(libtorch/share/cmake/Caffe2) by extensions ['python_setup_py']
[0.467s] Level 1:colcon.colcon_core.package_identification:_identify(libtorch/share/cmake/Caffe2) by extension 'python_setup_py'
[0.467s] Level 1:colcon.colcon_core.package_identification:_identify(libtorch/share/cmake/Caffe2/Modules_CUDA_fix) by extensions ['ignore', 'ignore_ament_install']
[0.467s] Level 1:colcon.colcon_core.package_identification:_identify(libtorch/share/cmake/Caffe2/Modules_CUDA_fix) by extension 'ignore'
[0.467s] Level 1:colcon.colcon_core.package_identification:_identify(libtorch/share/cmake/Caffe2/Modules_CUDA_fix) by extension 'ignore_ament_install'
[0.467s] Level 1:colcon.colcon_core.package_identification:_identify(libtorch/share/cmake/Caffe2/Modules_CUDA_fix) by extensions ['colcon_pkg']
[0.467s] Level 1:colcon.colcon_core.package_identification:_identify(libtorch/share/cmake/Caffe2/Modules_CUDA_fix) by extension 'colcon_pkg'
[0.467s] Level 1:colcon.colcon_core.package_identification:_identify(libtorch/share/cmake/Caffe2/Modules_CUDA_fix) by extensions ['colcon_meta']
[0.467s] Level 1:colcon.colcon_core.package_identification:_identify(libtorch/share/cmake/Caffe2/Modules_CUDA_fix) by extension 'colcon_meta'
[0.467s] Level 1:colcon.colcon_core.package_identification:_identify(libtorch/share/cmake/Caffe2/Modules_CUDA_fix) by extensions ['ros']
[0.467s] Level 1:colcon.colcon_core.package_identification:_identify(libtorch/share/cmake/Caffe2/Modules_CUDA_fix) by extension 'ros'
[0.467s] Level 1:colcon.colcon_core.package_identification:_identify(libtorch/share/cmake/Caffe2/Modules_CUDA_fix) by extensions ['cmake', 'python']
[0.467s] Level 1:colcon.colcon_core.package_identification:_identify(libtorch/share/cmake/Caffe2/Modules_CUDA_fix) by extension 'cmake'
[0.467s] Level 1:colcon.colcon_core.package_identification:_identify(libtorch/share/cmake/Caffe2/Modules_CUDA_fix) by extension 'python'
[0.467s] Level 1:colcon.colcon_core.package_identification:_identify(libtorch/share/cmake/Caffe2/Modules_CUDA_fix) by extensions ['python_setup_py']
[0.467s] Level 1:colcon.colcon_core.package_identification:_identify(libtorch/share/cmake/Caffe2/Modules_CUDA_fix) by extension 'python_setup_py'
[0.467s] Level 1:colcon.colcon_core.package_identification:_identify(libtorch/share/cmake/Caffe2/Modules_CUDA_fix/upstream) by extensions ['ignore', 'ignore_ament_install']
[0.467s] Level 1:colcon.colcon_core.package_identification:_identify(libtorch/share/cmake/Caffe2/Modules_CUDA_fix/upstream) by extension 'ignore'
[0.468s] Level 1:colcon.colcon_core.package_identification:_identify(libtorch/share/cmake/Caffe2/Modules_CUDA_fix/upstream) by extension 'ignore_ament_install'
[0.468s] Level 1:colcon.colcon_core.package_identification:_identify(libtorch/share/cmake/Caffe2/Modules_CUDA_fix/upstream) by extensions ['colcon_pkg']
[0.468s] Level 1:colcon.colcon_core.package_identification:_identify(libtorch/share/cmake/Caffe2/Modules_CUDA_fix/upstream) by extension 'colcon_pkg'
[0.468s] Level 1:colcon.colcon_core.package_identification:_identify(libtorch/share/cmake/Caffe2/Modules_CUDA_fix/upstream) by extensions ['colcon_meta']
[0.468s] Level 1:colcon.colcon_core.package_identification:_identify(libtorch/share/cmake/Caffe2/Modules_CUDA_fix/upstream) by extension 'colcon_meta'
[0.468s] Level 1:colcon.colcon_core.package_identification:_identify(libtorch/share/cmake/Caffe2/Modules_CUDA_fix/upstream) by extensions ['ros']
[0.468s] Level 1:colcon.colcon_core.package_identification:_identify(libtorch/share/cmake/Caffe2/Modules_CUDA_fix/upstream) by extension 'ros'
[0.468s] Level 1:colcon.colcon_core.package_identification:_identify(libtorch/share/cmake/Caffe2/Modules_CUDA_fix/upstream) by extensions ['cmake', 'python']
[0.468s] Level 1:colcon.colcon_core.package_identification:_identify(libtorch/share/cmake/Caffe2/Modules_CUDA_fix/upstream) by extension 'cmake'
[0.468s] Level 1:colcon.colcon_core.package_identification:_identify(libtorch/share/cmake/Caffe2/Modules_CUDA_fix/upstream) by extension 'python'
[0.468s] Level 1:colcon.colcon_core.package_identification:_identify(libtorch/share/cmake/Caffe2/Modules_CUDA_fix/upstream) by extensions ['python_setup_py']
[0.468s] Level 1:colcon.colcon_core.package_identification:_identify(libtorch/share/cmake/Caffe2/Modules_CUDA_fix/upstream) by extension 'python_setup_py'
[0.468s] Level 1:colcon.colcon_core.package_identification:_identify(libtorch/share/cmake/Caffe2/Modules_CUDA_fix/upstream/FindCUDA) by extensions ['ignore', 'ignore_ament_install']
[0.468s] Level 1:colcon.colcon_core.package_identification:_identify(libtorch/share/cmake/Caffe2/Modules_CUDA_fix/upstream/FindCUDA) by extension 'ignore'
[0.468s] Level 1:colcon.colcon_core.package_identification:_identify(libtorch/share/cmake/Caffe2/Modules_CUDA_fix/upstream/FindCUDA) by extension 'ignore_ament_install'
[0.468s] Level 1:colcon.colcon_core.package_identification:_identify(libtorch/share/cmake/Caffe2/Modules_CUDA_fix/upstream/FindCUDA) by extensions ['colcon_pkg']
[0.468s] Level 1:colcon.colcon_core.package_identification:_identify(libtorch/share/cmake/Caffe2/Modules_CUDA_fix/upstream/FindCUDA) by extension 'colcon_pkg'
[0.468s] Level 1:colcon.colcon_core.package_identification:_identify(libtorch/share/cmake/Caffe2/Modules_CUDA_fix/upstream/FindCUDA) by extensions ['colcon_meta']
[0.468s] Level 1:colcon.colcon_core.package_identification:_identify(libtorch/share/cmake/Caffe2/Modules_CUDA_fix/upstream/FindCUDA) by extension 'colcon_meta'
[0.469s] Level 1:colcon.colcon_core.package_identification:_identify(libtorch/share/cmake/Caffe2/Modules_CUDA_fix/upstream/FindCUDA) by extensions ['ros']
[0.469s] Level 1:colcon.colcon_core.package_identification:_identify(libtorch/share/cmake/Caffe2/Modules_CUDA_fix/upstream/FindCUDA) by extension 'ros'
[0.469s] Level 1:colcon.colcon_core.package_identification:_identify(libtorch/share/cmake/Caffe2/Modules_CUDA_fix/upstream/FindCUDA) by extensions ['cmake', 'python']
[0.469s] Level 1:colcon.colcon_core.package_identification:_identify(libtorch/share/cmake/Caffe2/Modules_CUDA_fix/upstream/FindCUDA) by extension 'cmake'
[0.469s] Level 1:colcon.colcon_core.package_identification:_identify(libtorch/share/cmake/Caffe2/Modules_CUDA_fix/upstream/FindCUDA) by extension 'python'
[0.469s] Level 1:colcon.colcon_core.package_identification:_identify(libtorch/share/cmake/Caffe2/Modules_CUDA_fix/upstream/FindCUDA) by extensions ['python_setup_py']
[0.469s] Level 1:colcon.colcon_core.package_identification:_identify(libtorch/share/cmake/Caffe2/Modules_CUDA_fix/upstream/FindCUDA) by extension 'python_setup_py'
[0.469s] Level 1:colcon.colcon_core.package_identification:_identify(libtorch/share/cmake/Caffe2/public) by extensions ['ignore', 'ignore_ament_install']
[0.469s] Level 1:colcon.colcon_core.package_identification:_identify(libtorch/share/cmake/Caffe2/public) by extension 'ignore'
[0.469s] Level 1:colcon.colcon_core.package_identification:_identify(libtorch/share/cmake/Caffe2/public) by extension 'ignore_ament_install'
[0.469s] Level 1:colcon.colcon_core.package_identification:_identify(libtorch/share/cmake/Caffe2/public) by extensions ['colcon_pkg']
[0.469s] Level 1:colcon.colcon_core.package_identification:_identify(libtorch/share/cmake/Caffe2/public) by extension 'colcon_pkg'
[0.469s] Level 1:colcon.colcon_core.package_identification:_identify(libtorch/share/cmake/Caffe2/public) by extensions ['colcon_meta']
[0.469s] Level 1:colcon.colcon_core.package_identification:_identify(libtorch/share/cmake/Caffe2/public) by extension 'colcon_meta'
[0.469s] Level 1:colcon.colcon_core.package_identification:_identify(libtorch/share/cmake/Caffe2/public) by extensions ['ros']
[0.469s] Level 1:colcon.colcon_core.package_identification:_identify(libtorch/share/cmake/Caffe2/public) by extension 'ros'
[0.469s] Level 1:colcon.colcon_core.package_identification:_identify(libtorch/share/cmake/Caffe2/public) by extensions ['cmake', 'python']
[0.469s] Level 1:colcon.colcon_core.package_identification:_identify(libtorch/share/cmake/Caffe2/public) by extension 'cmake'
[0.469s] Level 1:colcon.colcon_core.package_identification:_identify(libtorch/share/cmake/Caffe2/public) by extension 'python'
[0.470s] Level 1:colcon.colcon_core.package_identification:_identify(libtorch/share/cmake/Caffe2/public) by extensions ['python_setup_py']
[0.470s] Level 1:colcon.colcon_core.package_identification:_identify(libtorch/share/cmake/Caffe2/public) by extension 'python_setup_py'
[0.470s] Level 1:colcon.colcon_core.package_identification:_identify(libtorch/share/cmake/Gloo) by extensions ['ignore', 'ignore_ament_install']
[0.470s] Level 1:colcon.colcon_core.package_identification:_identify(libtorch/share/cmake/Gloo) by extension 'ignore'
[0.470s] Level 1:colcon.colcon_core.package_identification:_identify(libtorch/share/cmake/Gloo) by extension 'ignore_ament_install'
[0.470s] Level 1:colcon.colcon_core.package_identification:_identify(libtorch/share/cmake/Gloo) by extensions ['colcon_pkg']
[0.470s] Level 1:colcon.colcon_core.package_identification:_identify(libtorch/share/cmake/Gloo) by extension 'colcon_pkg'
[0.470s] Level 1:colcon.colcon_core.package_identification:_identify(libtorch/share/cmake/Gloo) by extensions ['colcon_meta']
[0.470s] Level 1:colcon.colcon_core.package_identification:_identify(libtorch/share/cmake/Gloo) by extension 'colcon_meta'
[0.470s] Level 1:colcon.colcon_core.package_identification:_identify(libtorch/share/cmake/Gloo) by extensions ['ros']
[0.470s] Level 1:colcon.colcon_core.package_identification:_identify(libtorch/share/cmake/Gloo) by extension 'ros'
[0.470s] Level 1:colcon.colcon_core.package_identification:_identify(libtorch/share/cmake/Gloo) by extensions ['cmake', 'python']
[0.470s] Level 1:colcon.colcon_core.package_identification:_identify(libtorch/share/cmake/Gloo) by extension 'cmake'
[0.470s] Level 1:colcon.colcon_core.package_identification:_identify(libtorch/share/cmake/Gloo) by extension 'python'
[0.470s] Level 1:colcon.colcon_core.package_identification:_identify(libtorch/share/cmake/Gloo) by extensions ['python_setup_py']
[0.470s] Level 1:colcon.colcon_core.package_identification:_identify(libtorch/share/cmake/Gloo) by extension 'python_setup_py'
[0.470s] Level 1:colcon.colcon_core.package_identification:_identify(libtorch/share/cmake/Tensorpipe) by extensions ['ignore', 'ignore_ament_install']
[0.470s] Level 1:colcon.colcon_core.package_identification:_identify(libtorch/share/cmake/Tensorpipe) by extension 'ignore'
[0.471s] Level 1:colcon.colcon_core.package_identification:_identify(libtorch/share/cmake/Tensorpipe) by extension 'ignore_ament_install'
[0.471s] Level 1:colcon.colcon_core.package_identification:_identify(libtorch/share/cmake/Tensorpipe) by extensions ['colcon_pkg']
[0.471s] Level 1:colcon.colcon_core.package_identification:_identify(libtorch/share/cmake/Tensorpipe) by extension 'colcon_pkg'
[0.471s] Level 1:colcon.colcon_core.package_identification:_identify(libtorch/share/cmake/Tensorpipe) by extensions ['colcon_meta']
[0.471s] Level 1:colcon.colcon_core.package_identification:_identify(libtorch/share/cmake/Tensorpipe) by extension 'colcon_meta'
[0.471s] Level 1:colcon.colcon_core.package_identification:_identify(libtorch/share/cmake/Tensorpipe) by extensions ['ros']
[0.471s] Level 1:colcon.colcon_core.package_identification:_identify(libtorch/share/cmake/Tensorpipe) by extension 'ros'
[0.471s] Level 1:colcon.colcon_core.package_identification:_identify(libtorch/share/cmake/Tensorpipe) by extensions ['cmake', 'python']
[0.471s] Level 1:colcon.colcon_core.package_identification:_identify(libtorch/share/cmake/Tensorpipe) by extension 'cmake'
[0.471s] Level 1:colcon.colcon_core.package_identification:_identify(libtorch/share/cmake/Tensorpipe) by extension 'python'
[0.471s] Level 1:colcon.colcon_core.package_identification:_identify(libtorch/share/cmake/Tensorpipe) by extensions ['python_setup_py']
[0.471s] Level 1:colcon.colcon_core.package_identification:_identify(libtorch/share/cmake/Tensorpipe) by extension 'python_setup_py'
[0.471s] Level 1:colcon.colcon_core.package_identification:_identify(libtorch/share/cmake/Torch) by extensions ['ignore', 'ignore_ament_install']
[0.471s] Level 1:colcon.colcon_core.package_identification:_identify(libtorch/share/cmake/Torch) by extension 'ignore'
[0.471s] Level 1:colcon.colcon_core.package_identification:_identify(libtorch/share/cmake/Torch) by extension 'ignore_ament_install'
[0.471s] Level 1:colcon.colcon_core.package_identification:_identify(libtorch/share/cmake/Torch) by extensions ['colcon_pkg']
[0.471s] Level 1:colcon.colcon_core.package_identification:_identify(libtorch/share/cmake/Torch) by extension 'colcon_pkg'
[0.471s] Level 1:colcon.colcon_core.package_identification:_identify(libtorch/share/cmake/Torch) by extensions ['colcon_meta']
[0.471s] Level 1:colcon.colcon_core.package_identification:_identify(libtorch/share/cmake/Torch) by extension 'colcon_meta'
[0.472s] Level 1:colcon.colcon_core.package_identification:_identify(libtorch/share/cmake/Torch) by extensions ['ros']
[0.472s] Level 1:colcon.colcon_core.package_identification:_identify(libtorch/share/cmake/Torch) by extension 'ros'
[0.472s] Level 1:colcon.colcon_core.package_identification:_identify(libtorch/share/cmake/Torch) by extensions ['cmake', 'python']
[0.472s] Level 1:colcon.colcon_core.package_identification:_identify(libtorch/share/cmake/Torch) by extension 'cmake'
[0.472s] Level 1:colcon.colcon_core.package_identification:_identify(libtorch/share/cmake/Torch) by extension 'python'
[0.472s] Level 1:colcon.colcon_core.package_identification:_identify(libtorch/share/cmake/Torch) by extensions ['python_setup_py']
[0.472s] Level 1:colcon.colcon_core.package_identification:_identify(libtorch/share/cmake/Torch) by extension 'python_setup_py'
[0.472s] Level 1:colcon.colcon_core.package_identification:_identify(log) by extensions ['ignore', 'ignore_ament_install']
[0.472s] Level 1:colcon.colcon_core.package_identification:_identify(log) by extension 'ignore'
[0.472s] Level 1:colcon.colcon_core.package_identification:_identify(log) ignored
[0.472s] Level 1:colcon.colcon_core.package_identification:_identify(src) by extensions ['ignore', 'ignore_ament_install']
[0.472s] Level 1:colcon.colcon_core.package_identification:_identify(src) by extension 'ignore'
[0.472s] Level 1:colcon.colcon_core.package_identification:_identify(src) by extension 'ignore_ament_install'
[0.472s] Level 1:colcon.colcon_core.package_identification:_identify(src) by extensions ['colcon_pkg']
[0.472s] Level 1:colcon.colcon_core.package_identification:_identify(src) by extension 'colcon_pkg'
[0.472s] Level 1:colcon.colcon_core.package_identification:_identify(src) by extensions ['colcon_meta']
[0.472s] Level 1:colcon.colcon_core.package_identification:_identify(src) by extension 'colcon_meta'
[0.472s] Level 1:colcon.colcon_core.package_identification:_identify(src) by extensions ['ros']
[0.472s] Level 1:colcon.colcon_core.package_identification:_identify(src) by extension 'ros'
[0.473s] Level 1:colcon.colcon_core.package_identification:_identify(src) by extensions ['cmake', 'python']
[0.473s] Level 1:colcon.colcon_core.package_identification:_identify(src) by extension 'cmake'
[0.473s] Level 1:colcon.colcon_core.package_identification:_identify(src) by extension 'python'
[0.473s] Level 1:colcon.colcon_core.package_identification:_identify(src) by extensions ['python_setup_py']
[0.473s] Level 1:colcon.colcon_core.package_identification:_identify(src) by extension 'python_setup_py'
[0.473s] Level 1:colcon.colcon_core.package_identification:_identify(src/ros2_unitree_legged_msgs) by extensions ['ignore', 'ignore_ament_install']
[0.473s] Level 1:colcon.colcon_core.package_identification:_identify(src/ros2_unitree_legged_msgs) by extension 'ignore'
[0.473s] Level 1:colcon.colcon_core.package_identification:_identify(src/ros2_unitree_legged_msgs) by extension 'ignore_ament_install'
[0.473s] Level 1:colcon.colcon_core.package_identification:_identify(src/ros2_unitree_legged_msgs) by extensions ['colcon_pkg']
[0.473s] Level 1:colcon.colcon_core.package_identification:_identify(src/ros2_unitree_legged_msgs) by extension 'colcon_pkg'
[0.473s] Level 1:colcon.colcon_core.package_identification:_identify(src/ros2_unitree_legged_msgs) by extensions ['colcon_meta']
[0.473s] Level 1:colcon.colcon_core.package_identification:_identify(src/ros2_unitree_legged_msgs) by extension 'colcon_meta'
[0.473s] Level 1:colcon.colcon_core.package_identification:_identify(src/ros2_unitree_legged_msgs) by extensions ['ros']
[0.473s] Level 1:colcon.colcon_core.package_identification:_identify(src/ros2_unitree_legged_msgs) by extension 'ros'
[0.480s] DEBUG:colcon.colcon_core.package_identification:Package 'src/ros2_unitree_legged_msgs' with type 'ros.ament_cmake' and name 'ros2_unitree_legged_msgs'
[0.480s] Level 1:colcon.colcon_core.package_identification:_identify(src/unitree_mujoco) by extensions ['ignore', 'ignore_ament_install']
[0.480s] Level 1:colcon.colcon_core.package_identification:_identify(src/unitree_mujoco) by extension 'ignore'
[0.480s] Level 1:colcon.colcon_core.package_identification:_identify(src/unitree_mujoco) by extension 'ignore_ament_install'
[0.480s] Level 1:colcon.colcon_core.package_identification:_identify(src/unitree_mujoco) by extensions ['colcon_pkg']
[0.480s] Level 1:colcon.colcon_core.package_identification:_identify(src/unitree_mujoco) by extension 'colcon_pkg'
[0.480s] Level 1:colcon.colcon_core.package_identification:_identify(src/unitree_mujoco) by extensions ['colcon_meta']
[0.480s] Level 1:colcon.colcon_core.package_identification:_identify(src/unitree_mujoco) by extension 'colcon_meta'
[0.480s] Level 1:colcon.colcon_core.package_identification:_identify(src/unitree_mujoco) by extensions ['ros']
[0.481s] Level 1:colcon.colcon_core.package_identification:_identify(src/unitree_mujoco) by extension 'ros'
[0.481s] Level 1:colcon.colcon_core.package_identification:_identify(src/unitree_mujoco) by extensions ['cmake', 'python']
[0.481s] Level 1:colcon.colcon_core.package_identification:_identify(src/unitree_mujoco) by extension 'cmake'
[0.481s] Level 1:colcon.colcon_core.package_identification:_identify(src/unitree_mujoco) by extension 'python'
[0.481s] Level 1:colcon.colcon_core.package_identification:_identify(src/unitree_mujoco) by extensions ['python_setup_py']
[0.481s] Level 1:colcon.colcon_core.package_identification:_identify(src/unitree_mujoco) by extension 'python_setup_py'
[0.481s] Level 1:colcon.colcon_core.package_identification:_identify(src/unitree_mujoco/doc) by extensions ['ignore', 'ignore_ament_install']
[0.481s] Level 1:colcon.colcon_core.package_identification:_identify(src/unitree_mujoco/doc) by extension 'ignore'
[0.481s] Level 1:colcon.colcon_core.package_identification:_identify(src/unitree_mujoco/doc) by extension 'ignore_ament_install'
[0.481s] Level 1:colcon.colcon_core.package_identification:_identify(src/unitree_mujoco/doc) by extensions ['colcon_pkg']
[0.481s] Level 1:colcon.colcon_core.package_identification:_identify(src/unitree_mujoco/doc) by extension 'colcon_pkg'
[0.481s] Level 1:colcon.colcon_core.package_identification:_identify(src/unitree_mujoco/doc) by extensions ['colcon_meta']
[0.481s] Level 1:colcon.colcon_core.package_identification:_identify(src/unitree_mujoco/doc) by extension 'colcon_meta'
[0.481s] Level 1:colcon.colcon_core.package_identification:_identify(src/unitree_mujoco/doc) by extensions ['ros']
[0.481s] Level 1:colcon.colcon_core.package_identification:_identify(src/unitree_mujoco/doc) by extension 'ros'
[0.481s] Level 1:colcon.colcon_core.package_identification:_identify(src/unitree_mujoco/doc) by extensions ['cmake', 'python']
[0.481s] Level 1:colcon.colcon_core.package_identification:_identify(src/unitree_mujoco/doc) by extension 'cmake'
[0.481s] Level 1:colcon.colcon_core.package_identification:_identify(src/unitree_mujoco/doc) by extension 'python'
[0.482s] Level 1:colcon.colcon_core.package_identification:_identify(src/unitree_mujoco/doc) by extensions ['python_setup_py']
[0.482s] Level 1:colcon.colcon_core.package_identification:_identify(src/unitree_mujoco/doc) by extension 'python_setup_py'
[0.482s] Level 1:colcon.colcon_core.package_identification:_identify(src/unitree_mujoco/example) by extensions ['ignore', 'ignore_ament_install']
[0.482s] Level 1:colcon.colcon_core.package_identification:_identify(src/unitree_mujoco/example) by extension 'ignore'
[0.482s] Level 1:colcon.colcon_core.package_identification:_identify(src/unitree_mujoco/example) by extension 'ignore_ament_install'
[0.482s] Level 1:colcon.colcon_core.package_identification:_identify(src/unitree_mujoco/example) by extensions ['colcon_pkg']
[0.482s] Level 1:colcon.colcon_core.package_identification:_identify(src/unitree_mujoco/example) by extension 'colcon_pkg'
[0.482s] Level 1:colcon.colcon_core.package_identification:_identify(src/unitree_mujoco/example) by extensions ['colcon_meta']
[0.482s] Level 1:colcon.colcon_core.package_identification:_identify(src/unitree_mujoco/example) by extension 'colcon_meta'
[0.482s] Level 1:colcon.colcon_core.package_identification:_identify(src/unitree_mujoco/example) by extensions ['ros']
[0.482s] Level 1:colcon.colcon_core.package_identification:_identify(src/unitree_mujoco/example) by extension 'ros'
[0.482s] Level 1:colcon.colcon_core.package_identification:_identify(src/unitree_mujoco/example) by extensions ['cmake', 'python']
[0.482s] Level 1:colcon.colcon_core.package_identification:_identify(src/unitree_mujoco/example) by extension 'cmake'
[0.482s] Level 1:colcon.colcon_core.package_identification:_identify(src/unitree_mujoco/example) by extension 'python'
[0.482s] Level 1:colcon.colcon_core.package_identification:_identify(src/unitree_mujoco/example) by extensions ['python_setup_py']
[0.482s] Level 1:colcon.colcon_core.package_identification:_identify(src/unitree_mujoco/example) by extension 'python_setup_py'
[0.482s] Level 1:colcon.colcon_core.package_identification:_identify(src/unitree_mujoco/example/ros2) by extensions ['ignore', 'ignore_ament_install']
[0.483s] Level 1:colcon.colcon_core.package_identification:_identify(src/unitree_mujoco/example/ros2) by extension 'ignore'
[0.483s] Level 1:colcon.colcon_core.package_identification:_identify(src/unitree_mujoco/example/ros2) by extension 'ignore_ament_install'
[0.483s] Level 1:colcon.colcon_core.package_identification:_identify(src/unitree_mujoco/example/ros2) by extensions ['colcon_pkg']
[0.483s] Level 1:colcon.colcon_core.package_identification:_identify(src/unitree_mujoco/example/ros2) by extension 'colcon_pkg'
[0.483s] Level 1:colcon.colcon_core.package_identification:_identify(src/unitree_mujoco/example/ros2) by extensions ['colcon_meta']
[0.483s] Level 1:colcon.colcon_core.package_identification:_identify(src/unitree_mujoco/example/ros2) by extension 'colcon_meta'
[0.483s] Level 1:colcon.colcon_core.package_identification:_identify(src/unitree_mujoco/example/ros2) by extensions ['ros']
[0.483s] Level 1:colcon.colcon_core.package_identification:_identify(src/unitree_mujoco/example/ros2) by extension 'ros'
[0.484s] DEBUG:colcon.colcon_core.package_identification:Package 'src/unitree_mujoco/example/ros2' with type 'ros.ament_cmake' and name 'stand_go2'
[0.484s] Level 1:colcon.colcon_core.package_identification:_identify(src/unitree_mujoco/simulate) by extensions ['ignore', 'ignore_ament_install']
[0.484s] Level 1:colcon.colcon_core.package_identification:_identify(src/unitree_mujoco/simulate) by extension 'ignore'
[0.484s] Level 1:colcon.colcon_core.package_identification:_identify(src/unitree_mujoco/simulate) by extension 'ignore_ament_install'
[0.484s] Level 1:colcon.colcon_core.package_identification:_identify(src/unitree_mujoco/simulate) by extensions ['colcon_pkg']
[0.484s] Level 1:colcon.colcon_core.package_identification:_identify(src/unitree_mujoco/simulate) by extension 'colcon_pkg'
[0.484s] Level 1:colcon.colcon_core.package_identification:_identify(src/unitree_mujoco/simulate) by extensions ['colcon_meta']
[0.484s] Level 1:colcon.colcon_core.package_identification:_identify(src/unitree_mujoco/simulate) by extension 'colcon_meta'
[0.485s] Level 1:colcon.colcon_core.package_identification:_identify(src/unitree_mujoco/simulate) by extensions ['ros']
[0.485s] Level 1:colcon.colcon_core.package_identification:_identify(src/unitree_mujoco/simulate) by extension 'ros'
[0.486s] DEBUG:colcon.colcon_core.package_identification:Package 'src/unitree_mujoco/simulate' with type 'ros.ament_cmake' and name 'unitree_mujoco'
[0.486s] Level 1:colcon.colcon_core.package_identification:_identify(src/unitree_mujoco/simulate_python) by extensions ['ignore', 'ignore_ament_install']
[0.486s] Level 1:colcon.colcon_core.package_identification:_identify(src/unitree_mujoco/simulate_python) by extension 'ignore'
[0.486s] Level 1:colcon.colcon_core.package_identification:_identify(src/unitree_mujoco/simulate_python) by extension 'ignore_ament_install'
[0.486s] Level 1:colcon.colcon_core.package_identification:_identify(src/unitree_mujoco/simulate_python) by extensions ['colcon_pkg']
[0.486s] Level 1:colcon.colcon_core.package_identification:_identify(src/unitree_mujoco/simulate_python) by extension 'colcon_pkg'
[0.486s] Level 1:colcon.colcon_core.package_identification:_identify(src/unitree_mujoco/simulate_python) by extensions ['colcon_meta']
[0.486s] Level 1:colcon.colcon_core.package_identification:_identify(src/unitree_mujoco/simulate_python) by extension 'colcon_meta'
[0.487s] Level 1:colcon.colcon_core.package_identification:_identify(src/unitree_mujoco/simulate_python) by extensions ['ros']
[0.487s] Level 1:colcon.colcon_core.package_identification:_identify(src/unitree_mujoco/simulate_python) by extension 'ros'
[0.487s] Level 1:colcon.colcon_core.package_identification:_identify(src/unitree_mujoco/simulate_python) by extensions ['cmake', 'python']
[0.487s] Level 1:colcon.colcon_core.package_identification:_identify(src/unitree_mujoco/simulate_python) by extension 'cmake'
[0.487s] Level 1:colcon.colcon_core.package_identification:_identify(src/unitree_mujoco/simulate_python) by extension 'python'
[0.487s] Level 1:colcon.colcon_core.package_identification:_identify(src/unitree_mujoco/simulate_python) by extensions ['python_setup_py']
[0.487s] Level 1:colcon.colcon_core.package_identification:_identify(src/unitree_mujoco/simulate_python) by extension 'python_setup_py'
[0.487s] Level 1:colcon.colcon_core.package_identification:_identify(src/unitree_mujoco/simulate_python/test) by extensions ['ignore', 'ignore_ament_install']
[0.487s] Level 1:colcon.colcon_core.package_identification:_identify(src/unitree_mujoco/simulate_python/test) by extension 'ignore'
[0.487s] Level 1:colcon.colcon_core.package_identification:_identify(src/unitree_mujoco/simulate_python/test) by extension 'ignore_ament_install'
[0.487s] Level 1:colcon.colcon_core.package_identification:_identify(src/unitree_mujoco/simulate_python/test) by extensions ['colcon_pkg']
[0.487s] Level 1:colcon.colcon_core.package_identification:_identify(src/unitree_mujoco/simulate_python/test) by extension 'colcon_pkg'
[0.487s] Level 1:colcon.colcon_core.package_identification:_identify(src/unitree_mujoco/simulate_python/test) by extensions ['colcon_meta']
[0.487s] Level 1:colcon.colcon_core.package_identification:_identify(src/unitree_mujoco/simulate_python/test) by extension 'colcon_meta'
[0.487s] Level 1:colcon.colcon_core.package_identification:_identify(src/unitree_mujoco/simulate_python/test) by extensions ['ros']
[0.487s] Level 1:colcon.colcon_core.package_identification:_identify(src/unitree_mujoco/simulate_python/test) by extension 'ros'
[0.487s] Level 1:colcon.colcon_core.package_identification:_identify(src/unitree_mujoco/simulate_python/test) by extensions ['cmake', 'python']
[0.487s] Level 1:colcon.colcon_core.package_identification:_identify(src/unitree_mujoco/simulate_python/test) by extension 'cmake'
[0.487s] Level 1:colcon.colcon_core.package_identification:_identify(src/unitree_mujoco/simulate_python/test) by extension 'python'
[0.488s] Level 1:colcon.colcon_core.package_identification:_identify(src/unitree_mujoco/simulate_python/test) by extensions ['python_setup_py']
[0.488s] Level 1:colcon.colcon_core.package_identification:_identify(src/unitree_mujoco/simulate_python/test) by extension 'python_setup_py'
[0.488s] Level 1:colcon.colcon_core.package_identification:_identify(src/unitree_mujoco/terrain_tool) by extensions ['ignore', 'ignore_ament_install']
[0.488s] Level 1:colcon.colcon_core.package_identification:_identify(src/unitree_mujoco/terrain_tool) by extension 'ignore'
[0.488s] Level 1:colcon.colcon_core.package_identification:_identify(src/unitree_mujoco/terrain_tool) by extension 'ignore_ament_install'
[0.488s] Level 1:colcon.colcon_core.package_identification:_identify(src/unitree_mujoco/terrain_tool) by extensions ['colcon_pkg']
[0.488s] Level 1:colcon.colcon_core.package_identification:_identify(src/unitree_mujoco/terrain_tool) by extension 'colcon_pkg'
[0.488s] Level 1:colcon.colcon_core.package_identification:_identify(src/unitree_mujoco/terrain_tool) by extensions ['colcon_meta']
[0.488s] Level 1:colcon.colcon_core.package_identification:_identify(src/unitree_mujoco/terrain_tool) by extension 'colcon_meta'
[0.488s] Level 1:colcon.colcon_core.package_identification:_identify(src/unitree_mujoco/terrain_tool) by extensions ['ros']
[0.488s] Level 1:colcon.colcon_core.package_identification:_identify(src/unitree_mujoco/terrain_tool) by extension 'ros'
[0.488s] Level 1:colcon.colcon_core.package_identification:_identify(src/unitree_mujoco/terrain_tool) by extensions ['cmake', 'python']
[0.488s] Level 1:colcon.colcon_core.package_identification:_identify(src/unitree_mujoco/terrain_tool) by extension 'cmake'
[0.488s] Level 1:colcon.colcon_core.package_identification:_identify(src/unitree_mujoco/terrain_tool) by extension 'python'
[0.488s] Level 1:colcon.colcon_core.package_identification:_identify(src/unitree_mujoco/terrain_tool) by extensions ['python_setup_py']
[0.488s] Level 1:colcon.colcon_core.package_identification:_identify(src/unitree_mujoco/terrain_tool) by extension 'python_setup_py'
[0.488s] Level 1:colcon.colcon_core.package_identification:_identify(src/unitree_mujoco/unitree_robots) by extensions ['ignore', 'ignore_ament_install']
[0.489s] Level 1:colcon.colcon_core.package_identification:_identify(src/unitree_mujoco/unitree_robots) by extension 'ignore'
[0.489s] Level 1:colcon.colcon_core.package_identification:_identify(src/unitree_mujoco/unitree_robots) by extension 'ignore_ament_install'
[0.489s] Level 1:colcon.colcon_core.package_identification:_identify(src/unitree_mujoco/unitree_robots) by extensions ['colcon_pkg']
[0.489s] Level 1:colcon.colcon_core.package_identification:_identify(src/unitree_mujoco/unitree_robots) by extension 'colcon_pkg'
[0.489s] Level 1:colcon.colcon_core.package_identification:_identify(src/unitree_mujoco/unitree_robots) by extensions ['colcon_meta']
[0.489s] Level 1:colcon.colcon_core.package_identification:_identify(src/unitree_mujoco/unitree_robots) by extension 'colcon_meta'
[0.489s] Level 1:colcon.colcon_core.package_identification:_identify(src/unitree_mujoco/unitree_robots) by extensions ['ros']
[0.489s] Level 1:colcon.colcon_core.package_identification:_identify(src/unitree_mujoco/unitree_robots) by extension 'ros'
[0.489s] Level 1:colcon.colcon_core.package_identification:_identify(src/unitree_mujoco/unitree_robots) by extensions ['cmake', 'python']
[0.489s] Level 1:colcon.colcon_core.package_identification:_identify(src/unitree_mujoco/unitree_robots) by extension 'cmake'
[0.489s] Level 1:colcon.colcon_core.package_identification:_identify(src/unitree_mujoco/unitree_robots) by extension 'python'
[0.489s] Level 1:colcon.colcon_core.package_identification:_identify(src/unitree_mujoco/unitree_robots) by extensions ['python_setup_py']
[0.489s] Level 1:colcon.colcon_core.package_identification:_identify(src/unitree_mujoco/unitree_robots) by extension 'python_setup_py'
[0.489s] Level 1:colcon.colcon_core.package_identification:_identify(src/unitree_mujoco/unitree_robots/b2) by extensions ['ignore', 'ignore_ament_install']
[0.490s] Level 1:colcon.colcon_core.package_identification:_identify(src/unitree_mujoco/unitree_robots/b2) by extension 'ignore'
[0.490s] Level 1:colcon.colcon_core.package_identification:_identify(src/unitree_mujoco/unitree_robots/b2) by extension 'ignore_ament_install'
[0.490s] Level 1:colcon.colcon_core.package_identification:_identify(src/unitree_mujoco/unitree_robots/b2) by extensions ['colcon_pkg']
[0.490s] Level 1:colcon.colcon_core.package_identification:_identify(src/unitree_mujoco/unitree_robots/b2) by extension 'colcon_pkg'
[0.490s] Level 1:colcon.colcon_core.package_identification:_identify(src/unitree_mujoco/unitree_robots/b2) by extensions ['colcon_meta']
[0.490s] Level 1:colcon.colcon_core.package_identification:_identify(src/unitree_mujoco/unitree_robots/b2) by extension 'colcon_meta'
[0.490s] Level 1:colcon.colcon_core.package_identification:_identify(src/unitree_mujoco/unitree_robots/b2) by extensions ['ros']
[0.490s] Level 1:colcon.colcon_core.package_identification:_identify(src/unitree_mujoco/unitree_robots/b2) by extension 'ros'
[0.490s] Level 1:colcon.colcon_core.package_identification:_identify(src/unitree_mujoco/unitree_robots/b2) by extensions ['cmake', 'python']
[0.490s] Level 1:colcon.colcon_core.package_identification:_identify(src/unitree_mujoco/unitree_robots/b2) by extension 'cmake'
[0.490s] Level 1:colcon.colcon_core.package_identification:_identify(src/unitree_mujoco/unitree_robots/b2) by extension 'python'
[0.490s] Level 1:colcon.colcon_core.package_identification:_identify(src/unitree_mujoco/unitree_robots/b2) by extensions ['python_setup_py']
[0.490s] Level 1:colcon.colcon_core.package_identification:_identify(src/unitree_mujoco/unitree_robots/b2) by extension 'python_setup_py'
[0.491s] Level 1:colcon.colcon_core.package_identification:_identify(src/unitree_mujoco/unitree_robots/b2/assets) by extensions ['ignore', 'ignore_ament_install']
[0.491s] Level 1:colcon.colcon_core.package_identification:_identify(src/unitree_mujoco/unitree_robots/b2/assets) by extension 'ignore'
[0.491s] Level 1:colcon.colcon_core.package_identification:_identify(src/unitree_mujoco/unitree_robots/b2/assets) by extension 'ignore_ament_install'
[0.491s] Level 1:colcon.colcon_core.package_identification:_identify(src/unitree_mujoco/unitree_robots/b2/assets) by extensions ['colcon_pkg']
[0.491s] Level 1:colcon.colcon_core.package_identification:_identify(src/unitree_mujoco/unitree_robots/b2/assets) by extension 'colcon_pkg'
[0.491s] Level 1:colcon.colcon_core.package_identification:_identify(src/unitree_mujoco/unitree_robots/b2/assets) by extensions ['colcon_meta']
[0.491s] Level 1:colcon.colcon_core.package_identification:_identify(src/unitree_mujoco/unitree_robots/b2/assets) by extension 'colcon_meta'
[0.491s] Level 1:colcon.colcon_core.package_identification:_identify(src/unitree_mujoco/unitree_robots/b2/assets) by extensions ['ros']
[0.491s] Level 1:colcon.colcon_core.package_identification:_identify(src/unitree_mujoco/unitree_robots/b2/assets) by extension 'ros'
[0.491s] Level 1:colcon.colcon_core.package_identification:_identify(src/unitree_mujoco/unitree_robots/b2/assets) by extensions ['cmake', 'python']
[0.491s] Level 1:colcon.colcon_core.package_identification:_identify(src/unitree_mujoco/unitree_robots/b2/assets) by extension 'cmake'
[0.491s] Level 1:colcon.colcon_core.package_identification:_identify(src/unitree_mujoco/unitree_robots/b2/assets) by extension 'python'
[0.491s] Level 1:colcon.colcon_core.package_identification:_identify(src/unitree_mujoco/unitree_robots/b2/assets) by extensions ['python_setup_py']
[0.491s] Level 1:colcon.colcon_core.package_identification:_identify(src/unitree_mujoco/unitree_robots/b2/assets) by extension 'python_setup_py'
[0.491s] Level 1:colcon.colcon_core.package_identification:_identify(src/unitree_mujoco/unitree_robots/b2w) by extensions ['ignore', 'ignore_ament_install']
[0.492s] Level 1:colcon.colcon_core.package_identification:_identify(src/unitree_mujoco/unitree_robots/b2w) by extension 'ignore'
[0.492s] Level 1:colcon.colcon_core.package_identification:_identify(src/unitree_mujoco/unitree_robots/b2w) by extension 'ignore_ament_install'
[0.492s] Level 1:colcon.colcon_core.package_identification:_identify(src/unitree_mujoco/unitree_robots/b2w) by extensions ['colcon_pkg']
[0.492s] Level 1:colcon.colcon_core.package_identification:_identify(src/unitree_mujoco/unitree_robots/b2w) by extension 'colcon_pkg'
[0.492s] Level 1:colcon.colcon_core.package_identification:_identify(src/unitree_mujoco/unitree_robots/b2w) by extensions ['colcon_meta']
[0.492s] Level 1:colcon.colcon_core.package_identification:_identify(src/unitree_mujoco/unitree_robots/b2w) by extension 'colcon_meta'
[0.492s] Level 1:colcon.colcon_core.package_identification:_identify(src/unitree_mujoco/unitree_robots/b2w) by extensions ['ros']
[0.492s] Level 1:colcon.colcon_core.package_identification:_identify(src/unitree_mujoco/unitree_robots/b2w) by extension 'ros'
[0.492s] Level 1:colcon.colcon_core.package_identification:_identify(src/unitree_mujoco/unitree_robots/b2w) by extensions ['cmake', 'python']
[0.492s] Level 1:colcon.colcon_core.package_identification:_identify(src/unitree_mujoco/unitree_robots/b2w) by extension 'cmake'
[0.492s] Level 1:colcon.colcon_core.package_identification:_identify(src/unitree_mujoco/unitree_robots/b2w) by extension 'python'
[0.492s] Level 1:colcon.colcon_core.package_identification:_identify(src/unitree_mujoco/unitree_robots/b2w) by extensions ['python_setup_py']
[0.492s] Level 1:colcon.colcon_core.package_identification:_identify(src/unitree_mujoco/unitree_robots/b2w) by extension 'python_setup_py'
[0.492s] Level 1:colcon.colcon_core.package_identification:_identify(src/unitree_mujoco/unitree_robots/b2w/assets) by extensions ['ignore', 'ignore_ament_install']
[0.492s] Level 1:colcon.colcon_core.package_identification:_identify(src/unitree_mujoco/unitree_robots/b2w/assets) by extension 'ignore'
[0.492s] Level 1:colcon.colcon_core.package_identification:_identify(src/unitree_mujoco/unitree_robots/b2w/assets) by extension 'ignore_ament_install'
[0.493s] Level 1:colcon.colcon_core.package_identification:_identify(src/unitree_mujoco/unitree_robots/b2w/assets) by extensions ['colcon_pkg']
[0.493s] Level 1:colcon.colcon_core.package_identification:_identify(src/unitree_mujoco/unitree_robots/b2w/assets) by extension 'colcon_pkg'
[0.493s] Level 1:colcon.colcon_core.package_identification:_identify(src/unitree_mujoco/unitree_robots/b2w/assets) by extensions ['colcon_meta']
[0.493s] Level 1:colcon.colcon_core.package_identification:_identify(src/unitree_mujoco/unitree_robots/b2w/assets) by extension 'colcon_meta'
[0.493s] Level 1:colcon.colcon_core.package_identification:_identify(src/unitree_mujoco/unitree_robots/b2w/assets) by extensions ['ros']
[0.493s] Level 1:colcon.colcon_core.package_identification:_identify(src/unitree_mujoco/unitree_robots/b2w/assets) by extension 'ros'
[0.493s] Level 1:colcon.colcon_core.package_identification:_identify(src/unitree_mujoco/unitree_robots/b2w/assets) by extensions ['cmake', 'python']
[0.493s] Level 1:colcon.colcon_core.package_identification:_identify(src/unitree_mujoco/unitree_robots/b2w/assets) by extension 'cmake'
[0.493s] Level 1:colcon.colcon_core.package_identification:_identify(src/unitree_mujoco/unitree_robots/b2w/assets) by extension 'python'
[0.493s] Level 1:colcon.colcon_core.package_identification:_identify(src/unitree_mujoco/unitree_robots/b2w/assets) by extensions ['python_setup_py']
[0.493s] Level 1:colcon.colcon_core.package_identification:_identify(src/unitree_mujoco/unitree_robots/b2w/assets) by extension 'python_setup_py'
[0.493s] Level 1:colcon.colcon_core.package_identification:_identify(src/unitree_mujoco/unitree_robots/g1) by extensions ['ignore', 'ignore_ament_install']
[0.493s] Level 1:colcon.colcon_core.package_identification:_identify(src/unitree_mujoco/unitree_robots/g1) by extension 'ignore'
[0.493s] Level 1:colcon.colcon_core.package_identification:_identify(src/unitree_mujoco/unitree_robots/g1) by extension 'ignore_ament_install'
[0.493s] Level 1:colcon.colcon_core.package_identification:_identify(src/unitree_mujoco/unitree_robots/g1) by extensions ['colcon_pkg']
[0.493s] Level 1:colcon.colcon_core.package_identification:_identify(src/unitree_mujoco/unitree_robots/g1) by extension 'colcon_pkg'
[0.493s] Level 1:colcon.colcon_core.package_identification:_identify(src/unitree_mujoco/unitree_robots/g1) by extensions ['colcon_meta']
[0.493s] Level 1:colcon.colcon_core.package_identification:_identify(src/unitree_mujoco/unitree_robots/g1) by extension 'colcon_meta'
[0.493s] Level 1:colcon.colcon_core.package_identification:_identify(src/unitree_mujoco/unitree_robots/g1) by extensions ['ros']
[0.494s] Level 1:colcon.colcon_core.package_identification:_identify(src/unitree_mujoco/unitree_robots/g1) by extension 'ros'
[0.494s] Level 1:colcon.colcon_core.package_identification:_identify(src/unitree_mujoco/unitree_robots/g1) by extensions ['cmake', 'python']
[0.494s] Level 1:colcon.colcon_core.package_identification:_identify(src/unitree_mujoco/unitree_robots/g1) by extension 'cmake'
[0.494s] Level 1:colcon.colcon_core.package_identification:_identify(src/unitree_mujoco/unitree_robots/g1) by extension 'python'
[0.494s] Level 1:colcon.colcon_core.package_identification:_identify(src/unitree_mujoco/unitree_robots/g1) by extensions ['python_setup_py']
[0.494s] Level 1:colcon.colcon_core.package_identification:_identify(src/unitree_mujoco/unitree_robots/g1) by extension 'python_setup_py'
[0.494s] Level 1:colcon.colcon_core.package_identification:_identify(src/unitree_mujoco/unitree_robots/g1/images) by extensions ['ignore', 'ignore_ament_install']
[0.494s] Level 1:colcon.colcon_core.package_identification:_identify(src/unitree_mujoco/unitree_robots/g1/images) by extension 'ignore'
[0.494s] Level 1:colcon.colcon_core.package_identification:_identify(src/unitree_mujoco/unitree_robots/g1/images) by extension 'ignore_ament_install'
[0.494s] Level 1:colcon.colcon_core.package_identification:_identify(src/unitree_mujoco/unitree_robots/g1/images) by extensions ['colcon_pkg']
[0.494s] Level 1:colcon.colcon_core.package_identification:_identify(src/unitree_mujoco/unitree_robots/g1/images) by extension 'colcon_pkg'
[0.494s] Level 1:colcon.colcon_core.package_identification:_identify(src/unitree_mujoco/unitree_robots/g1/images) by extensions ['colcon_meta']
[0.494s] Level 1:colcon.colcon_core.package_identification:_identify(src/unitree_mujoco/unitree_robots/g1/images) by extension 'colcon_meta'
[0.494s] Level 1:colcon.colcon_core.package_identification:_identify(src/unitree_mujoco/unitree_robots/g1/images) by extensions ['ros']
[0.494s] Level 1:colcon.colcon_core.package_identification:_identify(src/unitree_mujoco/unitree_robots/g1/images) by extension 'ros'
[0.494s] Level 1:colcon.colcon_core.package_identification:_identify(src/unitree_mujoco/unitree_robots/g1/images) by extensions ['cmake', 'python']
[0.494s] Level 1:colcon.colcon_core.package_identification:_identify(src/unitree_mujoco/unitree_robots/g1/images) by extension 'cmake'
[0.494s] Level 1:colcon.colcon_core.package_identification:_identify(src/unitree_mujoco/unitree_robots/g1/images) by extension 'python'
[0.494s] Level 1:colcon.colcon_core.package_identification:_identify(src/unitree_mujoco/unitree_robots/g1/images) by extensions ['python_setup_py']
[0.494s] Level 1:colcon.colcon_core.package_identification:_identify(src/unitree_mujoco/unitree_robots/g1/images) by extension 'python_setup_py'
[0.495s] Level 1:colcon.colcon_core.package_identification:_identify(src/unitree_mujoco/unitree_robots/g1/meshes) by extensions ['ignore', 'ignore_ament_install']
[0.495s] Level 1:colcon.colcon_core.package_identification:_identify(src/unitree_mujoco/unitree_robots/g1/meshes) by extension 'ignore'
[0.495s] Level 1:colcon.colcon_core.package_identification:_identify(src/unitree_mujoco/unitree_robots/g1/meshes) by extension 'ignore_ament_install'
[0.495s] Level 1:colcon.colcon_core.package_identification:_identify(src/unitree_mujoco/unitree_robots/g1/meshes) by extensions ['colcon_pkg']
[0.495s] Level 1:colcon.colcon_core.package_identification:_identify(src/unitree_mujoco/unitree_robots/g1/meshes) by extension 'colcon_pkg'
[0.495s] Level 1:colcon.colcon_core.package_identification:_identify(src/unitree_mujoco/unitree_robots/g1/meshes) by extensions ['colcon_meta']
[0.495s] Level 1:colcon.colcon_core.package_identification:_identify(src/unitree_mujoco/unitree_robots/g1/meshes) by extension 'colcon_meta'
[0.495s] Level 1:colcon.colcon_core.package_identification:_identify(src/unitree_mujoco/unitree_robots/g1/meshes) by extensions ['ros']
[0.495s] Level 1:colcon.colcon_core.package_identification:_identify(src/unitree_mujoco/unitree_robots/g1/meshes) by extension 'ros'
[0.495s] Level 1:colcon.colcon_core.package_identification:_identify(src/unitree_mujoco/unitree_robots/g1/meshes) by extensions ['cmake', 'python']
[0.495s] Level 1:colcon.colcon_core.package_identification:_identify(src/unitree_mujoco/unitree_robots/g1/meshes) by extension 'cmake'
[0.495s] Level 1:colcon.colcon_core.package_identification:_identify(src/unitree_mujoco/unitree_robots/g1/meshes) by extension 'python'
[0.495s] Level 1:colcon.colcon_core.package_identification:_identify(src/unitree_mujoco/unitree_robots/g1/meshes) by extensions ['python_setup_py']
[0.495s] Level 1:colcon.colcon_core.package_identification:_identify(src/unitree_mujoco/unitree_robots/g1/meshes) by extension 'python_setup_py'
[0.495s] Level 1:colcon.colcon_core.package_identification:_identify(src/unitree_mujoco/unitree_robots/go2) by extensions ['ignore', 'ignore_ament_install']
[0.496s] Level 1:colcon.colcon_core.package_identification:_identify(src/unitree_mujoco/unitree_robots/go2) by extension 'ignore'
[0.496s] Level 1:colcon.colcon_core.package_identification:_identify(src/unitree_mujoco/unitree_robots/go2) by extension 'ignore_ament_install'
[0.496s] Level 1:colcon.colcon_core.package_identification:_identify(src/unitree_mujoco/unitree_robots/go2) by extensions ['colcon_pkg']
[0.496s] Level 1:colcon.colcon_core.package_identification:_identify(src/unitree_mujoco/unitree_robots/go2) by extension 'colcon_pkg'
[0.496s] Level 1:colcon.colcon_core.package_identification:_identify(src/unitree_mujoco/unitree_robots/go2) by extensions ['colcon_meta']
[0.496s] Level 1:colcon.colcon_core.package_identification:_identify(src/unitree_mujoco/unitree_robots/go2) by extension 'colcon_meta'
[0.496s] Level 1:colcon.colcon_core.package_identification:_identify(src/unitree_mujoco/unitree_robots/go2) by extensions ['ros']
[0.496s] Level 1:colcon.colcon_core.package_identification:_identify(src/unitree_mujoco/unitree_robots/go2) by extension 'ros'
[0.496s] Level 1:colcon.colcon_core.package_identification:_identify(src/unitree_mujoco/unitree_robots/go2) by extensions ['cmake', 'python']
[0.496s] Level 1:colcon.colcon_core.package_identification:_identify(src/unitree_mujoco/unitree_robots/go2) by extension 'cmake'
[0.496s] Level 1:colcon.colcon_core.package_identification:_identify(src/unitree_mujoco/unitree_robots/go2) by extension 'python'
[0.496s] Level 1:colcon.colcon_core.package_identification:_identify(src/unitree_mujoco/unitree_robots/go2) by extensions ['python_setup_py']
[0.496s] Level 1:colcon.colcon_core.package_identification:_identify(src/unitree_mujoco/unitree_robots/go2) by extension 'python_setup_py'
[0.496s] Level 1:colcon.colcon_core.package_identification:_identify(src/unitree_mujoco/unitree_robots/go2/assets) by extensions ['ignore', 'ignore_ament_install']
[0.496s] Level 1:colcon.colcon_core.package_identification:_identify(src/unitree_mujoco/unitree_robots/go2/assets) by extension 'ignore'
[0.496s] Level 1:colcon.colcon_core.package_identification:_identify(src/unitree_mujoco/unitree_robots/go2/assets) by extension 'ignore_ament_install'
[0.496s] Level 1:colcon.colcon_core.package_identification:_identify(src/unitree_mujoco/unitree_robots/go2/assets) by extensions ['colcon_pkg']
[0.496s] Level 1:colcon.colcon_core.package_identification:_identify(src/unitree_mujoco/unitree_robots/go2/assets) by extension 'colcon_pkg'
[0.497s] Level 1:colcon.colcon_core.package_identification:_identify(src/unitree_mujoco/unitree_robots/go2/assets) by extensions ['colcon_meta']
[0.497s] Level 1:colcon.colcon_core.package_identification:_identify(src/unitree_mujoco/unitree_robots/go2/assets) by extension 'colcon_meta'
[0.497s] Level 1:colcon.colcon_core.package_identification:_identify(src/unitree_mujoco/unitree_robots/go2/assets) by extensions ['ros']
[0.497s] Level 1:colcon.colcon_core.package_identification:_identify(src/unitree_mujoco/unitree_robots/go2/assets) by extension 'ros'
[0.497s] Level 1:colcon.colcon_core.package_identification:_identify(src/unitree_mujoco/unitree_robots/go2/assets) by extensions ['cmake', 'python']
[0.497s] Level 1:colcon.colcon_core.package_identification:_identify(src/unitree_mujoco/unitree_robots/go2/assets) by extension 'cmake'
[0.497s] Level 1:colcon.colcon_core.package_identification:_identify(src/unitree_mujoco/unitree_robots/go2/assets) by extension 'python'
[0.497s] Level 1:colcon.colcon_core.package_identification:_identify(src/unitree_mujoco/unitree_robots/go2/assets) by extensions ['python_setup_py']
[0.497s] Level 1:colcon.colcon_core.package_identification:_identify(src/unitree_mujoco/unitree_robots/go2/assets) by extension 'python_setup_py'
[0.497s] Level 1:colcon.colcon_core.package_identification:_identify(src/unitree_mujoco/unitree_robots/go2w) by extensions ['ignore', 'ignore_ament_install']
[0.497s] Level 1:colcon.colcon_core.package_identification:_identify(src/unitree_mujoco/unitree_robots/go2w) by extension 'ignore'
[0.497s] Level 1:colcon.colcon_core.package_identification:_identify(src/unitree_mujoco/unitree_robots/go2w) by extension 'ignore_ament_install'
[0.497s] Level 1:colcon.colcon_core.package_identification:_identify(src/unitree_mujoco/unitree_robots/go2w) by extensions ['colcon_pkg']
[0.497s] Level 1:colcon.colcon_core.package_identification:_identify(src/unitree_mujoco/unitree_robots/go2w) by extension 'colcon_pkg'
[0.497s] Level 1:colcon.colcon_core.package_identification:_identify(src/unitree_mujoco/unitree_robots/go2w) by extensions ['colcon_meta']
[0.497s] Level 1:colcon.colcon_core.package_identification:_identify(src/unitree_mujoco/unitree_robots/go2w) by extension 'colcon_meta'
[0.497s] Level 1:colcon.colcon_core.package_identification:_identify(src/unitree_mujoco/unitree_robots/go2w) by extensions ['ros']
[0.497s] Level 1:colcon.colcon_core.package_identification:_identify(src/unitree_mujoco/unitree_robots/go2w) by extension 'ros'
[0.498s] Level 1:colcon.colcon_core.package_identification:_identify(src/unitree_mujoco/unitree_robots/go2w) by extensions ['cmake', 'python']
[0.498s] Level 1:colcon.colcon_core.package_identification:_identify(src/unitree_mujoco/unitree_robots/go2w) by extension 'cmake'
[0.498s] Level 1:colcon.colcon_core.package_identification:_identify(src/unitree_mujoco/unitree_robots/go2w) by extension 'python'
[0.498s] Level 1:colcon.colcon_core.package_identification:_identify(src/unitree_mujoco/unitree_robots/go2w) by extensions ['python_setup_py']
[0.498s] Level 1:colcon.colcon_core.package_identification:_identify(src/unitree_mujoco/unitree_robots/go2w) by extension 'python_setup_py'
[0.498s] Level 1:colcon.colcon_core.package_identification:_identify(src/unitree_mujoco/unitree_robots/go2w/assets) by extensions ['ignore', 'ignore_ament_install']
[0.498s] Level 1:colcon.colcon_core.package_identification:_identify(src/unitree_mujoco/unitree_robots/go2w/assets) by extension 'ignore'
[0.498s] Level 1:colcon.colcon_core.package_identification:_identify(src/unitree_mujoco/unitree_robots/go2w/assets) by extension 'ignore_ament_install'
[0.498s] Level 1:colcon.colcon_core.package_identification:_identify(src/unitree_mujoco/unitree_robots/go2w/assets) by extensions ['colcon_pkg']
[0.498s] Level 1:colcon.colcon_core.package_identification:_identify(src/unitree_mujoco/unitree_robots/go2w/assets) by extension 'colcon_pkg'
[0.498s] Level 1:colcon.colcon_core.package_identification:_identify(src/unitree_mujoco/unitree_robots/go2w/assets) by extensions ['colcon_meta']
[0.498s] Level 1:colcon.colcon_core.package_identification:_identify(src/unitree_mujoco/unitree_robots/go2w/assets) by extension 'colcon_meta'
[0.498s] Level 1:colcon.colcon_core.package_identification:_identify(src/unitree_mujoco/unitree_robots/go2w/assets) by extensions ['ros']
[0.498s] Level 1:colcon.colcon_core.package_identification:_identify(src/unitree_mujoco/unitree_robots/go2w/assets) by extension 'ros'
[0.498s] Level 1:colcon.colcon_core.package_identification:_identify(src/unitree_mujoco/unitree_robots/go2w/assets) by extensions ['cmake', 'python']
[0.498s] Level 1:colcon.colcon_core.package_identification:_identify(src/unitree_mujoco/unitree_robots/go2w/assets) by extension 'cmake'
[0.498s] Level 1:colcon.colcon_core.package_identification:_identify(src/unitree_mujoco/unitree_robots/go2w/assets) by extension 'python'
[0.498s] Level 1:colcon.colcon_core.package_identification:_identify(src/unitree_mujoco/unitree_robots/go2w/assets) by extensions ['python_setup_py']
[0.498s] Level 1:colcon.colcon_core.package_identification:_identify(src/unitree_mujoco/unitree_robots/go2w/assets) by extension 'python_setup_py'
[0.499s] Level 1:colcon.colcon_core.package_identification:_identify(src/unitree_mujoco/unitree_robots/h1) by extensions ['ignore', 'ignore_ament_install']
[0.499s] Level 1:colcon.colcon_core.package_identification:_identify(src/unitree_mujoco/unitree_robots/h1) by extension 'ignore'
[0.499s] Level 1:colcon.colcon_core.package_identification:_identify(src/unitree_mujoco/unitree_robots/h1) by extension 'ignore_ament_install'
[0.499s] Level 1:colcon.colcon_core.package_identification:_identify(src/unitree_mujoco/unitree_robots/h1) by extensions ['colcon_pkg']
[0.499s] Level 1:colcon.colcon_core.package_identification:_identify(src/unitree_mujoco/unitree_robots/h1) by extension 'colcon_pkg'
[0.499s] Level 1:colcon.colcon_core.package_identification:_identify(src/unitree_mujoco/unitree_robots/h1) by extensions ['colcon_meta']
[0.499s] Level 1:colcon.colcon_core.package_identification:_identify(src/unitree_mujoco/unitree_robots/h1) by extension 'colcon_meta'
[0.499s] Level 1:colcon.colcon_core.package_identification:_identify(src/unitree_mujoco/unitree_robots/h1) by extensions ['ros']
[0.499s] Level 1:colcon.colcon_core.package_identification:_identify(src/unitree_mujoco/unitree_robots/h1) by extension 'ros'
[0.499s] Level 1:colcon.colcon_core.package_identification:_identify(src/unitree_mujoco/unitree_robots/h1) by extensions ['cmake', 'python']
[0.499s] Level 1:colcon.colcon_core.package_identification:_identify(src/unitree_mujoco/unitree_robots/h1) by extension 'cmake'
[0.499s] Level 1:colcon.colcon_core.package_identification:_identify(src/unitree_mujoco/unitree_robots/h1) by extension 'python'
[0.499s] Level 1:colcon.colcon_core.package_identification:_identify(src/unitree_mujoco/unitree_robots/h1) by extensions ['python_setup_py']
[0.499s] Level 1:colcon.colcon_core.package_identification:_identify(src/unitree_mujoco/unitree_robots/h1) by extension 'python_setup_py'
[0.499s] Level 1:colcon.colcon_core.package_identification:_identify(src/unitree_mujoco/unitree_robots/h1/assets) by extensions ['ignore', 'ignore_ament_install']
[0.499s] Level 1:colcon.colcon_core.package_identification:_identify(src/unitree_mujoco/unitree_robots/h1/assets) by extension 'ignore'
[0.500s] Level 1:colcon.colcon_core.package_identification:_identify(src/unitree_mujoco/unitree_robots/h1/assets) by extension 'ignore_ament_install'
[0.500s] Level 1:colcon.colcon_core.package_identification:_identify(src/unitree_mujoco/unitree_robots/h1/assets) by extensions ['colcon_pkg']
[0.500s] Level 1:colcon.colcon_core.package_identification:_identify(src/unitree_mujoco/unitree_robots/h1/assets) by extension 'colcon_pkg'
[0.500s] Level 1:colcon.colcon_core.package_identification:_identify(src/unitree_mujoco/unitree_robots/h1/assets) by extensions ['colcon_meta']
[0.500s] Level 1:colcon.colcon_core.package_identification:_identify(src/unitree_mujoco/unitree_robots/h1/assets) by extension 'colcon_meta'
[0.500s] Level 1:colcon.colcon_core.package_identification:_identify(src/unitree_mujoco/unitree_robots/h1/assets) by extensions ['ros']
[0.500s] Level 1:colcon.colcon_core.package_identification:_identify(src/unitree_mujoco/unitree_robots/h1/assets) by extension 'ros'
[0.500s] Level 1:colcon.colcon_core.package_identification:_identify(src/unitree_mujoco/unitree_robots/h1/assets) by extensions ['cmake', 'python']
[0.500s] Level 1:colcon.colcon_core.package_identification:_identify(src/unitree_mujoco/unitree_robots/h1/assets) by extension 'cmake'
[0.500s] Level 1:colcon.colcon_core.package_identification:_identify(src/unitree_mujoco/unitree_robots/h1/assets) by extension 'python'
[0.500s] Level 1:colcon.colcon_core.package_identification:_identify(src/unitree_mujoco/unitree_robots/h1/assets) by extensions ['python_setup_py']
[0.500s] Level 1:colcon.colcon_core.package_identification:_identify(src/unitree_mujoco/unitree_robots/h1/assets) by extension 'python_setup_py'
[0.500s] Level 1:colcon.colcon_core.package_identification:_identify(src/unitree_rl_controller-ros2) by extensions ['ignore', 'ignore_ament_install']
[0.500s] Level 1:colcon.colcon_core.package_identification:_identify(src/unitree_rl_controller-ros2) by extension 'ignore'
[0.500s] Level 1:colcon.colcon_core.package_identification:_identify(src/unitree_rl_controller-ros2) by extension 'ignore_ament_install'
[0.500s] Level 1:colcon.colcon_core.package_identification:_identify(src/unitree_rl_controller-ros2) by extensions ['colcon_pkg']
[0.500s] Level 1:colcon.colcon_core.package_identification:_identify(src/unitree_rl_controller-ros2) by extension 'colcon_pkg'
[0.500s] Level 1:colcon.colcon_core.package_identification:_identify(src/unitree_rl_controller-ros2) by extensions ['colcon_meta']
[0.500s] Level 1:colcon.colcon_core.package_identification:_identify(src/unitree_rl_controller-ros2) by extension 'colcon_meta'
[0.500s] Level 1:colcon.colcon_core.package_identification:_identify(src/unitree_rl_controller-ros2) by extensions ['ros']
[0.501s] Level 1:colcon.colcon_core.package_identification:_identify(src/unitree_rl_controller-ros2) by extension 'ros'
[0.502s] DEBUG:colcon.colcon_core.package_identification:Package 'src/unitree_rl_controller-ros2' with type 'ros.ament_cmake' and name 'unitree_rl_controller'
[0.502s] Level 1:colcon.colcon_core.package_identification:_identify(src/unitree_ros2) by extensions ['ignore', 'ignore_ament_install']
[0.502s] Level 1:colcon.colcon_core.package_identification:_identify(src/unitree_ros2) by extension 'ignore'
[0.502s] Level 1:colcon.colcon_core.package_identification:_identify(src/unitree_ros2) by extension 'ignore_ament_install'
[0.502s] Level 1:colcon.colcon_core.package_identification:_identify(src/unitree_ros2) by extensions ['colcon_pkg']
[0.502s] Level 1:colcon.colcon_core.package_identification:_identify(src/unitree_ros2) by extension 'colcon_pkg'
[0.502s] Level 1:colcon.colcon_core.package_identification:_identify(src/unitree_ros2) by extensions ['colcon_meta']
[0.503s] Level 1:colcon.colcon_core.package_identification:_identify(src/unitree_ros2) by extension 'colcon_meta'
[0.503s] Level 1:colcon.colcon_core.package_identification:_identify(src/unitree_ros2) by extensions ['ros']
[0.503s] Level 1:colcon.colcon_core.package_identification:_identify(src/unitree_ros2) by extension 'ros'
[0.503s] Level 1:colcon.colcon_core.package_identification:_identify(src/unitree_ros2) by extensions ['cmake', 'python']
[0.503s] Level 1:colcon.colcon_core.package_identification:_identify(src/unitree_ros2) by extension 'cmake'
[0.503s] Level 1:colcon.colcon_core.package_identification:_identify(src/unitree_ros2) by extension 'python'
[0.503s] Level 1:colcon.colcon_core.package_identification:_identify(src/unitree_ros2) by extensions ['python_setup_py']
[0.503s] Level 1:colcon.colcon_core.package_identification:_identify(src/unitree_ros2) by extension 'python_setup_py'
[0.503s] Level 1:colcon.colcon_core.package_identification:_identify(src/unitree_ros2/cyclonedds_ws) by extensions ['ignore', 'ignore_ament_install']
[0.503s] Level 1:colcon.colcon_core.package_identification:_identify(src/unitree_ros2/cyclonedds_ws) by extension 'ignore'
[0.503s] Level 1:colcon.colcon_core.package_identification:_identify(src/unitree_ros2/cyclonedds_ws) by extension 'ignore_ament_install'
[0.503s] Level 1:colcon.colcon_core.package_identification:_identify(src/unitree_ros2/cyclonedds_ws) by extensions ['colcon_pkg']
[0.503s] Level 1:colcon.colcon_core.package_identification:_identify(src/unitree_ros2/cyclonedds_ws) by extension 'colcon_pkg'
[0.503s] Level 1:colcon.colcon_core.package_identification:_identify(src/unitree_ros2/cyclonedds_ws) by extensions ['colcon_meta']
[0.503s] Level 1:colcon.colcon_core.package_identification:_identify(src/unitree_ros2/cyclonedds_ws) by extension 'colcon_meta'
[0.503s] Level 1:colcon.colcon_core.package_identification:_identify(src/unitree_ros2/cyclonedds_ws) by extensions ['ros']
[0.503s] Level 1:colcon.colcon_core.package_identification:_identify(src/unitree_ros2/cyclonedds_ws) by extension 'ros'
[0.504s] Level 1:colcon.colcon_core.package_identification:_identify(src/unitree_ros2/cyclonedds_ws) by extensions ['cmake', 'python']
[0.504s] Level 1:colcon.colcon_core.package_identification:_identify(src/unitree_ros2/cyclonedds_ws) by extension 'cmake'
[0.504s] Level 1:colcon.colcon_core.package_identification:_identify(src/unitree_ros2/cyclonedds_ws) by extension 'python'
[0.504s] Level 1:colcon.colcon_core.package_identification:_identify(src/unitree_ros2/cyclonedds_ws) by extensions ['python_setup_py']
[0.504s] Level 1:colcon.colcon_core.package_identification:_identify(src/unitree_ros2/cyclonedds_ws) by extension 'python_setup_py'
[0.504s] Level 1:colcon.colcon_core.package_identification:_identify(src/unitree_ros2/cyclonedds_ws/build) by extensions ['ignore', 'ignore_ament_install']
[0.504s] Level 1:colcon.colcon_core.package_identification:_identify(src/unitree_ros2/cyclonedds_ws/build) by extension 'ignore'
[0.504s] Level 1:colcon.colcon_core.package_identification:_identify(src/unitree_ros2/cyclonedds_ws/build) ignored
[0.504s] Level 1:colcon.colcon_core.package_identification:_identify(src/unitree_ros2/cyclonedds_ws/install) by extensions ['ignore', 'ignore_ament_install']
[0.504s] Level 1:colcon.colcon_core.package_identification:_identify(src/unitree_ros2/cyclonedds_ws/install) by extension 'ignore'
[0.504s] Level 1:colcon.colcon_core.package_identification:_identify(src/unitree_ros2/cyclonedds_ws/install) ignored
[0.504s] Level 1:colcon.colcon_core.package_identification:_identify(src/unitree_ros2/cyclonedds_ws/log) by extensions ['ignore', 'ignore_ament_install']
[0.504s] Level 1:colcon.colcon_core.package_identification:_identify(src/unitree_ros2/cyclonedds_ws/log) by extension 'ignore'
[0.504s] Level 1:colcon.colcon_core.package_identification:_identify(src/unitree_ros2/cyclonedds_ws/log) ignored
[0.505s] Level 1:colcon.colcon_core.package_identification:_identify(src/unitree_ros2/cyclonedds_ws/src) by extensions ['ignore', 'ignore_ament_install']
[0.505s] Level 1:colcon.colcon_core.package_identification:_identify(src/unitree_ros2/cyclonedds_ws/src) by extension 'ignore'
[0.505s] Level 1:colcon.colcon_core.package_identification:_identify(src/unitree_ros2/cyclonedds_ws/src) by extension 'ignore_ament_install'
[0.505s] Level 1:colcon.colcon_core.package_identification:_identify(src/unitree_ros2/cyclonedds_ws/src) by extensions ['colcon_pkg']
[0.505s] Level 1:colcon.colcon_core.package_identification:_identify(src/unitree_ros2/cyclonedds_ws/src) by extension 'colcon_pkg'
[0.505s] Level 1:colcon.colcon_core.package_identification:_identify(src/unitree_ros2/cyclonedds_ws/src) by extensions ['colcon_meta']
[0.505s] Level 1:colcon.colcon_core.package_identification:_identify(src/unitree_ros2/cyclonedds_ws/src) by extension 'colcon_meta'
[0.505s] Level 1:colcon.colcon_core.package_identification:_identify(src/unitree_ros2/cyclonedds_ws/src) by extensions ['ros']
[0.505s] Level 1:colcon.colcon_core.package_identification:_identify(src/unitree_ros2/cyclonedds_ws/src) by extension 'ros'
[0.505s] Level 1:colcon.colcon_core.package_identification:_identify(src/unitree_ros2/cyclonedds_ws/src) by extensions ['cmake', 'python']
[0.505s] Level 1:colcon.colcon_core.package_identification:_identify(src/unitree_ros2/cyclonedds_ws/src) by extension 'cmake'
[0.505s] Level 1:colcon.colcon_core.package_identification:_identify(src/unitree_ros2/cyclonedds_ws/src) by extension 'python'
[0.505s] Level 1:colcon.colcon_core.package_identification:_identify(src/unitree_ros2/cyclonedds_ws/src) by extensions ['python_setup_py']
[0.505s] Level 1:colcon.colcon_core.package_identification:_identify(src/unitree_ros2/cyclonedds_ws/src) by extension 'python_setup_py'
[0.505s] Level 1:colcon.colcon_core.package_identification:_identify(src/unitree_ros2/cyclonedds_ws/src/cyclonedds) by extensions ['ignore', 'ignore_ament_install']
[0.506s] Level 1:colcon.colcon_core.package_identification:_identify(src/unitree_ros2/cyclonedds_ws/src/cyclonedds) by extension 'ignore'
[0.506s] Level 1:colcon.colcon_core.package_identification:_identify(src/unitree_ros2/cyclonedds_ws/src/cyclonedds) by extension 'ignore_ament_install'
[0.506s] Level 1:colcon.colcon_core.package_identification:_identify(src/unitree_ros2/cyclonedds_ws/src/cyclonedds) by extensions ['colcon_pkg']
[0.506s] Level 1:colcon.colcon_core.package_identification:_identify(src/unitree_ros2/cyclonedds_ws/src/cyclonedds) by extension 'colcon_pkg'
[0.507s] Level 1:colcon.colcon_core.package_identification:_identify(src/unitree_ros2/cyclonedds_ws/src/cyclonedds) by extensions ['colcon_meta']
[0.507s] Level 1:colcon.colcon_core.package_identification:_identify(src/unitree_ros2/cyclonedds_ws/src/cyclonedds) by extension 'colcon_meta'
[0.507s] Level 1:colcon.colcon_core.package_identification:_identify(src/unitree_ros2/cyclonedds_ws/src/cyclonedds) by extensions ['ros']
[0.507s] Level 1:colcon.colcon_core.package_identification:_identify(src/unitree_ros2/cyclonedds_ws/src/cyclonedds) by extension 'ros'
[0.508s] DEBUG:colcon.colcon_core.package_identification:Package 'src/unitree_ros2/cyclonedds_ws/src/cyclonedds' with type 'ros.cmake' and name 'cyclonedds'
[0.509s] Level 1:colcon.colcon_core.package_identification:_identify(src/unitree_ros2/cyclonedds_ws/src/rmw_cyclonedds) by extensions ['ignore', 'ignore_ament_install']
[0.509s] Level 1:colcon.colcon_core.package_identification:_identify(src/unitree_ros2/cyclonedds_ws/src/rmw_cyclonedds) by extension 'ignore'
[0.509s] Level 1:colcon.colcon_core.package_identification:_identify(src/unitree_ros2/cyclonedds_ws/src/rmw_cyclonedds) by extension 'ignore_ament_install'
[0.509s] Level 1:colcon.colcon_core.package_identification:_identify(src/unitree_ros2/cyclonedds_ws/src/rmw_cyclonedds) by extensions ['colcon_pkg']
[0.509s] Level 1:colcon.colcon_core.package_identification:_identify(src/unitree_ros2/cyclonedds_ws/src/rmw_cyclonedds) by extension 'colcon_pkg'
[0.509s] Level 1:colcon.colcon_core.package_identification:_identify(src/unitree_ros2/cyclonedds_ws/src/rmw_cyclonedds) by extensions ['colcon_meta']
[0.509s] Level 1:colcon.colcon_core.package_identification:_identify(src/unitree_ros2/cyclonedds_ws/src/rmw_cyclonedds) by extension 'colcon_meta'
[0.509s] Level 1:colcon.colcon_core.package_identification:_identify(src/unitree_ros2/cyclonedds_ws/src/rmw_cyclonedds) by extensions ['ros']
[0.509s] Level 1:colcon.colcon_core.package_identification:_identify(src/unitree_ros2/cyclonedds_ws/src/rmw_cyclonedds) by extension 'ros'
[0.509s] Level 1:colcon.colcon_core.package_identification:_identify(src/unitree_ros2/cyclonedds_ws/src/rmw_cyclonedds) by extensions ['cmake', 'python']
[0.509s] Level 1:colcon.colcon_core.package_identification:_identify(src/unitree_ros2/cyclonedds_ws/src/rmw_cyclonedds) by extension 'cmake'
[0.509s] Level 1:colcon.colcon_core.package_identification:_identify(src/unitree_ros2/cyclonedds_ws/src/rmw_cyclonedds) by extension 'python'
[0.509s] Level 1:colcon.colcon_core.package_identification:_identify(src/unitree_ros2/cyclonedds_ws/src/rmw_cyclonedds) by extensions ['python_setup_py']
[0.509s] Level 1:colcon.colcon_core.package_identification:_identify(src/unitree_ros2/cyclonedds_ws/src/rmw_cyclonedds) by extension 'python_setup_py'
[0.510s] Level 1:colcon.colcon_core.package_identification:_identify(src/unitree_ros2/cyclonedds_ws/src/rmw_cyclonedds/rmw_cyclonedds_cpp) by extensions ['ignore', 'ignore_ament_install']
[0.510s] Level 1:colcon.colcon_core.package_identification:_identify(src/unitree_ros2/cyclonedds_ws/src/rmw_cyclonedds/rmw_cyclonedds_cpp) by extension 'ignore'
[0.510s] Level 1:colcon.colcon_core.package_identification:_identify(src/unitree_ros2/cyclonedds_ws/src/rmw_cyclonedds/rmw_cyclonedds_cpp) by extension 'ignore_ament_install'
[0.510s] Level 1:colcon.colcon_core.package_identification:_identify(src/unitree_ros2/cyclonedds_ws/src/rmw_cyclonedds/rmw_cyclonedds_cpp) by extensions ['colcon_pkg']
[0.510s] Level 1:colcon.colcon_core.package_identification:_identify(src/unitree_ros2/cyclonedds_ws/src/rmw_cyclonedds/rmw_cyclonedds_cpp) by extension 'colcon_pkg'
[0.510s] Level 1:colcon.colcon_core.package_identification:_identify(src/unitree_ros2/cyclonedds_ws/src/rmw_cyclonedds/rmw_cyclonedds_cpp) by extensions ['colcon_meta']
[0.510s] Level 1:colcon.colcon_core.package_identification:_identify(src/unitree_ros2/cyclonedds_ws/src/rmw_cyclonedds/rmw_cyclonedds_cpp) by extension 'colcon_meta'
[0.510s] Level 1:colcon.colcon_core.package_identification:_identify(src/unitree_ros2/cyclonedds_ws/src/rmw_cyclonedds/rmw_cyclonedds_cpp) by extensions ['ros']
[0.510s] Level 1:colcon.colcon_core.package_identification:_identify(src/unitree_ros2/cyclonedds_ws/src/rmw_cyclonedds/rmw_cyclonedds_cpp) by extension 'ros'
[0.512s] DEBUG:colcon.colcon_core.package_identification:Package 'src/unitree_ros2/cyclonedds_ws/src/rmw_cyclonedds/rmw_cyclonedds_cpp' with type 'ros.ament_cmake' and name 'rmw_cyclonedds_cpp'
[0.512s] Level 1:colcon.colcon_core.package_identification:_identify(src/unitree_ros2/cyclonedds_ws/src/unitree) by extensions ['ignore', 'ignore_ament_install']
[0.512s] Level 1:colcon.colcon_core.package_identification:_identify(src/unitree_ros2/cyclonedds_ws/src/unitree) by extension 'ignore'
[0.512s] Level 1:colcon.colcon_core.package_identification:_identify(src/unitree_ros2/cyclonedds_ws/src/unitree) by extension 'ignore_ament_install'
[0.513s] Level 1:colcon.colcon_core.package_identification:_identify(src/unitree_ros2/cyclonedds_ws/src/unitree) by extensions ['colcon_pkg']
[0.513s] Level 1:colcon.colcon_core.package_identification:_identify(src/unitree_ros2/cyclonedds_ws/src/unitree) by extension 'colcon_pkg'
[0.513s] Level 1:colcon.colcon_core.package_identification:_identify(src/unitree_ros2/cyclonedds_ws/src/unitree) by extensions ['colcon_meta']
[0.513s] Level 1:colcon.colcon_core.package_identification:_identify(src/unitree_ros2/cyclonedds_ws/src/unitree) by extension 'colcon_meta'
[0.513s] Level 1:colcon.colcon_core.package_identification:_identify(src/unitree_ros2/cyclonedds_ws/src/unitree) by extensions ['ros']
[0.513s] Level 1:colcon.colcon_core.package_identification:_identify(src/unitree_ros2/cyclonedds_ws/src/unitree) by extension 'ros'
[0.513s] Level 1:colcon.colcon_core.package_identification:_identify(src/unitree_ros2/cyclonedds_ws/src/unitree) by extensions ['cmake', 'python']
[0.513s] Level 1:colcon.colcon_core.package_identification:_identify(src/unitree_ros2/cyclonedds_ws/src/unitree) by extension 'cmake'
[0.513s] Level 1:colcon.colcon_core.package_identification:_identify(src/unitree_ros2/cyclonedds_ws/src/unitree) by extension 'python'
[0.513s] Level 1:colcon.colcon_core.package_identification:_identify(src/unitree_ros2/cyclonedds_ws/src/unitree) by extensions ['python_setup_py']
[0.513s] Level 1:colcon.colcon_core.package_identification:_identify(src/unitree_ros2/cyclonedds_ws/src/unitree) by extension 'python_setup_py'
[0.513s] Level 1:colcon.colcon_core.package_identification:_identify(src/unitree_ros2/cyclonedds_ws/src/unitree/unitree_api) by extensions ['ignore', 'ignore_ament_install']
[0.513s] Level 1:colcon.colcon_core.package_identification:_identify(src/unitree_ros2/cyclonedds_ws/src/unitree/unitree_api) by extension 'ignore'
[0.514s] Level 1:colcon.colcon_core.package_identification:_identify(src/unitree_ros2/cyclonedds_ws/src/unitree/unitree_api) by extension 'ignore_ament_install'
[0.514s] Level 1:colcon.colcon_core.package_identification:_identify(src/unitree_ros2/cyclonedds_ws/src/unitree/unitree_api) by extensions ['colcon_pkg']
[0.514s] Level 1:colcon.colcon_core.package_identification:_identify(src/unitree_ros2/cyclonedds_ws/src/unitree/unitree_api) by extension 'colcon_pkg'
[0.514s] Level 1:colcon.colcon_core.package_identification:_identify(src/unitree_ros2/cyclonedds_ws/src/unitree/unitree_api) by extensions ['colcon_meta']
[0.514s] Level 1:colcon.colcon_core.package_identification:_identify(src/unitree_ros2/cyclonedds_ws/src/unitree/unitree_api) by extension 'colcon_meta'
[0.514s] Level 1:colcon.colcon_core.package_identification:_identify(src/unitree_ros2/cyclonedds_ws/src/unitree/unitree_api) by extensions ['ros']
[0.514s] Level 1:colcon.colcon_core.package_identification:_identify(src/unitree_ros2/cyclonedds_ws/src/unitree/unitree_api) by extension 'ros'
[0.516s] DEBUG:colcon.colcon_core.package_identification:Package 'src/unitree_ros2/cyclonedds_ws/src/unitree/unitree_api' with type 'ros.ament_cmake' and name 'unitree_api'
[0.516s] Level 1:colcon.colcon_core.package_identification:_identify(src/unitree_ros2/cyclonedds_ws/src/unitree/unitree_go) by extensions ['ignore', 'ignore_ament_install']
[0.517s] Level 1:colcon.colcon_core.package_identification:_identify(src/unitree_ros2/cyclonedds_ws/src/unitree/unitree_go) by extension 'ignore'
[0.517s] Level 1:colcon.colcon_core.package_identification:_identify(src/unitree_ros2/cyclonedds_ws/src/unitree/unitree_go) by extension 'ignore_ament_install'
[0.517s] Level 1:colcon.colcon_core.package_identification:_identify(src/unitree_ros2/cyclonedds_ws/src/unitree/unitree_go) by extensions ['colcon_pkg']
[0.517s] Level 1:colcon.colcon_core.package_identification:_identify(src/unitree_ros2/cyclonedds_ws/src/unitree/unitree_go) by extension 'colcon_pkg'
[0.517s] Level 1:colcon.colcon_core.package_identification:_identify(src/unitree_ros2/cyclonedds_ws/src/unitree/unitree_go) by extensions ['colcon_meta']
[0.517s] Level 1:colcon.colcon_core.package_identification:_identify(src/unitree_ros2/cyclonedds_ws/src/unitree/unitree_go) by extension 'colcon_meta'
[0.517s] Level 1:colcon.colcon_core.package_identification:_identify(src/unitree_ros2/cyclonedds_ws/src/unitree/unitree_go) by extensions ['ros']
[0.517s] Level 1:colcon.colcon_core.package_identification:_identify(src/unitree_ros2/cyclonedds_ws/src/unitree/unitree_go) by extension 'ros'
[0.519s] DEBUG:colcon.colcon_core.package_identification:Package 'src/unitree_ros2/cyclonedds_ws/src/unitree/unitree_go' with type 'ros.ament_cmake' and name 'unitree_go'
[0.519s] Level 1:colcon.colcon_core.package_identification:_identify(src/unitree_ros2/cyclonedds_ws/src/unitree/unitree_hg) by extensions ['ignore', 'ignore_ament_install']
[0.519s] Level 1:colcon.colcon_core.package_identification:_identify(src/unitree_ros2/cyclonedds_ws/src/unitree/unitree_hg) by extension 'ignore'
[0.519s] Level 1:colcon.colcon_core.package_identification:_identify(src/unitree_ros2/cyclonedds_ws/src/unitree/unitree_hg) by extension 'ignore_ament_install'
[0.519s] Level 1:colcon.colcon_core.package_identification:_identify(src/unitree_ros2/cyclonedds_ws/src/unitree/unitree_hg) by extensions ['colcon_pkg']
[0.519s] Level 1:colcon.colcon_core.package_identification:_identify(src/unitree_ros2/cyclonedds_ws/src/unitree/unitree_hg) by extension 'colcon_pkg'
[0.519s] Level 1:colcon.colcon_core.package_identification:_identify(src/unitree_ros2/cyclonedds_ws/src/unitree/unitree_hg) by extensions ['colcon_meta']
[0.519s] Level 1:colcon.colcon_core.package_identification:_identify(src/unitree_ros2/cyclonedds_ws/src/unitree/unitree_hg) by extension 'colcon_meta'
[0.520s] Level 1:colcon.colcon_core.package_identification:_identify(src/unitree_ros2/cyclonedds_ws/src/unitree/unitree_hg) by extensions ['ros']
[0.520s] Level 1:colcon.colcon_core.package_identification:_identify(src/unitree_ros2/cyclonedds_ws/src/unitree/unitree_hg) by extension 'ros'
[0.521s] DEBUG:colcon.colcon_core.package_identification:Package 'src/unitree_ros2/cyclonedds_ws/src/unitree/unitree_hg' with type 'ros.ament_cmake' and name 'unitree_hg'
[0.521s] Level 1:colcon.colcon_core.package_identification:_identify(src/unitree_ros2/example) by extensions ['ignore', 'ignore_ament_install']
[0.521s] Level 1:colcon.colcon_core.package_identification:_identify(src/unitree_ros2/example) by extension 'ignore'
[0.521s] Level 1:colcon.colcon_core.package_identification:_identify(src/unitree_ros2/example) by extension 'ignore_ament_install'
[0.521s] Level 1:colcon.colcon_core.package_identification:_identify(src/unitree_ros2/example) by extensions ['colcon_pkg']
[0.521s] Level 1:colcon.colcon_core.package_identification:_identify(src/unitree_ros2/example) by extension 'colcon_pkg'
[0.521s] Level 1:colcon.colcon_core.package_identification:_identify(src/unitree_ros2/example) by extensions ['colcon_meta']
[0.521s] Level 1:colcon.colcon_core.package_identification:_identify(src/unitree_ros2/example) by extension 'colcon_meta'
[0.521s] Level 1:colcon.colcon_core.package_identification:_identify(src/unitree_ros2/example) by extensions ['ros']
[0.521s] Level 1:colcon.colcon_core.package_identification:_identify(src/unitree_ros2/example) by extension 'ros'
[0.521s] Level 1:colcon.colcon_core.package_identification:_identify(src/unitree_ros2/example) by extensions ['cmake', 'python']
[0.521s] Level 1:colcon.colcon_core.package_identification:_identify(src/unitree_ros2/example) by extension 'cmake'
[0.522s] Level 1:colcon.colcon_core.package_identification:_identify(src/unitree_ros2/example) by extension 'python'
[0.522s] Level 1:colcon.colcon_core.package_identification:_identify(src/unitree_ros2/example) by extensions ['python_setup_py']
[0.522s] Level 1:colcon.colcon_core.package_identification:_identify(src/unitree_ros2/example) by extension 'python_setup_py'
[0.522s] Level 1:colcon.colcon_core.package_identification:_identify(src/unitree_ros2/example/src) by extensions ['ignore', 'ignore_ament_install']
[0.522s] Level 1:colcon.colcon_core.package_identification:_identify(src/unitree_ros2/example/src) by extension 'ignore'
[0.522s] Level 1:colcon.colcon_core.package_identification:_identify(src/unitree_ros2/example/src) by extension 'ignore_ament_install'
[0.522s] Level 1:colcon.colcon_core.package_identification:_identify(src/unitree_ros2/example/src) by extensions ['colcon_pkg']
[0.522s] Level 1:colcon.colcon_core.package_identification:_identify(src/unitree_ros2/example/src) by extension 'colcon_pkg'
[0.522s] Level 1:colcon.colcon_core.package_identification:_identify(src/unitree_ros2/example/src) by extensions ['colcon_meta']
[0.522s] Level 1:colcon.colcon_core.package_identification:_identify(src/unitree_ros2/example/src) by extension 'colcon_meta'
[0.522s] Level 1:colcon.colcon_core.package_identification:_identify(src/unitree_ros2/example/src) by extensions ['ros']
[0.522s] Level 1:colcon.colcon_core.package_identification:_identify(src/unitree_ros2/example/src) by extension 'ros'
[0.524s] DEBUG:colcon.colcon_core.package_identification:Package 'src/unitree_ros2/example/src' with type 'ros.ament_cmake' and name 'unitree_ros2_example'
[0.524s] Level 1:colcon.colcon_core.package_identification:_identify(src/unitree_ros2_to_real) by extensions ['ignore', 'ignore_ament_install']
[0.524s] Level 1:colcon.colcon_core.package_identification:_identify(src/unitree_ros2_to_real) by extension 'ignore'
[0.524s] Level 1:colcon.colcon_core.package_identification:_identify(src/unitree_ros2_to_real) by extension 'ignore_ament_install'
[0.524s] Level 1:colcon.colcon_core.package_identification:_identify(src/unitree_ros2_to_real) by extensions ['colcon_pkg']
[0.524s] Level 1:colcon.colcon_core.package_identification:_identify(src/unitree_ros2_to_real) by extension 'colcon_pkg'
[0.524s] Level 1:colcon.colcon_core.package_identification:_identify(src/unitree_ros2_to_real) by extensions ['colcon_meta']
[0.524s] Level 1:colcon.colcon_core.package_identification:_identify(src/unitree_ros2_to_real) by extension 'colcon_meta'
[0.524s] Level 1:colcon.colcon_core.package_identification:_identify(src/unitree_ros2_to_real) by extensions ['ros']
[0.524s] Level 1:colcon.colcon_core.package_identification:_identify(src/unitree_ros2_to_real) by extension 'ros'
[0.526s] DEBUG:colcon.colcon_core.package_identification:Package 'src/unitree_ros2_to_real' with type 'ros.ament_cmake' and name 'unitree_legged_real'
[0.526s] Level 1:colcon.colcon_core.package_discovery:discover_packages(recursive) using defaults
[0.526s] Level 1:colcon.colcon_core.package_discovery:discover_packages(ignore) discover
[0.526s] Level 1:colcon.colcon_core.package_discovery:discover_packages(ignore) using defaults
[0.526s] Level 1:colcon.colcon_core.package_discovery:discover_packages(path) discover
[0.526s] Level 1:colcon.colcon_core.package_discovery:discover_packages(path) using defaults
[0.553s] INFO:colcon.colcon_metadata.metadata.colcon_pkg:Updating descriptor of package 'src/unitree_ros2/cyclonedds_ws/src/cyclonedds' from colcon.pkg: {'cmake-args': ['-DBUILD_IDLC=AUTO']}
[0.556s] INFO:colcon.colcon_core.package_selection:Skipping package 'unitree_mujoco' in 'src/unitree_mujoco/simulate'
[0.557s] Level 5:colcon.colcon_core.verb:set package 'cyclonedds' build argument 'cmake_args' from command line to 'None'
[0.557s] Level 5:colcon.colcon_core.verb:overwrite package 'cyclonedds' build argument 'cmake_args' from package metadata with '['-DBUILD_IDLC=AUTO']' (before: 'None')
[0.557s] Level 5:colcon.colcon_core.verb:set package 'cyclonedds' build argument 'cmake_target' from command line to 'None'
[0.557s] Level 5:colcon.colcon_core.verb:set package 'cyclonedds' build argument 'cmake_target_skip_unavailable' from command line to 'False'
[0.557s] Level 5:colcon.colcon_core.verb:set package 'cyclonedds' build argument 'cmake_clean_cache' from command line to 'False'
[0.557s] Level 5:colcon.colcon_core.verb:set package 'cyclonedds' build argument 'cmake_clean_first' from command line to 'False'
[0.557s] Level 5:colcon.colcon_core.verb:set package 'cyclonedds' build argument 'cmake_force_configure' from command line to 'False'
[0.557s] Level 5:colcon.colcon_core.verb:set package 'cyclonedds' build argument 'ament_cmake_args' from command line to 'None'
[0.557s] Level 5:colcon.colcon_core.verb:set package 'cyclonedds' build argument 'catkin_cmake_args' from command line to 'None'
[0.557s] Level 5:colcon.colcon_core.verb:set package 'cyclonedds' build argument 'catkin_skip_building_tests' from command line to 'False'
[0.557s] DEBUG:colcon.colcon_core.verb:Building package 'cyclonedds' with the following arguments: {'ament_cmake_args': None, 'build_base': '/ws/build/cyclonedds', 'catkin_cmake_args': None, 'catkin_skip_building_tests': False, 'cmake_args': ['-DBUILD_IDLC=AUTO'], 'cmake_clean_cache': False, 'cmake_clean_first': False, 'cmake_force_configure': False, 'cmake_target': None, 'cmake_target_skip_unavailable': False, 'install_base': '/ws/install/cyclonedds', 'merge_install': False, 'path': '/ws/src/unitree_ros2/cyclonedds_ws/src/cyclonedds', 'symlink_install': False, 'test_result_base': None}
[0.558s] Level 5:colcon.colcon_core.verb:set package 'ros2_unitree_legged_msgs' build argument 'cmake_args' from command line to 'None'
[0.558s] Level 5:colcon.colcon_core.verb:set package 'ros2_unitree_legged_msgs' build argument 'cmake_target' from command line to 'None'
[0.558s] Level 5:colcon.colcon_core.verb:set package 'ros2_unitree_legged_msgs' build argument 'cmake_target_skip_unavailable' from command line to 'False'
[0.558s] Level 5:colcon.colcon_core.verb:set package 'ros2_unitree_legged_msgs' build argument 'cmake_clean_cache' from command line to 'False'
[0.558s] Level 5:colcon.colcon_core.verb:set package 'ros2_unitree_legged_msgs' build argument 'cmake_clean_first' from command line to 'False'
[0.558s] Level 5:colcon.colcon_core.verb:set package 'ros2_unitree_legged_msgs' build argument 'cmake_force_configure' from command line to 'False'
[0.558s] Level 5:colcon.colcon_core.verb:set package 'ros2_unitree_legged_msgs' build argument 'ament_cmake_args' from command line to 'None'
[0.558s] Level 5:colcon.colcon_core.verb:set package 'ros2_unitree_legged_msgs' build argument 'catkin_cmake_args' from command line to 'None'
[0.558s] Level 5:colcon.colcon_core.verb:set package 'ros2_unitree_legged_msgs' build argument 'catkin_skip_building_tests' from command line to 'False'
[0.558s] DEBUG:colcon.colcon_core.verb:Building package 'ros2_unitree_legged_msgs' with the following arguments: {'ament_cmake_args': None, 'build_base': '/ws/build/ros2_unitree_legged_msgs', 'catkin_cmake_args': None, 'catkin_skip_building_tests': False, 'cmake_args': None, 'cmake_clean_cache': False, 'cmake_clean_first': False, 'cmake_force_configure': False, 'cmake_target': None, 'cmake_target_skip_unavailable': False, 'install_base': '/ws/install/ros2_unitree_legged_msgs', 'merge_install': False, 'path': '/ws/src/ros2_unitree_legged_msgs', 'symlink_install': False, 'test_result_base': None}
[0.558s] Level 5:colcon.colcon_core.verb:set package 'unitree_api' build argument 'cmake_args' from command line to 'None'
[0.558s] Level 5:colcon.colcon_core.verb:set package 'unitree_api' build argument 'cmake_target' from command line to 'None'
[0.558s] Level 5:colcon.colcon_core.verb:set package 'unitree_api' build argument 'cmake_target_skip_unavailable' from command line to 'False'
[0.558s] Level 5:colcon.colcon_core.verb:set package 'unitree_api' build argument 'cmake_clean_cache' from command line to 'False'
[0.559s] Level 5:colcon.colcon_core.verb:set package 'unitree_api' build argument 'cmake_clean_first' from command line to 'False'
[0.559s] Level 5:colcon.colcon_core.verb:set package 'unitree_api' build argument 'cmake_force_configure' from command line to 'False'
[0.559s] Level 5:colcon.colcon_core.verb:set package 'unitree_api' build argument 'ament_cmake_args' from command line to 'None'
[0.559s] Level 5:colcon.colcon_core.verb:set package 'unitree_api' build argument 'catkin_cmake_args' from command line to 'None'
[0.559s] Level 5:colcon.colcon_core.verb:set package 'unitree_api' build argument 'catkin_skip_building_tests' from command line to 'False'
[0.559s] DEBUG:colcon.colcon_core.verb:Building package 'unitree_api' with the following arguments: {'ament_cmake_args': None, 'build_base': '/ws/build/unitree_api', 'catkin_cmake_args': None, 'catkin_skip_building_tests': False, 'cmake_args': None, 'cmake_clean_cache': False, 'cmake_clean_first': False, 'cmake_force_configure': False, 'cmake_target': None, 'cmake_target_skip_unavailable': False, 'install_base': '/ws/install/unitree_api', 'merge_install': False, 'path': '/ws/src/unitree_ros2/cyclonedds_ws/src/unitree/unitree_api', 'symlink_install': False, 'test_result_base': None}
[0.559s] Level 5:colcon.colcon_core.verb:set package 'unitree_go' build argument 'cmake_args' from command line to 'None'
[0.559s] Level 5:colcon.colcon_core.verb:set package 'unitree_go' build argument 'cmake_target' from command line to 'None'
[0.559s] Level 5:colcon.colcon_core.verb:set package 'unitree_go' build argument 'cmake_target_skip_unavailable' from command line to 'False'
[0.559s] Level 5:colcon.colcon_core.verb:set package 'unitree_go' build argument 'cmake_clean_cache' from command line to 'False'
[0.559s] Level 5:colcon.colcon_core.verb:set package 'unitree_go' build argument 'cmake_clean_first' from command line to 'False'
[0.559s] Level 5:colcon.colcon_core.verb:set package 'unitree_go' build argument 'cmake_force_configure' from command line to 'False'
[0.559s] Level 5:colcon.colcon_core.verb:set package 'unitree_go' build argument 'ament_cmake_args' from command line to 'None'
[0.559s] Level 5:colcon.colcon_core.verb:set package 'unitree_go' build argument 'catkin_cmake_args' from command line to 'None'
[0.559s] Level 5:colcon.colcon_core.verb:set package 'unitree_go' build argument 'catkin_skip_building_tests' from command line to 'False'
[0.559s] DEBUG:colcon.colcon_core.verb:Building package 'unitree_go' with the following arguments: {'ament_cmake_args': None, 'build_base': '/ws/build/unitree_go', 'catkin_cmake_args': None, 'catkin_skip_building_tests': False, 'cmake_args': None, 'cmake_clean_cache': False, 'cmake_clean_first': False, 'cmake_force_configure': False, 'cmake_target': None, 'cmake_target_skip_unavailable': False, 'install_base': '/ws/install/unitree_go', 'merge_install': False, 'path': '/ws/src/unitree_ros2/cyclonedds_ws/src/unitree/unitree_go', 'symlink_install': False, 'test_result_base': None}
[0.560s] Level 5:colcon.colcon_core.verb:set package 'unitree_hg' build argument 'cmake_args' from command line to 'None'
[0.560s] Level 5:colcon.colcon_core.verb:set package 'unitree_hg' build argument 'cmake_target' from command line to 'None'
[0.560s] Level 5:colcon.colcon_core.verb:set package 'unitree_hg' build argument 'cmake_target_skip_unavailable' from command line to 'False'
[0.560s] Level 5:colcon.colcon_core.verb:set package 'unitree_hg' build argument 'cmake_clean_cache' from command line to 'False'
[0.560s] Level 5:colcon.colcon_core.verb:set package 'unitree_hg' build argument 'cmake_clean_first' from command line to 'False'
[0.560s] Level 5:colcon.colcon_core.verb:set package 'unitree_hg' build argument 'cmake_force_configure' from command line to 'False'
[0.560s] Level 5:colcon.colcon_core.verb:set package 'unitree_hg' build argument 'ament_cmake_args' from command line to 'None'
[0.560s] Level 5:colcon.colcon_core.verb:set package 'unitree_hg' build argument 'catkin_cmake_args' from command line to 'None'
[0.560s] Level 5:colcon.colcon_core.verb:set package 'unitree_hg' build argument 'catkin_skip_building_tests' from command line to 'False'
[0.560s] DEBUG:colcon.colcon_core.verb:Building package 'unitree_hg' with the following arguments: {'ament_cmake_args': None, 'build_base': '/ws/build/unitree_hg', 'catkin_cmake_args': None, 'catkin_skip_building_tests': False, 'cmake_args': None, 'cmake_clean_cache': False, 'cmake_clean_first': False, 'cmake_force_configure': False, 'cmake_target': None, 'cmake_target_skip_unavailable': False, 'install_base': '/ws/install/unitree_hg', 'merge_install': False, 'path': '/ws/src/unitree_ros2/cyclonedds_ws/src/unitree/unitree_hg', 'symlink_install': False, 'test_result_base': None}
[0.560s] Level 5:colcon.colcon_core.verb:set package 'rmw_cyclonedds_cpp' build argument 'cmake_args' from command line to 'None'
[0.560s] Level 5:colcon.colcon_core.verb:set package 'rmw_cyclonedds_cpp' build argument 'cmake_target' from command line to 'None'
[0.560s] Level 5:colcon.colcon_core.verb:set package 'rmw_cyclonedds_cpp' build argument 'cmake_target_skip_unavailable' from command line to 'False'
[0.560s] Level 5:colcon.colcon_core.verb:set package 'rmw_cyclonedds_cpp' build argument 'cmake_clean_cache' from command line to 'False'
[0.560s] Level 5:colcon.colcon_core.verb:set package 'rmw_cyclonedds_cpp' build argument 'cmake_clean_first' from command line to 'False'
[0.560s] Level 5:colcon.colcon_core.verb:set package 'rmw_cyclonedds_cpp' build argument 'cmake_force_configure' from command line to 'False'
[0.560s] Level 5:colcon.colcon_core.verb:set package 'rmw_cyclonedds_cpp' build argument 'ament_cmake_args' from command line to 'None'
[0.560s] Level 5:colcon.colcon_core.verb:set package 'rmw_cyclonedds_cpp' build argument 'catkin_cmake_args' from command line to 'None'
[0.561s] Level 5:colcon.colcon_core.verb:set package 'rmw_cyclonedds_cpp' build argument 'catkin_skip_building_tests' from command line to 'False'
[0.561s] DEBUG:colcon.colcon_core.verb:Building package 'rmw_cyclonedds_cpp' with the following arguments: {'ament_cmake_args': None, 'build_base': '/ws/build/rmw_cyclonedds_cpp', 'catkin_cmake_args': None, 'catkin_skip_building_tests': False, 'cmake_args': None, 'cmake_clean_cache': False, 'cmake_clean_first': False, 'cmake_force_configure': False, 'cmake_target': None, 'cmake_target_skip_unavailable': False, 'install_base': '/ws/install/rmw_cyclonedds_cpp', 'merge_install': False, 'path': '/ws/src/unitree_ros2/cyclonedds_ws/src/rmw_cyclonedds/rmw_cyclonedds_cpp', 'symlink_install': False, 'test_result_base': None}
[0.561s] Level 5:colcon.colcon_core.verb:set package 'stand_go2' build argument 'cmake_args' from command line to 'None'
[0.561s] Level 5:colcon.colcon_core.verb:set package 'stand_go2' build argument 'cmake_target' from command line to 'None'
[0.561s] Level 5:colcon.colcon_core.verb:set package 'stand_go2' build argument 'cmake_target_skip_unavailable' from command line to 'False'
[0.561s] Level 5:colcon.colcon_core.verb:set package 'stand_go2' build argument 'cmake_clean_cache' from command line to 'False'
[0.561s] Level 5:colcon.colcon_core.verb:set package 'stand_go2' build argument 'cmake_clean_first' from command line to 'False'
[0.561s] Level 5:colcon.colcon_core.verb:set package 'stand_go2' build argument 'cmake_force_configure' from command line to 'False'
[0.561s] Level 5:colcon.colcon_core.verb:set package 'stand_go2' build argument 'ament_cmake_args' from command line to 'None'
[0.561s] Level 5:colcon.colcon_core.verb:set package 'stand_go2' build argument 'catkin_cmake_args' from command line to 'None'
[0.561s] Level 5:colcon.colcon_core.verb:set package 'stand_go2' build argument 'catkin_skip_building_tests' from command line to 'False'
[0.561s] DEBUG:colcon.colcon_core.verb:Building package 'stand_go2' with the following arguments: {'ament_cmake_args': None, 'build_base': '/ws/build/stand_go2', 'catkin_cmake_args': None, 'catkin_skip_building_tests': False, 'cmake_args': None, 'cmake_clean_cache': False, 'cmake_clean_first': False, 'cmake_force_configure': False, 'cmake_target': None, 'cmake_target_skip_unavailable': False, 'install_base': '/ws/install/stand_go2', 'merge_install': False, 'path': '/ws/src/unitree_mujoco/example/ros2', 'symlink_install': False, 'test_result_base': None}
[0.562s] Level 5:colcon.colcon_core.verb:set package 'unitree_rl_controller' build argument 'cmake_args' from command line to 'None'
[0.562s] Level 5:colcon.colcon_core.verb:set package 'unitree_rl_controller' build argument 'cmake_target' from command line to 'None'
[0.562s] Level 5:colcon.colcon_core.verb:set package 'unitree_rl_controller' build argument 'cmake_target_skip_unavailable' from command line to 'False'
[0.562s] Level 5:colcon.colcon_core.verb:set package 'unitree_rl_controller' build argument 'cmake_clean_cache' from command line to 'False'
[0.562s] Level 5:colcon.colcon_core.verb:set package 'unitree_rl_controller' build argument 'cmake_clean_first' from command line to 'False'
[0.562s] Level 5:colcon.colcon_core.verb:set package 'unitree_rl_controller' build argument 'cmake_force_configure' from command line to 'False'
[0.562s] Level 5:colcon.colcon_core.verb:set package 'unitree_rl_controller' build argument 'ament_cmake_args' from command line to 'None'
[0.562s] Level 5:colcon.colcon_core.verb:set package 'unitree_rl_controller' build argument 'catkin_cmake_args' from command line to 'None'
[0.562s] Level 5:colcon.colcon_core.verb:set package 'unitree_rl_controller' build argument 'catkin_skip_building_tests' from command line to 'False'
[0.562s] DEBUG:colcon.colcon_core.verb:Building package 'unitree_rl_controller' with the following arguments: {'ament_cmake_args': None, 'build_base': '/ws/build/unitree_rl_controller', 'catkin_cmake_args': None, 'catkin_skip_building_tests': False, 'cmake_args': None, 'cmake_clean_cache': False, 'cmake_clean_first': False, 'cmake_force_configure': False, 'cmake_target': None, 'cmake_target_skip_unavailable': False, 'install_base': '/ws/install/unitree_rl_controller', 'merge_install': False, 'path': '/ws/src/unitree_rl_controller-ros2', 'symlink_install': False, 'test_result_base': None}
[0.562s] Level 5:colcon.colcon_core.verb:set package 'unitree_ros2_example' build argument 'cmake_args' from command line to 'None'
[0.562s] Level 5:colcon.colcon_core.verb:set package 'unitree_ros2_example' build argument 'cmake_target' from command line to 'None'
[0.562s] Level 5:colcon.colcon_core.verb:set package 'unitree_ros2_example' build argument 'cmake_target_skip_unavailable' from command line to 'False'
[0.562s] Level 5:colcon.colcon_core.verb:set package 'unitree_ros2_example' build argument 'cmake_clean_cache' from command line to 'False'
[0.562s] Level 5:colcon.colcon_core.verb:set package 'unitree_ros2_example' build argument 'cmake_clean_first' from command line to 'False'
[0.562s] Level 5:colcon.colcon_core.verb:set package 'unitree_ros2_example' build argument 'cmake_force_configure' from command line to 'False'
[0.562s] Level 5:colcon.colcon_core.verb:set package 'unitree_ros2_example' build argument 'ament_cmake_args' from command line to 'None'
[0.562s] Level 5:colcon.colcon_core.verb:set package 'unitree_ros2_example' build argument 'catkin_cmake_args' from command line to 'None'
[0.562s] Level 5:colcon.colcon_core.verb:set package 'unitree_ros2_example' build argument 'catkin_skip_building_tests' from command line to 'False'
[0.562s] DEBUG:colcon.colcon_core.verb:Building package 'unitree_ros2_example' with the following arguments: {'ament_cmake_args': None, 'build_base': '/ws/build/unitree_ros2_example', 'catkin_cmake_args': None, 'catkin_skip_building_tests': False, 'cmake_args': None, 'cmake_clean_cache': False, 'cmake_clean_first': False, 'cmake_force_configure': False, 'cmake_target': None, 'cmake_target_skip_unavailable': False, 'install_base': '/ws/install/unitree_ros2_example', 'merge_install': False, 'path': '/ws/src/unitree_ros2/example/src', 'symlink_install': False, 'test_result_base': None}
[0.563s] Level 5:colcon.colcon_core.verb:set package 'unitree_legged_real' build argument 'cmake_args' from command line to 'None'
[0.563s] Level 5:colcon.colcon_core.verb:set package 'unitree_legged_real' build argument 'cmake_target' from command line to 'None'
[0.563s] Level 5:colcon.colcon_core.verb:set package 'unitree_legged_real' build argument 'cmake_target_skip_unavailable' from command line to 'False'
[0.563s] Level 5:colcon.colcon_core.verb:set package 'unitree_legged_real' build argument 'cmake_clean_cache' from command line to 'False'
[0.563s] Level 5:colcon.colcon_core.verb:set package 'unitree_legged_real' build argument 'cmake_clean_first' from command line to 'False'
[0.563s] Level 5:colcon.colcon_core.verb:set package 'unitree_legged_real' build argument 'cmake_force_configure' from command line to 'False'
[0.563s] Level 5:colcon.colcon_core.verb:set package 'unitree_legged_real' build argument 'ament_cmake_args' from command line to 'None'
[0.563s] Level 5:colcon.colcon_core.verb:set package 'unitree_legged_real' build argument 'catkin_cmake_args' from command line to 'None'
[0.563s] Level 5:colcon.colcon_core.verb:set package 'unitree_legged_real' build argument 'catkin_skip_building_tests' from command line to 'False'
[0.563s] DEBUG:colcon.colcon_core.verb:Building package 'unitree_legged_real' with the following arguments: {'ament_cmake_args': None, 'build_base': '/ws/build/unitree_legged_real', 'catkin_cmake_args': None, 'catkin_skip_building_tests': False, 'cmake_args': None, 'cmake_clean_cache': False, 'cmake_clean_first': False, 'cmake_force_configure': False, 'cmake_target': None, 'cmake_target_skip_unavailable': False, 'install_base': '/ws/install/unitree_legged_real', 'merge_install': False, 'path': '/ws/src/unitree_ros2_to_real', 'symlink_install': False, 'test_result_base': None}
[0.563s] INFO:colcon.colcon_core.executor:Executing jobs using 'parallel' executor
[0.565s] DEBUG:colcon.colcon_parallel_executor.executor.parallel:run_until_complete
[0.565s] INFO:colcon.colcon_ros.task.ament_cmake.build:Building ROS package in '/ws/src/unitree_ros2/cyclonedds_ws/src/unitree/unitree_api' with build type 'ament_cmake'
[0.566s] INFO:colcon.colcon_cmake.task.cmake.build:Building CMake package in '/ws/src/unitree_ros2/cyclonedds_ws/src/unitree/unitree_api'
[0.574s] INFO:colcon.colcon_core.plugin_system:Skipping extension 'colcon_core.shell.bat': Not used on non-Windows systems
[0.574s] INFO:colcon.colcon_core.shell:Skip shell extension 'powershell' for command environment: Not usable outside of PowerShell
[0.574s] DEBUG:colcon.colcon_core.shell:Skip shell extension 'dsv' for command environment
[0.584s] INFO:colcon.colcon_ros.task.ament_cmake.build:Building ROS package in '/ws/src/unitree_ros2/cyclonedds_ws/src/unitree/unitree_go' with build type 'ament_cmake'
[0.584s] INFO:colcon.colcon_cmake.task.cmake.build:Building CMake package in '/ws/src/unitree_ros2/cyclonedds_ws/src/unitree/unitree_go'
[0.585s] INFO:colcon.colcon_core.shell:Skip shell extension 'powershell' for command environment: Not usable outside of PowerShell
[0.586s] DEBUG:colcon.colcon_core.shell:Skip shell extension 'dsv' for command environment
[0.593s] INFO:colcon.colcon_ros.task.ament_cmake.build:Building ROS package in '/ws/src/ros2_unitree_legged_msgs' with build type 'ament_cmake'
[0.594s] INFO:colcon.colcon_cmake.task.cmake.build:Building CMake package in '/ws/src/ros2_unitree_legged_msgs'
[0.595s] INFO:colcon.colcon_core.shell:Skip shell extension 'powershell' for command environment: Not usable outside of PowerShell
[0.597s] DEBUG:colcon.colcon_core.shell:Skip shell extension 'dsv' for command environment
[0.603s] INFO:colcon.colcon_ros.task.cmake.build:Building ROS package in '/ws/src/unitree_ros2/cyclonedds_ws/src/cyclonedds' with build type 'cmake'
[0.603s] INFO:colcon.colcon_cmake.task.cmake.build:Building CMake package in '/ws/src/unitree_ros2/cyclonedds_ws/src/cyclonedds'
[0.604s] INFO:colcon.colcon_core.shell:Skip shell extension 'powershell' for command environment: Not usable outside of PowerShell
[0.604s] DEBUG:colcon.colcon_core.shell:Skip shell extension 'dsv' for command environment
[0.619s] DEBUG:colcon.colcon_core.event_handler.log_command:Invoking command in '/ws/build/unitree_api': CMAKE_PREFIX_PATH=${CMAKE_PREFIX_PATH}:/opt/ros/humble /usr/bin/cmake --build /ws/build/unitree_api -- -j4 -l4
[0.628s] DEBUG:colcon.colcon_core.event_handler.log_command:Invoking command in '/ws/build/unitree_go': CMAKE_PREFIX_PATH=${CMAKE_PREFIX_PATH}:/opt/ros/humble /usr/bin/cmake --build /ws/build/unitree_go -- -j4 -l4
[0.638s] DEBUG:colcon.colcon_core.event_handler.log_command:Invoking command in '/ws/build/ros2_unitree_legged_msgs': CMAKE_PREFIX_PATH=${CMAKE_PREFIX_PATH}:/opt/ros/humble /usr/bin/cmake --build /ws/build/ros2_unitree_legged_msgs -- -j4 -l4
[0.658s] DEBUG:colcon.colcon_core.event_handler.log_command:Invoking command in '/ws/build/cyclonedds': CMAKE_PREFIX_PATH=${CMAKE_PREFIX_PATH}:/opt/ros/humble /usr/bin/cmake --build /ws/build/cyclonedds -- -j4 -l4
[2.559s] DEBUG:colcon.colcon_core.event_handler.log_command:Invoked command in '/ws/build/unitree_api' returned '0': CMAKE_PREFIX_PATH=${CMAKE_PREFIX_PATH}:/opt/ros/humble /usr/bin/cmake --build /ws/build/unitree_api -- -j4 -l4
[2.583s] DEBUG:colcon.colcon_core.event_handler.log_command:Invoking command in '/ws/build/unitree_api': CMAKE_PREFIX_PATH=${CMAKE_PREFIX_PATH}:/opt/ros/humble /usr/bin/cmake --install /ws/build/unitree_api
[2.595s] DEBUG:colcon.colcon_core.event_handler.log_command:Invoked command in '/ws/build/unitree_go' returned '0': CMAKE_PREFIX_PATH=${CMAKE_PREFIX_PATH}:/opt/ros/humble /usr/bin/cmake --build /ws/build/unitree_go -- -j4 -l4
[2.602s] DEBUG:colcon.colcon_core.event_handler.log_command:Invoking command in '/ws/build/unitree_go': CMAKE_PREFIX_PATH=${CMAKE_PREFIX_PATH}:/opt/ros/humble /usr/bin/cmake --install /ws/build/unitree_go
[2.745s] Level 1:colcon.colcon_core.shell:create_environment_hook('cyclonedds', 'pkg_config_path')
[2.746s] INFO:colcon.colcon_core.shell:Creating environment hook '/ws/install/cyclonedds/share/cyclonedds/hook/pkg_config_path.ps1'
[2.751s] INFO:colcon.colcon_core.shell:Creating environment descriptor '/ws/install/cyclonedds/share/cyclonedds/hook/pkg_config_path.dsv'
[2.755s] DEBUG:colcon.colcon_core.event_handler.log_command:Invoked command in '/ws/build/cyclonedds' returned '0': CMAKE_PREFIX_PATH=${CMAKE_PREFIX_PATH}:/opt/ros/humble /usr/bin/cmake --build /ws/build/cyclonedds -- -j4 -l4
[2.756s] INFO:colcon.colcon_core.shell:Creating environment hook '/ws/install/cyclonedds/share/cyclonedds/hook/pkg_config_path.sh'
[2.765s] DEBUG:colcon.colcon_core.event_handler.log_command:Invoking command in '/ws/build/cyclonedds': CMAKE_PREFIX_PATH=${CMAKE_PREFIX_PATH}:/opt/ros/humble /usr/bin/cmake --install /ws/build/cyclonedds
[2.767s] Level 1:colcon.colcon_core.shell:create_environment_hook('cyclonedds', 'pkg_config_path_multiarch')
[2.768s] INFO:colcon.colcon_core.shell:Creating environment hook '/ws/install/cyclonedds/share/cyclonedds/hook/pkg_config_path_multiarch.ps1'
[2.772s] INFO:colcon.colcon_core.shell:Creating environment descriptor '/ws/install/cyclonedds/share/cyclonedds/hook/pkg_config_path_multiarch.dsv'
[2.777s] INFO:colcon.colcon_core.shell:Creating environment hook '/ws/install/cyclonedds/share/cyclonedds/hook/pkg_config_path_multiarch.sh'
[2.778s] Level 1:colcon.colcon_core.environment:create_environment_scripts_only(cyclonedds)
[2.789s] DEBUG:colcon.colcon_core.event_handler.log_command:Invoked command in '/ws/build/ros2_unitree_legged_msgs' returned '0': CMAKE_PREFIX_PATH=${CMAKE_PREFIX_PATH}:/opt/ros/humble /usr/bin/cmake --build /ws/build/ros2_unitree_legged_msgs -- -j4 -l4
[2.794s] Level 1:colcon.colcon_core.environment:checking '/ws/install/cyclonedds' for CMake module files
[2.799s] Level 1:colcon.colcon_core.environment:checking '/ws/install/cyclonedds' for CMake config files
[2.799s] Level 1:colcon.colcon_core.shell:create_environment_hook('cyclonedds', 'cmake_prefix_path')
[2.800s] INFO:colcon.colcon_core.shell:Creating environment hook '/ws/install/cyclonedds/share/cyclonedds/hook/cmake_prefix_path.ps1'
[2.801s] INFO:colcon.colcon_core.shell:Creating environment descriptor '/ws/install/cyclonedds/share/cyclonedds/hook/cmake_prefix_path.dsv'
[2.803s] DEBUG:colcon.colcon_core.event_handler.log_command:Invoking command in '/ws/build/ros2_unitree_legged_msgs': CMAKE_PREFIX_PATH=${CMAKE_PREFIX_PATH}:/opt/ros/humble /usr/bin/cmake --install /ws/build/ros2_unitree_legged_msgs
[2.804s] INFO:colcon.colcon_core.shell:Creating environment hook '/ws/install/cyclonedds/share/cyclonedds/hook/cmake_prefix_path.sh'
[2.808s] Level 1:colcon.colcon_core.environment:checking '/ws/install/cyclonedds/lib'
[2.811s] Level 1:colcon.colcon_core.shell:create_environment_hook('cyclonedds', 'ld_library_path_lib')
[2.812s] INFO:colcon.colcon_core.shell:Creating environment hook '/ws/install/cyclonedds/share/cyclonedds/hook/ld_library_path_lib.ps1'
[2.813s] INFO:colcon.colcon_core.shell:Creating environment descriptor '/ws/install/cyclonedds/share/cyclonedds/hook/ld_library_path_lib.dsv'
[2.813s] INFO:colcon.colcon_core.shell:Creating environment hook '/ws/install/cyclonedds/share/cyclonedds/hook/ld_library_path_lib.sh'
[2.816s] Level 1:colcon.colcon_core.environment:checking '/ws/install/cyclonedds/bin'
[2.820s] Level 1:colcon.colcon_core.shell:create_environment_hook('cyclonedds', 'path')
[2.821s] INFO:colcon.colcon_core.shell:Creating environment hook '/ws/install/cyclonedds/share/cyclonedds/hook/path.ps1'
[2.829s] INFO:colcon.colcon_core.shell:Creating environment descriptor '/ws/install/cyclonedds/share/cyclonedds/hook/path.dsv'
[2.831s] INFO:colcon.colcon_core.shell:Creating environment hook '/ws/install/cyclonedds/share/cyclonedds/hook/path.sh'
[2.842s] Level 1:colcon.colcon_core.environment:checking '/ws/install/cyclonedds/lib/pkgconfig/cyclonedds.pc'
[2.850s] Level 1:colcon.colcon_core.environment:checking '/ws/install/cyclonedds/lib/python3.10/site-packages'
[2.852s] Level 1:colcon.colcon_core.environment:checking '/ws/install/cyclonedds/bin'
[2.852s] Level 1:colcon.colcon_core.shell:create_environment_hook('cyclonedds', 'pythonscriptspath')
[2.853s] INFO:colcon.colcon_core.shell:Creating environment hook '/ws/install/cyclonedds/share/cyclonedds/hook/pythonscriptspath.ps1'
[2.855s] INFO:colcon.colcon_core.shell:Creating environment descriptor '/ws/install/cyclonedds/share/cyclonedds/hook/pythonscriptspath.dsv'
[2.857s] INFO:colcon.colcon_core.shell:Creating environment hook '/ws/install/cyclonedds/share/cyclonedds/hook/pythonscriptspath.sh'
[2.860s] INFO:colcon.colcon_core.shell:Creating package script '/ws/install/cyclonedds/share/cyclonedds/package.ps1'
[2.863s] INFO:colcon.colcon_core.shell:Creating package descriptor '/ws/install/cyclonedds/share/cyclonedds/package.dsv'
[2.867s] INFO:colcon.colcon_core.shell:Creating package script '/ws/install/cyclonedds/share/cyclonedds/package.sh'
[2.869s] INFO:colcon.colcon_core.shell:Creating package script '/ws/install/cyclonedds/share/cyclonedds/package.bash'
[2.872s] INFO:colcon.colcon_core.shell:Creating package script '/ws/install/cyclonedds/share/cyclonedds/package.zsh'
[2.874s] Level 1:colcon.colcon_core.environment:create_file_with_runtime_dependencies(/ws/install/cyclonedds/share/colcon-core/packages/cyclonedds)
[2.880s] INFO:colcon.colcon_ros.task.ament_cmake.build:Building ROS package in '/ws/src/unitree_ros2/cyclonedds_ws/src/unitree/unitree_hg' with build type 'ament_cmake'
[2.881s] INFO:colcon.colcon_cmake.task.cmake.build:Building CMake package in '/ws/src/unitree_ros2/cyclonedds_ws/src/unitree/unitree_hg'
[2.881s] INFO:colcon.colcon_core.shell:Skip shell extension 'powershell' for command environment: Not usable outside of PowerShell
[2.882s] DEBUG:colcon.colcon_core.shell:Skip shell extension 'dsv' for command environment
[2.916s] Level 1:colcon.colcon_core.environment:create_environment_scripts_only(unitree_api)
[2.920s] Level 1:colcon.colcon_core.environment:checking '/ws/install/unitree_api' for CMake module files
[2.922s] Level 1:colcon.colcon_core.environment:checking '/ws/install/unitree_api' for CMake config files
[2.933s] Level 1:colcon.colcon_core.shell:create_environment_hook('unitree_api', 'cmake_prefix_path')
[2.935s] INFO:colcon.colcon_core.shell:Creating environment hook '/ws/install/unitree_api/share/unitree_api/hook/cmake_prefix_path.ps1'
[2.938s] INFO:colcon.colcon_core.shell:Creating environment descriptor '/ws/install/unitree_api/share/unitree_api/hook/cmake_prefix_path.dsv'
[2.940s] INFO:colcon.colcon_core.shell:Creating environment hook '/ws/install/unitree_api/share/unitree_api/hook/cmake_prefix_path.sh'
[2.943s] Level 1:colcon.colcon_core.environment:checking '/ws/install/unitree_api/lib'
[2.943s] Level 1:colcon.colcon_core.shell:create_environment_hook('unitree_api', 'ld_library_path_lib')
[2.944s] INFO:colcon.colcon_core.shell:Creating environment hook '/ws/install/unitree_api/share/unitree_api/hook/ld_library_path_lib.ps1'
[2.945s] INFO:colcon.colcon_core.shell:Creating environment descriptor '/ws/install/unitree_api/share/unitree_api/hook/ld_library_path_lib.dsv'
[2.947s] INFO:colcon.colcon_core.shell:Creating environment hook '/ws/install/unitree_api/share/unitree_api/hook/ld_library_path_lib.sh'
[2.949s] Level 1:colcon.colcon_core.environment:checking '/ws/install/unitree_api/bin'
[2.950s] Level 1:colcon.colcon_core.environment:checking '/ws/install/unitree_api/lib/pkgconfig/unitree_api.pc'
[2.951s] Level 1:colcon.colcon_core.environment:checking '/ws/install/unitree_api/lib/python3.10/site-packages'
[2.951s] Level 1:colcon.colcon_core.environment:checking '/ws/install/unitree_api/bin'
[2.952s] INFO:colcon.colcon_core.shell:Creating package script '/ws/install/unitree_api/share/unitree_api/package.ps1'
[2.953s] INFO:colcon.colcon_core.shell:Creating package descriptor '/ws/install/unitree_api/share/unitree_api/package.dsv'
[2.955s] INFO:colcon.colcon_core.shell:Creating package script '/ws/install/unitree_api/share/unitree_api/package.sh'
[2.960s] INFO:colcon.colcon_core.shell:Creating package script '/ws/install/unitree_api/share/unitree_api/package.bash'
[2.962s] INFO:colcon.colcon_core.shell:Creating package script '/ws/install/unitree_api/share/unitree_api/package.zsh'
[2.963s] Level 1:colcon.colcon_core.environment:create_file_with_runtime_dependencies(/ws/install/unitree_api/share/colcon-core/packages/unitree_api)
[2.969s] Level 1:colcon.colcon_core.environment:create_environment_scripts_only(unitree_api)
[2.970s] Level 1:colcon.colcon_core.environment:checking '/ws/install/unitree_api' for CMake module files
[2.971s] DEBUG:colcon.colcon_core.event_handler.log_command:Invoked command in '/ws/build/cyclonedds' returned '0': CMAKE_PREFIX_PATH=${CMAKE_PREFIX_PATH}:/opt/ros/humble /usr/bin/cmake --install /ws/build/cyclonedds
[2.975s] Level 1:colcon.colcon_core.environment:checking '/ws/install/unitree_api' for CMake config files
[2.977s] Level 1:colcon.colcon_core.shell:create_environment_hook('unitree_api', 'cmake_prefix_path')
[2.978s] INFO:colcon.colcon_core.shell:Creating environment hook '/ws/install/unitree_api/share/unitree_api/hook/cmake_prefix_path.ps1'
[2.980s] INFO:colcon.colcon_core.shell:Creating environment descriptor '/ws/install/unitree_api/share/unitree_api/hook/cmake_prefix_path.dsv'
[2.982s] INFO:colcon.colcon_core.shell:Creating environment hook '/ws/install/unitree_api/share/unitree_api/hook/cmake_prefix_path.sh'
[2.985s] Level 1:colcon.colcon_core.environment:checking '/ws/install/unitree_api/lib'
[2.985s] Level 1:colcon.colcon_core.shell:create_environment_hook('unitree_api', 'ld_library_path_lib')
[2.986s] INFO:colcon.colcon_core.shell:Creating environment hook '/ws/install/unitree_api/share/unitree_api/hook/ld_library_path_lib.ps1'
[2.987s] INFO:colcon.colcon_core.shell:Creating environment descriptor '/ws/install/unitree_api/share/unitree_api/hook/ld_library_path_lib.dsv'
[2.988s] INFO:colcon.colcon_core.shell:Creating environment hook '/ws/install/unitree_api/share/unitree_api/hook/ld_library_path_lib.sh'
[2.989s] Level 1:colcon.colcon_core.environment:checking '/ws/install/unitree_api/bin'
[2.989s] Level 1:colcon.colcon_core.environment:checking '/ws/install/unitree_api/lib/pkgconfig/unitree_api.pc'
[2.990s] Level 1:colcon.colcon_core.environment:checking '/ws/install/unitree_api/lib/python3.10/site-packages'
[2.990s] Level 1:colcon.colcon_core.environment:checking '/ws/install/unitree_api/bin'
[2.991s] INFO:colcon.colcon_core.shell:Creating package script '/ws/install/unitree_api/share/unitree_api/package.ps1'
[2.992s] INFO:colcon.colcon_core.shell:Creating package descriptor '/ws/install/unitree_api/share/unitree_api/package.dsv'
[2.996s] INFO:colcon.colcon_core.shell:Creating package script '/ws/install/unitree_api/share/unitree_api/package.sh'
[2.997s] INFO:colcon.colcon_core.shell:Creating package script '/ws/install/unitree_api/share/unitree_api/package.bash'
[2.998s] INFO:colcon.colcon_core.shell:Creating package script '/ws/install/unitree_api/share/unitree_api/package.zsh'
[3.006s] Level 1:colcon.colcon_core.environment:create_file_with_runtime_dependencies(/ws/install/unitree_api/share/colcon-core/packages/unitree_api)
[3.012s] Level 1:colcon.colcon_core.environment:create_environment_scripts_only(unitree_go)
[3.013s] Level 1:colcon.colcon_core.environment:checking '/ws/install/unitree_go' for CMake module files
[3.014s] Level 1:colcon.colcon_core.environment:checking '/ws/install/unitree_go' for CMake config files
[3.015s] Level 1:colcon.colcon_core.shell:create_environment_hook('unitree_go', 'cmake_prefix_path')
[3.015s] INFO:colcon.colcon_core.shell:Creating environment hook '/ws/install/unitree_go/share/unitree_go/hook/cmake_prefix_path.ps1'
[3.025s] INFO:colcon.colcon_core.shell:Creating environment descriptor '/ws/install/unitree_go/share/unitree_go/hook/cmake_prefix_path.dsv'
[3.034s] INFO:colcon.colcon_core.shell:Creating environment hook '/ws/install/unitree_go/share/unitree_go/hook/cmake_prefix_path.sh'
[3.039s] Level 1:colcon.colcon_core.environment:checking '/ws/install/unitree_go/lib'
[3.039s] Level 1:colcon.colcon_core.shell:create_environment_hook('unitree_go', 'ld_library_path_lib')
[3.039s] INFO:colcon.colcon_core.shell:Creating environment hook '/ws/install/unitree_go/share/unitree_go/hook/ld_library_path_lib.ps1'
[3.040s] INFO:colcon.colcon_core.shell:Creating environment descriptor '/ws/install/unitree_go/share/unitree_go/hook/ld_library_path_lib.dsv'
[3.047s] INFO:colcon.colcon_core.shell:Creating environment hook '/ws/install/unitree_go/share/unitree_go/hook/ld_library_path_lib.sh'
[3.048s] Level 1:colcon.colcon_core.environment:checking '/ws/install/unitree_go/bin'
[3.048s] Level 1:colcon.colcon_core.environment:checking '/ws/install/unitree_go/lib/pkgconfig/unitree_go.pc'
[3.048s] Level 1:colcon.colcon_core.environment:checking '/ws/install/unitree_go/lib/python3.10/site-packages'
[3.049s] Level 1:colcon.colcon_core.environment:checking '/ws/install/unitree_go/bin'
[3.049s] INFO:colcon.colcon_core.shell:Creating package script '/ws/install/unitree_go/share/unitree_go/package.ps1'
[3.056s] INFO:colcon.colcon_core.shell:Creating package descriptor '/ws/install/unitree_go/share/unitree_go/package.dsv'
[3.057s] INFO:colcon.colcon_core.shell:Creating package script '/ws/install/unitree_go/share/unitree_go/package.sh'
[3.058s] INFO:colcon.colcon_core.shell:Creating package script '/ws/install/unitree_go/share/unitree_go/package.bash'
[3.068s] INFO:colcon.colcon_core.shell:Creating package script '/ws/install/unitree_go/share/unitree_go/package.zsh'
[3.069s] Level 1:colcon.colcon_core.environment:create_file_with_runtime_dependencies(/ws/install/unitree_go/share/colcon-core/packages/unitree_go)
[3.074s] Level 1:colcon.colcon_core.environment:create_environment_scripts_only(unitree_go)
[3.074s] Level 1:colcon.colcon_core.environment:checking '/ws/install/unitree_go' for CMake module files
[3.075s] Level 1:colcon.colcon_core.environment:checking '/ws/install/unitree_go' for CMake config files
[3.076s] Level 1:colcon.colcon_core.shell:create_environment_hook('unitree_go', 'cmake_prefix_path')
[3.076s] INFO:colcon.colcon_core.shell:Creating environment hook '/ws/install/unitree_go/share/unitree_go/hook/cmake_prefix_path.ps1'
[3.080s] INFO:colcon.colcon_core.shell:Creating environment descriptor '/ws/install/unitree_go/share/unitree_go/hook/cmake_prefix_path.dsv'
[3.082s] INFO:colcon.colcon_core.shell:Creating environment hook '/ws/install/unitree_go/share/unitree_go/hook/cmake_prefix_path.sh'
[3.089s] Level 1:colcon.colcon_core.environment:checking '/ws/install/unitree_go/lib'
[3.090s] Level 1:colcon.colcon_core.shell:create_environment_hook('unitree_go', 'ld_library_path_lib')
[3.090s] INFO:colcon.colcon_core.shell:Creating environment hook '/ws/install/unitree_go/share/unitree_go/hook/ld_library_path_lib.ps1'
[3.097s] INFO:colcon.colcon_core.shell:Creating environment descriptor '/ws/install/unitree_go/share/unitree_go/hook/ld_library_path_lib.dsv'
[3.099s] INFO:colcon.colcon_core.shell:Creating environment hook '/ws/install/unitree_go/share/unitree_go/hook/ld_library_path_lib.sh'
[3.099s] Level 1:colcon.colcon_core.environment:checking '/ws/install/unitree_go/bin'
[3.100s] Level 1:colcon.colcon_core.environment:checking '/ws/install/unitree_go/lib/pkgconfig/unitree_go.pc'
[3.100s] Level 1:colcon.colcon_core.environment:checking '/ws/install/unitree_go/lib/python3.10/site-packages'
[3.101s] Level 1:colcon.colcon_core.environment:checking '/ws/install/unitree_go/bin'
[3.103s] INFO:colcon.colcon_core.shell:Creating package script '/ws/install/unitree_go/share/unitree_go/package.ps1'
[3.106s] INFO:colcon.colcon_core.shell:Creating package descriptor '/ws/install/unitree_go/share/unitree_go/package.dsv'
[3.110s] INFO:colcon.colcon_core.shell:Creating package script '/ws/install/unitree_go/share/unitree_go/package.sh'
[3.111s] INFO:colcon.colcon_core.shell:Creating package script '/ws/install/unitree_go/share/unitree_go/package.bash'
[3.119s] INFO:colcon.colcon_core.shell:Creating package script '/ws/install/unitree_go/share/unitree_go/package.zsh'
[3.128s] Level 1:colcon.colcon_core.environment:create_file_with_runtime_dependencies(/ws/install/unitree_go/share/colcon-core/packages/unitree_go)
[3.129s] INFO:colcon.colcon_ros.task.ament_cmake.build:Building ROS package in '/ws/src/unitree_ros2/cyclonedds_ws/src/rmw_cyclonedds/rmw_cyclonedds_cpp' with build type 'ament_cmake'
[3.129s] INFO:colcon.colcon_cmake.task.cmake.build:Building CMake package in '/ws/src/unitree_ros2/cyclonedds_ws/src/rmw_cyclonedds/rmw_cyclonedds_cpp'
[3.130s] INFO:colcon.colcon_core.shell:Skip shell extension 'powershell' for command environment: Not usable outside of PowerShell
[3.130s] DEBUG:colcon.colcon_core.shell:Skip shell extension 'dsv' for command environment
[3.147s] DEBUG:colcon.colcon_core.event_handler.log_command:Invoking command in '/ws/build/unitree_hg': CMAKE_PREFIX_PATH=${CMAKE_PREFIX_PATH}:/opt/ros/humble /usr/bin/cmake --build /ws/build/unitree_hg -- -j4 -l4
[3.149s] DEBUG:colcon.colcon_core.event_handler.log_command:Invoked command in '/ws/build/unitree_api' returned '0': CMAKE_PREFIX_PATH=${CMAKE_PREFIX_PATH}:/opt/ros/humble /usr/bin/cmake --install /ws/build/unitree_api
[3.154s] INFO:colcon.colcon_ros.task.ament_cmake.build:Building ROS package in '/ws/src/unitree_mujoco/example/ros2' with build type 'ament_cmake'
[3.154s] INFO:colcon.colcon_cmake.task.cmake.build:Building CMake package in '/ws/src/unitree_mujoco/example/ros2'
[3.158s] INFO:colcon.colcon_core.shell:Skip shell extension 'powershell' for command environment: Not usable outside of PowerShell
[3.169s] DEBUG:colcon.colcon_core.shell:Skip shell extension 'dsv' for command environment
[3.182s] DEBUG:colcon.colcon_core.event_handler.log_command:Invoked command in '/ws/build/unitree_go' returned '0': CMAKE_PREFIX_PATH=${CMAKE_PREFIX_PATH}:/opt/ros/humble /usr/bin/cmake --install /ws/build/unitree_go
[3.197s] DEBUG:colcon.colcon_core.event_handler.log_command:Invoking command in '/ws/build/rmw_cyclonedds_cpp': CMAKE_PREFIX_PATH=/ws/install/cyclonedds:/ws/libtorch:/opt/ros/humble LD_LIBRARY_PATH=/ws/install/cyclonedds/lib:${LD_LIBRARY_PATH} PATH=/ws/install/cyclonedds/bin:${PATH} PKG_CONFIG_PATH=/ws/install/cyclonedds/lib/aarch64-linux-gnu/pkgconfig:/ws/install/cyclonedds/lib/pkgconfig /usr/bin/cmake --build /ws/build/rmw_cyclonedds_cpp -- -j4 -l4
[3.217s] Level 1:colcon.colcon_core.environment:create_environment_scripts_only(ros2_unitree_legged_msgs)
[3.218s] Level 1:colcon.colcon_core.environment:checking '/ws/install/ros2_unitree_legged_msgs' for CMake module files
[3.219s] DEBUG:colcon.colcon_core.event_handler.log_command:Invoked command in '/ws/build/ros2_unitree_legged_msgs' returned '0': CMAKE_PREFIX_PATH=${CMAKE_PREFIX_PATH}:/opt/ros/humble /usr/bin/cmake --install /ws/build/ros2_unitree_legged_msgs
[3.225s] Level 1:colcon.colcon_core.environment:checking '/ws/install/ros2_unitree_legged_msgs' for CMake config files
[3.229s] Level 1:colcon.colcon_core.shell:create_environment_hook('ros2_unitree_legged_msgs', 'cmake_prefix_path')
[3.230s] INFO:colcon.colcon_core.shell:Creating environment hook '/ws/install/ros2_unitree_legged_msgs/share/ros2_unitree_legged_msgs/hook/cmake_prefix_path.ps1'
[3.237s] INFO:colcon.colcon_core.shell:Creating environment descriptor '/ws/install/ros2_unitree_legged_msgs/share/ros2_unitree_legged_msgs/hook/cmake_prefix_path.dsv'
[3.238s] INFO:colcon.colcon_core.shell:Creating environment hook '/ws/install/ros2_unitree_legged_msgs/share/ros2_unitree_legged_msgs/hook/cmake_prefix_path.sh'
[3.248s] Level 1:colcon.colcon_core.environment:checking '/ws/install/ros2_unitree_legged_msgs/lib'
[3.248s] Level 1:colcon.colcon_core.shell:create_environment_hook('ros2_unitree_legged_msgs', 'ld_library_path_lib')
[3.252s] INFO:colcon.colcon_core.shell:Creating environment hook '/ws/install/ros2_unitree_legged_msgs/share/ros2_unitree_legged_msgs/hook/ld_library_path_lib.ps1'
[3.253s] INFO:colcon.colcon_core.shell:Creating environment descriptor '/ws/install/ros2_unitree_legged_msgs/share/ros2_unitree_legged_msgs/hook/ld_library_path_lib.dsv'
[3.258s] INFO:colcon.colcon_core.shell:Creating environment hook '/ws/install/ros2_unitree_legged_msgs/share/ros2_unitree_legged_msgs/hook/ld_library_path_lib.sh'
[3.260s] Level 1:colcon.colcon_core.environment:checking '/ws/install/ros2_unitree_legged_msgs/bin'
[3.260s] Level 1:colcon.colcon_core.environment:checking '/ws/install/ros2_unitree_legged_msgs/lib/pkgconfig/ros2_unitree_legged_msgs.pc'
[3.260s] Level 1:colcon.colcon_core.environment:checking '/ws/install/ros2_unitree_legged_msgs/lib/python3.10/site-packages'
[3.261s] Level 1:colcon.colcon_core.environment:checking '/ws/install/ros2_unitree_legged_msgs/bin'
[3.262s] INFO:colcon.colcon_core.shell:Creating package script '/ws/install/ros2_unitree_legged_msgs/share/ros2_unitree_legged_msgs/package.ps1'
[3.268s] INFO:colcon.colcon_core.shell:Creating package descriptor '/ws/install/ros2_unitree_legged_msgs/share/ros2_unitree_legged_msgs/package.dsv'
[3.270s] INFO:colcon.colcon_core.shell:Creating package script '/ws/install/ros2_unitree_legged_msgs/share/ros2_unitree_legged_msgs/package.sh'
[3.274s] INFO:colcon.colcon_core.shell:Creating package script '/ws/install/ros2_unitree_legged_msgs/share/ros2_unitree_legged_msgs/package.bash'
[3.276s] INFO:colcon.colcon_core.shell:Creating package script '/ws/install/ros2_unitree_legged_msgs/share/ros2_unitree_legged_msgs/package.zsh'
[3.276s] Level 1:colcon.colcon_core.environment:create_file_with_runtime_dependencies(/ws/install/ros2_unitree_legged_msgs/share/colcon-core/packages/ros2_unitree_legged_msgs)
[3.279s] Level 1:colcon.colcon_core.environment:create_environment_scripts_only(ros2_unitree_legged_msgs)
[3.280s] Level 1:colcon.colcon_core.environment:checking '/ws/install/ros2_unitree_legged_msgs' for CMake module files
[3.281s] Level 1:colcon.colcon_core.environment:checking '/ws/install/ros2_unitree_legged_msgs' for CMake config files
[3.281s] Level 1:colcon.colcon_core.shell:create_environment_hook('ros2_unitree_legged_msgs', 'cmake_prefix_path')
[3.282s] INFO:colcon.colcon_core.shell:Creating environment hook '/ws/install/ros2_unitree_legged_msgs/share/ros2_unitree_legged_msgs/hook/cmake_prefix_path.ps1'
[3.285s] INFO:colcon.colcon_core.shell:Creating environment descriptor '/ws/install/ros2_unitree_legged_msgs/share/ros2_unitree_legged_msgs/hook/cmake_prefix_path.dsv'
[3.286s] INFO:colcon.colcon_core.shell:Creating environment hook '/ws/install/ros2_unitree_legged_msgs/share/ros2_unitree_legged_msgs/hook/cmake_prefix_path.sh'
[3.289s] Level 1:colcon.colcon_core.environment:checking '/ws/install/ros2_unitree_legged_msgs/lib'
[3.289s] Level 1:colcon.colcon_core.shell:create_environment_hook('ros2_unitree_legged_msgs', 'ld_library_path_lib')
[3.290s] INFO:colcon.colcon_core.shell:Creating environment hook '/ws/install/ros2_unitree_legged_msgs/share/ros2_unitree_legged_msgs/hook/ld_library_path_lib.ps1'
[3.291s] INFO:colcon.colcon_core.shell:Creating environment descriptor '/ws/install/ros2_unitree_legged_msgs/share/ros2_unitree_legged_msgs/hook/ld_library_path_lib.dsv'
[3.296s] INFO:colcon.colcon_core.shell:Creating environment hook '/ws/install/ros2_unitree_legged_msgs/share/ros2_unitree_legged_msgs/hook/ld_library_path_lib.sh'
[3.299s] Level 1:colcon.colcon_core.environment:checking '/ws/install/ros2_unitree_legged_msgs/bin'
[3.299s] Level 1:colcon.colcon_core.environment:checking '/ws/install/ros2_unitree_legged_msgs/lib/pkgconfig/ros2_unitree_legged_msgs.pc'
[3.300s] Level 1:colcon.colcon_core.environment:checking '/ws/install/ros2_unitree_legged_msgs/lib/python3.10/site-packages'
[3.306s] Level 1:colcon.colcon_core.environment:checking '/ws/install/ros2_unitree_legged_msgs/bin'
[3.307s] INFO:colcon.colcon_core.shell:Creating package script '/ws/install/ros2_unitree_legged_msgs/share/ros2_unitree_legged_msgs/package.ps1'
[3.311s] INFO:colcon.colcon_core.shell:Creating package descriptor '/ws/install/ros2_unitree_legged_msgs/share/ros2_unitree_legged_msgs/package.dsv'
[3.316s] INFO:colcon.colcon_core.shell:Creating package script '/ws/install/ros2_unitree_legged_msgs/share/ros2_unitree_legged_msgs/package.sh'
[3.318s] INFO:colcon.colcon_core.shell:Creating package script '/ws/install/ros2_unitree_legged_msgs/share/ros2_unitree_legged_msgs/package.bash'
[3.323s] INFO:colcon.colcon_core.shell:Creating package script '/ws/install/ros2_unitree_legged_msgs/share/ros2_unitree_legged_msgs/package.zsh'
[3.325s] Level 1:colcon.colcon_core.environment:create_file_with_runtime_dependencies(/ws/install/ros2_unitree_legged_msgs/share/colcon-core/packages/ros2_unitree_legged_msgs)
[3.332s] INFO:colcon.colcon_ros.task.ament_cmake.build:Building ROS package in '/ws/src/unitree_rl_controller-ros2' with build type 'ament_cmake'
[3.333s] INFO:colcon.colcon_cmake.task.cmake.build:Building CMake package in '/ws/src/unitree_rl_controller-ros2'
[3.336s] INFO:colcon.colcon_core.shell:Skip shell extension 'powershell' for command environment: Not usable outside of PowerShell
[3.339s] DEBUG:colcon.colcon_core.shell:Skip shell extension 'dsv' for command environment
[3.374s] DEBUG:colcon.colcon_core.event_handler.log_command:Invoking command in '/ws/build/stand_go2': AMENT_PREFIX_PATH=/ws/install/unitree_go:/ws/install/unitree_api:${AMENT_PREFIX_PATH} CMAKE_PREFIX_PATH=/ws/install/unitree_go:/ws/install/unitree_api:/ws/libtorch:/opt/ros/humble LD_LIBRARY_PATH=/ws/install/unitree_go/lib:/ws/install/unitree_api/lib:${LD_LIBRARY_PATH} PYTHONPATH=/ws/install/unitree_go/local/lib/python3.10/dist-packages:/ws/install/unitree_api/local/lib/python3.10/dist-packages:${PYTHONPATH} /usr/bin/cmake --build /ws/build/stand_go2 -- -j4 -l4
[3.406s] DEBUG:colcon.colcon_core.event_handler.log_command:Invoking command in '/ws/build/unitree_rl_controller': AMENT_PREFIX_PATH=/ws/install/ros2_unitree_legged_msgs:${AMENT_PREFIX_PATH} CMAKE_PREFIX_PATH=/ws/install/ros2_unitree_legged_msgs:/ws/libtorch:/opt/ros/humble LD_LIBRARY_PATH=/ws/install/ros2_unitree_legged_msgs/lib:${LD_LIBRARY_PATH} PYTHONPATH=/ws/install/ros2_unitree_legged_msgs/local/lib/python3.10/dist-packages:${PYTHONPATH} /usr/bin/cmake --build /ws/build/unitree_rl_controller -- -j4 -l4
[3.595s] DEBUG:colcon.colcon_core.event_handler.log_command:Invoked command in '/ws/build/rmw_cyclonedds_cpp' returned '0': CMAKE_PREFIX_PATH=/ws/install/cyclonedds:/ws/libtorch:/opt/ros/humble LD_LIBRARY_PATH=/ws/install/cyclonedds/lib:${LD_LIBRARY_PATH} PATH=/ws/install/cyclonedds/bin:${PATH} PKG_CONFIG_PATH=/ws/install/cyclonedds/lib/aarch64-linux-gnu/pkgconfig:/ws/install/cyclonedds/lib/pkgconfig /usr/bin/cmake --build /ws/build/rmw_cyclonedds_cpp -- -j4 -l4
[3.596s] DEBUG:colcon.colcon_core.event_handler.log_command:Invoking command in '/ws/build/rmw_cyclonedds_cpp': CMAKE_PREFIX_PATH=/ws/install/cyclonedds:/ws/libtorch:/opt/ros/humble LD_LIBRARY_PATH=/ws/install/cyclonedds/lib:${LD_LIBRARY_PATH} PATH=/ws/install/cyclonedds/bin:${PATH} PKG_CONFIG_PATH=/ws/install/cyclonedds/lib/aarch64-linux-gnu/pkgconfig:/ws/install/cyclonedds/lib/pkgconfig /usr/bin/cmake --install /ws/build/rmw_cyclonedds_cpp
[3.649s] Level 1:colcon.colcon_core.environment:create_environment_scripts_only(rmw_cyclonedds_cpp)
[3.650s] Level 1:colcon.colcon_core.environment:checking '/ws/install/rmw_cyclonedds_cpp' for CMake module files
[3.651s] Level 1:colcon.colcon_core.environment:checking '/ws/install/rmw_cyclonedds_cpp' for CMake config files
[3.651s] Level 1:colcon.colcon_core.shell:create_environment_hook('rmw_cyclonedds_cpp', 'cmake_prefix_path')
[3.652s] INFO:colcon.colcon_core.shell:Creating environment hook '/ws/install/rmw_cyclonedds_cpp/share/rmw_cyclonedds_cpp/hook/cmake_prefix_path.ps1'
[3.650s] DEBUG:colcon.colcon_core.event_handler.log_command:Invoked command in '/ws/build/rmw_cyclonedds_cpp' returned '0': CMAKE_PREFIX_PATH=/ws/install/cyclonedds:/ws/libtorch:/opt/ros/humble LD_LIBRARY_PATH=/ws/install/cyclonedds/lib:${LD_LIBRARY_PATH} PATH=/ws/install/cyclonedds/bin:${PATH} PKG_CONFIG_PATH=/ws/install/cyclonedds/lib/aarch64-linux-gnu/pkgconfig:/ws/install/cyclonedds/lib/pkgconfig /usr/bin/cmake --install /ws/build/rmw_cyclonedds_cpp
[3.653s] INFO:colcon.colcon_core.shell:Creating environment descriptor '/ws/install/rmw_cyclonedds_cpp/share/rmw_cyclonedds_cpp/hook/cmake_prefix_path.dsv'
[3.654s] INFO:colcon.colcon_core.shell:Creating environment hook '/ws/install/rmw_cyclonedds_cpp/share/rmw_cyclonedds_cpp/hook/cmake_prefix_path.sh'
[3.655s] Level 1:colcon.colcon_core.environment:checking '/ws/install/rmw_cyclonedds_cpp/lib'
[3.655s] Level 1:colcon.colcon_core.shell:create_environment_hook('rmw_cyclonedds_cpp', 'ld_library_path_lib')
[3.655s] INFO:colcon.colcon_core.shell:Creating environment hook '/ws/install/rmw_cyclonedds_cpp/share/rmw_cyclonedds_cpp/hook/ld_library_path_lib.ps1'
[3.656s] INFO:colcon.colcon_core.shell:Creating environment descriptor '/ws/install/rmw_cyclonedds_cpp/share/rmw_cyclonedds_cpp/hook/ld_library_path_lib.dsv'
[3.657s] INFO:colcon.colcon_core.shell:Creating environment hook '/ws/install/rmw_cyclonedds_cpp/share/rmw_cyclonedds_cpp/hook/ld_library_path_lib.sh'
[3.658s] Level 1:colcon.colcon_core.environment:checking '/ws/install/rmw_cyclonedds_cpp/bin'
[3.659s] Level 1:colcon.colcon_core.environment:checking '/ws/install/rmw_cyclonedds_cpp/lib/pkgconfig/rmw_cyclonedds_cpp.pc'
[3.659s] Level 1:colcon.colcon_core.environment:checking '/ws/install/rmw_cyclonedds_cpp/lib/python3.10/site-packages'
[3.661s] Level 1:colcon.colcon_core.environment:checking '/ws/install/rmw_cyclonedds_cpp/bin'
[3.662s] INFO:colcon.colcon_core.shell:Creating package script '/ws/install/rmw_cyclonedds_cpp/share/rmw_cyclonedds_cpp/package.ps1'
[3.663s] INFO:colcon.colcon_core.shell:Creating package descriptor '/ws/install/rmw_cyclonedds_cpp/share/rmw_cyclonedds_cpp/package.dsv'
[3.664s] INFO:colcon.colcon_core.shell:Creating package script '/ws/install/rmw_cyclonedds_cpp/share/rmw_cyclonedds_cpp/package.sh'
[3.665s] INFO:colcon.colcon_core.shell:Creating package script '/ws/install/rmw_cyclonedds_cpp/share/rmw_cyclonedds_cpp/package.bash'
[3.666s] INFO:colcon.colcon_core.shell:Creating package script '/ws/install/rmw_cyclonedds_cpp/share/rmw_cyclonedds_cpp/package.zsh'
[3.667s] Level 1:colcon.colcon_core.environment:create_file_with_runtime_dependencies(/ws/install/rmw_cyclonedds_cpp/share/colcon-core/packages/rmw_cyclonedds_cpp)
[3.668s] Level 1:colcon.colcon_core.environment:create_environment_scripts_only(rmw_cyclonedds_cpp)
[3.669s] Level 1:colcon.colcon_core.environment:checking '/ws/install/rmw_cyclonedds_cpp' for CMake module files
[3.669s] Level 1:colcon.colcon_core.environment:checking '/ws/install/rmw_cyclonedds_cpp' for CMake config files
[3.670s] Level 1:colcon.colcon_core.shell:create_environment_hook('rmw_cyclonedds_cpp', 'cmake_prefix_path')
[3.670s] INFO:colcon.colcon_core.shell:Creating environment hook '/ws/install/rmw_cyclonedds_cpp/share/rmw_cyclonedds_cpp/hook/cmake_prefix_path.ps1'
[3.672s] INFO:colcon.colcon_core.shell:Creating environment descriptor '/ws/install/rmw_cyclonedds_cpp/share/rmw_cyclonedds_cpp/hook/cmake_prefix_path.dsv'
[3.673s] INFO:colcon.colcon_core.shell:Creating environment hook '/ws/install/rmw_cyclonedds_cpp/share/rmw_cyclonedds_cpp/hook/cmake_prefix_path.sh'
[3.675s] Level 1:colcon.colcon_core.environment:checking '/ws/install/rmw_cyclonedds_cpp/lib'
[3.676s] Level 1:colcon.colcon_core.shell:create_environment_hook('rmw_cyclonedds_cpp', 'ld_library_path_lib')
[3.676s] INFO:colcon.colcon_core.shell:Creating environment hook '/ws/install/rmw_cyclonedds_cpp/share/rmw_cyclonedds_cpp/hook/ld_library_path_lib.ps1'
[3.677s] INFO:colcon.colcon_core.shell:Creating environment descriptor '/ws/install/rmw_cyclonedds_cpp/share/rmw_cyclonedds_cpp/hook/ld_library_path_lib.dsv'
[3.679s] INFO:colcon.colcon_core.shell:Creating environment hook '/ws/install/rmw_cyclonedds_cpp/share/rmw_cyclonedds_cpp/hook/ld_library_path_lib.sh'
[3.680s] Level 1:colcon.colcon_core.environment:checking '/ws/install/rmw_cyclonedds_cpp/bin'
[3.681s] Level 1:colcon.colcon_core.environment:checking '/ws/install/rmw_cyclonedds_cpp/lib/pkgconfig/rmw_cyclonedds_cpp.pc'
[3.681s] Level 1:colcon.colcon_core.environment:checking '/ws/install/rmw_cyclonedds_cpp/lib/python3.10/site-packages'
[3.682s] Level 1:colcon.colcon_core.environment:checking '/ws/install/rmw_cyclonedds_cpp/bin'
[3.683s] INFO:colcon.colcon_core.shell:Creating package script '/ws/install/rmw_cyclonedds_cpp/share/rmw_cyclonedds_cpp/package.ps1'
[3.684s] INFO:colcon.colcon_core.shell:Creating package descriptor '/ws/install/rmw_cyclonedds_cpp/share/rmw_cyclonedds_cpp/package.dsv'
[3.685s] INFO:colcon.colcon_core.shell:Creating package script '/ws/install/rmw_cyclonedds_cpp/share/rmw_cyclonedds_cpp/package.sh'
[3.687s] INFO:colcon.colcon_core.shell:Creating package script '/ws/install/rmw_cyclonedds_cpp/share/rmw_cyclonedds_cpp/package.bash'
[3.690s] INFO:colcon.colcon_core.shell:Creating package script '/ws/install/rmw_cyclonedds_cpp/share/rmw_cyclonedds_cpp/package.zsh'
[3.693s] Level 1:colcon.colcon_core.environment:create_file_with_runtime_dependencies(/ws/install/rmw_cyclonedds_cpp/share/colcon-core/packages/rmw_cyclonedds_cpp)
[3.703s] DEBUG:colcon.colcon_core.event_handler.log_command:Invoked command in '/ws/build/stand_go2' returned '0': AMENT_PREFIX_PATH=/ws/install/unitree_go:/ws/install/unitree_api:${AMENT_PREFIX_PATH} CMAKE_PREFIX_PATH=/ws/install/unitree_go:/ws/install/unitree_api:/ws/libtorch:/opt/ros/humble LD_LIBRARY_PATH=/ws/install/unitree_go/lib:/ws/install/unitree_api/lib:${LD_LIBRARY_PATH} PYTHONPATH=/ws/install/unitree_go/local/lib/python3.10/dist-packages:/ws/install/unitree_api/local/lib/python3.10/dist-packages:${PYTHONPATH} /usr/bin/cmake --build /ws/build/stand_go2 -- -j4 -l4
[3.714s] DEBUG:colcon.colcon_core.event_handler.log_command:Invoking command in '/ws/build/stand_go2': AMENT_PREFIX_PATH=/ws/install/unitree_go:/ws/install/unitree_api:${AMENT_PREFIX_PATH} CMAKE_PREFIX_PATH=/ws/install/unitree_go:/ws/install/unitree_api:/ws/libtorch:/opt/ros/humble LD_LIBRARY_PATH=/ws/install/unitree_go/lib:/ws/install/unitree_api/lib:${LD_LIBRARY_PATH} PYTHONPATH=/ws/install/unitree_go/local/lib/python3.10/dist-packages:/ws/install/unitree_api/local/lib/python3.10/dist-packages:${PYTHONPATH} /usr/bin/cmake --install /ws/build/stand_go2
[3.718s] DEBUG:colcon.colcon_core.event_handler.log_command:Invoked command in '/ws/build/unitree_rl_controller' returned '0': AMENT_PREFIX_PATH=/ws/install/ros2_unitree_legged_msgs:${AMENT_PREFIX_PATH} CMAKE_PREFIX_PATH=/ws/install/ros2_unitree_legged_msgs:/ws/libtorch:/opt/ros/humble LD_LIBRARY_PATH=/ws/install/ros2_unitree_legged_msgs/lib:${LD_LIBRARY_PATH} PYTHONPATH=/ws/install/ros2_unitree_legged_msgs/local/lib/python3.10/dist-packages:${PYTHONPATH} /usr/bin/cmake --build /ws/build/unitree_rl_controller -- -j4 -l4
[3.733s] DEBUG:colcon.colcon_core.event_handler.log_command:Invoking command in '/ws/build/unitree_rl_controller': AMENT_PREFIX_PATH=/ws/install/ros2_unitree_legged_msgs:${AMENT_PREFIX_PATH} CMAKE_PREFIX_PATH=/ws/install/ros2_unitree_legged_msgs:/ws/libtorch:/opt/ros/humble LD_LIBRARY_PATH=/ws/install/ros2_unitree_legged_msgs/lib:${LD_LIBRARY_PATH} PYTHONPATH=/ws/install/ros2_unitree_legged_msgs/local/lib/python3.10/dist-packages:${PYTHONPATH} /usr/bin/cmake --install /ws/build/unitree_rl_controller
[3.774s] Level 1:colcon.colcon_core.environment:create_environment_scripts_only(unitree_rl_controller)
[3.774s] Level 1:colcon.colcon_core.environment:checking '/ws/install/unitree_rl_controller' for CMake module files
[3.777s] Level 1:colcon.colcon_core.environment:checking '/ws/install/unitree_rl_controller' for CMake config files
[3.778s] Level 1:colcon.colcon_core.shell:create_environment_hook('unitree_rl_controller', 'cmake_prefix_path')
[3.778s] INFO:colcon.colcon_core.shell:Creating environment hook '/ws/install/unitree_rl_controller/share/unitree_rl_controller/hook/cmake_prefix_path.ps1'
[3.780s] DEBUG:colcon.colcon_core.event_handler.log_command:Invoked command in '/ws/build/unitree_rl_controller' returned '0': AMENT_PREFIX_PATH=/ws/install/ros2_unitree_legged_msgs:${AMENT_PREFIX_PATH} CMAKE_PREFIX_PATH=/ws/install/ros2_unitree_legged_msgs:/ws/libtorch:/opt/ros/humble LD_LIBRARY_PATH=/ws/install/ros2_unitree_legged_msgs/lib:${LD_LIBRARY_PATH} PYTHONPATH=/ws/install/ros2_unitree_legged_msgs/local/lib/python3.10/dist-packages:${PYTHONPATH} /usr/bin/cmake --install /ws/build/unitree_rl_controller
[3.780s] INFO:colcon.colcon_core.shell:Creating environment descriptor '/ws/install/unitree_rl_controller/share/unitree_rl_controller/hook/cmake_prefix_path.dsv'
[3.781s] INFO:colcon.colcon_core.shell:Creating environment hook '/ws/install/unitree_rl_controller/share/unitree_rl_controller/hook/cmake_prefix_path.sh'
[3.783s] Level 1:colcon.colcon_core.environment:checking '/ws/install/unitree_rl_controller/lib'
[3.783s] Level 1:colcon.colcon_core.shell:create_environment_hook('unitree_rl_controller', 'ld_library_path_lib')
[3.784s] INFO:colcon.colcon_core.shell:Creating environment hook '/ws/install/unitree_rl_controller/share/unitree_rl_controller/hook/ld_library_path_lib.ps1'
[3.784s] INFO:colcon.colcon_core.shell:Creating environment descriptor '/ws/install/unitree_rl_controller/share/unitree_rl_controller/hook/ld_library_path_lib.dsv'
[3.785s] INFO:colcon.colcon_core.shell:Creating environment hook '/ws/install/unitree_rl_controller/share/unitree_rl_controller/hook/ld_library_path_lib.sh'
[3.786s] Level 1:colcon.colcon_core.environment:checking '/ws/install/unitree_rl_controller/bin'
[3.786s] Level 1:colcon.colcon_core.environment:checking '/ws/install/unitree_rl_controller/lib/pkgconfig/unitree_rl_controller.pc'
[3.787s] Level 1:colcon.colcon_core.environment:checking '/ws/install/unitree_rl_controller/lib/python3.10/site-packages'
[3.787s] Level 1:colcon.colcon_core.environment:checking '/ws/install/unitree_rl_controller/bin'
[3.788s] INFO:colcon.colcon_core.shell:Creating package script '/ws/install/unitree_rl_controller/share/unitree_rl_controller/package.ps1'
[3.789s] INFO:colcon.colcon_core.shell:Creating package descriptor '/ws/install/unitree_rl_controller/share/unitree_rl_controller/package.dsv'
[3.790s] INFO:colcon.colcon_core.shell:Creating package script '/ws/install/unitree_rl_controller/share/unitree_rl_controller/package.sh'
[3.791s] INFO:colcon.colcon_core.shell:Creating package script '/ws/install/unitree_rl_controller/share/unitree_rl_controller/package.bash'
[3.792s] INFO:colcon.colcon_core.shell:Creating package script '/ws/install/unitree_rl_controller/share/unitree_rl_controller/package.zsh'
[3.793s] Level 1:colcon.colcon_core.environment:create_file_with_runtime_dependencies(/ws/install/unitree_rl_controller/share/colcon-core/packages/unitree_rl_controller)
[3.794s] Level 1:colcon.colcon_core.environment:create_environment_scripts_only(unitree_rl_controller)
[3.795s] Level 1:colcon.colcon_core.environment:checking '/ws/install/unitree_rl_controller' for CMake module files
[3.795s] Level 1:colcon.colcon_core.environment:checking '/ws/install/unitree_rl_controller' for CMake config files
[3.796s] Level 1:colcon.colcon_core.shell:create_environment_hook('unitree_rl_controller', 'cmake_prefix_path')
[3.796s] INFO:colcon.colcon_core.shell:Creating environment hook '/ws/install/unitree_rl_controller/share/unitree_rl_controller/hook/cmake_prefix_path.ps1'
[3.797s] INFO:colcon.colcon_core.shell:Creating environment descriptor '/ws/install/unitree_rl_controller/share/unitree_rl_controller/hook/cmake_prefix_path.dsv'
[3.798s] INFO:colcon.colcon_core.shell:Creating environment hook '/ws/install/unitree_rl_controller/share/unitree_rl_controller/hook/cmake_prefix_path.sh'
[3.800s] Level 1:colcon.colcon_core.environment:checking '/ws/install/unitree_rl_controller/lib'
[3.800s] Level 1:colcon.colcon_core.shell:create_environment_hook('unitree_rl_controller', 'ld_library_path_lib')
[3.800s] INFO:colcon.colcon_core.shell:Creating environment hook '/ws/install/unitree_rl_controller/share/unitree_rl_controller/hook/ld_library_path_lib.ps1'
[3.802s] INFO:colcon.colcon_core.shell:Creating environment descriptor '/ws/install/unitree_rl_controller/share/unitree_rl_controller/hook/ld_library_path_lib.dsv'
[3.803s] INFO:colcon.colcon_core.shell:Creating environment hook '/ws/install/unitree_rl_controller/share/unitree_rl_controller/hook/ld_library_path_lib.sh'
[3.804s] Level 1:colcon.colcon_core.environment:checking '/ws/install/unitree_rl_controller/bin'
[3.804s] Level 1:colcon.colcon_core.environment:checking '/ws/install/unitree_rl_controller/lib/pkgconfig/unitree_rl_controller.pc'
[3.804s] Level 1:colcon.colcon_core.environment:checking '/ws/install/unitree_rl_controller/lib/python3.10/site-packages'
[3.805s] Level 1:colcon.colcon_core.environment:checking '/ws/install/unitree_rl_controller/bin'
[3.805s] INFO:colcon.colcon_core.shell:Creating package script '/ws/install/unitree_rl_controller/share/unitree_rl_controller/package.ps1'
[3.806s] INFO:colcon.colcon_core.shell:Creating package descriptor '/ws/install/unitree_rl_controller/share/unitree_rl_controller/package.dsv'
[3.807s] INFO:colcon.colcon_core.shell:Creating package script '/ws/install/unitree_rl_controller/share/unitree_rl_controller/package.sh'
[3.808s] INFO:colcon.colcon_core.shell:Creating package script '/ws/install/unitree_rl_controller/share/unitree_rl_controller/package.bash'
[3.809s] INFO:colcon.colcon_core.shell:Creating package script '/ws/install/unitree_rl_controller/share/unitree_rl_controller/package.zsh'
[3.810s] Level 1:colcon.colcon_core.environment:create_file_with_runtime_dependencies(/ws/install/unitree_rl_controller/share/colcon-core/packages/unitree_rl_controller)
[3.811s] INFO:colcon.colcon_ros.task.ament_cmake.build:Building ROS package in '/ws/src/unitree_ros2_to_real' with build type 'ament_cmake'
[3.811s] INFO:colcon.colcon_cmake.task.cmake.build:Building CMake package in '/ws/src/unitree_ros2_to_real'
[3.812s] INFO:colcon.colcon_core.shell:Skip shell extension 'powershell' for command environment: Not usable outside of PowerShell
[3.812s] DEBUG:colcon.colcon_core.shell:Skip shell extension 'dsv' for command environment
[3.824s] Level 1:colcon.colcon_core.environment:create_environment_scripts_only(stand_go2)
[3.825s] Level 1:colcon.colcon_core.environment:checking '/ws/install/stand_go2' for CMake module files
[3.827s] DEBUG:colcon.colcon_core.event_handler.log_command:Invoked command in '/ws/build/stand_go2' returned '0': AMENT_PREFIX_PATH=/ws/install/unitree_go:/ws/install/unitree_api:${AMENT_PREFIX_PATH} CMAKE_PREFIX_PATH=/ws/install/unitree_go:/ws/install/unitree_api:/ws/libtorch:/opt/ros/humble LD_LIBRARY_PATH=/ws/install/unitree_go/lib:/ws/install/unitree_api/lib:${LD_LIBRARY_PATH} PYTHONPATH=/ws/install/unitree_go/local/lib/python3.10/dist-packages:/ws/install/unitree_api/local/lib/python3.10/dist-packages:${PYTHONPATH} /usr/bin/cmake --install /ws/build/stand_go2
[3.829s] Level 1:colcon.colcon_core.environment:checking '/ws/install/stand_go2' for CMake config files
[3.831s] Level 1:colcon.colcon_core.shell:create_environment_hook('stand_go2', 'cmake_prefix_path')
[3.832s] INFO:colcon.colcon_core.shell:Creating environment hook '/ws/install/stand_go2/share/stand_go2/hook/cmake_prefix_path.ps1'
[3.834s] INFO:colcon.colcon_core.shell:Creating environment descriptor '/ws/install/stand_go2/share/stand_go2/hook/cmake_prefix_path.dsv'
[3.836s] INFO:colcon.colcon_core.shell:Creating environment hook '/ws/install/stand_go2/share/stand_go2/hook/cmake_prefix_path.sh'
[3.838s] Level 1:colcon.colcon_core.environment:checking '/ws/install/stand_go2/lib'
[3.839s] Level 1:colcon.colcon_core.environment:checking '/ws/install/stand_go2/bin'
[3.839s] Level 1:colcon.colcon_core.environment:checking '/ws/install/stand_go2/lib/pkgconfig/stand_go2.pc'
[3.839s] Level 1:colcon.colcon_core.environment:checking '/ws/install/stand_go2/lib/python3.10/site-packages'
[3.840s] Level 1:colcon.colcon_core.environment:checking '/ws/install/stand_go2/bin'
[3.841s] INFO:colcon.colcon_core.shell:Creating package script '/ws/install/stand_go2/share/stand_go2/package.ps1'
[3.842s] INFO:colcon.colcon_core.shell:Creating package descriptor '/ws/install/stand_go2/share/stand_go2/package.dsv'
[3.843s] INFO:colcon.colcon_core.shell:Creating package script '/ws/install/stand_go2/share/stand_go2/package.sh'
[3.845s] INFO:colcon.colcon_core.shell:Creating package script '/ws/install/stand_go2/share/stand_go2/package.bash'
[3.847s] INFO:colcon.colcon_core.shell:Creating package script '/ws/install/stand_go2/share/stand_go2/package.zsh'
[3.848s] Level 1:colcon.colcon_core.environment:create_file_with_runtime_dependencies(/ws/install/stand_go2/share/colcon-core/packages/stand_go2)
[3.850s] Level 1:colcon.colcon_core.environment:create_environment_scripts_only(stand_go2)
[3.851s] Level 1:colcon.colcon_core.environment:checking '/ws/install/stand_go2' for CMake module files
[3.853s] Level 1:colcon.colcon_core.environment:checking '/ws/install/stand_go2' for CMake config files
[3.854s] Level 1:colcon.colcon_core.shell:create_environment_hook('stand_go2', 'cmake_prefix_path')
[3.855s] INFO:colcon.colcon_core.shell:Creating environment hook '/ws/install/stand_go2/share/stand_go2/hook/cmake_prefix_path.ps1'
[3.856s] INFO:colcon.colcon_core.shell:Creating environment descriptor '/ws/install/stand_go2/share/stand_go2/hook/cmake_prefix_path.dsv'
[3.857s] INFO:colcon.colcon_core.shell:Creating environment hook '/ws/install/stand_go2/share/stand_go2/hook/cmake_prefix_path.sh'
[3.858s] Level 1:colcon.colcon_core.environment:checking '/ws/install/stand_go2/lib'
[3.858s] Level 1:colcon.colcon_core.environment:checking '/ws/install/stand_go2/bin'
[3.858s] Level 1:colcon.colcon_core.environment:checking '/ws/install/stand_go2/lib/pkgconfig/stand_go2.pc'
[3.859s] Level 1:colcon.colcon_core.environment:checking '/ws/install/stand_go2/lib/python3.10/site-packages'
[3.859s] Level 1:colcon.colcon_core.environment:checking '/ws/install/stand_go2/bin'
[3.860s] INFO:colcon.colcon_core.shell:Creating package script '/ws/install/stand_go2/share/stand_go2/package.ps1'
[3.860s] INFO:colcon.colcon_core.shell:Creating package descriptor '/ws/install/stand_go2/share/stand_go2/package.dsv'
[3.861s] INFO:colcon.colcon_core.shell:Creating package script '/ws/install/stand_go2/share/stand_go2/package.sh'
[3.862s] INFO:colcon.colcon_core.shell:Creating package script '/ws/install/stand_go2/share/stand_go2/package.bash'
[3.862s] INFO:colcon.colcon_core.shell:Creating package script '/ws/install/stand_go2/share/stand_go2/package.zsh'
[3.863s] Level 1:colcon.colcon_core.environment:create_file_with_runtime_dependencies(/ws/install/stand_go2/share/colcon-core/packages/stand_go2)
[3.909s] DEBUG:colcon.colcon_core.event_handler.log_command:Invoked command in '/ws/build/unitree_hg' returned '0': CMAKE_PREFIX_PATH=${CMAKE_PREFIX_PATH}:/opt/ros/humble /usr/bin/cmake --build /ws/build/unitree_hg -- -j4 -l4
[3.914s] DEBUG:colcon.colcon_core.event_handler.log_command:Invoking command in '/ws/build/unitree_hg': CMAKE_PREFIX_PATH=${CMAKE_PREFIX_PATH}:/opt/ros/humble /usr/bin/cmake --install /ws/build/unitree_hg
[3.920s] DEBUG:colcon.colcon_core.event_handler.log_command:Invoking command in '/ws/build/unitree_legged_real': AMENT_PREFIX_PATH=/ws/install/unitree_rl_controller:/ws/install/unitree_go:/ws/install/unitree_api:/ws/install/ros2_unitree_legged_msgs:${AMENT_PREFIX_PATH} CMAKE_PREFIX_PATH=/ws/install/unitree_rl_controller:/ws/install/unitree_go:/ws/install/unitree_api:/ws/install/ros2_unitree_legged_msgs:/ws/libtorch:/opt/ros/humble LD_LIBRARY_PATH=/ws/install/unitree_rl_controller/lib:/ws/install/unitree_go/lib:/ws/install/unitree_api/lib:/ws/install/ros2_unitree_legged_msgs/lib:${LD_LIBRARY_PATH} PYTHONPATH=/ws/install/unitree_go/local/lib/python3.10/dist-packages:/ws/install/unitree_api/local/lib/python3.10/dist-packages:/ws/install/ros2_unitree_legged_msgs/local/lib/python3.10/dist-packages:${PYTHONPATH} /usr/bin/cmake --build /ws/build/unitree_legged_real -- -j4 -l4
[4.045s] Level 1:colcon.colcon_core.environment:create_environment_scripts_only(unitree_hg)
[4.046s] Level 1:colcon.colcon_core.environment:checking '/ws/install/unitree_hg' for CMake module files
[4.047s] Level 1:colcon.colcon_core.environment:checking '/ws/install/unitree_hg' for CMake config files
[4.047s] DEBUG:colcon.colcon_core.event_handler.log_command:Invoked command in '/ws/build/unitree_hg' returned '0': CMAKE_PREFIX_PATH=${CMAKE_PREFIX_PATH}:/opt/ros/humble /usr/bin/cmake --install /ws/build/unitree_hg
[4.048s] Level 1:colcon.colcon_core.shell:create_environment_hook('unitree_hg', 'cmake_prefix_path')
[4.049s] INFO:colcon.colcon_core.shell:Creating environment hook '/ws/install/unitree_hg/share/unitree_hg/hook/cmake_prefix_path.ps1'
[4.055s] INFO:colcon.colcon_core.shell:Creating environment descriptor '/ws/install/unitree_hg/share/unitree_hg/hook/cmake_prefix_path.dsv'
[4.055s] INFO:colcon.colcon_core.shell:Creating environment hook '/ws/install/unitree_hg/share/unitree_hg/hook/cmake_prefix_path.sh'
[4.057s] Level 1:colcon.colcon_core.environment:checking '/ws/install/unitree_hg/lib'
[4.057s] Level 1:colcon.colcon_core.shell:create_environment_hook('unitree_hg', 'ld_library_path_lib')
[4.057s] INFO:colcon.colcon_core.shell:Creating environment hook '/ws/install/unitree_hg/share/unitree_hg/hook/ld_library_path_lib.ps1'
[4.058s] INFO:colcon.colcon_core.shell:Creating environment descriptor '/ws/install/unitree_hg/share/unitree_hg/hook/ld_library_path_lib.dsv'
[4.061s] INFO:colcon.colcon_core.shell:Creating environment hook '/ws/install/unitree_hg/share/unitree_hg/hook/ld_library_path_lib.sh'
[4.062s] Level 1:colcon.colcon_core.environment:checking '/ws/install/unitree_hg/bin'
[4.062s] Level 1:colcon.colcon_core.environment:checking '/ws/install/unitree_hg/lib/pkgconfig/unitree_hg.pc'
[4.063s] Level 1:colcon.colcon_core.environment:checking '/ws/install/unitree_hg/lib/python3.10/site-packages'
[4.063s] Level 1:colcon.colcon_core.environment:checking '/ws/install/unitree_hg/bin'
[4.064s] INFO:colcon.colcon_core.shell:Creating package script '/ws/install/unitree_hg/share/unitree_hg/package.ps1'
[4.065s] INFO:colcon.colcon_core.shell:Creating package descriptor '/ws/install/unitree_hg/share/unitree_hg/package.dsv'
[4.066s] INFO:colcon.colcon_core.shell:Creating package script '/ws/install/unitree_hg/share/unitree_hg/package.sh'
[4.067s] INFO:colcon.colcon_core.shell:Creating package script '/ws/install/unitree_hg/share/unitree_hg/package.bash'
[4.068s] INFO:colcon.colcon_core.shell:Creating package script '/ws/install/unitree_hg/share/unitree_hg/package.zsh'
[4.068s] Level 1:colcon.colcon_core.environment:create_file_with_runtime_dependencies(/ws/install/unitree_hg/share/colcon-core/packages/unitree_hg)
[4.070s] Level 1:colcon.colcon_core.environment:create_environment_scripts_only(unitree_hg)
[4.071s] Level 1:colcon.colcon_core.environment:checking '/ws/install/unitree_hg' for CMake module files
[4.071s] Level 1:colcon.colcon_core.environment:checking '/ws/install/unitree_hg' for CMake config files
[4.072s] Level 1:colcon.colcon_core.shell:create_environment_hook('unitree_hg', 'cmake_prefix_path')
[4.072s] INFO:colcon.colcon_core.shell:Creating environment hook '/ws/install/unitree_hg/share/unitree_hg/hook/cmake_prefix_path.ps1'
[4.073s] INFO:colcon.colcon_core.shell:Creating environment descriptor '/ws/install/unitree_hg/share/unitree_hg/hook/cmake_prefix_path.dsv'
[4.074s] INFO:colcon.colcon_core.shell:Creating environment hook '/ws/install/unitree_hg/share/unitree_hg/hook/cmake_prefix_path.sh'
[4.079s] Level 1:colcon.colcon_core.environment:checking '/ws/install/unitree_hg/lib'
[4.079s] Level 1:colcon.colcon_core.shell:create_environment_hook('unitree_hg', 'ld_library_path_lib')
[4.079s] INFO:colcon.colcon_core.shell:Creating environment hook '/ws/install/unitree_hg/share/unitree_hg/hook/ld_library_path_lib.ps1'
[4.080s] INFO:colcon.colcon_core.shell:Creating environment descriptor '/ws/install/unitree_hg/share/unitree_hg/hook/ld_library_path_lib.dsv'
[4.081s] INFO:colcon.colcon_core.shell:Creating environment hook '/ws/install/unitree_hg/share/unitree_hg/hook/ld_library_path_lib.sh'
[4.081s] Level 1:colcon.colcon_core.environment:checking '/ws/install/unitree_hg/bin'
[4.082s] Level 1:colcon.colcon_core.environment:checking '/ws/install/unitree_hg/lib/pkgconfig/unitree_hg.pc'
[4.082s] Level 1:colcon.colcon_core.environment:checking '/ws/install/unitree_hg/lib/python3.10/site-packages'
[4.083s] Level 1:colcon.colcon_core.environment:checking '/ws/install/unitree_hg/bin'
[4.083s] INFO:colcon.colcon_core.shell:Creating package script '/ws/install/unitree_hg/share/unitree_hg/package.ps1'
[4.084s] INFO:colcon.colcon_core.shell:Creating package descriptor '/ws/install/unitree_hg/share/unitree_hg/package.dsv'
[4.085s] INFO:colcon.colcon_core.shell:Creating package script '/ws/install/unitree_hg/share/unitree_hg/package.sh'
[4.086s] INFO:colcon.colcon_core.shell:Creating package script '/ws/install/unitree_hg/share/unitree_hg/package.bash'
[4.087s] INFO:colcon.colcon_core.shell:Creating package script '/ws/install/unitree_hg/share/unitree_hg/package.zsh'
[4.088s] Level 1:colcon.colcon_core.environment:create_file_with_runtime_dependencies(/ws/install/unitree_hg/share/colcon-core/packages/unitree_hg)
[4.091s] INFO:colcon.colcon_ros.task.ament_cmake.build:Building ROS package in '/ws/src/unitree_ros2/example/src' with build type 'ament_cmake'
[4.092s] INFO:colcon.colcon_cmake.task.cmake.build:Building CMake package in '/ws/src/unitree_ros2/example/src'
[4.092s] INFO:colcon.colcon_core.shell:Skip shell extension 'powershell' for command environment: Not usable outside of PowerShell
[4.092s] DEBUG:colcon.colcon_core.shell:Skip shell extension 'dsv' for command environment
[4.130s] DEBUG:colcon.colcon_core.event_handler.log_command:Invoking command in '/ws/build/unitree_ros2_example': AMENT_PREFIX_PATH=/ws/install/unitree_hg:/ws/install/unitree_go:/ws/install/unitree_api:${AMENT_PREFIX_PATH} CMAKE_PREFIX_PATH=/ws/install/unitree_hg:/ws/install/unitree_go:/ws/install/unitree_api:/ws/libtorch:/opt/ros/humble LD_LIBRARY_PATH=/ws/install/unitree_hg/lib:/ws/install/unitree_go/lib:/ws/install/unitree_api/lib:${LD_LIBRARY_PATH} PYTHONPATH=/ws/install/unitree_hg/local/lib/python3.10/dist-packages:/ws/install/unitree_go/local/lib/python3.10/dist-packages:/ws/install/unitree_api/local/lib/python3.10/dist-packages:${PYTHONPATH} /usr/bin/cmake --build /ws/build/unitree_ros2_example -- -j4 -l4
[4.161s] DEBUG:colcon.colcon_core.event_handler.log_command:Invoked command in '/ws/build/unitree_legged_real' returned '0': AMENT_PREFIX_PATH=/ws/install/unitree_rl_controller:/ws/install/unitree_go:/ws/install/unitree_api:/ws/install/ros2_unitree_legged_msgs:${AMENT_PREFIX_PATH} CMAKE_PREFIX_PATH=/ws/install/unitree_rl_controller:/ws/install/unitree_go:/ws/install/unitree_api:/ws/install/ros2_unitree_legged_msgs:/ws/libtorch:/opt/ros/humble LD_LIBRARY_PATH=/ws/install/unitree_rl_controller/lib:/ws/install/unitree_go/lib:/ws/install/unitree_api/lib:/ws/install/ros2_unitree_legged_msgs/lib:${LD_LIBRARY_PATH} PYTHONPATH=/ws/install/unitree_go/local/lib/python3.10/dist-packages:/ws/install/unitree_api/local/lib/python3.10/dist-packages:/ws/install/ros2_unitree_legged_msgs/local/lib/python3.10/dist-packages:${PYTHONPATH} /usr/bin/cmake --build /ws/build/unitree_legged_real -- -j4 -l4
[4.165s] DEBUG:colcon.colcon_core.event_handler.log_command:Invoking command in '/ws/build/unitree_legged_real': AMENT_PREFIX_PATH=/ws/install/unitree_rl_controller:/ws/install/unitree_go:/ws/install/unitree_api:/ws/install/ros2_unitree_legged_msgs:${AMENT_PREFIX_PATH} CMAKE_PREFIX_PATH=/ws/install/unitree_rl_controller:/ws/install/unitree_go:/ws/install/unitree_api:/ws/install/ros2_unitree_legged_msgs:/ws/libtorch:/opt/ros/humble LD_LIBRARY_PATH=/ws/install/unitree_rl_controller/lib:/ws/install/unitree_go/lib:/ws/install/unitree_api/lib:/ws/install/ros2_unitree_legged_msgs/lib:${LD_LIBRARY_PATH} PYTHONPATH=/ws/install/unitree_go/local/lib/python3.10/dist-packages:/ws/install/unitree_api/local/lib/python3.10/dist-packages:/ws/install/ros2_unitree_legged_msgs/local/lib/python3.10/dist-packages:${PYTHONPATH} /usr/bin/cmake --install /ws/build/unitree_legged_real
[4.184s] Level 1:colcon.colcon_core.environment:create_environment_scripts_only(unitree_legged_real)
[4.185s] Level 1:colcon.colcon_core.environment:checking '/ws/install/unitree_legged_real' for CMake module files
[4.185s] DEBUG:colcon.colcon_core.event_handler.log_command:Invoked command in '/ws/build/unitree_legged_real' returned '0': AMENT_PREFIX_PATH=/ws/install/unitree_rl_controller:/ws/install/unitree_go:/ws/install/unitree_api:/ws/install/ros2_unitree_legged_msgs:${AMENT_PREFIX_PATH} CMAKE_PREFIX_PATH=/ws/install/unitree_rl_controller:/ws/install/unitree_go:/ws/install/unitree_api:/ws/install/ros2_unitree_legged_msgs:/ws/libtorch:/opt/ros/humble LD_LIBRARY_PATH=/ws/install/unitree_rl_controller/lib:/ws/install/unitree_go/lib:/ws/install/unitree_api/lib:/ws/install/ros2_unitree_legged_msgs/lib:${LD_LIBRARY_PATH} PYTHONPATH=/ws/install/unitree_go/local/lib/python3.10/dist-packages:/ws/install/unitree_api/local/lib/python3.10/dist-packages:/ws/install/ros2_unitree_legged_msgs/local/lib/python3.10/dist-packages:${PYTHONPATH} /usr/bin/cmake --install /ws/build/unitree_legged_real
[4.186s] Level 1:colcon.colcon_core.environment:checking '/ws/install/unitree_legged_real' for CMake config files
[4.186s] Level 1:colcon.colcon_core.shell:create_environment_hook('unitree_legged_real', 'cmake_prefix_path')
[4.187s] INFO:colcon.colcon_core.shell:Creating environment hook '/ws/install/unitree_legged_real/share/unitree_legged_real/hook/cmake_prefix_path.ps1'
[4.188s] INFO:colcon.colcon_core.shell:Creating environment descriptor '/ws/install/unitree_legged_real/share/unitree_legged_real/hook/cmake_prefix_path.dsv'
[4.189s] INFO:colcon.colcon_core.shell:Creating environment hook '/ws/install/unitree_legged_real/share/unitree_legged_real/hook/cmake_prefix_path.sh'
[4.190s] Level 1:colcon.colcon_core.environment:checking '/ws/install/unitree_legged_real/lib'
[4.190s] Level 1:colcon.colcon_core.shell:create_environment_hook('unitree_legged_real', 'ld_library_path_lib')
[4.190s] INFO:colcon.colcon_core.shell:Creating environment hook '/ws/install/unitree_legged_real/share/unitree_legged_real/hook/ld_library_path_lib.ps1'
[4.191s] INFO:colcon.colcon_core.shell:Creating environment descriptor '/ws/install/unitree_legged_real/share/unitree_legged_real/hook/ld_library_path_lib.dsv'
[4.192s] INFO:colcon.colcon_core.shell:Creating environment hook '/ws/install/unitree_legged_real/share/unitree_legged_real/hook/ld_library_path_lib.sh'
[4.193s] Level 1:colcon.colcon_core.environment:checking '/ws/install/unitree_legged_real/bin'
[4.193s] Level 1:colcon.colcon_core.environment:checking '/ws/install/unitree_legged_real/lib/pkgconfig/unitree_legged_real.pc'
[4.193s] Level 1:colcon.colcon_core.environment:checking '/ws/install/unitree_legged_real/lib/python3.10/site-packages'
[4.194s] Level 1:colcon.colcon_core.environment:checking '/ws/install/unitree_legged_real/bin'
[4.194s] INFO:colcon.colcon_core.shell:Creating package script '/ws/install/unitree_legged_real/share/unitree_legged_real/package.ps1'
[4.195s] INFO:colcon.colcon_core.shell:Creating package descriptor '/ws/install/unitree_legged_real/share/unitree_legged_real/package.dsv'
[4.196s] INFO:colcon.colcon_core.shell:Creating package script '/ws/install/unitree_legged_real/share/unitree_legged_real/package.sh'
[4.197s] INFO:colcon.colcon_core.shell:Creating package script '/ws/install/unitree_legged_real/share/unitree_legged_real/package.bash'
[4.198s] INFO:colcon.colcon_core.shell:Creating package script '/ws/install/unitree_legged_real/share/unitree_legged_real/package.zsh'
[4.198s] Level 1:colcon.colcon_core.environment:create_file_with_runtime_dependencies(/ws/install/unitree_legged_real/share/colcon-core/packages/unitree_legged_real)
[4.200s] Level 1:colcon.colcon_core.environment:create_environment_scripts_only(unitree_legged_real)
[4.200s] Level 1:colcon.colcon_core.environment:checking '/ws/install/unitree_legged_real' for CMake module files
[4.201s] Level 1:colcon.colcon_core.environment:checking '/ws/install/unitree_legged_real' for CMake config files
[4.201s] Level 1:colcon.colcon_core.shell:create_environment_hook('unitree_legged_real', 'cmake_prefix_path')
[4.202s] INFO:colcon.colcon_core.shell:Creating environment hook '/ws/install/unitree_legged_real/share/unitree_legged_real/hook/cmake_prefix_path.ps1'
[4.206s] INFO:colcon.colcon_core.shell:Creating environment descriptor '/ws/install/unitree_legged_real/share/unitree_legged_real/hook/cmake_prefix_path.dsv'
[4.207s] INFO:colcon.colcon_core.shell:Creating environment hook '/ws/install/unitree_legged_real/share/unitree_legged_real/hook/cmake_prefix_path.sh'
[4.209s] Level 1:colcon.colcon_core.environment:checking '/ws/install/unitree_legged_real/lib'
[4.209s] Level 1:colcon.colcon_core.shell:create_environment_hook('unitree_legged_real', 'ld_library_path_lib')
[4.211s] INFO:colcon.colcon_core.shell:Creating environment hook '/ws/install/unitree_legged_real/share/unitree_legged_real/hook/ld_library_path_lib.ps1'
[4.212s] INFO:colcon.colcon_core.shell:Creating environment descriptor '/ws/install/unitree_legged_real/share/unitree_legged_real/hook/ld_library_path_lib.dsv'
[4.213s] INFO:colcon.colcon_core.shell:Creating environment hook '/ws/install/unitree_legged_real/share/unitree_legged_real/hook/ld_library_path_lib.sh'
[4.214s] Level 1:colcon.colcon_core.environment:checking '/ws/install/unitree_legged_real/bin'
[4.214s] Level 1:colcon.colcon_core.environment:checking '/ws/install/unitree_legged_real/lib/pkgconfig/unitree_legged_real.pc'
[4.215s] Level 1:colcon.colcon_core.environment:checking '/ws/install/unitree_legged_real/lib/python3.10/site-packages'
[4.216s] Level 1:colcon.colcon_core.environment:checking '/ws/install/unitree_legged_real/bin'
[4.216s] INFO:colcon.colcon_core.shell:Creating package script '/ws/install/unitree_legged_real/share/unitree_legged_real/package.ps1'
[4.219s] INFO:colcon.colcon_core.shell:Creating package descriptor '/ws/install/unitree_legged_real/share/unitree_legged_real/package.dsv'
[4.220s] INFO:colcon.colcon_core.shell:Creating package script '/ws/install/unitree_legged_real/share/unitree_legged_real/package.sh'
[4.222s] INFO:colcon.colcon_core.shell:Creating package script '/ws/install/unitree_legged_real/share/unitree_legged_real/package.bash'
[4.223s] INFO:colcon.colcon_core.shell:Creating package script '/ws/install/unitree_legged_real/share/unitree_legged_real/package.zsh'
[4.225s] Level 1:colcon.colcon_core.environment:create_file_with_runtime_dependencies(/ws/install/unitree_legged_real/share/colcon-core/packages/unitree_legged_real)
[4.428s] DEBUG:colcon.colcon_core.event_handler.log_command:Invoked command in '/ws/build/unitree_ros2_example' returned '0': AMENT_PREFIX_PATH=/ws/install/unitree_hg:/ws/install/unitree_go:/ws/install/unitree_api:${AMENT_PREFIX_PATH} CMAKE_PREFIX_PATH=/ws/install/unitree_hg:/ws/install/unitree_go:/ws/install/unitree_api:/ws/libtorch:/opt/ros/humble LD_LIBRARY_PATH=/ws/install/unitree_hg/lib:/ws/install/unitree_go/lib:/ws/install/unitree_api/lib:${LD_LIBRARY_PATH} PYTHONPATH=/ws/install/unitree_hg/local/lib/python3.10/dist-packages:/ws/install/unitree_go/local/lib/python3.10/dist-packages:/ws/install/unitree_api/local/lib/python3.10/dist-packages:${PYTHONPATH} /usr/bin/cmake --build /ws/build/unitree_ros2_example -- -j4 -l4
[4.430s] DEBUG:colcon.colcon_core.event_handler.log_command:Invoking command in '/ws/build/unitree_ros2_example': AMENT_PREFIX_PATH=/ws/install/unitree_hg:/ws/install/unitree_go:/ws/install/unitree_api:${AMENT_PREFIX_PATH} CMAKE_PREFIX_PATH=/ws/install/unitree_hg:/ws/install/unitree_go:/ws/install/unitree_api:/ws/libtorch:/opt/ros/humble LD_LIBRARY_PATH=/ws/install/unitree_hg/lib:/ws/install/unitree_go/lib:/ws/install/unitree_api/lib:${LD_LIBRARY_PATH} PYTHONPATH=/ws/install/unitree_hg/local/lib/python3.10/dist-packages:/ws/install/unitree_go/local/lib/python3.10/dist-packages:/ws/install/unitree_api/local/lib/python3.10/dist-packages:${PYTHONPATH} /usr/bin/cmake --install /ws/build/unitree_ros2_example
[4.456s] Level 1:colcon.colcon_core.environment:create_environment_scripts_only(unitree_ros2_example)
[4.456s] Level 1:colcon.colcon_core.environment:checking '/ws/install/unitree_ros2_example' for CMake module files
[4.457s] DEBUG:colcon.colcon_core.event_handler.log_command:Invoked command in '/ws/build/unitree_ros2_example' returned '0': AMENT_PREFIX_PATH=/ws/install/unitree_hg:/ws/install/unitree_go:/ws/install/unitree_api:${AMENT_PREFIX_PATH} CMAKE_PREFIX_PATH=/ws/install/unitree_hg:/ws/install/unitree_go:/ws/install/unitree_api:/ws/libtorch:/opt/ros/humble LD_LIBRARY_PATH=/ws/install/unitree_hg/lib:/ws/install/unitree_go/lib:/ws/install/unitree_api/lib:${LD_LIBRARY_PATH} PYTHONPATH=/ws/install/unitree_hg/local/lib/python3.10/dist-packages:/ws/install/unitree_go/local/lib/python3.10/dist-packages:/ws/install/unitree_api/local/lib/python3.10/dist-packages:${PYTHONPATH} /usr/bin/cmake --install /ws/build/unitree_ros2_example
[4.457s] Level 1:colcon.colcon_core.environment:checking '/ws/install/unitree_ros2_example' for CMake config files
[4.458s] Level 1:colcon.colcon_core.shell:create_environment_hook('unitree_ros2_example', 'cmake_prefix_path')
[4.458s] INFO:colcon.colcon_core.shell:Creating environment hook '/ws/install/unitree_ros2_example/share/unitree_ros2_example/hook/cmake_prefix_path.ps1'
[4.459s] INFO:colcon.colcon_core.shell:Creating environment descriptor '/ws/install/unitree_ros2_example/share/unitree_ros2_example/hook/cmake_prefix_path.dsv'
[4.459s] INFO:colcon.colcon_core.shell:Creating environment hook '/ws/install/unitree_ros2_example/share/unitree_ros2_example/hook/cmake_prefix_path.sh'
[4.460s] Level 1:colcon.colcon_core.environment:checking '/ws/install/unitree_ros2_example/bin'
[4.461s] Level 1:colcon.colcon_core.shell:create_environment_hook('unitree_ros2_example', 'path')
[4.461s] INFO:colcon.colcon_core.shell:Creating environment hook '/ws/install/unitree_ros2_example/share/unitree_ros2_example/hook/path.ps1'
[4.461s] INFO:colcon.colcon_core.shell:Creating environment descriptor '/ws/install/unitree_ros2_example/share/unitree_ros2_example/hook/path.dsv'
[4.462s] INFO:colcon.colcon_core.shell:Creating environment hook '/ws/install/unitree_ros2_example/share/unitree_ros2_example/hook/path.sh'
[4.462s] Level 1:colcon.colcon_core.environment:checking '/ws/install/unitree_ros2_example/lib/pkgconfig/unitree_ros2_example.pc'
[4.463s] Level 1:colcon.colcon_core.environment:checking '/ws/install/unitree_ros2_example/lib/python3.10/site-packages'
[4.463s] Level 1:colcon.colcon_core.environment:checking '/ws/install/unitree_ros2_example/bin'
[4.463s] Level 1:colcon.colcon_core.shell:create_environment_hook('unitree_ros2_example', 'pythonscriptspath')
[4.464s] INFO:colcon.colcon_core.shell:Creating environment hook '/ws/install/unitree_ros2_example/share/unitree_ros2_example/hook/pythonscriptspath.ps1'
[4.464s] INFO:colcon.colcon_core.shell:Creating environment descriptor '/ws/install/unitree_ros2_example/share/unitree_ros2_example/hook/pythonscriptspath.dsv'
[4.465s] INFO:colcon.colcon_core.shell:Creating environment hook '/ws/install/unitree_ros2_example/share/unitree_ros2_example/hook/pythonscriptspath.sh'
[4.466s] INFO:colcon.colcon_core.shell:Creating package script '/ws/install/unitree_ros2_example/share/unitree_ros2_example/package.ps1'
[4.467s] INFO:colcon.colcon_core.shell:Creating package descriptor '/ws/install/unitree_ros2_example/share/unitree_ros2_example/package.dsv'
[4.468s] INFO:colcon.colcon_core.shell:Creating package script '/ws/install/unitree_ros2_example/share/unitree_ros2_example/package.sh'
[4.468s] INFO:colcon.colcon_core.shell:Creating package script '/ws/install/unitree_ros2_example/share/unitree_ros2_example/package.bash'
[4.469s] INFO:colcon.colcon_core.shell:Creating package script '/ws/install/unitree_ros2_example/share/unitree_ros2_example/package.zsh'
[4.469s] Level 1:colcon.colcon_core.environment:create_file_with_runtime_dependencies(/ws/install/unitree_ros2_example/share/colcon-core/packages/unitree_ros2_example)
[4.470s] Level 1:colcon.colcon_core.environment:create_environment_scripts_only(unitree_ros2_example)
[4.471s] Level 1:colcon.colcon_core.environment:checking '/ws/install/unitree_ros2_example' for CMake module files
[4.471s] Level 1:colcon.colcon_core.environment:checking '/ws/install/unitree_ros2_example' for CMake config files
[4.471s] Level 1:colcon.colcon_core.shell:create_environment_hook('unitree_ros2_example', 'cmake_prefix_path')
[4.472s] INFO:colcon.colcon_core.shell:Creating environment hook '/ws/install/unitree_ros2_example/share/unitree_ros2_example/hook/cmake_prefix_path.ps1'
[4.472s] INFO:colcon.colcon_core.shell:Creating environment descriptor '/ws/install/unitree_ros2_example/share/unitree_ros2_example/hook/cmake_prefix_path.dsv'
[4.473s] INFO:colcon.colcon_core.shell:Creating environment hook '/ws/install/unitree_ros2_example/share/unitree_ros2_example/hook/cmake_prefix_path.sh'
[4.474s] Level 1:colcon.colcon_core.environment:checking '/ws/install/unitree_ros2_example/bin'
[4.474s] Level 1:colcon.colcon_core.shell:create_environment_hook('unitree_ros2_example', 'path')
[4.475s] INFO:colcon.colcon_core.shell:Creating environment hook '/ws/install/unitree_ros2_example/share/unitree_ros2_example/hook/path.ps1'
[4.475s] INFO:colcon.colcon_core.shell:Creating environment descriptor '/ws/install/unitree_ros2_example/share/unitree_ros2_example/hook/path.dsv'
[4.476s] INFO:colcon.colcon_core.shell:Creating environment hook '/ws/install/unitree_ros2_example/share/unitree_ros2_example/hook/path.sh'
[4.476s] Level 1:colcon.colcon_core.environment:checking '/ws/install/unitree_ros2_example/lib/pkgconfig/unitree_ros2_example.pc'
[4.476s] Level 1:colcon.colcon_core.environment:checking '/ws/install/unitree_ros2_example/lib/python3.10/site-packages'
[4.477s] Level 1:colcon.colcon_core.environment:checking '/ws/install/unitree_ros2_example/bin'
[4.477s] Level 1:colcon.colcon_core.shell:create_environment_hook('unitree_ros2_example', 'pythonscriptspath')
[4.477s] INFO:colcon.colcon_core.shell:Creating environment hook '/ws/install/unitree_ros2_example/share/unitree_ros2_example/hook/pythonscriptspath.ps1'
[4.478s] INFO:colcon.colcon_core.shell:Creating environment descriptor '/ws/install/unitree_ros2_example/share/unitree_ros2_example/hook/pythonscriptspath.dsv'
[4.478s] INFO:colcon.colcon_core.shell:Creating environment hook '/ws/install/unitree_ros2_example/share/unitree_ros2_example/hook/pythonscriptspath.sh'
[4.479s] INFO:colcon.colcon_core.shell:Creating package script '/ws/install/unitree_ros2_example/share/unitree_ros2_example/package.ps1'
[4.480s] INFO:colcon.colcon_core.shell:Creating package descriptor '/ws/install/unitree_ros2_example/share/unitree_ros2_example/package.dsv'
[4.481s] INFO:colcon.colcon_core.shell:Creating package script '/ws/install/unitree_ros2_example/share/unitree_ros2_example/package.sh'
[4.482s] INFO:colcon.colcon_core.shell:Creating package script '/ws/install/unitree_ros2_example/share/unitree_ros2_example/package.bash'
[4.482s] INFO:colcon.colcon_core.shell:Creating package script '/ws/install/unitree_ros2_example/share/unitree_ros2_example/package.zsh'
[4.483s] Level 1:colcon.colcon_core.environment:create_file_with_runtime_dependencies(/ws/install/unitree_ros2_example/share/colcon-core/packages/unitree_ros2_example)
[4.484s] DEBUG:colcon.colcon_parallel_executor.executor.parallel:closing loop
[4.484s] DEBUG:colcon.colcon_parallel_executor.executor.parallel:loop closed
[4.487s] DEBUG:colcon.colcon_parallel_executor.executor.parallel:run_until_complete finished with '0'
[4.488s] DEBUG:colcon.colcon_core.event_reactor:joining thread
[4.509s] INFO:colcon.colcon_core.plugin_system:Skipping extension 'colcon_notification.desktop_notification.notify_send': Could not find 'notify-send'
[4.509s] INFO:colcon.colcon_core.plugin_system:Skipping extension 'colcon_notification.desktop_notification.terminal_notifier': Not used on non-Darwin systems
[4.509s] INFO:colcon.colcon_core.plugin_system:Skipping extension 'colcon_notification.desktop_notification.win32': Not used on non-Windows systems
[4.509s] INFO:colcon.colcon_notification.desktop_notification:Sending desktop notification using 'notify2'
[4.510s] DEBUG:colcon.colcon_notification.desktop_notification.notify2:Failed to initialize notify2: org.freedesktop.DBus.Error.NotSupported: Unable to autolaunch a dbus-daemon without a $DISPLAY for X11
[4.510s] DEBUG:colcon.colcon_core.event_reactor:joined thread
[4.511s] INFO:colcon.colcon_core.shell:Creating prefix script '/ws/install/local_setup.ps1'
[4.513s] INFO:colcon.colcon_core.shell:Creating prefix util module '/ws/install/_local_setup_util_ps1.py'
[4.515s] INFO:colcon.colcon_core.shell:Creating prefix chain script '/ws/install/setup.ps1'
[4.517s] INFO:colcon.colcon_core.shell:Creating prefix script '/ws/install/local_setup.sh'
[4.518s] INFO:colcon.colcon_core.shell:Creating prefix util module '/ws/install/_local_setup_util_sh.py'
[4.519s] INFO:colcon.colcon_core.shell:Creating prefix chain script '/ws/install/setup.sh'
[4.522s] INFO:colcon.colcon_core.shell:Creating prefix script '/ws/install/local_setup.bash'
[4.523s] INFO:colcon.colcon_core.shell:Creating prefix chain script '/ws/install/setup.bash'
[4.525s] INFO:colcon.colcon_core.shell:Creating prefix script '/ws/install/local_setup.zsh'
[4.526s] INFO:colcon.colcon_core.shell:Creating prefix chain script '/ws/install/setup.zsh'
