[0.000000] (-) TimerEvent: {}
[0.000556] (cyclonedds) JobQueued: {'identifier': 'cyclonedds', 'dependencies': OrderedDict()}
[0.000716] (ros2_unitree_legged_msgs) JobQueued: {'identifier': 'ros2_unitree_legged_msgs', 'dependencies': OrderedDict()}
[0.000824] (unitree_api) JobQueued: {'identifier': 'unitree_api', 'dependencies': OrderedDict()}
[0.000849] (unitree_go) JobQueued: {'identifier': 'unitree_go', 'dependencies': OrderedDict()}
[0.000872] (unitree_hg) JobQueued: {'identifier': 'unitree_hg', 'dependencies': OrderedDict()}
[0.000894] (rmw_cyclonedds_cpp) JobQueued: {'identifier': 'rmw_cyclonedds_cpp', 'dependencies': OrderedDict([('cyclonedds', '/home/ruben/go2_deploy/workhop_rl/install/cyclonedds')])}
[0.000920] (stand_go2) JobQueued: {'identifier': 'stand_go2', 'dependencies': OrderedDict([('unitree_api', '/home/ruben/go2_deploy/workhop_rl/install/unitree_api'), ('unitree_go', '/home/ruben/go2_deploy/workhop_rl/install/unitree_go')])}
[0.000945] (unitree_mujoco) JobQueued: {'identifier': 'unitree_mujoco', 'dependencies': OrderedDict([('unitree_api', '/home/ruben/go2_deploy/workhop_rl/install/unitree_api'), ('unitree_go', '/home/ruben/go2_deploy/workhop_rl/install/unitree_go')])}
[0.000971] (unitree_rl_controller) JobQueued: {'identifier': 'unitree_rl_controller', 'dependencies': OrderedDict([('ros2_unitree_legged_msgs', '/home/ruben/go2_deploy/workhop_rl/install/ros2_unitree_legged_msgs')])}
[0.001007] (unitree_ros2_example) JobQueued: {'identifier': 'unitree_ros2_example', 'dependencies': OrderedDict([('unitree_api', '/home/ruben/go2_deploy/workhop_rl/install/unitree_api'), ('unitree_go', '/home/ruben/go2_deploy/workhop_rl/install/unitree_go'), ('unitree_hg', '/home/ruben/go2_deploy/workhop_rl/install/unitree_hg')])}
[0.001214] (unitree_legged_real) JobQueued: {'identifier': 'unitree_legged_real', 'dependencies': OrderedDict([('ros2_unitree_legged_msgs', '/home/ruben/go2_deploy/workhop_rl/install/ros2_unitree_legged_msgs'), ('unitree_api', '/home/ruben/go2_deploy/workhop_rl/install/unitree_api'), ('unitree_go', '/home/ruben/go2_deploy/workhop_rl/install/unitree_go'), ('unitree_rl_controller', '/home/ruben/go2_deploy/workhop_rl/install/unitree_rl_controller')])}
[0.001258] (unitree_api) JobStarted: {'identifier': 'unitree_api'}
[0.003970] (unitree_go) JobStarted: {'identifier': 'unitree_go'}
[0.007004] (ros2_unitree_legged_msgs) JobStarted: {'identifier': 'ros2_unitree_legged_msgs'}
[0.009580] (cyclonedds) JobStarted: {'identifier': 'cyclonedds'}
[0.010724] (unitree_hg) JobStarted: {'identifier': 'unitree_hg'}
[0.013001] (unitree_api) JobProgress: {'identifier': 'unitree_api', 'progress': 'cmake'}
[0.013366] (unitree_api) Command: {'cmd': ['/usr/bin/cmake', '/home/ruben/go2_deploy/workhop_rl/src/unitree_ros2/cyclonedds_ws/src/unitree/unitree_api', '-DCMAKE_INSTALL_PREFIX=/home/ruben/go2_deploy/workhop_rl/install/unitree_api'], 'cwd': '/home/ruben/go2_deploy/workhop_rl/build/unitree_api', 'env': OrderedDict([('LESSOPEN', '| /usr/bin/lesspipe %s'), ('CONDA_PROMPT_MODIFIER', ''), ('USER', 'ruben'), ('LC_TIME', 'ru_RU.UTF-8'), ('XDG_SESSION_TYPE', 'x11'), ('SHLVL', '1'), ('LD_LIBRARY_PATH', '/usr/lib/x86_64-linux-gnu/gazebo-11/plugins:/opt/ros/humble/opt/rviz_ogre_vendor/lib:/opt/ros/humble/lib/x86_64-linux-gnu:/opt/ros/humble/lib'), ('HOME', '/home/ruben'), ('CONDA_SHLVL', '0'), ('CYCLONEDDS_URI', '<CycloneDDS><Domain><General><Interfaces>\n                            <NetworkInterface name="lo" priority="default" multicast="default" />\n                        </Interfaces></General></Domain></CycloneDDS>'), ('OLDPWD', '/home/ruben/go2_deploy/workhop_rl/src'), ('DESKTOP_SESSION', 'ubuntu'), ('ROS_PYTHON_VERSION', '3'), ('GNOME_SHELL_SESSION_MODE', 'ubuntu'), ('GTK_MODULES', 'gail:atk-bridge'), ('LC_MONETARY', 'ru_RU.UTF-8'), ('SYSTEMD_EXEC_PID', '2945'), ('DBUS_SESSION_BUS_ADDRESS', 'unix:path=/run/user/1000/bus'), ('COLORTERM', 'truecolor'), ('_CE_M', ''), ('_CONDA_ROOT', '/home/ruben/miniconda3'), ('ROS_DISTRO', 'humble'), ('GTK_IM_MODULE', 'ibus'), ('LOGNAME', 'ruben'), ('_', '/usr/bin/colcon'), ('ROS_VERSION', '2'), ('XDG_SESSION_CLASS', 'user'), ('USERNAME', 'ruben'), ('TERM', 'xterm-256color'), ('GNOME_DESKTOP_SESSION_ID', 'this-is-deprecated'), ('_CE_CONDA', ''), ('ROS_LOCALHOST_ONLY', '0'), ('WINDOWPATH', '2'), ('PATH', '/opt/ros/humble/bin:/home/ruben/miniconda3/condabin:/usr/local/sbin:/usr/local/bin:/usr/sbin:/usr/bin:/sbin:/bin:/usr/games:/usr/local/games:/snap/bin:/snap/bin'), ('SESSION_MANAGER', 'local/ruben:@/tmp/.ICE-unix/2916,unix/ruben:/tmp/.ICE-unix/2916'), ('XDG_MENU_PREFIX', 'gnome-'), ('LC_ADDRESS', 'ru_RU.UTF-8'), ('GNOME_TERMINAL_SCREEN', '/org/gnome/Terminal/screen/a128e479_87a9_4f71_b049_48318ab91614'), ('XDG_RUNTIME_DIR', '/run/user/1000'), ('DISPLAY', ':1'), ('LANG', 'en_US.UTF-8'), ('XDG_CURRENT_DESKTOP', 'ubuntu:GNOME'), ('LC_TELEPHONE', 'ru_RU.UTF-8'), ('RMW_IMPLEMENTATION', 'rmw_cyclonedds_cpp'), ('XMODIFIERS', '@im=ibus'), ('XDG_SESSION_DESKTOP', 'ubuntu'), ('XAUTHORITY', '/run/user/1000/gdm/Xauthority'), ('LS_COLORS', 'rs=0:di=01;34:ln=01;36:mh=00:pi=40;33:so=01;35:do=01;35:bd=40;33;01:cd=40;33;01:or=40;31;01:mi=00:su=37;41:sg=30;43:ca=30;41:tw=30;42:ow=34;42:st=37;44:ex=01;32:*.tar=01;31:*.tgz=01;31:*.arc=01;31:*.arj=01;31:*.taz=01;31:*.lha=01;31:*.lz4=01;31:*.lzh=01;31:*.lzma=01;31:*.tlz=01;31:*.txz=01;31:*.tzo=01;31:*.t7z=01;31:*.zip=01;31:*.z=01;31:*.dz=01;31:*.gz=01;31:*.lrz=01;31:*.lz=01;31:*.lzo=01;31:*.xz=01;31:*.zst=01;31:*.tzst=01;31:*.bz2=01;31:*.bz=01;31:*.tbz=01;31:*.tbz2=01;31:*.tz=01;31:*.deb=01;31:*.rpm=01;31:*.jar=01;31:*.war=01;31:*.ear=01;31:*.sar=01;31:*.rar=01;31:*.alz=01;31:*.ace=01;31:*.zoo=01;31:*.cpio=01;31:*.7z=01;31:*.rz=01;31:*.cab=01;31:*.wim=01;31:*.swm=01;31:*.dwm=01;31:*.esd=01;31:*.jpg=01;35:*.jpeg=01;35:*.mjpg=01;35:*.mjpeg=01;35:*.gif=01;35:*.bmp=01;35:*.pbm=01;35:*.pgm=01;35:*.ppm=01;35:*.tga=01;35:*.xbm=01;35:*.xpm=01;35:*.tif=01;35:*.tiff=01;35:*.png=01;35:*.svg=01;35:*.svgz=01;35:*.mng=01;35:*.pcx=01;35:*.mov=01;35:*.mpg=01;35:*.mpeg=01;35:*.m2v=01;35:*.mkv=01;35:*.webm=01;35:*.webp=01;35:*.ogm=01;35:*.mp4=01;35:*.m4v=01;35:*.mp4v=01;35:*.vob=01;35:*.qt=01;35:*.nuv=01;35:*.wmv=01;35:*.asf=01;35:*.rm=01;35:*.rmvb=01;35:*.flc=01;35:*.avi=01;35:*.fli=01;35:*.flv=01;35:*.gl=01;35:*.dl=01;35:*.xcf=01;35:*.xwd=01;35:*.yuv=01;35:*.cgm=01;35:*.emf=01;35:*.ogv=01;35:*.ogx=01;35:*.aac=00;36:*.au=00;36:*.flac=00;36:*.m4a=00;36:*.mid=00;36:*.midi=00;36:*.mka=00;36:*.mp3=00;36:*.mpc=00;36:*.ogg=00;36:*.ra=00;36:*.wav=00;36:*.oga=00;36:*.opus=00;36:*.spx=00;36:*.xspf=00;36:'), ('GNOME_TERMINAL_SERVICE', ':1.92'), ('SSH_AGENT_LAUNCHER', 'gnome-keyring'), ('SSH_AUTH_SOCK', '/run/user/1000/keyring/ssh'), ('ROS_DOMAIN_ID', '1'), ('AMENT_PREFIX_PATH', '/opt/ros/humble'), ('CONDA_PYTHON_EXE', '/home/ruben/miniconda3/bin/python'), ('SHELL', '/bin/bash'), ('LC_NAME', 'ru_RU.UTF-8'), ('QT_ACCESSIBILITY', '1'), ('GDMSESSION', 'ubuntu'), ('Torch_DIR', '/path/to/your/libtorch'), ('LESSCLOSE', '/usr/bin/lesspipe %s %s'), ('CONDA_DEFAULT_ENV', ''), ('LC_MEASUREMENT', 'ru_RU.UTF-8'), ('GPG_AGENT_INFO', '/run/user/1000/gnupg/S.gpg-agent:0:1'), ('_CONDA_EXE', '/home/ruben/miniconda3/bin/conda'), ('LC_IDENTIFICATION', 'ru_RU.UTF-8'), ('QT_IM_MODULE', 'ibus'), ('PWD', '/home/ruben/go2_deploy/workhop_rl/build/unitree_api'), ('XDG_CONFIG_DIRS', '/etc/xdg/xdg-ubuntu:/etc/xdg'), ('CONDA_EXE', '/home/ruben/miniconda3/bin/conda'), ('XDG_DATA_DIRS', '/usr/share/ubuntu:/usr/share/gnome:/usr/local/share/:/usr/share/:/var/lib/snapd/desktop'), ('PYTHONPATH', '/opt/ros/humble/lib/python3.10/site-packages:/opt/ros/humble/local/lib/python3.10/dist-packages'), ('LC_NUMERIC', 'ru_RU.UTF-8'), ('CONDA_PREFIX', ''), ('LC_PAPER', 'ru_RU.UTF-8'), ('COLCON', '1'), ('VTE_VERSION', '6800'), ('CMAKE_PREFIX_PATH', '/opt/ros/humble')]), 'shell': False}
[0.014738] (unitree_go) JobProgress: {'identifier': 'unitree_go', 'progress': 'cmake'}
[0.014941] (unitree_go) Command: {'cmd': ['/usr/bin/cmake', '/home/ruben/go2_deploy/workhop_rl/src/unitree_ros2/cyclonedds_ws/src/unitree/unitree_go', '-DCMAKE_INSTALL_PREFIX=/home/ruben/go2_deploy/workhop_rl/install/unitree_go'], 'cwd': '/home/ruben/go2_deploy/workhop_rl/build/unitree_go', 'env': OrderedDict([('LESSOPEN', '| /usr/bin/lesspipe %s'), ('CONDA_PROMPT_MODIFIER', ''), ('USER', 'ruben'), ('LC_TIME', 'ru_RU.UTF-8'), ('XDG_SESSION_TYPE', 'x11'), ('SHLVL', '1'), ('LD_LIBRARY_PATH', '/usr/lib/x86_64-linux-gnu/gazebo-11/plugins:/opt/ros/humble/opt/rviz_ogre_vendor/lib:/opt/ros/humble/lib/x86_64-linux-gnu:/opt/ros/humble/lib'), ('HOME', '/home/ruben'), ('CONDA_SHLVL', '0'), ('CYCLONEDDS_URI', '<CycloneDDS><Domain><General><Interfaces>\n                            <NetworkInterface name="lo" priority="default" multicast="default" />\n                        </Interfaces></General></Domain></CycloneDDS>'), ('OLDPWD', '/home/ruben/go2_deploy/workhop_rl/src'), ('DESKTOP_SESSION', 'ubuntu'), ('ROS_PYTHON_VERSION', '3'), ('GNOME_SHELL_SESSION_MODE', 'ubuntu'), ('GTK_MODULES', 'gail:atk-bridge'), ('LC_MONETARY', 'ru_RU.UTF-8'), ('SYSTEMD_EXEC_PID', '2945'), ('DBUS_SESSION_BUS_ADDRESS', 'unix:path=/run/user/1000/bus'), ('COLORTERM', 'truecolor'), ('_CE_M', ''), ('_CONDA_ROOT', '/home/ruben/miniconda3'), ('ROS_DISTRO', 'humble'), ('GTK_IM_MODULE', 'ibus'), ('LOGNAME', 'ruben'), ('_', '/usr/bin/colcon'), ('ROS_VERSION', '2'), ('XDG_SESSION_CLASS', 'user'), ('USERNAME', 'ruben'), ('TERM', 'xterm-256color'), ('GNOME_DESKTOP_SESSION_ID', 'this-is-deprecated'), ('_CE_CONDA', ''), ('ROS_LOCALHOST_ONLY', '0'), ('WINDOWPATH', '2'), ('PATH', '/opt/ros/humble/bin:/home/ruben/miniconda3/condabin:/usr/local/sbin:/usr/local/bin:/usr/sbin:/usr/bin:/sbin:/bin:/usr/games:/usr/local/games:/snap/bin:/snap/bin'), ('SESSION_MANAGER', 'local/ruben:@/tmp/.ICE-unix/2916,unix/ruben:/tmp/.ICE-unix/2916'), ('XDG_MENU_PREFIX', 'gnome-'), ('LC_ADDRESS', 'ru_RU.UTF-8'), ('GNOME_TERMINAL_SCREEN', '/org/gnome/Terminal/screen/a128e479_87a9_4f71_b049_48318ab91614'), ('XDG_RUNTIME_DIR', '/run/user/1000'), ('DISPLAY', ':1'), ('LANG', 'en_US.UTF-8'), ('XDG_CURRENT_DESKTOP', 'ubuntu:GNOME'), ('LC_TELEPHONE', 'ru_RU.UTF-8'), ('RMW_IMPLEMENTATION', 'rmw_cyclonedds_cpp'), ('XMODIFIERS', '@im=ibus'), ('XDG_SESSION_DESKTOP', 'ubuntu'), ('XAUTHORITY', '/run/user/1000/gdm/Xauthority'), ('LS_COLORS', 'rs=0:di=01;34:ln=01;36:mh=00:pi=40;33:so=01;35:do=01;35:bd=40;33;01:cd=40;33;01:or=40;31;01:mi=00:su=37;41:sg=30;43:ca=30;41:tw=30;42:ow=34;42:st=37;44:ex=01;32:*.tar=01;31:*.tgz=01;31:*.arc=01;31:*.arj=01;31:*.taz=01;31:*.lha=01;31:*.lz4=01;31:*.lzh=01;31:*.lzma=01;31:*.tlz=01;31:*.txz=01;31:*.tzo=01;31:*.t7z=01;31:*.zip=01;31:*.z=01;31:*.dz=01;31:*.gz=01;31:*.lrz=01;31:*.lz=01;31:*.lzo=01;31:*.xz=01;31:*.zst=01;31:*.tzst=01;31:*.bz2=01;31:*.bz=01;31:*.tbz=01;31:*.tbz2=01;31:*.tz=01;31:*.deb=01;31:*.rpm=01;31:*.jar=01;31:*.war=01;31:*.ear=01;31:*.sar=01;31:*.rar=01;31:*.alz=01;31:*.ace=01;31:*.zoo=01;31:*.cpio=01;31:*.7z=01;31:*.rz=01;31:*.cab=01;31:*.wim=01;31:*.swm=01;31:*.dwm=01;31:*.esd=01;31:*.jpg=01;35:*.jpeg=01;35:*.mjpg=01;35:*.mjpeg=01;35:*.gif=01;35:*.bmp=01;35:*.pbm=01;35:*.pgm=01;35:*.ppm=01;35:*.tga=01;35:*.xbm=01;35:*.xpm=01;35:*.tif=01;35:*.tiff=01;35:*.png=01;35:*.svg=01;35:*.svgz=01;35:*.mng=01;35:*.pcx=01;35:*.mov=01;35:*.mpg=01;35:*.mpeg=01;35:*.m2v=01;35:*.mkv=01;35:*.webm=01;35:*.webp=01;35:*.ogm=01;35:*.mp4=01;35:*.m4v=01;35:*.mp4v=01;35:*.vob=01;35:*.qt=01;35:*.nuv=01;35:*.wmv=01;35:*.asf=01;35:*.rm=01;35:*.rmvb=01;35:*.flc=01;35:*.avi=01;35:*.fli=01;35:*.flv=01;35:*.gl=01;35:*.dl=01;35:*.xcf=01;35:*.xwd=01;35:*.yuv=01;35:*.cgm=01;35:*.emf=01;35:*.ogv=01;35:*.ogx=01;35:*.aac=00;36:*.au=00;36:*.flac=00;36:*.m4a=00;36:*.mid=00;36:*.midi=00;36:*.mka=00;36:*.mp3=00;36:*.mpc=00;36:*.ogg=00;36:*.ra=00;36:*.wav=00;36:*.oga=00;36:*.opus=00;36:*.spx=00;36:*.xspf=00;36:'), ('GNOME_TERMINAL_SERVICE', ':1.92'), ('SSH_AGENT_LAUNCHER', 'gnome-keyring'), ('SSH_AUTH_SOCK', '/run/user/1000/keyring/ssh'), ('ROS_DOMAIN_ID', '1'), ('AMENT_PREFIX_PATH', '/opt/ros/humble'), ('CONDA_PYTHON_EXE', '/home/ruben/miniconda3/bin/python'), ('SHELL', '/bin/bash'), ('LC_NAME', 'ru_RU.UTF-8'), ('QT_ACCESSIBILITY', '1'), ('GDMSESSION', 'ubuntu'), ('Torch_DIR', '/path/to/your/libtorch'), ('LESSCLOSE', '/usr/bin/lesspipe %s %s'), ('CONDA_DEFAULT_ENV', ''), ('LC_MEASUREMENT', 'ru_RU.UTF-8'), ('GPG_AGENT_INFO', '/run/user/1000/gnupg/S.gpg-agent:0:1'), ('_CONDA_EXE', '/home/ruben/miniconda3/bin/conda'), ('LC_IDENTIFICATION', 'ru_RU.UTF-8'), ('QT_IM_MODULE', 'ibus'), ('PWD', '/home/ruben/go2_deploy/workhop_rl/build/unitree_go'), ('XDG_CONFIG_DIRS', '/etc/xdg/xdg-ubuntu:/etc/xdg'), ('CONDA_EXE', '/home/ruben/miniconda3/bin/conda'), ('XDG_DATA_DIRS', '/usr/share/ubuntu:/usr/share/gnome:/usr/local/share/:/usr/share/:/var/lib/snapd/desktop'), ('PYTHONPATH', '/opt/ros/humble/lib/python3.10/site-packages:/opt/ros/humble/local/lib/python3.10/dist-packages'), ('LC_NUMERIC', 'ru_RU.UTF-8'), ('CONDA_PREFIX', ''), ('LC_PAPER', 'ru_RU.UTF-8'), ('COLCON', '1'), ('VTE_VERSION', '6800'), ('CMAKE_PREFIX_PATH', '/opt/ros/humble')]), 'shell': False}
[0.015669] (ros2_unitree_legged_msgs) JobProgress: {'identifier': 'ros2_unitree_legged_msgs', 'progress': 'cmake'}
[0.015872] (ros2_unitree_legged_msgs) Command: {'cmd': ['/usr/bin/cmake', '/home/ruben/go2_deploy/workhop_rl/src/ros2_unitree_legged_msgs', '-DCMAKE_INSTALL_PREFIX=/home/ruben/go2_deploy/workhop_rl/install/ros2_unitree_legged_msgs'], 'cwd': '/home/ruben/go2_deploy/workhop_rl/build/ros2_unitree_legged_msgs', 'env': OrderedDict([('LESSOPEN', '| /usr/bin/lesspipe %s'), ('CONDA_PROMPT_MODIFIER', ''), ('USER', 'ruben'), ('LC_TIME', 'ru_RU.UTF-8'), ('XDG_SESSION_TYPE', 'x11'), ('SHLVL', '1'), ('LD_LIBRARY_PATH', '/usr/lib/x86_64-linux-gnu/gazebo-11/plugins:/opt/ros/humble/opt/rviz_ogre_vendor/lib:/opt/ros/humble/lib/x86_64-linux-gnu:/opt/ros/humble/lib'), ('HOME', '/home/ruben'), ('CONDA_SHLVL', '0'), ('CYCLONEDDS_URI', '<CycloneDDS><Domain><General><Interfaces>\n                            <NetworkInterface name="lo" priority="default" multicast="default" />\n                        </Interfaces></General></Domain></CycloneDDS>'), ('OLDPWD', '/home/ruben/go2_deploy/workhop_rl/src'), ('DESKTOP_SESSION', 'ubuntu'), ('ROS_PYTHON_VERSION', '3'), ('GNOME_SHELL_SESSION_MODE', 'ubuntu'), ('GTK_MODULES', 'gail:atk-bridge'), ('LC_MONETARY', 'ru_RU.UTF-8'), ('SYSTEMD_EXEC_PID', '2945'), ('DBUS_SESSION_BUS_ADDRESS', 'unix:path=/run/user/1000/bus'), ('COLORTERM', 'truecolor'), ('_CE_M', ''), ('_CONDA_ROOT', '/home/ruben/miniconda3'), ('ROS_DISTRO', 'humble'), ('GTK_IM_MODULE', 'ibus'), ('LOGNAME', 'ruben'), ('_', '/usr/bin/colcon'), ('ROS_VERSION', '2'), ('XDG_SESSION_CLASS', 'user'), ('USERNAME', 'ruben'), ('TERM', 'xterm-256color'), ('GNOME_DESKTOP_SESSION_ID', 'this-is-deprecated'), ('_CE_CONDA', ''), ('ROS_LOCALHOST_ONLY', '0'), ('WINDOWPATH', '2'), ('PATH', '/opt/ros/humble/bin:/home/ruben/miniconda3/condabin:/usr/local/sbin:/usr/local/bin:/usr/sbin:/usr/bin:/sbin:/bin:/usr/games:/usr/local/games:/snap/bin:/snap/bin'), ('SESSION_MANAGER', 'local/ruben:@/tmp/.ICE-unix/2916,unix/ruben:/tmp/.ICE-unix/2916'), ('XDG_MENU_PREFIX', 'gnome-'), ('LC_ADDRESS', 'ru_RU.UTF-8'), ('GNOME_TERMINAL_SCREEN', '/org/gnome/Terminal/screen/a128e479_87a9_4f71_b049_48318ab91614'), ('XDG_RUNTIME_DIR', '/run/user/1000'), ('DISPLAY', ':1'), ('LANG', 'en_US.UTF-8'), ('XDG_CURRENT_DESKTOP', 'ubuntu:GNOME'), ('LC_TELEPHONE', 'ru_RU.UTF-8'), ('RMW_IMPLEMENTATION', 'rmw_cyclonedds_cpp'), ('XMODIFIERS', '@im=ibus'), ('XDG_SESSION_DESKTOP', 'ubuntu'), ('XAUTHORITY', '/run/user/1000/gdm/Xauthority'), ('LS_COLORS', 'rs=0:di=01;34:ln=01;36:mh=00:pi=40;33:so=01;35:do=01;35:bd=40;33;01:cd=40;33;01:or=40;31;01:mi=00:su=37;41:sg=30;43:ca=30;41:tw=30;42:ow=34;42:st=37;44:ex=01;32:*.tar=01;31:*.tgz=01;31:*.arc=01;31:*.arj=01;31:*.taz=01;31:*.lha=01;31:*.lz4=01;31:*.lzh=01;31:*.lzma=01;31:*.tlz=01;31:*.txz=01;31:*.tzo=01;31:*.t7z=01;31:*.zip=01;31:*.z=01;31:*.dz=01;31:*.gz=01;31:*.lrz=01;31:*.lz=01;31:*.lzo=01;31:*.xz=01;31:*.zst=01;31:*.tzst=01;31:*.bz2=01;31:*.bz=01;31:*.tbz=01;31:*.tbz2=01;31:*.tz=01;31:*.deb=01;31:*.rpm=01;31:*.jar=01;31:*.war=01;31:*.ear=01;31:*.sar=01;31:*.rar=01;31:*.alz=01;31:*.ace=01;31:*.zoo=01;31:*.cpio=01;31:*.7z=01;31:*.rz=01;31:*.cab=01;31:*.wim=01;31:*.swm=01;31:*.dwm=01;31:*.esd=01;31:*.jpg=01;35:*.jpeg=01;35:*.mjpg=01;35:*.mjpeg=01;35:*.gif=01;35:*.bmp=01;35:*.pbm=01;35:*.pgm=01;35:*.ppm=01;35:*.tga=01;35:*.xbm=01;35:*.xpm=01;35:*.tif=01;35:*.tiff=01;35:*.png=01;35:*.svg=01;35:*.svgz=01;35:*.mng=01;35:*.pcx=01;35:*.mov=01;35:*.mpg=01;35:*.mpeg=01;35:*.m2v=01;35:*.mkv=01;35:*.webm=01;35:*.webp=01;35:*.ogm=01;35:*.mp4=01;35:*.m4v=01;35:*.mp4v=01;35:*.vob=01;35:*.qt=01;35:*.nuv=01;35:*.wmv=01;35:*.asf=01;35:*.rm=01;35:*.rmvb=01;35:*.flc=01;35:*.avi=01;35:*.fli=01;35:*.flv=01;35:*.gl=01;35:*.dl=01;35:*.xcf=01;35:*.xwd=01;35:*.yuv=01;35:*.cgm=01;35:*.emf=01;35:*.ogv=01;35:*.ogx=01;35:*.aac=00;36:*.au=00;36:*.flac=00;36:*.m4a=00;36:*.mid=00;36:*.midi=00;36:*.mka=00;36:*.mp3=00;36:*.mpc=00;36:*.ogg=00;36:*.ra=00;36:*.wav=00;36:*.oga=00;36:*.opus=00;36:*.spx=00;36:*.xspf=00;36:'), ('GNOME_TERMINAL_SERVICE', ':1.92'), ('SSH_AGENT_LAUNCHER', 'gnome-keyring'), ('SSH_AUTH_SOCK', '/run/user/1000/keyring/ssh'), ('ROS_DOMAIN_ID', '1'), ('AMENT_PREFIX_PATH', '/opt/ros/humble'), ('CONDA_PYTHON_EXE', '/home/ruben/miniconda3/bin/python'), ('SHELL', '/bin/bash'), ('LC_NAME', 'ru_RU.UTF-8'), ('QT_ACCESSIBILITY', '1'), ('GDMSESSION', 'ubuntu'), ('Torch_DIR', '/path/to/your/libtorch'), ('LESSCLOSE', '/usr/bin/lesspipe %s %s'), ('CONDA_DEFAULT_ENV', ''), ('LC_MEASUREMENT', 'ru_RU.UTF-8'), ('GPG_AGENT_INFO', '/run/user/1000/gnupg/S.gpg-agent:0:1'), ('_CONDA_EXE', '/home/ruben/miniconda3/bin/conda'), ('LC_IDENTIFICATION', 'ru_RU.UTF-8'), ('QT_IM_MODULE', 'ibus'), ('PWD', '/home/ruben/go2_deploy/workhop_rl/build/ros2_unitree_legged_msgs'), ('XDG_CONFIG_DIRS', '/etc/xdg/xdg-ubuntu:/etc/xdg'), ('CONDA_EXE', '/home/ruben/miniconda3/bin/conda'), ('XDG_DATA_DIRS', '/usr/share/ubuntu:/usr/share/gnome:/usr/local/share/:/usr/share/:/var/lib/snapd/desktop'), ('PYTHONPATH', '/opt/ros/humble/lib/python3.10/site-packages:/opt/ros/humble/local/lib/python3.10/dist-packages'), ('LC_NUMERIC', 'ru_RU.UTF-8'), ('CONDA_PREFIX', ''), ('LC_PAPER', 'ru_RU.UTF-8'), ('COLCON', '1'), ('VTE_VERSION', '6800'), ('CMAKE_PREFIX_PATH', '/opt/ros/humble')]), 'shell': False}
[0.016649] (cyclonedds) JobProgress: {'identifier': 'cyclonedds', 'progress': 'cmake'}
[0.016948] (cyclonedds) Command: {'cmd': ['/usr/bin/cmake', '/home/ruben/go2_deploy/workhop_rl/src/unitree_ros2/cyclonedds_ws/src/cyclonedds', '-DBUILD_IDLC=AUTO', '-DCMAKE_INSTALL_PREFIX=/home/ruben/go2_deploy/workhop_rl/install/cyclonedds'], 'cwd': '/home/ruben/go2_deploy/workhop_rl/build/cyclonedds', 'env': OrderedDict([('LESSOPEN', '| /usr/bin/lesspipe %s'), ('CONDA_PROMPT_MODIFIER', ''), ('USER', 'ruben'), ('LC_TIME', 'ru_RU.UTF-8'), ('XDG_SESSION_TYPE', 'x11'), ('SHLVL', '1'), ('LD_LIBRARY_PATH', '/usr/lib/x86_64-linux-gnu/gazebo-11/plugins:/opt/ros/humble/opt/rviz_ogre_vendor/lib:/opt/ros/humble/lib/x86_64-linux-gnu:/opt/ros/humble/lib'), ('HOME', '/home/ruben'), ('CONDA_SHLVL', '0'), ('CYCLONEDDS_URI', '<CycloneDDS><Domain><General><Interfaces>\n                            <NetworkInterface name="lo" priority="default" multicast="default" />\n                        </Interfaces></General></Domain></CycloneDDS>'), ('OLDPWD', '/home/ruben/go2_deploy/workhop_rl/src'), ('DESKTOP_SESSION', 'ubuntu'), ('ROS_PYTHON_VERSION', '3'), ('GNOME_SHELL_SESSION_MODE', 'ubuntu'), ('GTK_MODULES', 'gail:atk-bridge'), ('LC_MONETARY', 'ru_RU.UTF-8'), ('SYSTEMD_EXEC_PID', '2945'), ('DBUS_SESSION_BUS_ADDRESS', 'unix:path=/run/user/1000/bus'), ('COLORTERM', 'truecolor'), ('_CE_M', ''), ('_CONDA_ROOT', '/home/ruben/miniconda3'), ('ROS_DISTRO', 'humble'), ('GTK_IM_MODULE', 'ibus'), ('LOGNAME', 'ruben'), ('_', '/usr/bin/colcon'), ('ROS_VERSION', '2'), ('XDG_SESSION_CLASS', 'user'), ('USERNAME', 'ruben'), ('TERM', 'xterm-256color'), ('GNOME_DESKTOP_SESSION_ID', 'this-is-deprecated'), ('_CE_CONDA', ''), ('ROS_LOCALHOST_ONLY', '0'), ('WINDOWPATH', '2'), ('PATH', '/opt/ros/humble/bin:/home/ruben/miniconda3/condabin:/usr/local/sbin:/usr/local/bin:/usr/sbin:/usr/bin:/sbin:/bin:/usr/games:/usr/local/games:/snap/bin:/snap/bin'), ('SESSION_MANAGER', 'local/ruben:@/tmp/.ICE-unix/2916,unix/ruben:/tmp/.ICE-unix/2916'), ('XDG_MENU_PREFIX', 'gnome-'), ('LC_ADDRESS', 'ru_RU.UTF-8'), ('GNOME_TERMINAL_SCREEN', '/org/gnome/Terminal/screen/a128e479_87a9_4f71_b049_48318ab91614'), ('XDG_RUNTIME_DIR', '/run/user/1000'), ('DISPLAY', ':1'), ('LANG', 'en_US.UTF-8'), ('XDG_CURRENT_DESKTOP', 'ubuntu:GNOME'), ('LC_TELEPHONE', 'ru_RU.UTF-8'), ('RMW_IMPLEMENTATION', 'rmw_cyclonedds_cpp'), ('XMODIFIERS', '@im=ibus'), ('XDG_SESSION_DESKTOP', 'ubuntu'), ('XAUTHORITY', '/run/user/1000/gdm/Xauthority'), ('LS_COLORS', 'rs=0:di=01;34:ln=01;36:mh=00:pi=40;33:so=01;35:do=01;35:bd=40;33;01:cd=40;33;01:or=40;31;01:mi=00:su=37;41:sg=30;43:ca=30;41:tw=30;42:ow=34;42:st=37;44:ex=01;32:*.tar=01;31:*.tgz=01;31:*.arc=01;31:*.arj=01;31:*.taz=01;31:*.lha=01;31:*.lz4=01;31:*.lzh=01;31:*.lzma=01;31:*.tlz=01;31:*.txz=01;31:*.tzo=01;31:*.t7z=01;31:*.zip=01;31:*.z=01;31:*.dz=01;31:*.gz=01;31:*.lrz=01;31:*.lz=01;31:*.lzo=01;31:*.xz=01;31:*.zst=01;31:*.tzst=01;31:*.bz2=01;31:*.bz=01;31:*.tbz=01;31:*.tbz2=01;31:*.tz=01;31:*.deb=01;31:*.rpm=01;31:*.jar=01;31:*.war=01;31:*.ear=01;31:*.sar=01;31:*.rar=01;31:*.alz=01;31:*.ace=01;31:*.zoo=01;31:*.cpio=01;31:*.7z=01;31:*.rz=01;31:*.cab=01;31:*.wim=01;31:*.swm=01;31:*.dwm=01;31:*.esd=01;31:*.jpg=01;35:*.jpeg=01;35:*.mjpg=01;35:*.mjpeg=01;35:*.gif=01;35:*.bmp=01;35:*.pbm=01;35:*.pgm=01;35:*.ppm=01;35:*.tga=01;35:*.xbm=01;35:*.xpm=01;35:*.tif=01;35:*.tiff=01;35:*.png=01;35:*.svg=01;35:*.svgz=01;35:*.mng=01;35:*.pcx=01;35:*.mov=01;35:*.mpg=01;35:*.mpeg=01;35:*.m2v=01;35:*.mkv=01;35:*.webm=01;35:*.webp=01;35:*.ogm=01;35:*.mp4=01;35:*.m4v=01;35:*.mp4v=01;35:*.vob=01;35:*.qt=01;35:*.nuv=01;35:*.wmv=01;35:*.asf=01;35:*.rm=01;35:*.rmvb=01;35:*.flc=01;35:*.avi=01;35:*.fli=01;35:*.flv=01;35:*.gl=01;35:*.dl=01;35:*.xcf=01;35:*.xwd=01;35:*.yuv=01;35:*.cgm=01;35:*.emf=01;35:*.ogv=01;35:*.ogx=01;35:*.aac=00;36:*.au=00;36:*.flac=00;36:*.m4a=00;36:*.mid=00;36:*.midi=00;36:*.mka=00;36:*.mp3=00;36:*.mpc=00;36:*.ogg=00;36:*.ra=00;36:*.wav=00;36:*.oga=00;36:*.opus=00;36:*.spx=00;36:*.xspf=00;36:'), ('GNOME_TERMINAL_SERVICE', ':1.92'), ('SSH_AGENT_LAUNCHER', 'gnome-keyring'), ('SSH_AUTH_SOCK', '/run/user/1000/keyring/ssh'), ('ROS_DOMAIN_ID', '1'), ('AMENT_PREFIX_PATH', '/opt/ros/humble'), ('CONDA_PYTHON_EXE', '/home/ruben/miniconda3/bin/python'), ('SHELL', '/bin/bash'), ('LC_NAME', 'ru_RU.UTF-8'), ('QT_ACCESSIBILITY', '1'), ('GDMSESSION', 'ubuntu'), ('Torch_DIR', '/path/to/your/libtorch'), ('LESSCLOSE', '/usr/bin/lesspipe %s %s'), ('CONDA_DEFAULT_ENV', ''), ('LC_MEASUREMENT', 'ru_RU.UTF-8'), ('GPG_AGENT_INFO', '/run/user/1000/gnupg/S.gpg-agent:0:1'), ('_CONDA_EXE', '/home/ruben/miniconda3/bin/conda'), ('LC_IDENTIFICATION', 'ru_RU.UTF-8'), ('QT_IM_MODULE', 'ibus'), ('PWD', '/home/ruben/go2_deploy/workhop_rl/build/cyclonedds'), ('XDG_CONFIG_DIRS', '/etc/xdg/xdg-ubuntu:/etc/xdg'), ('CONDA_EXE', '/home/ruben/miniconda3/bin/conda'), ('XDG_DATA_DIRS', '/usr/share/ubuntu:/usr/share/gnome:/usr/local/share/:/usr/share/:/var/lib/snapd/desktop'), ('PYTHONPATH', '/opt/ros/humble/lib/python3.10/site-packages:/opt/ros/humble/local/lib/python3.10/dist-packages'), ('LC_NUMERIC', 'ru_RU.UTF-8'), ('CONDA_PREFIX', ''), ('LC_PAPER', 'ru_RU.UTF-8'), ('COLCON', '1'), ('VTE_VERSION', '6800'), ('CMAKE_PREFIX_PATH', '/opt/ros/humble')]), 'shell': False}
[0.020803] (unitree_hg) JobProgress: {'identifier': 'unitree_hg', 'progress': 'cmake'}
[0.021693] (unitree_hg) Command: {'cmd': ['/usr/bin/cmake', '/home/ruben/go2_deploy/workhop_rl/src/unitree_ros2/cyclonedds_ws/src/unitree/unitree_hg', '-DCMAKE_INSTALL_PREFIX=/home/ruben/go2_deploy/workhop_rl/install/unitree_hg'], 'cwd': '/home/ruben/go2_deploy/workhop_rl/build/unitree_hg', 'env': OrderedDict([('LESSOPEN', '| /usr/bin/lesspipe %s'), ('CONDA_PROMPT_MODIFIER', ''), ('USER', 'ruben'), ('LC_TIME', 'ru_RU.UTF-8'), ('XDG_SESSION_TYPE', 'x11'), ('SHLVL', '1'), ('LD_LIBRARY_PATH', '/usr/lib/x86_64-linux-gnu/gazebo-11/plugins:/opt/ros/humble/opt/rviz_ogre_vendor/lib:/opt/ros/humble/lib/x86_64-linux-gnu:/opt/ros/humble/lib'), ('HOME', '/home/ruben'), ('CONDA_SHLVL', '0'), ('CYCLONEDDS_URI', '<CycloneDDS><Domain><General><Interfaces>\n                            <NetworkInterface name="lo" priority="default" multicast="default" />\n                        </Interfaces></General></Domain></CycloneDDS>'), ('OLDPWD', '/home/ruben/go2_deploy/workhop_rl/src'), ('DESKTOP_SESSION', 'ubuntu'), ('ROS_PYTHON_VERSION', '3'), ('GNOME_SHELL_SESSION_MODE', 'ubuntu'), ('GTK_MODULES', 'gail:atk-bridge'), ('LC_MONETARY', 'ru_RU.UTF-8'), ('SYSTEMD_EXEC_PID', '2945'), ('DBUS_SESSION_BUS_ADDRESS', 'unix:path=/run/user/1000/bus'), ('COLORTERM', 'truecolor'), ('_CE_M', ''), ('_CONDA_ROOT', '/home/ruben/miniconda3'), ('ROS_DISTRO', 'humble'), ('GTK_IM_MODULE', 'ibus'), ('LOGNAME', 'ruben'), ('_', '/usr/bin/colcon'), ('ROS_VERSION', '2'), ('XDG_SESSION_CLASS', 'user'), ('USERNAME', 'ruben'), ('TERM', 'xterm-256color'), ('GNOME_DESKTOP_SESSION_ID', 'this-is-deprecated'), ('_CE_CONDA', ''), ('ROS_LOCALHOST_ONLY', '0'), ('WINDOWPATH', '2'), ('PATH', '/opt/ros/humble/bin:/home/ruben/miniconda3/condabin:/usr/local/sbin:/usr/local/bin:/usr/sbin:/usr/bin:/sbin:/bin:/usr/games:/usr/local/games:/snap/bin:/snap/bin'), ('SESSION_MANAGER', 'local/ruben:@/tmp/.ICE-unix/2916,unix/ruben:/tmp/.ICE-unix/2916'), ('XDG_MENU_PREFIX', 'gnome-'), ('LC_ADDRESS', 'ru_RU.UTF-8'), ('GNOME_TERMINAL_SCREEN', '/org/gnome/Terminal/screen/a128e479_87a9_4f71_b049_48318ab91614'), ('XDG_RUNTIME_DIR', '/run/user/1000'), ('DISPLAY', ':1'), ('LANG', 'en_US.UTF-8'), ('XDG_CURRENT_DESKTOP', 'ubuntu:GNOME'), ('LC_TELEPHONE', 'ru_RU.UTF-8'), ('RMW_IMPLEMENTATION', 'rmw_cyclonedds_cpp'), ('XMODIFIERS', '@im=ibus'), ('XDG_SESSION_DESKTOP', 'ubuntu'), ('XAUTHORITY', '/run/user/1000/gdm/Xauthority'), ('LS_COLORS', 'rs=0:di=01;34:ln=01;36:mh=00:pi=40;33:so=01;35:do=01;35:bd=40;33;01:cd=40;33;01:or=40;31;01:mi=00:su=37;41:sg=30;43:ca=30;41:tw=30;42:ow=34;42:st=37;44:ex=01;32:*.tar=01;31:*.tgz=01;31:*.arc=01;31:*.arj=01;31:*.taz=01;31:*.lha=01;31:*.lz4=01;31:*.lzh=01;31:*.lzma=01;31:*.tlz=01;31:*.txz=01;31:*.tzo=01;31:*.t7z=01;31:*.zip=01;31:*.z=01;31:*.dz=01;31:*.gz=01;31:*.lrz=01;31:*.lz=01;31:*.lzo=01;31:*.xz=01;31:*.zst=01;31:*.tzst=01;31:*.bz2=01;31:*.bz=01;31:*.tbz=01;31:*.tbz2=01;31:*.tz=01;31:*.deb=01;31:*.rpm=01;31:*.jar=01;31:*.war=01;31:*.ear=01;31:*.sar=01;31:*.rar=01;31:*.alz=01;31:*.ace=01;31:*.zoo=01;31:*.cpio=01;31:*.7z=01;31:*.rz=01;31:*.cab=01;31:*.wim=01;31:*.swm=01;31:*.dwm=01;31:*.esd=01;31:*.jpg=01;35:*.jpeg=01;35:*.mjpg=01;35:*.mjpeg=01;35:*.gif=01;35:*.bmp=01;35:*.pbm=01;35:*.pgm=01;35:*.ppm=01;35:*.tga=01;35:*.xbm=01;35:*.xpm=01;35:*.tif=01;35:*.tiff=01;35:*.png=01;35:*.svg=01;35:*.svgz=01;35:*.mng=01;35:*.pcx=01;35:*.mov=01;35:*.mpg=01;35:*.mpeg=01;35:*.m2v=01;35:*.mkv=01;35:*.webm=01;35:*.webp=01;35:*.ogm=01;35:*.mp4=01;35:*.m4v=01;35:*.mp4v=01;35:*.vob=01;35:*.qt=01;35:*.nuv=01;35:*.wmv=01;35:*.asf=01;35:*.rm=01;35:*.rmvb=01;35:*.flc=01;35:*.avi=01;35:*.fli=01;35:*.flv=01;35:*.gl=01;35:*.dl=01;35:*.xcf=01;35:*.xwd=01;35:*.yuv=01;35:*.cgm=01;35:*.emf=01;35:*.ogv=01;35:*.ogx=01;35:*.aac=00;36:*.au=00;36:*.flac=00;36:*.m4a=00;36:*.mid=00;36:*.midi=00;36:*.mka=00;36:*.mp3=00;36:*.mpc=00;36:*.ogg=00;36:*.ra=00;36:*.wav=00;36:*.oga=00;36:*.opus=00;36:*.spx=00;36:*.xspf=00;36:'), ('GNOME_TERMINAL_SERVICE', ':1.92'), ('SSH_AGENT_LAUNCHER', 'gnome-keyring'), ('SSH_AUTH_SOCK', '/run/user/1000/keyring/ssh'), ('ROS_DOMAIN_ID', '1'), ('AMENT_PREFIX_PATH', '/opt/ros/humble'), ('CONDA_PYTHON_EXE', '/home/ruben/miniconda3/bin/python'), ('SHELL', '/bin/bash'), ('LC_NAME', 'ru_RU.UTF-8'), ('QT_ACCESSIBILITY', '1'), ('GDMSESSION', 'ubuntu'), ('Torch_DIR', '/path/to/your/libtorch'), ('LESSCLOSE', '/usr/bin/lesspipe %s %s'), ('CONDA_DEFAULT_ENV', ''), ('LC_MEASUREMENT', 'ru_RU.UTF-8'), ('GPG_AGENT_INFO', '/run/user/1000/gnupg/S.gpg-agent:0:1'), ('_CONDA_EXE', '/home/ruben/miniconda3/bin/conda'), ('LC_IDENTIFICATION', 'ru_RU.UTF-8'), ('QT_IM_MODULE', 'ibus'), ('PWD', '/home/ruben/go2_deploy/workhop_rl/build/unitree_hg'), ('XDG_CONFIG_DIRS', '/etc/xdg/xdg-ubuntu:/etc/xdg'), ('CONDA_EXE', '/home/ruben/miniconda3/bin/conda'), ('XDG_DATA_DIRS', '/usr/share/ubuntu:/usr/share/gnome:/usr/local/share/:/usr/share/:/var/lib/snapd/desktop'), ('PYTHONPATH', '/opt/ros/humble/lib/python3.10/site-packages:/opt/ros/humble/local/lib/python3.10/dist-packages'), ('LC_NUMERIC', 'ru_RU.UTF-8'), ('CONDA_PREFIX', ''), ('LC_PAPER', 'ru_RU.UTF-8'), ('COLCON', '1'), ('VTE_VERSION', '6800'), ('CMAKE_PREFIX_PATH', '/opt/ros/humble')]), 'shell': False}
[0.052744] (unitree_api) StdoutLine: {'line': b'-- The C compiler identification is GNU 11.4.0\n'}
[0.058234] (unitree_go) StdoutLine: {'line': b'-- The C compiler identification is GNU 11.4.0\n'}
[0.062276] (unitree_hg) StdoutLine: {'line': b'-- The C compiler identification is GNU 11.4.0\n'}
[0.063530] (cyclonedds) StdoutLine: {'line': b'-- The C compiler identification is GNU 11.4.0\n'}
[0.067742] (cyclonedds) StdoutLine: {'line': b'-- Detecting C compiler ABI info\n'}
[0.099839] (-) TimerEvent: {}
[0.151936] (ros2_unitree_legged_msgs) StdoutLine: {'line': b'-- The C compiler identification is GNU 11.4.0\n'}
[0.167288] (unitree_api) StdoutLine: {'line': b'-- The CXX compiler identification is GNU 11.4.0\n'}
[0.173426] (unitree_api) StdoutLine: {'line': b'-- Detecting C compiler ABI info\n'}
[0.175996] (unitree_hg) StdoutLine: {'line': b'-- The CXX compiler identification is GNU 11.4.0\n'}
[0.176918] (unitree_go) StdoutLine: {'line': b'-- The CXX compiler identification is GNU 11.4.0\n'}
[0.180922] (unitree_hg) StdoutLine: {'line': b'-- Detecting C compiler ABI info\n'}
[0.182473] (unitree_go) StdoutLine: {'line': b'-- Detecting C compiler ABI info\n'}
[0.183796] (cyclonedds) StdoutLine: {'line': b'-- Detecting C compiler ABI info - done\n'}
[0.190235] (cyclonedds) StdoutLine: {'line': b'-- Check for working C compiler: /usr/bin/cc - skipped\n'}
[0.190415] (cyclonedds) StdoutLine: {'line': b'-- Detecting C compile features\n'}
[0.190730] (cyclonedds) StdoutLine: {'line': b'-- Detecting C compile features - done\n'}
[0.191216] (cyclonedds) StdoutLine: {'line': b"-- Setting build type to 'RelWithDebInfo' as none was specified.\n"}
[0.195007] (cyclonedds) StdoutLine: {'line': b'-- Looking for getopt.h\n'}
[0.199922] (-) TimerEvent: {}
[0.251965] (ros2_unitree_legged_msgs) StdoutLine: {'line': b'-- The CXX compiler identification is GNU 11.4.0\n'}
[0.256324] (ros2_unitree_legged_msgs) StdoutLine: {'line': b'-- Detecting C compiler ABI info\n'}
[0.275305] (cyclonedds) StdoutLine: {'line': b'-- Looking for getopt.h - found\n'}
[0.277931] (unitree_go) StdoutLine: {'line': b'-- Detecting C compiler ABI info - done\n'}
[0.278659] (unitree_api) StdoutLine: {'line': b'-- Detecting C compiler ABI info - done\n'}
[0.280706] (unitree_hg) StdoutLine: {'line': b'-- Detecting C compiler ABI info - done\n'}
[0.283333] (unitree_go) StdoutLine: {'line': b'-- Check for working C compiler: /usr/bin/cc - skipped\n'}
[0.283599] (unitree_go) StdoutLine: {'line': b'-- Detecting C compile features\n'}
[0.283915] (unitree_api) StdoutLine: {'line': b'-- Check for working C compiler: /usr/bin/cc - skipped\n'}
[0.283997] (unitree_go) StdoutLine: {'line': b'-- Detecting C compile features - done\n'}
[0.284232] (unitree_api) StdoutLine: {'line': b'-- Detecting C compile features\n'}
[0.284642] (unitree_api) StdoutLine: {'line': b'-- Detecting C compile features - done\n'}
[0.286800] (unitree_hg) StdoutLine: {'line': b'-- Check for working C compiler: /usr/bin/cc - skipped\n'}
[0.286964] (unitree_go) StdoutLine: {'line': b'-- Detecting CXX compiler ABI info\n'}
[0.287041] (unitree_hg) StdoutLine: {'line': b'-- Detecting C compile features\n'}
[0.287375] (unitree_hg) StdoutLine: {'line': b'-- Detecting C compile features - done\n'}
[0.287743] (unitree_api) StdoutLine: {'line': b'-- Detecting CXX compiler ABI info\n'}
[0.289814] (unitree_hg) StdoutLine: {'line': b'-- Detecting CXX compiler ABI info\n'}
[0.300045] (-) TimerEvent: {}
[0.312972] (cyclonedds) StdoutLine: {'line': b'-- Building with OpenSSL support\n'}
[0.317139] (cyclonedds) StdoutLine: {'line': b'-- Looking for stdint.h\n'}
[0.373662] (cyclonedds) StdoutLine: {'line': b'-- Looking for stdint.h - found\n'}
[0.373888] (cyclonedds) StdoutLine: {'line': b'-- Looking for inttypes.h\n'}
[0.374204] (ros2_unitree_legged_msgs) StdoutLine: {'line': b'-- Detecting C compiler ABI info - done\n'}
[0.378099] (ros2_unitree_legged_msgs) StdoutLine: {'line': b'-- Check for working C compiler: /usr/bin/cc - skipped\n'}
[0.378250] (ros2_unitree_legged_msgs) StdoutLine: {'line': b'-- Detecting C compile features\n'}
[0.378439] (ros2_unitree_legged_msgs) StdoutLine: {'line': b'-- Detecting C compile features - done\n'}
[0.380119] (ros2_unitree_legged_msgs) StdoutLine: {'line': b'-- Detecting CXX compiler ABI info\n'}
[0.381034] (unitree_api) StdoutLine: {'line': b'-- Detecting CXX compiler ABI info - done\n'}
[0.386184] (unitree_go) StdoutLine: {'line': b'-- Detecting CXX compiler ABI info - done\n'}
[0.388848] (unitree_hg) StdoutLine: {'line': b'-- Detecting CXX compiler ABI info - done\n'}
[0.390263] (unitree_api) StdoutLine: {'line': b'-- Check for working CXX compiler: /usr/bin/c++ - skipped\n'}
[0.390483] (unitree_go) StdoutLine: {'line': b'-- Check for working CXX compiler: /usr/bin/c++ - skipped\n'}
[0.390647] (unitree_api) StdoutLine: {'line': b'-- Detecting CXX compile features\n'}
[0.390708] (unitree_go) StdoutLine: {'line': b'-- Detecting CXX compile features\n'}
[0.390934] (unitree_go) StdoutLine: {'line': b'-- Detecting CXX compile features - done\n'}
[0.391217] (unitree_api) StdoutLine: {'line': b'-- Detecting CXX compile features - done\n'}
[0.395310] (unitree_hg) StdoutLine: {'line': b'-- Check for working CXX compiler: /usr/bin/c++ - skipped\n'}
[0.395553] (unitree_hg) StdoutLine: {'line': b'-- Detecting CXX compile features\n'}
[0.395967] (unitree_hg) StdoutLine: {'line': b'-- Detecting CXX compile features - done\n'}
[0.400082] (-) TimerEvent: {}
[0.444842] (unitree_api) StdoutLine: {'line': b'-- Found ament_cmake: 1.3.12 (/opt/ros/humble/share/ament_cmake/cmake)\n'}
[0.445161] (unitree_hg) StdoutLine: {'line': b'-- Found ament_cmake: 1.3.12 (/opt/ros/humble/share/ament_cmake/cmake)\n'}
[0.445270] (unitree_go) StdoutLine: {'line': b'-- Found ament_cmake: 1.3.12 (/opt/ros/humble/share/ament_cmake/cmake)\n'}
[0.472495] (cyclonedds) StdoutLine: {'line': b'-- Looking for inttypes.h - found\n'}
[0.472821] (cyclonedds) StdoutLine: {'line': b'-- Looking for sys/types.h\n'}
[0.483800] (ros2_unitree_legged_msgs) StdoutLine: {'line': b'-- Detecting CXX compiler ABI info - done\n'}
[0.487968] (ros2_unitree_legged_msgs) StdoutLine: {'line': b'-- Check for working CXX compiler: /usr/bin/c++ - skipped\n'}
[0.488176] (ros2_unitree_legged_msgs) StdoutLine: {'line': b'-- Detecting CXX compile features\n'}
[0.488386] (ros2_unitree_legged_msgs) StdoutLine: {'line': b'-- Detecting CXX compile features - done\n'}
[0.489461] (ros2_unitree_legged_msgs) StdoutLine: {'line': b'-- Found ament_cmake: 1.3.12 (/opt/ros/humble/share/ament_cmake/cmake)\n'}
[0.500173] (-) TimerEvent: {}
[0.579649] (cyclonedds) StdoutLine: {'line': b'-- Looking for sys/types.h - found\n'}
[0.579877] (cyclonedds) StdoutLine: {'line': b'-- Looking for stdint.h\n'}
[0.600274] (-) TimerEvent: {}
[0.673980] (unitree_go) StdoutLine: {'line': b'-- Found Python3: /usr/bin/python3 (found version "3.10.12") found components: Interpreter \n'}
[0.675868] (unitree_hg) StdoutLine: {'line': b'-- Found Python3: /usr/bin/python3 (found version "3.10.12") found components: Interpreter \n'}
[0.680504] (unitree_api) StdoutLine: {'line': b'-- Found Python3: /usr/bin/python3 (found version "3.10.12") found components: Interpreter \n'}
[0.681399] (ros2_unitree_legged_msgs) StdoutLine: {'line': b'-- Found Python3: /usr/bin/python3 (found version "3.10.12") found components: Interpreter \n'}
[0.682019] (cyclonedds) StdoutLine: {'line': b'-- Looking for stdint.h - found\n'}
[0.682155] (cyclonedds) StdoutLine: {'line': b'-- Looking for stddef.h\n'}
[0.700366] (-) TimerEvent: {}
[0.797801] (cyclonedds) StdoutLine: {'line': b'-- Looking for stddef.h - found\n'}
[0.797995] (cyclonedds) StdoutLine: {'line': b'-- Check size of intmax_t\n'}
[0.800471] (-) TimerEvent: {}
[0.899528] (cyclonedds) StdoutLine: {'line': b'-- Check size of intmax_t - done\n'}
[0.899802] (cyclonedds) StdoutLine: {'line': b'-- Looking for stpcpy\n'}
[0.900567] (-) TimerEvent: {}
[0.996169] (cyclonedds) StdoutLine: {'line': b'-- Looking for stpcpy - found\n'}
[0.996383] (cyclonedds) StdoutLine: {'line': b'-- Looking for strlcpy\n'}
[1.000653] (-) TimerEvent: {}
[1.020238] (cyclonedds) StdoutLine: {'line': b'-- Looking for strlcpy - not found\n'}
[1.020549] (cyclonedds) StdoutLine: {'line': b'-- Looking for strlcat\n'}
[1.022337] (unitree_api) StdoutLine: {'line': b'-- Found geometry_msgs: 4.9.0 (/opt/ros/humble/share/geometry_msgs/cmake)\n'}
[1.022520] (unitree_hg) StdoutLine: {'line': b'-- Found geometry_msgs: 4.9.0 (/opt/ros/humble/share/geometry_msgs/cmake)\n'}
[1.022591] (unitree_go) StdoutLine: {'line': b'-- Found geometry_msgs: 4.9.0 (/opt/ros/humble/share/geometry_msgs/cmake)\n'}
[1.022650] (ros2_unitree_legged_msgs) StdoutLine: {'line': b'-- Found rosidl_default_generators: 1.2.0 (/opt/ros/humble/share/rosidl_default_generators/cmake)\n'}
[1.034889] (ros2_unitree_legged_msgs) StdoutLine: {'line': b'-- Using all available rosidl_typesupport_c: rosidl_typesupport_fastrtps_c;rosidl_typesupport_introspection_c\n'}
[1.046925] (cyclonedds) StdoutLine: {'line': b'-- Looking for strlcat - not found\n'}
[1.048102] (cyclonedds) StdoutLine: {'line': b'-- Performing Test COMPILER_HAS_HIDDEN_VISIBILITY\n'}
[1.075059] (ros2_unitree_legged_msgs) StdoutLine: {'line': b'-- Found rosidl_adapter: 3.1.7 (/opt/ros/humble/share/rosidl_adapter/cmake)\n'}
[1.099418] (cyclonedds) StdoutLine: {'line': b'-- Performing Test COMPILER_HAS_HIDDEN_VISIBILITY - Success\n'}
[1.099988] (cyclonedds) StdoutLine: {'line': b'-- Performing Test COMPILER_HAS_HIDDEN_INLINE_VISIBILITY\n'}
[1.100718] (-) TimerEvent: {}
[1.111188] (unitree_hg) StdoutLine: {'line': b'-- Found rosidl_generator_c: 3.1.7 (/opt/ros/humble/share/rosidl_generator_c/cmake)\n'}
[1.111351] (unitree_api) StdoutLine: {'line': b'-- Found rosidl_generator_c: 3.1.7 (/opt/ros/humble/share/rosidl_generator_c/cmake)\n'}
[1.113480] (unitree_api) StdoutLine: {'line': b'-- Found rosidl_adapter: 3.1.7 (/opt/ros/humble/share/rosidl_adapter/cmake)\n'}
[1.113651] (unitree_hg) StdoutLine: {'line': b'-- Found rosidl_adapter: 3.1.7 (/opt/ros/humble/share/rosidl_adapter/cmake)\n'}
[1.116387] (unitree_go) StdoutLine: {'line': b'-- Found rosidl_generator_c: 3.1.7 (/opt/ros/humble/share/rosidl_generator_c/cmake)\n'}
[1.121216] (unitree_go) StdoutLine: {'line': b'-- Found rosidl_adapter: 3.1.7 (/opt/ros/humble/share/rosidl_adapter/cmake)\n'}
[1.125705] (unitree_hg) StdoutLine: {'line': b'-- Found rosidl_generator_cpp: 3.1.7 (/opt/ros/humble/share/rosidl_generator_cpp/cmake)\n'}
[1.125820] (unitree_api) StdoutLine: {'line': b'-- Found rosidl_generator_cpp: 3.1.7 (/opt/ros/humble/share/rosidl_generator_cpp/cmake)\n'}
[1.128316] (unitree_go) StdoutLine: {'line': b'-- Found rosidl_generator_cpp: 3.1.7 (/opt/ros/humble/share/rosidl_generator_cpp/cmake)\n'}
[1.146976] (cyclonedds) StdoutLine: {'line': b'-- Performing Test COMPILER_HAS_HIDDEN_INLINE_VISIBILITY - Failed\n'}
[1.147226] (cyclonedds) StdoutLine: {'line': b'-- Performing Test COMPILER_HAS_DEPRECATED_ATTR\n'}
[1.147855] (unitree_hg) StdoutLine: {'line': b'-- Using all available rosidl_typesupport_c: rosidl_typesupport_fastrtps_c;rosidl_typesupport_introspection_c\n'}
[1.148030] (unitree_api) StdoutLine: {'line': b'-- Using all available rosidl_typesupport_c: rosidl_typesupport_fastrtps_c;rosidl_typesupport_introspection_c\n'}
[1.148206] (unitree_go) StdoutLine: {'line': b'-- Using all available rosidl_typesupport_c: rosidl_typesupport_fastrtps_c;rosidl_typesupport_introspection_c\n'}
[1.152594] (ros2_unitree_legged_msgs) StdoutLine: {'line': b'-- Using all available rosidl_typesupport_cpp: rosidl_typesupport_fastrtps_cpp;rosidl_typesupport_introspection_cpp\n'}
[1.155796] (unitree_hg) StdoutLine: {'line': b'-- Using all available rosidl_typesupport_cpp: rosidl_typesupport_fastrtps_cpp;rosidl_typesupport_introspection_cpp\n'}
[1.159589] (unitree_api) StdoutLine: {'line': b'-- Using all available rosidl_typesupport_cpp: rosidl_typesupport_fastrtps_cpp;rosidl_typesupport_introspection_cpp\n'}
[1.162707] (unitree_go) StdoutLine: {'line': b'-- Using all available rosidl_typesupport_cpp: rosidl_typesupport_fastrtps_cpp;rosidl_typesupport_introspection_cpp\n'}
[1.196445] (cyclonedds) StdoutLine: {'line': b'-- Performing Test COMPILER_HAS_DEPRECATED_ATTR - Success\n'}
[1.200816] (-) TimerEvent: {}
[1.201137] (cyclonedds) StdoutLine: {'line': b'-- Looking for gethostname\n'}
[1.245927] (unitree_hg) StdoutLine: {'line': b'-- Found rosidl_default_generators: 1.2.0 (/opt/ros/humble/share/rosidl_default_generators/cmake)\n'}
[1.246244] (unitree_api) StdoutLine: {'line': b'-- Found rosidl_default_generators: 1.2.0 (/opt/ros/humble/share/rosidl_default_generators/cmake)\n'}
[1.246460] (unitree_go) StdoutLine: {'line': b'-- Found rosidl_default_generators: 1.2.0 (/opt/ros/humble/share/rosidl_default_generators/cmake)\n'}
[1.250492] (unitree_api) StdoutLine: {'line': b'-- Found rosidl_generator_dds_idl: 0.8.1 (/opt/ros/humble/share/rosidl_generator_dds_idl/cmake)\n'}
[1.251861] (unitree_hg) StdoutLine: {'line': b'-- Found rosidl_generator_dds_idl: 0.8.1 (/opt/ros/humble/share/rosidl_generator_dds_idl/cmake)\n'}
[1.253133] (unitree_go) StdoutLine: {'line': b'-- Found rosidl_generator_dds_idl: 0.8.1 (/opt/ros/humble/share/rosidl_generator_dds_idl/cmake)\n'}
[1.259255] (cyclonedds) StdoutLine: {'line': b'-- Looking for gethostname - found\n'}
[1.259571] (cyclonedds) StdoutLine: {'line': b'-- Looking for inet_ntop\n'}
[1.300919] (-) TimerEvent: {}
[1.377465] (cyclonedds) StdoutLine: {'line': b'-- Looking for inet_ntop - found\n'}
[1.377876] (cyclonedds) StdoutLine: {'line': b'-- Looking for inet_pton\n'}
[1.401054] (-) TimerEvent: {}
[1.430178] (cyclonedds) StdoutLine: {'line': b'-- Looking for inet_pton - found\n'}
[1.430507] (cyclonedds) StdoutLine: {'line': b'-- Looking for getaddrinfo\n'}
[1.501152] (-) TimerEvent: {}
[1.506683] (cyclonedds) StdoutLine: {'line': b'-- Looking for getaddrinfo - found\n'}
[1.507046] (cyclonedds) StdoutLine: {'line': b'-- Looking for gethostbyname_r\n'}
[1.588571] (cyclonedds) StdoutLine: {'line': b'-- Looking for gethostbyname_r - found\n'}
[1.588895] (cyclonedds) StdoutLine: {'line': b'-- Check size of struct sockaddr_in6\n'}
[1.601231] (-) TimerEvent: {}
[1.669459] (unitree_hg) StdoutLine: {'line': b'-- Found ament_cmake_ros: 0.10.0 (/opt/ros/humble/share/ament_cmake_ros/cmake)\n'}
[1.669768] (unitree_go) StdoutLine: {'line': b'-- Found ament_cmake_ros: 0.10.0 (/opt/ros/humble/share/ament_cmake_ros/cmake)\n'}
[1.669853] (unitree_api) StdoutLine: {'line': b'-- Found ament_cmake_ros: 0.10.0 (/opt/ros/humble/share/ament_cmake_ros/cmake)\n'}
[1.669909] (ros2_unitree_legged_msgs) StdoutLine: {'line': b'-- Found ament_cmake_ros: 0.10.0 (/opt/ros/humble/share/ament_cmake_ros/cmake)\n'}
[1.692830] (cyclonedds) StdoutLine: {'line': b'-- Check size of struct sockaddr_in6 - done\n'}
[1.693733] (cyclonedds) StdoutLine: {'line': b'-- Looking for pthread.h\n'}
[1.701320] (-) TimerEvent: {}
[1.749777] (cyclonedds) StdoutLine: {'line': b'-- Looking for pthread.h - found\n'}
[1.749956] (cyclonedds) StdoutLine: {'line': b'-- Performing Test CMAKE_HAVE_LIBC_PTHREAD\n'}
[1.801441] (-) TimerEvent: {}
[1.829712] (cyclonedds) StdoutLine: {'line': b'-- Performing Test CMAKE_HAVE_LIBC_PTHREAD - Success\n'}
[1.830794] (cyclonedds) StdoutLine: {'line': b'-- Found Threads: TRUE  \n'}
[1.831001] (cyclonedds) StdoutLine: {'line': b'-- Looking for clock_gettime in c\n'}
[1.901576] (-) TimerEvent: {}
[1.935568] (cyclonedds) StdoutLine: {'line': b'-- Looking for clock_gettime in c - found\n'}
[1.941458] (ros2_unitree_legged_msgs) StdoutLine: {'line': b'-- Using all available rosidl_typesupport_c: rosidl_typesupport_fastrtps_c;rosidl_typesupport_introspection_c\n'}
[2.001677] (-) TimerEvent: {}
[2.102002] (-) TimerEvent: {}
[2.128131] (unitree_api) StdoutLine: {'line': b'-- Using all available rosidl_typesupport_c: rosidl_typesupport_fastrtps_c;rosidl_typesupport_introspection_c\n'}
[2.139086] (unitree_go) StdoutLine: {'line': b'-- Using all available rosidl_typesupport_c: rosidl_typesupport_fastrtps_c;rosidl_typesupport_introspection_c\n'}
[2.164052] (unitree_hg) StdoutLine: {'line': b'-- Using all available rosidl_typesupport_c: rosidl_typesupport_fastrtps_c;rosidl_typesupport_introspection_c\n'}
[2.183903] (ros2_unitree_legged_msgs) StdoutLine: {'line': b'-- Using all available rosidl_typesupport_cpp: rosidl_typesupport_fastrtps_cpp;rosidl_typesupport_introspection_cpp\n'}
[2.202077] (-) TimerEvent: {}
[2.233354] (unitree_api) StdoutLine: {'line': b'-- Using all available rosidl_typesupport_cpp: rosidl_typesupport_fastrtps_cpp;rosidl_typesupport_introspection_cpp\n'}
[2.240532] (unitree_go) StdoutLine: {'line': b'-- Using all available rosidl_typesupport_cpp: rosidl_typesupport_fastrtps_cpp;rosidl_typesupport_introspection_cpp\n'}
[2.256738] (unitree_go) StdoutLine: {'line': b'-- Found PythonInterp: /usr/bin/python3 (found suitable version "3.10.12", minimum required is "3.6") \n'}
[2.257191] (ros2_unitree_legged_msgs) StdoutLine: {'line': b'-- Found PythonInterp: /usr/bin/python3 (found suitable version "3.10.12", minimum required is "3.6") \n'}
[2.258905] (unitree_api) StdoutLine: {'line': b'-- Found PythonInterp: /usr/bin/python3 (found suitable version "3.10.12", minimum required is "3.6") \n'}
[2.284686] (unitree_hg) StdoutLine: {'line': b'-- Using all available rosidl_typesupport_cpp: rosidl_typesupport_fastrtps_cpp;rosidl_typesupport_introspection_cpp\n'}
[2.299091] (unitree_hg) StdoutLine: {'line': b'-- Found PythonInterp: /usr/bin/python3 (found suitable version "3.10.12", minimum required is "3.6") \n'}
[2.302144] (-) TimerEvent: {}
[2.346483] (ros2_unitree_legged_msgs) StdoutLine: {'line': b'-- Found python_cmake_module: 0.10.0 (/opt/ros/humble/share/python_cmake_module/cmake)\n'}
[2.346909] (unitree_hg) StdoutLine: {'line': b'-- Found python_cmake_module: 0.10.0 (/opt/ros/humble/share/python_cmake_module/cmake)\n'}
[2.347009] (unitree_go) StdoutLine: {'line': b'-- Found python_cmake_module: 0.10.0 (/opt/ros/humble/share/python_cmake_module/cmake)\n'}
[2.347092] (unitree_api) StdoutLine: {'line': b'-- Found python_cmake_module: 0.10.0 (/opt/ros/humble/share/python_cmake_module/cmake)\n'}
[2.358741] (cyclonedds) StdoutLine: {'line': b'-- Configuring done\n'}
[2.395494] (cyclonedds) StdoutLine: {'line': b'-- Generating done\n'}
[2.402220] (-) TimerEvent: {}
[2.407156] (cyclonedds) StdoutLine: {'line': b'-- Build files have been written to: /home/ruben/go2_deploy/workhop_rl/build/cyclonedds\n'}
[2.413295] (cyclonedds) CommandEnded: {'returncode': 0}
[2.413910] (cyclonedds) JobProgress: {'identifier': 'cyclonedds', 'progress': 'build'}
[2.414686] (cyclonedds) Command: {'cmd': ['/usr/bin/cmake', '--build', '/home/ruben/go2_deploy/workhop_rl/build/cyclonedds', '--', '-j22', '-l22'], 'cwd': '/home/ruben/go2_deploy/workhop_rl/build/cyclonedds', 'env': OrderedDict([('LESSOPEN', '| /usr/bin/lesspipe %s'), ('CONDA_PROMPT_MODIFIER', ''), ('USER', 'ruben'), ('LC_TIME', 'ru_RU.UTF-8'), ('XDG_SESSION_TYPE', 'x11'), ('SHLVL', '1'), ('LD_LIBRARY_PATH', '/usr/lib/x86_64-linux-gnu/gazebo-11/plugins:/opt/ros/humble/opt/rviz_ogre_vendor/lib:/opt/ros/humble/lib/x86_64-linux-gnu:/opt/ros/humble/lib'), ('HOME', '/home/ruben'), ('CONDA_SHLVL', '0'), ('CYCLONEDDS_URI', '<CycloneDDS><Domain><General><Interfaces>\n                            <NetworkInterface name="lo" priority="default" multicast="default" />\n                        </Interfaces></General></Domain></CycloneDDS>'), ('OLDPWD', '/home/ruben/go2_deploy/workhop_rl/src'), ('DESKTOP_SESSION', 'ubuntu'), ('ROS_PYTHON_VERSION', '3'), ('GNOME_SHELL_SESSION_MODE', 'ubuntu'), ('GTK_MODULES', 'gail:atk-bridge'), ('LC_MONETARY', 'ru_RU.UTF-8'), ('SYSTEMD_EXEC_PID', '2945'), ('DBUS_SESSION_BUS_ADDRESS', 'unix:path=/run/user/1000/bus'), ('COLORTERM', 'truecolor'), ('_CE_M', ''), ('_CONDA_ROOT', '/home/ruben/miniconda3'), ('ROS_DISTRO', 'humble'), ('GTK_IM_MODULE', 'ibus'), ('LOGNAME', 'ruben'), ('_', '/usr/bin/colcon'), ('ROS_VERSION', '2'), ('XDG_SESSION_CLASS', 'user'), ('USERNAME', 'ruben'), ('TERM', 'xterm-256color'), ('GNOME_DESKTOP_SESSION_ID', 'this-is-deprecated'), ('_CE_CONDA', ''), ('ROS_LOCALHOST_ONLY', '0'), ('WINDOWPATH', '2'), ('PATH', '/opt/ros/humble/bin:/home/ruben/miniconda3/condabin:/usr/local/sbin:/usr/local/bin:/usr/sbin:/usr/bin:/sbin:/bin:/usr/games:/usr/local/games:/snap/bin:/snap/bin'), ('SESSION_MANAGER', 'local/ruben:@/tmp/.ICE-unix/2916,unix/ruben:/tmp/.ICE-unix/2916'), ('XDG_MENU_PREFIX', 'gnome-'), ('LC_ADDRESS', 'ru_RU.UTF-8'), ('GNOME_TERMINAL_SCREEN', '/org/gnome/Terminal/screen/a128e479_87a9_4f71_b049_48318ab91614'), ('XDG_RUNTIME_DIR', '/run/user/1000'), ('DISPLAY', ':1'), ('LANG', 'en_US.UTF-8'), ('XDG_CURRENT_DESKTOP', 'ubuntu:GNOME'), ('LC_TELEPHONE', 'ru_RU.UTF-8'), ('RMW_IMPLEMENTATION', 'rmw_cyclonedds_cpp'), ('XMODIFIERS', '@im=ibus'), ('XDG_SESSION_DESKTOP', 'ubuntu'), ('XAUTHORITY', '/run/user/1000/gdm/Xauthority'), ('LS_COLORS', 'rs=0:di=01;34:ln=01;36:mh=00:pi=40;33:so=01;35:do=01;35:bd=40;33;01:cd=40;33;01:or=40;31;01:mi=00:su=37;41:sg=30;43:ca=30;41:tw=30;42:ow=34;42:st=37;44:ex=01;32:*.tar=01;31:*.tgz=01;31:*.arc=01;31:*.arj=01;31:*.taz=01;31:*.lha=01;31:*.lz4=01;31:*.lzh=01;31:*.lzma=01;31:*.tlz=01;31:*.txz=01;31:*.tzo=01;31:*.t7z=01;31:*.zip=01;31:*.z=01;31:*.dz=01;31:*.gz=01;31:*.lrz=01;31:*.lz=01;31:*.lzo=01;31:*.xz=01;31:*.zst=01;31:*.tzst=01;31:*.bz2=01;31:*.bz=01;31:*.tbz=01;31:*.tbz2=01;31:*.tz=01;31:*.deb=01;31:*.rpm=01;31:*.jar=01;31:*.war=01;31:*.ear=01;31:*.sar=01;31:*.rar=01;31:*.alz=01;31:*.ace=01;31:*.zoo=01;31:*.cpio=01;31:*.7z=01;31:*.rz=01;31:*.cab=01;31:*.wim=01;31:*.swm=01;31:*.dwm=01;31:*.esd=01;31:*.jpg=01;35:*.jpeg=01;35:*.mjpg=01;35:*.mjpeg=01;35:*.gif=01;35:*.bmp=01;35:*.pbm=01;35:*.pgm=01;35:*.ppm=01;35:*.tga=01;35:*.xbm=01;35:*.xpm=01;35:*.tif=01;35:*.tiff=01;35:*.png=01;35:*.svg=01;35:*.svgz=01;35:*.mng=01;35:*.pcx=01;35:*.mov=01;35:*.mpg=01;35:*.mpeg=01;35:*.m2v=01;35:*.mkv=01;35:*.webm=01;35:*.webp=01;35:*.ogm=01;35:*.mp4=01;35:*.m4v=01;35:*.mp4v=01;35:*.vob=01;35:*.qt=01;35:*.nuv=01;35:*.wmv=01;35:*.asf=01;35:*.rm=01;35:*.rmvb=01;35:*.flc=01;35:*.avi=01;35:*.fli=01;35:*.flv=01;35:*.gl=01;35:*.dl=01;35:*.xcf=01;35:*.xwd=01;35:*.yuv=01;35:*.cgm=01;35:*.emf=01;35:*.ogv=01;35:*.ogx=01;35:*.aac=00;36:*.au=00;36:*.flac=00;36:*.m4a=00;36:*.mid=00;36:*.midi=00;36:*.mka=00;36:*.mp3=00;36:*.mpc=00;36:*.ogg=00;36:*.ra=00;36:*.wav=00;36:*.oga=00;36:*.opus=00;36:*.spx=00;36:*.xspf=00;36:'), ('GNOME_TERMINAL_SERVICE', ':1.92'), ('SSH_AGENT_LAUNCHER', 'gnome-keyring'), ('SSH_AUTH_SOCK', '/run/user/1000/keyring/ssh'), ('ROS_DOMAIN_ID', '1'), ('AMENT_PREFIX_PATH', '/opt/ros/humble'), ('CONDA_PYTHON_EXE', '/home/ruben/miniconda3/bin/python'), ('SHELL', '/bin/bash'), ('LC_NAME', 'ru_RU.UTF-8'), ('QT_ACCESSIBILITY', '1'), ('GDMSESSION', 'ubuntu'), ('Torch_DIR', '/path/to/your/libtorch'), ('LESSCLOSE', '/usr/bin/lesspipe %s %s'), ('CONDA_DEFAULT_ENV', ''), ('LC_MEASUREMENT', 'ru_RU.UTF-8'), ('GPG_AGENT_INFO', '/run/user/1000/gnupg/S.gpg-agent:0:1'), ('_CONDA_EXE', '/home/ruben/miniconda3/bin/conda'), ('LC_IDENTIFICATION', 'ru_RU.UTF-8'), ('QT_IM_MODULE', 'ibus'), ('PWD', '/home/ruben/go2_deploy/workhop_rl/build/cyclonedds'), ('XDG_CONFIG_DIRS', '/etc/xdg/xdg-ubuntu:/etc/xdg'), ('CONDA_EXE', '/home/ruben/miniconda3/bin/conda'), ('XDG_DATA_DIRS', '/usr/share/ubuntu:/usr/share/gnome:/usr/local/share/:/usr/share/:/var/lib/snapd/desktop'), ('PYTHONPATH', '/opt/ros/humble/lib/python3.10/site-packages:/opt/ros/humble/local/lib/python3.10/dist-packages'), ('LC_NUMERIC', 'ru_RU.UTF-8'), ('CONDA_PREFIX', ''), ('LC_PAPER', 'ru_RU.UTF-8'), ('COLCON', '1'), ('VTE_VERSION', '6800'), ('CMAKE_PREFIX_PATH', '/opt/ros/humble')]), 'shell': False}
[2.444474] (cyclonedds) StdoutLine: {'line': b'[  1%] \x1b[34m\x1b[1mGenerating include/idl/md5.h\x1b[0m\n'}
[2.445150] (cyclonedds) StdoutLine: {'line': b'[  1%] \x1b[34m\x1b[1mGenerating include/idl/endian.h\x1b[0m\n'}
[2.445516] (cyclonedds) StdoutLine: {'line': b'[  1%] \x1b[34m\x1b[1mGenerating include/idl/misc.h\x1b[0m\n'}
[2.445622] (cyclonedds) StdoutLine: {'line': b'[  1%] \x1b[34m\x1b[1mGenerating src/md5.c\x1b[0m\n'}
[2.445715] (cyclonedds) StdoutLine: {'line': b'[  2%] \x1b[34m\x1b[1mGenerating include/idl/attributes.h\x1b[0m\n'}
[2.451340] (cyclonedds) StdoutLine: {'line': b'[  2%] Built target _confgen\n'}
[2.452801] (unitree_api) StdoutLine: {'line': b'-- Found PythonLibs: /usr/lib/x86_64-linux-gnu/libpython3.10.so (found suitable version "3.10.12", minimum required is "3.5") \n'}
[2.452943] (unitree_api) StdoutLine: {'line': b'-- Using PYTHON_EXECUTABLE: /usr/bin/python3\n'}
[2.453009] (unitree_api) StdoutLine: {'line': b'-- Using PYTHON_INCLUDE_DIRS: /usr/include/python3.10\n'}
[2.453077] (unitree_api) StdoutLine: {'line': b'-- Using PYTHON_LIBRARIES: /usr/lib/x86_64-linux-gnu/libpython3.10.so\n'}
[2.454460] (cyclonedds) StdoutLine: {'line': b'[  3%] \x1b[32mBuilding C object src/tools/idlpp/CMakeFiles/idlpp.dir/src/directive.c.o\x1b[0m\n'}
[2.455060] (cyclonedds) StdoutLine: {'line': b'[  3%] \x1b[32mBuilding C object src/tools/idlpp/CMakeFiles/idlpp.dir/src/eval.c.o\x1b[0m\n'}
[2.456181] (unitree_go) StdoutLine: {'line': b'-- Found PythonLibs: /usr/lib/x86_64-linux-gnu/libpython3.10.so (found suitable version "3.10.12", minimum required is "3.5") \n'}
[2.456345] (unitree_go) StdoutLine: {'line': b'-- Using PYTHON_EXECUTABLE: /usr/bin/python3\n'}
[2.456411] (unitree_go) StdoutLine: {'line': b'-- Using PYTHON_INCLUDE_DIRS: /usr/include/python3.10\n'}
[2.456464] (unitree_go) StdoutLine: {'line': b'-- Using PYTHON_LIBRARIES: /usr/lib/x86_64-linux-gnu/libpython3.10.so\n'}
[2.456515] (unitree_hg) StdoutLine: {'line': b'-- Found PythonLibs: /usr/lib/x86_64-linux-gnu/libpython3.10.so (found suitable version "3.10.12", minimum required is "3.5") \n'}
[2.456577] (unitree_hg) StdoutLine: {'line': b'-- Using PYTHON_EXECUTABLE: /usr/bin/python3\n'}
[2.456625] (unitree_hg) StdoutLine: {'line': b'-- Using PYTHON_INCLUDE_DIRS: /usr/include/python3.10\n'}
[2.456672] (unitree_hg) StdoutLine: {'line': b'-- Using PYTHON_LIBRARIES: /usr/lib/x86_64-linux-gnu/libpython3.10.so\n'}
[2.457944] (cyclonedds) StdoutLine: {'line': b'[  5%] \x1b[32mBuilding C object src/tools/idlpp/CMakeFiles/idlpp.dir/src/support.c.o\x1b[0m\n'}
[2.458179] (cyclonedds) StdoutLine: {'line': b'[  5%] \x1b[32mBuilding C object src/ddsrt/CMakeFiles/ddsrt-internal.dir/src/log.c.o\x1b[0m\n'}
[2.458296] (cyclonedds) StdoutLine: {'line': b'[  4%] \x1b[32mBuilding C object src/tools/idlpp/CMakeFiles/idlpp.dir/src/expand.c.o\x1b[0m\n'}
[2.458412] (cyclonedds) StdoutLine: {'line': b'[  5%] \x1b[32mBuilding C object src/ddsrt/CMakeFiles/ddsrt-internal.dir/src/strtod.c.o\x1b[0m\n'}
[2.458592] (ros2_unitree_legged_msgs) StdoutLine: {'line': b'-- Found PythonLibs: /usr/lib/x86_64-linux-gnu/libpython3.10.so (found suitable version "3.10.12", minimum required is "3.5") \n'}
[2.458717] (ros2_unitree_legged_msgs) StdoutLine: {'line': b'-- Using PYTHON_EXECUTABLE: /usr/bin/python3\n'}
[2.458809] (ros2_unitree_legged_msgs) StdoutLine: {'line': b'-- Using PYTHON_INCLUDE_DIRS: /usr/include/python3.10\n'}
[2.458897] (ros2_unitree_legged_msgs) StdoutLine: {'line': b'-- Using PYTHON_LIBRARIES: /usr/lib/x86_64-linux-gnu/libpython3.10.so\n'}
[2.459060] (cyclonedds) StdoutLine: {'line': b'[  5%] \x1b[32mBuilding C object src/tools/idlpp/CMakeFiles/idlpp.dir/src/main.c.o\x1b[0m\n'}
[2.459186] (cyclonedds) StdoutLine: {'line': b'[  5%] \x1b[32mBuilding C object src/tools/idlpp/CMakeFiles/idlpp.dir/src/mbchar.c.o\x1b[0m\n'}
[2.459281] (cyclonedds) StdoutLine: {'line': b'[  5%] \x1b[32mBuilding C object src/ddsrt/CMakeFiles/ddsrt-internal.dir/src/mh3.c.o\x1b[0m\n'}
[2.461753] (cyclonedds) StdoutLine: {'line': b'[  7%] \x1b[32mBuilding C object src/ddsrt/CMakeFiles/ddsrt-internal.dir/src/strtol.c.o\x1b[0m\n'}
[2.462199] (cyclonedds) StdoutLine: {'line': b'[  7%] \x1b[32mBuilding C object src/ddsrt/CMakeFiles/ddsrt-internal.dir/src/retcode.c.o\x1b[0m\n'}
[2.462334] (cyclonedds) StdoutLine: {'line': b'[  8%] \x1b[32mBuilding C object src/ddsrt/CMakeFiles/ddsrt-internal.dir/src/atomics.c.o\x1b[0m\n'}
[2.462555] (cyclonedds) StdoutLine: {'line': b'[  8%] \x1b[32mBuilding C object src/tools/idlpp/CMakeFiles/idlpp.dir/src/system.c.o\x1b[0m\n'}
[2.462696] (cyclonedds) StdoutLine: {'line': b'[  9%] \x1b[32mBuilding C object src/ddsrt/CMakeFiles/ddsrt-internal.dir/src/environ.c.o\x1b[0m\n'}
[2.462763] (cyclonedds) StdoutLine: {'line': b'[  9%] \x1b[32mBuilding C object src/ddsrt/CMakeFiles/ddsrt-internal.dir/src/bswap.c.o\x1b[0m\n'}
[2.462816] (cyclonedds) StdoutLine: {'line': b'[  9%] \x1b[32mBuilding C object src/ddsrt/CMakeFiles/ddsrt-internal.dir/src/avl.c.o\x1b[0m\n'}
[2.466320] (cyclonedds) StdoutLine: {'line': b'[  9%] \x1b[32mBuilding C object src/ddsrt/CMakeFiles/ddsrt-internal.dir/src/fibheap.c.o\x1b[0m\n'}
[2.466585] (cyclonedds) StdoutLine: {'line': b'[  9%] \x1b[32mBuilding C object src/ddsrt/CMakeFiles/ddsrt-internal.dir/src/hopscotch.c.o\x1b[0m\n'}
[2.468241] (cyclonedds) StdoutLine: {'line': b'[  9%] \x1b[32mBuilding C object src/ddsrt/CMakeFiles/ddsrt-internal.dir/src/io.c.o\x1b[0m\n'}
[2.468465] (cyclonedds) StdoutLine: {'line': b'[ 10%] \x1b[32mBuilding C object src/ddsrt/CMakeFiles/ddsrt-internal.dir/src/expand_vars.c.o\x1b[0m\n'}
[2.476555] (ros2_unitree_legged_msgs) StdoutLine: {'line': b'-- Found PythonExtra: .so  \n'}
[2.476992] (unitree_go) StdoutLine: {'line': b'-- Found PythonExtra: .so  \n'}
[2.478206] (unitree_api) StdoutLine: {'line': b'-- Found PythonExtra: .so  \n'}
[2.483393] (unitree_hg) StdoutLine: {'line': b'-- Found PythonExtra: .so  \n'}
[2.487283] (cyclonedds) StdoutLine: {'line': b'[ 10%] \x1b[32mBuilding C object src/idl/CMakeFiles/idl.dir/src/symbol.c.o\x1b[0m\n'}
[2.499277] (cyclonedds) StdoutLine: {'line': b'[ 10%] \x1b[32mBuilding C object src/core/CMakeFiles/ddsc.dir/ddsi/src/ddsi_eth.c.o\x1b[0m\n'}
[2.502329] (-) TimerEvent: {}
[2.566666] (cyclonedds) StdoutLine: {'line': b'[ 10%] \x1b[32mBuilding C object src/ddsrt/CMakeFiles/ddsrt-internal.dir/src/threads.c.o\x1b[0m\n'}
[2.566963] (cyclonedds) StdoutLine: {'line': b'[ 11%] \x1b[32mBuilding C object src/ddsrt/CMakeFiles/ddsrt-internal.dir/src/string.c.o\x1b[0m\n'}
[2.567105] (cyclonedds) StdoutLine: {'line': b'[ 11%] \x1b[32mBuilding C object src/idl/CMakeFiles/idl.dir/src/expression.c.o\x1b[0m\n'}
[2.568885] (cyclonedds) StdoutLine: {'line': b'[ 12%] \x1b[32mBuilding C object src/ddsrt/CMakeFiles/ddsrt-internal.dir/src/circlist.c.o\x1b[0m\n'}
[2.569278] (cyclonedds) StdoutLine: {'line': b'[ 13%] \x1b[32mBuilding C object src/idl/CMakeFiles/idl.dir/src/directive.c.o\x1b[0m\n'}
[2.571143] (cyclonedds) StdoutLine: {'line': b'[ 14%] \x1b[32mBuilding C object src/core/CMakeFiles/ddsc.dir/ddsi/src/ddsi_ssl.c.o\x1b[0m\n'}
[2.582113] (cyclonedds) StdoutLine: {'line': b'[ 14%] \x1b[32mBuilding C object src/ddsrt/CMakeFiles/ddsrt-internal.dir/src/md5.c.o\x1b[0m\n'}
[2.586188] (cyclonedds) StdoutLine: {'line': b'[ 14%] \x1b[32mBuilding C object src/ddsrt/CMakeFiles/ddsrt-internal.dir/src/sockets.c.o\x1b[0m\n'}
[2.591228] (cyclonedds) StdoutLine: {'line': b'[ 14%] \x1b[32mBuilding C object src/core/CMakeFiles/ddsc.dir/ddsi/src/ddsi_tcp.c.o\x1b[0m\n'}
[2.594126] (cyclonedds) StdoutLine: {'line': b'[ 15%] \x1b[32mBuilding C object src/ddsrt/CMakeFiles/ddsrt-internal.dir/src/xmlparser.c.o\x1b[0m\n'}
[2.602455] (-) TimerEvent: {}
[2.662872] (unitree_hg) StdoutLine: {'line': b'-- Found ament_lint_auto: 0.12.14 (/opt/ros/humble/share/ament_lint_auto/cmake)\n'}
[2.663228] (unitree_go) StdoutLine: {'line': b'-- Found ament_lint_auto: 0.12.14 (/opt/ros/humble/share/ament_lint_auto/cmake)\n'}
[2.663395] (unitree_api) StdoutLine: {'line': b'-- Found ament_lint_auto: 0.12.14 (/opt/ros/humble/share/ament_lint_auto/cmake)\n'}
[2.672208] (cyclonedds) StdoutLine: {'line': b'[ 15%] \x1b[32mBuilding C object src/core/CMakeFiles/ddsc.dir/ddsi/src/ddsi_tran.c.o\x1b[0m\n'}
[2.672752] (cyclonedds) StdoutLine: {'line': b'[ 15%] \x1b[32mBuilding C object src/idl/CMakeFiles/idl.dir/src/file.c.o\x1b[0m\n'}
[2.681120] (cyclonedds) StdoutLine: {'line': b'[ 15%] \x1b[32mBuilding C object src/ddsrt/CMakeFiles/ddsrt-internal.dir/src/ifaddrs.c.o\x1b[0m\n'}
[2.693184] (cyclonedds) StdoutLine: {'line': b'[ 15%] \x1b[32mBuilding C object src/core/CMakeFiles/ddsc.dir/ddsi/src/ddsi_raweth.c.o\x1b[0m\n'}
[2.693517] (cyclonedds) StdoutLine: {'line': b'[ 16%] \x1b[32mBuilding C object src/core/CMakeFiles/ddsc.dir/ddsi/src/ddsi_udp.c.o\x1b[0m\n'}
[2.702582] (-) TimerEvent: {}
[2.714828] (cyclonedds) StdoutLine: {'line': b'[ 17%] \x1b[32mBuilding C object src/idl/CMakeFiles/idl.dir/src/processor.c.o\x1b[0m\n'}
[2.715309] (cyclonedds) StdoutLine: {'line': b'[ 18%] \x1b[32mBuilding C object src/idl/CMakeFiles/idl.dir/src/string.c.o\x1b[0m\n'}
[2.721409] (cyclonedds) StdoutLine: {'line': b'[ 18%] \x1b[32mBuilding C object src/idl/CMakeFiles/idl.dir/src/scanner.c.o\x1b[0m\n'}
[2.730716] (cyclonedds) StdoutLine: {'line': b'[ 18%] \x1b[32mBuilding C object src/core/CMakeFiles/ddsc.dir/ddsi/src/ddsi_vnet.c.o\x1b[0m\n'}
[2.740243] (cyclonedds) StdoutLine: {'line': b'[ 19%] \x1b[32mBuilding C object src/ddsrt/CMakeFiles/ddsrt-internal.dir/src/cdtors.c.o\x1b[0m\n'}
[2.740714] (cyclonedds) StdoutLine: {'line': b'[ 19%] \x1b[32mBuilding C object src/idl/CMakeFiles/idl.dir/src/annotation.c.o\x1b[0m\n'}
[2.741979] (ros2_unitree_legged_msgs) StdoutLine: {'line': b'-- Configuring done\n'}
[2.748446] (unitree_go) StdoutLine: {'line': b"-- Added test 'copyright' to check source files copyright and LICENSE\n"}
[2.749689] (unitree_hg) StdoutLine: {'line': b"-- Added test 'copyright' to check source files copyright and LICENSE\n"}
[2.753292] (unitree_api) StdoutLine: {'line': b"-- Added test 'copyright' to check source files copyright and LICENSE\n"}
[2.753909] (unitree_go) StdoutLine: {'line': b"-- Added test 'lint_cmake' to check CMake code style\n"}
[2.756894] (unitree_hg) StdoutLine: {'line': b"-- Added test 'lint_cmake' to check CMake code style\n"}
[2.757315] (unitree_api) StdoutLine: {'line': b"-- Added test 'lint_cmake' to check CMake code style\n"}
[2.758456] (unitree_api) StdoutLine: {'line': b"-- Added test 'xmllint' to check XML markup files\n"}
[2.759296] (unitree_hg) StdoutLine: {'line': b"-- Added test 'xmllint' to check XML markup files\n"}
[2.760597] (unitree_go) StdoutLine: {'line': b"-- Added test 'xmllint' to check XML markup files\n"}
[2.764173] (unitree_api) StdoutLine: {'line': b'-- Configuring done\n'}
[2.764422] (unitree_go) StdoutLine: {'line': b'-- Configuring done\n'}
[2.778123] (cyclonedds) StdoutLine: {'line': b'[ 19%] \x1b[32mBuilding C object src/ddsrt/CMakeFiles/ddsrt-internal.dir/src/random.c.o\x1b[0m\n'}
[2.779277] (unitree_hg) StdoutLine: {'line': b'-- Configuring done\n'}
[2.790205] (cyclonedds) StdoutLine: {'line': b'[ 19%] \x1b[32mBuilding C object src/idl/CMakeFiles/idl.dir/src/scope.c.o\x1b[0m\n'}
[2.802711] (-) TimerEvent: {}
[2.880586] (cyclonedds) StdoutLine: {'line': b'[ 19%] \x1b[32mBuilding C object src/idl/CMakeFiles/idl.dir/src/visit.c.o\x1b[0m\n'}
[2.880835] (cyclonedds) StdoutLine: {'line': b'[ 19%] \x1b[32mBuilding C object src/ddsrt/CMakeFiles/ddsrt-internal.dir/src/time.c.o\x1b[0m\n'}
[2.889178] (cyclonedds) StdoutLine: {'line': b'[ 19%] \x1b[32mBuilding C object src/idl/CMakeFiles/idl.dir/src/print.c.o\x1b[0m\n'}
[2.889782] (cyclonedds) StdoutLine: {'line': b'[ 19%] \x1b[32mBuilding C object src/idl/CMakeFiles/idl.dir/src/hashid.c.o\x1b[0m\n'}
[2.890631] (cyclonedds) StdoutLine: {'line': b'[ 20%] \x1b[32mBuilding C object src/idl/CMakeFiles/idl.dir/src/tree.c.o\x1b[0m\n'}
[2.892009] (cyclonedds) StdoutLine: {'line': b'[ 21%] \x1b[32mBuilding C object src/idl/CMakeFiles/idl.dir/src/keylist.c.o\x1b[0m\n'}
[2.893436] (ros2_unitree_legged_msgs) StdoutLine: {'line': b'-- Generating done\n'}
[2.900930] (unitree_hg) StdoutLine: {'line': b'-- Generating done\n'}
[2.901264] (cyclonedds) StdoutLine: {'line': b'[ 22%] \x1b[32mBuilding C object src/ddsrt/CMakeFiles/ddsrt-internal.dir/src/ifaddrs/posix/ifaddrs.c.o\x1b[0m\n'}
[2.902794] (-) TimerEvent: {}
[2.906132] (cyclonedds) StdoutLine: {'line': b'[ 23%] \x1b[32mBuilding C object src/idl/CMakeFiles/idl.dir/src/parser.c.o\x1b[0m\n'}
[2.906835] (ros2_unitree_legged_msgs) StdoutLine: {'line': b'-- Build files have been written to: /home/ruben/go2_deploy/workhop_rl/build/ros2_unitree_legged_msgs\n'}
[2.908353] (unitree_go) StdoutLine: {'line': b'-- Generating done\n'}
[2.913636] (unitree_hg) StdoutLine: {'line': b'-- Build files have been written to: /home/ruben/go2_deploy/workhop_rl/build/unitree_hg\n'}
[2.930783] (ros2_unitree_legged_msgs) CommandEnded: {'returncode': 0}
[2.931532] (ros2_unitree_legged_msgs) JobProgress: {'identifier': 'ros2_unitree_legged_msgs', 'progress': 'build'}
[2.931572] (ros2_unitree_legged_msgs) Command: {'cmd': ['/usr/bin/cmake', '--build', '/home/ruben/go2_deploy/workhop_rl/build/ros2_unitree_legged_msgs', '--', '-j22', '-l22'], 'cwd': '/home/ruben/go2_deploy/workhop_rl/build/ros2_unitree_legged_msgs', 'env': OrderedDict([('LESSOPEN', '| /usr/bin/lesspipe %s'), ('CONDA_PROMPT_MODIFIER', ''), ('USER', 'ruben'), ('LC_TIME', 'ru_RU.UTF-8'), ('XDG_SESSION_TYPE', 'x11'), ('SHLVL', '1'), ('LD_LIBRARY_PATH', '/usr/lib/x86_64-linux-gnu/gazebo-11/plugins:/opt/ros/humble/opt/rviz_ogre_vendor/lib:/opt/ros/humble/lib/x86_64-linux-gnu:/opt/ros/humble/lib'), ('HOME', '/home/ruben'), ('CONDA_SHLVL', '0'), ('CYCLONEDDS_URI', '<CycloneDDS><Domain><General><Interfaces>\n                            <NetworkInterface name="lo" priority="default" multicast="default" />\n                        </Interfaces></General></Domain></CycloneDDS>'), ('OLDPWD', '/home/ruben/go2_deploy/workhop_rl/src'), ('DESKTOP_SESSION', 'ubuntu'), ('ROS_PYTHON_VERSION', '3'), ('GNOME_SHELL_SESSION_MODE', 'ubuntu'), ('GTK_MODULES', 'gail:atk-bridge'), ('LC_MONETARY', 'ru_RU.UTF-8'), ('SYSTEMD_EXEC_PID', '2945'), ('DBUS_SESSION_BUS_ADDRESS', 'unix:path=/run/user/1000/bus'), ('COLORTERM', 'truecolor'), ('_CE_M', ''), ('_CONDA_ROOT', '/home/ruben/miniconda3'), ('ROS_DISTRO', 'humble'), ('GTK_IM_MODULE', 'ibus'), ('LOGNAME', 'ruben'), ('_', '/usr/bin/colcon'), ('ROS_VERSION', '2'), ('XDG_SESSION_CLASS', 'user'), ('USERNAME', 'ruben'), ('TERM', 'xterm-256color'), ('GNOME_DESKTOP_SESSION_ID', 'this-is-deprecated'), ('_CE_CONDA', ''), ('ROS_LOCALHOST_ONLY', '0'), ('WINDOWPATH', '2'), ('PATH', '/opt/ros/humble/bin:/home/ruben/miniconda3/condabin:/usr/local/sbin:/usr/local/bin:/usr/sbin:/usr/bin:/sbin:/bin:/usr/games:/usr/local/games:/snap/bin:/snap/bin'), ('SESSION_MANAGER', 'local/ruben:@/tmp/.ICE-unix/2916,unix/ruben:/tmp/.ICE-unix/2916'), ('XDG_MENU_PREFIX', 'gnome-'), ('LC_ADDRESS', 'ru_RU.UTF-8'), ('GNOME_TERMINAL_SCREEN', '/org/gnome/Terminal/screen/a128e479_87a9_4f71_b049_48318ab91614'), ('XDG_RUNTIME_DIR', '/run/user/1000'), ('DISPLAY', ':1'), ('LANG', 'en_US.UTF-8'), ('XDG_CURRENT_DESKTOP', 'ubuntu:GNOME'), ('LC_TELEPHONE', 'ru_RU.UTF-8'), ('RMW_IMPLEMENTATION', 'rmw_cyclonedds_cpp'), ('XMODIFIERS', '@im=ibus'), ('XDG_SESSION_DESKTOP', 'ubuntu'), ('XAUTHORITY', '/run/user/1000/gdm/Xauthority'), ('LS_COLORS', 'rs=0:di=01;34:ln=01;36:mh=00:pi=40;33:so=01;35:do=01;35:bd=40;33;01:cd=40;33;01:or=40;31;01:mi=00:su=37;41:sg=30;43:ca=30;41:tw=30;42:ow=34;42:st=37;44:ex=01;32:*.tar=01;31:*.tgz=01;31:*.arc=01;31:*.arj=01;31:*.taz=01;31:*.lha=01;31:*.lz4=01;31:*.lzh=01;31:*.lzma=01;31:*.tlz=01;31:*.txz=01;31:*.tzo=01;31:*.t7z=01;31:*.zip=01;31:*.z=01;31:*.dz=01;31:*.gz=01;31:*.lrz=01;31:*.lz=01;31:*.lzo=01;31:*.xz=01;31:*.zst=01;31:*.tzst=01;31:*.bz2=01;31:*.bz=01;31:*.tbz=01;31:*.tbz2=01;31:*.tz=01;31:*.deb=01;31:*.rpm=01;31:*.jar=01;31:*.war=01;31:*.ear=01;31:*.sar=01;31:*.rar=01;31:*.alz=01;31:*.ace=01;31:*.zoo=01;31:*.cpio=01;31:*.7z=01;31:*.rz=01;31:*.cab=01;31:*.wim=01;31:*.swm=01;31:*.dwm=01;31:*.esd=01;31:*.jpg=01;35:*.jpeg=01;35:*.mjpg=01;35:*.mjpeg=01;35:*.gif=01;35:*.bmp=01;35:*.pbm=01;35:*.pgm=01;35:*.ppm=01;35:*.tga=01;35:*.xbm=01;35:*.xpm=01;35:*.tif=01;35:*.tiff=01;35:*.png=01;35:*.svg=01;35:*.svgz=01;35:*.mng=01;35:*.pcx=01;35:*.mov=01;35:*.mpg=01;35:*.mpeg=01;35:*.m2v=01;35:*.mkv=01;35:*.webm=01;35:*.webp=01;35:*.ogm=01;35:*.mp4=01;35:*.m4v=01;35:*.mp4v=01;35:*.vob=01;35:*.qt=01;35:*.nuv=01;35:*.wmv=01;35:*.asf=01;35:*.rm=01;35:*.rmvb=01;35:*.flc=01;35:*.avi=01;35:*.fli=01;35:*.flv=01;35:*.gl=01;35:*.dl=01;35:*.xcf=01;35:*.xwd=01;35:*.yuv=01;35:*.cgm=01;35:*.emf=01;35:*.ogv=01;35:*.ogx=01;35:*.aac=00;36:*.au=00;36:*.flac=00;36:*.m4a=00;36:*.mid=00;36:*.midi=00;36:*.mka=00;36:*.mp3=00;36:*.mpc=00;36:*.ogg=00;36:*.ra=00;36:*.wav=00;36:*.oga=00;36:*.opus=00;36:*.spx=00;36:*.xspf=00;36:'), ('GNOME_TERMINAL_SERVICE', ':1.92'), ('SSH_AGENT_LAUNCHER', 'gnome-keyring'), ('SSH_AUTH_SOCK', '/run/user/1000/keyring/ssh'), ('ROS_DOMAIN_ID', '1'), ('AMENT_PREFIX_PATH', '/opt/ros/humble'), ('CONDA_PYTHON_EXE', '/home/ruben/miniconda3/bin/python'), ('SHELL', '/bin/bash'), ('LC_NAME', 'ru_RU.UTF-8'), ('QT_ACCESSIBILITY', '1'), ('GDMSESSION', 'ubuntu'), ('Torch_DIR', '/path/to/your/libtorch'), ('LESSCLOSE', '/usr/bin/lesspipe %s %s'), ('CONDA_DEFAULT_ENV', ''), ('LC_MEASUREMENT', 'ru_RU.UTF-8'), ('GPG_AGENT_INFO', '/run/user/1000/gnupg/S.gpg-agent:0:1'), ('_CONDA_EXE', '/home/ruben/miniconda3/bin/conda'), ('LC_IDENTIFICATION', 'ru_RU.UTF-8'), ('QT_IM_MODULE', 'ibus'), ('PWD', '/home/ruben/go2_deploy/workhop_rl/build/ros2_unitree_legged_msgs'), ('XDG_CONFIG_DIRS', '/etc/xdg/xdg-ubuntu:/etc/xdg'), ('CONDA_EXE', '/home/ruben/miniconda3/bin/conda'), ('XDG_DATA_DIRS', '/usr/share/ubuntu:/usr/share/gnome:/usr/local/share/:/usr/share/:/var/lib/snapd/desktop'), ('PYTHONPATH', '/opt/ros/humble/lib/python3.10/site-packages:/opt/ros/humble/local/lib/python3.10/dist-packages'), ('LC_NUMERIC', 'ru_RU.UTF-8'), ('CONDA_PREFIX', ''), ('LC_PAPER', 'ru_RU.UTF-8'), ('COLCON', '1'), ('VTE_VERSION', '6800'), ('CMAKE_PREFIX_PATH', '/opt/ros/humble')]), 'shell': False}
[2.932068] (cyclonedds) StdoutLine: {'line': b'[ 23%] \x1b[32mBuilding C object src/ddsrt/CMakeFiles/ddsrt-internal.dir/src/sockets/posix/socket.c.o\x1b[0m\n'}
[2.932595] (unitree_hg) CommandEnded: {'returncode': 0}
[2.933163] (unitree_hg) JobProgress: {'identifier': 'unitree_hg', 'progress': 'build'}
[2.934820] (unitree_hg) Command: {'cmd': ['/usr/bin/cmake', '--build', '/home/ruben/go2_deploy/workhop_rl/build/unitree_hg', '--', '-j22', '-l22'], 'cwd': '/home/ruben/go2_deploy/workhop_rl/build/unitree_hg', 'env': OrderedDict([('LESSOPEN', '| /usr/bin/lesspipe %s'), ('CONDA_PROMPT_MODIFIER', ''), ('USER', 'ruben'), ('LC_TIME', 'ru_RU.UTF-8'), ('XDG_SESSION_TYPE', 'x11'), ('SHLVL', '1'), ('LD_LIBRARY_PATH', '/usr/lib/x86_64-linux-gnu/gazebo-11/plugins:/opt/ros/humble/opt/rviz_ogre_vendor/lib:/opt/ros/humble/lib/x86_64-linux-gnu:/opt/ros/humble/lib'), ('HOME', '/home/ruben'), ('CONDA_SHLVL', '0'), ('CYCLONEDDS_URI', '<CycloneDDS><Domain><General><Interfaces>\n                            <NetworkInterface name="lo" priority="default" multicast="default" />\n                        </Interfaces></General></Domain></CycloneDDS>'), ('OLDPWD', '/home/ruben/go2_deploy/workhop_rl/src'), ('DESKTOP_SESSION', 'ubuntu'), ('ROS_PYTHON_VERSION', '3'), ('GNOME_SHELL_SESSION_MODE', 'ubuntu'), ('GTK_MODULES', 'gail:atk-bridge'), ('LC_MONETARY', 'ru_RU.UTF-8'), ('SYSTEMD_EXEC_PID', '2945'), ('DBUS_SESSION_BUS_ADDRESS', 'unix:path=/run/user/1000/bus'), ('COLORTERM', 'truecolor'), ('_CE_M', ''), ('_CONDA_ROOT', '/home/ruben/miniconda3'), ('ROS_DISTRO', 'humble'), ('GTK_IM_MODULE', 'ibus'), ('LOGNAME', 'ruben'), ('_', '/usr/bin/colcon'), ('ROS_VERSION', '2'), ('XDG_SESSION_CLASS', 'user'), ('USERNAME', 'ruben'), ('TERM', 'xterm-256color'), ('GNOME_DESKTOP_SESSION_ID', 'this-is-deprecated'), ('_CE_CONDA', ''), ('ROS_LOCALHOST_ONLY', '0'), ('WINDOWPATH', '2'), ('PATH', '/opt/ros/humble/bin:/home/ruben/miniconda3/condabin:/usr/local/sbin:/usr/local/bin:/usr/sbin:/usr/bin:/sbin:/bin:/usr/games:/usr/local/games:/snap/bin:/snap/bin'), ('SESSION_MANAGER', 'local/ruben:@/tmp/.ICE-unix/2916,unix/ruben:/tmp/.ICE-unix/2916'), ('XDG_MENU_PREFIX', 'gnome-'), ('LC_ADDRESS', 'ru_RU.UTF-8'), ('GNOME_TERMINAL_SCREEN', '/org/gnome/Terminal/screen/a128e479_87a9_4f71_b049_48318ab91614'), ('XDG_RUNTIME_DIR', '/run/user/1000'), ('DISPLAY', ':1'), ('LANG', 'en_US.UTF-8'), ('XDG_CURRENT_DESKTOP', 'ubuntu:GNOME'), ('LC_TELEPHONE', 'ru_RU.UTF-8'), ('RMW_IMPLEMENTATION', 'rmw_cyclonedds_cpp'), ('XMODIFIERS', '@im=ibus'), ('XDG_SESSION_DESKTOP', 'ubuntu'), ('XAUTHORITY', '/run/user/1000/gdm/Xauthority'), ('LS_COLORS', 'rs=0:di=01;34:ln=01;36:mh=00:pi=40;33:so=01;35:do=01;35:bd=40;33;01:cd=40;33;01:or=40;31;01:mi=00:su=37;41:sg=30;43:ca=30;41:tw=30;42:ow=34;42:st=37;44:ex=01;32:*.tar=01;31:*.tgz=01;31:*.arc=01;31:*.arj=01;31:*.taz=01;31:*.lha=01;31:*.lz4=01;31:*.lzh=01;31:*.lzma=01;31:*.tlz=01;31:*.txz=01;31:*.tzo=01;31:*.t7z=01;31:*.zip=01;31:*.z=01;31:*.dz=01;31:*.gz=01;31:*.lrz=01;31:*.lz=01;31:*.lzo=01;31:*.xz=01;31:*.zst=01;31:*.tzst=01;31:*.bz2=01;31:*.bz=01;31:*.tbz=01;31:*.tbz2=01;31:*.tz=01;31:*.deb=01;31:*.rpm=01;31:*.jar=01;31:*.war=01;31:*.ear=01;31:*.sar=01;31:*.rar=01;31:*.alz=01;31:*.ace=01;31:*.zoo=01;31:*.cpio=01;31:*.7z=01;31:*.rz=01;31:*.cab=01;31:*.wim=01;31:*.swm=01;31:*.dwm=01;31:*.esd=01;31:*.jpg=01;35:*.jpeg=01;35:*.mjpg=01;35:*.mjpeg=01;35:*.gif=01;35:*.bmp=01;35:*.pbm=01;35:*.pgm=01;35:*.ppm=01;35:*.tga=01;35:*.xbm=01;35:*.xpm=01;35:*.tif=01;35:*.tiff=01;35:*.png=01;35:*.svg=01;35:*.svgz=01;35:*.mng=01;35:*.pcx=01;35:*.mov=01;35:*.mpg=01;35:*.mpeg=01;35:*.m2v=01;35:*.mkv=01;35:*.webm=01;35:*.webp=01;35:*.ogm=01;35:*.mp4=01;35:*.m4v=01;35:*.mp4v=01;35:*.vob=01;35:*.qt=01;35:*.nuv=01;35:*.wmv=01;35:*.asf=01;35:*.rm=01;35:*.rmvb=01;35:*.flc=01;35:*.avi=01;35:*.fli=01;35:*.flv=01;35:*.gl=01;35:*.dl=01;35:*.xcf=01;35:*.xwd=01;35:*.yuv=01;35:*.cgm=01;35:*.emf=01;35:*.ogv=01;35:*.ogx=01;35:*.aac=00;36:*.au=00;36:*.flac=00;36:*.m4a=00;36:*.mid=00;36:*.midi=00;36:*.mka=00;36:*.mp3=00;36:*.mpc=00;36:*.ogg=00;36:*.ra=00;36:*.wav=00;36:*.oga=00;36:*.opus=00;36:*.spx=00;36:*.xspf=00;36:'), ('GNOME_TERMINAL_SERVICE', ':1.92'), ('SSH_AGENT_LAUNCHER', 'gnome-keyring'), ('SSH_AUTH_SOCK', '/run/user/1000/keyring/ssh'), ('ROS_DOMAIN_ID', '1'), ('AMENT_PREFIX_PATH', '/opt/ros/humble'), ('CONDA_PYTHON_EXE', '/home/ruben/miniconda3/bin/python'), ('SHELL', '/bin/bash'), ('LC_NAME', 'ru_RU.UTF-8'), ('QT_ACCESSIBILITY', '1'), ('GDMSESSION', 'ubuntu'), ('Torch_DIR', '/path/to/your/libtorch'), ('LESSCLOSE', '/usr/bin/lesspipe %s %s'), ('CONDA_DEFAULT_ENV', ''), ('LC_MEASUREMENT', 'ru_RU.UTF-8'), ('GPG_AGENT_INFO', '/run/user/1000/gnupg/S.gpg-agent:0:1'), ('_CONDA_EXE', '/home/ruben/miniconda3/bin/conda'), ('LC_IDENTIFICATION', 'ru_RU.UTF-8'), ('QT_IM_MODULE', 'ibus'), ('PWD', '/home/ruben/go2_deploy/workhop_rl/build/unitree_hg'), ('XDG_CONFIG_DIRS', '/etc/xdg/xdg-ubuntu:/etc/xdg'), ('CONDA_EXE', '/home/ruben/miniconda3/bin/conda'), ('XDG_DATA_DIRS', '/usr/share/ubuntu:/usr/share/gnome:/usr/local/share/:/usr/share/:/var/lib/snapd/desktop'), ('PYTHONPATH', '/opt/ros/humble/lib/python3.10/site-packages:/opt/ros/humble/local/lib/python3.10/dist-packages'), ('LC_NUMERIC', 'ru_RU.UTF-8'), ('CONDA_PREFIX', ''), ('LC_PAPER', 'ru_RU.UTF-8'), ('COLCON', '1'), ('VTE_VERSION', '6800'), ('CMAKE_PREFIX_PATH', '/opt/ros/humble')]), 'shell': False}
[2.940936] (unitree_go) StdoutLine: {'line': b'-- Build files have been written to: /home/ruben/go2_deploy/workhop_rl/build/unitree_go\n'}
[2.941750] (unitree_api) StdoutLine: {'line': b'-- Generating done\n'}
[2.951226] (cyclonedds) StdoutLine: {'line': b'[ 24%] \x1b[32mBuilding C object src/core/CMakeFiles/ddsc.dir/ddsi/src/ddsi_ipaddr.c.o\x1b[0m\n'}
[2.957155] (unitree_go) CommandEnded: {'returncode': 0}
[2.957957] (unitree_go) JobProgress: {'identifier': 'unitree_go', 'progress': 'build'}
[2.958295] (unitree_go) Command: {'cmd': ['/usr/bin/cmake', '--build', '/home/ruben/go2_deploy/workhop_rl/build/unitree_go', '--', '-j22', '-l22'], 'cwd': '/home/ruben/go2_deploy/workhop_rl/build/unitree_go', 'env': OrderedDict([('LESSOPEN', '| /usr/bin/lesspipe %s'), ('CONDA_PROMPT_MODIFIER', ''), ('USER', 'ruben'), ('LC_TIME', 'ru_RU.UTF-8'), ('XDG_SESSION_TYPE', 'x11'), ('SHLVL', '1'), ('LD_LIBRARY_PATH', '/usr/lib/x86_64-linux-gnu/gazebo-11/plugins:/opt/ros/humble/opt/rviz_ogre_vendor/lib:/opt/ros/humble/lib/x86_64-linux-gnu:/opt/ros/humble/lib'), ('HOME', '/home/ruben'), ('CONDA_SHLVL', '0'), ('CYCLONEDDS_URI', '<CycloneDDS><Domain><General><Interfaces>\n                            <NetworkInterface name="lo" priority="default" multicast="default" />\n                        </Interfaces></General></Domain></CycloneDDS>'), ('OLDPWD', '/home/ruben/go2_deploy/workhop_rl/src'), ('DESKTOP_SESSION', 'ubuntu'), ('ROS_PYTHON_VERSION', '3'), ('GNOME_SHELL_SESSION_MODE', 'ubuntu'), ('GTK_MODULES', 'gail:atk-bridge'), ('LC_MONETARY', 'ru_RU.UTF-8'), ('SYSTEMD_EXEC_PID', '2945'), ('DBUS_SESSION_BUS_ADDRESS', 'unix:path=/run/user/1000/bus'), ('COLORTERM', 'truecolor'), ('_CE_M', ''), ('_CONDA_ROOT', '/home/ruben/miniconda3'), ('ROS_DISTRO', 'humble'), ('GTK_IM_MODULE', 'ibus'), ('LOGNAME', 'ruben'), ('_', '/usr/bin/colcon'), ('ROS_VERSION', '2'), ('XDG_SESSION_CLASS', 'user'), ('USERNAME', 'ruben'), ('TERM', 'xterm-256color'), ('GNOME_DESKTOP_SESSION_ID', 'this-is-deprecated'), ('_CE_CONDA', ''), ('ROS_LOCALHOST_ONLY', '0'), ('WINDOWPATH', '2'), ('PATH', '/opt/ros/humble/bin:/home/ruben/miniconda3/condabin:/usr/local/sbin:/usr/local/bin:/usr/sbin:/usr/bin:/sbin:/bin:/usr/games:/usr/local/games:/snap/bin:/snap/bin'), ('SESSION_MANAGER', 'local/ruben:@/tmp/.ICE-unix/2916,unix/ruben:/tmp/.ICE-unix/2916'), ('XDG_MENU_PREFIX', 'gnome-'), ('LC_ADDRESS', 'ru_RU.UTF-8'), ('GNOME_TERMINAL_SCREEN', '/org/gnome/Terminal/screen/a128e479_87a9_4f71_b049_48318ab91614'), ('XDG_RUNTIME_DIR', '/run/user/1000'), ('DISPLAY', ':1'), ('LANG', 'en_US.UTF-8'), ('XDG_CURRENT_DESKTOP', 'ubuntu:GNOME'), ('LC_TELEPHONE', 'ru_RU.UTF-8'), ('RMW_IMPLEMENTATION', 'rmw_cyclonedds_cpp'), ('XMODIFIERS', '@im=ibus'), ('XDG_SESSION_DESKTOP', 'ubuntu'), ('XAUTHORITY', '/run/user/1000/gdm/Xauthority'), ('LS_COLORS', 'rs=0:di=01;34:ln=01;36:mh=00:pi=40;33:so=01;35:do=01;35:bd=40;33;01:cd=40;33;01:or=40;31;01:mi=00:su=37;41:sg=30;43:ca=30;41:tw=30;42:ow=34;42:st=37;44:ex=01;32:*.tar=01;31:*.tgz=01;31:*.arc=01;31:*.arj=01;31:*.taz=01;31:*.lha=01;31:*.lz4=01;31:*.lzh=01;31:*.lzma=01;31:*.tlz=01;31:*.txz=01;31:*.tzo=01;31:*.t7z=01;31:*.zip=01;31:*.z=01;31:*.dz=01;31:*.gz=01;31:*.lrz=01;31:*.lz=01;31:*.lzo=01;31:*.xz=01;31:*.zst=01;31:*.tzst=01;31:*.bz2=01;31:*.bz=01;31:*.tbz=01;31:*.tbz2=01;31:*.tz=01;31:*.deb=01;31:*.rpm=01;31:*.jar=01;31:*.war=01;31:*.ear=01;31:*.sar=01;31:*.rar=01;31:*.alz=01;31:*.ace=01;31:*.zoo=01;31:*.cpio=01;31:*.7z=01;31:*.rz=01;31:*.cab=01;31:*.wim=01;31:*.swm=01;31:*.dwm=01;31:*.esd=01;31:*.jpg=01;35:*.jpeg=01;35:*.mjpg=01;35:*.mjpeg=01;35:*.gif=01;35:*.bmp=01;35:*.pbm=01;35:*.pgm=01;35:*.ppm=01;35:*.tga=01;35:*.xbm=01;35:*.xpm=01;35:*.tif=01;35:*.tiff=01;35:*.png=01;35:*.svg=01;35:*.svgz=01;35:*.mng=01;35:*.pcx=01;35:*.mov=01;35:*.mpg=01;35:*.mpeg=01;35:*.m2v=01;35:*.mkv=01;35:*.webm=01;35:*.webp=01;35:*.ogm=01;35:*.mp4=01;35:*.m4v=01;35:*.mp4v=01;35:*.vob=01;35:*.qt=01;35:*.nuv=01;35:*.wmv=01;35:*.asf=01;35:*.rm=01;35:*.rmvb=01;35:*.flc=01;35:*.avi=01;35:*.fli=01;35:*.flv=01;35:*.gl=01;35:*.dl=01;35:*.xcf=01;35:*.xwd=01;35:*.yuv=01;35:*.cgm=01;35:*.emf=01;35:*.ogv=01;35:*.ogx=01;35:*.aac=00;36:*.au=00;36:*.flac=00;36:*.m4a=00;36:*.mid=00;36:*.midi=00;36:*.mka=00;36:*.mp3=00;36:*.mpc=00;36:*.ogg=00;36:*.ra=00;36:*.wav=00;36:*.oga=00;36:*.opus=00;36:*.spx=00;36:*.xspf=00;36:'), ('GNOME_TERMINAL_SERVICE', ':1.92'), ('SSH_AGENT_LAUNCHER', 'gnome-keyring'), ('SSH_AUTH_SOCK', '/run/user/1000/keyring/ssh'), ('ROS_DOMAIN_ID', '1'), ('AMENT_PREFIX_PATH', '/opt/ros/humble'), ('CONDA_PYTHON_EXE', '/home/ruben/miniconda3/bin/python'), ('SHELL', '/bin/bash'), ('LC_NAME', 'ru_RU.UTF-8'), ('QT_ACCESSIBILITY', '1'), ('GDMSESSION', 'ubuntu'), ('Torch_DIR', '/path/to/your/libtorch'), ('LESSCLOSE', '/usr/bin/lesspipe %s %s'), ('CONDA_DEFAULT_ENV', ''), ('LC_MEASUREMENT', 'ru_RU.UTF-8'), ('GPG_AGENT_INFO', '/run/user/1000/gnupg/S.gpg-agent:0:1'), ('_CONDA_EXE', '/home/ruben/miniconda3/bin/conda'), ('LC_IDENTIFICATION', 'ru_RU.UTF-8'), ('QT_IM_MODULE', 'ibus'), ('PWD', '/home/ruben/go2_deploy/workhop_rl/build/unitree_go'), ('XDG_CONFIG_DIRS', '/etc/xdg/xdg-ubuntu:/etc/xdg'), ('CONDA_EXE', '/home/ruben/miniconda3/bin/conda'), ('XDG_DATA_DIRS', '/usr/share/ubuntu:/usr/share/gnome:/usr/local/share/:/usr/share/:/var/lib/snapd/desktop'), ('PYTHONPATH', '/opt/ros/humble/lib/python3.10/site-packages:/opt/ros/humble/local/lib/python3.10/dist-packages'), ('LC_NUMERIC', 'ru_RU.UTF-8'), ('CONDA_PREFIX', ''), ('LC_PAPER', 'ru_RU.UTF-8'), ('COLCON', '1'), ('VTE_VERSION', '6800'), ('CMAKE_PREFIX_PATH', '/opt/ros/humble')]), 'shell': False}
[2.984238] (ros2_unitree_legged_msgs) StdoutLine: {'line': b'[  1%] \x1b[34m\x1b[1mGenerating C code for ROS interfaces\x1b[0m\n'}
[2.987003] (unitree_api) StdoutLine: {'line': b'-- Build files have been written to: /home/ruben/go2_deploy/workhop_rl/build/unitree_api\n'}
[2.995329] (unitree_hg) StdoutLine: {'line': b'[  1%] \x1b[34m\x1b[1mGenerating C code for ROS interfaces\x1b[0m\n'}
[3.001200] (cyclonedds) StdoutLine: {'line': b'[ 24%] \x1b[32mBuilding C object src/core/CMakeFiles/ddsc.dir/ddsi/src/ddsi_mcgroup.c.o\x1b[0m\n'}
[3.002909] (-) TimerEvent: {}
[3.007182] (cyclonedds) StdoutLine: {'line': b'[ 25%] \x1b[32mBuilding C object src/core/CMakeFiles/ddsc.dir/ddsi/src/ddsi_security_util.c.o\x1b[0m\n'}
[3.009012] (cyclonedds) StdoutLine: {'line': b'[ 26%] \x1b[32mBuilding C object src/ddsrt/CMakeFiles/ddsrt-internal.dir/src/heap/posix/heap.c.o\x1b[0m\n'}
[3.011755] (cyclonedds) StdoutLine: {'line': b'[ 26%] \x1b[32mBuilding C object src/ddsrt/CMakeFiles/ddsrt-internal.dir/src/dynlib/posix/dynlib.c.o\x1b[0m\n'}
[3.018272] (ros2_unitree_legged_msgs) StdoutLine: {'line': b'[  1%] \x1b[34m\x1b[1mGenerating C++ code for ROS interfaces\x1b[0m\n'}
[3.018689] (ros2_unitree_legged_msgs) StdoutLine: {'line': b'[  1%] Built target ament_cmake_python_copy_ros2_unitree_legged_msgs\n'}
[3.018854] (cyclonedds) StdoutLine: {'line': b'[ 26%] \x1b[32mBuilding C object src/ddsrt/CMakeFiles/ddsrt-internal.dir/src/sockets/posix/gethostname.c.o\x1b[0m\n'}
[3.026907] (cyclonedds) StdoutLine: {'line': b'[ 26%] \x1b[32mBuilding C object src/idl/CMakeFiles/idl.dir/src/md5.c.o\x1b[0m\n'}
[3.039494] (unitree_api) CommandEnded: {'returncode': 0}
[3.040121] (unitree_api) JobProgress: {'identifier': 'unitree_api', 'progress': 'build'}
[3.040158] (unitree_api) Command: {'cmd': ['/usr/bin/cmake', '--build', '/home/ruben/go2_deploy/workhop_rl/build/unitree_api', '--', '-j22', '-l22'], 'cwd': '/home/ruben/go2_deploy/workhop_rl/build/unitree_api', 'env': OrderedDict([('LESSOPEN', '| /usr/bin/lesspipe %s'), ('CONDA_PROMPT_MODIFIER', ''), ('USER', 'ruben'), ('LC_TIME', 'ru_RU.UTF-8'), ('XDG_SESSION_TYPE', 'x11'), ('SHLVL', '1'), ('LD_LIBRARY_PATH', '/usr/lib/x86_64-linux-gnu/gazebo-11/plugins:/opt/ros/humble/opt/rviz_ogre_vendor/lib:/opt/ros/humble/lib/x86_64-linux-gnu:/opt/ros/humble/lib'), ('HOME', '/home/ruben'), ('CONDA_SHLVL', '0'), ('CYCLONEDDS_URI', '<CycloneDDS><Domain><General><Interfaces>\n                            <NetworkInterface name="lo" priority="default" multicast="default" />\n                        </Interfaces></General></Domain></CycloneDDS>'), ('OLDPWD', '/home/ruben/go2_deploy/workhop_rl/src'), ('DESKTOP_SESSION', 'ubuntu'), ('ROS_PYTHON_VERSION', '3'), ('GNOME_SHELL_SESSION_MODE', 'ubuntu'), ('GTK_MODULES', 'gail:atk-bridge'), ('LC_MONETARY', 'ru_RU.UTF-8'), ('SYSTEMD_EXEC_PID', '2945'), ('DBUS_SESSION_BUS_ADDRESS', 'unix:path=/run/user/1000/bus'), ('COLORTERM', 'truecolor'), ('_CE_M', ''), ('_CONDA_ROOT', '/home/ruben/miniconda3'), ('ROS_DISTRO', 'humble'), ('GTK_IM_MODULE', 'ibus'), ('LOGNAME', 'ruben'), ('_', '/usr/bin/colcon'), ('ROS_VERSION', '2'), ('XDG_SESSION_CLASS', 'user'), ('USERNAME', 'ruben'), ('TERM', 'xterm-256color'), ('GNOME_DESKTOP_SESSION_ID', 'this-is-deprecated'), ('_CE_CONDA', ''), ('ROS_LOCALHOST_ONLY', '0'), ('WINDOWPATH', '2'), ('PATH', '/opt/ros/humble/bin:/home/ruben/miniconda3/condabin:/usr/local/sbin:/usr/local/bin:/usr/sbin:/usr/bin:/sbin:/bin:/usr/games:/usr/local/games:/snap/bin:/snap/bin'), ('SESSION_MANAGER', 'local/ruben:@/tmp/.ICE-unix/2916,unix/ruben:/tmp/.ICE-unix/2916'), ('XDG_MENU_PREFIX', 'gnome-'), ('LC_ADDRESS', 'ru_RU.UTF-8'), ('GNOME_TERMINAL_SCREEN', '/org/gnome/Terminal/screen/a128e479_87a9_4f71_b049_48318ab91614'), ('XDG_RUNTIME_DIR', '/run/user/1000'), ('DISPLAY', ':1'), ('LANG', 'en_US.UTF-8'), ('XDG_CURRENT_DESKTOP', 'ubuntu:GNOME'), ('LC_TELEPHONE', 'ru_RU.UTF-8'), ('RMW_IMPLEMENTATION', 'rmw_cyclonedds_cpp'), ('XMODIFIERS', '@im=ibus'), ('XDG_SESSION_DESKTOP', 'ubuntu'), ('XAUTHORITY', '/run/user/1000/gdm/Xauthority'), ('LS_COLORS', 'rs=0:di=01;34:ln=01;36:mh=00:pi=40;33:so=01;35:do=01;35:bd=40;33;01:cd=40;33;01:or=40;31;01:mi=00:su=37;41:sg=30;43:ca=30;41:tw=30;42:ow=34;42:st=37;44:ex=01;32:*.tar=01;31:*.tgz=01;31:*.arc=01;31:*.arj=01;31:*.taz=01;31:*.lha=01;31:*.lz4=01;31:*.lzh=01;31:*.lzma=01;31:*.tlz=01;31:*.txz=01;31:*.tzo=01;31:*.t7z=01;31:*.zip=01;31:*.z=01;31:*.dz=01;31:*.gz=01;31:*.lrz=01;31:*.lz=01;31:*.lzo=01;31:*.xz=01;31:*.zst=01;31:*.tzst=01;31:*.bz2=01;31:*.bz=01;31:*.tbz=01;31:*.tbz2=01;31:*.tz=01;31:*.deb=01;31:*.rpm=01;31:*.jar=01;31:*.war=01;31:*.ear=01;31:*.sar=01;31:*.rar=01;31:*.alz=01;31:*.ace=01;31:*.zoo=01;31:*.cpio=01;31:*.7z=01;31:*.rz=01;31:*.cab=01;31:*.wim=01;31:*.swm=01;31:*.dwm=01;31:*.esd=01;31:*.jpg=01;35:*.jpeg=01;35:*.mjpg=01;35:*.mjpeg=01;35:*.gif=01;35:*.bmp=01;35:*.pbm=01;35:*.pgm=01;35:*.ppm=01;35:*.tga=01;35:*.xbm=01;35:*.xpm=01;35:*.tif=01;35:*.tiff=01;35:*.png=01;35:*.svg=01;35:*.svgz=01;35:*.mng=01;35:*.pcx=01;35:*.mov=01;35:*.mpg=01;35:*.mpeg=01;35:*.m2v=01;35:*.mkv=01;35:*.webm=01;35:*.webp=01;35:*.ogm=01;35:*.mp4=01;35:*.m4v=01;35:*.mp4v=01;35:*.vob=01;35:*.qt=01;35:*.nuv=01;35:*.wmv=01;35:*.asf=01;35:*.rm=01;35:*.rmvb=01;35:*.flc=01;35:*.avi=01;35:*.fli=01;35:*.flv=01;35:*.gl=01;35:*.dl=01;35:*.xcf=01;35:*.xwd=01;35:*.yuv=01;35:*.cgm=01;35:*.emf=01;35:*.ogv=01;35:*.ogx=01;35:*.aac=00;36:*.au=00;36:*.flac=00;36:*.m4a=00;36:*.mid=00;36:*.midi=00;36:*.mka=00;36:*.mp3=00;36:*.mpc=00;36:*.ogg=00;36:*.ra=00;36:*.wav=00;36:*.oga=00;36:*.opus=00;36:*.spx=00;36:*.xspf=00;36:'), ('GNOME_TERMINAL_SERVICE', ':1.92'), ('SSH_AGENT_LAUNCHER', 'gnome-keyring'), ('SSH_AUTH_SOCK', '/run/user/1000/keyring/ssh'), ('ROS_DOMAIN_ID', '1'), ('AMENT_PREFIX_PATH', '/opt/ros/humble'), ('CONDA_PYTHON_EXE', '/home/ruben/miniconda3/bin/python'), ('SHELL', '/bin/bash'), ('LC_NAME', 'ru_RU.UTF-8'), ('QT_ACCESSIBILITY', '1'), ('GDMSESSION', 'ubuntu'), ('Torch_DIR', '/path/to/your/libtorch'), ('LESSCLOSE', '/usr/bin/lesspipe %s %s'), ('CONDA_DEFAULT_ENV', ''), ('LC_MEASUREMENT', 'ru_RU.UTF-8'), ('GPG_AGENT_INFO', '/run/user/1000/gnupg/S.gpg-agent:0:1'), ('_CONDA_EXE', '/home/ruben/miniconda3/bin/conda'), ('LC_IDENTIFICATION', 'ru_RU.UTF-8'), ('QT_IM_MODULE', 'ibus'), ('PWD', '/home/ruben/go2_deploy/workhop_rl/build/unitree_api'), ('XDG_CONFIG_DIRS', '/etc/xdg/xdg-ubuntu:/etc/xdg'), ('CONDA_EXE', '/home/ruben/miniconda3/bin/conda'), ('XDG_DATA_DIRS', '/usr/share/ubuntu:/usr/share/gnome:/usr/local/share/:/usr/share/:/var/lib/snapd/desktop'), ('PYTHONPATH', '/opt/ros/humble/lib/python3.10/site-packages:/opt/ros/humble/local/lib/python3.10/dist-packages'), ('LC_NUMERIC', 'ru_RU.UTF-8'), ('CONDA_PREFIX', ''), ('LC_PAPER', 'ru_RU.UTF-8'), ('COLCON', '1'), ('VTE_VERSION', '6800'), ('CMAKE_PREFIX_PATH', '/opt/ros/humble')]), 'shell': False}
[3.040826] (cyclonedds) StdoutLine: {'line': b'[ 26%] \x1b[32mBuilding C object src/core/CMakeFiles/ddsc.dir/ddsi/src/ddsi_security_omg.c.o\x1b[0m\n'}
[3.041233] (cyclonedds) StdoutLine: {'line': b'[ 26%] \x1b[32mBuilding C object src/core/CMakeFiles/ddsc.dir/ddsi/src/ddsi_portmapping.c.o\x1b[0m\n'}
[3.076468] (unitree_hg) StdoutLine: {'line': b'[  2%] \x1b[34m\x1b[1mGenerating DDS interfaces\x1b[0m\n'}
[3.078163] (unitree_hg) StdoutLine: {'line': b'[  2%] Built target ament_cmake_python_copy_unitree_hg\n'}
[3.079837] (unitree_hg) StdoutLine: {'line': b'[  2%] \x1b[34m\x1b[1mGenerating C++ code for ROS interfaces\x1b[0m\n'}
[3.083496] (unitree_go) StdoutLine: {'line': b'[  0%] \x1b[34m\x1b[1mGenerating C code for ROS interfaces\x1b[0m\n'}
[3.084289] (unitree_go) StdoutLine: {'line': b'[  0%] \x1b[34m\x1b[1mGenerating C++ code for ROS interfaces\x1b[0m\n'}
[3.090299] (unitree_go) StdoutLine: {'line': b'[  0%] \x1b[34m\x1b[1mGenerating DDS interfaces\x1b[0m\n'}
[3.103055] (-) TimerEvent: {}
[3.108786] (cyclonedds) StdoutLine: {'line': b'[ 27%] \x1b[32mBuilding C object src/ddsrt/CMakeFiles/ddsrt-internal.dir/src/environ/posix/environ.c.o\x1b[0m\n'}
[3.109303] (cyclonedds) StdoutLine: {'line': b'[ 27%] \x1b[32mBuilding C object src/ddsrt/CMakeFiles/ddsrt-internal.dir/src/process/posix/process.c.o\x1b[0m\n'}
[3.114129] (cyclonedds) StdoutLine: {'line': b'[ 28%] \x1b[32mBuilding C object src/core/CMakeFiles/ddsc.dir/ddsi/src/ddsi_handshake.c.o\x1b[0m\n'}
[3.117389] (cyclonedds) StdoutLine: {'line': b'[ 28%] \x1b[32mBuilding C object src/ddsrt/CMakeFiles/ddsrt-internal.dir/src/sync/posix/sync.c.o\x1b[0m\n'}
[3.118002] (unitree_go) StdoutLine: {'line': b'[  0%] Built target ament_cmake_python_copy_unitree_go\n'}
[3.121530] (cyclonedds) StdoutLine: {'line': b'[ 29%] \x1b[32mBuilding C object src/ddsrt/CMakeFiles/ddsrt-internal.dir/src/random/posix/random.c.o\x1b[0m\n'}
[3.123589] (cyclonedds) StdoutLine: {'line': b'[ 29%] \x1b[32mBuilding C object src/ddsrt/CMakeFiles/ddsrt-internal.dir/src/filesystem/posix/filesystem.c.o\x1b[0m\n'}
[3.141143] (cyclonedds) StdoutLine: {'line': b'[ 29%] \x1b[32mBuilding C object src/core/CMakeFiles/ddsc.dir/ddsi/src/ddsi_serdata.c.o\x1b[0m\n'}
[3.159873] (unitree_api) StdoutLine: {'line': b'[  1%] \x1b[34m\x1b[1mGenerating C code for ROS interfaces\x1b[0m\n'}
[3.165046] (cyclonedds) StdoutLine: {'line': b'[ 29%] \x1b[32mBuilding C object src/ddsrt/CMakeFiles/ddsrt-internal.dir/src/threads/posix/threads.c.o\x1b[0m\n'}
[3.173580] (cyclonedds) StdoutLine: {'line': b'[ 29%] \x1b[32mBuilding C object src/core/CMakeFiles/ddsc.dir/ddsi/src/ddsi_serdata_default.c.o\x1b[0m\n'}
[3.184986] (unitree_api) StdoutLine: {'line': b'[  2%] \x1b[34m\x1b[1mGenerating C++ code for ROS interfaces\x1b[0m\n'}
[3.191142] (unitree_api) StdoutLine: {'line': b'[  2%] Built target ament_cmake_python_copy_unitree_api\n'}
[3.203111] (-) TimerEvent: {}
[3.204689] (unitree_api) StdoutLine: {'line': b'[  3%] \x1b[34m\x1b[1mGenerating DDS interfaces\x1b[0m\n'}
[3.234547] (cyclonedds) StdoutLine: {'line': b'[ 30%] \x1b[32mBuilding C object src/core/CMakeFiles/ddsc.dir/ddsi/src/ddsi_serdata_pserop.c.o\x1b[0m\n'}
[3.234804] (cyclonedds) StdoutLine: {'line': b'[ 31%] \x1b[32mBuilding C object src/ddsrt/CMakeFiles/ddsrt-internal.dir/src/rusage/posix/rusage.c.o\x1b[0m\n'}
[3.236144] (cyclonedds) StdoutLine: {'line': b'[ 31%] \x1b[32mBuilding C object src/core/CMakeFiles/ddsc.dir/ddsi/src/ddsi_sertype_default.c.o\x1b[0m\n'}
[3.236328] (cyclonedds) StdoutLine: {'line': b'[ 31%] \x1b[32mBuilding C object src/core/CMakeFiles/ddsc.dir/ddsi/src/ddsi_sertype_pserop.c.o\x1b[0m\n'}
[3.242202] (cyclonedds) StdoutLine: {'line': b'[ 31%] \x1b[32mBuilding C object src/core/CMakeFiles/ddsc.dir/ddsi/src/ddsi_serdata_plist.c.o\x1b[0m\n'}
[3.245154] (cyclonedds) StdoutLine: {'line': b'[ 32%] \x1b[32mBuilding C object src/core/CMakeFiles/ddsc.dir/ddsi/src/ddsi_sertype.c.o\x1b[0m\n'}
[3.245398] (cyclonedds) StdoutLine: {'line': b'[ 33%] \x1b[32mBuilding C object src/ddsrt/CMakeFiles/ddsrt-internal.dir/src/netstat/linux/netstat.c.o\x1b[0m\n'}
[3.248724] (cyclonedds) StdoutLine: {'line': b'[ 34%] \x1b[32mBuilding C object src/core/CMakeFiles/ddsc.dir/ddsi/src/ddsi_sertype_plist.c.o\x1b[0m\n'}
[3.249354] (cyclonedds) StdoutLine: {'line': b'[ 34%] \x1b[32mBuilding C object src/core/CMakeFiles/ddsc.dir/ddsi/src/ddsi_sertopic.c.o\x1b[0m\n'}
[3.252465] (cyclonedds) StdoutLine: {'line': b'[ 34%] \x1b[32mBuilding C object src/ddsrt/CMakeFiles/ddsrt-internal.dir/src/time/posix/time.c.o\x1b[0m\n'}
[3.303226] (-) TimerEvent: {}
[3.307874] (cyclonedds) StdoutLine: {'line': b'[ 35%] \x1b[32mBuilding C object src/core/CMakeFiles/ddsc.dir/ddsi/src/ddsi_statistics.c.o\x1b[0m\n'}
[3.329476] (cyclonedds) StdoutLine: {'line': b'[ 35%] \x1b[32mBuilding C object src/core/CMakeFiles/ddsc.dir/ddsi/src/ddsi_iid.c.o\x1b[0m\n'}
[3.337124] (cyclonedds) StdoutLine: {'line': b'[ 35%] \x1b[32mBuilding C object src/core/CMakeFiles/ddsc.dir/ddsi/src/ddsi_tkmap.c.o\x1b[0m\n'}
[3.344177] (cyclonedds) StdoutLine: {'line': b'[ 36%] \x1b[32mBuilding C object src/core/CMakeFiles/ddsc.dir/ddsi/src/ddsi_vendor.c.o\x1b[0m\n'}
[3.348996] (cyclonedds) StdoutLine: {'line': b'[ 36%] \x1b[32mBuilding C object src/core/CMakeFiles/ddsc.dir/ddsi/src/ddsi_threadmon.c.o\x1b[0m\n'}
[3.355316] (cyclonedds) StdoutLine: {'line': b'[ 37%] \x1b[32m\x1b[1mLinking C static library ../../../lib/libidlpp.a\x1b[0m\n'}
[3.403333] (-) TimerEvent: {}
[3.415433] (ros2_unitree_legged_msgs) StdoutLine: {'line': b'running egg_info\n'}
[3.416401] (ros2_unitree_legged_msgs) StdoutLine: {'line': b'creating ros2_unitree_legged_msgs.egg-info\n'}
[3.416674] (ros2_unitree_legged_msgs) StdoutLine: {'line': b'writing ros2_unitree_legged_msgs.egg-info/PKG-INFO\n'}
[3.416953] (ros2_unitree_legged_msgs) StdoutLine: {'line': b'writing dependency_links to ros2_unitree_legged_msgs.egg-info/dependency_links.txt\n'}
[3.420100] (ros2_unitree_legged_msgs) StdoutLine: {'line': b'writing top-level names to ros2_unitree_legged_msgs.egg-info/top_level.txt\n'}
[3.427639] (ros2_unitree_legged_msgs) StdoutLine: {'line': b"writing manifest file 'ros2_unitree_legged_msgs.egg-info/SOURCES.txt'\n"}
[3.437521] (ros2_unitree_legged_msgs) StdoutLine: {'line': b"reading manifest file 'ros2_unitree_legged_msgs.egg-info/SOURCES.txt'\n"}
[3.438168] (ros2_unitree_legged_msgs) StdoutLine: {'line': b"writing manifest file 'ros2_unitree_legged_msgs.egg-info/SOURCES.txt'\n"}
[3.439152] (cyclonedds) StdoutLine: {'line': b'[ 37%] \x1b[32mBuilding C object src/core/CMakeFiles/ddsc.dir/ddsi/src/ddsi_rhc.c.o\x1b[0m\n'}
[3.439710] (cyclonedds) StdoutLine: {'line': b'[ 37%] \x1b[32mBuilding C object src/core/CMakeFiles/ddsc.dir/ddsi/src/ddsi_entity_index.c.o\x1b[0m\n'}
[3.446200] (cyclonedds) StdoutLine: {'line': b'[ 37%] \x1b[32m\x1b[1mLinking C static library ../../lib/libddsrt-internal.a\x1b[0m\n'}
[3.448621] (cyclonedds) StdoutLine: {'line': b'[ 38%] \x1b[32mBuilding C object src/core/CMakeFiles/ddsc.dir/ddsi/src/ddsi_pmd.c.o\x1b[0m\n'}
[3.449077] (cyclonedds) StdoutLine: {'line': b'[ 39%] \x1b[32mBuilding C object src/core/CMakeFiles/ddsc.dir/ddsi/src/ddsi_deadline.c.o\x1b[0m\n'}
[3.478098] (cyclonedds) StdoutLine: {'line': b'[ 39%] \x1b[32mBuilding C object src/core/CMakeFiles/ddsc.dir/ddsi/src/ddsi_deliver_locally.c.o\x1b[0m\n'}
[3.478373] (cyclonedds) StdoutLine: {'line': b'[ 39%] \x1b[32mBuilding C object src/core/CMakeFiles/ddsc.dir/ddsi/src/ddsi_plist.c.o\x1b[0m\n'}
[3.478485] (unitree_go) StdoutLine: {'line': b'running egg_info\n'}
[3.478589] (unitree_hg) StdoutLine: {'line': b'running egg_info\n'}
[3.478725] (unitree_hg) StdoutLine: {'line': b'creating unitree_hg.egg-info\n'}
[3.478785] (unitree_go) StdoutLine: {'line': b'creating unitree_go.egg-info\n'}
[3.478862] (unitree_hg) StdoutLine: {'line': b'writing unitree_hg.egg-info/PKG-INFO\n'}
[3.478923] (unitree_hg) StdoutLine: {'line': b'writing dependency_links to unitree_hg.egg-info/dependency_links.txt\n'}
[3.478974] (unitree_go) StdoutLine: {'line': b'writing unitree_go.egg-info/PKG-INFO\n'}
[3.479053] (unitree_hg) StdoutLine: {'line': b'writing top-level names to unitree_hg.egg-info/top_level.txt\n'}
[3.479111] (unitree_go) StdoutLine: {'line': b'writing dependency_links to unitree_go.egg-info/dependency_links.txt\n'}
[3.479393] (unitree_go) StdoutLine: {'line': b'writing top-level names to unitree_go.egg-info/top_level.txt\n'}
[3.479874] (unitree_api) StdoutLine: {'line': b'running egg_info\n'}
[3.480802] (unitree_hg) StdoutLine: {'line': b"writing manifest file 'unitree_hg.egg-info/SOURCES.txt'\n"}
[3.482732] (unitree_api) StdoutLine: {'line': b'creating unitree_api.egg-info\n'}
[3.485073] (unitree_api) StdoutLine: {'line': b'writing unitree_api.egg-info/PKG-INFO\n'}
[3.485249] (unitree_go) StdoutLine: {'line': b"writing manifest file 'unitree_go.egg-info/SOURCES.txt'\n"}
[3.485333] (unitree_api) StdoutLine: {'line': b'writing dependency_links to unitree_api.egg-info/dependency_links.txt\n'}
[3.485386] (unitree_hg) StdoutLine: {'line': b"reading manifest file 'unitree_hg.egg-info/SOURCES.txt'\n"}
[3.485446] (unitree_api) StdoutLine: {'line': b'writing top-level names to unitree_api.egg-info/top_level.txt\n'}
[3.485493] (unitree_hg) StdoutLine: {'line': b"writing manifest file 'unitree_hg.egg-info/SOURCES.txt'\n"}
[3.486408] (unitree_api) StdoutLine: {'line': b"writing manifest file 'unitree_api.egg-info/SOURCES.txt'\n"}
[3.488908] (unitree_go) StdoutLine: {'line': b"reading manifest file 'unitree_go.egg-info/SOURCES.txt'\n"}
[3.489744] (unitree_api) StdoutLine: {'line': b"reading manifest file 'unitree_api.egg-info/SOURCES.txt'\n"}
[3.490364] (unitree_go) StdoutLine: {'line': b"writing manifest file 'unitree_go.egg-info/SOURCES.txt'\n"}
[3.491247] (unitree_api) StdoutLine: {'line': b"writing manifest file 'unitree_api.egg-info/SOURCES.txt'\n"}
[3.495637] (cyclonedds) StdoutLine: {'line': b'[ 40%] \x1b[32mBuilding C object src/core/CMakeFiles/ddsc.dir/ddsi/src/ddsi_cdrstream.c.o\x1b[0m\n'}
[3.503440] (-) TimerEvent: {}
[3.506885] (cyclonedds) StdoutLine: {'line': b'[ 40%] \x1b[32mBuilding C object src/core/CMakeFiles/ddsc.dir/ddsi/src/ddsi_config.c.o\x1b[0m\n'}
[3.516682] (cyclonedds) StdoutLine: {'line': b'[ 40%] \x1b[32mBuilding C object src/core/CMakeFiles/ddsc.dir/ddsi/src/ddsi_time.c.o\x1b[0m\n'}
[3.537814] (ros2_unitree_legged_msgs) StdoutLine: {'line': b'[  1%] Built target ament_cmake_python_build_ros2_unitree_legged_msgs_egg\n'}
[3.539600] (cyclonedds) StdoutLine: {'line': b'[ 41%] \x1b[32mBuilding C object src/core/CMakeFiles/ddsc.dir/ddsi/src/ddsi_ownip.c.o\x1b[0m\n'}
[3.539835] (unitree_hg) StdoutLine: {'line': b'[  2%] Built target ament_cmake_python_build_unitree_hg_egg\n'}
[3.569493] (cyclonedds) StdoutLine: {'line': b'[ 42%] \x1b[32mBuilding C object src/core/CMakeFiles/ddsc.dir/ddsi/src/ddsi_list_genptr.c.o\x1b[0m\n'}
[3.575269] (cyclonedds) StdoutLine: {'line': b'[ 42%] \x1b[32mBuilding C object src/core/CMakeFiles/ddsc.dir/ddsi/src/ddsi_acknack.c.o\x1b[0m\n'}
[3.579115] (cyclonedds) StdoutLine: {'line': b'[ 42%] \x1b[32mBuilding C object src/core/CMakeFiles/ddsc.dir/ddsi/src/ddsi_wraddrset.c.o\x1b[0m\n'}
[3.606103] (-) TimerEvent: {}
[3.609510] (cyclonedds) StdoutLine: {'line': b'[ 43%] \x1b[32mBuilding C object src/core/CMakeFiles/ddsc.dir/ddsi/src/ddsi_entity.c.o\x1b[0m\n'}
[3.611200] (cyclonedds) StdoutLine: {'line': b'[ 43%] \x1b[32mBuilding C object src/core/CMakeFiles/ddsc.dir/ddsi/src/ddsi_typelib.c.o\x1b[0m\n'}
[3.613227] (cyclonedds) StdoutLine: {'line': b'[ 43%] \x1b[32mBuilding C object src/core/CMakeFiles/ddsc.dir/ddsi/src/ddsi_entity_match.c.o\x1b[0m\n'}
[3.615842] (unitree_go) StdoutLine: {'line': b'[  0%] Built target ament_cmake_python_build_unitree_go_egg\n'}
[3.635182] (unitree_api) StdoutLine: {'line': b'[  3%] Built target ament_cmake_python_build_unitree_api_egg\n'}
[3.642165] (cyclonedds) StdoutLine: {'line': b'[ 44%] \x1b[32mBuilding C object src/core/CMakeFiles/ddsc.dir/ddsi/src/ddsi_participant.c.o\x1b[0m\n'}
[3.692188] (cyclonedds) StdoutLine: {'line': b'[ 44%] \x1b[32mBuilding C object src/core/CMakeFiles/ddsc.dir/ddsi/src/ddsi_proxy_participant.c.o\x1b[0m\n'}
[3.693516] (cyclonedds) StdoutLine: {'line': b'[ 44%] Built target idlpp\n'}
[3.706217] (-) TimerEvent: {}
[3.717907] (cyclonedds) StdoutLine: {'line': b'[ 45%] \x1b[32mBuilding C object src/core/CMakeFiles/ddsc.dir/ddsi/src/ddsi_endpoint.c.o\x1b[0m\n'}
[3.718959] (cyclonedds) StdoutLine: {'line': b'[ 45%] \x1b[32mBuilding C object src/core/CMakeFiles/ddsc.dir/ddsi/src/ddsi_proxy_endpoint.c.o\x1b[0m\n'}
[3.723210] (cyclonedds) StdoutLine: {'line': b'[ 45%] \x1b[32mBuilding C object src/core/CMakeFiles/ddsc.dir/ddsi/src/ddsi_topic.c.o\x1b[0m\n'}
[3.762315] (cyclonedds) StdoutLine: {'line': b'[ 46%] \x1b[32mBuilding C object src/core/CMakeFiles/ddsc.dir/ddsi/src/q_bitset_inlines.c.o\x1b[0m\n'}
[3.779156] (cyclonedds) StdoutLine: {'line': b'[ 46%] \x1b[32mBuilding C object src/core/CMakeFiles/ddsc.dir/ddsi/src/q_addrset.c.o\x1b[0m\n'}
[3.789761] (cyclonedds) StdoutLine: {'line': b'[ 46%] Built target ddsrt-internal\n'}
[3.806334] (-) TimerEvent: {}
[3.809059] (cyclonedds) StdoutLine: {'line': b'[ 46%] \x1b[32mBuilding C object src/core/CMakeFiles/ddsc.dir/ddsi/src/q_bswap.c.o\x1b[0m\n'}
[3.813211] (cyclonedds) StdoutLine: {'line': b'[ 47%] \x1b[32mBuilding C object src/core/CMakeFiles/ddsc.dir/ddsi/src/q_ddsi_discovery.c.o\x1b[0m\n'}
[3.821145] (cyclonedds) StdoutLine: {'line': b'[ 47%] \x1b[32mBuilding C object src/core/CMakeFiles/ddsc.dir/ddsi/src/q_gc.c.o\x1b[0m\n'}
[3.838140] (cyclonedds) StdoutLine: {'line': b'[ 47%] \x1b[32mBuilding C object src/core/CMakeFiles/ddsc.dir/ddsi/src/q_debmon.c.o\x1b[0m\n'}
[3.871959] (cyclonedds) StdoutLine: {'line': b'[ 47%] \x1b[32m\x1b[1mLinking C shared library ../../lib/libcycloneddsidl.so\x1b[0m\n'}
[3.901431] (cyclonedds) StdoutLine: {'line': b'[ 48%] \x1b[32mBuilding C object src/core/CMakeFiles/ddsc.dir/ddsi/src/q_init.c.o\x1b[0m\n'}
[3.906461] (-) TimerEvent: {}
[3.922697] (cyclonedds) StdoutLine: {'line': b'[ 48%] \x1b[32mBuilding C object src/core/CMakeFiles/ddsc.dir/ddsi/src/q_lat_estim.c.o\x1b[0m\n'}
[3.925408] (cyclonedds) StdoutLine: {'line': b'[ 49%] \x1b[32mBuilding C object src/core/CMakeFiles/ddsc.dir/ddsi/src/q_lease.c.o\x1b[0m\n'}
[3.965425] (cyclonedds) StdoutLine: {'line': b'[ 49%] \x1b[32mBuilding C object src/core/CMakeFiles/ddsc.dir/ddsi/src/q_misc.c.o\x1b[0m\n'}
[3.969048] (unitree_api) StdoutLine: {'line': b'[  3%] Built target unitree_api__dds_connext_idl\n'}
[4.006572] (-) TimerEvent: {}
[4.025574] (cyclonedds) StdoutLine: {'line': b'[ 49%] \x1b[32mBuilding C object src/core/CMakeFiles/ddsc.dir/ddsi/src/q_pcap.c.o\x1b[0m\n'}
[4.044659] (cyclonedds) StdoutLine: {'line': b'[ 50%] \x1b[32mBuilding C object src/core/CMakeFiles/ddsc.dir/ddsi/src/q_qosmatch.c.o\x1b[0m\n'}
[4.083076] (unitree_hg) StdoutLine: {'line': b'[  2%] Built target unitree_hg__dds_connext_idl\n'}
[4.106680] (-) TimerEvent: {}
[4.127824] (cyclonedds) StdoutLine: {'line': b'[ 50%] Built target idl\n'}
[4.136876] (cyclonedds) StdoutLine: {'line': b'[ 50%] \x1b[32mBuilding C object src/core/CMakeFiles/ddsc.dir/ddsi/src/q_radmin.c.o\x1b[0m\n'}
[4.143083] (cyclonedds) StdoutLine: {'line': b'[ 50%] \x1b[32mBuilding C object src/core/CMakeFiles/ddsc.dir/ddsi/src/q_receive.c.o\x1b[0m\n'}
[4.206785] (-) TimerEvent: {}
[4.217300] (cyclonedds) StdoutLine: {'line': b'[ 51%] \x1b[32mBuilding C object src/core/CMakeFiles/ddsc.dir/ddsi/src/q_sockwaitset.c.o\x1b[0m\n'}
[4.217479] (cyclonedds) StdoutLine: {'line': b'[ 51%] \x1b[32mBuilding C object src/core/CMakeFiles/ddsc.dir/ddsi/src/q_thread.c.o\x1b[0m\n'}
[4.217537] (cyclonedds) StdoutLine: {'line': b'[ 52%] \x1b[32mBuilding C object src/core/CMakeFiles/ddsc.dir/ddsi/src/q_transmit.c.o\x1b[0m\n'}
[4.224945] (cyclonedds) StdoutLine: {'line': b'[ 52%] \x1b[32mBuilding C object src/core/CMakeFiles/ddsc.dir/ddsi/src/q_inverse_uint32_set.c.o\x1b[0m\n'}
[4.300176] (cyclonedds) StdoutLine: {'line': b'[ 52%] \x1b[32mBuilding C object src/core/CMakeFiles/ddsc.dir/ddsi/src/q_whc.c.o\x1b[0m\n'}
[4.305990] (cyclonedds) StdoutLine: {'line': b'[ 52%] \x1b[32mBuilding C object src/core/CMakeFiles/ddsc.dir/ddsi/src/q_xmsg.c.o\x1b[0m\n'}
[4.306853] (-) TimerEvent: {}
[4.307057] (cyclonedds) StdoutLine: {'line': b'[ 53%] \x1b[32mBuilding C object src/core/CMakeFiles/ddsc.dir/ddsi/src/q_xevent.c.o\x1b[0m\n'}
[4.363489] (cyclonedds) StdoutLine: {'line': b'[ 53%] \x1b[32mBuilding C object src/core/CMakeFiles/ddsc.dir/ddsi/src/q_freelist.c.o\x1b[0m\n'}
[4.374642] (cyclonedds) StdoutLine: {'line': b'[ 54%] \x1b[32mBuilding C object src/core/CMakeFiles/ddsc.dir/ddsi/src/sysdeps.c.o\x1b[0m\n'}
[4.403302] (cyclonedds) StdoutLine: {'line': b'[ 54%] \x1b[32mBuilding C object src/core/CMakeFiles/ddsc.dir/ddsi/src/ddsi_lifespan.c.o\x1b[0m\n'}
[4.406962] (-) TimerEvent: {}
[4.411087] (cyclonedds) StdoutLine: {'line': b'[ 54%] \x1b[32mBuilding C object src/core/CMakeFiles/ddsc.dir/ddsi/src/ddsi_xt_typelookup.c.o\x1b[0m\n'}
[4.413535] (cyclonedds) StdoutLine: {'line': b'[ 55%] \x1b[32mBuilding C object src/core/CMakeFiles/ddsc.dir/ddsi/src/ddsi_xt_typeinfo.c.o\x1b[0m\n'}
[4.482195] (cyclonedds) StdoutLine: {'line': b'[ 55%] \x1b[32mBuilding C object src/core/CMakeFiles/ddsc.dir/ddsi/src/ddsi_xt_typemap.c.o\x1b[0m\n'}
[4.502268] (cyclonedds) StdoutLine: {'line': b'[ 55%] \x1b[32mBuilding C object src/core/CMakeFiles/ddsc.dir/ddsi/src/ddsi_typewrap.c.o\x1b[0m\n'}
[4.507099] (-) TimerEvent: {}
[4.508473] (cyclonedds) StdoutLine: {'line': b'[ 56%] \x1b[32mBuilding C object src/core/CMakeFiles/ddsc.dir/ddsi/src/ddsi_typebuilder.c.o\x1b[0m\n'}
[4.516666] (cyclonedds) StdoutLine: {'line': b'[ 56%] \x1b[32mBuilding C object src/core/CMakeFiles/ddsc.dir/ddsi/src/ddsi_security_msg.c.o\x1b[0m\n'}
[4.519903] (cyclonedds) StdoutLine: {'line': b'[ 57%] \x1b[32mBuilding C object src/core/CMakeFiles/ddsc.dir/ddsi/src/ddsi_typelookup.c.o\x1b[0m\n'}
[4.606495] (cyclonedds) StdoutLine: {'line': b'[ 57%] \x1b[32mBuilding C object src/core/CMakeFiles/ddsc.dir/ddsc/src/dds_alloc.c.o\x1b[0m\n'}
[4.606721] (cyclonedds) StdoutLine: {'line': b'[ 57%] \x1b[32mBuilding C object src/core/CMakeFiles/ddsc.dir/ddsi/defconfig.c.o\x1b[0m\n'}
[4.606802] (cyclonedds) StdoutLine: {'line': b'[ 58%] \x1b[32mBuilding C object src/core/CMakeFiles/ddsc.dir/ddsi/src/ddsi_shm_transport.c.o\x1b[0m\n'}
[4.606908] (cyclonedds) StdoutLine: {'line': b'[ 59%] \x1b[32mBuilding C object src/core/CMakeFiles/ddsc.dir/ddsc/src/dds_builtin.c.o\x1b[0m\n'}
[4.607155] (-) TimerEvent: {}
[4.610700] (cyclonedds) StdoutLine: {'line': b'[ 59%] \x1b[32mBuilding C object src/core/CMakeFiles/ddsc.dir/ddsi/src/ddsi_security_exchange.c.o\x1b[0m\n'}
[4.650738] (unitree_api) StdoutLine: {'line': b'[  3%] Built target unitree_api__cpp\n'}
[4.680886] (unitree_api) StdoutLine: {'line': b'[  4%] \x1b[34m\x1b[1mGenerating C++ introspection for ROS interfaces\x1b[0m\n'}
[4.696313] (cyclonedds) StdoutLine: {'line': b'[ 59%] \x1b[32mBuilding C object src/core/CMakeFiles/ddsc.dir/ddsc/src/dds_coherent.c.o\x1b[0m\n'}
[4.696550] (unitree_api) StdoutLine: {'line': b'[  5%] \x1b[34m\x1b[1mGenerating C++ type support dispatch for ROS interfaces\x1b[0m\n'}
[4.701622] (unitree_api) StdoutLine: {'line': b'[  6%] \x1b[34m\x1b[1mGenerating C++ type support for eProsima Fast-RTPS\x1b[0m\n'}
[4.707271] (-) TimerEvent: {}
[4.768770] (cyclonedds) StdoutLine: {'line': b'[ 60%] \x1b[32mBuilding C object src/core/CMakeFiles/ddsc.dir/ddsc/src/dds_participant.c.o\x1b[0m\n'}
[4.801724] (cyclonedds) StdoutLine: {'line': b'[ 60%] \x1b[32mBuilding C object src/core/CMakeFiles/ddsc.dir/ddsc/src/dds_writer.c.o\x1b[0m\n'}
[4.803107] (cyclonedds) StdoutLine: {'line': b'[ 61%] \x1b[32mBuilding C object src/core/CMakeFiles/ddsc.dir/ddsc/src/dds_init.c.o\x1b[0m\n'}
[4.805106] (unitree_api) StdoutLine: {'line': b'[  7%] \x1b[32mBuilding C object CMakeFiles/unitree_api__rosidl_generator_c.dir/rosidl_generator_c/unitree_api/msg/detail/request__functions.c.o\x1b[0m\n'}
[4.807362] (-) TimerEvent: {}
[4.821020] (unitree_api) StdoutLine: {'line': b'[  9%] \x1b[32mBuilding C object CMakeFiles/unitree_api__rosidl_generator_c.dir/rosidl_generator_c/unitree_api/msg/detail/request_lease__functions.c.o\x1b[0m\n'}
[4.825736] (unitree_api) StdoutLine: {'line': b'[ 10%] \x1b[32mBuilding C object CMakeFiles/unitree_api__rosidl_generator_c.dir/rosidl_generator_c/unitree_api/msg/detail/request_policy__functions.c.o\x1b[0m\n'}
[4.829351] (unitree_api) StdoutLine: {'line': b'[ 11%] \x1b[32mBuilding C object CMakeFiles/unitree_api__rosidl_generator_c.dir/rosidl_generator_c/unitree_api/msg/detail/response__functions.c.o\x1b[0m\n'}
[4.829612] (unitree_api) StdoutLine: {'line': b'[ 12%] \x1b[32mBuilding C object CMakeFiles/unitree_api__rosidl_generator_c.dir/rosidl_generator_c/unitree_api/msg/detail/response_header__functions.c.o\x1b[0m\n'}
[4.837710] (unitree_api) StdoutLine: {'line': b'[ 13%] \x1b[32mBuilding C object CMakeFiles/unitree_api__rosidl_generator_c.dir/rosidl_generator_c/unitree_api/msg/detail/response_status__functions.c.o\x1b[0m\n'}
[4.837972] (unitree_api) StdoutLine: {'line': b'[ 14%] \x1b[32mBuilding C object CMakeFiles/unitree_api__rosidl_generator_c.dir/rosidl_generator_c/unitree_api/msg/detail/request_header__functions.c.o\x1b[0m\n'}
[4.838636] (cyclonedds) StdoutLine: {'line': b'[ 61%] \x1b[32mBuilding C object src/core/CMakeFiles/ddsc.dir/ddsc/src/dds_reader.c.o\x1b[0m\n'}
[4.859103] (unitree_api) StdoutLine: {'line': b'[ 15%] \x1b[32mBuilding C object CMakeFiles/unitree_api__rosidl_generator_c.dir/rosidl_generator_c/unitree_api/msg/detail/request_identity__functions.c.o\x1b[0m\n'}
[4.907491] (-) TimerEvent: {}
[4.960726] (cyclonedds) StdoutLine: {'line': b'[ 61%] \x1b[32mBuilding C object src/core/CMakeFiles/ddsc.dir/ddsc/src/dds_rhc.c.o\x1b[0m\n'}
[4.972325] (cyclonedds) StdoutLine: {'line': b'[ 62%] \x1b[32mBuilding C object src/core/CMakeFiles/ddsc.dir/ddsc/src/dds_rhc_default.c.o\x1b[0m\n'}
[4.974339] (cyclonedds) StdoutLine: {'line': b'[ 62%] \x1b[32mBuilding C object src/core/CMakeFiles/ddsc.dir/ddsc/src/dds_domain.c.o\x1b[0m\n'}
[4.998183] (cyclonedds) StdoutLine: {'line': b'[ 62%] \x1b[32mBuilding C object src/core/CMakeFiles/ddsc.dir/ddsc/src/dds_publisher.c.o\x1b[0m\n'}
[5.007608] (-) TimerEvent: {}
[5.042636] (unitree_api) StdoutLine: {'line': b'[ 17%] \x1b[32m\x1b[1mLinking C shared library libunitree_api__rosidl_generator_c.so\x1b[0m\n'}
[5.043130] (cyclonedds) StdoutLine: {'line': b'[ 63%] \x1b[32mBuilding C object src/core/CMakeFiles/ddsc.dir/ddsc/src/dds_instance.c.o\x1b[0m\n'}
[5.055225] (cyclonedds) StdoutLine: {'line': b'[ 63%] \x1b[32mBuilding C object src/core/CMakeFiles/ddsc.dir/ddsc/src/dds_qos.c.o\x1b[0m\n'}
[5.079165] (cyclonedds) StdoutLine: {'line': b'[ 64%] \x1b[32mBuilding C object src/core/CMakeFiles/ddsc.dir/ddsc/src/dds_entity.c.o\x1b[0m\n'}
[5.089131] (unitree_hg) StdoutLine: {'line': b'[  3%] \x1b[32mBuilding C object CMakeFiles/unitree_hg__rosidl_generator_c.dir/rosidl_generator_c/unitree_hg/msg/detail/bms_cmd__functions.c.o\x1b[0m\n'}
[5.090323] (cyclonedds) StdoutLine: {'line': b'[ 64%] \x1b[32mBuilding C object src/core/CMakeFiles/ddsc.dir/ddsc/src/dds_handles.c.o\x1b[0m\n'}
[5.097277] (unitree_hg) StdoutLine: {'line': b'[  4%] \x1b[32mBuilding C object CMakeFiles/unitree_hg__rosidl_generator_c.dir/rosidl_generator_c/unitree_hg/msg/detail/bms_state__functions.c.o\x1b[0m\n'}
[5.102245] (unitree_hg) StdoutLine: {'line': b'[  5%] \x1b[32mBuilding C object CMakeFiles/unitree_hg__rosidl_generator_c.dir/rosidl_generator_c/unitree_hg/msg/detail/hand_state__functions.c.o\x1b[0m\n'}
[5.107728] (-) TimerEvent: {}
[5.111013] (unitree_hg) StdoutLine: {'line': b'[  6%] \x1b[32mBuilding C object CMakeFiles/unitree_hg__rosidl_generator_c.dir/rosidl_generator_c/unitree_hg/msg/detail/hand_cmd__functions.c.o\x1b[0m\n'}
[5.115177] (unitree_hg) StdoutLine: {'line': b'[  6%] Built target unitree_hg__cpp\n'}
[5.122175] (unitree_hg) StdoutLine: {'line': b'[  7%] \x1b[32mBuilding C object CMakeFiles/unitree_hg__rosidl_generator_c.dir/rosidl_generator_c/unitree_hg/msg/detail/imu_state__functions.c.o\x1b[0m\n'}
[5.124665] (unitree_hg) StdoutLine: {'line': b'[  7%] \x1b[32mBuilding C object CMakeFiles/unitree_hg__rosidl_generator_c.dir/rosidl_generator_c/unitree_hg/msg/detail/low_cmd__functions.c.o\x1b[0m\n'}
[5.126674] (unitree_hg) StdoutLine: {'line': b'[  8%] \x1b[32mBuilding C object CMakeFiles/unitree_hg__rosidl_generator_c.dir/rosidl_generator_c/unitree_hg/msg/detail/low_state__functions.c.o\x1b[0m\n'}
[5.131150] (unitree_hg) StdoutLine: {'line': b'[  9%] \x1b[32mBuilding C object CMakeFiles/unitree_hg__rosidl_generator_c.dir/rosidl_generator_c/unitree_hg/msg/detail/main_board_state__functions.c.o\x1b[0m\n'}
[5.139329] (unitree_hg) StdoutLine: {'line': b'[ 10%] \x1b[34m\x1b[1mGenerating C++ type support for eProsima Fast-RTPS\x1b[0m\n'}
[5.145882] (unitree_hg) StdoutLine: {'line': b'[ 11%] \x1b[32mBuilding C object CMakeFiles/unitree_hg__rosidl_generator_c.dir/rosidl_generator_c/unitree_hg/msg/detail/motor_cmd__functions.c.o\x1b[0m\n'}
[5.151137] (unitree_hg) StdoutLine: {'line': b'[ 12%] \x1b[34m\x1b[1mGenerating C++ introspection for ROS interfaces\x1b[0m\n'}
[5.153135] (unitree_hg) StdoutLine: {'line': b'[ 13%] \x1b[34m\x1b[1mGenerating C++ type support dispatch for ROS interfaces\x1b[0m\n'}
[5.156283] (unitree_hg) StdoutLine: {'line': b'[ 14%] \x1b[32mBuilding C object CMakeFiles/unitree_hg__rosidl_generator_c.dir/rosidl_generator_c/unitree_hg/msg/detail/press_sensor_state__functions.c.o\x1b[0m\n'}
[5.164248] (unitree_hg) StdoutLine: {'line': b'[ 15%] \x1b[32mBuilding C object CMakeFiles/unitree_hg__rosidl_generator_c.dir/rosidl_generator_c/unitree_hg/msg/detail/motor_state__functions.c.o\x1b[0m\n'}
[5.168736] (cyclonedds) StdoutLine: {'line': b'[ 64%] \x1b[32mBuilding C object src/core/CMakeFiles/ddsc.dir/ddsc/src/dds_matched.c.o\x1b[0m\n'}
[5.207834] (-) TimerEvent: {}
[5.208186] (unitree_api) StdoutLine: {'line': b'[ 17%] Built target unitree_api__rosidl_generator_c\n'}
[5.217530] (ros2_unitree_legged_msgs) StdoutLine: {'line': b'[  1%] Built target ros2_unitree_legged_msgs__cpp\n'}
[5.221687] (cyclonedds) StdoutLine: {'line': b'[ 65%] \x1b[32mBuilding C object src/core/CMakeFiles/ddsc.dir/ddsc/src/dds_querycond.c.o\x1b[0m\n'}
[5.227110] (unitree_api) StdoutLine: {'line': b'[ 18%] \x1b[34m\x1b[1mGenerating C type support for eProsima Fast-RTPS\x1b[0m\n'}
[5.235142] (unitree_api) StdoutLine: {'line': b'[ 19%] \x1b[34m\x1b[1mGenerating C introspection for ROS interfaces\x1b[0m\n'}
[5.239611] (ros2_unitree_legged_msgs) StdoutLine: {'line': b'[  2%] \x1b[34m\x1b[1mGenerating C++ type support dispatch for ROS interfaces\x1b[0m\n'}
[5.243562] (ros2_unitree_legged_msgs) StdoutLine: {'line': b'[  3%] \x1b[34m\x1b[1mGenerating C++ introspection for ROS interfaces\x1b[0m\n'}
[5.244130] (ros2_unitree_legged_msgs) StdoutLine: {'line': b'[  3%] \x1b[34m\x1b[1mGenerating C++ type support for eProsima Fast-RTPS\x1b[0m\n'}
[5.247162] (unitree_api) StdoutLine: {'line': b'[ 20%] \x1b[34m\x1b[1mGenerating C type support dispatch for ROS interfaces\x1b[0m\n'}
[5.287361] (ros2_unitree_legged_msgs) StdoutLine: {'line': b'[  4%] \x1b[32mBuilding C object CMakeFiles/ros2_unitree_legged_msgs__rosidl_generator_c.dir/rosidl_generator_c/ros2_unitree_legged_msgs/msg/detail/motor_cmd__functions.c.o\x1b[0m\n'}
[5.298091] (ros2_unitree_legged_msgs) StdoutLine: {'line': b'[  5%] \x1b[32mBuilding C object CMakeFiles/ros2_unitree_legged_msgs__rosidl_generator_c.dir/rosidl_generator_c/ros2_unitree_legged_msgs/msg/detail/motor_state__functions.c.o\x1b[0m\n'}
[5.302153] (ros2_unitree_legged_msgs) StdoutLine: {'line': b'[  8%] \x1b[32mBuilding C object CMakeFiles/ros2_unitree_legged_msgs__rosidl_generator_c.dir/rosidl_generator_c/ros2_unitree_legged_msgs/msg/detail/bms_cmd__functions.c.o\x1b[0m\n'}
[5.302392] (ros2_unitree_legged_msgs) StdoutLine: {'line': b'[  9%] \x1b[32mBuilding C object CMakeFiles/ros2_unitree_legged_msgs__rosidl_generator_c.dir/rosidl_generator_c/ros2_unitree_legged_msgs/msg/detail/imu__functions.c.o\x1b[0m\n'}
[5.303228] (ros2_unitree_legged_msgs) StdoutLine: {'line': b'[  9%] \x1b[32mBuilding C object CMakeFiles/ros2_unitree_legged_msgs__rosidl_generator_c.dir/rosidl_generator_c/ros2_unitree_legged_msgs/msg/detail/bms_state__functions.c.o\x1b[0m\n'}
[5.303415] (ros2_unitree_legged_msgs) StdoutLine: {'line': b'[  9%] \x1b[32mBuilding C object CMakeFiles/ros2_unitree_legged_msgs__rosidl_generator_c.dir/rosidl_generator_c/ros2_unitree_legged_msgs/msg/detail/cartesian__functions.c.o\x1b[0m\n'}
[5.310100] (-) TimerEvent: {}
[5.313224] (ros2_unitree_legged_msgs) StdoutLine: {'line': b'[  9%] \x1b[32mBuilding C object CMakeFiles/ros2_unitree_legged_msgs__rosidl_generator_c.dir/rosidl_generator_c/ros2_unitree_legged_msgs/msg/detail/low_cmd__functions.c.o\x1b[0m\n'}
[5.323859] (ros2_unitree_legged_msgs) StdoutLine: {'line': b'[ 10%] \x1b[32mBuilding C object CMakeFiles/ros2_unitree_legged_msgs__rosidl_generator_c.dir/rosidl_generator_c/ros2_unitree_legged_msgs/msg/detail/low_state__functions.c.o\x1b[0m\n'}
[5.337915] (ros2_unitree_legged_msgs) StdoutLine: {'line': b'[ 11%] \x1b[32mBuilding C object CMakeFiles/ros2_unitree_legged_msgs__rosidl_generator_c.dir/rosidl_generator_c/ros2_unitree_legged_msgs/msg/detail/high_state__functions.c.o\x1b[0m\n'}
[5.347271] (ros2_unitree_legged_msgs) StdoutLine: {'line': b'[ 12%] \x1b[32mBuilding C object CMakeFiles/ros2_unitree_legged_msgs__rosidl_generator_c.dir/rosidl_generator_c/ros2_unitree_legged_msgs/msg/detail/high_cmd__functions.c.o\x1b[0m\n'}
[5.349739] (cyclonedds) StdoutLine: {'line': b'[ 65%] \x1b[32mBuilding C object src/core/CMakeFiles/ddsc.dir/ddsc/src/dds_topic.c.o\x1b[0m\n'}
[5.351452] (unitree_hg) StdoutLine: {'line': b'[ 16%] \x1b[32m\x1b[1mLinking C shared library libunitree_hg__rosidl_generator_c.so\x1b[0m\n'}
[5.352323] (ros2_unitree_legged_msgs) StdoutLine: {'line': b'[ 13%] \x1b[32mBuilding C object CMakeFiles/ros2_unitree_legged_msgs__rosidl_generator_c.dir/rosidl_generator_c/ros2_unitree_legged_msgs/msg/detail/led__functions.c.o\x1b[0m\n'}
[5.414107] (-) TimerEvent: {}
[5.414648] (cyclonedds) StdoutLine: {'line': b'[ 66%] \x1b[32mBuilding C object src/core/CMakeFiles/ddsc.dir/ddsc/src/dds_read.c.o\x1b[0m\n'}
[5.431267] (cyclonedds) StdoutLine: {'line': b'[ 66%] \x1b[32mBuilding C object src/core/CMakeFiles/ddsc.dir/ddsc/src/dds_listener.c.o\x1b[0m\n'}
[5.472091] (cyclonedds) StdoutLine: {'line': b'[ 66%] \x1b[32mBuilding C object src/core/CMakeFiles/ddsc.dir/ddsc/src/dds_waitset.c.o\x1b[0m\n'}
[5.514222] (-) TimerEvent: {}
[5.537437] (unitree_hg) StdoutLine: {'line': b'[ 16%] Built target unitree_hg__rosidl_generator_c\n'}
[5.556136] (cyclonedds) StdoutLine: {'line': b'[ 66%] \x1b[32mBuilding C object src/core/CMakeFiles/ddsc.dir/ddsc/src/dds_readcond.c.o\x1b[0m\n'}
[5.566517] (unitree_hg) StdoutLine: {'line': b'[ 16%] \x1b[34m\x1b[1mGenerating C type support for eProsima Fast-RTPS\x1b[0m\n'}
[5.568103] (unitree_hg) StdoutLine: {'line': b'[ 16%] \x1b[34m\x1b[1mGenerating C introspection for ROS interfaces\x1b[0m\n'}
[5.570735] (unitree_hg) StdoutLine: {'line': b'[ 16%] \x1b[34m\x1b[1mGenerating C type support dispatch for ROS interfaces\x1b[0m\n'}
[5.578608] (unitree_api) StdoutLine: {'line': b'[ 21%] \x1b[32mBuilding CXX object CMakeFiles/unitree_api__rosidl_typesupport_introspection_cpp.dir/rosidl_typesupport_introspection_cpp/unitree_api/msg/detail/request_header__type_support.cpp.o\x1b[0m\n'}
[5.586011] (unitree_api) StdoutLine: {'line': b'[ 22%] \x1b[32mBuilding CXX object CMakeFiles/unitree_api__rosidl_typesupport_introspection_cpp.dir/rosidl_typesupport_introspection_cpp/unitree_api/msg/detail/request__type_support.cpp.o\x1b[0m\n'}
[5.589803] (unitree_api) StdoutLine: {'line': b'[ 23%] \x1b[32mBuilding CXX object CMakeFiles/unitree_api__rosidl_typesupport_introspection_cpp.dir/rosidl_typesupport_introspection_cpp/unitree_api/msg/detail/request_identity__type_support.cpp.o\x1b[0m\n'}
[5.598191] (unitree_api) StdoutLine: {'line': b'[ 26%] \x1b[32mBuilding CXX object CMakeFiles/unitree_api__rosidl_typesupport_introspection_cpp.dir/rosidl_typesupport_introspection_cpp/unitree_api/msg/detail/response_header__type_support.cpp.o\x1b[0m\n'}
[5.598440] (unitree_api) StdoutLine: {'line': b'[ 26%] \x1b[32mBuilding CXX object CMakeFiles/unitree_api__rosidl_typesupport_introspection_cpp.dir/rosidl_typesupport_introspection_cpp/unitree_api/msg/detail/request_lease__type_support.cpp.o\x1b[0m\n'}
[5.603908] (unitree_api) StdoutLine: {'line': b'[ 27%] \x1b[32mBuilding CXX object CMakeFiles/unitree_api__rosidl_typesupport_introspection_cpp.dir/rosidl_typesupport_introspection_cpp/unitree_api/msg/detail/request_policy__type_support.cpp.o\x1b[0m\n'}
[5.609557] (cyclonedds) StdoutLine: {'line': b'[ 67%] \x1b[32mBuilding C object src/core/CMakeFiles/ddsc.dir/ddsc/src/dds_guardcond.c.o\x1b[0m\n'}
[5.610428] (unitree_api) StdoutLine: {'line': b'[ 28%] \x1b[32mBuilding CXX object CMakeFiles/unitree_api__rosidl_typesupport_introspection_cpp.dir/rosidl_typesupport_introspection_cpp/unitree_api/msg/detail/response_status__type_support.cpp.o\x1b[0m\n'}
[5.614308] (-) TimerEvent: {}
[5.637352] (unitree_api) StdoutLine: {'line': b'[ 29%] \x1b[32mBuilding CXX object CMakeFiles/unitree_api__rosidl_typesupport_introspection_cpp.dir/rosidl_typesupport_introspection_cpp/unitree_api/msg/detail/response__type_support.cpp.o\x1b[0m\n'}
[5.714414] (-) TimerEvent: {}
[5.716215] (cyclonedds) StdoutLine: {'line': b'[ 67%] \x1b[32mBuilding C object src/core/CMakeFiles/ddsc.dir/ddsc/src/dds_statistics.c.o\x1b[0m\n'}
[5.718218] (cyclonedds) StdoutLine: {'line': b'[ 67%] \x1b[32mBuilding C object src/core/CMakeFiles/ddsc.dir/ddsc/src/dds_write.c.o\x1b[0m\n'}
[5.733213] (cyclonedds) StdoutLine: {'line': b'[ 68%] \x1b[32mBuilding C object src/core/CMakeFiles/ddsc.dir/ddsc/src/dds_subscriber.c.o\x1b[0m\n'}
[5.739273] (ros2_unitree_legged_msgs) StdoutLine: {'line': b'[ 14%] \x1b[32m\x1b[1mLinking C shared library libros2_unitree_legged_msgs__rosidl_generator_c.so\x1b[0m\n'}
[5.814539] (-) TimerEvent: {}
[5.820603] (cyclonedds) StdoutLine: {'line': b'[ 68%] \x1b[32mBuilding C object src/core/CMakeFiles/ddsc.dir/ddsc/src/dds_whc.c.o\x1b[0m\n'}
[5.914660] (-) TimerEvent: {}
[5.942400] (cyclonedds) StdoutLine: {'line': b'[ 69%] \x1b[32mBuilding C object src/core/CMakeFiles/ddsc.dir/ddsc/src/dds_whc_builtintopic.c.o\x1b[0m\n'}
[5.960323] (cyclonedds) StdoutLine: {'line': b'[ 69%] \x1b[32mBuilding C object src/core/CMakeFiles/ddsc.dir/ddsc/src/dds_serdata_builtintopic.c.o\x1b[0m\n'}
[5.967161] (cyclonedds) StdoutLine: {'line': b'[ 70%] \x1b[32mBuilding C object src/core/CMakeFiles/ddsc.dir/ddsc/src/dds_sertype_builtintopic.c.o\x1b[0m\n'}
[5.994695] (cyclonedds) StdoutLine: {'line': b'[ 70%] \x1b[32mBuilding C object src/core/CMakeFiles/ddsc.dir/ddsc/src/dds_data_allocator.c.o\x1b[0m\n'}
[6.014784] (-) TimerEvent: {}
[6.020644] (cyclonedds) StdoutLine: {'line': b'[ 70%] \x1b[32mBuilding C object src/core/CMakeFiles/ddsc.dir/ddsc/src/dds_loan.c.o\x1b[0m\n'}
[6.114894] (-) TimerEvent: {}
[6.126069] (cyclonedds) StdoutLine: {'line': b'[ 71%] \x1b[32mBuilding C object src/core/CMakeFiles/ddsc.dir/ddsc/src/shm_monitor.c.o\x1b[0m\n'}
[6.130662] (cyclonedds) StdoutLine: {'line': b'[ 71%] \x1b[32mBuilding C object src/core/CMakeFiles/ddsc.dir/__/security/core/src/dds_security_serialize.c.o\x1b[0m\n'}
[6.137788] (unitree_api) StdoutLine: {'line': b'[ 30%] \x1b[32mBuilding CXX object CMakeFiles/unitree_api__rosidl_typesupport_cpp.dir/rosidl_typesupport_cpp/unitree_api/msg/request_header__type_support.cpp.o\x1b[0m\n'}
[6.157364] (unitree_api) StdoutLine: {'line': b'[ 34%] \x1b[32mBuilding CXX object CMakeFiles/unitree_api__rosidl_typesupport_cpp.dir/rosidl_typesupport_cpp/unitree_api/msg/request_policy__type_support.cpp.o\x1b[0m\n'}
[6.158055] (unitree_api) StdoutLine: {'line': b'[ 35%] \x1b[32mBuilding CXX object CMakeFiles/unitree_api__rosidl_typesupport_cpp.dir/rosidl_typesupport_cpp/unitree_api/msg/response_header__type_support.cpp.o\x1b[0m\n'}
[6.160360] (unitree_api) StdoutLine: {'line': b'[ 32%] \x1b[32mBuilding CXX object CMakeFiles/unitree_api__rosidl_typesupport_cpp.dir/rosidl_typesupport_cpp/unitree_api/msg/request_lease__type_support.cpp.o\x1b[0m\n'}
[6.161652] (unitree_api) StdoutLine: {'line': b'[ 35%] \x1b[32mBuilding CXX object CMakeFiles/unitree_api__rosidl_typesupport_cpp.dir/rosidl_typesupport_cpp/unitree_api/msg/request__type_support.cpp.o\x1b[0m\n'}
[6.165763] (unitree_api) StdoutLine: {'line': b'[ 36%] \x1b[32mBuilding CXX object CMakeFiles/unitree_api__rosidl_typesupport_cpp.dir/rosidl_typesupport_cpp/unitree_api/msg/response__type_support.cpp.o\x1b[0m\n'}
[6.170860] (unitree_api) StdoutLine: {'line': b'[ 37%] \x1b[32mBuilding CXX object CMakeFiles/unitree_api__rosidl_typesupport_cpp.dir/rosidl_typesupport_cpp/unitree_api/msg/response_status__type_support.cpp.o\x1b[0m\n'}
[6.187118] (unitree_api) StdoutLine: {'line': b'[ 38%] \x1b[32mBuilding CXX object CMakeFiles/unitree_api__rosidl_typesupport_cpp.dir/rosidl_typesupport_cpp/unitree_api/msg/request_identity__type_support.cpp.o\x1b[0m\n'}
[6.191229] (cyclonedds) StdoutLine: {'line': b'[ 71%] \x1b[32mBuilding C object src/core/CMakeFiles/ddsc.dir/__/security/core/src/dds_security_utils.c.o\x1b[0m\n'}
[6.208144] (unitree_go) StdoutLine: {'line': b'[  0%] \x1b[32mBuilding C object CMakeFiles/unitree_go__rosidl_generator_c.dir/rosidl_generator_c/unitree_go/msg/detail/bms_cmd__functions.c.o\x1b[0m\n'}
[6.212842] (cyclonedds) StdoutLine: {'line': b'[ 72%] \x1b[32mBuilding C object src/core/CMakeFiles/ddsc.dir/__/security/core/src/dds_security_plugins.c.o\x1b[0m\n'}
[6.219101] (unitree_go) StdoutLine: {'line': b'[  1%] \x1b[32mBuilding C object CMakeFiles/unitree_go__rosidl_generator_c.dir/rosidl_generator_c/unitree_go/msg/detail/audio_data__functions.c.o\x1b[0m\n'}
[6.219287] (-) TimerEvent: {}
[6.221317] (unitree_go) StdoutLine: {'line': b'[  1%] \x1b[32mBuilding C object CMakeFiles/unitree_go__rosidl_generator_c.dir/rosidl_generator_c/unitree_go/msg/detail/error__functions.c.o\x1b[0m\n'}
[6.221647] (unitree_go) StdoutLine: {'line': b'[  1%] \x1b[32mBuilding C object CMakeFiles/unitree_go__rosidl_generator_c.dir/rosidl_generator_c/unitree_go/msg/detail/height_map__functions.c.o\x1b[0m\n'}
[6.224007] (unitree_go) StdoutLine: {'line': b'[  1%] \x1b[32mBuilding C object CMakeFiles/unitree_go__rosidl_generator_c.dir/rosidl_generator_c/unitree_go/msg/detail/low_cmd__functions.c.o\x1b[0m\n'}
[6.229613] (unitree_go) StdoutLine: {'line': b'[  2%] \x1b[32mBuilding C object CMakeFiles/unitree_go__rosidl_generator_c.dir/rosidl_generator_c/unitree_go/msg/detail/imu_state__functions.c.o\x1b[0m\n'}
[6.238306] (unitree_api) StdoutLine: {'line': b'[ 39%] \x1b[32mBuilding CXX object CMakeFiles/unitree_api__rosidl_typesupport_c.dir/rosidl_typesupport_c/unitree_api/msg/request_header__type_support.cpp.o\x1b[0m\n'}
[6.245270] (unitree_go) StdoutLine: {'line': b'[  3%] \x1b[32mBuilding C object CMakeFiles/unitree_go__rosidl_generator_c.dir/rosidl_generator_c/unitree_go/msg/detail/bms_state__functions.c.o\x1b[0m\n'}
[6.245532] (unitree_go) StdoutLine: {'line': b'[  3%] \x1b[32mBuilding C object CMakeFiles/unitree_go__rosidl_generator_c.dir/rosidl_generator_c/unitree_go/msg/detail/low_state__functions.c.o\x1b[0m\n'}
[6.245630] (unitree_go) StdoutLine: {'line': b'[  4%] \x1b[32mBuilding C object CMakeFiles/unitree_go__rosidl_generator_c.dir/rosidl_generator_c/unitree_go/msg/detail/go2_front_video_data__functions.c.o\x1b[0m\n'}
[6.249230] (unitree_go) StdoutLine: {'line': b'[  4%] \x1b[32mBuilding C object CMakeFiles/unitree_go__rosidl_generator_c.dir/rosidl_generator_c/unitree_go/msg/detail/motor_cmds__functions.c.o\x1b[0m\n'}
[6.251436] (unitree_api) StdoutLine: {'line': b'[ 40%] \x1b[32mBuilding CXX object CMakeFiles/unitree_api__rosidl_typesupport_c.dir/rosidl_typesupport_c/unitree_api/msg/request_identity__type_support.cpp.o\x1b[0m\n'}
[6.252086] (unitree_api) StdoutLine: {'line': b'[ 42%] \x1b[32mBuilding CXX object CMakeFiles/unitree_api__rosidl_typesupport_c.dir/rosidl_typesupport_c/unitree_api/msg/request__type_support.cpp.o\x1b[0m\n'}
[6.252332] (unitree_go) StdoutLine: {'line': b'[  4%] \x1b[32mBuilding C object CMakeFiles/unitree_go__rosidl_generator_c.dir/rosidl_generator_c/unitree_go/msg/detail/interface_config__functions.c.o\x1b[0m\n'}
[6.268062] (unitree_go) StdoutLine: {'line': b'[  5%] \x1b[32mBuilding C object CMakeFiles/unitree_go__rosidl_generator_c.dir/rosidl_generator_c/unitree_go/msg/detail/motor_cmd__functions.c.o\x1b[0m\n'}
[6.270023] (unitree_go) StdoutLine: {'line': b'[  6%] \x1b[32mBuilding C object CMakeFiles/unitree_go__rosidl_generator_c.dir/rosidl_generator_c/unitree_go/msg/detail/lidar_state__functions.c.o\x1b[0m\n'}
[6.277809] (ros2_unitree_legged_msgs) StdoutLine: {'line': b'[ 14%] Built target ros2_unitree_legged_msgs__rosidl_generator_c\n'}
[6.277996] (unitree_hg) StdoutLine: {'line': b'[ 17%] \x1b[32mBuilding CXX object CMakeFiles/unitree_hg__rosidl_typesupport_introspection_cpp.dir/rosidl_typesupport_introspection_cpp/unitree_hg/msg/detail/bms_cmd__type_support.cpp.o\x1b[0m\n'}
[6.278080] (cyclonedds) StdoutLine: {'line': b'[ 72%] \x1b[32mBuilding C object src/core/CMakeFiles/ddsc.dir/__/security/core/src/shared_secret.c.o\x1b[0m\n'}
[6.284584] (unitree_hg) StdoutLine: {'line': b'[ 18%] \x1b[32mBuilding CXX object CMakeFiles/unitree_hg__rosidl_typesupport_introspection_cpp.dir/rosidl_typesupport_introspection_cpp/unitree_hg/msg/detail/bms_state__type_support.cpp.o\x1b[0m\n'}
[6.301178] (unitree_hg) StdoutLine: {'line': b'[ 18%] \x1b[32mBuilding CXX object CMakeFiles/unitree_hg__rosidl_typesupport_introspection_cpp.dir/rosidl_typesupport_introspection_cpp/unitree_hg/msg/detail/hand_cmd__type_support.cpp.o\x1b[0m\n'}
[6.301392] (unitree_go) StdoutLine: {'line': b'[  6%] \x1b[32mBuilding C object CMakeFiles/unitree_go__rosidl_generator_c.dir/rosidl_generator_c/unitree_go/msg/detail/motor_states__functions.c.o\x1b[0m\n'}
[6.304380] (unitree_hg) StdoutLine: {'line': b'[ 19%] \x1b[32mBuilding CXX object CMakeFiles/unitree_hg__rosidl_typesupport_introspection_cpp.dir/rosidl_typesupport_introspection_cpp/unitree_hg/msg/detail/hand_state__type_support.cpp.o\x1b[0m\n'}
[6.312239] (unitree_go) StdoutLine: {'line': b'[  7%] \x1b[32mBuilding C object CMakeFiles/unitree_go__rosidl_generator_c.dir/rosidl_generator_c/unitree_go/msg/detail/motor_state__functions.c.o\x1b[0m\n'}
[6.312594] (unitree_go) StdoutLine: {'line': b'[  7%] \x1b[32mBuilding C object CMakeFiles/unitree_go__rosidl_generator_c.dir/rosidl_generator_c/unitree_go/msg/detail/sport_mode_cmd__functions.c.o\x1b[0m\n'}
[6.312809] (unitree_hg) StdoutLine: {'line': b'[ 20%] \x1b[32mBuilding CXX object CMakeFiles/unitree_hg__rosidl_typesupport_introspection_cpp.dir/rosidl_typesupport_introspection_cpp/unitree_hg/msg/detail/low_cmd__type_support.cpp.o\x1b[0m\n'}
[6.312970] (unitree_go) StdoutLine: {'line': b'[  8%] \x1b[32mBuilding C object CMakeFiles/unitree_go__rosidl_generator_c.dir/rosidl_generator_c/unitree_go/msg/detail/res__functions.c.o\x1b[0m\n'}
[6.313157] (unitree_api) StdoutLine: {'line': b'[ 43%] \x1b[32mBuilding CXX object CMakeFiles/unitree_api__rosidl_typesupport_c.dir/rosidl_typesupport_c/unitree_api/msg/request_lease__type_support.cpp.o\x1b[0m\n'}
[6.323103] (unitree_go) StdoutLine: {'line': b'[  8%] \x1b[32mBuilding C object CMakeFiles/unitree_go__rosidl_generator_c.dir/rosidl_generator_c/unitree_go/msg/detail/req__functions.c.o\x1b[0m\n'}
[6.323317] (-) TimerEvent: {}
[6.323640] (unitree_hg) StdoutLine: {'line': b'[ 21%] \x1b[32mBuilding CXX object CMakeFiles/unitree_hg__rosidl_typesupport_introspection_cpp.dir/rosidl_typesupport_introspection_cpp/unitree_hg/msg/detail/low_state__type_support.cpp.o\x1b[0m\n'}
[6.323892] (ros2_unitree_legged_msgs) StdoutLine: {'line': b'[ 15%] \x1b[34m\x1b[1mGenerating C type support for eProsima Fast-RTPS\x1b[0m\n'}
[6.332174] (cyclonedds) StdoutLine: {'line': b'[ 72%] \x1b[32mBuilding C object src/core/CMakeFiles/ddsc.dir/__/security/core/src/dds_security_timed_cb.c.o\x1b[0m\n'}
[6.334342] (ros2_unitree_legged_msgs) StdoutLine: {'line': b'[ 17%] \x1b[34m\x1b[1mGenerating C introspection for ROS interfaces\x1b[0m\n'}
[6.336176] (ros2_unitree_legged_msgs) StdoutLine: {'line': b'[ 16%] \x1b[34m\x1b[1mGenerating C type support dispatch for ROS interfaces\x1b[0m\n'}
[6.338449] (unitree_hg) StdoutLine: {'line': b'[ 22%] \x1b[32mBuilding CXX object CMakeFiles/unitree_hg__rosidl_typesupport_introspection_cpp.dir/rosidl_typesupport_introspection_cpp/unitree_hg/msg/detail/motor_cmd__type_support.cpp.o\x1b[0m\n'}
[6.346150] (cyclonedds) StdoutLine: {'line': b'[ 73%] \x1b[32mBuilding C object src/core/CMakeFiles/ddsc.dir/__/security/core/src/dds_security_fsm.c.o\x1b[0m\n'}
[6.356741] (cyclonedds) StdoutLine: {'line': b'[ 73%] \x1b[32mBuilding C object src/core/CMakeFiles/ddsc.dir/__/ddsrt/src/atomics.c.o\x1b[0m\n'}
[6.370233] (unitree_hg) StdoutLine: {'line': b'[ 23%] \x1b[32mBuilding CXX object CMakeFiles/unitree_hg__rosidl_typesupport_introspection_cpp.dir/rosidl_typesupport_introspection_cpp/unitree_hg/msg/detail/imu_state__type_support.cpp.o\x1b[0m\n'}
[6.379177] (unitree_go) StdoutLine: {'line': b'[  9%] \x1b[32mBuilding C object CMakeFiles/unitree_go__rosidl_generator_c.dir/rosidl_generator_c/unitree_go/msg/detail/sport_mode_state__functions.c.o\x1b[0m\n'}
[6.385841] (unitree_go) StdoutLine: {'line': b'[ 10%] \x1b[32mBuilding C object CMakeFiles/unitree_go__rosidl_generator_c.dir/rosidl_generator_c/unitree_go/msg/detail/path_point__functions.c.o\x1b[0m\n'}
[6.386573] (unitree_hg) StdoutLine: {'line': b'[ 24%] \x1b[32mBuilding CXX object CMakeFiles/unitree_hg__rosidl_typesupport_introspection_cpp.dir/rosidl_typesupport_introspection_cpp/unitree_hg/msg/detail/main_board_state__type_support.cpp.o\x1b[0m\n'}
[6.391385] (unitree_hg) StdoutLine: {'line': b'[ 25%] \x1b[32mBuilding CXX object CMakeFiles/unitree_hg__rosidl_typesupport_introspection_cpp.dir/rosidl_typesupport_introspection_cpp/unitree_hg/msg/detail/motor_state__type_support.cpp.o\x1b[0m\n'}
[6.396327] (unitree_hg) StdoutLine: {'line': b'[ 26%] \x1b[32mBuilding CXX object CMakeFiles/unitree_hg__rosidl_typesupport_introspection_cpp.dir/rosidl_typesupport_introspection_cpp/unitree_hg/msg/detail/press_sensor_state__type_support.cpp.o\x1b[0m\n'}
[6.398500] (unitree_go) StdoutLine: {'line': b'[ 11%] \x1b[32mBuilding C object CMakeFiles/unitree_go__rosidl_generator_c.dir/rosidl_generator_c/unitree_go/msg/detail/uwb_state__functions.c.o\x1b[0m\n'}
[6.407657] (unitree_go) StdoutLine: {'line': b'[ 11%] \x1b[32mBuilding C object CMakeFiles/unitree_go__rosidl_generator_c.dir/rosidl_generator_c/unitree_go/msg/detail/time_spec__functions.c.o\x1b[0m\n'}
[6.408294] (unitree_api) StdoutLine: {'line': b'[ 44%] \x1b[32mBuilding CXX object CMakeFiles/unitree_api__rosidl_typesupport_c.dir/rosidl_typesupport_c/unitree_api/msg/request_policy__type_support.cpp.o\x1b[0m\n'}
[6.417662] (unitree_go) StdoutLine: {'line': b'[ 11%] \x1b[32mBuilding C object CMakeFiles/unitree_go__rosidl_generator_c.dir/rosidl_generator_c/unitree_go/msg/detail/wireless_controller__functions.c.o\x1b[0m\n'}
[6.423448] (-) TimerEvent: {}
[6.432099] (unitree_api) StdoutLine: {'line': b'[ 45%] \x1b[32mBuilding CXX object CMakeFiles/unitree_api__rosidl_typesupport_c.dir/rosidl_typesupport_c/unitree_api/msg/response__type_support.cpp.o\x1b[0m\n'}
[6.435194] (cyclonedds) StdoutLine: {'line': b'[ 73%] \x1b[32mBuilding C object src/core/CMakeFiles/ddsc.dir/__/ddsrt/src/io.c.o\x1b[0m\n'}
[6.441552] (unitree_go) StdoutLine: {'line': b'[ 11%] \x1b[32mBuilding C object CMakeFiles/unitree_go__rosidl_generator_c.dir/rosidl_generator_c/unitree_go/msg/detail/uwb_switch__functions.c.o\x1b[0m\n'}
[6.444454] (cyclonedds) StdoutLine: {'line': b'[ 74%] \x1b[32mBuilding C object src/core/CMakeFiles/ddsc.dir/__/ddsrt/src/avl.c.o\x1b[0m\n'}
[6.455317] (cyclonedds) StdoutLine: {'line': b'[ 74%] \x1b[32mBuilding C object src/core/CMakeFiles/ddsc.dir/__/ddsrt/src/bswap.c.o\x1b[0m\n'}
[6.509060] (unitree_api) StdoutLine: {'line': b'[ 46%] \x1b[32mBuilding CXX object CMakeFiles/unitree_api__rosidl_typesupport_c.dir/rosidl_typesupport_c/unitree_api/msg/response_status__type_support.cpp.o\x1b[0m\n'}
[6.509401] (cyclonedds) StdoutLine: {'line': b'[ 75%] \x1b[32mBuilding C object src/core/CMakeFiles/ddsc.dir/__/ddsrt/src/log.c.o\x1b[0m\n'}
[6.514979] (unitree_api) StdoutLine: {'line': b'[ 47%] \x1b[32mBuilding CXX object CMakeFiles/unitree_api__rosidl_typesupport_c.dir/rosidl_typesupport_c/unitree_api/msg/response_header__type_support.cpp.o\x1b[0m\n'}
[6.524861] (-) TimerEvent: {}
[6.588373] (cyclonedds) StdoutLine: {'line': b'[ 75%] \x1b[32mBuilding C object src/core/CMakeFiles/ddsc.dir/__/ddsrt/src/retcode.c.o\x1b[0m\n'}
[6.606078] (cyclonedds) StdoutLine: {'line': b'[ 76%] \x1b[32mBuilding C object src/core/CMakeFiles/ddsc.dir/__/ddsrt/src/strtod.c.o\x1b[0m\n'}
[6.624977] (-) TimerEvent: {}
[6.655471] (cyclonedds) StdoutLine: {'line': b'[ 76%] \x1b[32mBuilding C object src/core/CMakeFiles/ddsc.dir/__/ddsrt/src/strtol.c.o\x1b[0m\n'}
[6.657517] (cyclonedds) StdoutLine: {'line': b'[ 76%] \x1b[32mBuilding C object src/core/CMakeFiles/ddsc.dir/__/ddsrt/src/mh3.c.o\x1b[0m\n'}
[6.694547] (unitree_api) StdoutLine: {'line': b'[ 48%] \x1b[32m\x1b[1mLinking CXX shared library libunitree_api__rosidl_typesupport_c.so\x1b[0m\n'}
[6.705252] (cyclonedds) StdoutLine: {'line': b'[ 77%] \x1b[32mBuilding C object src/core/CMakeFiles/ddsc.dir/__/ddsrt/src/environ.c.o\x1b[0m\n'}
[6.727107] (-) TimerEvent: {}
[6.740252] (unitree_hg) StdoutLine: {'line': b'[ 27%] \x1b[32mBuilding CXX object CMakeFiles/unitree_hg__rosidl_typesupport_fastrtps_c.dir/rosidl_typesupport_fastrtps_c/unitree_hg/msg/detail/bms_cmd__type_support_c.cpp.o\x1b[0m\n'}
[6.740511] (cyclonedds) StdoutLine: {'line': b'[ 77%] \x1b[32mBuilding C object src/core/CMakeFiles/ddsc.dir/__/ddsrt/src/expand_vars.c.o\x1b[0m\n'}
[6.750164] (unitree_hg) StdoutLine: {'line': b'[ 28%] \x1b[32mBuilding CXX object CMakeFiles/unitree_hg__rosidl_typesupport_fastrtps_c.dir/rosidl_typesupport_fastrtps_c/unitree_hg/msg/detail/hand_state__type_support_c.cpp.o\x1b[0m\n'}
[6.753643] (unitree_hg) StdoutLine: {'line': b'[ 29%] \x1b[32mBuilding CXX object CMakeFiles/unitree_hg__rosidl_typesupport_fastrtps_c.dir/rosidl_typesupport_fastrtps_c/unitree_hg/msg/detail/bms_state__type_support_c.cpp.o\x1b[0m\n'}
[6.754822] (unitree_hg) StdoutLine: {'line': b'[ 30%] \x1b[32mBuilding CXX object CMakeFiles/unitree_hg__rosidl_typesupport_fastrtps_c.dir/rosidl_typesupport_fastrtps_c/unitree_hg/msg/detail/imu_state__type_support_c.cpp.o\x1b[0m\n'}
[6.765414] (unitree_hg) StdoutLine: {'line': b'[ 31%] \x1b[32mBuilding CXX object CMakeFiles/unitree_hg__rosidl_typesupport_fastrtps_c.dir/rosidl_typesupport_fastrtps_c/unitree_hg/msg/detail/low_cmd__type_support_c.cpp.o\x1b[0m\n'}
[6.783768] (cyclonedds) StdoutLine: {'line': b'[ 78%] \x1b[32mBuilding C object src/core/CMakeFiles/ddsc.dir/__/ddsrt/src/fibheap.c.o\x1b[0m\n'}
[6.784086] (unitree_hg) StdoutLine: {'line': b'[ 32%] \x1b[32mBuilding CXX object CMakeFiles/unitree_hg__rosidl_typesupport_fastrtps_c.dir/rosidl_typesupport_fastrtps_c/unitree_hg/msg/detail/low_state__type_support_c.cpp.o\x1b[0m\n'}
[6.785850] (unitree_hg) StdoutLine: {'line': b'[ 33%] \x1b[32mBuilding CXX object CMakeFiles/unitree_hg__rosidl_typesupport_fastrtps_c.dir/rosidl_typesupport_fastrtps_c/unitree_hg/msg/detail/hand_cmd__type_support_c.cpp.o\x1b[0m\n'}
[6.823166] (cyclonedds) StdoutLine: {'line': b'[ 78%] \x1b[32mBuilding C object src/core/CMakeFiles/ddsc.dir/__/ddsrt/src/string.c.o\x1b[0m\n'}
[6.823468] (cyclonedds) StdoutLine: {'line': b'[ 78%] \x1b[32mBuilding C object src/core/CMakeFiles/ddsc.dir/__/ddsrt/src/hopscotch.c.o\x1b[0m\n'}
[6.829175] (cyclonedds) StdoutLine: {'line': b'[ 79%] \x1b[32mBuilding C object src/core/CMakeFiles/ddsc.dir/__/ddsrt/src/circlist.c.o\x1b[0m\n'}
[6.829418] (-) TimerEvent: {}
[6.829618] (cyclonedds) StdoutLine: {'line': b'[ 79%] \x1b[32mBuilding C object src/core/CMakeFiles/ddsc.dir/__/ddsrt/src/threads.c.o\x1b[0m\n'}
[6.928268] (cyclonedds) StdoutLine: {'line': b'[ 79%] \x1b[32mBuilding C object src/core/CMakeFiles/ddsc.dir/__/ddsrt/src/sockets.c.o\x1b[0m\n'}
[6.929522] (-) TimerEvent: {}
[6.938047] (cyclonedds) StdoutLine: {'line': b'[ 80%] \x1b[32mBuilding C object src/core/CMakeFiles/ddsc.dir/__/ddsrt/src/md5.c.o\x1b[0m\n'}
[6.992102] (cyclonedds) StdoutLine: {'line': b'[ 80%] \x1b[32mBuilding C object src/core/CMakeFiles/ddsc.dir/__/ddsrt/src/xmlparser.c.o\x1b[0m\n'}
[7.028161] (cyclonedds) StdoutLine: {'line': b'[ 81%] \x1b[32mBuilding C object src/core/CMakeFiles/ddsc.dir/__/ddsrt/src/ifaddrs.c.o\x1b[0m\n'}
[7.029601] (-) TimerEvent: {}
[7.031866] (cyclonedds) StdoutLine: {'line': b'[ 81%] \x1b[32mBuilding C object src/core/CMakeFiles/ddsc.dir/__/ddsrt/src/cdtors.c.o\x1b[0m\n'}
[7.046054] (cyclonedds) StdoutLine: {'line': b'[ 81%] \x1b[32mBuilding C object src/core/CMakeFiles/ddsc.dir/__/ddsrt/src/random.c.o\x1b[0m\n'}
[7.046249] (cyclonedds) StdoutLine: {'line': b'[ 82%] \x1b[32mBuilding C object src/core/CMakeFiles/ddsc.dir/__/ddsrt/src/time.c.o\x1b[0m\n'}
[7.086187] (unitree_hg) StdoutLine: {'line': b'[ 34%] \x1b[32mBuilding CXX object CMakeFiles/unitree_hg__rosidl_typesupport_fastrtps_c.dir/rosidl_typesupport_fastrtps_c/unitree_hg/msg/detail/main_board_state__type_support_c.cpp.o\x1b[0m\n'}
[7.107435] (unitree_api) StdoutLine: {'line': b'[ 48%] Built target unitree_api__rosidl_typesupport_c\n'}
[7.129729] (-) TimerEvent: {}
[7.130635] (cyclonedds) StdoutLine: {'line': b'[ 82%] \x1b[32mBuilding C object src/core/CMakeFiles/ddsc.dir/__/ddsrt/src/ifaddrs/posix/ifaddrs.c.o\x1b[0m\n'}
[7.138230] (unitree_go) StdoutLine: {'line': b'[ 12%] \x1b[32m\x1b[1mLinking C shared library libunitree_go__rosidl_generator_c.so\x1b[0m\n'}
[7.140704] (cyclonedds) StdoutLine: {'line': b'[ 82%] \x1b[32mBuilding C object src/core/CMakeFiles/ddsc.dir/__/ddsrt/src/sockets/posix/socket.c.o\x1b[0m\n'}
[7.145823] (unitree_hg) StdoutLine: {'line': b'[ 34%] \x1b[32mBuilding CXX object CMakeFiles/unitree_hg__rosidl_typesupport_fastrtps_c.dir/rosidl_typesupport_fastrtps_c/unitree_hg/msg/detail/motor_cmd__type_support_c.cpp.o\x1b[0m\n'}
[7.229849] (-) TimerEvent: {}
[7.237981] (cyclonedds) StdoutLine: {'line': b'[ 83%] \x1b[32mBuilding C object src/core/CMakeFiles/ddsc.dir/__/ddsrt/src/heap/posix/heap.c.o\x1b[0m\n'}
[7.240731] (cyclonedds) StdoutLine: {'line': b'[ 83%] \x1b[32mBuilding C object src/core/CMakeFiles/ddsc.dir/__/ddsrt/src/sockets/posix/gethostname.c.o\x1b[0m\n'}
[7.260087] (cyclonedds) StdoutLine: {'line': b'[ 84%] \x1b[32mBuilding C object src/core/CMakeFiles/ddsc.dir/__/ddsrt/src/dynlib/posix/dynlib.c.o\x1b[0m\n'}
[7.260317] (cyclonedds) StdoutLine: {'line': b'[ 84%] \x1b[32mBuilding C object src/core/CMakeFiles/ddsc.dir/__/ddsrt/src/environ/posix/environ.c.o\x1b[0m\n'}
[7.305516] (unitree_go) StdoutLine: {'line': b'[ 12%] Built target unitree_go__rosidl_generator_c\n'}
[7.336103] (cyclonedds) StdoutLine: {'line': b'[ 84%] \x1b[32mBuilding C object src/core/CMakeFiles/ddsc.dir/__/ddsrt/src/filesystem/posix/filesystem.c.o\x1b[0m\n'}
[7.336358] (-) TimerEvent: {}
[7.345456] (cyclonedds) StdoutLine: {'line': b'[ 84%] \x1b[32mBuilding C object src/core/CMakeFiles/ddsc.dir/__/ddsrt/src/random/posix/random.c.o\x1b[0m\n'}
[7.345779] (cyclonedds) StdoutLine: {'line': b'[ 85%] \x1b[32mBuilding C object src/core/CMakeFiles/ddsc.dir/__/ddsrt/src/sync/posix/sync.c.o\x1b[0m\n'}
[7.346175] (unitree_go) StdoutLine: {'line': b'[ 12%] \x1b[34m\x1b[1mGenerating C introspection for ROS interfaces\x1b[0m\n'}
[7.352194] (cyclonedds) StdoutLine: {'line': b'[ 86%] \x1b[32mBuilding C object src/core/CMakeFiles/ddsc.dir/__/ddsrt/src/process/posix/process.c.o\x1b[0m\n'}
[7.352513] (cyclonedds) StdoutLine: {'line': b'[ 86%] \x1b[32mBuilding C object src/core/CMakeFiles/ddsc.dir/__/ddsrt/src/threads/posix/threads.c.o\x1b[0m\n'}
[7.356154] (unitree_go) StdoutLine: {'line': b'[ 12%] \x1b[34m\x1b[1mGenerating C type support dispatch for ROS interfaces\x1b[0m\n'}
[7.372232] (unitree_go) StdoutLine: {'line': b'[ 12%] \x1b[34m\x1b[1mGenerating C type support for eProsima Fast-RTPS\x1b[0m\n'}
[7.373817] (cyclonedds) StdoutLine: {'line': b'[ 86%] \x1b[32mBuilding C object src/core/CMakeFiles/ddsc.dir/__/ddsrt/src/netstat/linux/netstat.c.o\x1b[0m\n'}
[7.377474] (unitree_api) StdoutLine: {'line': b'[ 50%] \x1b[32m\x1b[1mLinking CXX shared library libunitree_api__rosidl_typesupport_cpp.so\x1b[0m\n'}
[7.410247] (cyclonedds) StdoutLine: {'line': b'[ 87%] \x1b[32mBuilding C object src/core/CMakeFiles/ddsc.dir/__/ddsrt/src/time/posix/time.c.o\x1b[0m\n'}
[7.442135] (-) TimerEvent: {}
[7.453369] (cyclonedds) StdoutLine: {'line': b'[ 87%] \x1b[32mBuilding C object src/core/CMakeFiles/ddsc.dir/__/ddsrt/src/rusage/posix/rusage.c.o\x1b[0m\n'}
[7.463390] (unitree_hg) StdoutLine: {'line': b'[ 35%] \x1b[32mBuilding CXX object CMakeFiles/unitree_hg__rosidl_typesupport_c.dir/rosidl_typesupport_c/unitree_hg/msg/bms_cmd__type_support.cpp.o\x1b[0m\n'}
[7.525037] (unitree_hg) StdoutLine: {'line': b'[ 36%] \x1b[32mBuilding CXX object CMakeFiles/unitree_hg__rosidl_typesupport_c.dir/rosidl_typesupport_c/unitree_hg/msg/bms_state__type_support.cpp.o\x1b[0m\n'}
[7.542235] (-) TimerEvent: {}
[7.592154] (unitree_hg) StdoutLine: {'line': b'[ 37%] \x1b[32mBuilding CXX object CMakeFiles/unitree_hg__rosidl_typesupport_c.dir/rosidl_typesupport_c/unitree_hg/msg/hand_cmd__type_support.cpp.o\x1b[0m\n'}
[7.596847] (unitree_api) StdoutLine: {'line': b'[ 50%] Built target unitree_api__rosidl_typesupport_cpp\n'}
[7.645099] (-) TimerEvent: {}
[7.665280] (unitree_api) StdoutLine: {'line': b'[ 52%] \x1b[32mBuilding CXX object CMakeFiles/unitree_api__rosidl_typesupport_fastrtps_c.dir/rosidl_typesupport_fastrtps_c/unitree_api/msg/detail/request_header__type_support_c.cpp.o\x1b[0m\n'}
[7.666459] (unitree_api) StdoutLine: {'line': b'[ 52%] \x1b[32mBuilding CXX object CMakeFiles/unitree_api__rosidl_typesupport_fastrtps_c.dir/rosidl_typesupport_fastrtps_c/unitree_api/msg/detail/request__type_support_c.cpp.o\x1b[0m\n'}
[7.678204] (unitree_api) StdoutLine: {'line': b'[ 53%] \x1b[32mBuilding CXX object CMakeFiles/unitree_api__rosidl_typesupport_fastrtps_c.dir/rosidl_typesupport_fastrtps_c/unitree_api/msg/detail/request_identity__type_support_c.cpp.o\x1b[0m\n'}
[7.683182] (unitree_api) StdoutLine: {'line': b'[ 54%] \x1b[32mBuilding CXX object CMakeFiles/unitree_api__rosidl_typesupport_fastrtps_c.dir/rosidl_typesupport_fastrtps_c/unitree_api/msg/detail/request_policy__type_support_c.cpp.o\x1b[0m\n'}
[7.683950] (unitree_hg) StdoutLine: {'line': b'[ 38%] \x1b[32mBuilding CXX object CMakeFiles/unitree_hg__rosidl_typesupport_c.dir/rosidl_typesupport_c/unitree_hg/msg/hand_state__type_support.cpp.o\x1b[0m\n'}
[7.687413] (unitree_api) StdoutLine: {'line': b'[ 55%] \x1b[32mBuilding CXX object CMakeFiles/unitree_api__rosidl_typesupport_fastrtps_c.dir/rosidl_typesupport_fastrtps_c/unitree_api/msg/detail/request_lease__type_support_c.cpp.o\x1b[0m\n'}
[7.687682] (unitree_api) StdoutLine: {'line': b'[ 56%] \x1b[32mBuilding CXX object CMakeFiles/unitree_api__rosidl_typesupport_fastrtps_c.dir/rosidl_typesupport_fastrtps_c/unitree_api/msg/detail/response__type_support_c.cpp.o\x1b[0m\n'}
[7.687787] (unitree_api) StdoutLine: {'line': b'[ 57%] \x1b[32mBuilding CXX object CMakeFiles/unitree_api__rosidl_typesupport_fastrtps_c.dir/rosidl_typesupport_fastrtps_c/unitree_api/msg/detail/response_header__type_support_c.cpp.o\x1b[0m\n'}
[7.690930] (unitree_hg) StdoutLine: {'line': b'[ 39%] \x1b[32mBuilding CXX object CMakeFiles/unitree_hg__rosidl_typesupport_c.dir/rosidl_typesupport_c/unitree_hg/msg/imu_state__type_support.cpp.o\x1b[0m\n'}
[7.695249] (unitree_api) StdoutLine: {'line': b'[ 59%] \x1b[32mBuilding CXX object CMakeFiles/unitree_api__rosidl_typesupport_fastrtps_c.dir/rosidl_typesupport_fastrtps_c/unitree_api/msg/detail/response_status__type_support_c.cpp.o\x1b[0m\n'}
[7.705145] (unitree_hg) StdoutLine: {'line': b'[ 40%] \x1b[32mBuilding CXX object CMakeFiles/unitree_hg__rosidl_typesupport_fastrtps_c.dir/rosidl_typesupport_fastrtps_c/unitree_hg/msg/detail/motor_state__type_support_c.cpp.o\x1b[0m\n'}
[7.723118] (unitree_hg) StdoutLine: {'line': b'[ 41%] \x1b[32mBuilding CXX object CMakeFiles/unitree_hg__rosidl_typesupport_fastrtps_c.dir/rosidl_typesupport_fastrtps_c/unitree_hg/msg/detail/press_sensor_state__type_support_c.cpp.o\x1b[0m\n'}
[7.745227] (-) TimerEvent: {}
[7.766717] (unitree_hg) StdoutLine: {'line': b'[ 42%] \x1b[32mBuilding CXX object CMakeFiles/unitree_hg__rosidl_typesupport_c.dir/rosidl_typesupport_c/unitree_hg/msg/low_cmd__type_support.cpp.o\x1b[0m\n'}
[7.791421] (ros2_unitree_legged_msgs) StdoutLine: {'line': b'[ 18%] \x1b[32mBuilding CXX object CMakeFiles/ros2_unitree_legged_msgs__rosidl_typesupport_c.dir/rosidl_typesupport_c/ros2_unitree_legged_msgs/msg/motor_cmd__type_support.cpp.o\x1b[0m\n'}
[7.793516] (unitree_hg) StdoutLine: {'line': b'[ 43%] \x1b[32mBuilding CXX object CMakeFiles/unitree_hg__rosidl_typesupport_c.dir/rosidl_typesupport_c/unitree_hg/msg/low_state__type_support.cpp.o\x1b[0m\n'}
[7.796248] (ros2_unitree_legged_msgs) StdoutLine: {'line': b'[ 18%] \x1b[32mBuilding CXX object CMakeFiles/ros2_unitree_legged_msgs__rosidl_typesupport_c.dir/rosidl_typesupport_c/ros2_unitree_legged_msgs/msg/bms_cmd__type_support.cpp.o\x1b[0m\n'}
[7.796453] (unitree_hg) StdoutLine: {'line': b'[ 44%] \x1b[32mBuilding CXX object CMakeFiles/unitree_hg__rosidl_typesupport_c.dir/rosidl_typesupport_c/unitree_hg/msg/main_board_state__type_support.cpp.o\x1b[0m\n'}
[7.804071] (ros2_unitree_legged_msgs) StdoutLine: {'line': b'[ 19%] \x1b[32mBuilding CXX object CMakeFiles/ros2_unitree_legged_msgs__rosidl_typesupport_c.dir/rosidl_typesupport_c/ros2_unitree_legged_msgs/msg/bms_state__type_support.cpp.o\x1b[0m\n'}
[7.807504] (ros2_unitree_legged_msgs) StdoutLine: {'line': b'[ 20%] \x1b[32mBuilding CXX object CMakeFiles/ros2_unitree_legged_msgs__rosidl_typesupport_c.dir/rosidl_typesupport_c/ros2_unitree_legged_msgs/msg/motor_state__type_support.cpp.o\x1b[0m\n'}
[7.814176] (ros2_unitree_legged_msgs) StdoutLine: {'line': b'[ 21%] \x1b[32mBuilding CXX object CMakeFiles/ros2_unitree_legged_msgs__rosidl_typesupport_c.dir/rosidl_typesupport_c/ros2_unitree_legged_msgs/msg/cartesian__type_support.cpp.o\x1b[0m\n'}
[7.816864] (unitree_hg) StdoutLine: {'line': b'[ 44%] \x1b[32mBuilding CXX object CMakeFiles/unitree_hg__rosidl_typesupport_c.dir/rosidl_typesupport_c/unitree_hg/msg/motor_cmd__type_support.cpp.o\x1b[0m\n'}
[7.818932] (unitree_hg) StdoutLine: {'line': b'[ 45%] \x1b[32mBuilding CXX object CMakeFiles/unitree_hg__rosidl_typesupport_c.dir/rosidl_typesupport_c/unitree_hg/msg/motor_state__type_support.cpp.o\x1b[0m\n'}
[7.825125] (unitree_hg) StdoutLine: {'line': b'[ 46%] \x1b[32mBuilding CXX object CMakeFiles/unitree_hg__rosidl_typesupport_c.dir/rosidl_typesupport_c/unitree_hg/msg/press_sensor_state__type_support.cpp.o\x1b[0m\n'}
[7.829198] (ros2_unitree_legged_msgs) StdoutLine: {'line': b'[ 22%] \x1b[32mBuilding CXX object CMakeFiles/ros2_unitree_legged_msgs__rosidl_typesupport_c.dir/rosidl_typesupport_c/ros2_unitree_legged_msgs/msg/imu__type_support.cpp.o\x1b[0m\n'}
[7.842066] (ros2_unitree_legged_msgs) StdoutLine: {'line': b'[ 23%] \x1b[32mBuilding CXX object CMakeFiles/ros2_unitree_legged_msgs__rosidl_typesupport_c.dir/rosidl_typesupport_c/ros2_unitree_legged_msgs/msg/led__type_support.cpp.o\x1b[0m\n'}
[7.845318] (-) TimerEvent: {}
[7.869097] (ros2_unitree_legged_msgs) StdoutLine: {'line': b'[ 25%] \x1b[32mBuilding CXX object CMakeFiles/ros2_unitree_legged_msgs__rosidl_typesupport_c.dir/rosidl_typesupport_c/ros2_unitree_legged_msgs/msg/low_state__type_support.cpp.o\x1b[0m\n'}
[7.873109] (ros2_unitree_legged_msgs) StdoutLine: {'line': b'[ 25%] \x1b[32mBuilding CXX object CMakeFiles/ros2_unitree_legged_msgs__rosidl_typesupport_c.dir/rosidl_typesupport_c/ros2_unitree_legged_msgs/msg/high_cmd__type_support.cpp.o\x1b[0m\n'}
[7.886934] (ros2_unitree_legged_msgs) StdoutLine: {'line': b'[ 27%] \x1b[32mBuilding CXX object CMakeFiles/ros2_unitree_legged_msgs__rosidl_typesupport_c.dir/rosidl_typesupport_c/ros2_unitree_legged_msgs/msg/low_cmd__type_support.cpp.o\x1b[0m\n'}
[7.892326] (unitree_hg) StdoutLine: {'line': b'[ 47%] \x1b[32mBuilding CXX object CMakeFiles/unitree_hg__rosidl_typesupport_cpp.dir/rosidl_typesupport_cpp/unitree_hg/msg/bms_state__type_support.cpp.o\x1b[0m\n'}
[7.892578] (ros2_unitree_legged_msgs) StdoutLine: {'line': b'[ 27%] \x1b[32mBuilding CXX object CMakeFiles/ros2_unitree_legged_msgs__rosidl_typesupport_c.dir/rosidl_typesupport_c/ros2_unitree_legged_msgs/msg/high_state__type_support.cpp.o\x1b[0m\n'}
[7.895510] (unitree_hg) StdoutLine: {'line': b'[ 47%] \x1b[32mBuilding CXX object CMakeFiles/unitree_hg__rosidl_typesupport_cpp.dir/rosidl_typesupport_cpp/unitree_hg/msg/hand_cmd__type_support.cpp.o\x1b[0m\n'}
[7.923173] (unitree_hg) StdoutLine: {'line': b'[ 48%] \x1b[32mBuilding CXX object CMakeFiles/unitree_hg__rosidl_typesupport_cpp.dir/rosidl_typesupport_cpp/unitree_hg/msg/hand_state__type_support.cpp.o\x1b[0m\n'}
[7.929459] (unitree_hg) StdoutLine: {'line': b'[ 49%] \x1b[32mBuilding CXX object CMakeFiles/unitree_hg__rosidl_typesupport_cpp.dir/rosidl_typesupport_cpp/unitree_hg/msg/bms_cmd__type_support.cpp.o\x1b[0m\n'}
[7.930449] (unitree_hg) StdoutLine: {'line': b'[ 50%] \x1b[32mBuilding CXX object CMakeFiles/unitree_hg__rosidl_typesupport_cpp.dir/rosidl_typesupport_cpp/unitree_hg/msg/imu_state__type_support.cpp.o\x1b[0m\n'}
[7.945437] (-) TimerEvent: {}
[7.958124] (unitree_hg) StdoutLine: {'line': b'[ 51%] \x1b[32mBuilding CXX object CMakeFiles/unitree_hg__rosidl_typesupport_cpp.dir/rosidl_typesupport_cpp/unitree_hg/msg/low_cmd__type_support.cpp.o\x1b[0m\n'}
[8.000524] (unitree_hg) StdoutLine: {'line': b'[ 52%] \x1b[32mBuilding CXX object CMakeFiles/unitree_hg__rosidl_typesupport_cpp.dir/rosidl_typesupport_cpp/unitree_hg/msg/low_state__type_support.cpp.o\x1b[0m\n'}
[8.004283] (unitree_hg) StdoutLine: {'line': b'[ 53%] \x1b[32mBuilding CXX object CMakeFiles/unitree_hg__rosidl_typesupport_cpp.dir/rosidl_typesupport_cpp/unitree_hg/msg/motor_cmd__type_support.cpp.o\x1b[0m\n'}
[8.004501] (unitree_hg) StdoutLine: {'line': b'[ 54%] \x1b[32mBuilding CXX object CMakeFiles/unitree_hg__rosidl_typesupport_cpp.dir/rosidl_typesupport_cpp/unitree_hg/msg/main_board_state__type_support.cpp.o\x1b[0m\n'}
[8.011782] (unitree_hg) StdoutLine: {'line': b'[ 55%] \x1b[32mBuilding CXX object CMakeFiles/unitree_hg__rosidl_typesupport_cpp.dir/rosidl_typesupport_cpp/unitree_hg/msg/motor_state__type_support.cpp.o\x1b[0m\n'}
[8.018166] (unitree_api) StdoutLine: {'line': b'[ 60%] \x1b[32mBuilding C object CMakeFiles/unitree_api__rosidl_typesupport_introspection_c.dir/rosidl_typesupport_introspection_c/unitree_api/msg/detail/request_identity__type_support.c.o\x1b[0m\n'}
[8.026146] (unitree_api) StdoutLine: {'line': b'[ 62%] \x1b[32mBuilding C object CMakeFiles/unitree_api__rosidl_typesupport_introspection_c.dir/rosidl_typesupport_introspection_c/unitree_api/msg/detail/request_lease__type_support.c.o\x1b[0m\n'}
[8.027878] (unitree_api) StdoutLine: {'line': b'[ 63%] \x1b[32mBuilding C object CMakeFiles/unitree_api__rosidl_typesupport_introspection_c.dir/rosidl_typesupport_introspection_c/unitree_api/msg/detail/request_policy__type_support.c.o\x1b[0m\n'}
[8.028178] (unitree_api) StdoutLine: {'line': b'[ 61%] \x1b[32mBuilding C object CMakeFiles/unitree_api__rosidl_typesupport_introspection_c.dir/rosidl_typesupport_introspection_c/unitree_api/msg/detail/request__type_support.c.o\x1b[0m\n'}
[8.037145] (unitree_api) StdoutLine: {'line': b'[ 64%] \x1b[32mBuilding C object CMakeFiles/unitree_api__rosidl_typesupport_introspection_c.dir/rosidl_typesupport_introspection_c/unitree_api/msg/detail/response__type_support.c.o\x1b[0m\n'}
[8.045532] (-) TimerEvent: {}
[8.049300] (unitree_api) StdoutLine: {'line': b'[ 65%] \x1b[32mBuilding C object CMakeFiles/unitree_api__rosidl_typesupport_introspection_c.dir/rosidl_typesupport_introspection_c/unitree_api/msg/detail/response_header__type_support.c.o\x1b[0m\n'}
[8.052437] (unitree_api) StdoutLine: {'line': b'[ 67%] \x1b[32mBuilding C object CMakeFiles/unitree_api__rosidl_typesupport_introspection_c.dir/rosidl_typesupport_introspection_c/unitree_api/msg/detail/response_status__type_support.c.o\x1b[0m\n'}
[8.065302] (unitree_api) StdoutLine: {'line': b'[ 68%] \x1b[32mBuilding C object CMakeFiles/unitree_api__rosidl_typesupport_introspection_c.dir/rosidl_typesupport_introspection_c/unitree_api/msg/detail/request_header__type_support.c.o\x1b[0m\n'}
[8.078157] (unitree_hg) StdoutLine: {'line': b'[ 56%] \x1b[32m\x1b[1mLinking CXX shared library libunitree_hg__rosidl_typesupport_c.so\x1b[0m\n'}
[8.128773] (ros2_unitree_legged_msgs) StdoutLine: {'line': b'[ 28%] \x1b[32m\x1b[1mLinking CXX shared library libros2_unitree_legged_msgs__rosidl_typesupport_c.so\x1b[0m\n'}
[8.138283] (ros2_unitree_legged_msgs) StdoutLine: {'line': b'[ 29%] \x1b[32mBuilding CXX object CMakeFiles/ros2_unitree_legged_msgs__rosidl_typesupport_cpp.dir/rosidl_typesupport_cpp/ros2_unitree_legged_msgs/msg/motor_cmd__type_support.cpp.o\x1b[0m\n'}
[8.139267] (ros2_unitree_legged_msgs) StdoutLine: {'line': b'[ 30%] \x1b[32mBuilding CXX object CMakeFiles/ros2_unitree_legged_msgs__rosidl_typesupport_cpp.dir/rosidl_typesupport_cpp/ros2_unitree_legged_msgs/msg/bms_state__type_support.cpp.o\x1b[0m\n'}
[8.140641] (ros2_unitree_legged_msgs) StdoutLine: {'line': b'[ 31%] \x1b[32mBuilding CXX object CMakeFiles/ros2_unitree_legged_msgs__rosidl_typesupport_cpp.dir/rosidl_typesupport_cpp/ros2_unitree_legged_msgs/msg/bms_cmd__type_support.cpp.o\x1b[0m\n'}
[8.148138] (unitree_hg) StdoutLine: {'line': b'[ 57%] \x1b[32mBuilding CXX object CMakeFiles/unitree_hg__rosidl_typesupport_cpp.dir/rosidl_typesupport_cpp/unitree_hg/msg/press_sensor_state__type_support.cpp.o\x1b[0m\n'}
[8.148576] (-) TimerEvent: {}
[8.149014] (ros2_unitree_legged_msgs) StdoutLine: {'line': b'[ 32%] \x1b[32mBuilding CXX object CMakeFiles/ros2_unitree_legged_msgs__rosidl_typesupport_cpp.dir/rosidl_typesupport_cpp/ros2_unitree_legged_msgs/msg/cartesian__type_support.cpp.o\x1b[0m\n'}
[8.167141] (ros2_unitree_legged_msgs) StdoutLine: {'line': b'[ 33%] \x1b[32mBuilding CXX object CMakeFiles/ros2_unitree_legged_msgs__rosidl_typesupport_cpp.dir/rosidl_typesupport_cpp/ros2_unitree_legged_msgs/msg/led__type_support.cpp.o\x1b[0m\n'}
[8.171593] (ros2_unitree_legged_msgs) StdoutLine: {'line': b'[ 36%] \x1b[32mBuilding CXX object CMakeFiles/ros2_unitree_legged_msgs__rosidl_typesupport_cpp.dir/rosidl_typesupport_cpp/ros2_unitree_legged_msgs/msg/imu__type_support.cpp.o\x1b[0m\n'}
[8.171926] (ros2_unitree_legged_msgs) StdoutLine: {'line': b'[ 34%] \x1b[32mBuilding CXX object CMakeFiles/ros2_unitree_legged_msgs__rosidl_typesupport_cpp.dir/rosidl_typesupport_cpp/ros2_unitree_legged_msgs/msg/low_state__type_support.cpp.o\x1b[0m\n'}
[8.172227] (ros2_unitree_legged_msgs) StdoutLine: {'line': b'[ 35%] \x1b[32mBuilding CXX object CMakeFiles/ros2_unitree_legged_msgs__rosidl_typesupport_cpp.dir/rosidl_typesupport_cpp/ros2_unitree_legged_msgs/msg/motor_state__type_support.cpp.o\x1b[0m\n'}
[8.172516] (ros2_unitree_legged_msgs) StdoutLine: {'line': b'[ 36%] \x1b[32mBuilding CXX object CMakeFiles/ros2_unitree_legged_msgs__rosidl_typesupport_cpp.dir/rosidl_typesupport_cpp/ros2_unitree_legged_msgs/msg/low_cmd__type_support.cpp.o\x1b[0m\n'}
[8.180401] (ros2_unitree_legged_msgs) StdoutLine: {'line': b'[ 37%] \x1b[32mBuilding CXX object CMakeFiles/ros2_unitree_legged_msgs__rosidl_typesupport_cpp.dir/rosidl_typesupport_cpp/ros2_unitree_legged_msgs/msg/high_state__type_support.cpp.o\x1b[0m\n'}
[8.201269] (unitree_go) StdoutLine: {'line': b'[ 12%] Built target unitree_go__dds_connext_idl\n'}
[8.240220] (ros2_unitree_legged_msgs) StdoutLine: {'line': b'[ 38%] \x1b[32mBuilding CXX object CMakeFiles/ros2_unitree_legged_msgs__rosidl_typesupport_cpp.dir/rosidl_typesupport_cpp/ros2_unitree_legged_msgs/msg/high_cmd__type_support.cpp.o\x1b[0m\n'}
[8.248702] (-) TimerEvent: {}
[8.261598] (unitree_hg) StdoutLine: {'line': b'[ 57%] Built target unitree_hg__rosidl_typesupport_c\n'}
[8.266039] (unitree_hg) StdoutLine: {'line': b'[ 58%] \x1b[32mBuilding C object CMakeFiles/unitree_hg__rosidl_typesupport_introspection_c.dir/rosidl_typesupport_introspection_c/unitree_hg/msg/detail/bms_state__type_support.c.o\x1b[0m\n'}
[8.293464] (unitree_hg) StdoutLine: {'line': b'[ 59%] \x1b[32mBuilding C object CMakeFiles/unitree_hg__rosidl_typesupport_introspection_c.dir/rosidl_typesupport_introspection_c/unitree_hg/msg/detail/hand_state__type_support.c.o\x1b[0m\n'}
[8.294003] (unitree_hg) StdoutLine: {'line': b'[ 61%] \x1b[32mBuilding C object CMakeFiles/unitree_hg__rosidl_typesupport_introspection_c.dir/rosidl_typesupport_introspection_c/unitree_hg/msg/detail/hand_cmd__type_support.c.o\x1b[0m\n'}
[8.294211] (unitree_hg) StdoutLine: {'line': b'[ 61%] \x1b[32mBuilding C object CMakeFiles/unitree_hg__rosidl_typesupport_introspection_c.dir/rosidl_typesupport_introspection_c/unitree_hg/msg/detail/bms_cmd__type_support.c.o\x1b[0m\n'}
[8.297187] (unitree_hg) StdoutLine: {'line': b'[ 62%] \x1b[32mBuilding C object CMakeFiles/unitree_hg__rosidl_typesupport_introspection_c.dir/rosidl_typesupport_introspection_c/unitree_hg/msg/detail/low_cmd__type_support.c.o\x1b[0m\n'}
[8.326413] (unitree_hg) StdoutLine: {'line': b'[ 63%] \x1b[32mBuilding C object CMakeFiles/unitree_hg__rosidl_typesupport_introspection_c.dir/rosidl_typesupport_introspection_c/unitree_hg/msg/detail/imu_state__type_support.c.o\x1b[0m\n'}
[8.328652] (unitree_api) StdoutLine: {'line': b'[ 69%] \x1b[32m\x1b[1mLinking C shared library libunitree_api__rosidl_typesupport_introspection_c.so\x1b[0m\n'}
[8.348821] (-) TimerEvent: {}
[8.351669] (ros2_unitree_legged_msgs) StdoutLine: {'line': b'[ 38%] Built target ros2_unitree_legged_msgs__rosidl_typesupport_c\n'}
[8.371320] (unitree_hg) StdoutLine: {'line': b'[ 64%] \x1b[32mBuilding C object CMakeFiles/unitree_hg__rosidl_typesupport_introspection_c.dir/rosidl_typesupport_introspection_c/unitree_hg/msg/detail/low_state__type_support.c.o\x1b[0m\n'}
[8.378209] (unitree_hg) StdoutLine: {'line': b'[ 65%] \x1b[32mBuilding C object CMakeFiles/unitree_hg__rosidl_typesupport_introspection_c.dir/rosidl_typesupport_introspection_c/unitree_hg/msg/detail/main_board_state__type_support.c.o\x1b[0m\n'}
[8.384212] (unitree_hg) StdoutLine: {'line': b'[ 65%] \x1b[32mBuilding C object CMakeFiles/unitree_hg__rosidl_typesupport_introspection_c.dir/rosidl_typesupport_introspection_c/unitree_hg/msg/detail/motor_cmd__type_support.c.o\x1b[0m\n'}
[8.419179] (unitree_hg) StdoutLine: {'line': b'[ 66%] \x1b[32mBuilding C object CMakeFiles/unitree_hg__rosidl_typesupport_introspection_c.dir/rosidl_typesupport_introspection_c/unitree_hg/msg/detail/motor_state__type_support.c.o\x1b[0m\n'}
[8.448940] (-) TimerEvent: {}
[8.466155] (ros2_unitree_legged_msgs) StdoutLine: {'line': b'[ 39%] \x1b[32mBuilding CXX object CMakeFiles/ros2_unitree_legged_msgs__rosidl_typesupport_introspection_cpp.dir/rosidl_typesupport_introspection_cpp/ros2_unitree_legged_msgs/msg/detail/motor_cmd__type_support.cpp.o\x1b[0m\n'}
[8.470499] (ros2_unitree_legged_msgs) StdoutLine: {'line': b'[ 40%] \x1b[32mBuilding CXX object CMakeFiles/ros2_unitree_legged_msgs__rosidl_typesupport_introspection_cpp.dir/rosidl_typesupport_introspection_cpp/ros2_unitree_legged_msgs/msg/detail/motor_state__type_support.cpp.o\x1b[0m\n'}
[8.472201] (ros2_unitree_legged_msgs) StdoutLine: {'line': b'[ 41%] \x1b[32mBuilding CXX object CMakeFiles/ros2_unitree_legged_msgs__rosidl_typesupport_introspection_cpp.dir/rosidl_typesupport_introspection_cpp/ros2_unitree_legged_msgs/msg/detail/bms_state__type_support.cpp.o\x1b[0m\n'}
[8.472434] (ros2_unitree_legged_msgs) StdoutLine: {'line': b'[ 42%] \x1b[32mBuilding CXX object CMakeFiles/ros2_unitree_legged_msgs__rosidl_typesupport_introspection_cpp.dir/rosidl_typesupport_introspection_cpp/ros2_unitree_legged_msgs/msg/detail/imu__type_support.cpp.o\x1b[0m\n'}
[8.476272] (unitree_hg) StdoutLine: {'line': b'[ 67%] \x1b[32mBuilding C object CMakeFiles/unitree_hg__rosidl_typesupport_introspection_c.dir/rosidl_typesupport_introspection_c/unitree_hg/msg/detail/press_sensor_state__type_support.c.o\x1b[0m\n'}
[8.481166] (ros2_unitree_legged_msgs) StdoutLine: {'line': b'[ 42%] \x1b[32mBuilding CXX object CMakeFiles/ros2_unitree_legged_msgs__rosidl_typesupport_introspection_cpp.dir/rosidl_typesupport_introspection_cpp/ros2_unitree_legged_msgs/msg/detail/bms_cmd__type_support.cpp.o\x1b[0m\n'}
[8.498287] (ros2_unitree_legged_msgs) StdoutLine: {'line': b'[ 43%] \x1b[32mBuilding CXX object CMakeFiles/ros2_unitree_legged_msgs__rosidl_typesupport_introspection_cpp.dir/rosidl_typesupport_introspection_cpp/ros2_unitree_legged_msgs/msg/detail/led__type_support.cpp.o\x1b[0m\n'}
[8.498635] (unitree_hg) StdoutLine: {'line': b'[ 68%] \x1b[32m\x1b[1mLinking CXX shared library libunitree_hg__rosidl_typesupport_introspection_cpp.so\x1b[0m\n'}
[8.500215] (ros2_unitree_legged_msgs) StdoutLine: {'line': b'[ 44%] \x1b[32mBuilding CXX object CMakeFiles/ros2_unitree_legged_msgs__rosidl_typesupport_introspection_cpp.dir/rosidl_typesupport_introspection_cpp/ros2_unitree_legged_msgs/msg/detail/low_cmd__type_support.cpp.o\x1b[0m\n'}
[8.515674] (ros2_unitree_legged_msgs) StdoutLine: {'line': b'[ 45%] \x1b[32mBuilding CXX object CMakeFiles/ros2_unitree_legged_msgs__rosidl_typesupport_introspection_cpp.dir/rosidl_typesupport_introspection_cpp/ros2_unitree_legged_msgs/msg/detail/cartesian__type_support.cpp.o\x1b[0m\n'}
[8.518230] (unitree_api) StdoutLine: {'line': b'[ 70%] \x1b[32m\x1b[1mLinking CXX shared library libunitree_api__rosidl_typesupport_introspection_cpp.so\x1b[0m\n'}
[8.552310] (-) TimerEvent: {}
[8.586279] (unitree_api) StdoutLine: {'line': b'[ 70%] Built target unitree_api__rosidl_typesupport_introspection_c\n'}
[8.620878] (unitree_hg) StdoutLine: {'line': b'[ 69%] \x1b[32m\x1b[1mLinking C shared library libunitree_hg__rosidl_typesupport_introspection_c.so\x1b[0m\n'}
[8.652404] (-) TimerEvent: {}
[8.674875] (unitree_api) StdoutLine: {'line': b'[ 71%] \x1b[32mBuilding CXX object CMakeFiles/unitree_api__rosidl_typesupport_fastrtps_cpp.dir/rosidl_typesupport_fastrtps_cpp/unitree_api/msg/detail/dds_fastrtps/request__type_support.cpp.o\x1b[0m\n'}
[8.684465] (unitree_api) StdoutLine: {'line': b'[ 72%] \x1b[32mBuilding CXX object CMakeFiles/unitree_api__rosidl_typesupport_fastrtps_cpp.dir/rosidl_typesupport_fastrtps_cpp/unitree_api/msg/detail/dds_fastrtps/request_header__type_support.cpp.o\x1b[0m\n'}
[8.689162] (unitree_api) StdoutLine: {'line': b'[ 73%] \x1b[32mBuilding CXX object CMakeFiles/unitree_api__rosidl_typesupport_fastrtps_cpp.dir/rosidl_typesupport_fastrtps_cpp/unitree_api/msg/detail/dds_fastrtps/request_identity__type_support.cpp.o\x1b[0m\n'}
[8.689807] (unitree_api) StdoutLine: {'line': b'[ 75%] \x1b[32mBuilding CXX object CMakeFiles/unitree_api__rosidl_typesupport_fastrtps_cpp.dir/rosidl_typesupport_fastrtps_cpp/unitree_api/msg/detail/dds_fastrtps/request_lease__type_support.cpp.o\x1b[0m\n'}
[8.690419] (ros2_unitree_legged_msgs) StdoutLine: {'line': b'[ 46%] \x1b[32mBuilding CXX object CMakeFiles/ros2_unitree_legged_msgs__rosidl_typesupport_introspection_cpp.dir/rosidl_typesupport_introspection_cpp/ros2_unitree_legged_msgs/msg/detail/low_state__type_support.cpp.o\x1b[0m\n'}
[8.701441] (unitree_api) StdoutLine: {'line': b'[ 76%] \x1b[32mBuilding CXX object CMakeFiles/unitree_api__rosidl_typesupport_fastrtps_cpp.dir/rosidl_typesupport_fastrtps_cpp/unitree_api/msg/detail/dds_fastrtps/response__type_support.cpp.o\x1b[0m\n'}
[8.713314] (unitree_api) StdoutLine: {'line': b'[ 77%] \x1b[32mBuilding CXX object CMakeFiles/unitree_api__rosidl_typesupport_fastrtps_cpp.dir/rosidl_typesupport_fastrtps_cpp/unitree_api/msg/detail/dds_fastrtps/response_header__type_support.cpp.o\x1b[0m\n'}
[8.717213] (unitree_api) StdoutLine: {'line': b'[ 78%] \x1b[32mBuilding CXX object CMakeFiles/unitree_api__rosidl_typesupport_fastrtps_cpp.dir/rosidl_typesupport_fastrtps_cpp/unitree_api/msg/detail/dds_fastrtps/request_policy__type_support.cpp.o\x1b[0m\n'}
[8.733975] (unitree_hg) StdoutLine: {'line': b'[ 69%] Built target unitree_hg__rosidl_typesupport_introspection_c\n'}
[8.752577] (unitree_api) StdoutLine: {'line': b'[ 79%] \x1b[32mBuilding CXX object CMakeFiles/unitree_api__rosidl_typesupport_fastrtps_cpp.dir/rosidl_typesupport_fastrtps_cpp/unitree_api/msg/detail/dds_fastrtps/response_status__type_support.cpp.o\x1b[0m\n'}
[8.752823] (-) TimerEvent: {}
[8.853168] (-) TimerEvent: {}
[8.956980] (unitree_api) StdoutLine: {'line': b'[ 79%] Built target unitree_api__rosidl_typesupport_introspection_cpp\n'}
[8.957270] (-) TimerEvent: {}
[8.973006] (ros2_unitree_legged_msgs) StdoutLine: {'line': b'[ 47%] \x1b[32mBuilding CXX object CMakeFiles/ros2_unitree_legged_msgs__rosidl_typesupport_introspection_cpp.dir/rosidl_typesupport_introspection_cpp/ros2_unitree_legged_msgs/msg/detail/high_state__type_support.cpp.o\x1b[0m\n'}
[8.998199] (ros2_unitree_legged_msgs) StdoutLine: {'line': b'[ 48%] \x1b[32mBuilding CXX object CMakeFiles/ros2_unitree_legged_msgs__rosidl_typesupport_introspection_cpp.dir/rosidl_typesupport_introspection_cpp/ros2_unitree_legged_msgs/msg/detail/high_cmd__type_support.cpp.o\x1b[0m\n'}
[9.034012] (cyclonedds) StdoutLine: {'line': b'[ 87%] \x1b[32m\x1b[1mLinking C shared library ../../lib/libddsc.so\x1b[0m\n'}
[9.041372] (unitree_go) StdoutLine: {'line': b'[ 12%] Built target unitree_go__cpp\n'}
[9.057403] (-) TimerEvent: {}
[9.058389] (unitree_hg) StdoutLine: {'line': b'[ 69%] Built target unitree_hg__rosidl_typesupport_introspection_cpp\n'}
[9.073407] (unitree_go) StdoutLine: {'line': b'[ 13%] \x1b[34m\x1b[1mGenerating C++ type support dispatch for ROS interfaces\x1b[0m\n'}
[9.073666] (unitree_go) StdoutLine: {'line': b'[ 14%] \x1b[34m\x1b[1mGenerating C++ introspection for ROS interfaces\x1b[0m\n'}
[9.082183] (unitree_go) StdoutLine: {'line': b'[ 15%] \x1b[34m\x1b[1mGenerating C++ type support for eProsima Fast-RTPS\x1b[0m\n'}
[9.157522] (-) TimerEvent: {}
[9.215204] (unitree_hg) StdoutLine: {'line': b'[ 69%] \x1b[32mBuilding CXX object CMakeFiles/unitree_hg__rosidl_typesupport_fastrtps_cpp.dir/rosidl_typesupport_fastrtps_cpp/unitree_hg/msg/detail/dds_fastrtps/hand_cmd__type_support.cpp.o\x1b[0m\n'}
[9.215454] (unitree_hg) StdoutLine: {'line': b'[ 70%] \x1b[32mBuilding CXX object CMakeFiles/unitree_hg__rosidl_typesupport_fastrtps_cpp.dir/rosidl_typesupport_fastrtps_cpp/unitree_hg/msg/detail/dds_fastrtps/bms_cmd__type_support.cpp.o\x1b[0m\n'}
[9.231301] (unitree_hg) StdoutLine: {'line': b'[ 71%] \x1b[32mBuilding CXX object CMakeFiles/unitree_hg__rosidl_typesupport_fastrtps_cpp.dir/rosidl_typesupport_fastrtps_cpp/unitree_hg/msg/detail/dds_fastrtps/bms_state__type_support.cpp.o\x1b[0m\n'}
[9.238199] (unitree_hg) StdoutLine: {'line': b'[ 72%] \x1b[32mBuilding CXX object CMakeFiles/unitree_hg__rosidl_typesupport_fastrtps_cpp.dir/rosidl_typesupport_fastrtps_cpp/unitree_hg/msg/detail/dds_fastrtps/low_state__type_support.cpp.o\x1b[0m\n'}
[9.238582] (unitree_hg) StdoutLine: {'line': b'[ 73%] \x1b[32mBuilding CXX object CMakeFiles/unitree_hg__rosidl_typesupport_fastrtps_cpp.dir/rosidl_typesupport_fastrtps_cpp/unitree_hg/msg/detail/dds_fastrtps/low_cmd__type_support.cpp.o\x1b[0m\n'}
[9.239825] (unitree_hg) StdoutLine: {'line': b'[ 74%] \x1b[32mBuilding CXX object CMakeFiles/unitree_hg__rosidl_typesupport_fastrtps_cpp.dir/rosidl_typesupport_fastrtps_cpp/unitree_hg/msg/detail/dds_fastrtps/motor_cmd__type_support.cpp.o\x1b[0m\n'}
[9.241085] (unitree_hg) StdoutLine: {'line': b'[ 75%] \x1b[32mBuilding CXX object CMakeFiles/unitree_hg__rosidl_typesupport_fastrtps_cpp.dir/rosidl_typesupport_fastrtps_cpp/unitree_hg/msg/detail/dds_fastrtps/motor_state__type_support.cpp.o\x1b[0m\n'}
[9.241937] (unitree_hg) StdoutLine: {'line': b'[ 76%] \x1b[32mBuilding CXX object CMakeFiles/unitree_hg__rosidl_typesupport_fastrtps_cpp.dir/rosidl_typesupport_fastrtps_cpp/unitree_hg/msg/detail/dds_fastrtps/hand_state__type_support.cpp.o\x1b[0m\n'}
[9.257455] (unitree_hg) StdoutLine: {'line': b'[ 77%] \x1b[32mBuilding CXX object CMakeFiles/unitree_hg__rosidl_typesupport_fastrtps_cpp.dir/rosidl_typesupport_fastrtps_cpp/unitree_hg/msg/detail/dds_fastrtps/imu_state__type_support.cpp.o\x1b[0m\n'}
[9.257787] (-) TimerEvent: {}
[9.266205] (unitree_hg) StdoutLine: {'line': b'[ 78%] \x1b[32mBuilding CXX object CMakeFiles/unitree_hg__rosidl_typesupport_fastrtps_cpp.dir/rosidl_typesupport_fastrtps_cpp/unitree_hg/msg/detail/dds_fastrtps/press_sensor_state__type_support.cpp.o\x1b[0m\n'}
[9.287729] (unitree_hg) StdoutLine: {'line': b'[ 79%] \x1b[32mBuilding CXX object CMakeFiles/unitree_hg__rosidl_typesupport_fastrtps_cpp.dir/rosidl_typesupport_fastrtps_cpp/unitree_hg/msg/detail/dds_fastrtps/main_board_state__type_support.cpp.o\x1b[0m\n'}
[9.360123] (-) TimerEvent: {}
[9.429399] (ros2_unitree_legged_msgs) StdoutLine: {'line': b'[ 49%] \x1b[32mBuilding C object CMakeFiles/ros2_unitree_legged_msgs__rosidl_typesupport_introspection_c.dir/rosidl_typesupport_introspection_c/ros2_unitree_legged_msgs/msg/detail/motor_cmd__type_support.c.o\x1b[0m\n'}
[9.430442] (ros2_unitree_legged_msgs) StdoutLine: {'line': b'[ 50%] \x1b[32mBuilding C object CMakeFiles/ros2_unitree_legged_msgs__rosidl_typesupport_introspection_c.dir/rosidl_typesupport_introspection_c/ros2_unitree_legged_msgs/msg/detail/motor_state__type_support.c.o\x1b[0m\n'}
[9.447671] (ros2_unitree_legged_msgs) StdoutLine: {'line': b'[ 53%] \x1b[32mBuilding C object CMakeFiles/ros2_unitree_legged_msgs__rosidl_typesupport_introspection_c.dir/rosidl_typesupport_introspection_c/ros2_unitree_legged_msgs/msg/detail/cartesian__type_support.c.o\x1b[0m\n'}
[9.452317] (ros2_unitree_legged_msgs) StdoutLine: {'line': b'[ 53%] \x1b[32mBuilding C object CMakeFiles/ros2_unitree_legged_msgs__rosidl_typesupport_introspection_c.dir/rosidl_typesupport_introspection_c/ros2_unitree_legged_msgs/msg/detail/bms_state__type_support.c.o\x1b[0m\n'}
[9.452526] (ros2_unitree_legged_msgs) StdoutLine: {'line': b'[ 54%] \x1b[32mBuilding C object CMakeFiles/ros2_unitree_legged_msgs__rosidl_typesupport_introspection_c.dir/rosidl_typesupport_introspection_c/ros2_unitree_legged_msgs/msg/detail/imu__type_support.c.o\x1b[0m\n'}
[9.455150] (ros2_unitree_legged_msgs) StdoutLine: {'line': b'[ 53%] \x1b[32mBuilding C object CMakeFiles/ros2_unitree_legged_msgs__rosidl_typesupport_introspection_c.dir/rosidl_typesupport_introspection_c/ros2_unitree_legged_msgs/msg/detail/bms_cmd__type_support.c.o\x1b[0m\n'}
[9.456996] (ros2_unitree_legged_msgs) StdoutLine: {'line': b'[ 55%] \x1b[32mBuilding C object CMakeFiles/ros2_unitree_legged_msgs__rosidl_typesupport_introspection_c.dir/rosidl_typesupport_introspection_c/ros2_unitree_legged_msgs/msg/detail/low_cmd__type_support.c.o\x1b[0m\n'}
[9.460205] (-) TimerEvent: {}
[9.467477] (ros2_unitree_legged_msgs) StdoutLine: {'line': b'[ 55%] \x1b[32mBuilding C object CMakeFiles/ros2_unitree_legged_msgs__rosidl_typesupport_introspection_c.dir/rosidl_typesupport_introspection_c/ros2_unitree_legged_msgs/msg/detail/led__type_support.c.o\x1b[0m\n'}
[9.498166] (ros2_unitree_legged_msgs) StdoutLine: {'line': b'[ 56%] \x1b[32mBuilding C object CMakeFiles/ros2_unitree_legged_msgs__rosidl_typesupport_introspection_c.dir/rosidl_typesupport_introspection_c/ros2_unitree_legged_msgs/msg/detail/high_cmd__type_support.c.o\x1b[0m\n'}
[9.500615] (ros2_unitree_legged_msgs) StdoutLine: {'line': b'[ 57%] \x1b[32mBuilding C object CMakeFiles/ros2_unitree_legged_msgs__rosidl_typesupport_introspection_c.dir/rosidl_typesupport_introspection_c/ros2_unitree_legged_msgs/msg/detail/low_state__type_support.c.o\x1b[0m\n'}
[9.504815] (ros2_unitree_legged_msgs) StdoutLine: {'line': b'[ 58%] \x1b[32mBuilding C object CMakeFiles/ros2_unitree_legged_msgs__rosidl_typesupport_introspection_c.dir/rosidl_typesupport_introspection_c/ros2_unitree_legged_msgs/msg/detail/high_state__type_support.c.o\x1b[0m\n'}
[9.560330] (-) TimerEvent: {}
[9.574490] (unitree_go) StdoutLine: {'line': b'[ 15%] \x1b[32mBuilding C object CMakeFiles/unitree_go__rosidl_typesupport_introspection_c.dir/rosidl_typesupport_introspection_c/unitree_go/msg/detail/audio_data__type_support.c.o\x1b[0m\n'}
[9.576607] (unitree_go) StdoutLine: {'line': b'[ 15%] \x1b[32mBuilding C object CMakeFiles/unitree_go__rosidl_typesupport_introspection_c.dir/rosidl_typesupport_introspection_c/unitree_go/msg/detail/bms_state__type_support.c.o\x1b[0m\n'}
[9.577113] (unitree_go) StdoutLine: {'line': b'[ 16%] \x1b[32mBuilding C object CMakeFiles/unitree_go__rosidl_typesupport_introspection_c.dir/rosidl_typesupport_introspection_c/unitree_go/msg/detail/bms_cmd__type_support.c.o\x1b[0m\n'}
[9.578998] (unitree_go) StdoutLine: {'line': b'[ 17%] \x1b[32mBuilding C object CMakeFiles/unitree_go__rosidl_typesupport_introspection_c.dir/rosidl_typesupport_introspection_c/unitree_go/msg/detail/error__type_support.c.o\x1b[0m\n'}
[9.582970] (unitree_go) StdoutLine: {'line': b'[ 17%] \x1b[32mBuilding C object CMakeFiles/unitree_go__rosidl_typesupport_introspection_c.dir/rosidl_typesupport_introspection_c/unitree_go/msg/detail/go2_front_video_data__type_support.c.o\x1b[0m\n'}
[9.591895] (unitree_go) StdoutLine: {'line': b'[ 17%] \x1b[32mBuilding C object CMakeFiles/unitree_go__rosidl_typesupport_introspection_c.dir/rosidl_typesupport_introspection_c/unitree_go/msg/detail/imu_state__type_support.c.o\x1b[0m\n'}
[9.608101] (unitree_go) StdoutLine: {'line': b'[ 18%] \x1b[32mBuilding C object CMakeFiles/unitree_go__rosidl_typesupport_introspection_c.dir/rosidl_typesupport_introspection_c/unitree_go/msg/detail/height_map__type_support.c.o\x1b[0m\n'}
[9.611294] (unitree_go) StdoutLine: {'line': b'[ 20%] \x1b[32mBuilding C object CMakeFiles/unitree_go__rosidl_typesupport_introspection_c.dir/rosidl_typesupport_introspection_c/unitree_go/msg/detail/interface_config__type_support.c.o\x1b[0m\n'}
[9.615165] (unitree_go) StdoutLine: {'line': b'[ 20%] \x1b[32mBuilding C object CMakeFiles/unitree_go__rosidl_typesupport_introspection_c.dir/rosidl_typesupport_introspection_c/unitree_go/msg/detail/low_cmd__type_support.c.o\x1b[0m\n'}
[9.615395] (unitree_go) StdoutLine: {'line': b'[ 20%] \x1b[32mBuilding C object CMakeFiles/unitree_go__rosidl_typesupport_introspection_c.dir/rosidl_typesupport_introspection_c/unitree_go/msg/detail/lidar_state__type_support.c.o\x1b[0m\n'}
[9.616231] (unitree_go) StdoutLine: {'line': b'[ 21%] \x1b[32mBuilding C object CMakeFiles/unitree_go__rosidl_typesupport_introspection_c.dir/rosidl_typesupport_introspection_c/unitree_go/msg/detail/req__type_support.c.o\x1b[0m\n'}
[9.620191] (unitree_go) StdoutLine: {'line': b'[ 21%] \x1b[32mBuilding C object CMakeFiles/unitree_go__rosidl_typesupport_introspection_c.dir/rosidl_typesupport_introspection_c/unitree_go/msg/detail/low_state__type_support.c.o\x1b[0m\n'}
[9.620491] (unitree_go) StdoutLine: {'line': b'[ 22%] \x1b[32mBuilding C object CMakeFiles/unitree_go__rosidl_typesupport_introspection_c.dir/rosidl_typesupport_introspection_c/unitree_go/msg/detail/motor_cmd__type_support.c.o\x1b[0m\n'}
[9.623930] (unitree_go) StdoutLine: {'line': b'[ 22%] \x1b[32mBuilding C object CMakeFiles/unitree_go__rosidl_typesupport_introspection_c.dir/rosidl_typesupport_introspection_c/unitree_go/msg/detail/path_point__type_support.c.o\x1b[0m\n'}
[9.624146] (unitree_go) StdoutLine: {'line': b'[ 22%] \x1b[32mBuilding C object CMakeFiles/unitree_go__rosidl_typesupport_introspection_c.dir/rosidl_typesupport_introspection_c/unitree_go/msg/detail/motor_state__type_support.c.o\x1b[0m\n'}
[9.624520] (unitree_go) StdoutLine: {'line': b'[ 23%] \x1b[32mBuilding C object CMakeFiles/unitree_go__rosidl_typesupport_introspection_c.dir/rosidl_typesupport_introspection_c/unitree_go/msg/detail/motor_states__type_support.c.o\x1b[0m\n'}
[9.649975] (unitree_go) StdoutLine: {'line': b'[ 23%] \x1b[32mBuilding C object CMakeFiles/unitree_go__rosidl_typesupport_introspection_c.dir/rosidl_typesupport_introspection_c/unitree_go/msg/detail/motor_cmds__type_support.c.o\x1b[0m\n'}
[9.660454] (-) TimerEvent: {}
[9.662464] (ros2_unitree_legged_msgs) StdoutLine: {'line': b'[ 59%] \x1b[32m\x1b[1mLinking C shared library libros2_unitree_legged_msgs__rosidl_typesupport_introspection_c.so\x1b[0m\n'}
[9.727759] (ros2_unitree_legged_msgs) StdoutLine: {'line': b'[ 59%] Built target ros2_unitree_legged_msgs__rosidl_typesupport_introspection_c\n'}
[9.736179] (unitree_go) StdoutLine: {'line': b'[ 23%] \x1b[32mBuilding C object CMakeFiles/unitree_go__rosidl_typesupport_introspection_c.dir/rosidl_typesupport_introspection_c/unitree_go/msg/detail/res__type_support.c.o\x1b[0m\n'}
[9.738797] (unitree_go) StdoutLine: {'line': b'[ 24%] \x1b[32mBuilding C object CMakeFiles/unitree_go__rosidl_typesupport_introspection_c.dir/rosidl_typesupport_introspection_c/unitree_go/msg/detail/sport_mode_cmd__type_support.c.o\x1b[0m\n'}
[9.741401] (unitree_go) StdoutLine: {'line': b'[ 25%] \x1b[32mBuilding C object CMakeFiles/unitree_go__rosidl_typesupport_introspection_c.dir/rosidl_typesupport_introspection_c/unitree_go/msg/detail/time_spec__type_support.c.o\x1b[0m\n'}
[9.741682] (unitree_go) StdoutLine: {'line': b'[ 25%] \x1b[32mBuilding C object CMakeFiles/unitree_go__rosidl_typesupport_introspection_c.dir/rosidl_typesupport_introspection_c/unitree_go/msg/detail/sport_mode_state__type_support.c.o\x1b[0m\n'}
[9.749242] (unitree_go) StdoutLine: {'line': b'[ 26%] \x1b[32mBuilding C object CMakeFiles/unitree_go__rosidl_typesupport_introspection_c.dir/rosidl_typesupport_introspection_c/unitree_go/msg/detail/uwb_state__type_support.c.o\x1b[0m\n'}
[9.749486] (unitree_go) StdoutLine: {'line': b'[ 26%] \x1b[32mBuilding C object CMakeFiles/unitree_go__rosidl_typesupport_introspection_c.dir/rosidl_typesupport_introspection_c/unitree_go/msg/detail/uwb_switch__type_support.c.o\x1b[0m\n'}
[9.760571] (-) TimerEvent: {}
[9.763849] (unitree_go) StdoutLine: {'line': b'[ 26%] \x1b[32mBuilding C object CMakeFiles/unitree_go__rosidl_typesupport_introspection_c.dir/rosidl_typesupport_introspection_c/unitree_go/msg/detail/wireless_controller__type_support.c.o\x1b[0m\n'}
[9.764144] (ros2_unitree_legged_msgs) StdoutLine: {'line': b'[ 60%] \x1b[32mBuilding CXX object CMakeFiles/ros2_unitree_legged_msgs__rosidl_typesupport_fastrtps_c.dir/rosidl_typesupport_fastrtps_c/ros2_unitree_legged_msgs/msg/detail/motor_cmd__type_support_c.cpp.o\x1b[0m\n'}
[9.776180] (ros2_unitree_legged_msgs) StdoutLine: {'line': b'[ 61%] \x1b[32mBuilding CXX object CMakeFiles/ros2_unitree_legged_msgs__rosidl_typesupport_fastrtps_c.dir/rosidl_typesupport_fastrtps_c/ros2_unitree_legged_msgs/msg/detail/bms_cmd__type_support_c.cpp.o\x1b[0m\n'}
[9.777158] (ros2_unitree_legged_msgs) StdoutLine: {'line': b'[ 62%] \x1b[32mBuilding CXX object CMakeFiles/ros2_unitree_legged_msgs__rosidl_typesupport_fastrtps_c.dir/rosidl_typesupport_fastrtps_c/ros2_unitree_legged_msgs/msg/detail/bms_state__type_support_c.cpp.o\x1b[0m\n'}
[9.777337] (ros2_unitree_legged_msgs) StdoutLine: {'line': b'[ 63%] \x1b[32mBuilding CXX object CMakeFiles/ros2_unitree_legged_msgs__rosidl_typesupport_fastrtps_c.dir/rosidl_typesupport_fastrtps_c/ros2_unitree_legged_msgs/msg/detail/motor_state__type_support_c.cpp.o\x1b[0m\n'}
[9.784184] (ros2_unitree_legged_msgs) StdoutLine: {'line': b'[ 64%] \x1b[32mBuilding CXX object CMakeFiles/ros2_unitree_legged_msgs__rosidl_typesupport_fastrtps_c.dir/rosidl_typesupport_fastrtps_c/ros2_unitree_legged_msgs/msg/detail/imu__type_support_c.cpp.o\x1b[0m\n'}
[9.784443] (ros2_unitree_legged_msgs) StdoutLine: {'line': b'[ 63%] \x1b[32mBuilding CXX object CMakeFiles/ros2_unitree_legged_msgs__rosidl_typesupport_fastrtps_c.dir/rosidl_typesupport_fastrtps_c/ros2_unitree_legged_msgs/msg/detail/cartesian__type_support_c.cpp.o\x1b[0m\n'}
[9.793069] (ros2_unitree_legged_msgs) StdoutLine: {'line': b'[ 65%] \x1b[32mBuilding CXX object CMakeFiles/ros2_unitree_legged_msgs__rosidl_typesupport_fastrtps_c.dir/rosidl_typesupport_fastrtps_c/ros2_unitree_legged_msgs/msg/detail/led__type_support_c.cpp.o\x1b[0m\n'}
[9.795004] (ros2_unitree_legged_msgs) StdoutLine: {'line': b'[ 66%] \x1b[32mBuilding CXX object CMakeFiles/ros2_unitree_legged_msgs__rosidl_typesupport_fastrtps_c.dir/rosidl_typesupport_fastrtps_c/ros2_unitree_legged_msgs/msg/detail/high_cmd__type_support_c.cpp.o\x1b[0m\n'}
[9.801436] (ros2_unitree_legged_msgs) StdoutLine: {'line': b'[ 67%] \x1b[32mBuilding CXX object CMakeFiles/ros2_unitree_legged_msgs__rosidl_typesupport_fastrtps_c.dir/rosidl_typesupport_fastrtps_c/ros2_unitree_legged_msgs/msg/detail/high_state__type_support_c.cpp.o\x1b[0m\n'}
[9.801759] (ros2_unitree_legged_msgs) StdoutLine: {'line': b'[ 68%] \x1b[32mBuilding CXX object CMakeFiles/ros2_unitree_legged_msgs__rosidl_typesupport_fastrtps_c.dir/rosidl_typesupport_fastrtps_c/ros2_unitree_legged_msgs/msg/detail/low_state__type_support_c.cpp.o\x1b[0m\n'}
[9.802846] (ros2_unitree_legged_msgs) StdoutLine: {'line': b'[ 69%] \x1b[32mBuilding CXX object CMakeFiles/ros2_unitree_legged_msgs__rosidl_typesupport_fastrtps_c.dir/rosidl_typesupport_fastrtps_c/ros2_unitree_legged_msgs/msg/detail/low_cmd__type_support_c.cpp.o\x1b[0m\n'}
[9.838415] (unitree_hg) StdoutLine: {'line': b'[ 80%] \x1b[32m\x1b[1mLinking CXX shared library libunitree_hg__rosidl_typesupport_fastrtps_c.so\x1b[0m\n'}
[9.860688] (-) TimerEvent: {}
[9.961218] (-) TimerEvent: {}
[9.969675] (unitree_go) StdoutLine: {'line': b'[ 27%] \x1b[32m\x1b[1mLinking C shared library libunitree_go__rosidl_typesupport_introspection_c.so\x1b[0m\n'}
[9.983599] (ros2_unitree_legged_msgs) StdoutLine: {'line': b'[ 70%] \x1b[32m\x1b[1mLinking CXX shared library libros2_unitree_legged_msgs__rosidl_typesupport_introspection_cpp.so\x1b[0m\n'}
[10.056733] (ros2_unitree_legged_msgs) StdoutLine: {'line': b'[ 71%] \x1b[32m\x1b[1mLinking CXX shared library libros2_unitree_legged_msgs__rosidl_typesupport_cpp.so\x1b[0m\n'}
[10.064113] (-) TimerEvent: {}
[10.066089] (unitree_api) StdoutLine: {'line': b'[ 80%] \x1b[32m\x1b[1mLinking CXX shared library libunitree_api__rosidl_typesupport_fastrtps_c.so\x1b[0m\n'}
[10.161640] (unitree_go) StdoutLine: {'line': b'[ 27%] Built target unitree_go__rosidl_typesupport_introspection_c\n'}
[10.164224] (-) TimerEvent: {}
[10.240258] (ros2_unitree_legged_msgs) StdoutLine: {'line': b'[ 71%] Built target ros2_unitree_legged_msgs__rosidl_typesupport_cpp\n'}
[10.264418] (-) TimerEvent: {}
[10.312812] (unitree_go) StdoutLine: {'line': b'[ 27%] \x1b[32mBuilding CXX object CMakeFiles/unitree_go__rosidl_typesupport_fastrtps_c.dir/rosidl_typesupport_fastrtps_c/unitree_go/msg/detail/audio_data__type_support_c.cpp.o\x1b[0m\n'}
[10.321188] (unitree_go) StdoutLine: {'line': b'[ 28%] \x1b[32mBuilding CXX object CMakeFiles/unitree_go__rosidl_typesupport_fastrtps_c.dir/rosidl_typesupport_fastrtps_c/unitree_go/msg/detail/bms_cmd__type_support_c.cpp.o\x1b[0m\n'}
[10.330205] (unitree_go) StdoutLine: {'line': b'[ 29%] \x1b[32mBuilding CXX object CMakeFiles/unitree_go__rosidl_typesupport_fastrtps_c.dir/rosidl_typesupport_fastrtps_c/unitree_go/msg/detail/height_map__type_support_c.cpp.o\x1b[0m\n'}
[10.330385] (unitree_go) StdoutLine: {'line': b'[ 29%] \x1b[32mBuilding CXX object CMakeFiles/unitree_go__rosidl_typesupport_fastrtps_c.dir/rosidl_typesupport_fastrtps_c/unitree_go/msg/detail/go2_front_video_data__type_support_c.cpp.o\x1b[0m\n'}
[10.338321] (unitree_go) StdoutLine: {'line': b'[ 30%] \x1b[32mBuilding CXX object CMakeFiles/unitree_go__rosidl_typesupport_fastrtps_c.dir/rosidl_typesupport_fastrtps_c/unitree_go/msg/detail/interface_config__type_support_c.cpp.o\x1b[0m\n'}
[10.341263] (unitree_go) StdoutLine: {'line': b'[ 31%] \x1b[32mBuilding CXX object CMakeFiles/unitree_go__rosidl_typesupport_fastrtps_c.dir/rosidl_typesupport_fastrtps_c/unitree_go/msg/detail/low_cmd__type_support_c.cpp.o\x1b[0m\n'}
[10.341670] (unitree_go) StdoutLine: {'line': b'[ 31%] \x1b[32mBuilding CXX object CMakeFiles/unitree_go__rosidl_typesupport_fastrtps_c.dir/rosidl_typesupport_fastrtps_c/unitree_go/msg/detail/imu_state__type_support_c.cpp.o\x1b[0m\n'}
[10.344175] (unitree_go) StdoutLine: {'line': b'[ 31%] \x1b[32mBuilding CXX object CMakeFiles/unitree_go__rosidl_typesupport_fastrtps_c.dir/rosidl_typesupport_fastrtps_c/unitree_go/msg/detail/low_state__type_support_c.cpp.o\x1b[0m\n'}
[10.345318] (unitree_go) StdoutLine: {'line': b'[ 31%] \x1b[32mBuilding CXX object CMakeFiles/unitree_go__rosidl_typesupport_fastrtps_c.dir/rosidl_typesupport_fastrtps_c/unitree_go/msg/detail/lidar_state__type_support_c.cpp.o\x1b[0m\n'}
[10.347834] (unitree_go) StdoutLine: {'line': b'[ 31%] \x1b[32mBuilding CXX object CMakeFiles/unitree_go__rosidl_typesupport_fastrtps_c.dir/rosidl_typesupport_fastrtps_c/unitree_go/msg/detail/motor_cmds__type_support_c.cpp.o\x1b[0m\n'}
[10.356152] (ros2_unitree_legged_msgs) StdoutLine: {'line': b'[ 71%] Built target ros2_unitree_legged_msgs__rosidl_typesupport_introspection_cpp\n'}
[10.364131] (unitree_hg) StdoutLine: {'line': b'[ 80%] Built target unitree_hg__rosidl_typesupport_fastrtps_c\n'}
[10.364431] (-) TimerEvent: {}
[10.364703] (unitree_api) StdoutLine: {'line': b'[ 80%] Built target unitree_api__rosidl_typesupport_fastrtps_c\n'}
[10.368113] (unitree_go) StdoutLine: {'line': b'[ 31%] \x1b[32mBuilding CXX object CMakeFiles/unitree_go__rosidl_typesupport_fastrtps_c.dir/rosidl_typesupport_fastrtps_c/unitree_go/msg/detail/bms_state__type_support_c.cpp.o\x1b[0m\n'}
[10.368413] (unitree_go) StdoutLine: {'line': b'[ 32%] \x1b[32mBuilding CXX object CMakeFiles/unitree_go__rosidl_typesupport_fastrtps_c.dir/rosidl_typesupport_fastrtps_c/unitree_go/msg/detail/error__type_support_c.cpp.o\x1b[0m\n'}
[10.369155] (unitree_go) StdoutLine: {'line': b'[ 33%] \x1b[32mBuilding CXX object CMakeFiles/unitree_go__rosidl_typesupport_fastrtps_c.dir/rosidl_typesupport_fastrtps_c/unitree_go/msg/detail/motor_cmd__type_support_c.cpp.o\x1b[0m\n'}
[10.379955] (cyclonedds) StdoutLine: {'line': b'[ 87%] Built target ddsc\n'}
[10.381531] (unitree_hg) StdoutLine: {'line': b'[ 81%] \x1b[32m\x1b[1mLinking CXX shared library libunitree_hg__rosidl_typesupport_cpp.so\x1b[0m\n'}
[10.381800] (unitree_go) StdoutLine: {'line': b'[ 34%] \x1b[32mBuilding CXX object CMakeFiles/unitree_go__rosidl_typesupport_fastrtps_c.dir/rosidl_typesupport_fastrtps_c/unitree_go/msg/detail/path_point__type_support_c.cpp.o\x1b[0m\n'}
[10.381923] (unitree_go) StdoutLine: {'line': b'[ 34%] \x1b[32mBuilding CXX object CMakeFiles/unitree_go__rosidl_typesupport_fastrtps_c.dir/rosidl_typesupport_fastrtps_c/unitree_go/msg/detail/motor_states__type_support_c.cpp.o\x1b[0m\n'}
[10.401817] (unitree_go) StdoutLine: {'line': b'[ 34%] \x1b[32mBuilding CXX object CMakeFiles/unitree_go__rosidl_typesupport_fastrtps_c.dir/rosidl_typesupport_fastrtps_c/unitree_go/msg/detail/res__type_support_c.cpp.o\x1b[0m\n'}
[10.403158] (unitree_go) StdoutLine: {'line': b'[ 34%] \x1b[32mBuilding CXX object CMakeFiles/unitree_go__rosidl_typesupport_fastrtps_c.dir/rosidl_typesupport_fastrtps_c/unitree_go/msg/detail/motor_state__type_support_c.cpp.o\x1b[0m\n'}
[10.404086] (unitree_go) StdoutLine: {'line': b'[ 35%] \x1b[32mBuilding CXX object CMakeFiles/unitree_go__rosidl_typesupport_fastrtps_c.dir/rosidl_typesupport_fastrtps_c/unitree_go/msg/detail/req__type_support_c.cpp.o\x1b[0m\n'}
[10.417072] (unitree_go) StdoutLine: {'line': b'[ 35%] \x1b[32mBuilding CXX object CMakeFiles/unitree_go__rosidl_typesupport_cpp.dir/rosidl_typesupport_cpp/unitree_go/msg/audio_data__type_support.cpp.o\x1b[0m\n'}
[10.429719] (cyclonedds) StdoutLine: {'line': b'[ 88%] \x1b[32mBuilding C object src/tools/idlc/CMakeFiles/idlc.dir/src/idlc.c.o\x1b[0m\n'}
[10.430073] (cyclonedds) StdoutLine: {'line': b'[ 88%] \x1b[32mBuilding C object src/security/builtin_plugins/authentication/CMakeFiles/dds_security_auth.dir/src/authentication.c.o\x1b[0m\n'}
[10.438802] (cyclonedds) StdoutLine: {'line': b'[ 88%] \x1b[32mBuilding C object src/tools/idlc/CMakeFiles/idlc.dir/src/descriptor.c.o\x1b[0m\n'}
[10.441131] (cyclonedds) StdoutLine: {'line': b'[ 89%] \x1b[32mBuilding C object src/security/builtin_plugins/cryptographic/CMakeFiles/dds_security_crypto.dir/src/crypto_cipher.c.o\x1b[0m\n'}
[10.441354] (cyclonedds) StdoutLine: {'line': b'[ 90%] \x1b[32mBuilding C object src/security/builtin_plugins/cryptographic/CMakeFiles/dds_security_crypto.dir/src/crypto_objects.c.o\x1b[0m\n'}
[10.443074] (cyclonedds) StdoutLine: {'line': b'[ 91%] \x1b[32mBuilding C object src/tools/idlc/CMakeFiles/idlc.dir/src/options.c.o\x1b[0m\n'}
[10.443260] (cyclonedds) StdoutLine: {'line': b'[ 91%] \x1b[32mBuilding C object src/security/builtin_plugins/cryptographic/CMakeFiles/dds_security_crypto.dir/src/crypto_key_exchange.c.o\x1b[0m\n'}
[10.446095] (cyclonedds) StdoutLine: {'line': b'[ 91%] \x1b[32mBuilding C object src/security/builtin_plugins/cryptographic/CMakeFiles/dds_security_crypto.dir/src/crypto_transform.c.o\x1b[0m\n'}
[10.446359] (cyclonedds) StdoutLine: {'line': b'[ 91%] \x1b[32mBuilding C object src/tools/idlc/CMakeFiles/idlc.dir/src/generator.c.o\x1b[0m\n'}
[10.452926] (cyclonedds) StdoutLine: {'line': b'[ 92%] \x1b[32mBuilding C object src/security/builtin_plugins/cryptographic/CMakeFiles/dds_security_crypto.dir/src/crypto_utils.c.o\x1b[0m\n'}
[10.456275] (cyclonedds) StdoutLine: {'line': b'[ 91%] \x1b[32mBuilding C object src/security/builtin_plugins/authentication/CMakeFiles/dds_security_auth.dir/__/__/openssl/src/openssl_support.c.o\x1b[0m\n'}
[10.457300] (cyclonedds) StdoutLine: {'line': b'[ 92%] \x1b[32mBuilding C object src/tools/idlc/CMakeFiles/idlc.dir/src/descriptor_type_meta.c.o\x1b[0m\n'}
[10.457689] (cyclonedds) StdoutLine: {'line': b'[ 92%] \x1b[32mBuilding C object src/security/builtin_plugins/cryptographic/CMakeFiles/dds_security_crypto.dir/src/crypto_key_factory.c.o\x1b[0m\n'}
[10.459244] (cyclonedds) StdoutLine: {'line': b'[ 93%] \x1b[32mBuilding C object src/tools/idlc/CMakeFiles/idlc.dir/src/types.c.o\x1b[0m\n'}
[10.461204] (cyclonedds) StdoutLine: {'line': b'[ 92%] \x1b[32mBuilding C object src/security/builtin_plugins/access_control/CMakeFiles/dds_security_ac.dir/src/access_control_parser.c.o\x1b[0m\n'}
[10.463459] (cyclonedds) StdoutLine: {'line': b'[ 94%] \x1b[32mBuilding C object src/security/builtin_plugins/authentication/CMakeFiles/dds_security_auth.dir/src/auth_utils.c.o\x1b[0m\n'}
[10.463623] (cyclonedds) StdoutLine: {'line': b'[ 94%] \x1b[32mBuilding C object src/security/builtin_plugins/cryptographic/CMakeFiles/dds_security_crypto.dir/src/cryptography.c.o\x1b[0m\n'}
[10.464776] (-) TimerEvent: {}
[10.465836] (cyclonedds) StdoutLine: {'line': b'[ 95%] \x1b[32mBuilding C object src/security/builtin_plugins/access_control/CMakeFiles/dds_security_ac.dir/src/access_control_utils.c.o\x1b[0m\n'}
[10.467685] (cyclonedds) StdoutLine: {'line': b'[ 95%] \x1b[32mBuilding C object src/security/builtin_plugins/access_control/CMakeFiles/dds_security_ac.dir/src/access_control_objects.c.o\x1b[0m\n'}
[10.483232] (cyclonedds) StdoutLine: {'line': b'[ 95%] \x1b[32mBuilding C object src/security/builtin_plugins/access_control/CMakeFiles/dds_security_ac.dir/src/access_control.c.o\x1b[0m\n'}
[10.487756] (cyclonedds) StdoutLine: {'line': b'[ 95%] \x1b[32mBuilding C object src/security/builtin_plugins/cryptographic/CMakeFiles/dds_security_crypto.dir/__/__/openssl/src/openssl_support.c.o\x1b[0m\n'}
[10.517802] (cyclonedds) StdoutLine: {'line': b'[ 95%] \x1b[32mBuilding C object src/tools/idlc/CMakeFiles/idlc.dir/src/plugin.c.o\x1b[0m\n'}
[10.567109] (-) TimerEvent: {}
[10.590184] (unitree_hg) StdoutLine: {'line': b'[ 81%] Built target unitree_hg__rosidl_typesupport_cpp\n'}
[10.623690] (ros2_unitree_legged_msgs) StdoutLine: {'line': b'[ 72%] \x1b[32m\x1b[1mLinking CXX shared library libros2_unitree_legged_msgs__rosidl_typesupport_fastrtps_c.so\x1b[0m\n'}
[10.667231] (-) TimerEvent: {}
[10.711769] (cyclonedds) StdoutLine: {'line': b'[ 95%] \x1b[32mBuilding C object src/security/builtin_plugins/access_control/CMakeFiles/dds_security_ac.dir/__/__/openssl/src/openssl_support.c.o\x1b[0m\n'}
[10.767364] (-) TimerEvent: {}
[10.792433] (ros2_unitree_legged_msgs) StdoutLine: {'line': b'[ 72%] Built target ros2_unitree_legged_msgs__rosidl_typesupport_fastrtps_c\n'}
[10.809589] (unitree_api) StdoutLine: {'line': b'[ 81%] \x1b[32m\x1b[1mLinking CXX shared library libunitree_api__rosidl_typesupport_fastrtps_cpp.so\x1b[0m\n'}
[10.825520] (unitree_go) StdoutLine: {'line': b'[ 36%] \x1b[32mBuilding CXX object CMakeFiles/unitree_go__rosidl_typesupport_cpp.dir/rosidl_typesupport_cpp/unitree_go/msg/bms_cmd__type_support.cpp.o\x1b[0m\n'}
[10.826598] (unitree_go) StdoutLine: {'line': b'[ 37%] \x1b[32mBuilding CXX object CMakeFiles/unitree_go__rosidl_typesupport_fastrtps_c.dir/rosidl_typesupport_fastrtps_c/unitree_go/msg/detail/sport_mode_cmd__type_support_c.cpp.o\x1b[0m\n'}
[10.867486] (-) TimerEvent: {}
[10.917354] (unitree_hg) StdoutLine: {'line': b'[ 82%] \x1b[32m\x1b[1mLinking CXX shared library libunitree_hg__rosidl_typesupport_fastrtps_cpp.so\x1b[0m\n'}
[10.958170] (unitree_go) StdoutLine: {'line': b'[ 37%] \x1b[32mBuilding CXX object CMakeFiles/unitree_go__rosidl_typesupport_fastrtps_c.dir/rosidl_typesupport_fastrtps_c/unitree_go/msg/detail/sport_mode_state__type_support_c.cpp.o\x1b[0m\n'}
[10.967612] (-) TimerEvent: {}
[11.041686] (unitree_go) StdoutLine: {'line': b'[ 38%] \x1b[32mBuilding CXX object CMakeFiles/unitree_go__rosidl_typesupport_fastrtps_c.dir/rosidl_typesupport_fastrtps_c/unitree_go/msg/detail/time_spec__type_support_c.cpp.o\x1b[0m\n'}
[11.048205] (unitree_go) StdoutLine: {'line': b'[ 38%] \x1b[32mBuilding CXX object CMakeFiles/unitree_go__rosidl_typesupport_fastrtps_c.dir/rosidl_typesupport_fastrtps_c/unitree_go/msg/detail/uwb_state__type_support_c.cpp.o\x1b[0m\n'}
[11.067739] (-) TimerEvent: {}
[11.117836] (unitree_hg) StdoutLine: {'line': b'[ 82%] Built target unitree_hg__rosidl_typesupport_fastrtps_cpp\n'}
[11.118103] (unitree_api) StdoutLine: {'line': b'[ 81%] Built target unitree_api__rosidl_typesupport_fastrtps_cpp\n'}
[11.167872] (-) TimerEvent: {}
[11.198687] (unitree_go) StdoutLine: {'line': b'[ 38%] \x1b[32mBuilding CXX object CMakeFiles/unitree_go__rosidl_typesupport_cpp.dir/rosidl_typesupport_cpp/unitree_go/msg/bms_state__type_support.cpp.o\x1b[0m\n'}
[11.213020] (unitree_hg) StdoutLine: {'line': b'[ 82%] Built target unitree_hg\n'}
[11.222415] (unitree_api) StdoutLine: {'line': b'[ 81%] Built target unitree_api\n'}
[11.241104] (unitree_go) StdoutLine: {'line': b'[ 39%] \x1b[32mBuilding CXX object CMakeFiles/unitree_go__rosidl_typesupport_fastrtps_c.dir/rosidl_typesupport_fastrtps_c/unitree_go/msg/detail/uwb_switch__type_support_c.cpp.o\x1b[0m\n'}
[11.249384] (unitree_go) StdoutLine: {'line': b'[ 39%] \x1b[32mBuilding CXX object CMakeFiles/unitree_go__rosidl_typesupport_cpp.dir/rosidl_typesupport_cpp/unitree_go/msg/imu_state__type_support.cpp.o\x1b[0m\n'}
[11.261209] (unitree_go) StdoutLine: {'line': b'[ 40%] \x1b[32mBuilding CXX object CMakeFiles/unitree_go__rosidl_typesupport_cpp.dir/rosidl_typesupport_cpp/unitree_go/msg/height_map__type_support.cpp.o\x1b[0m\n'}
[11.267982] (-) TimerEvent: {}
[11.271209] (unitree_go) StdoutLine: {'line': b'[ 40%] \x1b[32mBuilding CXX object CMakeFiles/unitree_go__rosidl_typesupport_fastrtps_c.dir/rosidl_typesupport_fastrtps_c/unitree_go/msg/detail/wireless_controller__type_support_c.cpp.o\x1b[0m\n'}
[11.288183] (unitree_go) StdoutLine: {'line': b'[ 40%] \x1b[32mBuilding CXX object CMakeFiles/unitree_go__rosidl_typesupport_cpp.dir/rosidl_typesupport_cpp/unitree_go/msg/go2_front_video_data__type_support.cpp.o\x1b[0m\n'}
[11.292076] (unitree_go) StdoutLine: {'line': b'[ 41%] \x1b[32mBuilding CXX object CMakeFiles/unitree_go__rosidl_typesupport_cpp.dir/rosidl_typesupport_cpp/unitree_go/msg/error__type_support.cpp.o\x1b[0m\n'}
[11.292304] (unitree_go) StdoutLine: {'line': b'[ 42%] \x1b[32mBuilding CXX object CMakeFiles/unitree_go__rosidl_typesupport_cpp.dir/rosidl_typesupport_cpp/unitree_go/msg/interface_config__type_support.cpp.o\x1b[0m\n'}
[11.308471] (unitree_api) StdoutLine: {'line': b'[ 82%] \x1b[34m\x1b[1mGenerating Python code for ROS interfaces\x1b[0m\n'}
[11.342197] (unitree_hg) StdoutLine: {'line': b'[ 83%] \x1b[34m\x1b[1mGenerating Python code for ROS interfaces\x1b[0m\n'}
[11.362287] (unitree_go) StdoutLine: {'line': b'[ 43%] \x1b[32mBuilding CXX object CMakeFiles/unitree_go__rosidl_typesupport_cpp.dir/rosidl_typesupport_cpp/unitree_go/msg/low_cmd__type_support.cpp.o\x1b[0m\n'}
[11.368106] (-) TimerEvent: {}
[11.368872] (unitree_go) StdoutLine: {'line': b'[ 43%] \x1b[32mBuilding CXX object CMakeFiles/unitree_go__rosidl_typesupport_cpp.dir/rosidl_typesupport_cpp/unitree_go/msg/lidar_state__type_support.cpp.o\x1b[0m\n'}
[11.408701] (ros2_unitree_legged_msgs) StdoutLine: {'line': b'[ 74%] \x1b[32mBuilding CXX object CMakeFiles/ros2_unitree_legged_msgs__rosidl_typesupport_fastrtps_cpp.dir/rosidl_typesupport_fastrtps_cpp/ros2_unitree_legged_msgs/msg/detail/dds_fastrtps/bms_cmd__type_support.cpp.o\x1b[0m\n'}
[11.409074] (ros2_unitree_legged_msgs) StdoutLine: {'line': b'[ 74%] \x1b[32mBuilding CXX object CMakeFiles/ros2_unitree_legged_msgs__rosidl_typesupport_fastrtps_cpp.dir/rosidl_typesupport_fastrtps_cpp/ros2_unitree_legged_msgs/msg/detail/dds_fastrtps/motor_state__type_support.cpp.o\x1b[0m\n'}
[11.410202] (ros2_unitree_legged_msgs) StdoutLine: {'line': b'[ 75%] \x1b[32mBuilding CXX object CMakeFiles/ros2_unitree_legged_msgs__rosidl_typesupport_fastrtps_cpp.dir/rosidl_typesupport_fastrtps_cpp/ros2_unitree_legged_msgs/msg/detail/dds_fastrtps/motor_cmd__type_support.cpp.o\x1b[0m\n'}
[11.419176] (ros2_unitree_legged_msgs) StdoutLine: {'line': b'[ 76%] \x1b[32mBuilding CXX object CMakeFiles/ros2_unitree_legged_msgs__rosidl_typesupport_fastrtps_cpp.dir/rosidl_typesupport_fastrtps_cpp/ros2_unitree_legged_msgs/msg/detail/dds_fastrtps/cartesian__type_support.cpp.o\x1b[0m\n'}
[11.419419] (ros2_unitree_legged_msgs) StdoutLine: {'line': b'[ 77%] \x1b[32mBuilding CXX object CMakeFiles/ros2_unitree_legged_msgs__rosidl_typesupport_fastrtps_cpp.dir/rosidl_typesupport_fastrtps_cpp/ros2_unitree_legged_msgs/msg/detail/dds_fastrtps/bms_state__type_support.cpp.o\x1b[0m\n'}
[11.427203] (ros2_unitree_legged_msgs) StdoutLine: {'line': b'[ 78%] \x1b[32mBuilding CXX object CMakeFiles/ros2_unitree_legged_msgs__rosidl_typesupport_fastrtps_cpp.dir/rosidl_typesupport_fastrtps_cpp/ros2_unitree_legged_msgs/msg/detail/dds_fastrtps/low_state__type_support.cpp.o\x1b[0m\n'}
[11.434531] (unitree_go) StdoutLine: {'line': b'[ 43%] \x1b[32mBuilding CXX object CMakeFiles/unitree_go__rosidl_typesupport_cpp.dir/rosidl_typesupport_cpp/unitree_go/msg/motor_cmd__type_support.cpp.o\x1b[0m\n'}
[11.434946] (unitree_go) StdoutLine: {'line': b'[ 43%] \x1b[32mBuilding CXX object CMakeFiles/unitree_go__rosidl_typesupport_cpp.dir/rosidl_typesupport_cpp/unitree_go/msg/low_state__type_support.cpp.o\x1b[0m\n'}
[11.441226] (ros2_unitree_legged_msgs) StdoutLine: {'line': b'[ 79%] \x1b[32mBuilding CXX object CMakeFiles/ros2_unitree_legged_msgs__rosidl_typesupport_fastrtps_cpp.dir/rosidl_typesupport_fastrtps_cpp/ros2_unitree_legged_msgs/msg/detail/dds_fastrtps/high_state__type_support.cpp.o\x1b[0m\n'}
[11.441496] (ros2_unitree_legged_msgs) StdoutLine: {'line': b'[ 80%] \x1b[32mBuilding CXX object CMakeFiles/ros2_unitree_legged_msgs__rosidl_typesupport_fastrtps_cpp.dir/rosidl_typesupport_fastrtps_cpp/ros2_unitree_legged_msgs/msg/detail/dds_fastrtps/imu__type_support.cpp.o\x1b[0m\n'}
[11.452263] (ros2_unitree_legged_msgs) StdoutLine: {'line': b'[ 81%] \x1b[32mBuilding CXX object CMakeFiles/ros2_unitree_legged_msgs__rosidl_typesupport_fastrtps_cpp.dir/rosidl_typesupport_fastrtps_cpp/ros2_unitree_legged_msgs/msg/detail/dds_fastrtps/low_cmd__type_support.cpp.o\x1b[0m\n'}
[11.456257] (ros2_unitree_legged_msgs) StdoutLine: {'line': b'[ 81%] \x1b[32mBuilding CXX object CMakeFiles/ros2_unitree_legged_msgs__rosidl_typesupport_fastrtps_cpp.dir/rosidl_typesupport_fastrtps_cpp/ros2_unitree_legged_msgs/msg/detail/dds_fastrtps/high_cmd__type_support.cpp.o\x1b[0m\n'}
[11.465841] (ros2_unitree_legged_msgs) StdoutLine: {'line': b'[ 82%] \x1b[32mBuilding CXX object CMakeFiles/ros2_unitree_legged_msgs__rosidl_typesupport_fastrtps_cpp.dir/rosidl_typesupport_fastrtps_cpp/ros2_unitree_legged_msgs/msg/detail/dds_fastrtps/led__type_support.cpp.o\x1b[0m\n'}
[11.468224] (-) TimerEvent: {}
[11.519176] (unitree_go) StdoutLine: {'line': b'[ 44%] \x1b[32mBuilding CXX object CMakeFiles/unitree_go__rosidl_typesupport_cpp.dir/rosidl_typesupport_cpp/unitree_go/msg/motor_cmds__type_support.cpp.o\x1b[0m\n'}
[11.520239] (unitree_go) StdoutLine: {'line': b'[ 44%] \x1b[32mBuilding CXX object CMakeFiles/unitree_go__rosidl_typesupport_cpp.dir/rosidl_typesupport_cpp/unitree_go/msg/motor_state__type_support.cpp.o\x1b[0m\n'}
[11.568346] (-) TimerEvent: {}
[11.669057] (-) TimerEvent: {}
[11.753571] (unitree_go) StdoutLine: {'line': b'[ 45%] \x1b[32mBuilding CXX object CMakeFiles/unitree_go__rosidl_typesupport_cpp.dir/rosidl_typesupport_cpp/unitree_go/msg/motor_states__type_support.cpp.o\x1b[0m\n'}
[11.769159] (-) TimerEvent: {}
[11.775421] (unitree_go) StdoutLine: {'line': b'[ 45%] \x1b[32mBuilding CXX object CMakeFiles/unitree_go__rosidl_typesupport_cpp.dir/rosidl_typesupport_cpp/unitree_go/msg/path_point__type_support.cpp.o\x1b[0m\n'}
[11.824120] (cyclonedds) StdoutLine: {'line': b'[ 95%] \x1b[32m\x1b[1mLinking C executable ../../../bin/idlc\x1b[0m\n'}
[11.830091] (unitree_go) StdoutLine: {'line': b'[ 46%] \x1b[32mBuilding CXX object CMakeFiles/unitree_go__rosidl_typesupport_cpp.dir/rosidl_typesupport_cpp/unitree_go/msg/req__type_support.cpp.o\x1b[0m\n'}
[11.849292] (unitree_go) StdoutLine: {'line': b'[ 46%] \x1b[32mBuilding CXX object CMakeFiles/unitree_go__rosidl_typesupport_cpp.dir/rosidl_typesupport_cpp/unitree_go/msg/res__type_support.cpp.o\x1b[0m\n'}
[11.869282] (-) TimerEvent: {}
[11.880969] (unitree_go) StdoutLine: {'line': b'[ 47%] \x1b[32mBuilding CXX object CMakeFiles/unitree_go__rosidl_typesupport_cpp.dir/rosidl_typesupport_cpp/unitree_go/msg/sport_mode_cmd__type_support.cpp.o\x1b[0m\n'}
[11.903757] (unitree_go) StdoutLine: {'line': b'[ 47%] \x1b[32mBuilding CXX object CMakeFiles/unitree_go__rosidl_typesupport_cpp.dir/rosidl_typesupport_cpp/unitree_go/msg/sport_mode_state__type_support.cpp.o\x1b[0m\n'}
[11.936112] (unitree_go) StdoutLine: {'line': b'[ 48%] \x1b[32mBuilding CXX object CMakeFiles/unitree_go__rosidl_typesupport_cpp.dir/rosidl_typesupport_cpp/unitree_go/msg/time_spec__type_support.cpp.o\x1b[0m\n'}
[11.945820] (unitree_go) StdoutLine: {'line': b'[ 48%] \x1b[32mBuilding CXX object CMakeFiles/unitree_go__rosidl_typesupport_cpp.dir/rosidl_typesupport_cpp/unitree_go/msg/uwb_state__type_support.cpp.o\x1b[0m\n'}
[11.967141] (cyclonedds) StdoutLine: {'line': b'[ 96%] \x1b[32m\x1b[1mLinking C shared library ../../../../lib/libdds_security_crypto.so\x1b[0m\n'}
[11.968924] (unitree_go) StdoutLine: {'line': b'[ 48%] \x1b[32mBuilding CXX object CMakeFiles/unitree_go__rosidl_typesupport_c.dir/rosidl_typesupport_c/unitree_go/msg/audio_data__type_support.cpp.o\x1b[0m\n'}
[11.969340] (-) TimerEvent: {}
[11.983201] (unitree_go) StdoutLine: {'line': b'[ 49%] \x1b[32mBuilding CXX object CMakeFiles/unitree_go__rosidl_typesupport_c.dir/rosidl_typesupport_c/unitree_go/msg/bms_cmd__type_support.cpp.o\x1b[0m\n'}
[12.002211] (cyclonedds) StdoutLine: {'line': b'[ 96%] \x1b[32m\x1b[1mLinking C shared library ../../../../lib/libdds_security_auth.so\x1b[0m\n'}
[12.031521] (unitree_go) StdoutLine: {'line': b'[ 49%] \x1b[32mBuilding CXX object CMakeFiles/unitree_go__rosidl_typesupport_c.dir/rosidl_typesupport_c/unitree_go/msg/bms_state__type_support.cpp.o\x1b[0m\n'}
[12.032134] (unitree_go) StdoutLine: {'line': b'[ 50%] \x1b[32mBuilding CXX object CMakeFiles/unitree_go__rosidl_typesupport_cpp.dir/rosidl_typesupport_cpp/unitree_go/msg/uwb_switch__type_support.cpp.o\x1b[0m\n'}
[12.050609] (unitree_go) StdoutLine: {'line': b'[ 50%] \x1b[32mBuilding CXX object CMakeFiles/unitree_go__rosidl_typesupport_cpp.dir/rosidl_typesupport_cpp/unitree_go/msg/wireless_controller__type_support.cpp.o\x1b[0m\n'}
[12.058699] (unitree_go) StdoutLine: {'line': b'[ 51%] \x1b[32mBuilding CXX object CMakeFiles/unitree_go__rosidl_typesupport_c.dir/rosidl_typesupport_c/unitree_go/msg/error__type_support.cpp.o\x1b[0m\n'}
[12.069470] (-) TimerEvent: {}
[12.107509] (cyclonedds) StdoutLine: {'line': b'[ 96%] Built target dds_security_crypto\n'}
[12.124840] (unitree_go) StdoutLine: {'line': b'[ 51%] \x1b[32mBuilding CXX object CMakeFiles/unitree_go__rosidl_typesupport_c.dir/rosidl_typesupport_c/unitree_go/msg/go2_front_video_data__type_support.cpp.o\x1b[0m\n'}
[12.131307] (cyclonedds) StdoutLine: {'line': b'[ 96%] Built target idlc\n'}
[12.136919] (unitree_go) StdoutLine: {'line': b'[ 52%] \x1b[32mBuilding CXX object CMakeFiles/unitree_go__rosidl_typesupport_c.dir/rosidl_typesupport_c/unitree_go/msg/height_map__type_support.cpp.o\x1b[0m\n'}
[12.150073] (unitree_go) StdoutLine: {'line': b'[ 52%] \x1b[32mBuilding CXX object CMakeFiles/unitree_go__rosidl_typesupport_c.dir/rosidl_typesupport_c/unitree_go/msg/imu_state__type_support.cpp.o\x1b[0m\n'}
[12.163295] (cyclonedds) StdoutLine: {'line': b'[ 96%] Built target dds_security_auth\n'}
[12.163996] (cyclonedds) StdoutLine: {'line': b'[ 96%] \x1b[34m\x1b[1mGenerating ddsperf_types.c, ddsperf_types.h\x1b[0m\n'}
[12.169577] (-) TimerEvent: {}
[12.171863] (unitree_go) StdoutLine: {'line': b'[ 53%] \x1b[32mBuilding CXX object CMakeFiles/unitree_go__rosidl_typesupport_c.dir/rosidl_typesupport_c/unitree_go/msg/interface_config__type_support.cpp.o\x1b[0m\n'}
[12.189349] (cyclonedds) StdoutLine: {'line': b'[ 96%] Built target ddsperf_types_generate\n'}
[12.204130] (cyclonedds) StdoutLine: {'line': b'[ 96%] \x1b[32mBuilding C object src/tools/ddsperf/CMakeFiles/ddsperf.dir/ddsperf.c.o\x1b[0m\n'}
[12.205389] (cyclonedds) StdoutLine: {'line': b'[ 97%] \x1b[32mBuilding C object src/tools/ddsperf/CMakeFiles/ddsperf.dir/cputime.c.o\x1b[0m\n'}
[12.208391] (cyclonedds) StdoutLine: {'line': b'[ 97%] \x1b[32mBuilding C object src/tools/ddsperf/CMakeFiles/ddsperf.dir/netload.c.o\x1b[0m\n'}
[12.209983] (cyclonedds) StdoutLine: {'line': b'[ 98%] \x1b[32mBuilding C object src/tools/ddsperf/CMakeFiles/ddsperf.dir/ddsperf_types.c.o\x1b[0m\n'}
[12.210186] (cyclonedds) StdoutLine: {'line': b'[ 98%] \x1b[32mBuilding C object src/tools/ddsperf/CMakeFiles/ddsperf.dir/async_listener.c.o\x1b[0m\n'}
[12.221430] (unitree_go) StdoutLine: {'line': b'[ 53%] \x1b[32mBuilding CXX object CMakeFiles/unitree_go__rosidl_typesupport_c.dir/rosidl_typesupport_c/unitree_go/msg/lidar_state__type_support.cpp.o\x1b[0m\n'}
[12.229262] (unitree_go) StdoutLine: {'line': b'[ 54%] \x1b[32mBuilding CXX object CMakeFiles/unitree_go__rosidl_typesupport_c.dir/rosidl_typesupport_c/unitree_go/msg/low_cmd__type_support.cpp.o\x1b[0m\n'}
[12.255213] (unitree_go) StdoutLine: {'line': b'[ 54%] \x1b[32mBuilding CXX object CMakeFiles/unitree_go__rosidl_typesupport_c.dir/rosidl_typesupport_c/unitree_go/msg/low_state__type_support.cpp.o\x1b[0m\n'}
[12.267390] (unitree_go) StdoutLine: {'line': b'[ 54%] \x1b[32mBuilding CXX object CMakeFiles/unitree_go__rosidl_typesupport_c.dir/rosidl_typesupport_c/unitree_go/msg/motor_cmds__type_support.cpp.o\x1b[0m\n'}
[12.268983] (unitree_go) StdoutLine: {'line': b'[ 55%] \x1b[32mBuilding CXX object CMakeFiles/unitree_go__rosidl_typesupport_c.dir/rosidl_typesupport_c/unitree_go/msg/motor_cmd__type_support.cpp.o\x1b[0m\n'}
[12.269652] (-) TimerEvent: {}
[12.280237] (unitree_go) StdoutLine: {'line': b'[ 55%] \x1b[32mBuilding CXX object CMakeFiles/unitree_go__rosidl_typesupport_c.dir/rosidl_typesupport_c/unitree_go/msg/motor_state__type_support.cpp.o\x1b[0m\n'}
[12.291220] (unitree_go) StdoutLine: {'line': b'[ 56%] \x1b[32mBuilding CXX object CMakeFiles/unitree_go__rosidl_typesupport_c.dir/rosidl_typesupport_c/unitree_go/msg/motor_states__type_support.cpp.o\x1b[0m\n'}
[12.299960] (unitree_go) StdoutLine: {'line': b'[ 56%] \x1b[32mBuilding CXX object CMakeFiles/unitree_go__rosidl_typesupport_c.dir/rosidl_typesupport_c/unitree_go/msg/path_point__type_support.cpp.o\x1b[0m\n'}
[12.310183] (unitree_go) StdoutLine: {'line': b'[ 56%] \x1b[32mBuilding CXX object CMakeFiles/unitree_go__rosidl_typesupport_fastrtps_cpp.dir/rosidl_typesupport_fastrtps_cpp/unitree_go/msg/detail/dds_fastrtps/audio_data__type_support.cpp.o\x1b[0m\n'}
[12.325851] (unitree_go) StdoutLine: {'line': b'[ 57%] \x1b[32mBuilding CXX object CMakeFiles/unitree_go__rosidl_typesupport_c.dir/rosidl_typesupport_c/unitree_go/msg/sport_mode_state__type_support.cpp.o\x1b[0m\n'}
[12.326189] (unitree_go) StdoutLine: {'line': b'[ 57%] \x1b[32mBuilding CXX object CMakeFiles/unitree_go__rosidl_typesupport_c.dir/rosidl_typesupport_c/unitree_go/msg/time_spec__type_support.cpp.o\x1b[0m\n'}
[12.328367] (unitree_go) StdoutLine: {'line': b'[ 58%] \x1b[32mBuilding CXX object CMakeFiles/unitree_go__rosidl_typesupport_fastrtps_cpp.dir/rosidl_typesupport_fastrtps_cpp/unitree_go/msg/detail/dds_fastrtps/bms_cmd__type_support.cpp.o\x1b[0m\n'}
[12.334780] (unitree_go) StdoutLine: {'line': b'[ 58%] \x1b[32mBuilding CXX object CMakeFiles/unitree_go__rosidl_typesupport_c.dir/rosidl_typesupport_c/unitree_go/msg/uwb_state__type_support.cpp.o\x1b[0m\n'}
[12.335102] (unitree_go) StdoutLine: {'line': b'[ 59%] \x1b[32mBuilding CXX object CMakeFiles/unitree_go__rosidl_typesupport_c.dir/rosidl_typesupport_c/unitree_go/msg/sport_mode_cmd__type_support.cpp.o\x1b[0m\n'}
[12.335270] (unitree_go) StdoutLine: {'line': b'[ 60%] \x1b[32m\x1b[1mLinking CXX shared library libunitree_go__rosidl_typesupport_fastrtps_c.so\x1b[0m\n'}
[12.336340] (unitree_go) StdoutLine: {'line': b'[ 60%] \x1b[32mBuilding CXX object CMakeFiles/unitree_go__rosidl_typesupport_c.dir/rosidl_typesupport_c/unitree_go/msg/wireless_controller__type_support.cpp.o\x1b[0m\n'}
[12.339082] (unitree_go) StdoutLine: {'line': b'[ 60%] \x1b[32mBuilding CXX object CMakeFiles/unitree_go__rosidl_typesupport_c.dir/rosidl_typesupport_c/unitree_go/msg/res__type_support.cpp.o\x1b[0m\n'}
[12.340464] (unitree_go) StdoutLine: {'line': b'[ 61%] \x1b[32mBuilding CXX object CMakeFiles/unitree_go__rosidl_typesupport_fastrtps_cpp.dir/rosidl_typesupport_fastrtps_cpp/unitree_go/msg/detail/dds_fastrtps/error__type_support.cpp.o\x1b[0m\n'}
[12.341138] (unitree_go) StdoutLine: {'line': b'[ 61%] \x1b[32mBuilding CXX object CMakeFiles/unitree_go__rosidl_typesupport_fastrtps_cpp.dir/rosidl_typesupport_fastrtps_cpp/unitree_go/msg/detail/dds_fastrtps/go2_front_video_data__type_support.cpp.o\x1b[0m\n'}
[12.352442] (unitree_go) StdoutLine: {'line': b'[ 61%] \x1b[32mBuilding CXX object CMakeFiles/unitree_go__rosidl_typesupport_fastrtps_cpp.dir/rosidl_typesupport_fastrtps_cpp/unitree_go/msg/detail/dds_fastrtps/bms_state__type_support.cpp.o\x1b[0m\n'}
[12.356307] (unitree_go) StdoutLine: {'line': b'[ 62%] \x1b[32mBuilding CXX object CMakeFiles/unitree_go__rosidl_typesupport_c.dir/rosidl_typesupport_c/unitree_go/msg/uwb_switch__type_support.cpp.o\x1b[0m\n'}
[12.361460] (unitree_go) StdoutLine: {'line': b'[ 62%] \x1b[32mBuilding CXX object CMakeFiles/unitree_go__rosidl_typesupport_introspection_cpp.dir/rosidl_typesupport_introspection_cpp/unitree_go/msg/detail/audio_data__type_support.cpp.o\x1b[0m\n'}
[12.367552] (unitree_go) StdoutLine: {'line': b'[ 63%] \x1b[32mBuilding CXX object CMakeFiles/unitree_go__rosidl_typesupport_c.dir/rosidl_typesupport_c/unitree_go/msg/req__type_support.cpp.o\x1b[0m\n'}
[12.369804] (-) TimerEvent: {}
[12.404786] (cyclonedds) StdoutLine: {'line': b'[ 99%] \x1b[32m\x1b[1mLinking C shared library ../../../../lib/libdds_security_ac.so\x1b[0m\n'}
[12.424299] (unitree_go) StdoutLine: {'line': b'[ 64%] \x1b[32mBuilding CXX object CMakeFiles/unitree_go__rosidl_typesupport_introspection_cpp.dir/rosidl_typesupport_introspection_cpp/unitree_go/msg/detail/bms_cmd__type_support.cpp.o\x1b[0m\n'}
[12.430131] (unitree_go) StdoutLine: {'line': b'[ 64%] \x1b[32mBuilding CXX object CMakeFiles/unitree_go__rosidl_typesupport_introspection_cpp.dir/rosidl_typesupport_introspection_cpp/unitree_go/msg/detail/bms_state__type_support.cpp.o\x1b[0m\n'}
[12.444229] (unitree_go) StdoutLine: {'line': b'[ 65%] \x1b[32mBuilding CXX object CMakeFiles/unitree_go__rosidl_typesupport_introspection_cpp.dir/rosidl_typesupport_introspection_cpp/unitree_go/msg/detail/height_map__type_support.cpp.o\x1b[0m\n'}
[12.448253] (unitree_go) StdoutLine: {'line': b'[ 65%] \x1b[32mBuilding CXX object CMakeFiles/unitree_go__rosidl_typesupport_introspection_cpp.dir/rosidl_typesupport_introspection_cpp/unitree_go/msg/detail/imu_state__type_support.cpp.o\x1b[0m\n'}
[12.451140] (unitree_go) StdoutLine: {'line': b'[ 65%] \x1b[32mBuilding CXX object CMakeFiles/unitree_go__rosidl_typesupport_introspection_cpp.dir/rosidl_typesupport_introspection_cpp/unitree_go/msg/detail/lidar_state__type_support.cpp.o\x1b[0m\n'}
[12.451322] (unitree_go) StdoutLine: {'line': b'[ 66%] \x1b[32mBuilding CXX object CMakeFiles/unitree_go__rosidl_typesupport_introspection_cpp.dir/rosidl_typesupport_introspection_cpp/unitree_go/msg/detail/interface_config__type_support.cpp.o\x1b[0m\n'}
[12.451386] (unitree_go) StdoutLine: {'line': b'[ 66%] \x1b[32mBuilding CXX object CMakeFiles/unitree_go__rosidl_typesupport_fastrtps_cpp.dir/rosidl_typesupport_fastrtps_cpp/unitree_go/msg/detail/dds_fastrtps/imu_state__type_support.cpp.o\x1b[0m\n'}
[12.452984] (unitree_go) StdoutLine: {'line': b'[ 67%] \x1b[32mBuilding CXX object CMakeFiles/unitree_go__rosidl_typesupport_fastrtps_cpp.dir/rosidl_typesupport_fastrtps_cpp/unitree_go/msg/detail/dds_fastrtps/interface_config__type_support.cpp.o\x1b[0m\n'}
[12.453363] (unitree_go) StdoutLine: {'line': b'[ 67%] \x1b[32mBuilding CXX object CMakeFiles/unitree_go__rosidl_typesupport_introspection_cpp.dir/rosidl_typesupport_introspection_cpp/unitree_go/msg/detail/go2_front_video_data__type_support.cpp.o\x1b[0m\n'}
[12.453541] (unitree_go) StdoutLine: {'line': b'[ 68%] \x1b[32mBuilding CXX object CMakeFiles/unitree_go__rosidl_typesupport_introspection_cpp.dir/rosidl_typesupport_introspection_cpp/unitree_go/msg/detail/error__type_support.cpp.o\x1b[0m\n'}
[12.454548] (unitree_go) StdoutLine: {'line': b'[ 68%] \x1b[32mBuilding CXX object CMakeFiles/unitree_go__rosidl_typesupport_fastrtps_cpp.dir/rosidl_typesupport_fastrtps_cpp/unitree_go/msg/detail/dds_fastrtps/lidar_state__type_support.cpp.o\x1b[0m\n'}
[12.461226] (unitree_go) StdoutLine: {'line': b'[ 69%] \x1b[32mBuilding CXX object CMakeFiles/unitree_go__rosidl_typesupport_fastrtps_cpp.dir/rosidl_typesupport_fastrtps_cpp/unitree_go/msg/detail/dds_fastrtps/height_map__type_support.cpp.o\x1b[0m\n'}
[12.469946] (-) TimerEvent: {}
[12.472898] (unitree_go) StdoutLine: {'line': b'[ 70%] \x1b[32mBuilding CXX object CMakeFiles/unitree_go__rosidl_typesupport_introspection_cpp.dir/rosidl_typesupport_introspection_cpp/unitree_go/msg/detail/low_cmd__type_support.cpp.o\x1b[0m\n'}
[12.520892] (unitree_go) StdoutLine: {'line': b'[ 70%] Built target unitree_go__rosidl_typesupport_fastrtps_c\n'}
[12.546334] (unitree_go) StdoutLine: {'line': b'[ 71%] \x1b[32m\x1b[1mLinking CXX shared library libunitree_go__rosidl_typesupport_c.so\x1b[0m\n'}
[12.549189] (unitree_go) StdoutLine: {'line': b'[ 72%] \x1b[32mBuilding CXX object CMakeFiles/unitree_go__rosidl_typesupport_fastrtps_cpp.dir/rosidl_typesupport_fastrtps_cpp/unitree_go/msg/detail/dds_fastrtps/low_cmd__type_support.cpp.o\x1b[0m\n'}
[12.570074] (-) TimerEvent: {}
[12.649702] (unitree_go) StdoutLine: {'line': b'[ 72%] Built target unitree_go__rosidl_typesupport_c\n'}
[12.670202] (-) TimerEvent: {}
[12.678177] (unitree_go) StdoutLine: {'line': b'[ 72%] \x1b[32mBuilding CXX object CMakeFiles/unitree_go__rosidl_typesupport_introspection_cpp.dir/rosidl_typesupport_introspection_cpp/unitree_go/msg/detail/low_state__type_support.cpp.o\x1b[0m\n'}
[12.696669] (unitree_go) StdoutLine: {'line': b'[ 73%] \x1b[32m\x1b[1mLinking CXX shared library libunitree_go__rosidl_typesupport_cpp.so\x1b[0m\n'}
[12.770316] (-) TimerEvent: {}
[12.816208] (unitree_go) StdoutLine: {'line': b'[ 73%] Built target unitree_go__rosidl_typesupport_cpp\n'}
[12.829208] (unitree_go) StdoutLine: {'line': b'[ 73%] \x1b[32mBuilding CXX object CMakeFiles/unitree_go__rosidl_typesupport_introspection_cpp.dir/rosidl_typesupport_introspection_cpp/unitree_go/msg/detail/motor_cmd__type_support.cpp.o\x1b[0m\n'}
[12.835774] (unitree_go) StdoutLine: {'line': b'[ 73%] \x1b[32mBuilding CXX object CMakeFiles/unitree_go__rosidl_typesupport_fastrtps_cpp.dir/rosidl_typesupport_fastrtps_cpp/unitree_go/msg/detail/dds_fastrtps/motor_cmd__type_support.cpp.o\x1b[0m\n'}
[12.836136] (cyclonedds) StdoutLine: {'line': b'[ 99%] Built target dds_security_ac\n'}
[12.847921] (ros2_unitree_legged_msgs) StdoutLine: {'line': b'[ 83%] \x1b[32m\x1b[1mLinking CXX shared library libros2_unitree_legged_msgs__rosidl_typesupport_fastrtps_cpp.so\x1b[0m\n'}
[12.853311] (unitree_go) StdoutLine: {'line': b'[ 73%] \x1b[32mBuilding CXX object CMakeFiles/unitree_go__rosidl_typesupport_fastrtps_cpp.dir/rosidl_typesupport_fastrtps_cpp/unitree_go/msg/detail/dds_fastrtps/low_state__type_support.cpp.o\x1b[0m\n'}
[12.870420] (-) TimerEvent: {}
[12.870900] (unitree_go) StdoutLine: {'line': b'[ 74%] \x1b[32mBuilding CXX object CMakeFiles/unitree_go__rosidl_typesupport_fastrtps_cpp.dir/rosidl_typesupport_fastrtps_cpp/unitree_go/msg/detail/dds_fastrtps/motor_cmds__type_support.cpp.o\x1b[0m\n'}
[12.947879] (unitree_go) StdoutLine: {'line': b'[ 75%] \x1b[32mBuilding CXX object CMakeFiles/unitree_go__rosidl_typesupport_introspection_cpp.dir/rosidl_typesupport_introspection_cpp/unitree_go/msg/detail/motor_cmds__type_support.cpp.o\x1b[0m\n'}
[12.949070] (unitree_go) StdoutLine: {'line': b'[ 75%] \x1b[32mBuilding CXX object CMakeFiles/unitree_go__rosidl_typesupport_fastrtps_cpp.dir/rosidl_typesupport_fastrtps_cpp/unitree_go/msg/detail/dds_fastrtps/motor_state__type_support.cpp.o\x1b[0m\n'}
[12.962854] (unitree_go) StdoutLine: {'line': b'[ 75%] \x1b[32mBuilding CXX object CMakeFiles/unitree_go__rosidl_typesupport_fastrtps_cpp.dir/rosidl_typesupport_fastrtps_cpp/unitree_go/msg/detail/dds_fastrtps/path_point__type_support.cpp.o\x1b[0m\n'}
[12.965921] (unitree_go) StdoutLine: {'line': b'[ 76%] \x1b[32mBuilding CXX object CMakeFiles/unitree_go__rosidl_typesupport_fastrtps_cpp.dir/rosidl_typesupport_fastrtps_cpp/unitree_go/msg/detail/dds_fastrtps/req__type_support.cpp.o\x1b[0m\n'}
[12.970520] (-) TimerEvent: {}
[12.979445] (unitree_go) StdoutLine: {'line': b'[ 76%] \x1b[32mBuilding CXX object CMakeFiles/unitree_go__rosidl_typesupport_introspection_cpp.dir/rosidl_typesupport_introspection_cpp/unitree_go/msg/detail/motor_state__type_support.cpp.o\x1b[0m\n'}
[12.988110] (unitree_go) StdoutLine: {'line': b'[ 77%] \x1b[32mBuilding CXX object CMakeFiles/unitree_go__rosidl_typesupport_fastrtps_cpp.dir/rosidl_typesupport_fastrtps_cpp/unitree_go/msg/detail/dds_fastrtps/motor_states__type_support.cpp.o\x1b[0m\n'}
[13.015852] (ros2_unitree_legged_msgs) StdoutLine: {'line': b'[ 83%] Built target ros2_unitree_legged_msgs__rosidl_typesupport_fastrtps_cpp\n'}
[13.032810] (unitree_go) StdoutLine: {'line': b'[ 78%] \x1b[32mBuilding CXX object CMakeFiles/unitree_go__rosidl_typesupport_introspection_cpp.dir/rosidl_typesupport_introspection_cpp/unitree_go/msg/detail/motor_states__type_support.cpp.o\x1b[0m\n'}
[13.033055] (unitree_go) StdoutLine: {'line': b'[ 78%] \x1b[32mBuilding CXX object CMakeFiles/unitree_go__rosidl_typesupport_fastrtps_cpp.dir/rosidl_typesupport_fastrtps_cpp/unitree_go/msg/detail/dds_fastrtps/res__type_support.cpp.o\x1b[0m\n'}
[13.067465] (ros2_unitree_legged_msgs) StdoutLine: {'line': b'[ 83%] Built target ros2_unitree_legged_msgs\n'}
[13.070631] (-) TimerEvent: {}
[13.088573] (ros2_unitree_legged_msgs) StdoutLine: {'line': b'[ 84%] \x1b[34m\x1b[1mGenerating Python code for ROS interfaces\x1b[0m\n'}
[13.097934] (cyclonedds) StdoutLine: {'line': b'[ 99%] \x1b[32m\x1b[1mLinking C executable ../../../bin/ddsperf\x1b[0m\n'}
[13.133802] (unitree_go) StdoutLine: {'line': b'[ 79%] \x1b[32mBuilding CXX object CMakeFiles/unitree_go__rosidl_typesupport_fastrtps_cpp.dir/rosidl_typesupport_fastrtps_cpp/unitree_go/msg/detail/dds_fastrtps/sport_mode_cmd__type_support.cpp.o\x1b[0m\n'}
[13.137517] (unitree_go) StdoutLine: {'line': b'[ 79%] \x1b[32mBuilding CXX object CMakeFiles/unitree_go__rosidl_typesupport_fastrtps_cpp.dir/rosidl_typesupport_fastrtps_cpp/unitree_go/msg/detail/dds_fastrtps/sport_mode_state__type_support.cpp.o\x1b[0m\n'}
[13.156309] (unitree_go) StdoutLine: {'line': b'[ 80%] \x1b[32mBuilding CXX object CMakeFiles/unitree_go__rosidl_typesupport_fastrtps_cpp.dir/rosidl_typesupport_fastrtps_cpp/unitree_go/msg/detail/dds_fastrtps/time_spec__type_support.cpp.o\x1b[0m\n'}
[13.160888] (unitree_go) StdoutLine: {'line': b'[ 80%] \x1b[32mBuilding CXX object CMakeFiles/unitree_go__rosidl_typesupport_introspection_cpp.dir/rosidl_typesupport_introspection_cpp/unitree_go/msg/detail/path_point__type_support.cpp.o\x1b[0m\n'}
[13.170773] (-) TimerEvent: {}
[13.239269] (unitree_go) StdoutLine: {'line': b'[ 81%] \x1b[32mBuilding CXX object CMakeFiles/unitree_go__rosidl_typesupport_fastrtps_cpp.dir/rosidl_typesupport_fastrtps_cpp/unitree_go/msg/detail/dds_fastrtps/uwb_switch__type_support.cpp.o\x1b[0m\n'}
[13.240002] (unitree_go) StdoutLine: {'line': b'[ 81%] \x1b[32mBuilding CXX object CMakeFiles/unitree_go__rosidl_typesupport_fastrtps_cpp.dir/rosidl_typesupport_fastrtps_cpp/unitree_go/msg/detail/dds_fastrtps/wireless_controller__type_support.cpp.o\x1b[0m\n'}
[13.244384] (unitree_go) StdoutLine: {'line': b'[ 81%] \x1b[32mBuilding CXX object CMakeFiles/unitree_go__rosidl_typesupport_fastrtps_cpp.dir/rosidl_typesupport_fastrtps_cpp/unitree_go/msg/detail/dds_fastrtps/uwb_state__type_support.cpp.o\x1b[0m\n'}
[13.270915] (-) TimerEvent: {}
[13.343248] (cyclonedds) StdoutLine: {'line': b'[100%] Built target ddsperf\n'}
[13.371081] (-) TimerEvent: {}
[13.429590] (unitree_go) StdoutLine: {'line': b'[ 82%] \x1b[32mBuilding CXX object CMakeFiles/unitree_go__rosidl_typesupport_introspection_cpp.dir/rosidl_typesupport_introspection_cpp/unitree_go/msg/detail/req__type_support.cpp.o\x1b[0m\n'}
[13.439716] (unitree_go) StdoutLine: {'line': b'[ 83%] \x1b[32mBuilding CXX object CMakeFiles/unitree_go__rosidl_typesupport_introspection_cpp.dir/rosidl_typesupport_introspection_cpp/unitree_go/msg/detail/sport_mode_cmd__type_support.cpp.o\x1b[0m\n'}
[13.440437] (unitree_go) StdoutLine: {'line': b'[ 83%] \x1b[32mBuilding CXX object CMakeFiles/unitree_go__rosidl_typesupport_introspection_cpp.dir/rosidl_typesupport_introspection_cpp/unitree_go/msg/detail/res__type_support.cpp.o\x1b[0m\n'}
[13.447366] (cyclonedds) CommandEnded: {'returncode': 0}
[13.448094] (cyclonedds) JobProgress: {'identifier': 'cyclonedds', 'progress': 'install'}
[13.472181] (-) TimerEvent: {}
[13.476107] (cyclonedds) Command: {'cmd': ['/usr/bin/cmake', '--install', '/home/ruben/go2_deploy/workhop_rl/build/cyclonedds'], 'cwd': '/home/ruben/go2_deploy/workhop_rl/build/cyclonedds', 'env': OrderedDict([('LESSOPEN', '| /usr/bin/lesspipe %s'), ('CONDA_PROMPT_MODIFIER', ''), ('USER', 'ruben'), ('LC_TIME', 'ru_RU.UTF-8'), ('XDG_SESSION_TYPE', 'x11'), ('SHLVL', '1'), ('LD_LIBRARY_PATH', '/usr/lib/x86_64-linux-gnu/gazebo-11/plugins:/opt/ros/humble/opt/rviz_ogre_vendor/lib:/opt/ros/humble/lib/x86_64-linux-gnu:/opt/ros/humble/lib'), ('HOME', '/home/ruben'), ('CONDA_SHLVL', '0'), ('CYCLONEDDS_URI', '<CycloneDDS><Domain><General><Interfaces>\n                            <NetworkInterface name="lo" priority="default" multicast="default" />\n                        </Interfaces></General></Domain></CycloneDDS>'), ('OLDPWD', '/home/ruben/go2_deploy/workhop_rl/src'), ('DESKTOP_SESSION', 'ubuntu'), ('ROS_PYTHON_VERSION', '3'), ('GNOME_SHELL_SESSION_MODE', 'ubuntu'), ('GTK_MODULES', 'gail:atk-bridge'), ('LC_MONETARY', 'ru_RU.UTF-8'), ('SYSTEMD_EXEC_PID', '2945'), ('DBUS_SESSION_BUS_ADDRESS', 'unix:path=/run/user/1000/bus'), ('COLORTERM', 'truecolor'), ('_CE_M', ''), ('_CONDA_ROOT', '/home/ruben/miniconda3'), ('ROS_DISTRO', 'humble'), ('GTK_IM_MODULE', 'ibus'), ('LOGNAME', 'ruben'), ('_', '/usr/bin/colcon'), ('ROS_VERSION', '2'), ('XDG_SESSION_CLASS', 'user'), ('USERNAME', 'ruben'), ('TERM', 'xterm-256color'), ('GNOME_DESKTOP_SESSION_ID', 'this-is-deprecated'), ('_CE_CONDA', ''), ('ROS_LOCALHOST_ONLY', '0'), ('WINDOWPATH', '2'), ('PATH', '/opt/ros/humble/bin:/home/ruben/miniconda3/condabin:/usr/local/sbin:/usr/local/bin:/usr/sbin:/usr/bin:/sbin:/bin:/usr/games:/usr/local/games:/snap/bin:/snap/bin'), ('SESSION_MANAGER', 'local/ruben:@/tmp/.ICE-unix/2916,unix/ruben:/tmp/.ICE-unix/2916'), ('XDG_MENU_PREFIX', 'gnome-'), ('LC_ADDRESS', 'ru_RU.UTF-8'), ('GNOME_TERMINAL_SCREEN', '/org/gnome/Terminal/screen/a128e479_87a9_4f71_b049_48318ab91614'), ('XDG_RUNTIME_DIR', '/run/user/1000'), ('DISPLAY', ':1'), ('LANG', 'en_US.UTF-8'), ('XDG_CURRENT_DESKTOP', 'ubuntu:GNOME'), ('LC_TELEPHONE', 'ru_RU.UTF-8'), ('RMW_IMPLEMENTATION', 'rmw_cyclonedds_cpp'), ('XMODIFIERS', '@im=ibus'), ('XDG_SESSION_DESKTOP', 'ubuntu'), ('XAUTHORITY', '/run/user/1000/gdm/Xauthority'), ('LS_COLORS', 'rs=0:di=01;34:ln=01;36:mh=00:pi=40;33:so=01;35:do=01;35:bd=40;33;01:cd=40;33;01:or=40;31;01:mi=00:su=37;41:sg=30;43:ca=30;41:tw=30;42:ow=34;42:st=37;44:ex=01;32:*.tar=01;31:*.tgz=01;31:*.arc=01;31:*.arj=01;31:*.taz=01;31:*.lha=01;31:*.lz4=01;31:*.lzh=01;31:*.lzma=01;31:*.tlz=01;31:*.txz=01;31:*.tzo=01;31:*.t7z=01;31:*.zip=01;31:*.z=01;31:*.dz=01;31:*.gz=01;31:*.lrz=01;31:*.lz=01;31:*.lzo=01;31:*.xz=01;31:*.zst=01;31:*.tzst=01;31:*.bz2=01;31:*.bz=01;31:*.tbz=01;31:*.tbz2=01;31:*.tz=01;31:*.deb=01;31:*.rpm=01;31:*.jar=01;31:*.war=01;31:*.ear=01;31:*.sar=01;31:*.rar=01;31:*.alz=01;31:*.ace=01;31:*.zoo=01;31:*.cpio=01;31:*.7z=01;31:*.rz=01;31:*.cab=01;31:*.wim=01;31:*.swm=01;31:*.dwm=01;31:*.esd=01;31:*.jpg=01;35:*.jpeg=01;35:*.mjpg=01;35:*.mjpeg=01;35:*.gif=01;35:*.bmp=01;35:*.pbm=01;35:*.pgm=01;35:*.ppm=01;35:*.tga=01;35:*.xbm=01;35:*.xpm=01;35:*.tif=01;35:*.tiff=01;35:*.png=01;35:*.svg=01;35:*.svgz=01;35:*.mng=01;35:*.pcx=01;35:*.mov=01;35:*.mpg=01;35:*.mpeg=01;35:*.m2v=01;35:*.mkv=01;35:*.webm=01;35:*.webp=01;35:*.ogm=01;35:*.mp4=01;35:*.m4v=01;35:*.mp4v=01;35:*.vob=01;35:*.qt=01;35:*.nuv=01;35:*.wmv=01;35:*.asf=01;35:*.rm=01;35:*.rmvb=01;35:*.flc=01;35:*.avi=01;35:*.fli=01;35:*.flv=01;35:*.gl=01;35:*.dl=01;35:*.xcf=01;35:*.xwd=01;35:*.yuv=01;35:*.cgm=01;35:*.emf=01;35:*.ogv=01;35:*.ogx=01;35:*.aac=00;36:*.au=00;36:*.flac=00;36:*.m4a=00;36:*.mid=00;36:*.midi=00;36:*.mka=00;36:*.mp3=00;36:*.mpc=00;36:*.ogg=00;36:*.ra=00;36:*.wav=00;36:*.oga=00;36:*.opus=00;36:*.spx=00;36:*.xspf=00;36:'), ('GNOME_TERMINAL_SERVICE', ':1.92'), ('SSH_AGENT_LAUNCHER', 'gnome-keyring'), ('SSH_AUTH_SOCK', '/run/user/1000/keyring/ssh'), ('ROS_DOMAIN_ID', '1'), ('AMENT_PREFIX_PATH', '/opt/ros/humble'), ('CONDA_PYTHON_EXE', '/home/ruben/miniconda3/bin/python'), ('SHELL', '/bin/bash'), ('LC_NAME', 'ru_RU.UTF-8'), ('QT_ACCESSIBILITY', '1'), ('GDMSESSION', 'ubuntu'), ('Torch_DIR', '/path/to/your/libtorch'), ('LESSCLOSE', '/usr/bin/lesspipe %s %s'), ('CONDA_DEFAULT_ENV', ''), ('LC_MEASUREMENT', 'ru_RU.UTF-8'), ('GPG_AGENT_INFO', '/run/user/1000/gnupg/S.gpg-agent:0:1'), ('_CONDA_EXE', '/home/ruben/miniconda3/bin/conda'), ('LC_IDENTIFICATION', 'ru_RU.UTF-8'), ('QT_IM_MODULE', 'ibus'), ('PWD', '/home/ruben/go2_deploy/workhop_rl/build/cyclonedds'), ('XDG_CONFIG_DIRS', '/etc/xdg/xdg-ubuntu:/etc/xdg'), ('CONDA_EXE', '/home/ruben/miniconda3/bin/conda'), ('XDG_DATA_DIRS', '/usr/share/ubuntu:/usr/share/gnome:/usr/local/share/:/usr/share/:/var/lib/snapd/desktop'), ('PYTHONPATH', '/opt/ros/humble/lib/python3.10/site-packages:/opt/ros/humble/local/lib/python3.10/dist-packages'), ('LC_NUMERIC', 'ru_RU.UTF-8'), ('CONDA_PREFIX', ''), ('LC_PAPER', 'ru_RU.UTF-8'), ('COLCON', '1'), ('VTE_VERSION', '6800'), ('CMAKE_PREFIX_PATH', '/opt/ros/humble')]), 'shell': False}
[13.501004] (cyclonedds) StdoutLine: {'line': b'-- Install configuration: "RelWithDebInfo"\n'}
[13.504195] (cyclonedds) StdoutLine: {'line': b'-- Installing: /home/ruben/go2_deploy/workhop_rl/install/cyclonedds/lib/cmake/CycloneDDS/CycloneDDSConfig.cmake\n'}
[13.504414] (cyclonedds) StdoutLine: {'line': b'-- Installing: /home/ruben/go2_deploy/workhop_rl/install/cyclonedds/lib/cmake/CycloneDDS/CycloneDDSConfigVersion.cmake\n'}
[13.504495] (cyclonedds) StdoutLine: {'line': b'-- Installing: /home/ruben/go2_deploy/workhop_rl/install/cyclonedds/lib/cmake/CycloneDDS/CycloneDDSTargets.cmake\n'}
[13.504549] (cyclonedds) StdoutLine: {'line': b'-- Installing: /home/ruben/go2_deploy/workhop_rl/install/cyclonedds/lib/cmake/CycloneDDS/CycloneDDSTargets-relwithdebinfo.cmake\n'}
[13.504611] (cyclonedds) StdoutLine: {'line': b'-- Installing: /home/ruben/go2_deploy/workhop_rl/install/cyclonedds/lib/pkgconfig/CycloneDDS.pc\n'}
[13.504660] (cyclonedds) StdoutLine: {'line': b'-- Installing: /home/ruben/go2_deploy/workhop_rl/install/cyclonedds/include/idlc\n'}
[13.504706] (cyclonedds) StdoutLine: {'line': b'-- Installing: /home/ruben/go2_deploy/workhop_rl/install/cyclonedds/include/idlc/options.h\n'}
[13.504751] (cyclonedds) StdoutLine: {'line': b'-- Installing: /home/ruben/go2_deploy/workhop_rl/install/cyclonedds/include/idlc/generator.h\n'}
[13.504796] (cyclonedds) StdoutLine: {'line': b'-- Installing: /home/ruben/go2_deploy/workhop_rl/install/cyclonedds/bin/idlc\n'}
[13.514932] (cyclonedds) StdoutLine: {'line': b'-- Set runtime path of "/home/ruben/go2_deploy/workhop_rl/install/cyclonedds/bin/idlc" to "$ORIGIN/../lib"\n'}
[13.515249] (cyclonedds) StdoutLine: {'line': b'-- Installing: /home/ruben/go2_deploy/workhop_rl/install/cyclonedds/lib/cmake/CycloneDDS/idlc/Generate.cmake\n'}
[13.515616] (cyclonedds) StdoutLine: {'line': b'-- Installing: /home/ruben/go2_deploy/workhop_rl/install/cyclonedds/bin/ddsperf\n'}
[13.520751] (cyclonedds) StdoutLine: {'line': b'-- Set runtime path of "/home/ruben/go2_deploy/workhop_rl/install/cyclonedds/bin/ddsperf" to "$ORIGIN/../lib"\n'}
[13.521055] (cyclonedds) StdoutLine: {'line': b'-- Up-to-date: /home/ruben/go2_deploy/workhop_rl/install/cyclonedds/include\n'}
[13.521213] (cyclonedds) StdoutLine: {'line': b'-- Installing: /home/ruben/go2_deploy/workhop_rl/install/cyclonedds/include/dds\n'}
[13.521390] (cyclonedds) StdoutLine: {'line': b'-- Installing: /home/ruben/go2_deploy/workhop_rl/install/cyclonedds/include/dds/ddsrt\n'}
[13.521494] (cyclonedds) StdoutLine: {'line': b'-- Installing: /home/ruben/go2_deploy/workhop_rl/install/cyclonedds/include/dds/ddsrt/sync.h\n'}
[13.521593] (cyclonedds) StdoutLine: {'line': b'-- Installing: /home/ruben/go2_deploy/workhop_rl/install/cyclonedds/include/dds/ddsrt/ifaddrs.h\n'}
[13.521852] (cyclonedds) StdoutLine: {'line': b'-- Installing: /home/ruben/go2_deploy/workhop_rl/install/cyclonedds/include/dds/ddsrt/sockets\n'}
[13.521924] (cyclonedds) StdoutLine: {'line': b'-- Installing: /home/ruben/go2_deploy/workhop_rl/install/cyclonedds/include/dds/ddsrt/sockets/windows.h\n'}
[13.522003] (cyclonedds) StdoutLine: {'line': b'-- Installing: /home/ruben/go2_deploy/workhop_rl/install/cyclonedds/include/dds/ddsrt/sockets/posix.h\n'}
[13.522135] (cyclonedds) StdoutLine: {'line': b'-- Installing: /home/ruben/go2_deploy/workhop_rl/install/cyclonedds/include/dds/ddsrt/random.h\n'}
[13.522470] (cyclonedds) StdoutLine: {'line': b'-- Installing: /home/ruben/go2_deploy/workhop_rl/install/cyclonedds/include/dds/ddsrt/retcode.h\n'}
[13.522534] (cyclonedds) StdoutLine: {'line': b'-- Installing: /home/ruben/go2_deploy/workhop_rl/install/cyclonedds/include/dds/ddsrt/circlist.h\n'}
[13.522618] (cyclonedds) StdoutLine: {'line': b'-- Installing: /home/ruben/go2_deploy/workhop_rl/install/cyclonedds/include/dds/ddsrt/xmlparser.h\n'}
[13.522742] (cyclonedds) StdoutLine: {'line': b'-- Installing: /home/ruben/go2_deploy/workhop_rl/install/cyclonedds/include/dds/ddsrt/filesystem\n'}
[13.522849] (cyclonedds) StdoutLine: {'line': b'-- Installing: /home/ruben/go2_deploy/workhop_rl/install/cyclonedds/include/dds/ddsrt/filesystem/windows.h\n'}
[13.522984] (cyclonedds) StdoutLine: {'line': b'-- Installing: /home/ruben/go2_deploy/workhop_rl/install/cyclonedds/include/dds/ddsrt/filesystem/posix.h\n'}
[13.523299] (cyclonedds) StdoutLine: {'line': b'-- Installing: /home/ruben/go2_deploy/workhop_rl/install/cyclonedds/include/dds/ddsrt/fibheap.h\n'}
[13.523374] (cyclonedds) StdoutLine: {'line': b'-- Installing: /home/ruben/go2_deploy/workhop_rl/install/cyclonedds/include/dds/ddsrt/iovec.h\n'}
[13.523462] (cyclonedds) StdoutLine: {'line': b'-- Installing: /home/ruben/go2_deploy/workhop_rl/install/cyclonedds/include/dds/ddsrt/cdtors.h\n'}
[13.523584] (cyclonedds) StdoutLine: {'line': b'-- Installing: /home/ruben/go2_deploy/workhop_rl/install/cyclonedds/include/dds/ddsrt/types.h\n'}
[13.523736] (cyclonedds) StdoutLine: {'line': b'-- Installing: /home/ruben/go2_deploy/workhop_rl/install/cyclonedds/include/dds/ddsrt/arch.h\n'}
[13.523890] (cyclonedds) StdoutLine: {'line': b'-- Installing: /home/ruben/go2_deploy/workhop_rl/install/cyclonedds/include/dds/ddsrt/log.h\n'}
[13.529087] (cyclonedds) StdoutLine: {'line': b'-- Installing: /home/ruben/go2_deploy/workhop_rl/install/cyclonedds/include/dds/ddsrt/sockets.h\n'}
[13.529310] (cyclonedds) StdoutLine: {'line': b'-- Installing: /home/ruben/go2_deploy/workhop_rl/install/cyclonedds/include/dds/ddsrt/bswap.h\n'}
[13.529422] (cyclonedds) StdoutLine: {'line': b'-- Installing: /home/ruben/go2_deploy/workhop_rl/install/cyclonedds/include/dds/ddsrt/atomics\n'}
[13.529494] (cyclonedds) StdoutLine: {'line': b'-- Installing: /home/ruben/go2_deploy/workhop_rl/install/cyclonedds/include/dds/ddsrt/atomics/sun.h\n'}
[13.529561] (cyclonedds) StdoutLine: {'line': b'-- Installing: /home/ruben/go2_deploy/workhop_rl/install/cyclonedds/include/dds/ddsrt/atomics/gcc.h\n'}
[13.529623] (cyclonedds) StdoutLine: {'line': b'-- Installing: /home/ruben/go2_deploy/workhop_rl/install/cyclonedds/include/dds/ddsrt/atomics/msvc.h\n'}
[13.529684] (cyclonedds) StdoutLine: {'line': b'-- Installing: /home/ruben/go2_deploy/workhop_rl/install/cyclonedds/include/dds/ddsrt/atomics/arm.h\n'}
[13.529743] (unitree_go) StdoutLine: {'line': b'[ 83%] \x1b[32mBuilding CXX object CMakeFiles/unitree_go__rosidl_typesupport_introspection_cpp.dir/rosidl_typesupport_introspection_cpp/unitree_go/msg/detail/uwb_state__type_support.cpp.o\x1b[0m\n'}
[13.529825] (cyclonedds) StdoutLine: {'line': b'-- Installing: /home/ruben/go2_deploy/workhop_rl/install/cyclonedds/include/dds/ddsrt/mh3.h\n'}
[13.529875] (cyclonedds) StdoutLine: {'line': b'-- Installing: /home/ruben/go2_deploy/workhop_rl/install/cyclonedds/include/dds/ddsrt/threads.h\n'}
[13.529983] (cyclonedds) StdoutLine: {'line': b'-- Installing: /home/ruben/go2_deploy/workhop_rl/install/cyclonedds/include/dds/ddsrt/misc.h\n'}
[13.530102] (cyclonedds) StdoutLine: {'line': b'-- Installing: /home/ruben/go2_deploy/workhop_rl/install/cyclonedds/include/dds/ddsrt/hopscotch.h\n'}
[13.530159] (cyclonedds) StdoutLine: {'line': b'-- Installing: /home/ruben/go2_deploy/workhop_rl/install/cyclonedds/include/dds/ddsrt/filesystem.h\n'}
[13.530230] (cyclonedds) StdoutLine: {'line': b'-- Installing: /home/ruben/go2_deploy/workhop_rl/install/cyclonedds/include/dds/ddsrt/threads\n'}
[13.530276] (cyclonedds) StdoutLine: {'line': b'-- Installing: /home/ruben/go2_deploy/workhop_rl/install/cyclonedds/include/dds/ddsrt/threads/windows.h\n'}
[13.530320] (cyclonedds) StdoutLine: {'line': b'-- Installing: /home/ruben/go2_deploy/workhop_rl/install/cyclonedds/include/dds/ddsrt/threads/posix.h\n'}
[13.530369] (cyclonedds) StdoutLine: {'line': b'-- Installing: /home/ruben/go2_deploy/workhop_rl/install/cyclonedds/include/dds/ddsrt/threads/freertos.h\n'}
[13.530413] (cyclonedds) StdoutLine: {'line': b'-- Installing: /home/ruben/go2_deploy/workhop_rl/install/cyclonedds/include/dds/ddsrt/endian.h\n'}
[13.534105] (cyclonedds) StdoutLine: {'line': b'-- Installing: /home/ruben/go2_deploy/workhop_rl/install/cyclonedds/include/dds/ddsrt/static_assert.h\n'}
[13.534324] (cyclonedds) StdoutLine: {'line': b'-- Installing: /home/ruben/go2_deploy/workhop_rl/install/cyclonedds/include/dds/ddsrt/process.h\n'}
[13.534406] (cyclonedds) StdoutLine: {'line': b'-- Installing: /home/ruben/go2_deploy/workhop_rl/install/cyclonedds/include/dds/ddsrt/time\n'}
[13.534457] (cyclonedds) StdoutLine: {'line': b'-- Installing: /home/ruben/go2_deploy/workhop_rl/install/cyclonedds/include/dds/ddsrt/time/freertos.h\n'}
[13.534504] (cyclonedds) StdoutLine: {'line': b'-- Installing: /home/ruben/go2_deploy/workhop_rl/install/cyclonedds/include/dds/ddsrt/io.h\n'}
[13.534551] (unitree_go) StdoutLine: {'line': b'[ 83%] \x1b[32mBuilding CXX object CMakeFiles/unitree_go__rosidl_typesupport_introspection_cpp.dir/rosidl_typesupport_introspection_cpp/unitree_go/msg/detail/sport_mode_state__type_support.cpp.o\x1b[0m\n'}
[13.539373] (cyclonedds) StdoutLine: {'line': b'-- Installing: /home/ruben/go2_deploy/workhop_rl/install/cyclonedds/include/dds/ddsrt/rusage.h\n'}
[13.539722] (cyclonedds) StdoutLine: {'line': b'-- Installing: /home/ruben/go2_deploy/workhop_rl/install/cyclonedds/include/dds/ddsrt/expand_vars.h\n'}
[13.539835] (cyclonedds) StdoutLine: {'line': b'-- Installing: /home/ruben/go2_deploy/workhop_rl/install/cyclonedds/include/dds/ddsrt/heap.h\n'}
[13.539964] (cyclonedds) StdoutLine: {'line': b'-- Installing: /home/ruben/go2_deploy/workhop_rl/install/cyclonedds/include/dds/ddsrt/types\n'}
[13.540038] (unitree_go) StdoutLine: {'line': b'[ 83%] \x1b[32mBuilding CXX object CMakeFiles/unitree_go__rosidl_typesupport_introspection_cpp.dir/rosidl_typesupport_introspection_cpp/unitree_go/msg/detail/wireless_controller__type_support.cpp.o\x1b[0m\n'}
[13.540148] (cyclonedds) StdoutLine: {'line': b'-- Installing: /home/ruben/go2_deploy/workhop_rl/install/cyclonedds/include/dds/ddsrt/types/windows.h\n'}
[13.540293] (cyclonedds) StdoutLine: {'line': b'-- Installing: /home/ruben/go2_deploy/workhop_rl/install/cyclonedds/include/dds/ddsrt/types/vxworks.h\n'}
[13.540352] (cyclonedds) StdoutLine: {'line': b'-- Installing: /home/ruben/go2_deploy/workhop_rl/install/cyclonedds/include/dds/ddsrt/types/posix.h\n'}
[13.540435] (cyclonedds) StdoutLine: {'line': b'-- Installing: /home/ruben/go2_deploy/workhop_rl/install/cyclonedds/include/dds/ddsrt/time.h\n'}
[13.540604] (cyclonedds) StdoutLine: {'line': b'-- Installing: /home/ruben/go2_deploy/workhop_rl/install/cyclonedds/include/dds/ddsrt/atomics.h\n'}
[13.540770] (cyclonedds) StdoutLine: {'line': b'-- Installing: /home/ruben/go2_deploy/workhop_rl/install/cyclonedds/include/dds/ddsrt/environ.h\n'}
[13.541118] (cyclonedds) StdoutLine: {'line': b'-- Installing: /home/ruben/go2_deploy/workhop_rl/install/cyclonedds/include/dds/ddsrt/countargs.h\n'}
[13.541234] (cyclonedds) StdoutLine: {'line': b'-- Installing: /home/ruben/go2_deploy/workhop_rl/install/cyclonedds/include/dds/ddsrt/md5.h\n'}
[13.541309] (cyclonedds) StdoutLine: {'line': b'-- Installing: /home/ruben/go2_deploy/workhop_rl/install/cyclonedds/include/dds/ddsrt/string.h\n'}
[13.541454] (cyclonedds) StdoutLine: {'line': b'-- Installing: /home/ruben/go2_deploy/workhop_rl/install/cyclonedds/include/dds/ddsrt/attributes.h\n'}
[13.541617] (cyclonedds) StdoutLine: {'line': b'-- Installing: /home/ruben/go2_deploy/workhop_rl/install/cyclonedds/include/dds/ddsrt/strtol.h\n'}
[13.541793] (cyclonedds) StdoutLine: {'line': b'-- Installing: /home/ruben/go2_deploy/workhop_rl/install/cyclonedds/include/dds/ddsrt/strtod.h\n'}
[13.541939] (cyclonedds) StdoutLine: {'line': b'-- Installing: /home/ruben/go2_deploy/workhop_rl/install/cyclonedds/include/dds/ddsrt/netstat.h\n'}
[13.542617] (cyclonedds) StdoutLine: {'line': b'-- Installing: /home/ruben/go2_deploy/workhop_rl/install/cyclonedds/include/dds/ddsrt/avl.h\n'}
[13.542701] (cyclonedds) StdoutLine: {'line': b'-- Installing: /home/ruben/go2_deploy/workhop_rl/install/cyclonedds/include/dds/ddsrt/sched.h\n'}
[13.542750] (cyclonedds) StdoutLine: {'line': b'-- Installing: /home/ruben/go2_deploy/workhop_rl/install/cyclonedds/include/dds/ddsrt/sync\n'}
[13.542796] (cyclonedds) StdoutLine: {'line': b'-- Installing: /home/ruben/go2_deploy/workhop_rl/install/cyclonedds/include/dds/ddsrt/sync/windows.h\n'}
[13.542888] (cyclonedds) StdoutLine: {'line': b'-- Installing: /home/ruben/go2_deploy/workhop_rl/install/cyclonedds/include/dds/ddsrt/sync/posix.h\n'}
[13.542937] (cyclonedds) StdoutLine: {'line': b'-- Installing: /home/ruben/go2_deploy/workhop_rl/install/cyclonedds/include/dds/ddsrt/sync/freertos.h\n'}
[13.543022] (cyclonedds) StdoutLine: {'line': b'-- Installing: /home/ruben/go2_deploy/workhop_rl/install/cyclonedds/include/dds/ddsrt/dynlib.h\n'}
[13.547155] (unitree_go) StdoutLine: {'line': b'[ 84%] \x1b[32mBuilding CXX object CMakeFiles/unitree_go__rosidl_typesupport_introspection_cpp.dir/rosidl_typesupport_introspection_cpp/unitree_go/msg/detail/time_spec__type_support.cpp.o\x1b[0m\n'}
[13.553194] (cyclonedds) StdoutLine: {'line': b'-- Installing: /home/ruben/go2_deploy/workhop_rl/install/cyclonedds/include/dds/ddsrt/align.h\n'}
[13.553428] (cyclonedds) StdoutLine: {'line': b'-- Up-to-date: /home/ruben/go2_deploy/workhop_rl/install/cyclonedds/include\n'}
[13.553506] (cyclonedds) StdoutLine: {'line': b'-- Up-to-date: /home/ruben/go2_deploy/workhop_rl/install/cyclonedds/include/dds\n'}
[13.553575] (cyclonedds) StdoutLine: {'line': b'-- Installing: /home/ruben/go2_deploy/workhop_rl/install/cyclonedds/include/dds/features.h\n'}
[13.553634] (cyclonedds) StdoutLine: {'line': b'-- Installing: /home/ruben/go2_deploy/workhop_rl/install/cyclonedds/include/dds/config.h\n'}
[13.553690] (cyclonedds) StdoutLine: {'line': b'-- Installing: /home/ruben/go2_deploy/workhop_rl/install/cyclonedds/include/dds/version.h\n'}
[13.553744] (cyclonedds) StdoutLine: {'line': b'-- Installing: /home/ruben/go2_deploy/workhop_rl/install/cyclonedds/include/idl\n'}
[13.553798] (cyclonedds) StdoutLine: {'line': b'-- Installing: /home/ruben/go2_deploy/workhop_rl/install/cyclonedds/include/idl/retcode.h\n'}
[13.555065] (cyclonedds) StdoutLine: {'line': b'-- Installing: /home/ruben/go2_deploy/workhop_rl/install/cyclonedds/include/idl/tree.h\n'}
[13.555214] (cyclonedds) StdoutLine: {'line': b'-- Installing: /home/ruben/go2_deploy/workhop_rl/install/cyclonedds/include/idl/scope.h\n'}
[13.557167] (cyclonedds) StdoutLine: {'line': b'-- Installing: /home/ruben/go2_deploy/workhop_rl/install/cyclonedds/include/idl/file.h\n'}
[13.557448] (cyclonedds) StdoutLine: {'line': b'-- Installing: /home/ruben/go2_deploy/workhop_rl/install/cyclonedds/include/idl/string.h\n'}
[13.557561] (cyclonedds) StdoutLine: {'line': b'-- Installing: /home/ruben/go2_deploy/workhop_rl/install/cyclonedds/include/idl/visit.h\n'}
[13.557731] (cyclonedds) StdoutLine: {'line': b'-- Installing: /home/ruben/go2_deploy/workhop_rl/install/cyclonedds/include/idl/stream.h\n'}
[13.557887] (cyclonedds) StdoutLine: {'line': b'-- Installing: /home/ruben/go2_deploy/workhop_rl/install/cyclonedds/include/idl/symbol.h\n'}
[13.558000] (cyclonedds) StdoutLine: {'line': b'-- Installing: /home/ruben/go2_deploy/workhop_rl/install/cyclonedds/include/idl/expression.h\n'}
[13.558629] (cyclonedds) StdoutLine: {'line': b'-- Installing: /home/ruben/go2_deploy/workhop_rl/install/cyclonedds/include/idl/processor.h\n'}
[13.558745] (cyclonedds) StdoutLine: {'line': b'-- Installing: /home/ruben/go2_deploy/workhop_rl/install/cyclonedds/include/idl/print.h\n'}
[13.558809] (cyclonedds) StdoutLine: {'line': b'-- Up-to-date: /home/ruben/go2_deploy/workhop_rl/install/cyclonedds/include/idl\n'}
[13.558861] (cyclonedds) StdoutLine: {'line': b'-- Installing: /home/ruben/go2_deploy/workhop_rl/install/cyclonedds/include/idl/misc.h\n'}
[13.558954] (cyclonedds) StdoutLine: {'line': b'-- Installing: /home/ruben/go2_deploy/workhop_rl/install/cyclonedds/include/idl/endian.h\n'}
[13.559045] (cyclonedds) StdoutLine: {'line': b'-- Installing: /home/ruben/go2_deploy/workhop_rl/install/cyclonedds/include/idl/md5.h\n'}
[13.559106] (cyclonedds) StdoutLine: {'line': b'-- Installing: /home/ruben/go2_deploy/workhop_rl/install/cyclonedds/include/idl/attributes.h\n'}
[13.559183] (cyclonedds) StdoutLine: {'line': b'-- Installing: /home/ruben/go2_deploy/workhop_rl/install/cyclonedds/include/idl/export.h\n'}
[13.559402] (cyclonedds) StdoutLine: {'line': b'-- Installing: /home/ruben/go2_deploy/workhop_rl/install/cyclonedds/include/idl/version.h\n'}
[13.559735] (cyclonedds) StdoutLine: {'line': b'-- Installing: /home/ruben/go2_deploy/workhop_rl/install/cyclonedds/lib/libcycloneddsidl.so.0.10.5\n'}
[13.560044] (unitree_go) StdoutLine: {'line': b'[ 85%] \x1b[32mBuilding CXX object CMakeFiles/unitree_go__rosidl_typesupport_introspection_cpp.dir/rosidl_typesupport_introspection_cpp/unitree_go/msg/detail/uwb_switch__type_support.cpp.o\x1b[0m\n'}
[13.560742] (cyclonedds) StdoutLine: {'line': b'-- Installing: /home/ruben/go2_deploy/workhop_rl/install/cyclonedds/lib/libcycloneddsidl.so.0\n'}
[13.561008] (cyclonedds) StdoutLine: {'line': b'-- Set runtime path of "/home/ruben/go2_deploy/workhop_rl/install/cyclonedds/lib/libcycloneddsidl.so.0.10.5" to "$ORIGIN/../lib"\n'}
[13.561131] (cyclonedds) StdoutLine: {'line': b'-- Installing: /home/ruben/go2_deploy/workhop_rl/install/cyclonedds/lib/libcycloneddsidl.so\n'}
[13.561690] (cyclonedds) StdoutLine: {'line': b'-- Up-to-date: /home/ruben/go2_deploy/workhop_rl/install/cyclonedds/include\n'}
[13.562125] (cyclonedds) StdoutLine: {'line': b'-- Up-to-date: /home/ruben/go2_deploy/workhop_rl/install/cyclonedds/include/dds\n'}
[13.562184] (cyclonedds) StdoutLine: {'line': b'-- Installing: /home/ruben/go2_deploy/workhop_rl/install/cyclonedds/include/dds/security\n'}
[13.562243] (cyclonedds) StdoutLine: {'line': b'-- Installing: /home/ruben/go2_deploy/workhop_rl/install/cyclonedds/include/dds/security/dds_security_api_access_control.h\n'}
[13.565558] (cyclonedds) StdoutLine: {'line': b'-- Installing: /home/ruben/go2_deploy/workhop_rl/install/cyclonedds/include/dds/security/dds_security_api_defs.h\n'}
[13.565742] (cyclonedds) StdoutLine: {'line': b'-- Installing: /home/ruben/go2_deploy/workhop_rl/install/cyclonedds/include/dds/security/dds_security_api.h\n'}
[13.565810] (cyclonedds) StdoutLine: {'line': b'-- Installing: /home/ruben/go2_deploy/workhop_rl/install/cyclonedds/include/dds/security/dds_security_api_cryptography.h\n'}
[13.565860] (cyclonedds) StdoutLine: {'line': b'-- Installing: /home/ruben/go2_deploy/workhop_rl/install/cyclonedds/include/dds/security/dds_security_api_types.h\n'}
[13.565906] (cyclonedds) StdoutLine: {'line': b'-- Installing: /home/ruben/go2_deploy/workhop_rl/install/cyclonedds/include/dds/security/dds_security_api_err.h\n'}
[13.565951] (cyclonedds) StdoutLine: {'line': b'-- Installing: /home/ruben/go2_deploy/workhop_rl/install/cyclonedds/include/dds/security/dds_security_api_authentication.h\n'}
[13.565996] (cyclonedds) StdoutLine: {'line': b'-- Installing: /home/ruben/go2_deploy/workhop_rl/install/cyclonedds/include/dds/security/core/\n'}
[13.568065] (cyclonedds) StdoutLine: {'line': b'-- Installing: /home/ruben/go2_deploy/workhop_rl/install/cyclonedds/include/dds/security/core//dds_security_serialize.h\n'}
[13.571164] (cyclonedds) StdoutLine: {'line': b'-- Installing: /home/ruben/go2_deploy/workhop_rl/install/cyclonedds/include/dds/security/core//dds_security_utils.h\n'}
[13.571398] (cyclonedds) StdoutLine: {'line': b'-- Installing: /home/ruben/go2_deploy/workhop_rl/install/cyclonedds/include/dds/security/core//dds_security_plugins.h\n'}
[13.571506] (cyclonedds) StdoutLine: {'line': b'-- Installing: /home/ruben/go2_deploy/workhop_rl/install/cyclonedds/include/dds/security/core//shared_secret.h\n'}
[13.571776] (cyclonedds) StdoutLine: {'line': b'-- Installing: /home/ruben/go2_deploy/workhop_rl/install/cyclonedds/include/dds/security/core//dds_security_types.h\n'}
[13.571877] (cyclonedds) StdoutLine: {'line': b'-- Installing: /home/ruben/go2_deploy/workhop_rl/install/cyclonedds/include/dds/security/core//dds_security_fsm.h\n'}
[13.571953] (cyclonedds) StdoutLine: {'line': b'-- Installing: /home/ruben/go2_deploy/workhop_rl/install/cyclonedds/include/dds/security/core//dds_security_timed_cb.h\n'}
[13.572238] (-) TimerEvent: {}
[13.572794] (cyclonedds) StdoutLine: {'line': b'-- Installing: /home/ruben/go2_deploy/workhop_rl/install/cyclonedds/lib/libdds_security_ac.so\n'}
[13.573497] (cyclonedds) StdoutLine: {'line': b'-- Set runtime path of "/home/ruben/go2_deploy/workhop_rl/install/cyclonedds/lib/libdds_security_ac.so" to "$ORIGIN/../lib"\n'}
[13.573836] (cyclonedds) StdoutLine: {'line': b'-- Installing: /home/ruben/go2_deploy/workhop_rl/install/cyclonedds/lib/libdds_security_auth.so\n'}
[13.574534] (cyclonedds) StdoutLine: {'line': b'-- Set runtime path of "/home/ruben/go2_deploy/workhop_rl/install/cyclonedds/lib/libdds_security_auth.so" to "$ORIGIN/../lib"\n'}
[13.574846] (cyclonedds) StdoutLine: {'line': b'-- Installing: /home/ruben/go2_deploy/workhop_rl/install/cyclonedds/lib/libdds_security_crypto.so\n'}
[13.576154] (cyclonedds) StdoutLine: {'line': b'-- Set runtime path of "/home/ruben/go2_deploy/workhop_rl/install/cyclonedds/lib/libdds_security_crypto.so" to "$ORIGIN/../lib"\n'}
[13.576310] (cyclonedds) StdoutLine: {'line': b'-- Up-to-date: /home/ruben/go2_deploy/workhop_rl/install/cyclonedds/include\n'}
[13.576392] (cyclonedds) StdoutLine: {'line': b'-- Up-to-date: /home/ruben/go2_deploy/workhop_rl/install/cyclonedds/include/dds\n'}
[13.577468] (cyclonedds) StdoutLine: {'line': b'-- Installing: /home/ruben/go2_deploy/workhop_rl/install/cyclonedds/include/dds/ddsi\n'}
[13.581068] (cyclonedds) StdoutLine: {'line': b'-- Installing: /home/ruben/go2_deploy/workhop_rl/install/cyclonedds/include/dds/ddsi/ddsi_portmapping.h\n'}
[13.581246] (cyclonedds) StdoutLine: {'line': b'-- Installing: /home/ruben/go2_deploy/workhop_rl/install/cyclonedds/include/dds/ddsi/ddsi_xt_impl.h\n'}
[13.581316] (cyclonedds) StdoutLine: {'line': b'-- Installing: /home/ruben/go2_deploy/workhop_rl/install/cyclonedds/include/dds/ddsi/ddsi_deliver_locally.h\n'}
[13.581365] (cyclonedds) StdoutLine: {'line': b'-- Installing: /home/ruben/go2_deploy/workhop_rl/install/cyclonedds/include/dds/ddsi/ddsi_entity.h\n'}
[13.581413] (cyclonedds) StdoutLine: {'line': b'-- Installing: /home/ruben/go2_deploy/workhop_rl/install/cyclonedds/include/dds/ddsi/ddsi_vendor.h\n'}
[13.581459] (cyclonedds) StdoutLine: {'line': b'-- Installing: /home/ruben/go2_deploy/workhop_rl/install/cyclonedds/include/dds/ddsi/q_xevent.h\n'}
[13.581565] (cyclonedds) StdoutLine: {'line': b'-- Installing: /home/ruben/go2_deploy/workhop_rl/install/cyclonedds/include/dds/ddsi/ddsi_tran.h\n'}
[13.581624] (cyclonedds) StdoutLine: {'line': b'-- Installing: /home/ruben/go2_deploy/workhop_rl/install/cyclonedds/include/dds/ddsi/ddsi_xt_typelookup.idl\n'}
[13.581670] (cyclonedds) StdoutLine: {'line': b'-- Installing: /home/ruben/go2_deploy/workhop_rl/install/cyclonedds/include/dds/ddsi/q_bitset.h\n'}
[13.581713] (cyclonedds) StdoutLine: {'line': b'-- Installing: /home/ruben/go2_deploy/workhop_rl/install/cyclonedds/include/dds/ddsi/ddsi_plist.h\n'}
[13.581793] (cyclonedds) StdoutLine: {'line': b'-- Installing: /home/ruben/go2_deploy/workhop_rl/install/cyclonedds/include/dds/ddsi/ddsi_config.h\n'}
[13.581940] (cyclonedds) StdoutLine: {'line': b'-- Installing: /home/ruben/go2_deploy/workhop_rl/install/cyclonedds/include/dds/ddsi/q_qosmatch.h\n'}
[13.582116] (cyclonedds) StdoutLine: {'line': b'-- Installing: /home/ruben/go2_deploy/workhop_rl/install/cyclonedds/include/dds/ddsi/ddsi_raweth.h\n'}
[13.582251] (cyclonedds) StdoutLine: {'line': b'-- Installing: /home/ruben/go2_deploy/workhop_rl/install/cyclonedds/include/dds/ddsi/ddsi_ipaddr.h\n'}
[13.582385] (cyclonedds) StdoutLine: {'line': b'-- Installing: /home/ruben/go2_deploy/workhop_rl/install/cyclonedds/include/dds/ddsi/q_protocol.h\n'}
[13.586156] (cyclonedds) StdoutLine: {'line': b'-- Installing: /home/ruben/go2_deploy/workhop_rl/install/cyclonedds/include/dds/ddsi/ddsi_proxy_endpoint.h\n'}
[13.590180] (cyclonedds) StdoutLine: {'line': b'-- Installing: /home/ruben/go2_deploy/workhop_rl/install/cyclonedds/include/dds/ddsi/ddsi_plist_generic.h\n'}
[13.590369] (cyclonedds) StdoutLine: {'line': b'-- Installing: /home/ruben/go2_deploy/workhop_rl/install/cyclonedds/include/dds/ddsi/q_init.h\n'}
[13.590438] (cyclonedds) StdoutLine: {'line': b'-- Installing: /home/ruben/go2_deploy/workhop_rl/install/cyclonedds/include/dds/ddsi/q_pcap.h\n'}
[13.590486] (cyclonedds) StdoutLine: {'line': b'-- Installing: /home/ruben/go2_deploy/workhop_rl/install/cyclonedds/include/dds/ddsi/ddsi_time.h\n'}
[13.590532] (cyclonedds) StdoutLine: {'line': b'-- Installing: /home/ruben/go2_deploy/workhop_rl/install/cyclonedds/include/dds/ddsi/ddsi_serdata_default.h\n'}
[13.590578] (cyclonedds) StdoutLine: {'line': b'-- Installing: /home/ruben/go2_deploy/workhop_rl/install/cyclonedds/include/dds/ddsi/ddsi_xt_typeinfo.idl\n'}
[13.590622] (cyclonedds) StdoutLine: {'line': b'-- Installing: /home/ruben/go2_deploy/workhop_rl/install/cyclonedds/include/dds/ddsi/ddsi_iid.h\n'}
[13.590666] (cyclonedds) StdoutLine: {'line': b'-- Installing: /home/ruben/go2_deploy/workhop_rl/install/cyclonedds/include/dds/ddsi/ddsi_xt_typeinfo.h\n'}
[13.590723] (cyclonedds) StdoutLine: {'line': b'-- Installing: /home/ruben/go2_deploy/workhop_rl/install/cyclonedds/include/dds/ddsi/q_lat_estim.h\n'}
[13.590768] (cyclonedds) StdoutLine: {'line': b'-- Installing: /home/ruben/go2_deploy/workhop_rl/install/cyclonedds/include/dds/ddsi/ddsi_security_omg.h\n'}
[13.590812] (cyclonedds) StdoutLine: {'line': b'-- Installing: /home/ruben/go2_deploy/workhop_rl/install/cyclonedds/include/dds/ddsi/ddsi_locator.h\n'}
[13.590855] (cyclonedds) StdoutLine: {'line': b'-- Installing: /home/ruben/go2_deploy/workhop_rl/install/cyclonedds/include/dds/ddsi/q_xmsg.h\n'}
[13.590899] (cyclonedds) StdoutLine: {'line': b'-- Installing: /home/ruben/go2_deploy/workhop_rl/install/cyclonedds/include/dds/ddsi/ddsi_typelookup.h\n'}
[13.590942] (cyclonedds) StdoutLine: {'line': b'-- Installing: /home/ruben/go2_deploy/workhop_rl/install/cyclonedds/include/dds/ddsi/q_hbcontrol.h\n'}
[13.590986] (cyclonedds) StdoutLine: {'line': b'-- Installing: /home/ruben/go2_deploy/workhop_rl/install/cyclonedds/include/dds/ddsi/q_log.h\n'}
[13.591042] (cyclonedds) StdoutLine: {'line': b'-- Installing: /home/ruben/go2_deploy/workhop_rl/install/cyclonedds/include/dds/ddsi/q_debmon.h\n'}
[13.591095] (cyclonedds) StdoutLine: {'line': b'-- Installing: /home/ruben/go2_deploy/workhop_rl/install/cyclonedds/include/dds/ddsi/ddsi_serdata.h\n'}
[13.591138] (cyclonedds) StdoutLine: {'line': b'-- Installing: /home/ruben/go2_deploy/workhop_rl/install/cyclonedds/include/dds/ddsi/ddsi_cdrstream.h\n'}
[13.591181] (cyclonedds) StdoutLine: {'line': b'-- Installing: /home/ruben/go2_deploy/workhop_rl/install/cyclonedds/include/dds/ddsi/ddsi_xt_typemap.idl\n'}
[13.591224] (cyclonedds) StdoutLine: {'line': b'-- Installing: /home/ruben/go2_deploy/workhop_rl/install/cyclonedds/include/dds/ddsi/q_misc.h\n'}
[13.593143] (cyclonedds) StdoutLine: {'line': b'-- Installing: /home/ruben/go2_deploy/workhop_rl/install/cyclonedds/include/dds/ddsi/q_rtps.h\n'}
[13.593384] (cyclonedds) StdoutLine: {'line': b'-- Installing: /home/ruben/go2_deploy/workhop_rl/install/cyclonedds/include/dds/ddsi/q_bswap.h\n'}
[13.593537] (cyclonedds) StdoutLine: {'line': b'-- Installing: /home/ruben/go2_deploy/workhop_rl/install/cyclonedds/include/dds/ddsi/ddsi_udp.h\n'}
[13.593716] (cyclonedds) StdoutLine: {'line': b'-- Installing: /home/ruben/go2_deploy/workhop_rl/install/cyclonedds/include/dds/ddsi/ddsi_serdata_plist.h\n'}
[13.593858] (cyclonedds) StdoutLine: {'line': b'-- Installing: /home/ruben/go2_deploy/workhop_rl/install/cyclonedds/include/dds/ddsi/ddsi_mcgroup.h\n'}
[13.594000] (cyclonedds) StdoutLine: {'line': b'-- Installing: /home/ruben/go2_deploy/workhop_rl/install/cyclonedds/include/dds/ddsi/ddsi_typelib.h\n'}
[13.594184] (cyclonedds) StdoutLine: {'line': b'-- Installing: /home/ruben/go2_deploy/workhop_rl/install/cyclonedds/include/dds/ddsi/ddsi_ownip.h\n'}
[13.594326] (cyclonedds) StdoutLine: {'line': b'-- Installing: /home/ruben/go2_deploy/workhop_rl/install/cyclonedds/include/dds/ddsi/ddsi_security_util.h\n'}
[13.594476] (cyclonedds) StdoutLine: {'line': b'-- Installing: /home/ruben/go2_deploy/workhop_rl/install/cyclonedds/include/dds/ddsi/ddsi_acknack.h\n'}
[13.594622] (cyclonedds) StdoutLine: {'line': b'-- Installing: /home/ruben/go2_deploy/workhop_rl/install/cyclonedds/include/dds/ddsi/sysdeps.h\n'}
[13.594783] (cyclonedds) StdoutLine: {'line': b'-- Installing: /home/ruben/go2_deploy/workhop_rl/install/cyclonedds/include/dds/ddsi/ddsi_domaingv.h\n'}
[13.594983] (cyclonedds) StdoutLine: {'line': b'-- Installing: /home/ruben/go2_deploy/workhop_rl/install/cyclonedds/include/dds/ddsi/q_unused.h\n'}
[13.595172] (cyclonedds) StdoutLine: {'line': b'-- Installing: /home/ruben/go2_deploy/workhop_rl/install/cyclonedds/include/dds/ddsi/q_freelist.h\n'}
[13.595341] (cyclonedds) StdoutLine: {'line': b'-- Installing: /home/ruben/go2_deploy/workhop_rl/install/cyclonedds/include/dds/ddsi/ddsi_threadmon.h\n'}
[13.595501] (cyclonedds) StdoutLine: {'line': b'-- Installing: /home/ruben/go2_deploy/workhop_rl/install/cyclonedds/include/dds/ddsi/ddsi_pmd.h\n'}
[13.595650] (cyclonedds) StdoutLine: {'line': b'-- Installing: /home/ruben/go2_deploy/workhop_rl/install/cyclonedds/include/dds/ddsi/ddsi_security_exchange.h\n'}
[13.595821] (cyclonedds) StdoutLine: {'line': b'-- Installing: /home/ruben/go2_deploy/workhop_rl/install/cyclonedds/include/dds/ddsi/q_feature_check.h\n'}
[13.595986] (cyclonedds) StdoutLine: {'line': b'-- Installing: /home/ruben/go2_deploy/workhop_rl/install/cyclonedds/include/dds/ddsi/ddsi_list_tmpl.h\n'}
[13.596184] (cyclonedds) StdoutLine: {'line': b'-- Installing: /home/ruben/go2_deploy/workhop_rl/install/cyclonedds/include/dds/ddsi/ddsi_typewrap.h\n'}
[13.596343] (cyclonedds) StdoutLine: {'line': b'-- Installing: /home/ruben/go2_deploy/workhop_rl/install/cyclonedds/include/dds/ddsi/q_addrset.h\n'}
[13.596510] (cyclonedds) StdoutLine: {'line': b'-- Installing: /home/ruben/go2_deploy/workhop_rl/install/cyclonedds/include/dds/ddsi/ddsi_cfgunits.h\n'}
[13.598139] (cyclonedds) StdoutLine: {'line': b'-- Installing: /home/ruben/go2_deploy/workhop_rl/install/cyclonedds/include/dds/ddsi/q_sockwaitset.h\n'}
[13.598337] (cyclonedds) StdoutLine: {'line': b'-- Installing: /home/ruben/go2_deploy/workhop_rl/install/cyclonedds/include/dds/ddsi/q_thread.h\n'}
[13.598512] (cyclonedds) StdoutLine: {'line': b'-- Installing: /home/ruben/go2_deploy/workhop_rl/install/cyclonedds/include/dds/ddsi/ddsi_ssl.h\n'}
[13.598665] (cyclonedds) StdoutLine: {'line': b'-- Installing: /home/ruben/go2_deploy/workhop_rl/install/cyclonedds/include/dds/ddsi/ddsi_statistics.h\n'}
[13.598833] (cyclonedds) StdoutLine: {'line': b'-- Installing: /home/ruben/go2_deploy/workhop_rl/install/cyclonedds/include/dds/ddsi/ddsi_xqos.h\n'}
[13.599038] (cyclonedds) StdoutLine: {'line': b'-- Installing: /home/ruben/go2_deploy/workhop_rl/install/cyclonedds/include/dds/ddsi/ddsi_wraddrset.h\n'}
[13.601097] (cyclonedds) StdoutLine: {'line': b'-- Installing: /home/ruben/go2_deploy/workhop_rl/install/cyclonedds/include/dds/ddsi/ddsi_entity_match.h\n'}
[13.601209] (cyclonedds) StdoutLine: {'line': b'-- Installing: /home/ruben/go2_deploy/workhop_rl/install/cyclonedds/include/dds/ddsi/ddsi_tcp.h\n'}
[13.602109] (cyclonedds) StdoutLine: {'line': b'-- Installing: /home/ruben/go2_deploy/workhop_rl/install/cyclonedds/include/dds/ddsi/ddsi_lifespan.h\n'}
[13.602322] (cyclonedds) StdoutLine: {'line': b'-- Installing: /home/ruben/go2_deploy/workhop_rl/install/cyclonedds/include/dds/ddsi/ddsi_rhc.h\n'}
[13.602487] (cyclonedds) StdoutLine: {'line': b'-- Installing: /home/ruben/go2_deploy/workhop_rl/install/cyclonedds/include/dds/ddsi/ddsi_sertopic.h\n'}
[13.602657] (cyclonedds) StdoutLine: {'line': b'-- Installing: /home/ruben/go2_deploy/workhop_rl/install/cyclonedds/include/dds/ddsi/ddsi_builtin_topic_if.h\n'}
[13.605121] (cyclonedds) StdoutLine: {'line': b'-- Installing: /home/ruben/go2_deploy/workhop_rl/install/cyclonedds/include/dds/ddsi/q_ddsi_discovery.h\n'}
[13.605245] (cyclonedds) StdoutLine: {'line': b'-- Installing: /home/ruben/go2_deploy/workhop_rl/install/cyclonedds/include/dds/ddsi/ddsi_list_genptr.h\n'}
[13.605304] (cyclonedds) StdoutLine: {'line': b'-- Installing: /home/ruben/go2_deploy/workhop_rl/install/cyclonedds/include/dds/ddsi/ddsi_entity_index.h\n'}
[13.605353] (cyclonedds) StdoutLine: {'line': b'-- Installing: /home/ruben/go2_deploy/workhop_rl/install/cyclonedds/include/dds/ddsi/ddsi_keyhash.h\n'}
[13.605399] (cyclonedds) StdoutLine: {'line': b'-- Installing: /home/ruben/go2_deploy/workhop_rl/install/cyclonedds/include/dds/ddsi/ddsi_proxy_participant.h\n'}
[13.605454] (cyclonedds) StdoutLine: {'line': b'-- Installing: /home/ruben/go2_deploy/workhop_rl/install/cyclonedds/include/dds/ddsi/ddsi_config_impl.h\n'}
[13.605502] (cyclonedds) StdoutLine: {'line': b'-- Installing: /home/ruben/go2_deploy/workhop_rl/install/cyclonedds/include/dds/ddsi/ddsi_typebuilder.h\n'}
[13.605546] (cyclonedds) StdoutLine: {'line': b'-- Installing: /home/ruben/go2_deploy/workhop_rl/install/cyclonedds/include/dds/ddsi/ddsi_endpoint.h\n'}
[13.605590] (cyclonedds) StdoutLine: {'line': b'-- Installing: /home/ruben/go2_deploy/workhop_rl/install/cyclonedds/include/dds/ddsi/ddsi_cfgelems.h\n'}
[13.605638] (cyclonedds) StdoutLine: {'line': b'-- Installing: /home/ruben/go2_deploy/workhop_rl/install/cyclonedds/include/dds/ddsi/q_inverse_uint32_set.h\n'}
[13.605682] (cyclonedds) StdoutLine: {'line': b'-- Installing: /home/ruben/go2_deploy/workhop_rl/install/cyclonedds/include/dds/ddsi/ddsi_shm_transport.h\n'}
[13.605809] (cyclonedds) StdoutLine: {'line': b'-- Installing: /home/ruben/go2_deploy/workhop_rl/install/cyclonedds/include/dds/ddsi/ddsi_guid.h\n'}
[13.605877] (unitree_api) StdoutLine: {'line': b'[ 82%] Built target unitree_api__py\n'}
[13.605979] (cyclonedds) StdoutLine: {'line': b'-- Installing: /home/ruben/go2_deploy/workhop_rl/install/cyclonedds/include/dds/ddsi/ddsi_serdata_pserop.h\n'}
[13.606061] (cyclonedds) StdoutLine: {'line': b'-- Installing: /home/ruben/go2_deploy/workhop_rl/install/cyclonedds/include/dds/ddsi/q_radmin.h\n'}
[13.606224] (cyclonedds) StdoutLine: {'line': b'-- Installing: /home/ruben/go2_deploy/workhop_rl/install/cyclonedds/include/dds/ddsi/q_whc.h\n'}
[13.606366] (cyclonedds) StdoutLine: {'line': b'-- Installing: /home/ruben/go2_deploy/workhop_rl/install/cyclonedds/include/dds/ddsi/ddsi_security_msg.h\n'}
[13.606504] (cyclonedds) StdoutLine: {'line': b'-- Installing: /home/ruben/go2_deploy/workhop_rl/install/cyclonedds/include/dds/ddsi/ddsi_participant.h\n'}
[13.609130] (cyclonedds) StdoutLine: {'line': b'-- Installing: /home/ruben/go2_deploy/workhop_rl/install/cyclonedds/include/dds/ddsi/ddsi_sertype.h\n'}
[13.609342] (cyclonedds) StdoutLine: {'line': b'-- Installing: /home/ruben/go2_deploy/workhop_rl/install/cyclonedds/include/dds/ddsi/q_lease.h\n'}
[13.609490] (cyclonedds) StdoutLine: {'line': b'-- Installing: /home/ruben/go2_deploy/workhop_rl/install/cyclonedds/include/dds/ddsi/q_gc.h\n'}
[13.609637] (cyclonedds) StdoutLine: {'line': b'-- Installing: /home/ruben/go2_deploy/workhop_rl/install/cyclonedds/include/dds/ddsi/ddsi_handshake.h\n'}
[13.609811] (cyclonedds) StdoutLine: {'line': b'-- Installing: /home/ruben/go2_deploy/workhop_rl/install/cyclonedds/include/dds/ddsi/ddsi_deadline.h\n'}
[13.609960] (cyclonedds) StdoutLine: {'line': b'-- Installing: /home/ruben/go2_deploy/workhop_rl/install/cyclonedds/include/dds/ddsi/ddsi_tkmap.h\n'}
[13.611093] (cyclonedds) StdoutLine: {'line': b'-- Installing: /home/ruben/go2_deploy/workhop_rl/install/cyclonedds/include/dds/ddsi/ddsi_vnet.h\n'}
[13.611187] (cyclonedds) StdoutLine: {'line': b'-- Installing: /home/ruben/go2_deploy/workhop_rl/install/cyclonedds/include/dds/ddsi/ddsi_topic.h\n'}
[13.611241] (cyclonedds) StdoutLine: {'line': b'-- Installing: /home/ruben/go2_deploy/workhop_rl/install/cyclonedds/include/dds/ddsi/q_transmit.h\n'}
[13.611288] (cyclonedds) StdoutLine: {'line': b'-- Installing: /home/ruben/go2_deploy/workhop_rl/install/cyclonedds/include/dds/ddsi/q_receive.h\n'}
[13.611347] (cyclonedds) StdoutLine: {'line': b'-- Installing: /home/ruben/go2_deploy/workhop_rl/install/cyclonedds/include/dds/ddsi/ddsi_xt_typelookup.h\n'}
[13.611392] (cyclonedds) StdoutLine: {'line': b'-- Installing: /home/ruben/go2_deploy/workhop_rl/install/cyclonedds/include/dds/ddsi/ddsi_xt_typemap.h\n'}
[13.611475] (cyclonedds) StdoutLine: {'line': b'-- Up-to-date: /home/ruben/go2_deploy/workhop_rl/install/cyclonedds/include\n'}
[13.611526] (cyclonedds) StdoutLine: {'line': b'-- Up-to-date: /home/ruben/go2_deploy/workhop_rl/install/cyclonedds/include/dds\n'}
[13.611571] (cyclonedds) StdoutLine: {'line': b'-- Installing: /home/ruben/go2_deploy/workhop_rl/install/cyclonedds/include/dds/ddsc\n'}
[13.611614] (cyclonedds) StdoutLine: {'line': b'-- Installing: /home/ruben/go2_deploy/workhop_rl/install/cyclonedds/include/dds/ddsc/dds_public_status.h\n'}
[13.615140] (cyclonedds) StdoutLine: {'line': b'-- Installing: /home/ruben/go2_deploy/workhop_rl/install/cyclonedds/include/dds/ddsc/dds_loan_api.h\n'}
[13.615356] (cyclonedds) StdoutLine: {'line': b'-- Installing: /home/ruben/go2_deploy/workhop_rl/install/cyclonedds/include/dds/ddsc/dds_public_qosdefs.h\n'}
[13.615472] (cyclonedds) StdoutLine: {'line': b'-- Installing: /home/ruben/go2_deploy/workhop_rl/install/cyclonedds/include/dds/ddsc/dds_statistics.h\n'}
[13.615563] (cyclonedds) StdoutLine: {'line': b'-- Installing: /home/ruben/go2_deploy/workhop_rl/install/cyclonedds/include/dds/ddsc/dds_basic_types.h\n'}
[13.615656] (cyclonedds) StdoutLine: {'line': b'-- Installing: /home/ruben/go2_deploy/workhop_rl/install/cyclonedds/include/dds/ddsc/dds_internal_api.h\n'}
[13.615769] (cyclonedds) StdoutLine: {'line': b'-- Installing: /home/ruben/go2_deploy/workhop_rl/install/cyclonedds/include/dds/ddsc/dds_public_listener.h\n'}
[13.615953] (cyclonedds) StdoutLine: {'line': b'-- Installing: /home/ruben/go2_deploy/workhop_rl/install/cyclonedds/include/dds/ddsc/dds_public_impl.h\n'}
[13.616093] (cyclonedds) StdoutLine: {'line': b'-- Installing: /home/ruben/go2_deploy/workhop_rl/install/cyclonedds/include/dds/ddsc/dds_public_error.h\n'}
[13.616198] (cyclonedds) StdoutLine: {'line': b'-- Installing: /home/ruben/go2_deploy/workhop_rl/install/cyclonedds/include/dds/ddsc/dds_opcodes.h\n'}
[13.616372] (cyclonedds) StdoutLine: {'line': b'-- Installing: /home/ruben/go2_deploy/workhop_rl/install/cyclonedds/include/dds/ddsc/dds_data_allocator.h\n'}
[13.616629] (cyclonedds) StdoutLine: {'line': b'-- Installing: /home/ruben/go2_deploy/workhop_rl/install/cyclonedds/include/dds/ddsc/dds_rhc.h\n'}
[13.616691] (cyclonedds) StdoutLine: {'line': b'-- Installing: /home/ruben/go2_deploy/workhop_rl/install/cyclonedds/include/dds/ddsc/dds_public_alloc.h\n'}
[13.616773] (cyclonedds) StdoutLine: {'line': b'-- Installing: /home/ruben/go2_deploy/workhop_rl/install/cyclonedds/include/dds/ddsc/dds_public_qos.h\n'}
[13.616930] (cyclonedds) StdoutLine: {'line': b'-- Installing: /home/ruben/go2_deploy/workhop_rl/install/cyclonedds/include/dds/dds.h\n'}
[13.617459] (cyclonedds) StdoutLine: {'line': b'-- Installing: /home/ruben/go2_deploy/workhop_rl/install/cyclonedds/include/ddsc\n'}
[13.617930] (cyclonedds) StdoutLine: {'line': b'-- Installing: /home/ruben/go2_deploy/workhop_rl/install/cyclonedds/include/ddsc/dds.h\n'}
[13.618001] (cyclonedds) StdoutLine: {'line': b'-- Up-to-date: /home/ruben/go2_deploy/workhop_rl/install/cyclonedds/include\n'}
[13.618067] (cyclonedds) StdoutLine: {'line': b'-- Up-to-date: /home/ruben/go2_deploy/workhop_rl/install/cyclonedds/include/dds\n'}
[13.618115] (cyclonedds) StdoutLine: {'line': b'-- Installing: /home/ruben/go2_deploy/workhop_rl/install/cyclonedds/include/dds/export.h\n'}
[13.621078] (cyclonedds) StdoutLine: {'line': b'-- Installing: /home/ruben/go2_deploy/workhop_rl/install/cyclonedds/lib/libddsc.so.0.10.5\n'}
[13.634137] (cyclonedds) StdoutLine: {'line': b'-- Installing: /home/ruben/go2_deploy/workhop_rl/install/cyclonedds/lib/libddsc.so.0\n'}
[13.637844] (unitree_api) StdoutLine: {'line': b'[ 84%] \x1b[32mBuilding C object CMakeFiles/unitree_api__rosidl_generator_py.dir/rosidl_generator_py/unitree_api/msg/_request_s.c.o\x1b[0m\n'}
[13.638427] (cyclonedds) StdoutLine: {'line': b'-- Set runtime path of "/home/ruben/go2_deploy/workhop_rl/install/cyclonedds/lib/libddsc.so.0.10.5" to "$ORIGIN/../lib"\n'}
[13.638635] (cyclonedds) StdoutLine: {'line': b'-- Installing: /home/ruben/go2_deploy/workhop_rl/install/cyclonedds/lib/libddsc.so\n'}
[13.640077] (cyclonedds) StdoutLine: {'line': b'-- Installing: /home/ruben/go2_deploy/workhop_rl/install/cyclonedds/share/doc/CycloneDDS/CONTRIBUTING.md\n'}
[13.640187] (cyclonedds) StdoutLine: {'line': b'-- Installing: /home/ruben/go2_deploy/workhop_rl/install/cyclonedds/share/doc/CycloneDDS/CYCLONEDDS_QUALITY_DECLARATION.md\n'}
[13.640240] (cyclonedds) StdoutLine: {'line': b'-- Installing: /home/ruben/go2_deploy/workhop_rl/install/cyclonedds/share/doc/CycloneDDS/LICENSE\n'}
[13.640289] (cyclonedds) StdoutLine: {'line': b'-- Installing: /home/ruben/go2_deploy/workhop_rl/install/cyclonedds/share/doc/CycloneDDS/NOTICE.md\n'}
[13.640379] (cyclonedds) StdoutLine: {'line': b'-- Installing: /home/ruben/go2_deploy/workhop_rl/install/cyclonedds/share/doc/CycloneDDS/README.md\n'}
[13.640442] (cyclonedds) StdoutLine: {'line': b'-- Installing: /home/ruben/go2_deploy/workhop_rl/install/cyclonedds/share/doc/CycloneDDS/CHANGELOG.rst\n'}
[13.647917] (cyclonedds) CommandEnded: {'returncode': 0}
[13.664488] (unitree_api) StdoutLine: {'line': b'[ 85%] \x1b[32mBuilding C object CMakeFiles/unitree_api__rosidl_generator_py.dir/rosidl_generator_py/unitree_api/msg/_request_header_s.c.o\x1b[0m\n'}
[13.664720] (unitree_api) StdoutLine: {'line': b'[ 86%] \x1b[32mBuilding C object CMakeFiles/unitree_api__rosidl_generator_py.dir/rosidl_generator_py/unitree_api/msg/_request_identity_s.c.o\x1b[0m\n'}
[13.671350] (unitree_api) StdoutLine: {'line': b'[ 87%] \x1b[32mBuilding C object CMakeFiles/unitree_api__rosidl_generator_py.dir/rosidl_generator_py/unitree_api/msg/_request_lease_s.c.o\x1b[0m\n'}
[13.672473] (-) TimerEvent: {}
[13.677510] (unitree_api) StdoutLine: {'line': b'[ 88%] \x1b[32mBuilding C object CMakeFiles/unitree_api__rosidl_generator_py.dir/rosidl_generator_py/unitree_api/msg/_response_header_s.c.o\x1b[0m\n'}
[13.677742] (unitree_api) StdoutLine: {'line': b'[ 89%] \x1b[32mBuilding C object CMakeFiles/unitree_api__rosidl_generator_py.dir/rosidl_generator_py/unitree_api/msg/_response_s.c.o\x1b[0m\n'}
[13.689582] (cyclonedds) JobEnded: {'identifier': 'cyclonedds', 'rc': 0}
[13.690161] (rmw_cyclonedds_cpp) JobStarted: {'identifier': 'rmw_cyclonedds_cpp'}
[13.690519] (unitree_api) StdoutLine: {'line': b'[ 90%] \x1b[32mBuilding C object CMakeFiles/unitree_api__rosidl_generator_py.dir/rosidl_generator_py/unitree_api/msg/_response_status_s.c.o\x1b[0m\n'}
[13.715688] (unitree_api) StdoutLine: {'line': b'[ 92%] \x1b[32mBuilding C object CMakeFiles/unitree_api__rosidl_generator_py.dir/rosidl_generator_py/unitree_api/msg/_request_policy_s.c.o\x1b[0m\n'}
[13.732457] (rmw_cyclonedds_cpp) JobProgress: {'identifier': 'rmw_cyclonedds_cpp', 'progress': 'cmake'}
[13.732559] (rmw_cyclonedds_cpp) Command: {'cmd': ['/usr/bin/cmake', '/home/ruben/go2_deploy/workhop_rl/src/unitree_ros2/cyclonedds_ws/src/rmw_cyclonedds/rmw_cyclonedds_cpp', '-DCMAKE_INSTALL_PREFIX=/home/ruben/go2_deploy/workhop_rl/install/rmw_cyclonedds_cpp'], 'cwd': '/home/ruben/go2_deploy/workhop_rl/build/rmw_cyclonedds_cpp', 'env': OrderedDict([('LESSOPEN', '| /usr/bin/lesspipe %s'), ('CONDA_PROMPT_MODIFIER', ''), ('USER', 'ruben'), ('LC_TIME', 'ru_RU.UTF-8'), ('XDG_SESSION_TYPE', 'x11'), ('SHLVL', '1'), ('LD_LIBRARY_PATH', '/home/ruben/go2_deploy/workhop_rl/install/cyclonedds/lib:/usr/lib/x86_64-linux-gnu/gazebo-11/plugins:/opt/ros/humble/opt/rviz_ogre_vendor/lib:/opt/ros/humble/lib/x86_64-linux-gnu:/opt/ros/humble/lib'), ('HOME', '/home/ruben'), ('CONDA_SHLVL', '0'), ('CYCLONEDDS_URI', '<CycloneDDS><Domain><General><Interfaces>\n                            <NetworkInterface name="lo" priority="default" multicast="default" />\n                        </Interfaces></General></Domain></CycloneDDS>'), ('OLDPWD', '/home/ruben/go2_deploy/workhop_rl/src'), ('DESKTOP_SESSION', 'ubuntu'), ('ROS_PYTHON_VERSION', '3'), ('GNOME_SHELL_SESSION_MODE', 'ubuntu'), ('GTK_MODULES', 'gail:atk-bridge'), ('LC_MONETARY', 'ru_RU.UTF-8'), ('SYSTEMD_EXEC_PID', '2945'), ('DBUS_SESSION_BUS_ADDRESS', 'unix:path=/run/user/1000/bus'), ('COLORTERM', 'truecolor'), ('_CE_M', ''), ('_CONDA_ROOT', '/home/ruben/miniconda3'), ('ROS_DISTRO', 'humble'), ('GTK_IM_MODULE', 'ibus'), ('LOGNAME', 'ruben'), ('_', '/usr/bin/colcon'), ('ROS_VERSION', '2'), ('XDG_SESSION_CLASS', 'user'), ('PKG_CONFIG_PATH', '/home/ruben/go2_deploy/workhop_rl/install/cyclonedds/lib/x86_64-linux-gnu/pkgconfig:/home/ruben/go2_deploy/workhop_rl/install/cyclonedds/lib/pkgconfig'), ('USERNAME', 'ruben'), ('TERM', 'xterm-256color'), ('GNOME_DESKTOP_SESSION_ID', 'this-is-deprecated'), ('_CE_CONDA', ''), ('ROS_LOCALHOST_ONLY', '0'), ('WINDOWPATH', '2'), ('PATH', '/home/ruben/go2_deploy/workhop_rl/install/cyclonedds/bin:/opt/ros/humble/bin:/home/ruben/miniconda3/condabin:/usr/local/sbin:/usr/local/bin:/usr/sbin:/usr/bin:/sbin:/bin:/usr/games:/usr/local/games:/snap/bin:/snap/bin'), ('SESSION_MANAGER', 'local/ruben:@/tmp/.ICE-unix/2916,unix/ruben:/tmp/.ICE-unix/2916'), ('XDG_MENU_PREFIX', 'gnome-'), ('LC_ADDRESS', 'ru_RU.UTF-8'), ('GNOME_TERMINAL_SCREEN', '/org/gnome/Terminal/screen/a128e479_87a9_4f71_b049_48318ab91614'), ('XDG_RUNTIME_DIR', '/run/user/1000'), ('DISPLAY', ':1'), ('LANG', 'en_US.UTF-8'), ('XDG_CURRENT_DESKTOP', 'ubuntu:GNOME'), ('LC_TELEPHONE', 'ru_RU.UTF-8'), ('RMW_IMPLEMENTATION', 'rmw_cyclonedds_cpp'), ('XMODIFIERS', '@im=ibus'), ('XDG_SESSION_DESKTOP', 'ubuntu'), ('XAUTHORITY', '/run/user/1000/gdm/Xauthority'), ('LS_COLORS', 'rs=0:di=01;34:ln=01;36:mh=00:pi=40;33:so=01;35:do=01;35:bd=40;33;01:cd=40;33;01:or=40;31;01:mi=00:su=37;41:sg=30;43:ca=30;41:tw=30;42:ow=34;42:st=37;44:ex=01;32:*.tar=01;31:*.tgz=01;31:*.arc=01;31:*.arj=01;31:*.taz=01;31:*.lha=01;31:*.lz4=01;31:*.lzh=01;31:*.lzma=01;31:*.tlz=01;31:*.txz=01;31:*.tzo=01;31:*.t7z=01;31:*.zip=01;31:*.z=01;31:*.dz=01;31:*.gz=01;31:*.lrz=01;31:*.lz=01;31:*.lzo=01;31:*.xz=01;31:*.zst=01;31:*.tzst=01;31:*.bz2=01;31:*.bz=01;31:*.tbz=01;31:*.tbz2=01;31:*.tz=01;31:*.deb=01;31:*.rpm=01;31:*.jar=01;31:*.war=01;31:*.ear=01;31:*.sar=01;31:*.rar=01;31:*.alz=01;31:*.ace=01;31:*.zoo=01;31:*.cpio=01;31:*.7z=01;31:*.rz=01;31:*.cab=01;31:*.wim=01;31:*.swm=01;31:*.dwm=01;31:*.esd=01;31:*.jpg=01;35:*.jpeg=01;35:*.mjpg=01;35:*.mjpeg=01;35:*.gif=01;35:*.bmp=01;35:*.pbm=01;35:*.pgm=01;35:*.ppm=01;35:*.tga=01;35:*.xbm=01;35:*.xpm=01;35:*.tif=01;35:*.tiff=01;35:*.png=01;35:*.svg=01;35:*.svgz=01;35:*.mng=01;35:*.pcx=01;35:*.mov=01;35:*.mpg=01;35:*.mpeg=01;35:*.m2v=01;35:*.mkv=01;35:*.webm=01;35:*.webp=01;35:*.ogm=01;35:*.mp4=01;35:*.m4v=01;35:*.mp4v=01;35:*.vob=01;35:*.qt=01;35:*.nuv=01;35:*.wmv=01;35:*.asf=01;35:*.rm=01;35:*.rmvb=01;35:*.flc=01;35:*.avi=01;35:*.fli=01;35:*.flv=01;35:*.gl=01;35:*.dl=01;35:*.xcf=01;35:*.xwd=01;35:*.yuv=01;35:*.cgm=01;35:*.emf=01;35:*.ogv=01;35:*.ogx=01;35:*.aac=00;36:*.au=00;36:*.flac=00;36:*.m4a=00;36:*.mid=00;36:*.midi=00;36:*.mka=00;36:*.mp3=00;36:*.mpc=00;36:*.ogg=00;36:*.ra=00;36:*.wav=00;36:*.oga=00;36:*.opus=00;36:*.spx=00;36:*.xspf=00;36:'), ('GNOME_TERMINAL_SERVICE', ':1.92'), ('SSH_AGENT_LAUNCHER', 'gnome-keyring'), ('SSH_AUTH_SOCK', '/run/user/1000/keyring/ssh'), ('ROS_DOMAIN_ID', '1'), ('AMENT_PREFIX_PATH', '/opt/ros/humble'), ('CONDA_PYTHON_EXE', '/home/ruben/miniconda3/bin/python'), ('SHELL', '/bin/bash'), ('LC_NAME', 'ru_RU.UTF-8'), ('QT_ACCESSIBILITY', '1'), ('GDMSESSION', 'ubuntu'), ('Torch_DIR', '/path/to/your/libtorch'), ('LESSCLOSE', '/usr/bin/lesspipe %s %s'), ('CONDA_DEFAULT_ENV', ''), ('LC_MEASUREMENT', 'ru_RU.UTF-8'), ('GPG_AGENT_INFO', '/run/user/1000/gnupg/S.gpg-agent:0:1'), ('_CONDA_EXE', '/home/ruben/miniconda3/bin/conda'), ('LC_IDENTIFICATION', 'ru_RU.UTF-8'), ('QT_IM_MODULE', 'ibus'), ('PWD', '/home/ruben/go2_deploy/workhop_rl/build/rmw_cyclonedds_cpp'), ('XDG_CONFIG_DIRS', '/etc/xdg/xdg-ubuntu:/etc/xdg'), ('CONDA_EXE', '/home/ruben/miniconda3/bin/conda'), ('XDG_DATA_DIRS', '/usr/share/ubuntu:/usr/share/gnome:/usr/local/share/:/usr/share/:/var/lib/snapd/desktop'), ('PYTHONPATH', '/opt/ros/humble/lib/python3.10/site-packages:/opt/ros/humble/local/lib/python3.10/dist-packages'), ('LC_NUMERIC', 'ru_RU.UTF-8'), ('CONDA_PREFIX', ''), ('LC_PAPER', 'ru_RU.UTF-8'), ('COLCON', '1'), ('VTE_VERSION', '6800'), ('CMAKE_PREFIX_PATH', '/home/ruben/go2_deploy/workhop_rl/install/cyclonedds:/opt/ros/humble')]), 'shell': False}
[13.776122] (-) TimerEvent: {}
[13.876531] (-) TimerEvent: {}
[13.899725] (unitree_hg) StdoutLine: {'line': b'[ 83%] Built target unitree_hg__py\n'}
[13.907870] (rmw_cyclonedds_cpp) StdoutLine: {'line': b'-- The C compiler identification is GNU 11.4.0\n'}
[13.933227] (unitree_hg) StdoutLine: {'line': b'[ 84%] \x1b[32mBuilding C object CMakeFiles/unitree_hg__rosidl_generator_py.dir/rosidl_generator_py/unitree_hg/msg/_bms_cmd_s.c.o\x1b[0m\n'}
[13.933473] (unitree_hg) StdoutLine: {'line': b'[ 85%] \x1b[32mBuilding C object CMakeFiles/unitree_hg__rosidl_generator_py.dir/rosidl_generator_py/unitree_hg/msg/_bms_state_s.c.o\x1b[0m\n'}
[13.933587] (unitree_hg) StdoutLine: {'line': b'[ 85%] \x1b[32mBuilding C object CMakeFiles/unitree_hg__rosidl_generator_py.dir/rosidl_generator_py/unitree_hg/msg/_hand_cmd_s.c.o\x1b[0m\n'}
[13.935263] (unitree_hg) StdoutLine: {'line': b'[ 86%] \x1b[32mBuilding C object CMakeFiles/unitree_hg__rosidl_generator_py.dir/rosidl_generator_py/unitree_hg/msg/_imu_state_s.c.o\x1b[0m\n'}
[13.937158] (unitree_hg) StdoutLine: {'line': b'[ 87%] \x1b[32mBuilding C object CMakeFiles/unitree_hg__rosidl_generator_py.dir/rosidl_generator_py/unitree_hg/msg/_hand_state_s.c.o\x1b[0m\n'}
[13.940228] (unitree_hg) StdoutLine: {'line': b'[ 88%] \x1b[32mBuilding C object CMakeFiles/unitree_hg__rosidl_generator_py.dir/rosidl_generator_py/unitree_hg/msg/_low_state_s.c.o\x1b[0m\n'}
[13.940416] (unitree_hg) StdoutLine: {'line': b'[ 89%] \x1b[32mBuilding C object CMakeFiles/unitree_hg__rosidl_generator_py.dir/rosidl_generator_py/unitree_hg/msg/_low_cmd_s.c.o\x1b[0m\n'}
[13.940480] (unitree_hg) StdoutLine: {'line': b'[ 90%] \x1b[32mBuilding C object CMakeFiles/unitree_hg__rosidl_generator_py.dir/rosidl_generator_py/unitree_hg/msg/_main_board_state_s.c.o\x1b[0m\n'}
[13.941019] (unitree_hg) StdoutLine: {'line': b'[ 91%] \x1b[32mBuilding C object CMakeFiles/unitree_hg__rosidl_generator_py.dir/rosidl_generator_py/unitree_hg/msg/_press_sensor_state_s.c.o\x1b[0m\n'}
[13.941494] (unitree_hg) StdoutLine: {'line': b'[ 92%] \x1b[32mBuilding C object CMakeFiles/unitree_hg__rosidl_generator_py.dir/rosidl_generator_py/unitree_hg/msg/_motor_cmd_s.c.o\x1b[0m\n'}
[13.943105] (unitree_hg) StdoutLine: {'line': b'[ 93%] \x1b[32mBuilding C object CMakeFiles/unitree_hg__rosidl_generator_py.dir/rosidl_generator_py/unitree_hg/msg/_motor_state_s.c.o\x1b[0m\n'}
[13.976675] (-) TimerEvent: {}
[13.990560] (rmw_cyclonedds_cpp) StdoutLine: {'line': b'-- The CXX compiler identification is GNU 11.4.0\n'}
[13.998164] (unitree_go) StdoutLine: {'line': b'[ 86%] \x1b[32m\x1b[1mLinking CXX shared library libunitree_go__rosidl_typesupport_fastrtps_cpp.so\x1b[0m\n'}
[14.001891] (rmw_cyclonedds_cpp) StdoutLine: {'line': b'-- Detecting C compiler ABI info\n'}
[14.013389] (unitree_api) StdoutLine: {'line': b'[ 93%] \x1b[32m\x1b[1mLinking C shared library rosidl_generator_py/unitree_api/libunitree_api__rosidl_generator_py.so\x1b[0m\n'}
[14.076819] (-) TimerEvent: {}
[14.086620] (rmw_cyclonedds_cpp) StdoutLine: {'line': b'-- Detecting C compiler ABI info - done\n'}
[14.093206] (rmw_cyclonedds_cpp) StdoutLine: {'line': b'-- Check for working C compiler: /usr/bin/cc - skipped\n'}
[14.093428] (rmw_cyclonedds_cpp) StdoutLine: {'line': b'-- Detecting C compile features\n'}
[14.093777] (rmw_cyclonedds_cpp) StdoutLine: {'line': b'-- Detecting C compile features - done\n'}
[14.096410] (rmw_cyclonedds_cpp) StdoutLine: {'line': b'-- Detecting CXX compiler ABI info\n'}
[14.177004] (-) TimerEvent: {}
[14.181514] (unitree_api) StdoutLine: {'line': b'[ 93%] Built target unitree_api__rosidl_generator_py\n'}
[14.184595] (unitree_go) StdoutLine: {'line': b'[ 86%] Built target unitree_go__rosidl_typesupport_fastrtps_cpp\n'}
[14.196828] (unitree_api) StdoutLine: {'line': b'[ 94%] \x1b[32mBuilding C object CMakeFiles/unitree_api__rosidl_typesupport_introspection_c__pyext.dir/rosidl_generator_py/unitree_api/_unitree_api_s.ep.rosidl_typesupport_introspection_c.c.o\x1b[0m\n'}
[14.197269] (unitree_api) StdoutLine: {'line': b'[ 95%] \x1b[32mBuilding C object CMakeFiles/unitree_api__rosidl_typesupport_fastrtps_c__pyext.dir/rosidl_generator_py/unitree_api/_unitree_api_s.ep.rosidl_typesupport_fastrtps_c.c.o\x1b[0m\n'}
[14.197652] (unitree_api) StdoutLine: {'line': b'[ 96%] \x1b[32mBuilding C object CMakeFiles/unitree_api__rosidl_typesupport_c__pyext.dir/rosidl_generator_py/unitree_api/_unitree_api_s.ep.rosidl_typesupport_c.c.o\x1b[0m\n'}
[14.201375] (unitree_go) StdoutLine: {'line': b'[ 87%] \x1b[32m\x1b[1mLinking CXX shared library libunitree_go__rosidl_typesupport_introspection_cpp.so\x1b[0m\n'}
[14.242057] (rmw_cyclonedds_cpp) StdoutLine: {'line': b'-- Detecting CXX compiler ABI info - done\n'}
[14.248279] (rmw_cyclonedds_cpp) StdoutLine: {'line': b'-- Check for working CXX compiler: /usr/bin/c++ - skipped\n'}
[14.248470] (rmw_cyclonedds_cpp) StdoutLine: {'line': b'-- Detecting CXX compile features\n'}
[14.248869] (rmw_cyclonedds_cpp) StdoutLine: {'line': b'-- Detecting CXX compile features - done\n'}
[14.250581] (rmw_cyclonedds_cpp) StdoutLine: {'line': b'-- Found ament_cmake_ros: 0.10.0 (/opt/ros/humble/share/ament_cmake_ros/cmake)\n'}
[14.277364] (-) TimerEvent: {}
[14.284614] (unitree_go) StdoutLine: {'line': b'[ 87%] Built target unitree_go__rosidl_typesupport_introspection_cpp\n'}
[14.290943] (unitree_api) StdoutLine: {'line': b'[ 97%] \x1b[32m\x1b[1mLinking C shared library rosidl_generator_py/unitree_api/unitree_api_s__rosidl_typesupport_c.cpython-310-x86_64-linux-gnu.so\x1b[0m\n'}
[14.291409] (unitree_api) StdoutLine: {'line': b'[ 98%] \x1b[32m\x1b[1mLinking C shared library rosidl_generator_py/unitree_api/unitree_api_s__rosidl_typesupport_introspection_c.cpython-310-x86_64-linux-gnu.so\x1b[0m\n'}
[14.301068] (unitree_go) StdoutLine: {'line': b'[ 87%] Built target unitree_go\n'}
[14.301382] (unitree_hg) StdoutLine: {'line': b'[ 94%] \x1b[32m\x1b[1mLinking C shared library rosidl_generator_py/unitree_hg/libunitree_hg__rosidl_generator_py.so\x1b[0m\n'}
[14.318470] (unitree_go) StdoutLine: {'line': b'[ 88%] \x1b[34m\x1b[1mGenerating Python code for ROS interfaces\x1b[0m\n'}
[14.322486] (unitree_api) StdoutLine: {'line': b'[ 98%] Built target unitree_api__rosidl_typesupport_c__pyext\n'}
[14.326890] (unitree_api) StdoutLine: {'line': b'[ 98%] Built target unitree_api__rosidl_typesupport_introspection_c__pyext\n'}
[14.371331] (rmw_cyclonedds_cpp) StdoutLine: {'line': b'-- Found Python3: /usr/bin/python3 (found version "3.10.12") found components: Interpreter \n'}
[14.377448] (-) TimerEvent: {}
[14.381878] (unitree_hg) StdoutLine: {'line': b'[ 94%] Built target unitree_hg__rosidl_generator_py\n'}
[14.388567] (unitree_api) StdoutLine: {'line': b'[100%] \x1b[32m\x1b[1mLinking C shared library rosidl_generator_py/unitree_api/unitree_api_s__rosidl_typesupport_fastrtps_c.cpython-310-x86_64-linux-gnu.so\x1b[0m\n'}
[14.398857] (unitree_hg) StdoutLine: {'line': b'[ 97%] \x1b[32mBuilding C object CMakeFiles/unitree_hg__rosidl_typesupport_c__pyext.dir/rosidl_generator_py/unitree_hg/_unitree_hg_s.ep.rosidl_typesupport_c.c.o\x1b[0m\n'}
[14.398997] (unitree_hg) StdoutLine: {'line': b'[ 97%] \x1b[32mBuilding C object CMakeFiles/unitree_hg__rosidl_typesupport_fastrtps_c__pyext.dir/rosidl_generator_py/unitree_hg/_unitree_hg_s.ep.rosidl_typesupport_fastrtps_c.c.o\x1b[0m\n'}
[14.399081] (unitree_hg) StdoutLine: {'line': b'[ 97%] \x1b[32mBuilding C object CMakeFiles/unitree_hg__rosidl_typesupport_introspection_c__pyext.dir/rosidl_generator_py/unitree_hg/_unitree_hg_s.ep.rosidl_typesupport_introspection_c.c.o\x1b[0m\n'}
[14.425619] (unitree_api) StdoutLine: {'line': b'[100%] Built target unitree_api__rosidl_typesupport_fastrtps_c__pyext\n'}
[14.477581] (-) TimerEvent: {}
[14.486452] (unitree_api) CommandEnded: {'returncode': 0}
[14.487541] (unitree_api) JobProgress: {'identifier': 'unitree_api', 'progress': 'install'}
[14.488372] (unitree_api) Command: {'cmd': ['/usr/bin/cmake', '--install', '/home/ruben/go2_deploy/workhop_rl/build/unitree_api'], 'cwd': '/home/ruben/go2_deploy/workhop_rl/build/unitree_api', 'env': OrderedDict([('LESSOPEN', '| /usr/bin/lesspipe %s'), ('CONDA_PROMPT_MODIFIER', ''), ('USER', 'ruben'), ('LC_TIME', 'ru_RU.UTF-8'), ('XDG_SESSION_TYPE', 'x11'), ('SHLVL', '1'), ('LD_LIBRARY_PATH', '/usr/lib/x86_64-linux-gnu/gazebo-11/plugins:/opt/ros/humble/opt/rviz_ogre_vendor/lib:/opt/ros/humble/lib/x86_64-linux-gnu:/opt/ros/humble/lib'), ('HOME', '/home/ruben'), ('CONDA_SHLVL', '0'), ('CYCLONEDDS_URI', '<CycloneDDS><Domain><General><Interfaces>\n                            <NetworkInterface name="lo" priority="default" multicast="default" />\n                        </Interfaces></General></Domain></CycloneDDS>'), ('OLDPWD', '/home/ruben/go2_deploy/workhop_rl/src'), ('DESKTOP_SESSION', 'ubuntu'), ('ROS_PYTHON_VERSION', '3'), ('GNOME_SHELL_SESSION_MODE', 'ubuntu'), ('GTK_MODULES', 'gail:atk-bridge'), ('LC_MONETARY', 'ru_RU.UTF-8'), ('SYSTEMD_EXEC_PID', '2945'), ('DBUS_SESSION_BUS_ADDRESS', 'unix:path=/run/user/1000/bus'), ('COLORTERM', 'truecolor'), ('_CE_M', ''), ('_CONDA_ROOT', '/home/ruben/miniconda3'), ('ROS_DISTRO', 'humble'), ('GTK_IM_MODULE', 'ibus'), ('LOGNAME', 'ruben'), ('_', '/usr/bin/colcon'), ('ROS_VERSION', '2'), ('XDG_SESSION_CLASS', 'user'), ('USERNAME', 'ruben'), ('TERM', 'xterm-256color'), ('GNOME_DESKTOP_SESSION_ID', 'this-is-deprecated'), ('_CE_CONDA', ''), ('ROS_LOCALHOST_ONLY', '0'), ('WINDOWPATH', '2'), ('PATH', '/opt/ros/humble/bin:/home/ruben/miniconda3/condabin:/usr/local/sbin:/usr/local/bin:/usr/sbin:/usr/bin:/sbin:/bin:/usr/games:/usr/local/games:/snap/bin:/snap/bin'), ('SESSION_MANAGER', 'local/ruben:@/tmp/.ICE-unix/2916,unix/ruben:/tmp/.ICE-unix/2916'), ('XDG_MENU_PREFIX', 'gnome-'), ('LC_ADDRESS', 'ru_RU.UTF-8'), ('GNOME_TERMINAL_SCREEN', '/org/gnome/Terminal/screen/a128e479_87a9_4f71_b049_48318ab91614'), ('XDG_RUNTIME_DIR', '/run/user/1000'), ('DISPLAY', ':1'), ('LANG', 'en_US.UTF-8'), ('XDG_CURRENT_DESKTOP', 'ubuntu:GNOME'), ('LC_TELEPHONE', 'ru_RU.UTF-8'), ('RMW_IMPLEMENTATION', 'rmw_cyclonedds_cpp'), ('XMODIFIERS', '@im=ibus'), ('XDG_SESSION_DESKTOP', 'ubuntu'), ('XAUTHORITY', '/run/user/1000/gdm/Xauthority'), ('LS_COLORS', 'rs=0:di=01;34:ln=01;36:mh=00:pi=40;33:so=01;35:do=01;35:bd=40;33;01:cd=40;33;01:or=40;31;01:mi=00:su=37;41:sg=30;43:ca=30;41:tw=30;42:ow=34;42:st=37;44:ex=01;32:*.tar=01;31:*.tgz=01;31:*.arc=01;31:*.arj=01;31:*.taz=01;31:*.lha=01;31:*.lz4=01;31:*.lzh=01;31:*.lzma=01;31:*.tlz=01;31:*.txz=01;31:*.tzo=01;31:*.t7z=01;31:*.zip=01;31:*.z=01;31:*.dz=01;31:*.gz=01;31:*.lrz=01;31:*.lz=01;31:*.lzo=01;31:*.xz=01;31:*.zst=01;31:*.tzst=01;31:*.bz2=01;31:*.bz=01;31:*.tbz=01;31:*.tbz2=01;31:*.tz=01;31:*.deb=01;31:*.rpm=01;31:*.jar=01;31:*.war=01;31:*.ear=01;31:*.sar=01;31:*.rar=01;31:*.alz=01;31:*.ace=01;31:*.zoo=01;31:*.cpio=01;31:*.7z=01;31:*.rz=01;31:*.cab=01;31:*.wim=01;31:*.swm=01;31:*.dwm=01;31:*.esd=01;31:*.jpg=01;35:*.jpeg=01;35:*.mjpg=01;35:*.mjpeg=01;35:*.gif=01;35:*.bmp=01;35:*.pbm=01;35:*.pgm=01;35:*.ppm=01;35:*.tga=01;35:*.xbm=01;35:*.xpm=01;35:*.tif=01;35:*.tiff=01;35:*.png=01;35:*.svg=01;35:*.svgz=01;35:*.mng=01;35:*.pcx=01;35:*.mov=01;35:*.mpg=01;35:*.mpeg=01;35:*.m2v=01;35:*.mkv=01;35:*.webm=01;35:*.webp=01;35:*.ogm=01;35:*.mp4=01;35:*.m4v=01;35:*.mp4v=01;35:*.vob=01;35:*.qt=01;35:*.nuv=01;35:*.wmv=01;35:*.asf=01;35:*.rm=01;35:*.rmvb=01;35:*.flc=01;35:*.avi=01;35:*.fli=01;35:*.flv=01;35:*.gl=01;35:*.dl=01;35:*.xcf=01;35:*.xwd=01;35:*.yuv=01;35:*.cgm=01;35:*.emf=01;35:*.ogv=01;35:*.ogx=01;35:*.aac=00;36:*.au=00;36:*.flac=00;36:*.m4a=00;36:*.mid=00;36:*.midi=00;36:*.mka=00;36:*.mp3=00;36:*.mpc=00;36:*.ogg=00;36:*.ra=00;36:*.wav=00;36:*.oga=00;36:*.opus=00;36:*.spx=00;36:*.xspf=00;36:'), ('GNOME_TERMINAL_SERVICE', ':1.92'), ('SSH_AGENT_LAUNCHER', 'gnome-keyring'), ('SSH_AUTH_SOCK', '/run/user/1000/keyring/ssh'), ('ROS_DOMAIN_ID', '1'), ('AMENT_PREFIX_PATH', '/opt/ros/humble'), ('CONDA_PYTHON_EXE', '/home/ruben/miniconda3/bin/python'), ('SHELL', '/bin/bash'), ('LC_NAME', 'ru_RU.UTF-8'), ('QT_ACCESSIBILITY', '1'), ('GDMSESSION', 'ubuntu'), ('Torch_DIR', '/path/to/your/libtorch'), ('LESSCLOSE', '/usr/bin/lesspipe %s %s'), ('CONDA_DEFAULT_ENV', ''), ('LC_MEASUREMENT', 'ru_RU.UTF-8'), ('GPG_AGENT_INFO', '/run/user/1000/gnupg/S.gpg-agent:0:1'), ('_CONDA_EXE', '/home/ruben/miniconda3/bin/conda'), ('LC_IDENTIFICATION', 'ru_RU.UTF-8'), ('QT_IM_MODULE', 'ibus'), ('PWD', '/home/ruben/go2_deploy/workhop_rl/build/unitree_api'), ('XDG_CONFIG_DIRS', '/etc/xdg/xdg-ubuntu:/etc/xdg'), ('CONDA_EXE', '/home/ruben/miniconda3/bin/conda'), ('XDG_DATA_DIRS', '/usr/share/ubuntu:/usr/share/gnome:/usr/local/share/:/usr/share/:/var/lib/snapd/desktop'), ('PYTHONPATH', '/opt/ros/humble/lib/python3.10/site-packages:/opt/ros/humble/local/lib/python3.10/dist-packages'), ('LC_NUMERIC', 'ru_RU.UTF-8'), ('CONDA_PREFIX', ''), ('LC_PAPER', 'ru_RU.UTF-8'), ('COLCON', '1'), ('VTE_VERSION', '6800'), ('CMAKE_PREFIX_PATH', '/opt/ros/humble')]), 'shell': False}
[14.489984] (unitree_hg) StdoutLine: {'line': b'[ 98%] \x1b[32m\x1b[1mLinking C shared library rosidl_generator_py/unitree_hg/unitree_hg_s__rosidl_typesupport_fastrtps_c.cpython-310-x86_64-linux-gnu.so\x1b[0m\n'}
[14.493900] (unitree_api) StdoutLine: {'line': b'-- Install configuration: ""\n'}
[14.494141] (unitree_api) StdoutLine: {'line': b'-- Installing: /home/ruben/go2_deploy/workhop_rl/install/unitree_api/share/ament_index/resource_index/rosidl_interfaces/unitree_api\n'}
[14.494325] (unitree_api) StdoutLine: {'line': b'-- Installing: /home/ruben/go2_deploy/workhop_rl/install/unitree_api/include/unitree_api/unitree_api\n'}
[14.494520] (unitree_api) StdoutLine: {'line': b'-- Installing: /home/ruben/go2_deploy/workhop_rl/install/unitree_api/include/unitree_api/unitree_api/msg\n'}
[14.494701] (unitree_api) StdoutLine: {'line': b'-- Installing: /home/ruben/go2_deploy/workhop_rl/install/unitree_api/include/unitree_api/unitree_api/msg/request_identity.h\n'}
[14.494864] (unitree_api) StdoutLine: {'line': b'-- Installing: /home/ruben/go2_deploy/workhop_rl/install/unitree_api/include/unitree_api/unitree_api/msg/response.h\n'}
[14.494987] (unitree_api) StdoutLine: {'line': b'-- Installing: /home/ruben/go2_deploy/workhop_rl/install/unitree_api/include/unitree_api/unitree_api/msg/detail\n'}
[14.495126] (unitree_api) StdoutLine: {'line': b'-- Installing: /home/ruben/go2_deploy/workhop_rl/install/unitree_api/include/unitree_api/unitree_api/msg/detail/request__type_support.h\n'}
[14.495264] (unitree_api) StdoutLine: {'line': b'-- Installing: /home/ruben/go2_deploy/workhop_rl/install/unitree_api/include/unitree_api/unitree_api/msg/detail/request__functions.h\n'}
[14.495373] (unitree_api) StdoutLine: {'line': b'-- Installing: /home/ruben/go2_deploy/workhop_rl/install/unitree_api/include/unitree_api/unitree_api/msg/detail/request_lease__functions.c\n'}
[14.495473] (unitree_api) StdoutLine: {'line': b'-- Installing: /home/ruben/go2_deploy/workhop_rl/install/unitree_api/include/unitree_api/unitree_api/msg/detail/request_policy__struct.h\n'}
[14.495579] (unitree_api) StdoutLine: {'line': b'-- Installing: /home/ruben/go2_deploy/workhop_rl/install/unitree_api/include/unitree_api/unitree_api/msg/detail/request_header__type_support.h\n'}
[14.495698] (unitree_api) StdoutLine: {'line': b'-- Installing: /home/ruben/go2_deploy/workhop_rl/install/unitree_api/include/unitree_api/unitree_api/msg/detail/response_header__functions.c\n'}
[14.495810] (unitree_api) StdoutLine: {'line': b'-- Installing: /home/ruben/go2_deploy/workhop_rl/install/unitree_api/include/unitree_api/unitree_api/msg/detail/response_status__type_support.h\n'}
[14.495925] (unitree_api) StdoutLine: {'line': b'-- Installing: /home/ruben/go2_deploy/workhop_rl/install/unitree_api/include/unitree_api/unitree_api/msg/detail/request_policy__type_support.h\n'}
[14.496044] (unitree_api) StdoutLine: {'line': b'-- Installing: /home/ruben/go2_deploy/workhop_rl/install/unitree_api/include/unitree_api/unitree_api/msg/detail/request_policy__functions.h\n'}
[14.496280] (unitree_api) StdoutLine: {'line': b'-- Installing: /home/ruben/go2_deploy/workhop_rl/install/unitree_api/include/unitree_api/unitree_api/msg/detail/request_identity__type_support.h\n'}
[14.496405] (unitree_api) StdoutLine: {'line': b'-- Installing: /home/ruben/go2_deploy/workhop_rl/install/unitree_api/include/unitree_api/unitree_api/msg/detail/request_lease__struct.h\n'}
[14.496520] (unitree_api) StdoutLine: {'line': b'-- Installing: /home/ruben/go2_deploy/workhop_rl/install/unitree_api/include/unitree_api/unitree_api/msg/detail/request_header__functions.h\n'}
[14.496636] (unitree_api) StdoutLine: {'line': b'-- Installing: /home/ruben/go2_deploy/workhop_rl/install/unitree_api/include/unitree_api/unitree_api/msg/detail/response_status__struct.h\n'}
[14.496746] (unitree_api) StdoutLine: {'line': b'-- Installing: /home/ruben/go2_deploy/workhop_rl/install/unitree_api/include/unitree_api/unitree_api/msg/detail/response__type_support.h\n'}
[14.496860] (unitree_api) StdoutLine: {'line': b'-- Installing: /home/ruben/go2_deploy/workhop_rl/install/unitree_api/include/unitree_api/unitree_api/msg/detail/response_header__functions.h\n'}
[14.496990] (unitree_api) StdoutLine: {'line': b'-- Installing: /home/ruben/go2_deploy/workhop_rl/install/unitree_api/include/unitree_api/unitree_api/msg/detail/request_header__functions.c\n'}
[14.497219] (unitree_api) StdoutLine: {'line': b'-- Installing: /home/ruben/go2_deploy/workhop_rl/install/unitree_api/include/unitree_api/unitree_api/msg/detail/request__struct.h\n'}
[14.497363] (unitree_api) StdoutLine: {'line': b'-- Installing: /home/ruben/go2_deploy/workhop_rl/install/unitree_api/include/unitree_api/unitree_api/msg/detail/request_identity__struct.h\n'}
[14.497515] (unitree_api) StdoutLine: {'line': b'-- Installing: /home/ruben/go2_deploy/workhop_rl/install/unitree_api/include/unitree_api/unitree_api/msg/detail/request_identity__functions.h\n'}
[14.497633] (unitree_api) StdoutLine: {'line': b'-- Installing: /home/ruben/go2_deploy/workhop_rl/install/unitree_api/include/unitree_api/unitree_api/msg/detail/request__functions.c\n'}
[14.497748] (unitree_api) StdoutLine: {'line': b'-- Installing: /home/ruben/go2_deploy/workhop_rl/install/unitree_api/include/unitree_api/unitree_api/msg/detail/response__functions.c\n'}
[14.497865] (unitree_api) StdoutLine: {'line': b'-- Installing: /home/ruben/go2_deploy/workhop_rl/install/unitree_api/include/unitree_api/unitree_api/msg/detail/request_lease__type_support.h\n'}
[14.497981] (unitree_api) StdoutLine: {'line': b'-- Installing: /home/ruben/go2_deploy/workhop_rl/install/unitree_api/include/unitree_api/unitree_api/msg/detail/request_identity__functions.c\n'}
[14.498193] (unitree_api) StdoutLine: {'line': b'-- Installing: /home/ruben/go2_deploy/workhop_rl/install/unitree_api/include/unitree_api/unitree_api/msg/detail/response_status__functions.c\n'}
[14.498317] (unitree_api) StdoutLine: {'line': b'-- Installing: /home/ruben/go2_deploy/workhop_rl/install/unitree_api/include/unitree_api/unitree_api/msg/detail/response_status__functions.h\n'}
[14.498418] (unitree_api) StdoutLine: {'line': b'-- Installing: /home/ruben/go2_deploy/workhop_rl/install/unitree_api/include/unitree_api/unitree_api/msg/detail/response_header__type_support.h\n'}
[14.498580] (unitree_api) StdoutLine: {'line': b'-- Installing: /home/ruben/go2_deploy/workhop_rl/install/unitree_api/include/unitree_api/unitree_api/msg/detail/response__functions.h\n'}
[14.498702] (unitree_api) StdoutLine: {'line': b'-- Installing: /home/ruben/go2_deploy/workhop_rl/install/unitree_api/include/unitree_api/unitree_api/msg/detail/request_policy__functions.c\n'}
[14.498810] (unitree_api) StdoutLine: {'line': b'-- Installing: /home/ruben/go2_deploy/workhop_rl/install/unitree_api/include/unitree_api/unitree_api/msg/detail/request_lease__functions.h\n'}
[14.498914] (unitree_api) StdoutLine: {'line': b'-- Installing: /home/ruben/go2_deploy/workhop_rl/install/unitree_api/include/unitree_api/unitree_api/msg/detail/request_header__struct.h\n'}
[14.499038] (unitree_api) StdoutLine: {'line': b'-- Installing: /home/ruben/go2_deploy/workhop_rl/install/unitree_api/include/unitree_api/unitree_api/msg/detail/response__struct.h\n'}
[14.499226] (unitree_api) StdoutLine: {'line': b'-- Installing: /home/ruben/go2_deploy/workhop_rl/install/unitree_api/include/unitree_api/unitree_api/msg/detail/response_header__struct.h\n'}
[14.499383] (unitree_api) StdoutLine: {'line': b'-- Installing: /home/ruben/go2_deploy/workhop_rl/install/unitree_api/include/unitree_api/unitree_api/msg/request_header.h\n'}
[14.499498] (unitree_api) StdoutLine: {'line': b'-- Installing: /home/ruben/go2_deploy/workhop_rl/install/unitree_api/include/unitree_api/unitree_api/msg/request_lease.h\n'}
[14.499612] (unitree_api) StdoutLine: {'line': b'-- Installing: /home/ruben/go2_deploy/workhop_rl/install/unitree_api/include/unitree_api/unitree_api/msg/request_policy.h\n'}
[14.499724] (unitree_api) StdoutLine: {'line': b'-- Installing: /home/ruben/go2_deploy/workhop_rl/install/unitree_api/include/unitree_api/unitree_api/msg/request.h\n'}
[14.499835] (unitree_api) StdoutLine: {'line': b'-- Installing: /home/ruben/go2_deploy/workhop_rl/install/unitree_api/include/unitree_api/unitree_api/msg/response_status.h\n'}
[14.499952] (unitree_api) StdoutLine: {'line': b'-- Installing: /home/ruben/go2_deploy/workhop_rl/install/unitree_api/include/unitree_api/unitree_api/msg/response_header.h\n'}
[14.500126] (unitree_api) StdoutLine: {'line': b'-- Installing: /home/ruben/go2_deploy/workhop_rl/install/unitree_api/include/unitree_api/unitree_api/msg/rosidl_generator_c__visibility_control.h\n'}
[14.500252] (unitree_api) StdoutLine: {'line': b'-- Installing: /home/ruben/go2_deploy/workhop_rl/install/unitree_api/share/unitree_api/environment/library_path.sh\n'}
[14.500323] (unitree_api) StdoutLine: {'line': b'-- Installing: /home/ruben/go2_deploy/workhop_rl/install/unitree_api/share/unitree_api/environment/library_path.dsv\n'}
[14.500393] (unitree_api) StdoutLine: {'line': b'-- Installing: /home/ruben/go2_deploy/workhop_rl/install/unitree_api/lib/libunitree_api__rosidl_generator_c.so\n'}
[14.500463] (unitree_api) StdoutLine: {'line': b'-- Set runtime path of "/home/ruben/go2_deploy/workhop_rl/install/unitree_api/lib/libunitree_api__rosidl_generator_c.so" to ""\n'}
[14.500532] (unitree_api) StdoutLine: {'line': b'-- Up-to-date: /home/ruben/go2_deploy/workhop_rl/install/unitree_api/include/unitree_api/unitree_api\n'}
[14.500601] (unitree_api) StdoutLine: {'line': b'-- Up-to-date: /home/ruben/go2_deploy/workhop_rl/install/unitree_api/include/unitree_api/unitree_api/msg\n'}
[14.500668] (unitree_api) StdoutLine: {'line': b'-- Up-to-date: /home/ruben/go2_deploy/workhop_rl/install/unitree_api/include/unitree_api/unitree_api/msg/detail\n'}
[14.500736] (unitree_api) StdoutLine: {'line': b'-- Installing: /home/ruben/go2_deploy/workhop_rl/install/unitree_api/include/unitree_api/unitree_api/msg/detail/response_status__rosidl_typesupport_fastrtps_c.h\n'}
[14.500801] (unitree_api) StdoutLine: {'line': b'-- Installing: /home/ruben/go2_deploy/workhop_rl/install/unitree_api/include/unitree_api/unitree_api/msg/detail/request_policy__rosidl_typesupport_fastrtps_c.h\n'}
[14.500868] (unitree_api) StdoutLine: {'line': b'-- Installing: /home/ruben/go2_deploy/workhop_rl/install/unitree_api/include/unitree_api/unitree_api/msg/detail/response__rosidl_typesupport_fastrtps_c.h\n'}
[14.501018] (unitree_api) StdoutLine: {'line': b'-- Installing: /home/ruben/go2_deploy/workhop_rl/install/unitree_api/include/unitree_api/unitree_api/msg/detail/request_lease__rosidl_typesupport_fastrtps_c.h\n'}
[14.501132] (unitree_api) StdoutLine: {'line': b'-- Installing: /home/ruben/go2_deploy/workhop_rl/install/unitree_api/include/unitree_api/unitree_api/msg/detail/response_header__rosidl_typesupport_fastrtps_c.h\n'}
[14.501199] (unitree_api) StdoutLine: {'line': b'-- Installing: /home/ruben/go2_deploy/workhop_rl/install/unitree_api/include/unitree_api/unitree_api/msg/detail/request_header__rosidl_typesupport_fastrtps_c.h\n'}
[14.501264] (unitree_api) StdoutLine: {'line': b'-- Installing: /home/ruben/go2_deploy/workhop_rl/install/unitree_api/include/unitree_api/unitree_api/msg/detail/request__rosidl_typesupport_fastrtps_c.h\n'}
[14.501329] (unitree_api) StdoutLine: {'line': b'-- Installing: /home/ruben/go2_deploy/workhop_rl/install/unitree_api/include/unitree_api/unitree_api/msg/detail/request_identity__rosidl_typesupport_fastrtps_c.h\n'}
[14.501399] (unitree_api) StdoutLine: {'line': b'-- Installing: /home/ruben/go2_deploy/workhop_rl/install/unitree_api/include/unitree_api/unitree_api/msg/rosidl_typesupport_fastrtps_c__visibility_control.h\n'}
[14.501507] (unitree_api) StdoutLine: {'line': b'-- Installing: /home/ruben/go2_deploy/workhop_rl/install/unitree_api/lib/libunitree_api__rosidl_typesupport_fastrtps_c.so\n'}
[14.501574] (unitree_api) StdoutLine: {'line': b'-- Set runtime path of "/home/ruben/go2_deploy/workhop_rl/install/unitree_api/lib/libunitree_api__rosidl_typesupport_fastrtps_c.so" to ""\n'}
[14.501643] (unitree_api) StdoutLine: {'line': b'-- Up-to-date: /home/ruben/go2_deploy/workhop_rl/install/unitree_api/include/unitree_api/unitree_api\n'}
[14.501709] (unitree_api) StdoutLine: {'line': b'-- Up-to-date: /home/ruben/go2_deploy/workhop_rl/install/unitree_api/include/unitree_api/unitree_api/msg\n'}
[14.501813] (unitree_api) StdoutLine: {'line': b'-- Installing: /home/ruben/go2_deploy/workhop_rl/install/unitree_api/include/unitree_api/unitree_api/msg/request_policy.hpp\n'}
[14.501884] (unitree_api) StdoutLine: {'line': b'-- Installing: /home/ruben/go2_deploy/workhop_rl/install/unitree_api/include/unitree_api/unitree_api/msg/request_header.hpp\n'}
[14.501953] (unitree_api) StdoutLine: {'line': b'-- Installing: /home/ruben/go2_deploy/workhop_rl/install/unitree_api/include/unitree_api/unitree_api/msg/response_header.hpp\n'}
[14.502019] (unitree_api) StdoutLine: {'line': b'-- Installing: /home/ruben/go2_deploy/workhop_rl/install/unitree_api/include/unitree_api/unitree_api/msg/request_identity.hpp\n'}
[14.502139] (unitree_api) StdoutLine: {'line': b'-- Up-to-date: /home/ruben/go2_deploy/workhop_rl/install/unitree_api/include/unitree_api/unitree_api/msg/detail\n'}
[14.502203] (unitree_api) StdoutLine: {'line': b'-- Installing: /home/ruben/go2_deploy/workhop_rl/install/unitree_api/include/unitree_api/unitree_api/msg/detail/request_policy__builder.hpp\n'}
[14.502270] (unitree_api) StdoutLine: {'line': b'-- Installing: /home/ruben/go2_deploy/workhop_rl/install/unitree_api/include/unitree_api/unitree_api/msg/detail/request_identity__traits.hpp\n'}
[14.502336] (unitree_api) StdoutLine: {'line': b'-- Installing: /home/ruben/go2_deploy/workhop_rl/install/unitree_api/include/unitree_api/unitree_api/msg/detail/request__traits.hpp\n'}
[14.502402] (unitree_api) StdoutLine: {'line': b'-- Installing: /home/ruben/go2_deploy/workhop_rl/install/unitree_api/include/unitree_api/unitree_api/msg/detail/response__struct.hpp\n'}
[14.502467] (unitree_api) StdoutLine: {'line': b'-- Installing: /home/ruben/go2_deploy/workhop_rl/install/unitree_api/include/unitree_api/unitree_api/msg/detail/request_identity__builder.hpp\n'}
[14.502530] (unitree_api) StdoutLine: {'line': b'-- Installing: /home/ruben/go2_deploy/workhop_rl/install/unitree_api/include/unitree_api/unitree_api/msg/detail/response_header__type_support.hpp\n'}
[14.502595] (unitree_api) StdoutLine: {'line': b'-- Installing: /home/ruben/go2_deploy/workhop_rl/install/unitree_api/include/unitree_api/unitree_api/msg/detail/request_lease__traits.hpp\n'}
[14.502660] (unitree_api) StdoutLine: {'line': b'-- Installing: /home/ruben/go2_deploy/workhop_rl/install/unitree_api/include/unitree_api/unitree_api/msg/detail/response_header__struct.hpp\n'}
[14.502725] (unitree_api) StdoutLine: {'line': b'-- Installing: /home/ruben/go2_deploy/workhop_rl/install/unitree_api/include/unitree_api/unitree_api/msg/detail/response__builder.hpp\n'}
[14.502789] (unitree_api) StdoutLine: {'line': b'-- Installing: /home/ruben/go2_deploy/workhop_rl/install/unitree_api/include/unitree_api/unitree_api/msg/detail/request_header__traits.hpp\n'}
[14.502853] (unitree_api) StdoutLine: {'line': b'-- Installing: /home/ruben/go2_deploy/workhop_rl/install/unitree_api/include/unitree_api/unitree_api/msg/detail/request_header__type_support.hpp\n'}
[14.502918] (unitree_api) StdoutLine: {'line': b'-- Installing: /home/ruben/go2_deploy/workhop_rl/install/unitree_api/include/unitree_api/unitree_api/msg/detail/response_header__builder.hpp\n'}
[14.502986] (unitree_api) StdoutLine: {'line': b'-- Installing: /home/ruben/go2_deploy/workhop_rl/install/unitree_api/include/unitree_api/unitree_api/msg/detail/request_lease__struct.hpp\n'}
[14.503066] (unitree_api) StdoutLine: {'line': b'-- Installing: /home/ruben/go2_deploy/workhop_rl/install/unitree_api/include/unitree_api/unitree_api/msg/detail/request_header__struct.hpp\n'}
[14.503154] (unitree_api) StdoutLine: {'line': b'-- Installing: /home/ruben/go2_deploy/workhop_rl/install/unitree_api/include/unitree_api/unitree_api/msg/detail/response__traits.hpp\n'}
[14.503292] (unitree_api) StdoutLine: {'line': b'-- Installing: /home/ruben/go2_deploy/workhop_rl/install/unitree_api/include/unitree_api/unitree_api/msg/detail/request__builder.hpp\n'}
[14.503358] (unitree_api) StdoutLine: {'line': b'-- Installing: /home/ruben/go2_deploy/workhop_rl/install/unitree_api/include/unitree_api/unitree_api/msg/detail/request_identity__struct.hpp\n'}
[14.503431] (unitree_api) StdoutLine: {'line': b'-- Installing: /home/ruben/go2_deploy/workhop_rl/install/unitree_api/include/unitree_api/unitree_api/msg/detail/request_policy__type_support.hpp\n'}
[14.503495] (unitree_api) StdoutLine: {'line': b'-- Installing: /home/ruben/go2_deploy/workhop_rl/install/unitree_api/include/unitree_api/unitree_api/msg/detail/request__type_support.hpp\n'}
[14.503562] (unitree_api) StdoutLine: {'line': b'-- Installing: /home/ruben/go2_deploy/workhop_rl/install/unitree_api/include/unitree_api/unitree_api/msg/detail/request__struct.hpp\n'}
[14.503628] (unitree_api) StdoutLine: {'line': b'-- Installing: /home/ruben/go2_deploy/workhop_rl/install/unitree_api/include/unitree_api/unitree_api/msg/detail/response_status__builder.hpp\n'}
[14.503694] (unitree_api) StdoutLine: {'line': b'-- Installing: /home/ruben/go2_deploy/workhop_rl/install/unitree_api/include/unitree_api/unitree_api/msg/detail/request_policy__struct.hpp\n'}
[14.503759] (unitree_api) StdoutLine: {'line': b'-- Installing: /home/ruben/go2_deploy/workhop_rl/install/unitree_api/include/unitree_api/unitree_api/msg/detail/response__type_support.hpp\n'}
[14.503823] (unitree_api) StdoutLine: {'line': b'-- Installing: /home/ruben/go2_deploy/workhop_rl/install/unitree_api/include/unitree_api/unitree_api/msg/detail/request_identity__type_support.hpp\n'}
[14.503885] (unitree_api) StdoutLine: {'line': b'-- Installing: /home/ruben/go2_deploy/workhop_rl/install/unitree_api/include/unitree_api/unitree_api/msg/detail/response_header__traits.hpp\n'}
[14.503946] (unitree_api) StdoutLine: {'line': b'-- Installing: /home/ruben/go2_deploy/workhop_rl/install/unitree_api/include/unitree_api/unitree_api/msg/detail/request_header__builder.hpp\n'}
[14.504009] (unitree_api) StdoutLine: {'line': b'-- Installing: /home/ruben/go2_deploy/workhop_rl/install/unitree_api/include/unitree_api/unitree_api/msg/detail/request_policy__traits.hpp\n'}
[14.504085] (unitree_api) StdoutLine: {'line': b'-- Installing: /home/ruben/go2_deploy/workhop_rl/install/unitree_api/include/unitree_api/unitree_api/msg/detail/request_lease__type_support.hpp\n'}
[14.504151] (unitree_api) StdoutLine: {'line': b'-- Installing: /home/ruben/go2_deploy/workhop_rl/install/unitree_api/include/unitree_api/unitree_api/msg/detail/request_lease__builder.hpp\n'}
[14.504215] (unitree_api) StdoutLine: {'line': b'-- Installing: /home/ruben/go2_deploy/workhop_rl/install/unitree_api/include/unitree_api/unitree_api/msg/detail/response_status__traits.hpp\n'}
[14.504279] (unitree_api) StdoutLine: {'line': b'-- Installing: /home/ruben/go2_deploy/workhop_rl/install/unitree_api/include/unitree_api/unitree_api/msg/detail/response_status__struct.hpp\n'}
[14.504342] (unitree_api) StdoutLine: {'line': b'-- Installing: /home/ruben/go2_deploy/workhop_rl/install/unitree_api/include/unitree_api/unitree_api/msg/detail/response_status__type_support.hpp\n'}
[14.504406] (unitree_api) StdoutLine: {'line': b'-- Installing: /home/ruben/go2_deploy/workhop_rl/install/unitree_api/include/unitree_api/unitree_api/msg/response.hpp\n'}
[14.504471] (unitree_api) StdoutLine: {'line': b'-- Installing: /home/ruben/go2_deploy/workhop_rl/install/unitree_api/include/unitree_api/unitree_api/msg/rosidl_generator_cpp__visibility_control.hpp\n'}
[14.504534] (unitree_api) StdoutLine: {'line': b'-- Installing: /home/ruben/go2_deploy/workhop_rl/install/unitree_api/include/unitree_api/unitree_api/msg/request.hpp\n'}
[14.504598] (unitree_api) StdoutLine: {'line': b'-- Installing: /home/ruben/go2_deploy/workhop_rl/install/unitree_api/include/unitree_api/unitree_api/msg/request_lease.hpp\n'}
[14.504659] (unitree_api) StdoutLine: {'line': b'-- Installing: /home/ruben/go2_deploy/workhop_rl/install/unitree_api/include/unitree_api/unitree_api/msg/response_status.hpp\n'}
[14.504722] (unitree_api) StdoutLine: {'line': b'-- Up-to-date: /home/ruben/go2_deploy/workhop_rl/install/unitree_api/include/unitree_api/unitree_api\n'}
[14.504785] (unitree_api) StdoutLine: {'line': b'-- Up-to-date: /home/ruben/go2_deploy/workhop_rl/install/unitree_api/include/unitree_api/unitree_api/msg\n'}
[14.504854] (unitree_api) StdoutLine: {'line': b'-- Up-to-date: /home/ruben/go2_deploy/workhop_rl/install/unitree_api/include/unitree_api/unitree_api/msg/detail\n'}
[14.504916] (unitree_api) StdoutLine: {'line': b'-- Installing: /home/ruben/go2_deploy/workhop_rl/install/unitree_api/include/unitree_api/unitree_api/msg/detail/response__rosidl_typesupport_fastrtps_cpp.hpp\n'}
[14.504979] (unitree_api) StdoutLine: {'line': b'-- Installing: /home/ruben/go2_deploy/workhop_rl/install/unitree_api/include/unitree_api/unitree_api/msg/detail/request_lease__rosidl_typesupport_fastrtps_cpp.hpp\n'}
[14.505054] (unitree_api) StdoutLine: {'line': b'-- Installing: /home/ruben/go2_deploy/workhop_rl/install/unitree_api/include/unitree_api/unitree_api/msg/detail/request_identity__rosidl_typesupport_fastrtps_cpp.hpp\n'}
[14.505123] (unitree_api) StdoutLine: {'line': b'-- Installing: /home/ruben/go2_deploy/workhop_rl/install/unitree_api/include/unitree_api/unitree_api/msg/detail/request_header__rosidl_typesupport_fastrtps_cpp.hpp\n'}
[14.505185] (unitree_api) StdoutLine: {'line': b'-- Installing: /home/ruben/go2_deploy/workhop_rl/install/unitree_api/include/unitree_api/unitree_api/msg/detail/response_header__rosidl_typesupport_fastrtps_cpp.hpp\n'}
[14.505255] (unitree_api) StdoutLine: {'line': b'-- Installing: /home/ruben/go2_deploy/workhop_rl/install/unitree_api/include/unitree_api/unitree_api/msg/detail/request__rosidl_typesupport_fastrtps_cpp.hpp\n'}
[14.505316] (unitree_api) StdoutLine: {'line': b'-- Installing: /home/ruben/go2_deploy/workhop_rl/install/unitree_api/include/unitree_api/unitree_api/msg/detail/response_status__rosidl_typesupport_fastrtps_cpp.hpp\n'}
[14.505382] (unitree_api) StdoutLine: {'line': b'-- Installing: /home/ruben/go2_deploy/workhop_rl/install/unitree_api/include/unitree_api/unitree_api/msg/detail/dds_fastrtps\n'}
[14.505446] (unitree_api) StdoutLine: {'line': b'-- Installing: /home/ruben/go2_deploy/workhop_rl/install/unitree_api/include/unitree_api/unitree_api/msg/detail/request_policy__rosidl_typesupport_fastrtps_cpp.hpp\n'}
[14.505507] (unitree_api) StdoutLine: {'line': b'-- Installing: /home/ruben/go2_deploy/workhop_rl/install/unitree_api/include/unitree_api/unitree_api/msg/rosidl_typesupport_fastrtps_cpp__visibility_control.h\n'}
[14.505582] (unitree_api) StdoutLine: {'line': b'-- Installing: /home/ruben/go2_deploy/workhop_rl/install/unitree_api/lib/libunitree_api__rosidl_typesupport_fastrtps_cpp.so\n'}
[14.505669] (unitree_api) StdoutLine: {'line': b'-- Set runtime path of "/home/ruben/go2_deploy/workhop_rl/install/unitree_api/lib/libunitree_api__rosidl_typesupport_fastrtps_cpp.so" to ""\n'}
[14.505758] (unitree_api) StdoutLine: {'line': b'-- Up-to-date: /home/ruben/go2_deploy/workhop_rl/install/unitree_api/include/unitree_api/unitree_api\n'}
[14.505856] (unitree_api) StdoutLine: {'line': b'-- Up-to-date: /home/ruben/go2_deploy/workhop_rl/install/unitree_api/include/unitree_api/unitree_api/msg\n'}
[14.505955] (unitree_api) StdoutLine: {'line': b'-- Up-to-date: /home/ruben/go2_deploy/workhop_rl/install/unitree_api/include/unitree_api/unitree_api/msg/detail\n'}
[14.506067] (unitree_api) StdoutLine: {'line': b'-- Installing: /home/ruben/go2_deploy/workhop_rl/install/unitree_api/include/unitree_api/unitree_api/msg/detail/response_status__rosidl_typesupport_introspection_c.h\n'}
[14.506231] (unitree_api) StdoutLine: {'line': b'-- Installing: /home/ruben/go2_deploy/workhop_rl/install/unitree_api/include/unitree_api/unitree_api/msg/detail/request_policy__rosidl_typesupport_introspection_c.h\n'}
[14.506298] (unitree_api) StdoutLine: {'line': b'-- Installing: /home/ruben/go2_deploy/workhop_rl/install/unitree_api/include/unitree_api/unitree_api/msg/detail/request__rosidl_typesupport_introspection_c.h\n'}
[14.506352] (unitree_api) StdoutLine: {'line': b'-- Installing: /home/ruben/go2_deploy/workhop_rl/install/unitree_api/include/unitree_api/unitree_api/msg/detail/response_header__type_support.c\n'}
[14.506402] (unitree_api) StdoutLine: {'line': b'-- Installing: /home/ruben/go2_deploy/workhop_rl/install/unitree_api/include/unitree_api/unitree_api/msg/detail/response__rosidl_typesupport_introspection_c.h\n'}
[14.506467] (unitree_api) StdoutLine: {'line': b'-- Installing: /home/ruben/go2_deploy/workhop_rl/install/unitree_api/include/unitree_api/unitree_api/msg/detail/request_policy__type_support.c\n'}
[14.506514] (unitree_api) StdoutLine: {'line': b'-- Installing: /home/ruben/go2_deploy/workhop_rl/install/unitree_api/include/unitree_api/unitree_api/msg/detail/response_header__rosidl_typesupport_introspection_c.h\n'}
[14.506558] (unitree_api) StdoutLine: {'line': b'-- Installing: /home/ruben/go2_deploy/workhop_rl/install/unitree_api/include/unitree_api/unitree_api/msg/detail/request_header__type_support.c\n'}
[14.506604] (unitree_api) StdoutLine: {'line': b'-- Installing: /home/ruben/go2_deploy/workhop_rl/install/unitree_api/include/unitree_api/unitree_api/msg/detail/request_header__rosidl_typesupport_introspection_c.h\n'}
[14.506647] (unitree_api) StdoutLine: {'line': b'-- Installing: /home/ruben/go2_deploy/workhop_rl/install/unitree_api/include/unitree_api/unitree_api/msg/detail/request_lease__rosidl_typesupport_introspection_c.h\n'}
[14.506690] (unitree_api) StdoutLine: {'line': b'-- Installing: /home/ruben/go2_deploy/workhop_rl/install/unitree_api/include/unitree_api/unitree_api/msg/detail/request_identity__rosidl_typesupport_introspection_c.h\n'}
[14.506734] (unitree_api) StdoutLine: {'line': b'-- Installing: /home/ruben/go2_deploy/workhop_rl/install/unitree_api/include/unitree_api/unitree_api/msg/detail/request_lease__type_support.c\n'}
[14.506777] (unitree_api) StdoutLine: {'line': b'-- Installing: /home/ruben/go2_deploy/workhop_rl/install/unitree_api/include/unitree_api/unitree_api/msg/detail/response_status__type_support.c\n'}
[14.506819] (unitree_api) StdoutLine: {'line': b'-- Installing: /home/ruben/go2_deploy/workhop_rl/install/unitree_api/include/unitree_api/unitree_api/msg/detail/request_identity__type_support.c\n'}
[14.506861] (unitree_api) StdoutLine: {'line': b'-- Installing: /home/ruben/go2_deploy/workhop_rl/install/unitree_api/include/unitree_api/unitree_api/msg/detail/request__type_support.c\n'}
[14.506903] (unitree_api) StdoutLine: {'line': b'-- Installing: /home/ruben/go2_deploy/workhop_rl/install/unitree_api/include/unitree_api/unitree_api/msg/detail/response__type_support.c\n'}
[14.506945] (unitree_api) StdoutLine: {'line': b'-- Installing: /home/ruben/go2_deploy/workhop_rl/install/unitree_api/include/unitree_api/unitree_api/msg/rosidl_typesupport_introspection_c__visibility_control.h\n'}
[14.506988] (unitree_api) StdoutLine: {'line': b'-- Installing: /home/ruben/go2_deploy/workhop_rl/install/unitree_api/lib/libunitree_api__rosidl_typesupport_introspection_c.so\n'}
[14.507052] (unitree_api) StdoutLine: {'line': b'-- Set runtime path of "/home/ruben/go2_deploy/workhop_rl/install/unitree_api/lib/libunitree_api__rosidl_typesupport_introspection_c.so" to ""\n'}
[14.507100] (unitree_api) StdoutLine: {'line': b'-- Installing: /home/ruben/go2_deploy/workhop_rl/install/unitree_api/lib/libunitree_api__rosidl_typesupport_c.so\n'}
[14.507142] (unitree_api) StdoutLine: {'line': b'-- Set runtime path of "/home/ruben/go2_deploy/workhop_rl/install/unitree_api/lib/libunitree_api__rosidl_typesupport_c.so" to ""\n'}
[14.507184] (unitree_api) StdoutLine: {'line': b'-- Up-to-date: /home/ruben/go2_deploy/workhop_rl/install/unitree_api/include/unitree_api/unitree_api\n'}
[14.507226] (unitree_api) StdoutLine: {'line': b'-- Up-to-date: /home/ruben/go2_deploy/workhop_rl/install/unitree_api/include/unitree_api/unitree_api/msg\n'}
[14.507267] (unitree_api) StdoutLine: {'line': b'-- Up-to-date: /home/ruben/go2_deploy/workhop_rl/install/unitree_api/include/unitree_api/unitree_api/msg/detail\n'}
[14.507307] (unitree_api) StdoutLine: {'line': b'-- Installing: /home/ruben/go2_deploy/workhop_rl/install/unitree_api/include/unitree_api/unitree_api/msg/detail/request__rosidl_typesupport_introspection_cpp.hpp\n'}
[14.507347] (unitree_api) StdoutLine: {'line': b'-- Installing: /home/ruben/go2_deploy/workhop_rl/install/unitree_api/include/unitree_api/unitree_api/msg/detail/response__rosidl_typesupport_introspection_cpp.hpp\n'}
[14.507394] (unitree_api) StdoutLine: {'line': b'-- Installing: /home/ruben/go2_deploy/workhop_rl/install/unitree_api/include/unitree_api/unitree_api/msg/detail/response__type_support.cpp\n'}
[14.507434] (unitree_api) StdoutLine: {'line': b'-- Installing: /home/ruben/go2_deploy/workhop_rl/install/unitree_api/include/unitree_api/unitree_api/msg/detail/response_status__type_support.cpp\n'}
[14.507474] (unitree_api) StdoutLine: {'line': b'-- Installing: /home/ruben/go2_deploy/workhop_rl/install/unitree_api/include/unitree_api/unitree_api/msg/detail/request_policy__rosidl_typesupport_introspection_cpp.hpp\n'}
[14.507514] (unitree_api) StdoutLine: {'line': b'-- Installing: /home/ruben/go2_deploy/workhop_rl/install/unitree_api/include/unitree_api/unitree_api/msg/detail/request_lease__type_support.cpp\n'}
[14.507554] (unitree_api) StdoutLine: {'line': b'-- Installing: /home/ruben/go2_deploy/workhop_rl/install/unitree_api/include/unitree_api/unitree_api/msg/detail/request_lease__rosidl_typesupport_introspection_cpp.hpp\n'}
[14.507593] (unitree_api) StdoutLine: {'line': b'-- Installing: /home/ruben/go2_deploy/workhop_rl/install/unitree_api/include/unitree_api/unitree_api/msg/detail/response_status__rosidl_typesupport_introspection_cpp.hpp\n'}
[14.507633] (unitree_api) StdoutLine: {'line': b'-- Installing: /home/ruben/go2_deploy/workhop_rl/install/unitree_api/include/unitree_api/unitree_api/msg/detail/response_header__type_support.cpp\n'}
[14.507672] (unitree_api) StdoutLine: {'line': b'-- Installing: /home/ruben/go2_deploy/workhop_rl/install/unitree_api/include/unitree_api/unitree_api/msg/detail/request_header__type_support.cpp\n'}
[14.507712] (unitree_api) StdoutLine: {'line': b'-- Installing: /home/ruben/go2_deploy/workhop_rl/install/unitree_api/include/unitree_api/unitree_api/msg/detail/request_identity__type_support.cpp\n'}
[14.507751] (unitree_api) StdoutLine: {'line': b'-- Installing: /home/ruben/go2_deploy/workhop_rl/install/unitree_api/include/unitree_api/unitree_api/msg/detail/request_identity__rosidl_typesupport_introspection_cpp.hpp\n'}
[14.507791] (unitree_api) StdoutLine: {'line': b'-- Installing: /home/ruben/go2_deploy/workhop_rl/install/unitree_api/include/unitree_api/unitree_api/msg/detail/request_header__rosidl_typesupport_introspection_cpp.hpp\n'}
[14.507831] (unitree_api) StdoutLine: {'line': b'-- Installing: /home/ruben/go2_deploy/workhop_rl/install/unitree_api/include/unitree_api/unitree_api/msg/detail/request__type_support.cpp\n'}
[14.507871] (unitree_api) StdoutLine: {'line': b'-- Installing: /home/ruben/go2_deploy/workhop_rl/install/unitree_api/include/unitree_api/unitree_api/msg/detail/request_policy__type_support.cpp\n'}
[14.507910] (unitree_api) StdoutLine: {'line': b'-- Installing: /home/ruben/go2_deploy/workhop_rl/install/unitree_api/include/unitree_api/unitree_api/msg/detail/response_header__rosidl_typesupport_introspection_cpp.hpp\n'}
[14.507950] (unitree_api) StdoutLine: {'line': b'-- Installing: /home/ruben/go2_deploy/workhop_rl/install/unitree_api/lib/libunitree_api__rosidl_typesupport_introspection_cpp.so\n'}
[14.507990] (unitree_api) StdoutLine: {'line': b'-- Set runtime path of "/home/ruben/go2_deploy/workhop_rl/install/unitree_api/lib/libunitree_api__rosidl_typesupport_introspection_cpp.so" to ""\n'}
[14.508034] (unitree_api) StdoutLine: {'line': b'-- Installing: /home/ruben/go2_deploy/workhop_rl/install/unitree_api/lib/libunitree_api__rosidl_typesupport_cpp.so\n'}
[14.508079] (unitree_api) StdoutLine: {'line': b'-- Set runtime path of "/home/ruben/go2_deploy/workhop_rl/install/unitree_api/lib/libunitree_api__rosidl_typesupport_cpp.so" to ""\n'}
[14.508120] (unitree_api) StdoutLine: {'line': b'-- Installing: /home/ruben/go2_deploy/workhop_rl/install/unitree_api/share/unitree_api/environment/pythonpath.sh\n'}
[14.508163] (unitree_api) StdoutLine: {'line': b'-- Installing: /home/ruben/go2_deploy/workhop_rl/install/unitree_api/share/unitree_api/environment/pythonpath.dsv\n'}
[14.508205] (unitree_api) StdoutLine: {'line': b'-- Installing: /home/ruben/go2_deploy/workhop_rl/install/unitree_api/local/lib/python3.10/dist-packages/unitree_api-0.0.0-py3.10.egg-info\n'}
[14.508251] (unitree_api) StdoutLine: {'line': b'-- Installing: /home/ruben/go2_deploy/workhop_rl/install/unitree_api/local/lib/python3.10/dist-packages/unitree_api-0.0.0-py3.10.egg-info/SOURCES.txt\n'}
[14.508290] (unitree_api) StdoutLine: {'line': b'-- Installing: /home/ruben/go2_deploy/workhop_rl/install/unitree_api/local/lib/python3.10/dist-packages/unitree_api-0.0.0-py3.10.egg-info/PKG-INFO\n'}
[14.508331] (unitree_api) StdoutLine: {'line': b'-- Installing: /home/ruben/go2_deploy/workhop_rl/install/unitree_api/local/lib/python3.10/dist-packages/unitree_api-0.0.0-py3.10.egg-info/top_level.txt\n'}
[14.508370] (unitree_api) StdoutLine: {'line': b'-- Installing: /home/ruben/go2_deploy/workhop_rl/install/unitree_api/local/lib/python3.10/dist-packages/unitree_api-0.0.0-py3.10.egg-info/dependency_links.txt\n'}
[14.508411] (unitree_api) StdoutLine: {'line': b'-- Installing: /home/ruben/go2_deploy/workhop_rl/install/unitree_api/local/lib/python3.10/dist-packages/unitree_api\n'}
[14.508451] (unitree_api) StdoutLine: {'line': b'-- Installing: /home/ruben/go2_deploy/workhop_rl/install/unitree_api/local/lib/python3.10/dist-packages/unitree_api/unitree_api_s__rosidl_typesupport_fastrtps_c.cpython-310-x86_64-linux-gnu.so\n'}
[14.508492] (unitree_api) StdoutLine: {'line': b'-- Installing: /home/ruben/go2_deploy/workhop_rl/install/unitree_api/local/lib/python3.10/dist-packages/unitree_api/_unitree_api_s.ep.rosidl_typesupport_fastrtps_c.c\n'}
[14.508532] (unitree_api) StdoutLine: {'line': b'-- Installing: /home/ruben/go2_deploy/workhop_rl/install/unitree_api/local/lib/python3.10/dist-packages/unitree_api/_unitree_api_s.ep.rosidl_typesupport_c.c\n'}
[14.508571] (unitree_api) StdoutLine: {'line': b'-- Installing: /home/ruben/go2_deploy/workhop_rl/install/unitree_api/local/lib/python3.10/dist-packages/unitree_api/__init__.py\n'}
[14.508611] (unitree_api) StdoutLine: {'line': b'-- Installing: /home/ruben/go2_deploy/workhop_rl/install/unitree_api/local/lib/python3.10/dist-packages/unitree_api/unitree_api_s__rosidl_typesupport_c.cpython-310-x86_64-linux-gnu.so\n'}
[14.508651] (unitree_api) StdoutLine: {'line': b'-- Installing: /home/ruben/go2_deploy/workhop_rl/install/unitree_api/local/lib/python3.10/dist-packages/unitree_api/_unitree_api_s.ep.rosidl_typesupport_introspection_c.c\n'}
[14.508690] (unitree_api) StdoutLine: {'line': b'-- Installing: /home/ruben/go2_deploy/workhop_rl/install/unitree_api/local/lib/python3.10/dist-packages/unitree_api/libunitree_api__rosidl_generator_py.so\n'}
[14.508729] (unitree_api) StdoutLine: {'line': b'-- Installing: /home/ruben/go2_deploy/workhop_rl/install/unitree_api/local/lib/python3.10/dist-packages/unitree_api/unitree_api_s__rosidl_typesupport_introspection_c.cpython-310-x86_64-linux-gnu.so\n'}
[14.508769] (unitree_api) StdoutLine: {'line': b'-- Installing: /home/ruben/go2_deploy/workhop_rl/install/unitree_api/local/lib/python3.10/dist-packages/unitree_api/msg\n'}
[14.508809] (unitree_api) StdoutLine: {'line': b'-- Installing: /home/ruben/go2_deploy/workhop_rl/install/unitree_api/local/lib/python3.10/dist-packages/unitree_api/msg/_request_identity.py\n'}
[14.508848] (unitree_api) StdoutLine: {'line': b'-- Installing: /home/ruben/go2_deploy/workhop_rl/install/unitree_api/local/lib/python3.10/dist-packages/unitree_api/msg/_request_lease_s.c\n'}
[14.508887] (unitree_api) StdoutLine: {'line': b'-- Installing: /home/ruben/go2_deploy/workhop_rl/install/unitree_api/local/lib/python3.10/dist-packages/unitree_api/msg/_response_s.c\n'}
[14.508926] (unitree_api) StdoutLine: {'line': b'-- Installing: /home/ruben/go2_deploy/workhop_rl/install/unitree_api/local/lib/python3.10/dist-packages/unitree_api/msg/_request_lease.py\n'}
[14.508966] (unitree_api) StdoutLine: {'line': b'-- Installing: /home/ruben/go2_deploy/workhop_rl/install/unitree_api/local/lib/python3.10/dist-packages/unitree_api/msg/_request_policy_s.c\n'}
[14.509009] (unitree_api) StdoutLine: {'line': b'-- Installing: /home/ruben/go2_deploy/workhop_rl/install/unitree_api/local/lib/python3.10/dist-packages/unitree_api/msg/__init__.py\n'}
[14.509057] (unitree_api) StdoutLine: {'line': b'-- Installing: /home/ruben/go2_deploy/workhop_rl/install/unitree_api/local/lib/python3.10/dist-packages/unitree_api/msg/_response_status.py\n'}
[14.509098] (unitree_api) StdoutLine: {'line': b'-- Installing: /home/ruben/go2_deploy/workhop_rl/install/unitree_api/local/lib/python3.10/dist-packages/unitree_api/msg/_request.py\n'}
[14.509138] (unitree_api) StdoutLine: {'line': b'-- Installing: /home/ruben/go2_deploy/workhop_rl/install/unitree_api/local/lib/python3.10/dist-packages/unitree_api/msg/_request_identity_s.c\n'}
[14.509179] (unitree_api) StdoutLine: {'line': b'-- Installing: /home/ruben/go2_deploy/workhop_rl/install/unitree_api/local/lib/python3.10/dist-packages/unitree_api/msg/_request_header_s.c\n'}
[14.509222] (unitree_api) StdoutLine: {'line': b'-- Installing: /home/ruben/go2_deploy/workhop_rl/install/unitree_api/local/lib/python3.10/dist-packages/unitree_api/msg/_response_header.py\n'}
[14.509262] (unitree_api) StdoutLine: {'line': b'-- Installing: /home/ruben/go2_deploy/workhop_rl/install/unitree_api/local/lib/python3.10/dist-packages/unitree_api/msg/_response_status_s.c\n'}
[14.509303] (unitree_api) StdoutLine: {'line': b'-- Installing: /home/ruben/go2_deploy/workhop_rl/install/unitree_api/local/lib/python3.10/dist-packages/unitree_api/msg/_request_policy.py\n'}
[14.509343] (unitree_api) StdoutLine: {'line': b'-- Installing: /home/ruben/go2_deploy/workhop_rl/install/unitree_api/local/lib/python3.10/dist-packages/unitree_api/msg/_response.py\n'}
[14.509388] (unitree_api) StdoutLine: {'line': b'-- Installing: /home/ruben/go2_deploy/workhop_rl/install/unitree_api/local/lib/python3.10/dist-packages/unitree_api/msg/_request_s.c\n'}
[14.509429] (unitree_api) StdoutLine: {'line': b'-- Installing: /home/ruben/go2_deploy/workhop_rl/install/unitree_api/local/lib/python3.10/dist-packages/unitree_api/msg/_response_header_s.c\n'}
[14.509469] (unitree_api) StdoutLine: {'line': b'-- Installing: /home/ruben/go2_deploy/workhop_rl/install/unitree_api/local/lib/python3.10/dist-packages/unitree_api/msg/_request_header.py\n'}
[14.522685] (unitree_hg) StdoutLine: {'line': b'[ 98%] Built target unitree_hg__rosidl_typesupport_fastrtps_c__pyext\n'}
[14.523105] (rmw_cyclonedds_cpp) StdoutLine: {'line': b'-- Found rcutils: 5.1.7 (/opt/ros/humble/share/rcutils/cmake)\n'}
[14.530148] (rmw_cyclonedds_cpp) StdoutLine: {'line': b'-- Found rcpputils: 2.4.6 (/opt/ros/humble/share/rcpputils/cmake)\n'}
[14.577669] (-) TimerEvent: {}
[14.584435] (rmw_cyclonedds_cpp) StdoutLine: {'line': b'-- Found tracetools: 4.1.1 (/opt/ros/humble/share/tracetools/cmake)\n'}
[14.587156] (unitree_hg) StdoutLine: {'line': b'[100%] \x1b[32m\x1b[1mLinking C shared library rosidl_generator_py/unitree_hg/unitree_hg_s__rosidl_typesupport_c.cpython-310-x86_64-linux-gnu.so\x1b[0m\n'}
[14.587295] (unitree_hg) StdoutLine: {'line': b'[100%] \x1b[32m\x1b[1mLinking C shared library rosidl_generator_py/unitree_hg/unitree_hg_s__rosidl_typesupport_introspection_c.cpython-310-x86_64-linux-gnu.so\x1b[0m\n'}
[14.596509] (rmw_cyclonedds_cpp) StdoutLine: {'line': b'-- Found rmw: 6.1.2 (/opt/ros/humble/share/rmw/cmake)\n'}
[14.605385] (unitree_api) StdoutLine: {'line': b"Listing '/home/ruben/go2_deploy/workhop_rl/install/unitree_api/local/lib/python3.10/dist-packages/unitree_api'...\n"}
[14.605576] (unitree_api) StdoutLine: {'line': b"Compiling '/home/ruben/go2_deploy/workhop_rl/install/unitree_api/local/lib/python3.10/dist-packages/unitree_api/__init__.py'...\n"}
[14.605626] (unitree_api) StdoutLine: {'line': b"Listing '/home/ruben/go2_deploy/workhop_rl/install/unitree_api/local/lib/python3.10/dist-packages/unitree_api/msg'...\n"}
[14.605671] (unitree_api) StdoutLine: {'line': b"Compiling '/home/ruben/go2_deploy/workhop_rl/install/unitree_api/local/lib/python3.10/dist-packages/unitree_api/msg/__init__.py'...\n"}
[14.605727] (unitree_api) StdoutLine: {'line': b"Compiling '/home/ruben/go2_deploy/workhop_rl/install/unitree_api/local/lib/python3.10/dist-packages/unitree_api/msg/_request.py'...\n"}
[14.605769] (unitree_api) StdoutLine: {'line': b"Compiling '/home/ruben/go2_deploy/workhop_rl/install/unitree_api/local/lib/python3.10/dist-packages/unitree_api/msg/_request_header.py'...\n"}
[14.605811] (unitree_api) StdoutLine: {'line': b"Compiling '/home/ruben/go2_deploy/workhop_rl/install/unitree_api/local/lib/python3.10/dist-packages/unitree_api/msg/_request_identity.py'...\n"}
[14.605853] (unitree_api) StdoutLine: {'line': b"Compiling '/home/ruben/go2_deploy/workhop_rl/install/unitree_api/local/lib/python3.10/dist-packages/unitree_api/msg/_request_lease.py'...\n"}
[14.605895] (unitree_api) StdoutLine: {'line': b"Compiling '/home/ruben/go2_deploy/workhop_rl/install/unitree_api/local/lib/python3.10/dist-packages/unitree_api/msg/_request_policy.py'...\n"}
[14.605936] (unitree_api) StdoutLine: {'line': b"Compiling '/home/ruben/go2_deploy/workhop_rl/install/unitree_api/local/lib/python3.10/dist-packages/unitree_api/msg/_response.py'...\n"}
[14.605977] (unitree_api) StdoutLine: {'line': b"Compiling '/home/ruben/go2_deploy/workhop_rl/install/unitree_api/local/lib/python3.10/dist-packages/unitree_api/msg/_response_header.py'...\n"}
[14.606018] (unitree_api) StdoutLine: {'line': b"Compiling '/home/ruben/go2_deploy/workhop_rl/install/unitree_api/local/lib/python3.10/dist-packages/unitree_api/msg/_response_status.py'...\n"}
[14.612369] (unitree_api) StdoutLine: {'line': b'-- Installing: /home/ruben/go2_deploy/workhop_rl/install/unitree_api/local/lib/python3.10/dist-packages/unitree_api/unitree_api_s__rosidl_typesupport_fastrtps_c.cpython-310-x86_64-linux-gnu.so\n'}
[14.612640] (unitree_api) StdoutLine: {'line': b'-- Set runtime path of "/home/ruben/go2_deploy/workhop_rl/install/unitree_api/local/lib/python3.10/dist-packages/unitree_api/unitree_api_s__rosidl_typesupport_fastrtps_c.cpython-310-x86_64-linux-gnu.so" to ""\n'}
[14.612829] (unitree_api) StdoutLine: {'line': b'-- Installing: /home/ruben/go2_deploy/workhop_rl/install/unitree_api/local/lib/python3.10/dist-packages/unitree_api/unitree_api_s__rosidl_typesupport_introspection_c.cpython-310-x86_64-linux-gnu.so\n'}
[14.613119] (unitree_api) StdoutLine: {'line': b'-- Set runtime path of "/home/ruben/go2_deploy/workhop_rl/install/unitree_api/local/lib/python3.10/dist-packages/unitree_api/unitree_api_s__rosidl_typesupport_introspection_c.cpython-310-x86_64-linux-gnu.so" to ""\n'}
[14.613294] (unitree_api) StdoutLine: {'line': b'-- Installing: /home/ruben/go2_deploy/workhop_rl/install/unitree_api/local/lib/python3.10/dist-packages/unitree_api/unitree_api_s__rosidl_typesupport_c.cpython-310-x86_64-linux-gnu.so\n'}
[14.613581] (unitree_api) StdoutLine: {'line': b'-- Set runtime path of "/home/ruben/go2_deploy/workhop_rl/install/unitree_api/local/lib/python3.10/dist-packages/unitree_api/unitree_api_s__rosidl_typesupport_c.cpython-310-x86_64-linux-gnu.so" to ""\n'}
[14.613652] (unitree_api) StdoutLine: {'line': b'-- Installing: /home/ruben/go2_deploy/workhop_rl/install/unitree_api/lib/libunitree_api__rosidl_generator_py.so\n'}
[14.613952] (unitree_api) StdoutLine: {'line': b'-- Set runtime path of "/home/ruben/go2_deploy/workhop_rl/install/unitree_api/lib/libunitree_api__rosidl_generator_py.so" to ""\n'}
[14.614044] (unitree_api) StdoutLine: {'line': b'-- Installing: /home/ruben/go2_deploy/workhop_rl/install/unitree_api/share/unitree_api/msg/Request.idl\n'}
[14.614163] (unitree_api) StdoutLine: {'line': b'-- Installing: /home/ruben/go2_deploy/workhop_rl/install/unitree_api/share/unitree_api/msg/RequestHeader.idl\n'}
[14.614286] (unitree_api) StdoutLine: {'line': b'-- Installing: /home/ruben/go2_deploy/workhop_rl/install/unitree_api/share/unitree_api/msg/RequestIdentity.idl\n'}
[14.614387] (unitree_api) StdoutLine: {'line': b'-- Installing: /home/ruben/go2_deploy/workhop_rl/install/unitree_api/share/unitree_api/msg/RequestLease.idl\n'}
[14.614489] (unitree_api) StdoutLine: {'line': b'-- Installing: /home/ruben/go2_deploy/workhop_rl/install/unitree_api/share/unitree_api/msg/RequestPolicy.idl\n'}
[14.614600] (unitree_api) StdoutLine: {'line': b'-- Installing: /home/ruben/go2_deploy/workhop_rl/install/unitree_api/share/unitree_api/msg/Response.idl\n'}
[14.614700] (unitree_api) StdoutLine: {'line': b'-- Installing: /home/ruben/go2_deploy/workhop_rl/install/unitree_api/share/unitree_api/msg/ResponseHeader.idl\n'}
[14.614789] (unitree_api) StdoutLine: {'line': b'-- Installing: /home/ruben/go2_deploy/workhop_rl/install/unitree_api/share/unitree_api/msg/ResponseStatus.idl\n'}
[14.614883] (unitree_api) StdoutLine: {'line': b'-- Installing: /home/ruben/go2_deploy/workhop_rl/install/unitree_api/share/unitree_api/msg/Request.msg\n'}
[14.614972] (unitree_api) StdoutLine: {'line': b'-- Installing: /home/ruben/go2_deploy/workhop_rl/install/unitree_api/share/unitree_api/msg/RequestHeader.msg\n'}
[14.615071] (unitree_api) StdoutLine: {'line': b'-- Installing: /home/ruben/go2_deploy/workhop_rl/install/unitree_api/share/unitree_api/msg/RequestIdentity.msg\n'}
[14.615174] (unitree_api) StdoutLine: {'line': b'-- Installing: /home/ruben/go2_deploy/workhop_rl/install/unitree_api/share/unitree_api/msg/RequestLease.msg\n'}
[14.615279] (unitree_api) StdoutLine: {'line': b'-- Installing: /home/ruben/go2_deploy/workhop_rl/install/unitree_api/share/unitree_api/msg/RequestPolicy.msg\n'}
[14.615394] (unitree_api) StdoutLine: {'line': b'-- Installing: /home/ruben/go2_deploy/workhop_rl/install/unitree_api/share/unitree_api/msg/Response.msg\n'}
[14.615498] (unitree_api) StdoutLine: {'line': b'-- Installing: /home/ruben/go2_deploy/workhop_rl/install/unitree_api/share/unitree_api/msg/ResponseHeader.msg\n'}
[14.615635] (unitree_api) StdoutLine: {'line': b'-- Installing: /home/ruben/go2_deploy/workhop_rl/install/unitree_api/share/unitree_api/msg/ResponseStatus.msg\n'}
[14.615733] (unitree_api) StdoutLine: {'line': b'-- Installing: /home/ruben/go2_deploy/workhop_rl/install/unitree_api/share/unitree_api/msg/dds_connext\n'}
[14.615802] (unitree_api) StdoutLine: {'line': b'-- Installing: /home/ruben/go2_deploy/workhop_rl/install/unitree_api/share/unitree_api/msg/dds_connext/ResponseHeader_.idl\n'}
[14.615876] (unitree_api) StdoutLine: {'line': b'-- Installing: /home/ruben/go2_deploy/workhop_rl/install/unitree_api/share/unitree_api/msg/dds_connext/RequestLease_.idl\n'}
[14.615941] (unitree_api) StdoutLine: {'line': b'-- Installing: /home/ruben/go2_deploy/workhop_rl/install/unitree_api/share/unitree_api/msg/dds_connext/Request_.idl\n'}
[14.616004] (unitree_api) StdoutLine: {'line': b'-- Installing: /home/ruben/go2_deploy/workhop_rl/install/unitree_api/share/unitree_api/msg/dds_connext/RequestIdentity_.idl\n'}
[14.616072] (unitree_api) StdoutLine: {'line': b'-- Installing: /home/ruben/go2_deploy/workhop_rl/install/unitree_api/share/unitree_api/msg/dds_connext/RequestHeader_.idl\n'}
[14.616135] (unitree_api) StdoutLine: {'line': b'-- Installing: /home/ruben/go2_deploy/workhop_rl/install/unitree_api/share/unitree_api/msg/dds_connext/ResponseStatus_.idl\n'}
[14.616198] (unitree_api) StdoutLine: {'line': b'-- Installing: /home/ruben/go2_deploy/workhop_rl/install/unitree_api/share/unitree_api/msg/dds_connext/Response_.idl\n'}
[14.616260] (unitree_api) StdoutLine: {'line': b'-- Installing: /home/ruben/go2_deploy/workhop_rl/install/unitree_api/share/unitree_api/msg/dds_connext/RequestPolicy_.idl\n'}
[14.616411] (unitree_api) StdoutLine: {'line': b'-- Installing: /home/ruben/go2_deploy/workhop_rl/install/unitree_api/share/ament_index/resource_index/package_run_dependencies/unitree_api\n'}
[14.616554] (unitree_api) StdoutLine: {'line': b'-- Installing: /home/ruben/go2_deploy/workhop_rl/install/unitree_api/share/ament_index/resource_index/parent_prefix_path/unitree_api\n'}
[14.616633] (unitree_api) StdoutLine: {'line': b'-- Installing: /home/ruben/go2_deploy/workhop_rl/install/unitree_api/share/unitree_api/environment/ament_prefix_path.sh\n'}
[14.616724] (unitree_api) StdoutLine: {'line': b'-- Installing: /home/ruben/go2_deploy/workhop_rl/install/unitree_api/share/unitree_api/environment/ament_prefix_path.dsv\n'}
[14.616815] (unitree_api) StdoutLine: {'line': b'-- Installing: /home/ruben/go2_deploy/workhop_rl/install/unitree_api/share/unitree_api/environment/path.sh\n'}
[14.616899] (unitree_api) StdoutLine: {'line': b'-- Installing: /home/ruben/go2_deploy/workhop_rl/install/unitree_api/share/unitree_api/environment/path.dsv\n'}
[14.616984] (unitree_api) StdoutLine: {'line': b'-- Installing: /home/ruben/go2_deploy/workhop_rl/install/unitree_api/share/unitree_api/local_setup.bash\n'}
[14.617079] (unitree_api) StdoutLine: {'line': b'-- Installing: /home/ruben/go2_deploy/workhop_rl/install/unitree_api/share/unitree_api/local_setup.sh\n'}
[14.617183] (unitree_api) StdoutLine: {'line': b'-- Installing: /home/ruben/go2_deploy/workhop_rl/install/unitree_api/share/unitree_api/local_setup.zsh\n'}
[14.617277] (unitree_api) StdoutLine: {'line': b'-- Installing: /home/ruben/go2_deploy/workhop_rl/install/unitree_api/share/unitree_api/local_setup.dsv\n'}
[14.617342] (unitree_api) StdoutLine: {'line': b'-- Installing: /home/ruben/go2_deploy/workhop_rl/install/unitree_api/share/unitree_api/package.dsv\n'}
[14.617464] (unitree_api) StdoutLine: {'line': b'-- Installing: /home/ruben/go2_deploy/workhop_rl/install/unitree_api/share/ament_index/resource_index/packages/unitree_api\n'}
[14.617608] (unitree_api) StdoutLine: {'line': b'-- Installing: /home/ruben/go2_deploy/workhop_rl/install/unitree_api/share/unitree_api/cmake/export_unitree_api__rosidl_generator_cExport.cmake\n'}
[14.617706] (unitree_api) StdoutLine: {'line': b'-- Installing: /home/ruben/go2_deploy/workhop_rl/install/unitree_api/share/unitree_api/cmake/export_unitree_api__rosidl_generator_cExport-noconfig.cmake\n'}
[14.617806] (unitree_api) StdoutLine: {'line': b'-- Installing: /home/ruben/go2_deploy/workhop_rl/install/unitree_api/share/unitree_api/cmake/export_unitree_api__rosidl_typesupport_fastrtps_cExport.cmake\n'}
[14.617896] (unitree_api) StdoutLine: {'line': b'-- Installing: /home/ruben/go2_deploy/workhop_rl/install/unitree_api/share/unitree_api/cmake/export_unitree_api__rosidl_typesupport_fastrtps_cExport-noconfig.cmake\n'}
[14.617992] (unitree_api) StdoutLine: {'line': b'-- Installing: /home/ruben/go2_deploy/workhop_rl/install/unitree_api/share/unitree_api/cmake/export_unitree_api__rosidl_generator_cppExport.cmake\n'}
[14.618094] (unitree_api) StdoutLine: {'line': b'-- Installing: /home/ruben/go2_deploy/workhop_rl/install/unitree_api/share/unitree_api/cmake/export_unitree_api__rosidl_typesupport_fastrtps_cppExport.cmake\n'}
[14.618193] (unitree_api) StdoutLine: {'line': b'-- Installing: /home/ruben/go2_deploy/workhop_rl/install/unitree_api/share/unitree_api/cmake/export_unitree_api__rosidl_typesupport_fastrtps_cppExport-noconfig.cmake\n'}
[14.618301] (unitree_api) StdoutLine: {'line': b'-- Installing: /home/ruben/go2_deploy/workhop_rl/install/unitree_api/share/unitree_api/cmake/unitree_api__rosidl_typesupport_introspection_cExport.cmake\n'}
[14.618404] (unitree_api) StdoutLine: {'line': b'-- Installing: /home/ruben/go2_deploy/workhop_rl/install/unitree_api/share/unitree_api/cmake/unitree_api__rosidl_typesupport_introspection_cExport-noconfig.cmake\n'}
[14.618502] (unitree_api) StdoutLine: {'line': b'-- Installing: /home/ruben/go2_deploy/workhop_rl/install/unitree_api/share/unitree_api/cmake/unitree_api__rosidl_typesupport_cExport.cmake\n'}
[14.618603] (unitree_api) StdoutLine: {'line': b'-- Installing: /home/ruben/go2_deploy/workhop_rl/install/unitree_api/share/unitree_api/cmake/unitree_api__rosidl_typesupport_cExport-noconfig.cmake\n'}
[14.618710] (unitree_api) StdoutLine: {'line': b'-- Installing: /home/ruben/go2_deploy/workhop_rl/install/unitree_api/share/unitree_api/cmake/unitree_api__rosidl_typesupport_introspection_cppExport.cmake\n'}
[14.618813] (unitree_api) StdoutLine: {'line': b'-- Installing: /home/ruben/go2_deploy/workhop_rl/install/unitree_api/share/unitree_api/cmake/unitree_api__rosidl_typesupport_introspection_cppExport-noconfig.cmake\n'}
[14.618911] (unitree_api) StdoutLine: {'line': b'-- Installing: /home/ruben/go2_deploy/workhop_rl/install/unitree_api/share/unitree_api/cmake/unitree_api__rosidl_typesupport_cppExport.cmake\n'}
[14.619012] (unitree_api) StdoutLine: {'line': b'-- Installing: /home/ruben/go2_deploy/workhop_rl/install/unitree_api/share/unitree_api/cmake/unitree_api__rosidl_typesupport_cppExport-noconfig.cmake\n'}
[14.619123] (unitree_api) StdoutLine: {'line': b'-- Installing: /home/ruben/go2_deploy/workhop_rl/install/unitree_api/share/unitree_api/cmake/export_unitree_api__rosidl_generator_pyExport.cmake\n'}
[14.619226] (unitree_api) StdoutLine: {'line': b'-- Installing: /home/ruben/go2_deploy/workhop_rl/install/unitree_api/share/unitree_api/cmake/export_unitree_api__rosidl_generator_pyExport-noconfig.cmake\n'}
[14.619313] (unitree_api) StdoutLine: {'line': b'-- Installing: /home/ruben/go2_deploy/workhop_rl/install/unitree_api/share/unitree_api/cmake/rosidl_cmake-extras.cmake\n'}
[14.619408] (unitree_api) StdoutLine: {'line': b'-- Installing: /home/ruben/go2_deploy/workhop_rl/install/unitree_api/share/unitree_api/cmake/ament_cmake_export_dependencies-extras.cmake\n'}
[14.619509] (unitree_api) StdoutLine: {'line': b'-- Installing: /home/ruben/go2_deploy/workhop_rl/install/unitree_api/share/unitree_api/cmake/ament_cmake_export_include_directories-extras.cmake\n'}
[14.619608] (unitree_api) StdoutLine: {'line': b'-- Installing: /home/ruben/go2_deploy/workhop_rl/install/unitree_api/share/unitree_api/cmake/ament_cmake_export_libraries-extras.cmake\n'}
[14.619704] (unitree_api) StdoutLine: {'line': b'-- Installing: /home/ruben/go2_deploy/workhop_rl/install/unitree_api/share/unitree_api/cmake/ament_cmake_export_targets-extras.cmake\n'}
[14.619805] (unitree_api) StdoutLine: {'line': b'-- Installing: /home/ruben/go2_deploy/workhop_rl/install/unitree_api/share/unitree_api/cmake/rosidl_cmake_export_typesupport_targets-extras.cmake\n'}
[14.619902] (unitree_api) StdoutLine: {'line': b'-- Installing: /home/ruben/go2_deploy/workhop_rl/install/unitree_api/share/unitree_api/cmake/rosidl_cmake_export_typesupport_libraries-extras.cmake\n'}
[14.620002] (unitree_api) StdoutLine: {'line': b'-- Installing: /home/ruben/go2_deploy/workhop_rl/install/unitree_api/share/unitree_api/cmake/unitree_apiConfig.cmake\n'}
[14.620081] (unitree_api) StdoutLine: {'line': b'-- Installing: /home/ruben/go2_deploy/workhop_rl/install/unitree_api/share/unitree_api/cmake/unitree_apiConfig-version.cmake\n'}
[14.620268] (unitree_hg) StdoutLine: {'line': b'[100%] Built target unitree_hg__rosidl_typesupport_c__pyext\n'}
[14.620335] (unitree_api) StdoutLine: {'line': b'-- Installing: /home/ruben/go2_deploy/workhop_rl/install/unitree_api/share/unitree_api/package.xml\n'}
[14.622327] (unitree_api) CommandEnded: {'returncode': 0}
[14.623341] (unitree_hg) StdoutLine: {'line': b'[100%] Built target unitree_hg__rosidl_typesupport_introspection_c__pyext\n'}
[14.677797] (-) TimerEvent: {}
[14.698819] (rmw_cyclonedds_cpp) StdoutLine: {'line': b'-- Found rmw_dds_common: 1.6.0 (/opt/ros/humble/share/rmw_dds_common/cmake)\n'}
[14.703654] (unitree_api) JobEnded: {'identifier': 'unitree_api', 'rc': 0}
[14.705045] (unitree_hg) CommandEnded: {'returncode': 0}
[14.705662] (unitree_hg) JobProgress: {'identifier': 'unitree_hg', 'progress': 'install'}
[14.706153] (unitree_hg) Command: {'cmd': ['/usr/bin/cmake', '--install', '/home/ruben/go2_deploy/workhop_rl/build/unitree_hg'], 'cwd': '/home/ruben/go2_deploy/workhop_rl/build/unitree_hg', 'env': OrderedDict([('LESSOPEN', '| /usr/bin/lesspipe %s'), ('CONDA_PROMPT_MODIFIER', ''), ('USER', 'ruben'), ('LC_TIME', 'ru_RU.UTF-8'), ('XDG_SESSION_TYPE', 'x11'), ('SHLVL', '1'), ('LD_LIBRARY_PATH', '/usr/lib/x86_64-linux-gnu/gazebo-11/plugins:/opt/ros/humble/opt/rviz_ogre_vendor/lib:/opt/ros/humble/lib/x86_64-linux-gnu:/opt/ros/humble/lib'), ('HOME', '/home/ruben'), ('CONDA_SHLVL', '0'), ('CYCLONEDDS_URI', '<CycloneDDS><Domain><General><Interfaces>\n                            <NetworkInterface name="lo" priority="default" multicast="default" />\n                        </Interfaces></General></Domain></CycloneDDS>'), ('OLDPWD', '/home/ruben/go2_deploy/workhop_rl/src'), ('DESKTOP_SESSION', 'ubuntu'), ('ROS_PYTHON_VERSION', '3'), ('GNOME_SHELL_SESSION_MODE', 'ubuntu'), ('GTK_MODULES', 'gail:atk-bridge'), ('LC_MONETARY', 'ru_RU.UTF-8'), ('SYSTEMD_EXEC_PID', '2945'), ('DBUS_SESSION_BUS_ADDRESS', 'unix:path=/run/user/1000/bus'), ('COLORTERM', 'truecolor'), ('_CE_M', ''), ('_CONDA_ROOT', '/home/ruben/miniconda3'), ('ROS_DISTRO', 'humble'), ('GTK_IM_MODULE', 'ibus'), ('LOGNAME', 'ruben'), ('_', '/usr/bin/colcon'), ('ROS_VERSION', '2'), ('XDG_SESSION_CLASS', 'user'), ('USERNAME', 'ruben'), ('TERM', 'xterm-256color'), ('GNOME_DESKTOP_SESSION_ID', 'this-is-deprecated'), ('_CE_CONDA', ''), ('ROS_LOCALHOST_ONLY', '0'), ('WINDOWPATH', '2'), ('PATH', '/opt/ros/humble/bin:/home/ruben/miniconda3/condabin:/usr/local/sbin:/usr/local/bin:/usr/sbin:/usr/bin:/sbin:/bin:/usr/games:/usr/local/games:/snap/bin:/snap/bin'), ('SESSION_MANAGER', 'local/ruben:@/tmp/.ICE-unix/2916,unix/ruben:/tmp/.ICE-unix/2916'), ('XDG_MENU_PREFIX', 'gnome-'), ('LC_ADDRESS', 'ru_RU.UTF-8'), ('GNOME_TERMINAL_SCREEN', '/org/gnome/Terminal/screen/a128e479_87a9_4f71_b049_48318ab91614'), ('XDG_RUNTIME_DIR', '/run/user/1000'), ('DISPLAY', ':1'), ('LANG', 'en_US.UTF-8'), ('XDG_CURRENT_DESKTOP', 'ubuntu:GNOME'), ('LC_TELEPHONE', 'ru_RU.UTF-8'), ('RMW_IMPLEMENTATION', 'rmw_cyclonedds_cpp'), ('XMODIFIERS', '@im=ibus'), ('XDG_SESSION_DESKTOP', 'ubuntu'), ('XAUTHORITY', '/run/user/1000/gdm/Xauthority'), ('LS_COLORS', 'rs=0:di=01;34:ln=01;36:mh=00:pi=40;33:so=01;35:do=01;35:bd=40;33;01:cd=40;33;01:or=40;31;01:mi=00:su=37;41:sg=30;43:ca=30;41:tw=30;42:ow=34;42:st=37;44:ex=01;32:*.tar=01;31:*.tgz=01;31:*.arc=01;31:*.arj=01;31:*.taz=01;31:*.lha=01;31:*.lz4=01;31:*.lzh=01;31:*.lzma=01;31:*.tlz=01;31:*.txz=01;31:*.tzo=01;31:*.t7z=01;31:*.zip=01;31:*.z=01;31:*.dz=01;31:*.gz=01;31:*.lrz=01;31:*.lz=01;31:*.lzo=01;31:*.xz=01;31:*.zst=01;31:*.tzst=01;31:*.bz2=01;31:*.bz=01;31:*.tbz=01;31:*.tbz2=01;31:*.tz=01;31:*.deb=01;31:*.rpm=01;31:*.jar=01;31:*.war=01;31:*.ear=01;31:*.sar=01;31:*.rar=01;31:*.alz=01;31:*.ace=01;31:*.zoo=01;31:*.cpio=01;31:*.7z=01;31:*.rz=01;31:*.cab=01;31:*.wim=01;31:*.swm=01;31:*.dwm=01;31:*.esd=01;31:*.jpg=01;35:*.jpeg=01;35:*.mjpg=01;35:*.mjpeg=01;35:*.gif=01;35:*.bmp=01;35:*.pbm=01;35:*.pgm=01;35:*.ppm=01;35:*.tga=01;35:*.xbm=01;35:*.xpm=01;35:*.tif=01;35:*.tiff=01;35:*.png=01;35:*.svg=01;35:*.svgz=01;35:*.mng=01;35:*.pcx=01;35:*.mov=01;35:*.mpg=01;35:*.mpeg=01;35:*.m2v=01;35:*.mkv=01;35:*.webm=01;35:*.webp=01;35:*.ogm=01;35:*.mp4=01;35:*.m4v=01;35:*.mp4v=01;35:*.vob=01;35:*.qt=01;35:*.nuv=01;35:*.wmv=01;35:*.asf=01;35:*.rm=01;35:*.rmvb=01;35:*.flc=01;35:*.avi=01;35:*.fli=01;35:*.flv=01;35:*.gl=01;35:*.dl=01;35:*.xcf=01;35:*.xwd=01;35:*.yuv=01;35:*.cgm=01;35:*.emf=01;35:*.ogv=01;35:*.ogx=01;35:*.aac=00;36:*.au=00;36:*.flac=00;36:*.m4a=00;36:*.mid=00;36:*.midi=00;36:*.mka=00;36:*.mp3=00;36:*.mpc=00;36:*.ogg=00;36:*.ra=00;36:*.wav=00;36:*.oga=00;36:*.opus=00;36:*.spx=00;36:*.xspf=00;36:'), ('GNOME_TERMINAL_SERVICE', ':1.92'), ('SSH_AGENT_LAUNCHER', 'gnome-keyring'), ('SSH_AUTH_SOCK', '/run/user/1000/keyring/ssh'), ('ROS_DOMAIN_ID', '1'), ('AMENT_PREFIX_PATH', '/opt/ros/humble'), ('CONDA_PYTHON_EXE', '/home/ruben/miniconda3/bin/python'), ('SHELL', '/bin/bash'), ('LC_NAME', 'ru_RU.UTF-8'), ('QT_ACCESSIBILITY', '1'), ('GDMSESSION', 'ubuntu'), ('Torch_DIR', '/path/to/your/libtorch'), ('LESSCLOSE', '/usr/bin/lesspipe %s %s'), ('CONDA_DEFAULT_ENV', ''), ('LC_MEASUREMENT', 'ru_RU.UTF-8'), ('GPG_AGENT_INFO', '/run/user/1000/gnupg/S.gpg-agent:0:1'), ('_CONDA_EXE', '/home/ruben/miniconda3/bin/conda'), ('LC_IDENTIFICATION', 'ru_RU.UTF-8'), ('QT_IM_MODULE', 'ibus'), ('PWD', '/home/ruben/go2_deploy/workhop_rl/build/unitree_hg'), ('XDG_CONFIG_DIRS', '/etc/xdg/xdg-ubuntu:/etc/xdg'), ('CONDA_EXE', '/home/ruben/miniconda3/bin/conda'), ('XDG_DATA_DIRS', '/usr/share/ubuntu:/usr/share/gnome:/usr/local/share/:/usr/share/:/var/lib/snapd/desktop'), ('PYTHONPATH', '/opt/ros/humble/lib/python3.10/site-packages:/opt/ros/humble/local/lib/python3.10/dist-packages'), ('LC_NUMERIC', 'ru_RU.UTF-8'), ('CONDA_PREFIX', ''), ('LC_PAPER', 'ru_RU.UTF-8'), ('COLCON', '1'), ('VTE_VERSION', '6800'), ('CMAKE_PREFIX_PATH', '/opt/ros/humble')]), 'shell': False}
[14.708100] (rmw_cyclonedds_cpp) StdoutLine: {'line': b'-- Found rosidl_generator_c: 3.1.7 (/opt/ros/humble/share/rosidl_generator_c/cmake)\n'}
[14.710669] (rmw_cyclonedds_cpp) StdoutLine: {'line': b'-- Found rosidl_adapter: 3.1.7 (/opt/ros/humble/share/rosidl_adapter/cmake)\n'}
[14.713615] (unitree_hg) StdoutLine: {'line': b'-- Install configuration: ""\n'}
[14.713769] (unitree_hg) StdoutLine: {'line': b'-- Installing: /home/ruben/go2_deploy/workhop_rl/install/unitree_hg/share/ament_index/resource_index/rosidl_interfaces/unitree_hg\n'}
[14.713817] (unitree_hg) StdoutLine: {'line': b'-- Installing: /home/ruben/go2_deploy/workhop_rl/install/unitree_hg/include/unitree_hg/unitree_hg\n'}
[14.713856] (unitree_hg) StdoutLine: {'line': b'-- Installing: /home/ruben/go2_deploy/workhop_rl/install/unitree_hg/include/unitree_hg/unitree_hg/msg\n'}
[14.713898] (unitree_hg) StdoutLine: {'line': b'-- Installing: /home/ruben/go2_deploy/workhop_rl/install/unitree_hg/include/unitree_hg/unitree_hg/msg/press_sensor_state.h\n'}
[14.713989] (unitree_hg) StdoutLine: {'line': b'-- Installing: /home/ruben/go2_deploy/workhop_rl/install/unitree_hg/include/unitree_hg/unitree_hg/msg/low_cmd.h\n'}
[14.714086] (unitree_hg) StdoutLine: {'line': b'-- Installing: /home/ruben/go2_deploy/workhop_rl/install/unitree_hg/include/unitree_hg/unitree_hg/msg/main_board_state.h\n'}
[14.714138] (unitree_hg) StdoutLine: {'line': b'-- Installing: /home/ruben/go2_deploy/workhop_rl/install/unitree_hg/include/unitree_hg/unitree_hg/msg/hand_state.h\n'}
[14.714184] (unitree_hg) StdoutLine: {'line': b'-- Installing: /home/ruben/go2_deploy/workhop_rl/install/unitree_hg/include/unitree_hg/unitree_hg/msg/low_state.h\n'}
[14.714229] (unitree_hg) StdoutLine: {'line': b'-- Installing: /home/ruben/go2_deploy/workhop_rl/install/unitree_hg/include/unitree_hg/unitree_hg/msg/detail\n'}
[14.714273] (unitree_hg) StdoutLine: {'line': b'-- Installing: /home/ruben/go2_deploy/workhop_rl/install/unitree_hg/include/unitree_hg/unitree_hg/msg/detail/low_state__struct.h\n'}
[14.714318] (unitree_hg) StdoutLine: {'line': b'-- Installing: /home/ruben/go2_deploy/workhop_rl/install/unitree_hg/include/unitree_hg/unitree_hg/msg/detail/motor_cmd__type_support.h\n'}
[14.714400] (unitree_hg) StdoutLine: {'line': b'-- Installing: /home/ruben/go2_deploy/workhop_rl/install/unitree_hg/include/unitree_hg/unitree_hg/msg/detail/main_board_state__struct.h\n'}
[14.714445] (unitree_hg) StdoutLine: {'line': b'-- Installing: /home/ruben/go2_deploy/workhop_rl/install/unitree_hg/include/unitree_hg/unitree_hg/msg/detail/main_board_state__functions.h\n'}
[14.714486] (unitree_hg) StdoutLine: {'line': b'-- Installing: /home/ruben/go2_deploy/workhop_rl/install/unitree_hg/include/unitree_hg/unitree_hg/msg/detail/low_cmd__functions.c\n'}
[14.714528] (unitree_hg) StdoutLine: {'line': b'-- Installing: /home/ruben/go2_deploy/workhop_rl/install/unitree_hg/include/unitree_hg/unitree_hg/msg/detail/low_cmd__struct.h\n'}
[14.714573] (unitree_hg) StdoutLine: {'line': b'-- Installing: /home/ruben/go2_deploy/workhop_rl/install/unitree_hg/include/unitree_hg/unitree_hg/msg/detail/motor_cmd__struct.h\n'}
[14.714617] (unitree_hg) StdoutLine: {'line': b'-- Installing: /home/ruben/go2_deploy/workhop_rl/install/unitree_hg/include/unitree_hg/unitree_hg/msg/detail/hand_cmd__functions.h\n'}
[14.714662] (unitree_hg) StdoutLine: {'line': b'-- Installing: /home/ruben/go2_deploy/workhop_rl/install/unitree_hg/include/unitree_hg/unitree_hg/msg/detail/imu_state__struct.h\n'}
[14.714706] (unitree_hg) StdoutLine: {'line': b'-- Installing: /home/ruben/go2_deploy/workhop_rl/install/unitree_hg/include/unitree_hg/unitree_hg/msg/detail/bms_cmd__functions.h\n'}
[14.714805] (unitree_hg) StdoutLine: {'line': b'-- Installing: /home/ruben/go2_deploy/workhop_rl/install/unitree_hg/include/unitree_hg/unitree_hg/msg/detail/hand_state__functions.c\n'}
[14.714849] (unitree_hg) StdoutLine: {'line': b'-- Installing: /home/ruben/go2_deploy/workhop_rl/install/unitree_hg/include/unitree_hg/unitree_hg/msg/detail/motor_state__functions.h\n'}
[14.714909] (unitree_hg) StdoutLine: {'line': b'-- Installing: /home/ruben/go2_deploy/workhop_rl/install/unitree_hg/include/unitree_hg/unitree_hg/msg/detail/hand_cmd__struct.h\n'}
[14.714954] (unitree_hg) StdoutLine: {'line': b'-- Installing: /home/ruben/go2_deploy/workhop_rl/install/unitree_hg/include/unitree_hg/unitree_hg/msg/detail/hand_state__functions.h\n'}
[14.714998] (unitree_hg) StdoutLine: {'line': b'-- Installing: /home/ruben/go2_deploy/workhop_rl/install/unitree_hg/include/unitree_hg/unitree_hg/msg/detail/main_board_state__type_support.h\n'}
[14.715051] (unitree_hg) StdoutLine: {'line': b'-- Installing: /home/ruben/go2_deploy/workhop_rl/install/unitree_hg/include/unitree_hg/unitree_hg/msg/detail/low_state__functions.h\n'}
[14.715099] (unitree_hg) StdoutLine: {'line': b'-- Installing: /home/ruben/go2_deploy/workhop_rl/install/unitree_hg/include/unitree_hg/unitree_hg/msg/detail/hand_state__struct.h\n'}
[14.715144] (unitree_hg) StdoutLine: {'line': b'-- Installing: /home/ruben/go2_deploy/workhop_rl/install/unitree_hg/include/unitree_hg/unitree_hg/msg/detail/press_sensor_state__struct.h\n'}
[14.715188] (unitree_hg) StdoutLine: {'line': b'-- Installing: /home/ruben/go2_deploy/workhop_rl/install/unitree_hg/include/unitree_hg/unitree_hg/msg/detail/low_state__functions.c\n'}
[14.715233] (unitree_hg) StdoutLine: {'line': b'-- Installing: /home/ruben/go2_deploy/workhop_rl/install/unitree_hg/include/unitree_hg/unitree_hg/msg/detail/bms_cmd__functions.c\n'}
[14.715314] (unitree_hg) StdoutLine: {'line': b'-- Installing: /home/ruben/go2_deploy/workhop_rl/install/unitree_hg/include/unitree_hg/unitree_hg/msg/detail/low_cmd__functions.h\n'}
[14.715359] (rmw_cyclonedds_cpp) StdoutLine: {'line': b'-- Found rosidl_generator_cpp: 3.1.7 (/opt/ros/humble/share/rosidl_generator_cpp/cmake)\n'}
[14.715468] (unitree_hg) StdoutLine: {'line': b'-- Installing: /home/ruben/go2_deploy/workhop_rl/install/unitree_hg/include/unitree_hg/unitree_hg/msg/detail/imu_state__functions.h\n'}
[14.715515] (unitree_hg) StdoutLine: {'line': b'-- Installing: /home/ruben/go2_deploy/workhop_rl/install/unitree_hg/include/unitree_hg/unitree_hg/msg/detail/bms_state__type_support.h\n'}
[14.715560] (unitree_hg) StdoutLine: {'line': b'-- Installing: /home/ruben/go2_deploy/workhop_rl/install/unitree_hg/include/unitree_hg/unitree_hg/msg/detail/imu_state__type_support.h\n'}
[14.715605] (unitree_hg) StdoutLine: {'line': b'-- Installing: /home/ruben/go2_deploy/workhop_rl/install/unitree_hg/include/unitree_hg/unitree_hg/msg/detail/motor_cmd__functions.c\n'}
[14.715649] (unitree_hg) StdoutLine: {'line': b'-- Installing: /home/ruben/go2_deploy/workhop_rl/install/unitree_hg/include/unitree_hg/unitree_hg/msg/detail/low_cmd__type_support.h\n'}
[14.715693] (unitree_hg) StdoutLine: {'line': b'-- Installing: /home/ruben/go2_deploy/workhop_rl/install/unitree_hg/include/unitree_hg/unitree_hg/msg/detail/bms_cmd__struct.h\n'}
[14.715768] (unitree_hg) StdoutLine: {'line': b'-- Installing: /home/ruben/go2_deploy/workhop_rl/install/unitree_hg/include/unitree_hg/unitree_hg/msg/detail/motor_cmd__functions.h\n'}
[14.715813] (unitree_hg) StdoutLine: {'line': b'-- Installing: /home/ruben/go2_deploy/workhop_rl/install/unitree_hg/include/unitree_hg/unitree_hg/msg/detail/imu_state__functions.c\n'}
[14.715857] (unitree_hg) StdoutLine: {'line': b'-- Installing: /home/ruben/go2_deploy/workhop_rl/install/unitree_hg/include/unitree_hg/unitree_hg/msg/detail/motor_state__functions.c\n'}
[14.715900] (unitree_hg) StdoutLine: {'line': b'-- Installing: /home/ruben/go2_deploy/workhop_rl/install/unitree_hg/include/unitree_hg/unitree_hg/msg/detail/bms_state__functions.h\n'}
[14.715944] (unitree_hg) StdoutLine: {'line': b'-- Installing: /home/ruben/go2_deploy/workhop_rl/install/unitree_hg/include/unitree_hg/unitree_hg/msg/detail/motor_state__struct.h\n'}
[14.715987] (unitree_hg) StdoutLine: {'line': b'-- Installing: /home/ruben/go2_deploy/workhop_rl/install/unitree_hg/include/unitree_hg/unitree_hg/msg/detail/main_board_state__functions.c\n'}
[14.716063] (unitree_hg) StdoutLine: {'line': b'-- Installing: /home/ruben/go2_deploy/workhop_rl/install/unitree_hg/include/unitree_hg/unitree_hg/msg/detail/press_sensor_state__type_support.h\n'}
[14.716110] (unitree_hg) StdoutLine: {'line': b'-- Installing: /home/ruben/go2_deploy/workhop_rl/install/unitree_hg/include/unitree_hg/unitree_hg/msg/detail/bms_state__struct.h\n'}
[14.716155] (unitree_hg) StdoutLine: {'line': b'-- Installing: /home/ruben/go2_deploy/workhop_rl/install/unitree_hg/include/unitree_hg/unitree_hg/msg/detail/press_sensor_state__functions.c\n'}
[14.716200] (unitree_hg) StdoutLine: {'line': b'-- Installing: /home/ruben/go2_deploy/workhop_rl/install/unitree_hg/include/unitree_hg/unitree_hg/msg/detail/hand_state__type_support.h\n'}
[14.716244] (unitree_hg) StdoutLine: {'line': b'-- Installing: /home/ruben/go2_deploy/workhop_rl/install/unitree_hg/include/unitree_hg/unitree_hg/msg/detail/bms_cmd__type_support.h\n'}
[14.716287] (unitree_hg) StdoutLine: {'line': b'-- Installing: /home/ruben/go2_deploy/workhop_rl/install/unitree_hg/include/unitree_hg/unitree_hg/msg/detail/bms_state__functions.c\n'}
[14.716330] (unitree_hg) StdoutLine: {'line': b'-- Installing: /home/ruben/go2_deploy/workhop_rl/install/unitree_hg/include/unitree_hg/unitree_hg/msg/detail/motor_state__type_support.h\n'}
[14.716373] (unitree_hg) StdoutLine: {'line': b'-- Installing: /home/ruben/go2_deploy/workhop_rl/install/unitree_hg/include/unitree_hg/unitree_hg/msg/detail/hand_cmd__type_support.h\n'}
[14.716417] (unitree_hg) StdoutLine: {'line': b'-- Installing: /home/ruben/go2_deploy/workhop_rl/install/unitree_hg/include/unitree_hg/unitree_hg/msg/detail/hand_cmd__functions.c\n'}
[14.716460] (unitree_hg) StdoutLine: {'line': b'-- Installing: /home/ruben/go2_deploy/workhop_rl/install/unitree_hg/include/unitree_hg/unitree_hg/msg/detail/press_sensor_state__functions.h\n'}
[14.716522] (unitree_hg) StdoutLine: {'line': b'-- Installing: /home/ruben/go2_deploy/workhop_rl/install/unitree_hg/include/unitree_hg/unitree_hg/msg/detail/low_state__type_support.h\n'}
[14.716604] (unitree_hg) StdoutLine: {'line': b'-- Installing: /home/ruben/go2_deploy/workhop_rl/install/unitree_hg/include/unitree_hg/unitree_hg/msg/hand_cmd.h\n'}
[14.716647] (unitree_hg) StdoutLine: {'line': b'-- Installing: /home/ruben/go2_deploy/workhop_rl/install/unitree_hg/include/unitree_hg/unitree_hg/msg/imu_state.h\n'}
[14.716687] (unitree_hg) StdoutLine: {'line': b'-- Installing: /home/ruben/go2_deploy/workhop_rl/install/unitree_hg/include/unitree_hg/unitree_hg/msg/bms_state.h\n'}
[14.716731] (unitree_hg) StdoutLine: {'line': b'-- Installing: /home/ruben/go2_deploy/workhop_rl/install/unitree_hg/include/unitree_hg/unitree_hg/msg/rosidl_generator_c__visibility_control.h\n'}
[14.716774] (unitree_hg) StdoutLine: {'line': b'-- Installing: /home/ruben/go2_deploy/workhop_rl/install/unitree_hg/include/unitree_hg/unitree_hg/msg/motor_state.h\n'}
[14.716817] (unitree_hg) StdoutLine: {'line': b'-- Installing: /home/ruben/go2_deploy/workhop_rl/install/unitree_hg/include/unitree_hg/unitree_hg/msg/bms_cmd.h\n'}
[14.716861] (unitree_hg) StdoutLine: {'line': b'-- Installing: /home/ruben/go2_deploy/workhop_rl/install/unitree_hg/include/unitree_hg/unitree_hg/msg/motor_cmd.h\n'}
[14.716926] (unitree_hg) StdoutLine: {'line': b'-- Installing: /home/ruben/go2_deploy/workhop_rl/install/unitree_hg/share/unitree_hg/environment/library_path.sh\n'}
[14.716966] (unitree_hg) StdoutLine: {'line': b'-- Installing: /home/ruben/go2_deploy/workhop_rl/install/unitree_hg/share/unitree_hg/environment/library_path.dsv\n'}
[14.717006] (unitree_hg) StdoutLine: {'line': b'-- Installing: /home/ruben/go2_deploy/workhop_rl/install/unitree_hg/lib/libunitree_hg__rosidl_generator_c.so\n'}
[14.717145] (unitree_hg) StdoutLine: {'line': b'-- Set runtime path of "/home/ruben/go2_deploy/workhop_rl/install/unitree_hg/lib/libunitree_hg__rosidl_generator_c.so" to ""\n'}
[14.717193] (unitree_hg) StdoutLine: {'line': b'-- Up-to-date: /home/ruben/go2_deploy/workhop_rl/install/unitree_hg/include/unitree_hg/unitree_hg\n'}
[14.717258] (unitree_hg) StdoutLine: {'line': b'-- Up-to-date: /home/ruben/go2_deploy/workhop_rl/install/unitree_hg/include/unitree_hg/unitree_hg/msg\n'}
[14.717303] (unitree_hg) StdoutLine: {'line': b'-- Up-to-date: /home/ruben/go2_deploy/workhop_rl/install/unitree_hg/include/unitree_hg/unitree_hg/msg/detail\n'}
[14.717348] (unitree_hg) StdoutLine: {'line': b'-- Installing: /home/ruben/go2_deploy/workhop_rl/install/unitree_hg/include/unitree_hg/unitree_hg/msg/detail/main_board_state__rosidl_typesupport_fastrtps_c.h\n'}
[14.717421] (unitree_hg) StdoutLine: {'line': b'-- Installing: /home/ruben/go2_deploy/workhop_rl/install/unitree_hg/include/unitree_hg/unitree_hg/msg/detail/imu_state__rosidl_typesupport_fastrtps_c.h\n'}
[14.717493] (unitree_hg) StdoutLine: {'line': b'-- Installing: /home/ruben/go2_deploy/workhop_rl/install/unitree_hg/include/unitree_hg/unitree_hg/msg/detail/hand_cmd__rosidl_typesupport_fastrtps_c.h\n'}
[14.717534] (unitree_hg) StdoutLine: {'line': b'-- Installing: /home/ruben/go2_deploy/workhop_rl/install/unitree_hg/include/unitree_hg/unitree_hg/msg/detail/hand_state__rosidl_typesupport_fastrtps_c.h\n'}
[14.717577] (unitree_hg) StdoutLine: {'line': b'-- Installing: /home/ruben/go2_deploy/workhop_rl/install/unitree_hg/include/unitree_hg/unitree_hg/msg/detail/low_cmd__rosidl_typesupport_fastrtps_c.h\n'}
[14.717640] (unitree_hg) StdoutLine: {'line': b'-- Installing: /home/ruben/go2_deploy/workhop_rl/install/unitree_hg/include/unitree_hg/unitree_hg/msg/detail/motor_cmd__rosidl_typesupport_fastrtps_c.h\n'}
[14.717681] (unitree_hg) StdoutLine: {'line': b'-- Installing: /home/ruben/go2_deploy/workhop_rl/install/unitree_hg/include/unitree_hg/unitree_hg/msg/detail/bms_cmd__rosidl_typesupport_fastrtps_c.h\n'}
[14.717739] (unitree_hg) StdoutLine: {'line': b'-- Installing: /home/ruben/go2_deploy/workhop_rl/install/unitree_hg/include/unitree_hg/unitree_hg/msg/detail/motor_state__rosidl_typesupport_fastrtps_c.h\n'}
[14.717796] (unitree_hg) StdoutLine: {'line': b'-- Installing: /home/ruben/go2_deploy/workhop_rl/install/unitree_hg/include/unitree_hg/unitree_hg/msg/detail/low_state__rosidl_typesupport_fastrtps_c.h\n'}
[14.717854] (unitree_hg) StdoutLine: {'line': b'-- Installing: /home/ruben/go2_deploy/workhop_rl/install/unitree_hg/include/unitree_hg/unitree_hg/msg/detail/bms_state__rosidl_typesupport_fastrtps_c.h\n'}
[14.717905] (unitree_hg) StdoutLine: {'line': b'-- Installing: /home/ruben/go2_deploy/workhop_rl/install/unitree_hg/include/unitree_hg/unitree_hg/msg/detail/press_sensor_state__rosidl_typesupport_fastrtps_c.h\n'}
[14.717955] (unitree_hg) StdoutLine: {'line': b'-- Installing: /home/ruben/go2_deploy/workhop_rl/install/unitree_hg/include/unitree_hg/unitree_hg/msg/rosidl_typesupport_fastrtps_c__visibility_control.h\n'}
[14.718054] (unitree_hg) StdoutLine: {'line': b'-- Installing: /home/ruben/go2_deploy/workhop_rl/install/unitree_hg/lib/libunitree_hg__rosidl_typesupport_fastrtps_c.so\n'}
[14.718362] (unitree_hg) StdoutLine: {'line': b'-- Set runtime path of "/home/ruben/go2_deploy/workhop_rl/install/unitree_hg/lib/libunitree_hg__rosidl_typesupport_fastrtps_c.so" to ""\n'}
[14.718413] (unitree_hg) StdoutLine: {'line': b'-- Up-to-date: /home/ruben/go2_deploy/workhop_rl/install/unitree_hg/include/unitree_hg/unitree_hg\n'}
[14.718476] (unitree_hg) StdoutLine: {'line': b'-- Up-to-date: /home/ruben/go2_deploy/workhop_rl/install/unitree_hg/include/unitree_hg/unitree_hg/msg\n'}
[14.718518] (unitree_hg) StdoutLine: {'line': b'-- Installing: /home/ruben/go2_deploy/workhop_rl/install/unitree_hg/include/unitree_hg/unitree_hg/msg/imu_state.hpp\n'}
[14.718576] (unitree_hg) StdoutLine: {'line': b'-- Installing: /home/ruben/go2_deploy/workhop_rl/install/unitree_hg/include/unitree_hg/unitree_hg/msg/main_board_state.hpp\n'}
[14.718634] (unitree_hg) StdoutLine: {'line': b'-- Installing: /home/ruben/go2_deploy/workhop_rl/install/unitree_hg/include/unitree_hg/unitree_hg/msg/bms_state.hpp\n'}
[14.718691] (unitree_hg) StdoutLine: {'line': b'-- Installing: /home/ruben/go2_deploy/workhop_rl/install/unitree_hg/include/unitree_hg/unitree_hg/msg/hand_cmd.hpp\n'}
[14.718745] (unitree_hg) StdoutLine: {'line': b'-- Installing: /home/ruben/go2_deploy/workhop_rl/install/unitree_hg/include/unitree_hg/unitree_hg/msg/press_sensor_state.hpp\n'}
[14.718802] (unitree_hg) StdoutLine: {'line': b'-- Installing: /home/ruben/go2_deploy/workhop_rl/install/unitree_hg/include/unitree_hg/unitree_hg/msg/motor_cmd.hpp\n'}
[14.718859] (unitree_hg) StdoutLine: {'line': b'-- Up-to-date: /home/ruben/go2_deploy/workhop_rl/install/unitree_hg/include/unitree_hg/unitree_hg/msg/detail\n'}
[14.718917] (unitree_hg) StdoutLine: {'line': b'-- Installing: /home/ruben/go2_deploy/workhop_rl/install/unitree_hg/include/unitree_hg/unitree_hg/msg/detail/bms_state__builder.hpp\n'}
[14.718972] (unitree_hg) StdoutLine: {'line': b'-- Installing: /home/ruben/go2_deploy/workhop_rl/install/unitree_hg/include/unitree_hg/unitree_hg/msg/detail/bms_cmd__traits.hpp\n'}
[14.719036] (unitree_hg) StdoutLine: {'line': b'-- Installing: /home/ruben/go2_deploy/workhop_rl/install/unitree_hg/include/unitree_hg/unitree_hg/msg/detail/bms_cmd__builder.hpp\n'}
[14.719106] (unitree_hg) StdoutLine: {'line': b'-- Installing: /home/ruben/go2_deploy/workhop_rl/install/unitree_hg/include/unitree_hg/unitree_hg/msg/detail/press_sensor_state__struct.hpp\n'}
[14.719177] (unitree_hg) StdoutLine: {'line': b'-- Installing: /home/ruben/go2_deploy/workhop_rl/install/unitree_hg/include/unitree_hg/unitree_hg/msg/detail/main_board_state__struct.hpp\n'}
[14.719257] (unitree_hg) StdoutLine: {'line': b'-- Installing: /home/ruben/go2_deploy/workhop_rl/install/unitree_hg/include/unitree_hg/unitree_hg/msg/detail/motor_cmd__type_support.hpp\n'}
[14.719325] (unitree_hg) StdoutLine: {'line': b'-- Installing: /home/ruben/go2_deploy/workhop_rl/install/unitree_hg/include/unitree_hg/unitree_hg/msg/detail/low_state__type_support.hpp\n'}
[14.719396] (unitree_hg) StdoutLine: {'line': b'-- Installing: /home/ruben/go2_deploy/workhop_rl/install/unitree_hg/include/unitree_hg/unitree_hg/msg/detail/imu_state__traits.hpp\n'}
[14.719467] (unitree_hg) StdoutLine: {'line': b'-- Installing: /home/ruben/go2_deploy/workhop_rl/install/unitree_hg/include/unitree_hg/unitree_hg/msg/detail/hand_state__struct.hpp\n'}
[14.719538] (unitree_hg) StdoutLine: {'line': b'-- Installing: /home/ruben/go2_deploy/workhop_rl/install/unitree_hg/include/unitree_hg/unitree_hg/msg/detail/low_state__traits.hpp\n'}
[14.719610] (unitree_hg) StdoutLine: {'line': b'-- Installing: /home/ruben/go2_deploy/workhop_rl/install/unitree_hg/include/unitree_hg/unitree_hg/msg/detail/motor_cmd__traits.hpp\n'}
[14.719671] (rmw_cyclonedds_cpp) StdoutLine: {'line': b'-- Using all available rosidl_typesupport_c: rosidl_typesupport_fastrtps_c;rosidl_typesupport_introspection_c\n'}
[14.719727] (unitree_hg) StdoutLine: {'line': b'-- Installing: /home/ruben/go2_deploy/workhop_rl/install/unitree_hg/include/unitree_hg/unitree_hg/msg/detail/imu_state__struct.hpp\n'}
[14.719784] (unitree_hg) StdoutLine: {'line': b'-- Installing: /home/ruben/go2_deploy/workhop_rl/install/unitree_hg/include/unitree_hg/unitree_hg/msg/detail/motor_state__struct.hpp\n'}
[14.719834] (unitree_hg) StdoutLine: {'line': b'-- Installing: /home/ruben/go2_deploy/workhop_rl/install/unitree_hg/include/unitree_hg/unitree_hg/msg/detail/main_board_state__type_support.hpp\n'}
[14.719895] (unitree_hg) StdoutLine: {'line': b'-- Installing: /home/ruben/go2_deploy/workhop_rl/install/unitree_hg/include/unitree_hg/unitree_hg/msg/detail/bms_cmd__type_support.hpp\n'}
[14.719969] (unitree_hg) StdoutLine: {'line': b'-- Installing: /home/ruben/go2_deploy/workhop_rl/install/unitree_hg/include/unitree_hg/unitree_hg/msg/detail/hand_cmd__builder.hpp\n'}
[14.720042] (unitree_hg) StdoutLine: {'line': b'-- Installing: /home/ruben/go2_deploy/workhop_rl/install/unitree_hg/include/unitree_hg/unitree_hg/msg/detail/bms_state__type_support.hpp\n'}
[14.720111] (unitree_hg) StdoutLine: {'line': b'-- Installing: /home/ruben/go2_deploy/workhop_rl/install/unitree_hg/include/unitree_hg/unitree_hg/msg/detail/motor_cmd__struct.hpp\n'}
[14.720183] (unitree_hg) StdoutLine: {'line': b'-- Installing: /home/ruben/go2_deploy/workhop_rl/install/unitree_hg/include/unitree_hg/unitree_hg/msg/detail/motor_state__type_support.hpp\n'}
[14.720252] (unitree_hg) StdoutLine: {'line': b'-- Installing: /home/ruben/go2_deploy/workhop_rl/install/unitree_hg/include/unitree_hg/unitree_hg/msg/detail/press_sensor_state__type_support.hpp\n'}
[14.720320] (unitree_hg) StdoutLine: {'line': b'-- Installing: /home/ruben/go2_deploy/workhop_rl/install/unitree_hg/include/unitree_hg/unitree_hg/msg/detail/hand_cmd__traits.hpp\n'}
[14.720389] (unitree_hg) StdoutLine: {'line': b'-- Installing: /home/ruben/go2_deploy/workhop_rl/install/unitree_hg/include/unitree_hg/unitree_hg/msg/detail/hand_cmd__struct.hpp\n'}
[14.720458] (unitree_hg) StdoutLine: {'line': b'-- Installing: /home/ruben/go2_deploy/workhop_rl/install/unitree_hg/include/unitree_hg/unitree_hg/msg/detail/low_cmd__builder.hpp\n'}
[14.720528] (unitree_hg) StdoutLine: {'line': b'-- Installing: /home/ruben/go2_deploy/workhop_rl/install/unitree_hg/include/unitree_hg/unitree_hg/msg/detail/low_cmd__type_support.hpp\n'}
[14.720598] (unitree_hg) StdoutLine: {'line': b'-- Installing: /home/ruben/go2_deploy/workhop_rl/install/unitree_hg/include/unitree_hg/unitree_hg/msg/detail/press_sensor_state__traits.hpp\n'}
[14.720668] (unitree_hg) StdoutLine: {'line': b'-- Installing: /home/ruben/go2_deploy/workhop_rl/install/unitree_hg/include/unitree_hg/unitree_hg/msg/detail/hand_state__builder.hpp\n'}
[14.720736] (unitree_hg) StdoutLine: {'line': b'-- Installing: /home/ruben/go2_deploy/workhop_rl/install/unitree_hg/include/unitree_hg/unitree_hg/msg/detail/imu_state__builder.hpp\n'}
[14.720808] (unitree_hg) StdoutLine: {'line': b'-- Installing: /home/ruben/go2_deploy/workhop_rl/install/unitree_hg/include/unitree_hg/unitree_hg/msg/detail/hand_state__type_support.hpp\n'}
[14.720878] (unitree_hg) StdoutLine: {'line': b'-- Installing: /home/ruben/go2_deploy/workhop_rl/install/unitree_hg/include/unitree_hg/unitree_hg/msg/detail/main_board_state__traits.hpp\n'}
[14.720958] (unitree_hg) StdoutLine: {'line': b'-- Installing: /home/ruben/go2_deploy/workhop_rl/install/unitree_hg/include/unitree_hg/unitree_hg/msg/detail/imu_state__type_support.hpp\n'}
[14.721032] (unitree_hg) StdoutLine: {'line': b'-- Installing: /home/ruben/go2_deploy/workhop_rl/install/unitree_hg/include/unitree_hg/unitree_hg/msg/detail/hand_cmd__type_support.hpp\n'}
[14.721105] (unitree_hg) StdoutLine: {'line': b'-- Installing: /home/ruben/go2_deploy/workhop_rl/install/unitree_hg/include/unitree_hg/unitree_hg/msg/detail/main_board_state__builder.hpp\n'}
[14.721178] (unitree_hg) StdoutLine: {'line': b'-- Installing: /home/ruben/go2_deploy/workhop_rl/install/unitree_hg/include/unitree_hg/unitree_hg/msg/detail/bms_state__traits.hpp\n'}
[14.721258] (unitree_hg) StdoutLine: {'line': b'-- Installing: /home/ruben/go2_deploy/workhop_rl/install/unitree_hg/include/unitree_hg/unitree_hg/msg/detail/bms_state__struct.hpp\n'}
[14.721337] (unitree_hg) StdoutLine: {'line': b'-- Installing: /home/ruben/go2_deploy/workhop_rl/install/unitree_hg/include/unitree_hg/unitree_hg/msg/detail/hand_state__traits.hpp\n'}
[14.721416] (unitree_hg) StdoutLine: {'line': b'-- Installing: /home/ruben/go2_deploy/workhop_rl/install/unitree_hg/include/unitree_hg/unitree_hg/msg/detail/bms_cmd__struct.hpp\n'}
[14.721491] (unitree_hg) StdoutLine: {'line': b'-- Installing: /home/ruben/go2_deploy/workhop_rl/install/unitree_hg/include/unitree_hg/unitree_hg/msg/detail/motor_cmd__builder.hpp\n'}
[14.721565] (unitree_hg) StdoutLine: {'line': b'-- Installing: /home/ruben/go2_deploy/workhop_rl/install/unitree_hg/include/unitree_hg/unitree_hg/msg/detail/low_state__struct.hpp\n'}
[14.721641] (unitree_hg) StdoutLine: {'line': b'-- Installing: /home/ruben/go2_deploy/workhop_rl/install/unitree_hg/include/unitree_hg/unitree_hg/msg/detail/low_cmd__struct.hpp\n'}
[14.721719] (unitree_hg) StdoutLine: {'line': b'-- Installing: /home/ruben/go2_deploy/workhop_rl/install/unitree_hg/include/unitree_hg/unitree_hg/msg/detail/press_sensor_state__builder.hpp\n'}
[14.721793] (unitree_hg) StdoutLine: {'line': b'-- Installing: /home/ruben/go2_deploy/workhop_rl/install/unitree_hg/include/unitree_hg/unitree_hg/msg/detail/low_cmd__traits.hpp\n'}
[14.721871] (unitree_hg) StdoutLine: {'line': b'-- Installing: /home/ruben/go2_deploy/workhop_rl/install/unitree_hg/include/unitree_hg/unitree_hg/msg/detail/motor_state__builder.hpp\n'}
[14.721954] (unitree_hg) StdoutLine: {'line': b'-- Installing: /home/ruben/go2_deploy/workhop_rl/install/unitree_hg/include/unitree_hg/unitree_hg/msg/detail/low_state__builder.hpp\n'}
[14.722046] (unitree_hg) StdoutLine: {'line': b'-- Installing: /home/ruben/go2_deploy/workhop_rl/install/unitree_hg/include/unitree_hg/unitree_hg/msg/detail/motor_state__traits.hpp\n'}
[14.722114] (unitree_hg) StdoutLine: {'line': b'-- Installing: /home/ruben/go2_deploy/workhop_rl/install/unitree_hg/include/unitree_hg/unitree_hg/msg/hand_state.hpp\n'}
[14.722179] (unitree_hg) StdoutLine: {'line': b'-- Installing: /home/ruben/go2_deploy/workhop_rl/install/unitree_hg/include/unitree_hg/unitree_hg/msg/motor_state.hpp\n'}
[14.722242] (unitree_hg) StdoutLine: {'line': b'-- Installing: /home/ruben/go2_deploy/workhop_rl/install/unitree_hg/include/unitree_hg/unitree_hg/msg/bms_cmd.hpp\n'}
[14.722308] (unitree_hg) StdoutLine: {'line': b'-- Installing: /home/ruben/go2_deploy/workhop_rl/install/unitree_hg/include/unitree_hg/unitree_hg/msg/rosidl_generator_cpp__visibility_control.hpp\n'}
[14.722374] (unitree_hg) StdoutLine: {'line': b'-- Installing: /home/ruben/go2_deploy/workhop_rl/install/unitree_hg/include/unitree_hg/unitree_hg/msg/low_state.hpp\n'}
[14.722437] (unitree_hg) StdoutLine: {'line': b'-- Installing: /home/ruben/go2_deploy/workhop_rl/install/unitree_hg/include/unitree_hg/unitree_hg/msg/low_cmd.hpp\n'}
[14.722542] (unitree_hg) StdoutLine: {'line': b'-- Up-to-date: /home/ruben/go2_deploy/workhop_rl/install/unitree_hg/include/unitree_hg/unitree_hg\n'}
[14.722602] (unitree_hg) StdoutLine: {'line': b'-- Up-to-date: /home/ruben/go2_deploy/workhop_rl/install/unitree_hg/include/unitree_hg/unitree_hg/msg\n'}
[14.722666] (unitree_hg) StdoutLine: {'line': b'-- Up-to-date: /home/ruben/go2_deploy/workhop_rl/install/unitree_hg/include/unitree_hg/unitree_hg/msg/detail\n'}
[14.722708] (unitree_hg) StdoutLine: {'line': b'-- Installing: /home/ruben/go2_deploy/workhop_rl/install/unitree_hg/include/unitree_hg/unitree_hg/msg/detail/motor_state__rosidl_typesupport_fastrtps_cpp.hpp\n'}
[14.722759] (unitree_hg) StdoutLine: {'line': b'-- Installing: /home/ruben/go2_deploy/workhop_rl/install/unitree_hg/include/unitree_hg/unitree_hg/msg/detail/motor_cmd__rosidl_typesupport_fastrtps_cpp.hpp\n'}
[14.722822] (unitree_hg) StdoutLine: {'line': b'-- Installing: /home/ruben/go2_deploy/workhop_rl/install/unitree_hg/include/unitree_hg/unitree_hg/msg/detail/hand_cmd__rosidl_typesupport_fastrtps_cpp.hpp\n'}
[14.722896] (unitree_hg) StdoutLine: {'line': b'-- Installing: /home/ruben/go2_deploy/workhop_rl/install/unitree_hg/include/unitree_hg/unitree_hg/msg/detail/bms_cmd__rosidl_typesupport_fastrtps_cpp.hpp\n'}
[14.722972] (unitree_hg) StdoutLine: {'line': b'-- Installing: /home/ruben/go2_deploy/workhop_rl/install/unitree_hg/include/unitree_hg/unitree_hg/msg/detail/low_cmd__rosidl_typesupport_fastrtps_cpp.hpp\n'}
[14.723092] (unitree_hg) StdoutLine: {'line': b'-- Installing: /home/ruben/go2_deploy/workhop_rl/install/unitree_hg/include/unitree_hg/unitree_hg/msg/detail/press_sensor_state__rosidl_typesupport_fastrtps_cpp.hpp\n'}
[14.723176] (unitree_hg) StdoutLine: {'line': b'-- Installing: /home/ruben/go2_deploy/workhop_rl/install/unitree_hg/include/unitree_hg/unitree_hg/msg/detail/low_state__rosidl_typesupport_fastrtps_cpp.hpp\n'}
[14.723249] (unitree_hg) StdoutLine: {'line': b'-- Installing: /home/ruben/go2_deploy/workhop_rl/install/unitree_hg/include/unitree_hg/unitree_hg/msg/detail/hand_state__rosidl_typesupport_fastrtps_cpp.hpp\n'}
[14.723323] (unitree_hg) StdoutLine: {'line': b'-- Installing: /home/ruben/go2_deploy/workhop_rl/install/unitree_hg/include/unitree_hg/unitree_hg/msg/detail/main_board_state__rosidl_typesupport_fastrtps_cpp.hpp\n'}
[14.723398] (unitree_hg) StdoutLine: {'line': b'-- Installing: /home/ruben/go2_deploy/workhop_rl/install/unitree_hg/include/unitree_hg/unitree_hg/msg/detail/dds_fastrtps\n'}
[14.723485] (unitree_hg) StdoutLine: {'line': b'-- Installing: /home/ruben/go2_deploy/workhop_rl/install/unitree_hg/include/unitree_hg/unitree_hg/msg/detail/bms_state__rosidl_typesupport_fastrtps_cpp.hpp\n'}
[14.723597] (unitree_hg) StdoutLine: {'line': b'-- Installing: /home/ruben/go2_deploy/workhop_rl/install/unitree_hg/include/unitree_hg/unitree_hg/msg/detail/imu_state__rosidl_typesupport_fastrtps_cpp.hpp\n'}
[14.723670] (unitree_hg) StdoutLine: {'line': b'-- Installing: /home/ruben/go2_deploy/workhop_rl/install/unitree_hg/include/unitree_hg/unitree_hg/msg/rosidl_typesupport_fastrtps_cpp__visibility_control.h\n'}
[14.723804] (unitree_hg) StdoutLine: {'line': b'-- Installing: /home/ruben/go2_deploy/workhop_rl/install/unitree_hg/lib/libunitree_hg__rosidl_typesupport_fastrtps_cpp.so\n'}
[14.724288] (unitree_hg) StdoutLine: {'line': b'-- Set runtime path of "/home/ruben/go2_deploy/workhop_rl/install/unitree_hg/lib/libunitree_hg__rosidl_typesupport_fastrtps_cpp.so" to ""\n'}
[14.724359] (unitree_hg) StdoutLine: {'line': b'-- Up-to-date: /home/ruben/go2_deploy/workhop_rl/install/unitree_hg/include/unitree_hg/unitree_hg\n'}
[14.724403] (unitree_hg) StdoutLine: {'line': b'-- Up-to-date: /home/ruben/go2_deploy/workhop_rl/install/unitree_hg/include/unitree_hg/unitree_hg/msg\n'}
[14.724467] (unitree_hg) StdoutLine: {'line': b'-- Up-to-date: /home/ruben/go2_deploy/workhop_rl/install/unitree_hg/include/unitree_hg/unitree_hg/msg/detail\n'}
[14.724509] (unitree_hg) StdoutLine: {'line': b'-- Installing: /home/ruben/go2_deploy/workhop_rl/install/unitree_hg/include/unitree_hg/unitree_hg/msg/detail/motor_state__type_support.c\n'}
[14.724567] (unitree_hg) StdoutLine: {'line': b'-- Installing: /home/ruben/go2_deploy/workhop_rl/install/unitree_hg/include/unitree_hg/unitree_hg/msg/detail/low_state__type_support.c\n'}
[14.724624] (unitree_hg) StdoutLine: {'line': b'-- Installing: /home/ruben/go2_deploy/workhop_rl/install/unitree_hg/include/unitree_hg/unitree_hg/msg/detail/motor_cmd__rosidl_typesupport_introspection_c.h\n'}
[14.724680] (unitree_hg) StdoutLine: {'line': b'-- Installing: /home/ruben/go2_deploy/workhop_rl/install/unitree_hg/include/unitree_hg/unitree_hg/msg/detail/low_state__rosidl_typesupport_introspection_c.h\n'}
[14.724745] (unitree_hg) StdoutLine: {'line': b'-- Installing: /home/ruben/go2_deploy/workhop_rl/install/unitree_hg/include/unitree_hg/unitree_hg/msg/detail/bms_state__rosidl_typesupport_introspection_c.h\n'}
[14.724813] (unitree_hg) StdoutLine: {'line': b'-- Installing: /home/ruben/go2_deploy/workhop_rl/install/unitree_hg/include/unitree_hg/unitree_hg/msg/detail/bms_cmd__rosidl_typesupport_introspection_c.h\n'}
[14.724892] (unitree_hg) StdoutLine: {'line': b'-- Installing: /home/ruben/go2_deploy/workhop_rl/install/unitree_hg/include/unitree_hg/unitree_hg/msg/detail/low_cmd__type_support.c\n'}
[14.724972] (unitree_hg) StdoutLine: {'line': b'-- Installing: /home/ruben/go2_deploy/workhop_rl/install/unitree_hg/include/unitree_hg/unitree_hg/msg/detail/imu_state__type_support.c\n'}
[14.725060] (unitree_hg) StdoutLine: {'line': b'-- Installing: /home/ruben/go2_deploy/workhop_rl/install/unitree_hg/include/unitree_hg/unitree_hg/msg/detail/bms_cmd__type_support.c\n'}
[14.725136] (unitree_hg) StdoutLine: {'line': b'-- Installing: /home/ruben/go2_deploy/workhop_rl/install/unitree_hg/include/unitree_hg/unitree_hg/msg/detail/motor_state__rosidl_typesupport_introspection_c.h\n'}
[14.725210] (unitree_hg) StdoutLine: {'line': b'-- Installing: /home/ruben/go2_deploy/workhop_rl/install/unitree_hg/include/unitree_hg/unitree_hg/msg/detail/hand_cmd__type_support.c\n'}
[14.725281] (unitree_hg) StdoutLine: {'line': b'-- Installing: /home/ruben/go2_deploy/workhop_rl/install/unitree_hg/include/unitree_hg/unitree_hg/msg/detail/bms_state__type_support.c\n'}
[14.725368] (unitree_hg) StdoutLine: {'line': b'-- Installing: /home/ruben/go2_deploy/workhop_rl/install/unitree_hg/include/unitree_hg/unitree_hg/msg/detail/imu_state__rosidl_typesupport_introspection_c.h\n'}
[14.725444] (unitree_hg) StdoutLine: {'line': b'-- Installing: /home/ruben/go2_deploy/workhop_rl/install/unitree_hg/include/unitree_hg/unitree_hg/msg/detail/press_sensor_state__type_support.c\n'}
[14.725523] (unitree_hg) StdoutLine: {'line': b'-- Installing: /home/ruben/go2_deploy/workhop_rl/install/unitree_hg/include/unitree_hg/unitree_hg/msg/detail/motor_cmd__type_support.c\n'}
[14.725601] (unitree_hg) StdoutLine: {'line': b'-- Installing: /home/ruben/go2_deploy/workhop_rl/install/unitree_hg/include/unitree_hg/unitree_hg/msg/detail/hand_state__rosidl_typesupport_introspection_c.h\n'}
[14.725676] (unitree_hg) StdoutLine: {'line': b'-- Installing: /home/ruben/go2_deploy/workhop_rl/install/unitree_hg/include/unitree_hg/unitree_hg/msg/detail/main_board_state__rosidl_typesupport_introspection_c.h\n'}
[14.725745] (unitree_hg) StdoutLine: {'line': b'-- Installing: /home/ruben/go2_deploy/workhop_rl/install/unitree_hg/include/unitree_hg/unitree_hg/msg/detail/low_cmd__rosidl_typesupport_introspection_c.h\n'}
[14.725820] (unitree_hg) StdoutLine: {'line': b'-- Installing: /home/ruben/go2_deploy/workhop_rl/install/unitree_hg/include/unitree_hg/unitree_hg/msg/detail/hand_cmd__rosidl_typesupport_introspection_c.h\n'}
[14.725898] (unitree_hg) StdoutLine: {'line': b'-- Installing: /home/ruben/go2_deploy/workhop_rl/install/unitree_hg/include/unitree_hg/unitree_hg/msg/detail/hand_state__type_support.c\n'}
[14.725985] (unitree_hg) StdoutLine: {'line': b'-- Installing: /home/ruben/go2_deploy/workhop_rl/install/unitree_hg/include/unitree_hg/unitree_hg/msg/detail/press_sensor_state__rosidl_typesupport_introspection_c.h\n'}
[14.726062] (unitree_hg) StdoutLine: {'line': b'-- Installing: /home/ruben/go2_deploy/workhop_rl/install/unitree_hg/include/unitree_hg/unitree_hg/msg/detail/main_board_state__type_support.c\n'}
[14.726146] (unitree_hg) StdoutLine: {'line': b'-- Installing: /home/ruben/go2_deploy/workhop_rl/install/unitree_hg/include/unitree_hg/unitree_hg/msg/rosidl_typesupport_introspection_c__visibility_control.h\n'}
[14.726274] (unitree_hg) StdoutLine: {'line': b'-- Installing: /home/ruben/go2_deploy/workhop_rl/install/unitree_hg/lib/libunitree_hg__rosidl_typesupport_introspection_c.so\n'}
[14.726619] (unitree_hg) StdoutLine: {'line': b'-- Set runtime path of "/home/ruben/go2_deploy/workhop_rl/install/unitree_hg/lib/libunitree_hg__rosidl_typesupport_introspection_c.so" to ""\n'}
[14.726680] (unitree_hg) StdoutLine: {'line': b'-- Installing: /home/ruben/go2_deploy/workhop_rl/install/unitree_hg/lib/libunitree_hg__rosidl_typesupport_c.so\n'}
[14.726840] (rmw_cyclonedds_cpp) StdoutLine: {'line': b'-- Using all available rosidl_typesupport_cpp: rosidl_typesupport_fastrtps_cpp;rosidl_typesupport_introspection_cpp\n'}
[14.726931] (unitree_hg) StdoutLine: {'line': b'-- Set runtime path of "/home/ruben/go2_deploy/workhop_rl/install/unitree_hg/lib/libunitree_hg__rosidl_typesupport_c.so" to ""\n'}
[14.726981] (unitree_hg) StdoutLine: {'line': b'-- Up-to-date: /home/ruben/go2_deploy/workhop_rl/install/unitree_hg/include/unitree_hg/unitree_hg\n'}
[14.727048] (unitree_hg) StdoutLine: {'line': b'-- Up-to-date: /home/ruben/go2_deploy/workhop_rl/install/unitree_hg/include/unitree_hg/unitree_hg/msg\n'}
[14.727097] (unitree_hg) StdoutLine: {'line': b'-- Up-to-date: /home/ruben/go2_deploy/workhop_rl/install/unitree_hg/include/unitree_hg/unitree_hg/msg/detail\n'}
[14.727160] (unitree_hg) StdoutLine: {'line': b'-- Installing: /home/ruben/go2_deploy/workhop_rl/install/unitree_hg/include/unitree_hg/unitree_hg/msg/detail/main_board_state__type_support.cpp\n'}
[14.727203] (unitree_hg) StdoutLine: {'line': b'-- Installing: /home/ruben/go2_deploy/workhop_rl/install/unitree_hg/include/unitree_hg/unitree_hg/msg/detail/hand_cmd__rosidl_typesupport_introspection_cpp.hpp\n'}
[14.727259] (unitree_hg) StdoutLine: {'line': b'-- Installing: /home/ruben/go2_deploy/workhop_rl/install/unitree_hg/include/unitree_hg/unitree_hg/msg/detail/hand_state__rosidl_typesupport_introspection_cpp.hpp\n'}
[14.727311] (unitree_hg) StdoutLine: {'line': b'-- Installing: /home/ruben/go2_deploy/workhop_rl/install/unitree_hg/include/unitree_hg/unitree_hg/msg/detail/bms_cmd__rosidl_typesupport_introspection_cpp.hpp\n'}
[14.727386] (unitree_hg) StdoutLine: {'line': b'-- Installing: /home/ruben/go2_deploy/workhop_rl/install/unitree_hg/include/unitree_hg/unitree_hg/msg/detail/low_cmd__type_support.cpp\n'}
[14.727478] (unitree_hg) StdoutLine: {'line': b'-- Installing: /home/ruben/go2_deploy/workhop_rl/install/unitree_hg/include/unitree_hg/unitree_hg/msg/detail/hand_cmd__type_support.cpp\n'}
[14.727556] (unitree_hg) StdoutLine: {'line': b'-- Installing: /home/ruben/go2_deploy/workhop_rl/install/unitree_hg/include/unitree_hg/unitree_hg/msg/detail/bms_state__rosidl_typesupport_introspection_cpp.hpp\n'}
[14.727632] (unitree_hg) StdoutLine: {'line': b'-- Installing: /home/ruben/go2_deploy/workhop_rl/install/unitree_hg/include/unitree_hg/unitree_hg/msg/detail/motor_cmd__type_support.cpp\n'}
[14.727721] (unitree_hg) StdoutLine: {'line': b'-- Installing: /home/ruben/go2_deploy/workhop_rl/install/unitree_hg/include/unitree_hg/unitree_hg/msg/detail/bms_state__type_support.cpp\n'}
[14.727813] (unitree_hg) StdoutLine: {'line': b'-- Installing: /home/ruben/go2_deploy/workhop_rl/install/unitree_hg/include/unitree_hg/unitree_hg/msg/detail/motor_cmd__rosidl_typesupport_introspection_cpp.hpp\n'}
[14.727893] (unitree_hg) StdoutLine: {'line': b'-- Installing: /home/ruben/go2_deploy/workhop_rl/install/unitree_hg/include/unitree_hg/unitree_hg/msg/detail/main_board_state__rosidl_typesupport_introspection_cpp.hpp\n'}
[14.727969] (unitree_hg) StdoutLine: {'line': b'-- Installing: /home/ruben/go2_deploy/workhop_rl/install/unitree_hg/include/unitree_hg/unitree_hg/msg/detail/motor_state__rosidl_typesupport_introspection_cpp.hpp\n'}
[14.728106] (unitree_hg) StdoutLine: {'line': b'-- Installing: /home/ruben/go2_deploy/workhop_rl/install/unitree_hg/include/unitree_hg/unitree_hg/msg/detail/imu_state__rosidl_typesupport_introspection_cpp.hpp\n'}
[14.728188] (unitree_hg) StdoutLine: {'line': b'-- Installing: /home/ruben/go2_deploy/workhop_rl/install/unitree_hg/include/unitree_hg/unitree_hg/msg/detail/bms_cmd__type_support.cpp\n'}
[14.728272] (unitree_hg) StdoutLine: {'line': b'-- Installing: /home/ruben/go2_deploy/workhop_rl/install/unitree_hg/include/unitree_hg/unitree_hg/msg/detail/press_sensor_state__rosidl_typesupport_introspection_cpp.hpp\n'}
[14.728349] (unitree_hg) StdoutLine: {'line': b'-- Installing: /home/ruben/go2_deploy/workhop_rl/install/unitree_hg/include/unitree_hg/unitree_hg/msg/detail/low_state__type_support.cpp\n'}
[14.728435] (unitree_hg) StdoutLine: {'line': b'-- Installing: /home/ruben/go2_deploy/workhop_rl/install/unitree_hg/include/unitree_hg/unitree_hg/msg/detail/press_sensor_state__type_support.cpp\n'}
[14.728517] (unitree_hg) StdoutLine: {'line': b'-- Installing: /home/ruben/go2_deploy/workhop_rl/install/unitree_hg/include/unitree_hg/unitree_hg/msg/detail/hand_state__type_support.cpp\n'}
[14.728596] (unitree_hg) StdoutLine: {'line': b'-- Installing: /home/ruben/go2_deploy/workhop_rl/install/unitree_hg/include/unitree_hg/unitree_hg/msg/detail/motor_state__type_support.cpp\n'}
[14.728677] (unitree_hg) StdoutLine: {'line': b'-- Installing: /home/ruben/go2_deploy/workhop_rl/install/unitree_hg/include/unitree_hg/unitree_hg/msg/detail/imu_state__type_support.cpp\n'}
[14.728754] (unitree_hg) StdoutLine: {'line': b'-- Installing: /home/ruben/go2_deploy/workhop_rl/install/unitree_hg/include/unitree_hg/unitree_hg/msg/detail/low_cmd__rosidl_typesupport_introspection_cpp.hpp\n'}
[14.728831] (unitree_hg) StdoutLine: {'line': b'-- Installing: /home/ruben/go2_deploy/workhop_rl/install/unitree_hg/include/unitree_hg/unitree_hg/msg/detail/low_state__rosidl_typesupport_introspection_cpp.hpp\n'}
[14.728956] (unitree_hg) StdoutLine: {'line': b'-- Installing: /home/ruben/go2_deploy/workhop_rl/install/unitree_hg/lib/libunitree_hg__rosidl_typesupport_introspection_cpp.so\n'}
[14.729519] (unitree_hg) StdoutLine: {'line': b'-- Set runtime path of "/home/ruben/go2_deploy/workhop_rl/install/unitree_hg/lib/libunitree_hg__rosidl_typesupport_introspection_cpp.so" to ""\n'}
[14.729599] (unitree_hg) StdoutLine: {'line': b'-- Installing: /home/ruben/go2_deploy/workhop_rl/install/unitree_hg/lib/libunitree_hg__rosidl_typesupport_cpp.so\n'}
[14.729812] (unitree_hg) StdoutLine: {'line': b'-- Set runtime path of "/home/ruben/go2_deploy/workhop_rl/install/unitree_hg/lib/libunitree_hg__rosidl_typesupport_cpp.so" to ""\n'}
[14.729867] (unitree_hg) StdoutLine: {'line': b'-- Installing: /home/ruben/go2_deploy/workhop_rl/install/unitree_hg/share/unitree_hg/environment/pythonpath.sh\n'}
[14.729962] (unitree_hg) StdoutLine: {'line': b'-- Installing: /home/ruben/go2_deploy/workhop_rl/install/unitree_hg/share/unitree_hg/environment/pythonpath.dsv\n'}
[14.730060] (unitree_hg) StdoutLine: {'line': b'-- Installing: /home/ruben/go2_deploy/workhop_rl/install/unitree_hg/local/lib/python3.10/dist-packages/unitree_hg-0.0.0-py3.10.egg-info\n'}
[14.730176] (unitree_hg) StdoutLine: {'line': b'-- Installing: /home/ruben/go2_deploy/workhop_rl/install/unitree_hg/local/lib/python3.10/dist-packages/unitree_hg-0.0.0-py3.10.egg-info/SOURCES.txt\n'}
[14.730249] (unitree_hg) StdoutLine: {'line': b'-- Installing: /home/ruben/go2_deploy/workhop_rl/install/unitree_hg/local/lib/python3.10/dist-packages/unitree_hg-0.0.0-py3.10.egg-info/PKG-INFO\n'}
[14.730315] (unitree_hg) StdoutLine: {'line': b'-- Installing: /home/ruben/go2_deploy/workhop_rl/install/unitree_hg/local/lib/python3.10/dist-packages/unitree_hg-0.0.0-py3.10.egg-info/top_level.txt\n'}
[14.730384] (unitree_hg) StdoutLine: {'line': b'-- Installing: /home/ruben/go2_deploy/workhop_rl/install/unitree_hg/local/lib/python3.10/dist-packages/unitree_hg-0.0.0-py3.10.egg-info/dependency_links.txt\n'}
[14.730503] (unitree_hg) StdoutLine: {'line': b'-- Installing: /home/ruben/go2_deploy/workhop_rl/install/unitree_hg/local/lib/python3.10/dist-packages/unitree_hg\n'}
[14.730569] (unitree_hg) StdoutLine: {'line': b'-- Installing: /home/ruben/go2_deploy/workhop_rl/install/unitree_hg/local/lib/python3.10/dist-packages/unitree_hg/unitree_hg_s__rosidl_typesupport_c.cpython-310-x86_64-linux-gnu.so\n'}
[14.730679] (unitree_hg) StdoutLine: {'line': b'-- Installing: /home/ruben/go2_deploy/workhop_rl/install/unitree_hg/local/lib/python3.10/dist-packages/unitree_hg/__init__.py\n'}
[14.730744] (unitree_hg) StdoutLine: {'line': b'-- Installing: /home/ruben/go2_deploy/workhop_rl/install/unitree_hg/local/lib/python3.10/dist-packages/unitree_hg/_unitree_hg_s.ep.rosidl_typesupport_fastrtps_c.c\n'}
[14.730850] (unitree_hg) StdoutLine: {'line': b'-- Installing: /home/ruben/go2_deploy/workhop_rl/install/unitree_hg/local/lib/python3.10/dist-packages/unitree_hg/libunitree_hg__rosidl_generator_py.so\n'}
[14.731038] (unitree_hg) StdoutLine: {'line': b'-- Installing: /home/ruben/go2_deploy/workhop_rl/install/unitree_hg/local/lib/python3.10/dist-packages/unitree_hg/_unitree_hg_s.ep.rosidl_typesupport_introspection_c.c\n'}
[14.731212] (unitree_hg) StdoutLine: {'line': b'-- Installing: /home/ruben/go2_deploy/workhop_rl/install/unitree_hg/local/lib/python3.10/dist-packages/unitree_hg/unitree_hg_s__rosidl_typesupport_introspection_c.cpython-310-x86_64-linux-gnu.so\n'}
[14.731408] (unitree_hg) StdoutLine: {'line': b'-- Installing: /home/ruben/go2_deploy/workhop_rl/install/unitree_hg/local/lib/python3.10/dist-packages/unitree_hg/msg\n'}
[14.731456] (unitree_hg) StdoutLine: {'line': b'-- Installing: /home/ruben/go2_deploy/workhop_rl/install/unitree_hg/local/lib/python3.10/dist-packages/unitree_hg/msg/_low_cmd.py\n'}
[14.731500] (unitree_hg) StdoutLine: {'line': b'-- Installing: /home/ruben/go2_deploy/workhop_rl/install/unitree_hg/local/lib/python3.10/dist-packages/unitree_hg/msg/_low_state.py\n'}
[14.731560] (unitree_hg) StdoutLine: {'line': b'-- Installing: /home/ruben/go2_deploy/workhop_rl/install/unitree_hg/local/lib/python3.10/dist-packages/unitree_hg/msg/_motor_state_s.c\n'}
[14.731627] (unitree_hg) StdoutLine: {'line': b'-- Installing: /home/ruben/go2_deploy/workhop_rl/install/unitree_hg/local/lib/python3.10/dist-packages/unitree_hg/msg/_press_sensor_state.py\n'}
[14.731672] (unitree_hg) StdoutLine: {'line': b'-- Installing: /home/ruben/go2_deploy/workhop_rl/install/unitree_hg/local/lib/python3.10/dist-packages/unitree_hg/msg/_motor_state.py\n'}
[14.731732] (unitree_hg) StdoutLine: {'line': b'-- Installing: /home/ruben/go2_deploy/workhop_rl/install/unitree_hg/local/lib/python3.10/dist-packages/unitree_hg/msg/_press_sensor_state_s.c\n'}
[14.731792] (unitree_hg) StdoutLine: {'line': b'-- Installing: /home/ruben/go2_deploy/workhop_rl/install/unitree_hg/local/lib/python3.10/dist-packages/unitree_hg/msg/_main_board_state.py\n'}
[14.731856] (unitree_hg) StdoutLine: {'line': b'-- Installing: /home/ruben/go2_deploy/workhop_rl/install/unitree_hg/local/lib/python3.10/dist-packages/unitree_hg/msg/__init__.py\n'}
[14.731913] (unitree_hg) StdoutLine: {'line': b'-- Installing: /home/ruben/go2_deploy/workhop_rl/install/unitree_hg/local/lib/python3.10/dist-packages/unitree_hg/msg/_motor_cmd_s.c\n'}
[14.731976] (unitree_hg) StdoutLine: {'line': b'-- Installing: /home/ruben/go2_deploy/workhop_rl/install/unitree_hg/local/lib/python3.10/dist-packages/unitree_hg/msg/_low_state_s.c\n'}
[14.732059] (unitree_hg) StdoutLine: {'line': b'-- Installing: /home/ruben/go2_deploy/workhop_rl/install/unitree_hg/local/lib/python3.10/dist-packages/unitree_hg/msg/_imu_state.py\n'}
[14.732137] (unitree_hg) StdoutLine: {'line': b'-- Installing: /home/ruben/go2_deploy/workhop_rl/install/unitree_hg/local/lib/python3.10/dist-packages/unitree_hg/msg/_imu_state_s.c\n'}
[14.732216] (unitree_hg) StdoutLine: {'line': b'-- Installing: /home/ruben/go2_deploy/workhop_rl/install/unitree_hg/local/lib/python3.10/dist-packages/unitree_hg/msg/_motor_cmd.py\n'}
[14.732295] (unitree_hg) StdoutLine: {'line': b'-- Installing: /home/ruben/go2_deploy/workhop_rl/install/unitree_hg/local/lib/python3.10/dist-packages/unitree_hg/msg/_main_board_state_s.c\n'}
[14.732375] (unitree_hg) StdoutLine: {'line': b'-- Installing: /home/ruben/go2_deploy/workhop_rl/install/unitree_hg/local/lib/python3.10/dist-packages/unitree_hg/msg/_hand_state.py\n'}
[14.732456] (unitree_hg) StdoutLine: {'line': b'-- Installing: /home/ruben/go2_deploy/workhop_rl/install/unitree_hg/local/lib/python3.10/dist-packages/unitree_hg/msg/_hand_state_s.c\n'}
[14.732533] (unitree_hg) StdoutLine: {'line': b'-- Installing: /home/ruben/go2_deploy/workhop_rl/install/unitree_hg/local/lib/python3.10/dist-packages/unitree_hg/msg/_bms_cmd_s.c\n'}
[14.732607] (unitree_hg) StdoutLine: {'line': b'-- Installing: /home/ruben/go2_deploy/workhop_rl/install/unitree_hg/local/lib/python3.10/dist-packages/unitree_hg/msg/_low_cmd_s.c\n'}
[14.732681] (unitree_hg) StdoutLine: {'line': b'-- Installing: /home/ruben/go2_deploy/workhop_rl/install/unitree_hg/local/lib/python3.10/dist-packages/unitree_hg/msg/_hand_cmd.py\n'}
[14.732757] (unitree_hg) StdoutLine: {'line': b'-- Installing: /home/ruben/go2_deploy/workhop_rl/install/unitree_hg/local/lib/python3.10/dist-packages/unitree_hg/msg/_bms_cmd.py\n'}
[14.732843] (unitree_hg) StdoutLine: {'line': b'-- Installing: /home/ruben/go2_deploy/workhop_rl/install/unitree_hg/local/lib/python3.10/dist-packages/unitree_hg/msg/_hand_cmd_s.c\n'}
[14.732923] (unitree_hg) StdoutLine: {'line': b'-- Installing: /home/ruben/go2_deploy/workhop_rl/install/unitree_hg/local/lib/python3.10/dist-packages/unitree_hg/msg/_bms_state.py\n'}
[14.733013] (unitree_hg) StdoutLine: {'line': b'-- Installing: /home/ruben/go2_deploy/workhop_rl/install/unitree_hg/local/lib/python3.10/dist-packages/unitree_hg/msg/_bms_state_s.c\n'}
[14.733172] (unitree_hg) StdoutLine: {'line': b'-- Installing: /home/ruben/go2_deploy/workhop_rl/install/unitree_hg/local/lib/python3.10/dist-packages/unitree_hg/_unitree_hg_s.ep.rosidl_typesupport_c.c\n'}
[14.733285] (unitree_hg) StdoutLine: {'line': b'-- Installing: /home/ruben/go2_deploy/workhop_rl/install/unitree_hg/local/lib/python3.10/dist-packages/unitree_hg/unitree_hg_s__rosidl_typesupport_fastrtps_c.cpython-310-x86_64-linux-gnu.so\n'}
[14.777930] (-) TimerEvent: {}
[14.793449] (unitree_hg) StdoutLine: {'line': b"Listing '/home/ruben/go2_deploy/workhop_rl/install/unitree_hg/local/lib/python3.10/dist-packages/unitree_hg'...\n"}
[14.793585] (unitree_hg) StdoutLine: {'line': b"Compiling '/home/ruben/go2_deploy/workhop_rl/install/unitree_hg/local/lib/python3.10/dist-packages/unitree_hg/__init__.py'...\n"}
[14.793634] (unitree_hg) StdoutLine: {'line': b"Listing '/home/ruben/go2_deploy/workhop_rl/install/unitree_hg/local/lib/python3.10/dist-packages/unitree_hg/msg'...\n"}
[14.793682] (unitree_hg) StdoutLine: {'line': b"Compiling '/home/ruben/go2_deploy/workhop_rl/install/unitree_hg/local/lib/python3.10/dist-packages/unitree_hg/msg/__init__.py'...\n"}
[14.793725] (unitree_hg) StdoutLine: {'line': b"Compiling '/home/ruben/go2_deploy/workhop_rl/install/unitree_hg/local/lib/python3.10/dist-packages/unitree_hg/msg/_bms_cmd.py'...\n"}
[14.793765] (unitree_hg) StdoutLine: {'line': b"Compiling '/home/ruben/go2_deploy/workhop_rl/install/unitree_hg/local/lib/python3.10/dist-packages/unitree_hg/msg/_bms_state.py'...\n"}
[14.793806] (unitree_hg) StdoutLine: {'line': b"Compiling '/home/ruben/go2_deploy/workhop_rl/install/unitree_hg/local/lib/python3.10/dist-packages/unitree_hg/msg/_hand_cmd.py'...\n"}
[14.793847] (unitree_hg) StdoutLine: {'line': b"Compiling '/home/ruben/go2_deploy/workhop_rl/install/unitree_hg/local/lib/python3.10/dist-packages/unitree_hg/msg/_hand_state.py'...\n"}
[14.793888] (unitree_hg) StdoutLine: {'line': b"Compiling '/home/ruben/go2_deploy/workhop_rl/install/unitree_hg/local/lib/python3.10/dist-packages/unitree_hg/msg/_imu_state.py'...\n"}
[14.793928] (unitree_hg) StdoutLine: {'line': b"Compiling '/home/ruben/go2_deploy/workhop_rl/install/unitree_hg/local/lib/python3.10/dist-packages/unitree_hg/msg/_low_cmd.py'...\n"}
[14.793968] (unitree_hg) StdoutLine: {'line': b"Compiling '/home/ruben/go2_deploy/workhop_rl/install/unitree_hg/local/lib/python3.10/dist-packages/unitree_hg/msg/_low_state.py'...\n"}
[14.794008] (unitree_hg) StdoutLine: {'line': b"Compiling '/home/ruben/go2_deploy/workhop_rl/install/unitree_hg/local/lib/python3.10/dist-packages/unitree_hg/msg/_main_board_state.py'...\n"}
[14.794058] (unitree_hg) StdoutLine: {'line': b"Compiling '/home/ruben/go2_deploy/workhop_rl/install/unitree_hg/local/lib/python3.10/dist-packages/unitree_hg/msg/_motor_cmd.py'...\n"}
[14.794106] (unitree_hg) StdoutLine: {'line': b"Compiling '/home/ruben/go2_deploy/workhop_rl/install/unitree_hg/local/lib/python3.10/dist-packages/unitree_hg/msg/_motor_state.py'...\n"}
[14.794147] (unitree_hg) StdoutLine: {'line': b"Compiling '/home/ruben/go2_deploy/workhop_rl/install/unitree_hg/local/lib/python3.10/dist-packages/unitree_hg/msg/_press_sensor_state.py'...\n"}
[14.799426] (unitree_hg) StdoutLine: {'line': b'-- Installing: /home/ruben/go2_deploy/workhop_rl/install/unitree_hg/local/lib/python3.10/dist-packages/unitree_hg/unitree_hg_s__rosidl_typesupport_fastrtps_c.cpython-310-x86_64-linux-gnu.so\n'}
[14.799892] (unitree_hg) StdoutLine: {'line': b'-- Set runtime path of "/home/ruben/go2_deploy/workhop_rl/install/unitree_hg/local/lib/python3.10/dist-packages/unitree_hg/unitree_hg_s__rosidl_typesupport_fastrtps_c.cpython-310-x86_64-linux-gnu.so" to ""\n'}
[14.800094] (unitree_hg) StdoutLine: {'line': b'-- Installing: /home/ruben/go2_deploy/workhop_rl/install/unitree_hg/local/lib/python3.10/dist-packages/unitree_hg/unitree_hg_s__rosidl_typesupport_introspection_c.cpython-310-x86_64-linux-gnu.so\n'}
[14.800461] (unitree_hg) StdoutLine: {'line': b'-- Set runtime path of "/home/ruben/go2_deploy/workhop_rl/install/unitree_hg/local/lib/python3.10/dist-packages/unitree_hg/unitree_hg_s__rosidl_typesupport_introspection_c.cpython-310-x86_64-linux-gnu.so" to ""\n'}
[14.800683] (unitree_hg) StdoutLine: {'line': b'-- Installing: /home/ruben/go2_deploy/workhop_rl/install/unitree_hg/local/lib/python3.10/dist-packages/unitree_hg/unitree_hg_s__rosidl_typesupport_c.cpython-310-x86_64-linux-gnu.so\n'}
[14.801100] (unitree_hg) StdoutLine: {'line': b'-- Set runtime path of "/home/ruben/go2_deploy/workhop_rl/install/unitree_hg/local/lib/python3.10/dist-packages/unitree_hg/unitree_hg_s__rosidl_typesupport_c.cpython-310-x86_64-linux-gnu.so" to ""\n'}
[14.801211] (unitree_hg) StdoutLine: {'line': b'-- Installing: /home/ruben/go2_deploy/workhop_rl/install/unitree_hg/lib/libunitree_hg__rosidl_generator_py.so\n'}
[14.801707] (unitree_hg) StdoutLine: {'line': b'-- Set runtime path of "/home/ruben/go2_deploy/workhop_rl/install/unitree_hg/lib/libunitree_hg__rosidl_generator_py.so" to ""\n'}
[14.801816] (unitree_hg) StdoutLine: {'line': b'-- Installing: /home/ruben/go2_deploy/workhop_rl/install/unitree_hg/share/unitree_hg/msg/BmsCmd.idl\n'}
[14.801986] (unitree_hg) StdoutLine: {'line': b'-- Installing: /home/ruben/go2_deploy/workhop_rl/install/unitree_hg/share/unitree_hg/msg/BmsState.idl\n'}
[14.802123] (unitree_hg) StdoutLine: {'line': b'-- Installing: /home/ruben/go2_deploy/workhop_rl/install/unitree_hg/share/unitree_hg/msg/HandCmd.idl\n'}
[14.802262] (unitree_hg) StdoutLine: {'line': b'-- Installing: /home/ruben/go2_deploy/workhop_rl/install/unitree_hg/share/unitree_hg/msg/HandState.idl\n'}
[14.802402] (unitree_hg) StdoutLine: {'line': b'-- Installing: /home/ruben/go2_deploy/workhop_rl/install/unitree_hg/share/unitree_hg/msg/IMUState.idl\n'}
[14.802530] (unitree_hg) StdoutLine: {'line': b'-- Installing: /home/ruben/go2_deploy/workhop_rl/install/unitree_hg/share/unitree_hg/msg/LowCmd.idl\n'}
[14.802654] (unitree_hg) StdoutLine: {'line': b'-- Installing: /home/ruben/go2_deploy/workhop_rl/install/unitree_hg/share/unitree_hg/msg/LowState.idl\n'}
[14.802783] (unitree_hg) StdoutLine: {'line': b'-- Installing: /home/ruben/go2_deploy/workhop_rl/install/unitree_hg/share/unitree_hg/msg/MainBoardState.idl\n'}
[14.802915] (unitree_hg) StdoutLine: {'line': b'-- Installing: /home/ruben/go2_deploy/workhop_rl/install/unitree_hg/share/unitree_hg/msg/MotorCmd.idl\n'}
[14.803053] (unitree_hg) StdoutLine: {'line': b'-- Installing: /home/ruben/go2_deploy/workhop_rl/install/unitree_hg/share/unitree_hg/msg/MotorState.idl\n'}
[14.803176] (unitree_hg) StdoutLine: {'line': b'-- Installing: /home/ruben/go2_deploy/workhop_rl/install/unitree_hg/share/unitree_hg/msg/PressSensorState.idl\n'}
[14.803316] (unitree_hg) StdoutLine: {'line': b'-- Installing: /home/ruben/go2_deploy/workhop_rl/install/unitree_hg/share/unitree_hg/msg/BmsCmd.msg\n'}
[14.803457] (unitree_hg) StdoutLine: {'line': b'-- Installing: /home/ruben/go2_deploy/workhop_rl/install/unitree_hg/share/unitree_hg/msg/BmsState.msg\n'}
[14.803590] (unitree_hg) StdoutLine: {'line': b'-- Installing: /home/ruben/go2_deploy/workhop_rl/install/unitree_hg/share/unitree_hg/msg/HandCmd.msg\n'}
[14.803702] (unitree_hg) StdoutLine: {'line': b'-- Installing: /home/ruben/go2_deploy/workhop_rl/install/unitree_hg/share/unitree_hg/msg/HandState.msg\n'}
[14.803834] (unitree_hg) StdoutLine: {'line': b'-- Installing: /home/ruben/go2_deploy/workhop_rl/install/unitree_hg/share/unitree_hg/msg/IMUState.msg\n'}
[14.803979] (unitree_hg) StdoutLine: {'line': b'-- Installing: /home/ruben/go2_deploy/workhop_rl/install/unitree_hg/share/unitree_hg/msg/LowCmd.msg\n'}
[14.804103] (unitree_hg) StdoutLine: {'line': b'-- Installing: /home/ruben/go2_deploy/workhop_rl/install/unitree_hg/share/unitree_hg/msg/LowState.msg\n'}
[14.804220] (unitree_hg) StdoutLine: {'line': b'-- Installing: /home/ruben/go2_deploy/workhop_rl/install/unitree_hg/share/unitree_hg/msg/MainBoardState.msg\n'}
[14.804348] (unitree_hg) StdoutLine: {'line': b'-- Installing: /home/ruben/go2_deploy/workhop_rl/install/unitree_hg/share/unitree_hg/msg/MotorCmd.msg\n'}
[14.804476] (unitree_hg) StdoutLine: {'line': b'-- Installing: /home/ruben/go2_deploy/workhop_rl/install/unitree_hg/share/unitree_hg/msg/MotorState.msg\n'}
[14.804607] (unitree_hg) StdoutLine: {'line': b'-- Installing: /home/ruben/go2_deploy/workhop_rl/install/unitree_hg/share/unitree_hg/msg/PressSensorState.msg\n'}
[14.804718] (unitree_hg) StdoutLine: {'line': b'-- Installing: /home/ruben/go2_deploy/workhop_rl/install/unitree_hg/share/unitree_hg/msg/dds_connext\n'}
[14.804797] (unitree_hg) StdoutLine: {'line': b'-- Installing: /home/ruben/go2_deploy/workhop_rl/install/unitree_hg/share/unitree_hg/msg/dds_connext/HandCmd_.idl\n'}
[14.804885] (unitree_hg) StdoutLine: {'line': b'-- Installing: /home/ruben/go2_deploy/workhop_rl/install/unitree_hg/share/unitree_hg/msg/dds_connext/HandState_.idl\n'}
[14.804958] (unitree_hg) StdoutLine: {'line': b'-- Installing: /home/ruben/go2_deploy/workhop_rl/install/unitree_hg/share/unitree_hg/msg/dds_connext/LowCmd_.idl\n'}
[14.805037] (unitree_hg) StdoutLine: {'line': b'-- Installing: /home/ruben/go2_deploy/workhop_rl/install/unitree_hg/share/unitree_hg/msg/dds_connext/BmsState_.idl\n'}
[14.805152] (unitree_hg) StdoutLine: {'line': b'-- Installing: /home/ruben/go2_deploy/workhop_rl/install/unitree_hg/share/unitree_hg/msg/dds_connext/MotorCmd_.idl\n'}
[14.805220] (unitree_hg) StdoutLine: {'line': b'-- Installing: /home/ruben/go2_deploy/workhop_rl/install/unitree_hg/share/unitree_hg/msg/dds_connext/LowState_.idl\n'}
[14.805270] (unitree_hg) StdoutLine: {'line': b'-- Installing: /home/ruben/go2_deploy/workhop_rl/install/unitree_hg/share/unitree_hg/msg/dds_connext/MotorState_.idl\n'}
[14.805338] (unitree_hg) StdoutLine: {'line': b'-- Installing: /home/ruben/go2_deploy/workhop_rl/install/unitree_hg/share/unitree_hg/msg/dds_connext/MainBoardState_.idl\n'}
[14.805413] (unitree_hg) StdoutLine: {'line': b'-- Installing: /home/ruben/go2_deploy/workhop_rl/install/unitree_hg/share/unitree_hg/msg/dds_connext/PressSensorState_.idl\n'}
[14.805488] (unitree_hg) StdoutLine: {'line': b'-- Installing: /home/ruben/go2_deploy/workhop_rl/install/unitree_hg/share/unitree_hg/msg/dds_connext/IMUState_.idl\n'}
[14.805562] (unitree_hg) StdoutLine: {'line': b'-- Installing: /home/ruben/go2_deploy/workhop_rl/install/unitree_hg/share/unitree_hg/msg/dds_connext/BmsCmd_.idl\n'}
[14.805745] (unitree_hg) StdoutLine: {'line': b'-- Installing: /home/ruben/go2_deploy/workhop_rl/install/unitree_hg/share/ament_index/resource_index/package_run_dependencies/unitree_hg\n'}
[14.805897] (unitree_hg) StdoutLine: {'line': b'-- Installing: /home/ruben/go2_deploy/workhop_rl/install/unitree_hg/share/ament_index/resource_index/parent_prefix_path/unitree_hg\n'}
[14.806056] (unitree_hg) StdoutLine: {'line': b'-- Installing: /home/ruben/go2_deploy/workhop_rl/install/unitree_hg/share/unitree_hg/environment/ament_prefix_path.sh\n'}
[14.806149] (unitree_hg) StdoutLine: {'line': b'-- Installing: /home/ruben/go2_deploy/workhop_rl/install/unitree_hg/share/unitree_hg/environment/ament_prefix_path.dsv\n'}
[14.806279] (unitree_hg) StdoutLine: {'line': b'-- Installing: /home/ruben/go2_deploy/workhop_rl/install/unitree_hg/share/unitree_hg/environment/path.sh\n'}
[14.806397] (unitree_hg) StdoutLine: {'line': b'-- Installing: /home/ruben/go2_deploy/workhop_rl/install/unitree_hg/share/unitree_hg/environment/path.dsv\n'}
[14.806518] (unitree_hg) StdoutLine: {'line': b'-- Installing: /home/ruben/go2_deploy/workhop_rl/install/unitree_hg/share/unitree_hg/local_setup.bash\n'}
[14.806626] (unitree_hg) StdoutLine: {'line': b'-- Installing: /home/ruben/go2_deploy/workhop_rl/install/unitree_hg/share/unitree_hg/local_setup.sh\n'}
[14.806758] (unitree_hg) StdoutLine: {'line': b'-- Installing: /home/ruben/go2_deploy/workhop_rl/install/unitree_hg/share/unitree_hg/local_setup.zsh\n'}
[14.806874] (unitree_hg) StdoutLine: {'line': b'-- Installing: /home/ruben/go2_deploy/workhop_rl/install/unitree_hg/share/unitree_hg/local_setup.dsv\n'}
[14.806994] (unitree_hg) StdoutLine: {'line': b'-- Installing: /home/ruben/go2_deploy/workhop_rl/install/unitree_hg/share/unitree_hg/package.dsv\n'}
[14.807133] (unitree_hg) StdoutLine: {'line': b'-- Installing: /home/ruben/go2_deploy/workhop_rl/install/unitree_hg/share/ament_index/resource_index/packages/unitree_hg\n'}
[14.807304] (unitree_hg) StdoutLine: {'line': b'-- Installing: /home/ruben/go2_deploy/workhop_rl/install/unitree_hg/share/unitree_hg/cmake/export_unitree_hg__rosidl_generator_cExport.cmake\n'}
[14.807437] (unitree_hg) StdoutLine: {'line': b'-- Installing: /home/ruben/go2_deploy/workhop_rl/install/unitree_hg/share/unitree_hg/cmake/export_unitree_hg__rosidl_generator_cExport-noconfig.cmake\n'}
[14.807584] (unitree_hg) StdoutLine: {'line': b'-- Installing: /home/ruben/go2_deploy/workhop_rl/install/unitree_hg/share/unitree_hg/cmake/export_unitree_hg__rosidl_typesupport_fastrtps_cExport.cmake\n'}
[14.807705] (unitree_hg) StdoutLine: {'line': b'-- Installing: /home/ruben/go2_deploy/workhop_rl/install/unitree_hg/share/unitree_hg/cmake/export_unitree_hg__rosidl_typesupport_fastrtps_cExport-noconfig.cmake\n'}
[14.807842] (unitree_hg) StdoutLine: {'line': b'-- Installing: /home/ruben/go2_deploy/workhop_rl/install/unitree_hg/share/unitree_hg/cmake/export_unitree_hg__rosidl_generator_cppExport.cmake\n'}
[14.807976] (unitree_hg) StdoutLine: {'line': b'-- Installing: /home/ruben/go2_deploy/workhop_rl/install/unitree_hg/share/unitree_hg/cmake/export_unitree_hg__rosidl_typesupport_fastrtps_cppExport.cmake\n'}
[14.808135] (unitree_hg) StdoutLine: {'line': b'-- Installing: /home/ruben/go2_deploy/workhop_rl/install/unitree_hg/share/unitree_hg/cmake/export_unitree_hg__rosidl_typesupport_fastrtps_cppExport-noconfig.cmake\n'}
[14.808245] (unitree_hg) StdoutLine: {'line': b'-- Installing: /home/ruben/go2_deploy/workhop_rl/install/unitree_hg/share/unitree_hg/cmake/unitree_hg__rosidl_typesupport_introspection_cExport.cmake\n'}
[14.808361] (unitree_hg) StdoutLine: {'line': b'-- Installing: /home/ruben/go2_deploy/workhop_rl/install/unitree_hg/share/unitree_hg/cmake/unitree_hg__rosidl_typesupport_introspection_cExport-noconfig.cmake\n'}
[14.808487] (unitree_hg) StdoutLine: {'line': b'-- Installing: /home/ruben/go2_deploy/workhop_rl/install/unitree_hg/share/unitree_hg/cmake/unitree_hg__rosidl_typesupport_cExport.cmake\n'}
[14.808618] (unitree_hg) StdoutLine: {'line': b'-- Installing: /home/ruben/go2_deploy/workhop_rl/install/unitree_hg/share/unitree_hg/cmake/unitree_hg__rosidl_typesupport_cExport-noconfig.cmake\n'}
[14.808751] (unitree_hg) StdoutLine: {'line': b'-- Installing: /home/ruben/go2_deploy/workhop_rl/install/unitree_hg/share/unitree_hg/cmake/unitree_hg__rosidl_typesupport_introspection_cppExport.cmake\n'}
[14.808895] (unitree_hg) StdoutLine: {'line': b'-- Installing: /home/ruben/go2_deploy/workhop_rl/install/unitree_hg/share/unitree_hg/cmake/unitree_hg__rosidl_typesupport_introspection_cppExport-noconfig.cmake\n'}
[14.808998] (unitree_hg) StdoutLine: {'line': b'-- Installing: /home/ruben/go2_deploy/workhop_rl/install/unitree_hg/share/unitree_hg/cmake/unitree_hg__rosidl_typesupport_cppExport.cmake\n'}
[14.809135] (unitree_hg) StdoutLine: {'line': b'-- Installing: /home/ruben/go2_deploy/workhop_rl/install/unitree_hg/share/unitree_hg/cmake/unitree_hg__rosidl_typesupport_cppExport-noconfig.cmake\n'}
[14.809265] (unitree_hg) StdoutLine: {'line': b'-- Installing: /home/ruben/go2_deploy/workhop_rl/install/unitree_hg/share/unitree_hg/cmake/export_unitree_hg__rosidl_generator_pyExport.cmake\n'}
[14.809407] (unitree_hg) StdoutLine: {'line': b'-- Installing: /home/ruben/go2_deploy/workhop_rl/install/unitree_hg/share/unitree_hg/cmake/export_unitree_hg__rosidl_generator_pyExport-noconfig.cmake\n'}
[14.809498] (unitree_hg) StdoutLine: {'line': b'-- Installing: /home/ruben/go2_deploy/workhop_rl/install/unitree_hg/share/unitree_hg/cmake/rosidl_cmake-extras.cmake\n'}
[14.809616] (unitree_hg) StdoutLine: {'line': b'-- Installing: /home/ruben/go2_deploy/workhop_rl/install/unitree_hg/share/unitree_hg/cmake/ament_cmake_export_dependencies-extras.cmake\n'}
[14.809731] (unitree_hg) StdoutLine: {'line': b'-- Installing: /home/ruben/go2_deploy/workhop_rl/install/unitree_hg/share/unitree_hg/cmake/ament_cmake_export_include_directories-extras.cmake\n'}
[14.809847] (unitree_hg) StdoutLine: {'line': b'-- Installing: /home/ruben/go2_deploy/workhop_rl/install/unitree_hg/share/unitree_hg/cmake/ament_cmake_export_libraries-extras.cmake\n'}
[14.809967] (unitree_hg) StdoutLine: {'line': b'-- Installing: /home/ruben/go2_deploy/workhop_rl/install/unitree_hg/share/unitree_hg/cmake/ament_cmake_export_targets-extras.cmake\n'}
[14.810089] (unitree_hg) StdoutLine: {'line': b'-- Installing: /home/ruben/go2_deploy/workhop_rl/install/unitree_hg/share/unitree_hg/cmake/rosidl_cmake_export_typesupport_targets-extras.cmake\n'}
[14.810209] (unitree_hg) StdoutLine: {'line': b'-- Installing: /home/ruben/go2_deploy/workhop_rl/install/unitree_hg/share/unitree_hg/cmake/rosidl_cmake_export_typesupport_libraries-extras.cmake\n'}
[14.810323] (unitree_hg) StdoutLine: {'line': b'-- Installing: /home/ruben/go2_deploy/workhop_rl/install/unitree_hg/share/unitree_hg/cmake/unitree_hgConfig.cmake\n'}
[14.810401] (unitree_hg) StdoutLine: {'line': b'-- Installing: /home/ruben/go2_deploy/workhop_rl/install/unitree_hg/share/unitree_hg/cmake/unitree_hgConfig-version.cmake\n'}
[14.810510] (unitree_hg) StdoutLine: {'line': b'-- Installing: /home/ruben/go2_deploy/workhop_rl/install/unitree_hg/share/unitree_hg/package.xml\n'}
[14.813293] (unitree_hg) CommandEnded: {'returncode': 0}
[14.830268] (unitree_hg) JobEnded: {'identifier': 'unitree_hg', 'rc': 0}
[14.831313] (rmw_cyclonedds_cpp) StdoutLine: {'line': b'-- Found ament_lint_auto: 0.12.14 (/opt/ros/humble/share/ament_lint_auto/cmake)\n'}
[14.878040] (-) TimerEvent: {}
[14.933409] (rmw_cyclonedds_cpp) StdoutLine: {'line': b"-- Added test 'copyright' to check source files copyright and LICENSE\n"}
[14.934318] (ros2_unitree_legged_msgs) StdoutLine: {'line': b'[ 84%] Built target ros2_unitree_legged_msgs__py\n'}
[14.934424] (rmw_cyclonedds_cpp) StdoutLine: {'line': b"-- Added test 'cppcheck' to perform static code analysis on C / C++ code\n"}
[14.934478] (rmw_cyclonedds_cpp) StdoutLine: {'line': b'-- Configured cppcheck include dirs: \n'}
[14.934523] (rmw_cyclonedds_cpp) StdoutLine: {'line': b'-- Configured cppcheck exclude dirs and/or files: \n'}
[14.935212] (rmw_cyclonedds_cpp) StdoutLine: {'line': b"-- Added test 'cpplint' to check C / C++ code against the Google style\n"}
[14.935275] (rmw_cyclonedds_cpp) StdoutLine: {'line': b'-- Configured cpplint exclude dirs and/or files: \n'}
[14.935753] (rmw_cyclonedds_cpp) StdoutLine: {'line': b"-- Added test 'lint_cmake' to check CMake code style\n"}
[14.936669] (rmw_cyclonedds_cpp) StdoutLine: {'line': b"-- Added test 'uncrustify' to check C / C++ code style\n"}
[14.936741] (rmw_cyclonedds_cpp) StdoutLine: {'line': b'-- Configured uncrustify additional arguments: \n'}
[14.936973] (rmw_cyclonedds_cpp) StdoutLine: {'line': b"-- Added test 'xmllint' to check XML markup files\n"}
[14.937953] (rmw_cyclonedds_cpp) StdoutLine: {'line': b'-- Configuring done\n'}
[14.942181] (rmw_cyclonedds_cpp) StdoutLine: {'line': b'-- Generating done\n'}
[14.943905] (rmw_cyclonedds_cpp) StdoutLine: {'line': b'-- Build files have been written to: /home/ruben/go2_deploy/workhop_rl/build/rmw_cyclonedds_cpp\n'}
[14.949990] (ros2_unitree_legged_msgs) StdoutLine: {'line': b'[ 88%] \x1b[32mBuilding C object CMakeFiles/ros2_unitree_legged_msgs__rosidl_generator_py.dir/rosidl_generator_py/ros2_unitree_legged_msgs/msg/_imu_s.c.o\x1b[0m\n'}
[14.950316] (ros2_unitree_legged_msgs) StdoutLine: {'line': b'[ 88%] \x1b[32mBuilding C object CMakeFiles/ros2_unitree_legged_msgs__rosidl_generator_py.dir/rosidl_generator_py/ros2_unitree_legged_msgs/msg/_bms_cmd_s.c.o\x1b[0m\n'}
[14.950354] (ros2_unitree_legged_msgs) StdoutLine: {'line': b'[ 88%] \x1b[32mBuilding C object CMakeFiles/ros2_unitree_legged_msgs__rosidl_generator_py.dir/rosidl_generator_py/ros2_unitree_legged_msgs/msg/_motor_state_s.c.o\x1b[0m\n'}
[14.950387] (ros2_unitree_legged_msgs) StdoutLine: {'line': b'[ 88%] \x1b[32mBuilding C object CMakeFiles/ros2_unitree_legged_msgs__rosidl_generator_py.dir/rosidl_generator_py/ros2_unitree_legged_msgs/msg/_bms_state_s.c.o\x1b[0m\n'}
[14.950415] (ros2_unitree_legged_msgs) StdoutLine: {'line': b'[ 88%] \x1b[32mBuilding C object CMakeFiles/ros2_unitree_legged_msgs__rosidl_generator_py.dir/rosidl_generator_py/ros2_unitree_legged_msgs/msg/_low_state_s.c.o\x1b[0m\n'}
[14.950528] (rmw_cyclonedds_cpp) CommandEnded: {'returncode': 0}
[14.950829] (ros2_unitree_legged_msgs) StdoutLine: {'line': b'[ 89%] \x1b[32mBuilding C object CMakeFiles/ros2_unitree_legged_msgs__rosidl_generator_py.dir/rosidl_generator_py/ros2_unitree_legged_msgs/msg/_led_s.c.o\x1b[0m\n'}
[14.950878] (ros2_unitree_legged_msgs) StdoutLine: {'line': b'[ 90%] \x1b[32mBuilding C object CMakeFiles/ros2_unitree_legged_msgs__rosidl_generator_py.dir/rosidl_generator_py/ros2_unitree_legged_msgs/msg/_low_cmd_s.c.o\x1b[0m\n'}
[14.951065] (rmw_cyclonedds_cpp) JobProgress: {'identifier': 'rmw_cyclonedds_cpp', 'progress': 'build'}
[14.951485] (rmw_cyclonedds_cpp) Command: {'cmd': ['/usr/bin/cmake', '--build', '/home/ruben/go2_deploy/workhop_rl/build/rmw_cyclonedds_cpp', '--', '-j22', '-l22'], 'cwd': '/home/ruben/go2_deploy/workhop_rl/build/rmw_cyclonedds_cpp', 'env': OrderedDict([('LESSOPEN', '| /usr/bin/lesspipe %s'), ('CONDA_PROMPT_MODIFIER', ''), ('USER', 'ruben'), ('LC_TIME', 'ru_RU.UTF-8'), ('XDG_SESSION_TYPE', 'x11'), ('SHLVL', '1'), ('LD_LIBRARY_PATH', '/home/ruben/go2_deploy/workhop_rl/install/cyclonedds/lib:/usr/lib/x86_64-linux-gnu/gazebo-11/plugins:/opt/ros/humble/opt/rviz_ogre_vendor/lib:/opt/ros/humble/lib/x86_64-linux-gnu:/opt/ros/humble/lib'), ('HOME', '/home/ruben'), ('CONDA_SHLVL', '0'), ('CYCLONEDDS_URI', '<CycloneDDS><Domain><General><Interfaces>\n                            <NetworkInterface name="lo" priority="default" multicast="default" />\n                        </Interfaces></General></Domain></CycloneDDS>'), ('OLDPWD', '/home/ruben/go2_deploy/workhop_rl/src'), ('DESKTOP_SESSION', 'ubuntu'), ('ROS_PYTHON_VERSION', '3'), ('GNOME_SHELL_SESSION_MODE', 'ubuntu'), ('GTK_MODULES', 'gail:atk-bridge'), ('LC_MONETARY', 'ru_RU.UTF-8'), ('SYSTEMD_EXEC_PID', '2945'), ('DBUS_SESSION_BUS_ADDRESS', 'unix:path=/run/user/1000/bus'), ('COLORTERM', 'truecolor'), ('_CE_M', ''), ('_CONDA_ROOT', '/home/ruben/miniconda3'), ('ROS_DISTRO', 'humble'), ('GTK_IM_MODULE', 'ibus'), ('LOGNAME', 'ruben'), ('_', '/usr/bin/colcon'), ('ROS_VERSION', '2'), ('XDG_SESSION_CLASS', 'user'), ('PKG_CONFIG_PATH', '/home/ruben/go2_deploy/workhop_rl/install/cyclonedds/lib/x86_64-linux-gnu/pkgconfig:/home/ruben/go2_deploy/workhop_rl/install/cyclonedds/lib/pkgconfig'), ('USERNAME', 'ruben'), ('TERM', 'xterm-256color'), ('GNOME_DESKTOP_SESSION_ID', 'this-is-deprecated'), ('_CE_CONDA', ''), ('ROS_LOCALHOST_ONLY', '0'), ('WINDOWPATH', '2'), ('PATH', '/home/ruben/go2_deploy/workhop_rl/install/cyclonedds/bin:/opt/ros/humble/bin:/home/ruben/miniconda3/condabin:/usr/local/sbin:/usr/local/bin:/usr/sbin:/usr/bin:/sbin:/bin:/usr/games:/usr/local/games:/snap/bin:/snap/bin'), ('SESSION_MANAGER', 'local/ruben:@/tmp/.ICE-unix/2916,unix/ruben:/tmp/.ICE-unix/2916'), ('XDG_MENU_PREFIX', 'gnome-'), ('LC_ADDRESS', 'ru_RU.UTF-8'), ('GNOME_TERMINAL_SCREEN', '/org/gnome/Terminal/screen/a128e479_87a9_4f71_b049_48318ab91614'), ('XDG_RUNTIME_DIR', '/run/user/1000'), ('DISPLAY', ':1'), ('LANG', 'en_US.UTF-8'), ('XDG_CURRENT_DESKTOP', 'ubuntu:GNOME'), ('LC_TELEPHONE', 'ru_RU.UTF-8'), ('RMW_IMPLEMENTATION', 'rmw_cyclonedds_cpp'), ('XMODIFIERS', '@im=ibus'), ('XDG_SESSION_DESKTOP', 'ubuntu'), ('XAUTHORITY', '/run/user/1000/gdm/Xauthority'), ('LS_COLORS', 'rs=0:di=01;34:ln=01;36:mh=00:pi=40;33:so=01;35:do=01;35:bd=40;33;01:cd=40;33;01:or=40;31;01:mi=00:su=37;41:sg=30;43:ca=30;41:tw=30;42:ow=34;42:st=37;44:ex=01;32:*.tar=01;31:*.tgz=01;31:*.arc=01;31:*.arj=01;31:*.taz=01;31:*.lha=01;31:*.lz4=01;31:*.lzh=01;31:*.lzma=01;31:*.tlz=01;31:*.txz=01;31:*.tzo=01;31:*.t7z=01;31:*.zip=01;31:*.z=01;31:*.dz=01;31:*.gz=01;31:*.lrz=01;31:*.lz=01;31:*.lzo=01;31:*.xz=01;31:*.zst=01;31:*.tzst=01;31:*.bz2=01;31:*.bz=01;31:*.tbz=01;31:*.tbz2=01;31:*.tz=01;31:*.deb=01;31:*.rpm=01;31:*.jar=01;31:*.war=01;31:*.ear=01;31:*.sar=01;31:*.rar=01;31:*.alz=01;31:*.ace=01;31:*.zoo=01;31:*.cpio=01;31:*.7z=01;31:*.rz=01;31:*.cab=01;31:*.wim=01;31:*.swm=01;31:*.dwm=01;31:*.esd=01;31:*.jpg=01;35:*.jpeg=01;35:*.mjpg=01;35:*.mjpeg=01;35:*.gif=01;35:*.bmp=01;35:*.pbm=01;35:*.pgm=01;35:*.ppm=01;35:*.tga=01;35:*.xbm=01;35:*.xpm=01;35:*.tif=01;35:*.tiff=01;35:*.png=01;35:*.svg=01;35:*.svgz=01;35:*.mng=01;35:*.pcx=01;35:*.mov=01;35:*.mpg=01;35:*.mpeg=01;35:*.m2v=01;35:*.mkv=01;35:*.webm=01;35:*.webp=01;35:*.ogm=01;35:*.mp4=01;35:*.m4v=01;35:*.mp4v=01;35:*.vob=01;35:*.qt=01;35:*.nuv=01;35:*.wmv=01;35:*.asf=01;35:*.rm=01;35:*.rmvb=01;35:*.flc=01;35:*.avi=01;35:*.fli=01;35:*.flv=01;35:*.gl=01;35:*.dl=01;35:*.xcf=01;35:*.xwd=01;35:*.yuv=01;35:*.cgm=01;35:*.emf=01;35:*.ogv=01;35:*.ogx=01;35:*.aac=00;36:*.au=00;36:*.flac=00;36:*.m4a=00;36:*.mid=00;36:*.midi=00;36:*.mka=00;36:*.mp3=00;36:*.mpc=00;36:*.ogg=00;36:*.ra=00;36:*.wav=00;36:*.oga=00;36:*.opus=00;36:*.spx=00;36:*.xspf=00;36:'), ('GNOME_TERMINAL_SERVICE', ':1.92'), ('SSH_AGENT_LAUNCHER', 'gnome-keyring'), ('SSH_AUTH_SOCK', '/run/user/1000/keyring/ssh'), ('ROS_DOMAIN_ID', '1'), ('AMENT_PREFIX_PATH', '/opt/ros/humble'), ('CONDA_PYTHON_EXE', '/home/ruben/miniconda3/bin/python'), ('SHELL', '/bin/bash'), ('LC_NAME', 'ru_RU.UTF-8'), ('QT_ACCESSIBILITY', '1'), ('GDMSESSION', 'ubuntu'), ('Torch_DIR', '/path/to/your/libtorch'), ('LESSCLOSE', '/usr/bin/lesspipe %s %s'), ('CONDA_DEFAULT_ENV', ''), ('LC_MEASUREMENT', 'ru_RU.UTF-8'), ('GPG_AGENT_INFO', '/run/user/1000/gnupg/S.gpg-agent:0:1'), ('_CONDA_EXE', '/home/ruben/miniconda3/bin/conda'), ('LC_IDENTIFICATION', 'ru_RU.UTF-8'), ('QT_IM_MODULE', 'ibus'), ('PWD', '/home/ruben/go2_deploy/workhop_rl/build/rmw_cyclonedds_cpp'), ('XDG_CONFIG_DIRS', '/etc/xdg/xdg-ubuntu:/etc/xdg'), ('CONDA_EXE', '/home/ruben/miniconda3/bin/conda'), ('XDG_DATA_DIRS', '/usr/share/ubuntu:/usr/share/gnome:/usr/local/share/:/usr/share/:/var/lib/snapd/desktop'), ('PYTHONPATH', '/opt/ros/humble/lib/python3.10/site-packages:/opt/ros/humble/local/lib/python3.10/dist-packages'), ('LC_NUMERIC', 'ru_RU.UTF-8'), ('CONDA_PREFIX', ''), ('LC_PAPER', 'ru_RU.UTF-8'), ('COLCON', '1'), ('VTE_VERSION', '6800'), ('CMAKE_PREFIX_PATH', '/home/ruben/go2_deploy/workhop_rl/install/cyclonedds:/opt/ros/humble')]), 'shell': False}
[14.952594] (ros2_unitree_legged_msgs) StdoutLine: {'line': b'[ 91%] \x1b[32mBuilding C object CMakeFiles/ros2_unitree_legged_msgs__rosidl_generator_py.dir/rosidl_generator_py/ros2_unitree_legged_msgs/msg/_high_cmd_s.c.o\x1b[0m\n'}
[14.952916] (ros2_unitree_legged_msgs) StdoutLine: {'line': b'[ 92%] \x1b[32mBuilding C object CMakeFiles/ros2_unitree_legged_msgs__rosidl_generator_py.dir/rosidl_generator_py/ros2_unitree_legged_msgs/msg/_motor_cmd_s.c.o\x1b[0m\n'}
[14.955432] (ros2_unitree_legged_msgs) StdoutLine: {'line': b'[ 93%] \x1b[32mBuilding C object CMakeFiles/ros2_unitree_legged_msgs__rosidl_generator_py.dir/rosidl_generator_py/ros2_unitree_legged_msgs/msg/_cartesian_s.c.o\x1b[0m\n'}
[14.956529] (ros2_unitree_legged_msgs) StdoutLine: {'line': b'[ 94%] \x1b[32mBuilding C object CMakeFiles/ros2_unitree_legged_msgs__rosidl_generator_py.dir/rosidl_generator_py/ros2_unitree_legged_msgs/msg/_high_state_s.c.o\x1b[0m\n'}
[14.978141] (-) TimerEvent: {}
[15.022183] (rmw_cyclonedds_cpp) StdoutLine: {'line': b'[ 16%] \x1b[32mBuilding CXX object CMakeFiles/rmw_cyclonedds_cpp.dir/src/serdata.cpp.o\x1b[0m\n'}
[15.022405] (rmw_cyclonedds_cpp) StdoutLine: {'line': b'[ 25%] \x1b[32mBuilding CXX object CMakeFiles/rmw_cyclonedds_cpp.dir/src/exception.cpp.o\x1b[0m\n'}
[15.023216] (rmw_cyclonedds_cpp) StdoutLine: {'line': b'[ 16%] \x1b[32mBuilding CXX object CMakeFiles/rmw_cyclonedds_cpp.dir/src/demangle.cpp.o\x1b[0m\n'}
[15.023438] (rmw_cyclonedds_cpp) StdoutLine: {'line': b'[ 41%] \x1b[32mBuilding CXX object CMakeFiles/rmw_cyclonedds_cpp.dir/src/TypeSupport2.cpp.o\x1b[0m\n'}
[15.023513] (rmw_cyclonedds_cpp) StdoutLine: {'line': b'[ 41%] \x1b[32mBuilding CXX object CMakeFiles/rmw_cyclonedds_cpp.dir/src/rmw_node.cpp.o\x1b[0m\n'}
[15.025683] (rmw_cyclonedds_cpp) StdoutLine: {'line': b'[ 50%] \x1b[32mBuilding CXX object CMakeFiles/rmw_cyclonedds_cpp.dir/src/rmw_get_network_flow_endpoints.cpp.o\x1b[0m\n'}
[15.029682] (rmw_cyclonedds_cpp) StdoutLine: {'line': b'[ 58%] \x1b[32mBuilding CXX object CMakeFiles/rmw_cyclonedds_cpp.dir/src/serdes.cpp.o\x1b[0m\n'}
[15.029850] (rmw_cyclonedds_cpp) StdoutLine: {'line': b'[ 66%] \x1b[32mBuilding CXX object CMakeFiles/rmw_cyclonedds_cpp.dir/src/u16string.cpp.o\x1b[0m\n'}
[15.031042] (rmw_cyclonedds_cpp) StdoutLine: {'line': b'[ 75%] \x1b[32mBuilding CXX object CMakeFiles/rmw_cyclonedds_cpp.dir/src/deserialization_exception.cpp.o\x1b[0m\n'}
[15.047169] (rmw_cyclonedds_cpp) StdoutLine: {'line': b'[ 83%] \x1b[32mBuilding CXX object CMakeFiles/rmw_cyclonedds_cpp.dir/src/Serialization.cpp.o\x1b[0m\n'}
[15.052203] (rmw_cyclonedds_cpp) StdoutLine: {'line': b'[ 91%] \x1b[32mBuilding CXX object CMakeFiles/rmw_cyclonedds_cpp.dir/src/TypeSupport.cpp.o\x1b[0m\n'}
[15.078243] (-) TimerEvent: {}
[15.151082] (ros2_unitree_legged_msgs) StdoutLine: {'line': b'[ 95%] \x1b[32m\x1b[1mLinking C shared library rosidl_generator_py/ros2_unitree_legged_msgs/libros2_unitree_legged_msgs__rosidl_generator_py.so\x1b[0m\n'}
[15.178351] (-) TimerEvent: {}
[15.230458] (ros2_unitree_legged_msgs) StdoutLine: {'line': b'[ 95%] Built target ros2_unitree_legged_msgs__rosidl_generator_py\n'}
[15.250519] (ros2_unitree_legged_msgs) StdoutLine: {'line': b'[ 97%] \x1b[32mBuilding C object CMakeFiles/ros2_unitree_legged_msgs__rosidl_typesupport_introspection_c__pyext.dir/rosidl_generator_py/ros2_unitree_legged_msgs/_ros2_unitree_legged_msgs_s.ep.rosidl_typesupport_introspection_c.c.o\x1b[0m\n'}
[15.250690] (ros2_unitree_legged_msgs) StdoutLine: {'line': b'[ 97%] \x1b[32mBuilding C object CMakeFiles/ros2_unitree_legged_msgs__rosidl_typesupport_c__pyext.dir/rosidl_generator_py/ros2_unitree_legged_msgs/_ros2_unitree_legged_msgs_s.ep.rosidl_typesupport_c.c.o\x1b[0m\n'}
[15.250752] (ros2_unitree_legged_msgs) StdoutLine: {'line': b'[ 97%] \x1b[32mBuilding C object CMakeFiles/ros2_unitree_legged_msgs__rosidl_typesupport_fastrtps_c__pyext.dir/rosidl_generator_py/ros2_unitree_legged_msgs/_ros2_unitree_legged_msgs_s.ep.rosidl_typesupport_fastrtps_c.c.o\x1b[0m\n'}
[15.278454] (-) TimerEvent: {}
[15.358518] (ros2_unitree_legged_msgs) StdoutLine: {'line': b'[ 99%] \x1b[32m\x1b[1mLinking C shared library rosidl_generator_py/ros2_unitree_legged_msgs/ros2_unitree_legged_msgs_s__rosidl_typesupport_c.cpython-310-x86_64-linux-gnu.so\x1b[0m\n'}
[15.358686] (ros2_unitree_legged_msgs) StdoutLine: {'line': b'[ 99%] \x1b[32m\x1b[1mLinking C shared library rosidl_generator_py/ros2_unitree_legged_msgs/ros2_unitree_legged_msgs_s__rosidl_typesupport_introspection_c.cpython-310-x86_64-linux-gnu.so\x1b[0m\n'}
[15.364279] (ros2_unitree_legged_msgs) StdoutLine: {'line': b'[100%] \x1b[32m\x1b[1mLinking C shared library rosidl_generator_py/ros2_unitree_legged_msgs/ros2_unitree_legged_msgs_s__rosidl_typesupport_fastrtps_c.cpython-310-x86_64-linux-gnu.so\x1b[0m\n'}
[15.378557] (-) TimerEvent: {}
[15.388758] (ros2_unitree_legged_msgs) StdoutLine: {'line': b'[100%] Built target ros2_unitree_legged_msgs__rosidl_typesupport_c__pyext\n'}
[15.388929] (ros2_unitree_legged_msgs) StdoutLine: {'line': b'[100%] Built target ros2_unitree_legged_msgs__rosidl_typesupport_introspection_c__pyext\n'}
[15.395755] (ros2_unitree_legged_msgs) StdoutLine: {'line': b'[100%] Built target ros2_unitree_legged_msgs__rosidl_typesupport_fastrtps_c__pyext\n'}
[15.454221] (ros2_unitree_legged_msgs) CommandEnded: {'returncode': 0}
[15.454976] (ros2_unitree_legged_msgs) JobProgress: {'identifier': 'ros2_unitree_legged_msgs', 'progress': 'install'}
[15.455196] (ros2_unitree_legged_msgs) Command: {'cmd': ['/usr/bin/cmake', '--install', '/home/ruben/go2_deploy/workhop_rl/build/ros2_unitree_legged_msgs'], 'cwd': '/home/ruben/go2_deploy/workhop_rl/build/ros2_unitree_legged_msgs', 'env': OrderedDict([('LESSOPEN', '| /usr/bin/lesspipe %s'), ('CONDA_PROMPT_MODIFIER', ''), ('USER', 'ruben'), ('LC_TIME', 'ru_RU.UTF-8'), ('XDG_SESSION_TYPE', 'x11'), ('SHLVL', '1'), ('LD_LIBRARY_PATH', '/usr/lib/x86_64-linux-gnu/gazebo-11/plugins:/opt/ros/humble/opt/rviz_ogre_vendor/lib:/opt/ros/humble/lib/x86_64-linux-gnu:/opt/ros/humble/lib'), ('HOME', '/home/ruben'), ('CONDA_SHLVL', '0'), ('CYCLONEDDS_URI', '<CycloneDDS><Domain><General><Interfaces>\n                            <NetworkInterface name="lo" priority="default" multicast="default" />\n                        </Interfaces></General></Domain></CycloneDDS>'), ('OLDPWD', '/home/ruben/go2_deploy/workhop_rl/src'), ('DESKTOP_SESSION', 'ubuntu'), ('ROS_PYTHON_VERSION', '3'), ('GNOME_SHELL_SESSION_MODE', 'ubuntu'), ('GTK_MODULES', 'gail:atk-bridge'), ('LC_MONETARY', 'ru_RU.UTF-8'), ('SYSTEMD_EXEC_PID', '2945'), ('DBUS_SESSION_BUS_ADDRESS', 'unix:path=/run/user/1000/bus'), ('COLORTERM', 'truecolor'), ('_CE_M', ''), ('_CONDA_ROOT', '/home/ruben/miniconda3'), ('ROS_DISTRO', 'humble'), ('GTK_IM_MODULE', 'ibus'), ('LOGNAME', 'ruben'), ('_', '/usr/bin/colcon'), ('ROS_VERSION', '2'), ('XDG_SESSION_CLASS', 'user'), ('USERNAME', 'ruben'), ('TERM', 'xterm-256color'), ('GNOME_DESKTOP_SESSION_ID', 'this-is-deprecated'), ('_CE_CONDA', ''), ('ROS_LOCALHOST_ONLY', '0'), ('WINDOWPATH', '2'), ('PATH', '/opt/ros/humble/bin:/home/ruben/miniconda3/condabin:/usr/local/sbin:/usr/local/bin:/usr/sbin:/usr/bin:/sbin:/bin:/usr/games:/usr/local/games:/snap/bin:/snap/bin'), ('SESSION_MANAGER', 'local/ruben:@/tmp/.ICE-unix/2916,unix/ruben:/tmp/.ICE-unix/2916'), ('XDG_MENU_PREFIX', 'gnome-'), ('LC_ADDRESS', 'ru_RU.UTF-8'), ('GNOME_TERMINAL_SCREEN', '/org/gnome/Terminal/screen/a128e479_87a9_4f71_b049_48318ab91614'), ('XDG_RUNTIME_DIR', '/run/user/1000'), ('DISPLAY', ':1'), ('LANG', 'en_US.UTF-8'), ('XDG_CURRENT_DESKTOP', 'ubuntu:GNOME'), ('LC_TELEPHONE', 'ru_RU.UTF-8'), ('RMW_IMPLEMENTATION', 'rmw_cyclonedds_cpp'), ('XMODIFIERS', '@im=ibus'), ('XDG_SESSION_DESKTOP', 'ubuntu'), ('XAUTHORITY', '/run/user/1000/gdm/Xauthority'), ('LS_COLORS', 'rs=0:di=01;34:ln=01;36:mh=00:pi=40;33:so=01;35:do=01;35:bd=40;33;01:cd=40;33;01:or=40;31;01:mi=00:su=37;41:sg=30;43:ca=30;41:tw=30;42:ow=34;42:st=37;44:ex=01;32:*.tar=01;31:*.tgz=01;31:*.arc=01;31:*.arj=01;31:*.taz=01;31:*.lha=01;31:*.lz4=01;31:*.lzh=01;31:*.lzma=01;31:*.tlz=01;31:*.txz=01;31:*.tzo=01;31:*.t7z=01;31:*.zip=01;31:*.z=01;31:*.dz=01;31:*.gz=01;31:*.lrz=01;31:*.lz=01;31:*.lzo=01;31:*.xz=01;31:*.zst=01;31:*.tzst=01;31:*.bz2=01;31:*.bz=01;31:*.tbz=01;31:*.tbz2=01;31:*.tz=01;31:*.deb=01;31:*.rpm=01;31:*.jar=01;31:*.war=01;31:*.ear=01;31:*.sar=01;31:*.rar=01;31:*.alz=01;31:*.ace=01;31:*.zoo=01;31:*.cpio=01;31:*.7z=01;31:*.rz=01;31:*.cab=01;31:*.wim=01;31:*.swm=01;31:*.dwm=01;31:*.esd=01;31:*.jpg=01;35:*.jpeg=01;35:*.mjpg=01;35:*.mjpeg=01;35:*.gif=01;35:*.bmp=01;35:*.pbm=01;35:*.pgm=01;35:*.ppm=01;35:*.tga=01;35:*.xbm=01;35:*.xpm=01;35:*.tif=01;35:*.tiff=01;35:*.png=01;35:*.svg=01;35:*.svgz=01;35:*.mng=01;35:*.pcx=01;35:*.mov=01;35:*.mpg=01;35:*.mpeg=01;35:*.m2v=01;35:*.mkv=01;35:*.webm=01;35:*.webp=01;35:*.ogm=01;35:*.mp4=01;35:*.m4v=01;35:*.mp4v=01;35:*.vob=01;35:*.qt=01;35:*.nuv=01;35:*.wmv=01;35:*.asf=01;35:*.rm=01;35:*.rmvb=01;35:*.flc=01;35:*.avi=01;35:*.fli=01;35:*.flv=01;35:*.gl=01;35:*.dl=01;35:*.xcf=01;35:*.xwd=01;35:*.yuv=01;35:*.cgm=01;35:*.emf=01;35:*.ogv=01;35:*.ogx=01;35:*.aac=00;36:*.au=00;36:*.flac=00;36:*.m4a=00;36:*.mid=00;36:*.midi=00;36:*.mka=00;36:*.mp3=00;36:*.mpc=00;36:*.ogg=00;36:*.ra=00;36:*.wav=00;36:*.oga=00;36:*.opus=00;36:*.spx=00;36:*.xspf=00;36:'), ('GNOME_TERMINAL_SERVICE', ':1.92'), ('SSH_AGENT_LAUNCHER', 'gnome-keyring'), ('SSH_AUTH_SOCK', '/run/user/1000/keyring/ssh'), ('ROS_DOMAIN_ID', '1'), ('AMENT_PREFIX_PATH', '/opt/ros/humble'), ('CONDA_PYTHON_EXE', '/home/ruben/miniconda3/bin/python'), ('SHELL', '/bin/bash'), ('LC_NAME', 'ru_RU.UTF-8'), ('QT_ACCESSIBILITY', '1'), ('GDMSESSION', 'ubuntu'), ('Torch_DIR', '/path/to/your/libtorch'), ('LESSCLOSE', '/usr/bin/lesspipe %s %s'), ('CONDA_DEFAULT_ENV', ''), ('LC_MEASUREMENT', 'ru_RU.UTF-8'), ('GPG_AGENT_INFO', '/run/user/1000/gnupg/S.gpg-agent:0:1'), ('_CONDA_EXE', '/home/ruben/miniconda3/bin/conda'), ('LC_IDENTIFICATION', 'ru_RU.UTF-8'), ('QT_IM_MODULE', 'ibus'), ('PWD', '/home/ruben/go2_deploy/workhop_rl/build/ros2_unitree_legged_msgs'), ('XDG_CONFIG_DIRS', '/etc/xdg/xdg-ubuntu:/etc/xdg'), ('CONDA_EXE', '/home/ruben/miniconda3/bin/conda'), ('XDG_DATA_DIRS', '/usr/share/ubuntu:/usr/share/gnome:/usr/local/share/:/usr/share/:/var/lib/snapd/desktop'), ('PYTHONPATH', '/opt/ros/humble/lib/python3.10/site-packages:/opt/ros/humble/local/lib/python3.10/dist-packages'), ('LC_NUMERIC', 'ru_RU.UTF-8'), ('CONDA_PREFIX', ''), ('LC_PAPER', 'ru_RU.UTF-8'), ('COLCON', '1'), ('VTE_VERSION', '6800'), ('CMAKE_PREFIX_PATH', '/opt/ros/humble')]), 'shell': False}
[15.463484] (ros2_unitree_legged_msgs) StdoutLine: {'line': b'-- Install configuration: ""\n'}
[15.463671] (ros2_unitree_legged_msgs) StdoutLine: {'line': b'-- Installing: /home/ruben/go2_deploy/workhop_rl/install/ros2_unitree_legged_msgs/share/ament_index/resource_index/rosidl_interfaces/ros2_unitree_legged_msgs\n'}
[15.463775] (ros2_unitree_legged_msgs) StdoutLine: {'line': b'-- Installing: /home/ruben/go2_deploy/workhop_rl/install/ros2_unitree_legged_msgs/include/ros2_unitree_legged_msgs/ros2_unitree_legged_msgs\n'}
[15.463837] (ros2_unitree_legged_msgs) StdoutLine: {'line': b'-- Installing: /home/ruben/go2_deploy/workhop_rl/install/ros2_unitree_legged_msgs/include/ros2_unitree_legged_msgs/ros2_unitree_legged_msgs/msg\n'}
[15.463918] (ros2_unitree_legged_msgs) StdoutLine: {'line': b'-- Installing: /home/ruben/go2_deploy/workhop_rl/install/ros2_unitree_legged_msgs/include/ros2_unitree_legged_msgs/ros2_unitree_legged_msgs/msg/low_cmd.h\n'}
[15.463982] (ros2_unitree_legged_msgs) StdoutLine: {'line': b'-- Installing: /home/ruben/go2_deploy/workhop_rl/install/ros2_unitree_legged_msgs/include/ros2_unitree_legged_msgs/ros2_unitree_legged_msgs/msg/high_state.h\n'}
[15.464034] (ros2_unitree_legged_msgs) StdoutLine: {'line': b'-- Installing: /home/ruben/go2_deploy/workhop_rl/install/ros2_unitree_legged_msgs/include/ros2_unitree_legged_msgs/ros2_unitree_legged_msgs/msg/low_state.h\n'}
[15.464102] (ros2_unitree_legged_msgs) StdoutLine: {'line': b'-- Installing: /home/ruben/go2_deploy/workhop_rl/install/ros2_unitree_legged_msgs/include/ros2_unitree_legged_msgs/ros2_unitree_legged_msgs/msg/detail\n'}
[15.464177] (ros2_unitree_legged_msgs) StdoutLine: {'line': b'-- Installing: /home/ruben/go2_deploy/workhop_rl/install/ros2_unitree_legged_msgs/include/ros2_unitree_legged_msgs/ros2_unitree_legged_msgs/msg/detail/low_state__struct.h\n'}
[15.464226] (ros2_unitree_legged_msgs) StdoutLine: {'line': b'-- Installing: /home/ruben/go2_deploy/workhop_rl/install/ros2_unitree_legged_msgs/include/ros2_unitree_legged_msgs/ros2_unitree_legged_msgs/msg/detail/motor_cmd__type_support.h\n'}
[15.464296] (ros2_unitree_legged_msgs) StdoutLine: {'line': b'-- Installing: /home/ruben/go2_deploy/workhop_rl/install/ros2_unitree_legged_msgs/include/ros2_unitree_legged_msgs/ros2_unitree_legged_msgs/msg/detail/high_cmd__functions.c\n'}
[15.464358] (ros2_unitree_legged_msgs) StdoutLine: {'line': b'-- Installing: /home/ruben/go2_deploy/workhop_rl/install/ros2_unitree_legged_msgs/include/ros2_unitree_legged_msgs/ros2_unitree_legged_msgs/msg/detail/low_cmd__functions.c\n'}
[15.464422] (ros2_unitree_legged_msgs) StdoutLine: {'line': b'-- Installing: /home/ruben/go2_deploy/workhop_rl/install/ros2_unitree_legged_msgs/include/ros2_unitree_legged_msgs/ros2_unitree_legged_msgs/msg/detail/cartesian__functions.h\n'}
[15.464483] (ros2_unitree_legged_msgs) StdoutLine: {'line': b'-- Installing: /home/ruben/go2_deploy/workhop_rl/install/ros2_unitree_legged_msgs/include/ros2_unitree_legged_msgs/ros2_unitree_legged_msgs/msg/detail/low_cmd__struct.h\n'}
[15.464555] (ros2_unitree_legged_msgs) StdoutLine: {'line': b'-- Installing: /home/ruben/go2_deploy/workhop_rl/install/ros2_unitree_legged_msgs/include/ros2_unitree_legged_msgs/ros2_unitree_legged_msgs/msg/detail/motor_cmd__struct.h\n'}
[15.464618] (ros2_unitree_legged_msgs) StdoutLine: {'line': b'-- Installing: /home/ruben/go2_deploy/workhop_rl/install/ros2_unitree_legged_msgs/include/ros2_unitree_legged_msgs/ros2_unitree_legged_msgs/msg/detail/high_state__type_support.h\n'}
[15.464681] (ros2_unitree_legged_msgs) StdoutLine: {'line': b'-- Installing: /home/ruben/go2_deploy/workhop_rl/install/ros2_unitree_legged_msgs/include/ros2_unitree_legged_msgs/ros2_unitree_legged_msgs/msg/detail/bms_cmd__functions.h\n'}
[15.464759] (ros2_unitree_legged_msgs) StdoutLine: {'line': b'-- Installing: /home/ruben/go2_deploy/workhop_rl/install/ros2_unitree_legged_msgs/include/ros2_unitree_legged_msgs/ros2_unitree_legged_msgs/msg/detail/cartesian__type_support.h\n'}
[15.464825] (ros2_unitree_legged_msgs) StdoutLine: {'line': b'-- Installing: /home/ruben/go2_deploy/workhop_rl/install/ros2_unitree_legged_msgs/include/ros2_unitree_legged_msgs/ros2_unitree_legged_msgs/msg/detail/led__functions.h\n'}
[15.464898] (ros2_unitree_legged_msgs) StdoutLine: {'line': b'-- Installing: /home/ruben/go2_deploy/workhop_rl/install/ros2_unitree_legged_msgs/include/ros2_unitree_legged_msgs/ros2_unitree_legged_msgs/msg/detail/motor_state__functions.h\n'}
[15.464966] (ros2_unitree_legged_msgs) StdoutLine: {'line': b'-- Installing: /home/ruben/go2_deploy/workhop_rl/install/ros2_unitree_legged_msgs/include/ros2_unitree_legged_msgs/ros2_unitree_legged_msgs/msg/detail/high_cmd__functions.h\n'}
[15.465039] (ros2_unitree_legged_msgs) StdoutLine: {'line': b'-- Installing: /home/ruben/go2_deploy/workhop_rl/install/ros2_unitree_legged_msgs/include/ros2_unitree_legged_msgs/ros2_unitree_legged_msgs/msg/detail/low_state__functions.h\n'}
[15.465238] (ros2_unitree_legged_msgs) StdoutLine: {'line': b'-- Installing: /home/ruben/go2_deploy/workhop_rl/install/ros2_unitree_legged_msgs/include/ros2_unitree_legged_msgs/ros2_unitree_legged_msgs/msg/detail/cartesian__struct.h\n'}
[15.465318] (ros2_unitree_legged_msgs) StdoutLine: {'line': b'-- Installing: /home/ruben/go2_deploy/workhop_rl/install/ros2_unitree_legged_msgs/include/ros2_unitree_legged_msgs/ros2_unitree_legged_msgs/msg/detail/low_state__functions.c\n'}
[15.465384] (ros2_unitree_legged_msgs) StdoutLine: {'line': b'-- Installing: /home/ruben/go2_deploy/workhop_rl/install/ros2_unitree_legged_msgs/include/ros2_unitree_legged_msgs/ros2_unitree_legged_msgs/msg/detail/bms_cmd__functions.c\n'}
[15.465445] (ros2_unitree_legged_msgs) StdoutLine: {'line': b'-- Installing: /home/ruben/go2_deploy/workhop_rl/install/ros2_unitree_legged_msgs/include/ros2_unitree_legged_msgs/ros2_unitree_legged_msgs/msg/detail/low_cmd__functions.h\n'}
[15.465509] (ros2_unitree_legged_msgs) StdoutLine: {'line': b'-- Installing: /home/ruben/go2_deploy/workhop_rl/install/ros2_unitree_legged_msgs/include/ros2_unitree_legged_msgs/ros2_unitree_legged_msgs/msg/detail/led__struct.h\n'}
[15.465572] (ros2_unitree_legged_msgs) StdoutLine: {'line': b'-- Installing: /home/ruben/go2_deploy/workhop_rl/install/ros2_unitree_legged_msgs/include/ros2_unitree_legged_msgs/ros2_unitree_legged_msgs/msg/detail/bms_state__type_support.h\n'}
[15.465638] (ros2_unitree_legged_msgs) StdoutLine: {'line': b'-- Installing: /home/ruben/go2_deploy/workhop_rl/install/ros2_unitree_legged_msgs/include/ros2_unitree_legged_msgs/ros2_unitree_legged_msgs/msg/detail/motor_cmd__functions.c\n'}
[15.465710] (ros2_unitree_legged_msgs) StdoutLine: {'line': b'-- Installing: /home/ruben/go2_deploy/workhop_rl/install/ros2_unitree_legged_msgs/include/ros2_unitree_legged_msgs/ros2_unitree_legged_msgs/msg/detail/cartesian__functions.c\n'}
[15.465778] (ros2_unitree_legged_msgs) StdoutLine: {'line': b'-- Installing: /home/ruben/go2_deploy/workhop_rl/install/ros2_unitree_legged_msgs/include/ros2_unitree_legged_msgs/ros2_unitree_legged_msgs/msg/detail/low_cmd__type_support.h\n'}
[15.465843] (ros2_unitree_legged_msgs) StdoutLine: {'line': b'-- Installing: /home/ruben/go2_deploy/workhop_rl/install/ros2_unitree_legged_msgs/include/ros2_unitree_legged_msgs/ros2_unitree_legged_msgs/msg/detail/bms_cmd__struct.h\n'}
[15.465909] (ros2_unitree_legged_msgs) StdoutLine: {'line': b'-- Installing: /home/ruben/go2_deploy/workhop_rl/install/ros2_unitree_legged_msgs/include/ros2_unitree_legged_msgs/ros2_unitree_legged_msgs/msg/detail/motor_cmd__functions.h\n'}
[15.465980] (ros2_unitree_legged_msgs) StdoutLine: {'line': b'-- Installing: /home/ruben/go2_deploy/workhop_rl/install/ros2_unitree_legged_msgs/include/ros2_unitree_legged_msgs/ros2_unitree_legged_msgs/msg/detail/high_state__functions.h\n'}
[15.466064] (ros2_unitree_legged_msgs) StdoutLine: {'line': b'-- Installing: /home/ruben/go2_deploy/workhop_rl/install/ros2_unitree_legged_msgs/include/ros2_unitree_legged_msgs/ros2_unitree_legged_msgs/msg/detail/motor_state__functions.c\n'}
[15.466142] (ros2_unitree_legged_msgs) StdoutLine: {'line': b'-- Installing: /home/ruben/go2_deploy/workhop_rl/install/ros2_unitree_legged_msgs/include/ros2_unitree_legged_msgs/ros2_unitree_legged_msgs/msg/detail/imu__functions.c\n'}
[15.466216] (ros2_unitree_legged_msgs) StdoutLine: {'line': b'-- Installing: /home/ruben/go2_deploy/workhop_rl/install/ros2_unitree_legged_msgs/include/ros2_unitree_legged_msgs/ros2_unitree_legged_msgs/msg/detail/bms_state__functions.h\n'}
[15.466288] (ros2_unitree_legged_msgs) StdoutLine: {'line': b'-- Installing: /home/ruben/go2_deploy/workhop_rl/install/ros2_unitree_legged_msgs/include/ros2_unitree_legged_msgs/ros2_unitree_legged_msgs/msg/detail/imu__struct.h\n'}
[15.466357] (ros2_unitree_legged_msgs) StdoutLine: {'line': b'-- Installing: /home/ruben/go2_deploy/workhop_rl/install/ros2_unitree_legged_msgs/include/ros2_unitree_legged_msgs/ros2_unitree_legged_msgs/msg/detail/motor_state__struct.h\n'}
[15.466423] (ros2_unitree_legged_msgs) StdoutLine: {'line': b'-- Installing: /home/ruben/go2_deploy/workhop_rl/install/ros2_unitree_legged_msgs/include/ros2_unitree_legged_msgs/ros2_unitree_legged_msgs/msg/detail/high_cmd__struct.h\n'}
[15.466494] (ros2_unitree_legged_msgs) StdoutLine: {'line': b'-- Installing: /home/ruben/go2_deploy/workhop_rl/install/ros2_unitree_legged_msgs/include/ros2_unitree_legged_msgs/ros2_unitree_legged_msgs/msg/detail/led__type_support.h\n'}
[15.466560] (ros2_unitree_legged_msgs) StdoutLine: {'line': b'-- Installing: /home/ruben/go2_deploy/workhop_rl/install/ros2_unitree_legged_msgs/include/ros2_unitree_legged_msgs/ros2_unitree_legged_msgs/msg/detail/bms_state__struct.h\n'}
[15.466626] (ros2_unitree_legged_msgs) StdoutLine: {'line': b'-- Installing: /home/ruben/go2_deploy/workhop_rl/install/ros2_unitree_legged_msgs/include/ros2_unitree_legged_msgs/ros2_unitree_legged_msgs/msg/detail/bms_cmd__type_support.h\n'}
[15.466695] (ros2_unitree_legged_msgs) StdoutLine: {'line': b'-- Installing: /home/ruben/go2_deploy/workhop_rl/install/ros2_unitree_legged_msgs/include/ros2_unitree_legged_msgs/ros2_unitree_legged_msgs/msg/detail/bms_state__functions.c\n'}
[15.466771] (ros2_unitree_legged_msgs) StdoutLine: {'line': b'-- Installing: /home/ruben/go2_deploy/workhop_rl/install/ros2_unitree_legged_msgs/include/ros2_unitree_legged_msgs/ros2_unitree_legged_msgs/msg/detail/imu__functions.h\n'}
[15.466841] (ros2_unitree_legged_msgs) StdoutLine: {'line': b'-- Installing: /home/ruben/go2_deploy/workhop_rl/install/ros2_unitree_legged_msgs/include/ros2_unitree_legged_msgs/ros2_unitree_legged_msgs/msg/detail/high_state__struct.h\n'}
[15.466906] (ros2_unitree_legged_msgs) StdoutLine: {'line': b'-- Installing: /home/ruben/go2_deploy/workhop_rl/install/ros2_unitree_legged_msgs/include/ros2_unitree_legged_msgs/ros2_unitree_legged_msgs/msg/detail/imu__type_support.h\n'}
[15.466974] (ros2_unitree_legged_msgs) StdoutLine: {'line': b'-- Installing: /home/ruben/go2_deploy/workhop_rl/install/ros2_unitree_legged_msgs/include/ros2_unitree_legged_msgs/ros2_unitree_legged_msgs/msg/detail/high_state__functions.c\n'}
[15.467058] (ros2_unitree_legged_msgs) StdoutLine: {'line': b'-- Installing: /home/ruben/go2_deploy/workhop_rl/install/ros2_unitree_legged_msgs/include/ros2_unitree_legged_msgs/ros2_unitree_legged_msgs/msg/detail/high_cmd__type_support.h\n'}
[15.467132] (ros2_unitree_legged_msgs) StdoutLine: {'line': b'-- Installing: /home/ruben/go2_deploy/workhop_rl/install/ros2_unitree_legged_msgs/include/ros2_unitree_legged_msgs/ros2_unitree_legged_msgs/msg/detail/motor_state__type_support.h\n'}
[15.467192] (ros2_unitree_legged_msgs) StdoutLine: {'line': b'-- Installing: /home/ruben/go2_deploy/workhop_rl/install/ros2_unitree_legged_msgs/include/ros2_unitree_legged_msgs/ros2_unitree_legged_msgs/msg/detail/low_state__type_support.h\n'}
[15.467259] (ros2_unitree_legged_msgs) StdoutLine: {'line': b'-- Installing: /home/ruben/go2_deploy/workhop_rl/install/ros2_unitree_legged_msgs/include/ros2_unitree_legged_msgs/ros2_unitree_legged_msgs/msg/detail/led__functions.c\n'}
[15.467334] (ros2_unitree_legged_msgs) StdoutLine: {'line': b'-- Installing: /home/ruben/go2_deploy/workhop_rl/install/ros2_unitree_legged_msgs/include/ros2_unitree_legged_msgs/ros2_unitree_legged_msgs/msg/imu.h\n'}
[15.467401] (ros2_unitree_legged_msgs) StdoutLine: {'line': b'-- Installing: /home/ruben/go2_deploy/workhop_rl/install/ros2_unitree_legged_msgs/include/ros2_unitree_legged_msgs/ros2_unitree_legged_msgs/msg/led.h\n'}
[15.467464] (ros2_unitree_legged_msgs) StdoutLine: {'line': b'-- Installing: /home/ruben/go2_deploy/workhop_rl/install/ros2_unitree_legged_msgs/include/ros2_unitree_legged_msgs/ros2_unitree_legged_msgs/msg/high_cmd.h\n'}
[15.467527] (ros2_unitree_legged_msgs) StdoutLine: {'line': b'-- Installing: /home/ruben/go2_deploy/workhop_rl/install/ros2_unitree_legged_msgs/include/ros2_unitree_legged_msgs/ros2_unitree_legged_msgs/msg/bms_state.h\n'}
[15.467596] (ros2_unitree_legged_msgs) StdoutLine: {'line': b'-- Installing: /home/ruben/go2_deploy/workhop_rl/install/ros2_unitree_legged_msgs/include/ros2_unitree_legged_msgs/ros2_unitree_legged_msgs/msg/rosidl_generator_c__visibility_control.h\n'}
[15.467660] (ros2_unitree_legged_msgs) StdoutLine: {'line': b'-- Installing: /home/ruben/go2_deploy/workhop_rl/install/ros2_unitree_legged_msgs/include/ros2_unitree_legged_msgs/ros2_unitree_legged_msgs/msg/motor_state.h\n'}
[15.467733] (ros2_unitree_legged_msgs) StdoutLine: {'line': b'-- Installing: /home/ruben/go2_deploy/workhop_rl/install/ros2_unitree_legged_msgs/include/ros2_unitree_legged_msgs/ros2_unitree_legged_msgs/msg/bms_cmd.h\n'}
[15.467796] (ros2_unitree_legged_msgs) StdoutLine: {'line': b'-- Installing: /home/ruben/go2_deploy/workhop_rl/install/ros2_unitree_legged_msgs/include/ros2_unitree_legged_msgs/ros2_unitree_legged_msgs/msg/motor_cmd.h\n'}
[15.467877] (ros2_unitree_legged_msgs) StdoutLine: {'line': b'-- Installing: /home/ruben/go2_deploy/workhop_rl/install/ros2_unitree_legged_msgs/include/ros2_unitree_legged_msgs/ros2_unitree_legged_msgs/msg/cartesian.h\n'}
[15.468059] (ros2_unitree_legged_msgs) StdoutLine: {'line': b'-- Installing: /home/ruben/go2_deploy/workhop_rl/install/ros2_unitree_legged_msgs/share/ros2_unitree_legged_msgs/environment/library_path.sh\n'}
[15.468151] (ros2_unitree_legged_msgs) StdoutLine: {'line': b'-- Installing: /home/ruben/go2_deploy/workhop_rl/install/ros2_unitree_legged_msgs/share/ros2_unitree_legged_msgs/environment/library_path.dsv\n'}
[15.468291] (ros2_unitree_legged_msgs) StdoutLine: {'line': b'-- Installing: /home/ruben/go2_deploy/workhop_rl/install/ros2_unitree_legged_msgs/lib/libros2_unitree_legged_msgs__rosidl_generator_c.so\n'}
[15.468617] (ros2_unitree_legged_msgs) StdoutLine: {'line': b'-- Set runtime path of "/home/ruben/go2_deploy/workhop_rl/install/ros2_unitree_legged_msgs/lib/libros2_unitree_legged_msgs__rosidl_generator_c.so" to ""\n'}
[15.468728] (ros2_unitree_legged_msgs) StdoutLine: {'line': b'-- Up-to-date: /home/ruben/go2_deploy/workhop_rl/install/ros2_unitree_legged_msgs/include/ros2_unitree_legged_msgs/ros2_unitree_legged_msgs\n'}
[15.468793] (ros2_unitree_legged_msgs) StdoutLine: {'line': b'-- Up-to-date: /home/ruben/go2_deploy/workhop_rl/install/ros2_unitree_legged_msgs/include/ros2_unitree_legged_msgs/ros2_unitree_legged_msgs/msg\n'}
[15.468845] (ros2_unitree_legged_msgs) StdoutLine: {'line': b'-- Up-to-date: /home/ruben/go2_deploy/workhop_rl/install/ros2_unitree_legged_msgs/include/ros2_unitree_legged_msgs/ros2_unitree_legged_msgs/msg/detail\n'}
[15.468919] (ros2_unitree_legged_msgs) StdoutLine: {'line': b'-- Installing: /home/ruben/go2_deploy/workhop_rl/install/ros2_unitree_legged_msgs/include/ros2_unitree_legged_msgs/ros2_unitree_legged_msgs/msg/detail/high_cmd__rosidl_typesupport_fastrtps_c.h\n'}
[15.468968] (ros2_unitree_legged_msgs) StdoutLine: {'line': b'-- Installing: /home/ruben/go2_deploy/workhop_rl/install/ros2_unitree_legged_msgs/include/ros2_unitree_legged_msgs/ros2_unitree_legged_msgs/msg/detail/led__rosidl_typesupport_fastrtps_c.h\n'}
[15.469018] (ros2_unitree_legged_msgs) StdoutLine: {'line': b'-- Installing: /home/ruben/go2_deploy/workhop_rl/install/ros2_unitree_legged_msgs/include/ros2_unitree_legged_msgs/ros2_unitree_legged_msgs/msg/detail/cartesian__rosidl_typesupport_fastrtps_c.h\n'}
[15.469093] (ros2_unitree_legged_msgs) StdoutLine: {'line': b'-- Installing: /home/ruben/go2_deploy/workhop_rl/install/ros2_unitree_legged_msgs/include/ros2_unitree_legged_msgs/ros2_unitree_legged_msgs/msg/detail/low_cmd__rosidl_typesupport_fastrtps_c.h\n'}
[15.469144] (ros2_unitree_legged_msgs) StdoutLine: {'line': b'-- Installing: /home/ruben/go2_deploy/workhop_rl/install/ros2_unitree_legged_msgs/include/ros2_unitree_legged_msgs/ros2_unitree_legged_msgs/msg/detail/motor_cmd__rosidl_typesupport_fastrtps_c.h\n'}
[15.469215] (ros2_unitree_legged_msgs) StdoutLine: {'line': b'-- Installing: /home/ruben/go2_deploy/workhop_rl/install/ros2_unitree_legged_msgs/include/ros2_unitree_legged_msgs/ros2_unitree_legged_msgs/msg/detail/imu__rosidl_typesupport_fastrtps_c.h\n'}
[15.469262] (ros2_unitree_legged_msgs) StdoutLine: {'line': b'-- Installing: /home/ruben/go2_deploy/workhop_rl/install/ros2_unitree_legged_msgs/include/ros2_unitree_legged_msgs/ros2_unitree_legged_msgs/msg/detail/bms_cmd__rosidl_typesupport_fastrtps_c.h\n'}
[15.469326] (ros2_unitree_legged_msgs) StdoutLine: {'line': b'-- Installing: /home/ruben/go2_deploy/workhop_rl/install/ros2_unitree_legged_msgs/include/ros2_unitree_legged_msgs/ros2_unitree_legged_msgs/msg/detail/high_state__rosidl_typesupport_fastrtps_c.h\n'}
[15.469388] (ros2_unitree_legged_msgs) StdoutLine: {'line': b'-- Installing: /home/ruben/go2_deploy/workhop_rl/install/ros2_unitree_legged_msgs/include/ros2_unitree_legged_msgs/ros2_unitree_legged_msgs/msg/detail/motor_state__rosidl_typesupport_fastrtps_c.h\n'}
[15.469453] (ros2_unitree_legged_msgs) StdoutLine: {'line': b'-- Installing: /home/ruben/go2_deploy/workhop_rl/install/ros2_unitree_legged_msgs/include/ros2_unitree_legged_msgs/ros2_unitree_legged_msgs/msg/detail/low_state__rosidl_typesupport_fastrtps_c.h\n'}
[15.469518] (ros2_unitree_legged_msgs) StdoutLine: {'line': b'-- Installing: /home/ruben/go2_deploy/workhop_rl/install/ros2_unitree_legged_msgs/include/ros2_unitree_legged_msgs/ros2_unitree_legged_msgs/msg/detail/bms_state__rosidl_typesupport_fastrtps_c.h\n'}
[15.469576] (ros2_unitree_legged_msgs) StdoutLine: {'line': b'-- Installing: /home/ruben/go2_deploy/workhop_rl/install/ros2_unitree_legged_msgs/include/ros2_unitree_legged_msgs/ros2_unitree_legged_msgs/msg/rosidl_typesupport_fastrtps_c__visibility_control.h\n'}
[15.469660] (ros2_unitree_legged_msgs) StdoutLine: {'line': b'-- Installing: /home/ruben/go2_deploy/workhop_rl/install/ros2_unitree_legged_msgs/lib/libros2_unitree_legged_msgs__rosidl_typesupport_fastrtps_c.so\n'}
[15.469966] (ros2_unitree_legged_msgs) StdoutLine: {'line': b'-- Set runtime path of "/home/ruben/go2_deploy/workhop_rl/install/ros2_unitree_legged_msgs/lib/libros2_unitree_legged_msgs__rosidl_typesupport_fastrtps_c.so" to ""\n'}
[15.470073] (ros2_unitree_legged_msgs) StdoutLine: {'line': b'-- Up-to-date: /home/ruben/go2_deploy/workhop_rl/install/ros2_unitree_legged_msgs/include/ros2_unitree_legged_msgs/ros2_unitree_legged_msgs\n'}
[15.470127] (ros2_unitree_legged_msgs) StdoutLine: {'line': b'-- Up-to-date: /home/ruben/go2_deploy/workhop_rl/install/ros2_unitree_legged_msgs/include/ros2_unitree_legged_msgs/ros2_unitree_legged_msgs/msg\n'}
[15.470173] (ros2_unitree_legged_msgs) StdoutLine: {'line': b'-- Up-to-date: /home/ruben/go2_deploy/workhop_rl/install/ros2_unitree_legged_msgs/include/ros2_unitree_legged_msgs/ros2_unitree_legged_msgs/msg/detail\n'}
[15.470255] (ros2_unitree_legged_msgs) StdoutLine: {'line': b'-- Installing: /home/ruben/go2_deploy/workhop_rl/install/ros2_unitree_legged_msgs/include/ros2_unitree_legged_msgs/ros2_unitree_legged_msgs/msg/detail/motor_state__type_support.c\n'}
[15.470311] (ros2_unitree_legged_msgs) StdoutLine: {'line': b'-- Installing: /home/ruben/go2_deploy/workhop_rl/install/ros2_unitree_legged_msgs/include/ros2_unitree_legged_msgs/ros2_unitree_legged_msgs/msg/detail/cartesian__type_support.c\n'}
[15.470368] (ros2_unitree_legged_msgs) StdoutLine: {'line': b'-- Installing: /home/ruben/go2_deploy/workhop_rl/install/ros2_unitree_legged_msgs/include/ros2_unitree_legged_msgs/ros2_unitree_legged_msgs/msg/detail/led__type_support.c\n'}
[15.470451] (ros2_unitree_legged_msgs) StdoutLine: {'line': b'-- Installing: /home/ruben/go2_deploy/workhop_rl/install/ros2_unitree_legged_msgs/include/ros2_unitree_legged_msgs/ros2_unitree_legged_msgs/msg/detail/low_state__type_support.c\n'}
[15.470505] (ros2_unitree_legged_msgs) StdoutLine: {'line': b'-- Installing: /home/ruben/go2_deploy/workhop_rl/install/ros2_unitree_legged_msgs/include/ros2_unitree_legged_msgs/ros2_unitree_legged_msgs/msg/detail/motor_cmd__rosidl_typesupport_introspection_c.h\n'}
[15.470576] (ros2_unitree_legged_msgs) StdoutLine: {'line': b'-- Installing: /home/ruben/go2_deploy/workhop_rl/install/ros2_unitree_legged_msgs/include/ros2_unitree_legged_msgs/ros2_unitree_legged_msgs/msg/detail/low_state__rosidl_typesupport_introspection_c.h\n'}
[15.470623] (ros2_unitree_legged_msgs) StdoutLine: {'line': b'-- Installing: /home/ruben/go2_deploy/workhop_rl/install/ros2_unitree_legged_msgs/include/ros2_unitree_legged_msgs/ros2_unitree_legged_msgs/msg/detail/bms_state__rosidl_typesupport_introspection_c.h\n'}
[15.470690] (ros2_unitree_legged_msgs) StdoutLine: {'line': b'-- Installing: /home/ruben/go2_deploy/workhop_rl/install/ros2_unitree_legged_msgs/include/ros2_unitree_legged_msgs/ros2_unitree_legged_msgs/msg/detail/bms_cmd__rosidl_typesupport_introspection_c.h\n'}
[15.470756] (ros2_unitree_legged_msgs) StdoutLine: {'line': b'-- Installing: /home/ruben/go2_deploy/workhop_rl/install/ros2_unitree_legged_msgs/include/ros2_unitree_legged_msgs/ros2_unitree_legged_msgs/msg/detail/imu__type_support.c\n'}
[15.470816] (ros2_unitree_legged_msgs) StdoutLine: {'line': b'-- Installing: /home/ruben/go2_deploy/workhop_rl/install/ros2_unitree_legged_msgs/include/ros2_unitree_legged_msgs/ros2_unitree_legged_msgs/msg/detail/low_cmd__type_support.c\n'}
[15.470879] (ros2_unitree_legged_msgs) StdoutLine: {'line': b'-- Installing: /home/ruben/go2_deploy/workhop_rl/install/ros2_unitree_legged_msgs/include/ros2_unitree_legged_msgs/ros2_unitree_legged_msgs/msg/detail/bms_cmd__type_support.c\n'}
[15.470953] (ros2_unitree_legged_msgs) StdoutLine: {'line': b'-- Installing: /home/ruben/go2_deploy/workhop_rl/install/ros2_unitree_legged_msgs/include/ros2_unitree_legged_msgs/ros2_unitree_legged_msgs/msg/detail/motor_state__rosidl_typesupport_introspection_c.h\n'}
[15.471023] (ros2_unitree_legged_msgs) StdoutLine: {'line': b'-- Installing: /home/ruben/go2_deploy/workhop_rl/install/ros2_unitree_legged_msgs/include/ros2_unitree_legged_msgs/ros2_unitree_legged_msgs/msg/detail/bms_state__type_support.c\n'}
[15.471121] (ros2_unitree_legged_msgs) StdoutLine: {'line': b'-- Installing: /home/ruben/go2_deploy/workhop_rl/install/ros2_unitree_legged_msgs/include/ros2_unitree_legged_msgs/ros2_unitree_legged_msgs/msg/detail/motor_cmd__type_support.c\n'}
[15.471190] (ros2_unitree_legged_msgs) StdoutLine: {'line': b'-- Installing: /home/ruben/go2_deploy/workhop_rl/install/ros2_unitree_legged_msgs/include/ros2_unitree_legged_msgs/ros2_unitree_legged_msgs/msg/detail/led__rosidl_typesupport_introspection_c.h\n'}
[15.471261] (ros2_unitree_legged_msgs) StdoutLine: {'line': b'-- Installing: /home/ruben/go2_deploy/workhop_rl/install/ros2_unitree_legged_msgs/include/ros2_unitree_legged_msgs/ros2_unitree_legged_msgs/msg/detail/low_cmd__rosidl_typesupport_introspection_c.h\n'}
[15.471340] (ros2_unitree_legged_msgs) StdoutLine: {'line': b'-- Installing: /home/ruben/go2_deploy/workhop_rl/install/ros2_unitree_legged_msgs/include/ros2_unitree_legged_msgs/ros2_unitree_legged_msgs/msg/detail/cartesian__rosidl_typesupport_introspection_c.h\n'}
[15.471411] (ros2_unitree_legged_msgs) StdoutLine: {'line': b'-- Installing: /home/ruben/go2_deploy/workhop_rl/install/ros2_unitree_legged_msgs/include/ros2_unitree_legged_msgs/ros2_unitree_legged_msgs/msg/detail/imu__rosidl_typesupport_introspection_c.h\n'}
[15.471480] (ros2_unitree_legged_msgs) StdoutLine: {'line': b'-- Installing: /home/ruben/go2_deploy/workhop_rl/install/ros2_unitree_legged_msgs/include/ros2_unitree_legged_msgs/ros2_unitree_legged_msgs/msg/detail/high_state__type_support.c\n'}
[15.471588] (ros2_unitree_legged_msgs) StdoutLine: {'line': b'-- Installing: /home/ruben/go2_deploy/workhop_rl/install/ros2_unitree_legged_msgs/include/ros2_unitree_legged_msgs/ros2_unitree_legged_msgs/msg/detail/high_cmd__type_support.c\n'}
[15.471682] (ros2_unitree_legged_msgs) StdoutLine: {'line': b'-- Installing: /home/ruben/go2_deploy/workhop_rl/install/ros2_unitree_legged_msgs/include/ros2_unitree_legged_msgs/ros2_unitree_legged_msgs/msg/detail/high_state__rosidl_typesupport_introspection_c.h\n'}
[15.471753] (ros2_unitree_legged_msgs) StdoutLine: {'line': b'-- Installing: /home/ruben/go2_deploy/workhop_rl/install/ros2_unitree_legged_msgs/include/ros2_unitree_legged_msgs/ros2_unitree_legged_msgs/msg/detail/high_cmd__rosidl_typesupport_introspection_c.h\n'}
[15.471829] (ros2_unitree_legged_msgs) StdoutLine: {'line': b'-- Installing: /home/ruben/go2_deploy/workhop_rl/install/ros2_unitree_legged_msgs/include/ros2_unitree_legged_msgs/ros2_unitree_legged_msgs/msg/rosidl_typesupport_introspection_c__visibility_control.h\n'}
[15.471941] (ros2_unitree_legged_msgs) StdoutLine: {'line': b'-- Installing: /home/ruben/go2_deploy/workhop_rl/install/ros2_unitree_legged_msgs/lib/libros2_unitree_legged_msgs__rosidl_typesupport_introspection_c.so\n'}
[15.472330] (ros2_unitree_legged_msgs) StdoutLine: {'line': b'-- Set runtime path of "/home/ruben/go2_deploy/workhop_rl/install/ros2_unitree_legged_msgs/lib/libros2_unitree_legged_msgs__rosidl_typesupport_introspection_c.so" to ""\n'}
[15.472427] (ros2_unitree_legged_msgs) StdoutLine: {'line': b'-- Installing: /home/ruben/go2_deploy/workhop_rl/install/ros2_unitree_legged_msgs/lib/libros2_unitree_legged_msgs__rosidl_typesupport_c.so\n'}
[15.472601] (ros2_unitree_legged_msgs) StdoutLine: {'line': b'-- Set runtime path of "/home/ruben/go2_deploy/workhop_rl/install/ros2_unitree_legged_msgs/lib/libros2_unitree_legged_msgs__rosidl_typesupport_c.so" to ""\n'}
[15.472690] (ros2_unitree_legged_msgs) StdoutLine: {'line': b'-- Up-to-date: /home/ruben/go2_deploy/workhop_rl/install/ros2_unitree_legged_msgs/include/ros2_unitree_legged_msgs/ros2_unitree_legged_msgs\n'}
[15.472742] (ros2_unitree_legged_msgs) StdoutLine: {'line': b'-- Up-to-date: /home/ruben/go2_deploy/workhop_rl/install/ros2_unitree_legged_msgs/include/ros2_unitree_legged_msgs/ros2_unitree_legged_msgs/msg\n'}
[15.472789] (ros2_unitree_legged_msgs) StdoutLine: {'line': b'-- Installing: /home/ruben/go2_deploy/workhop_rl/install/ros2_unitree_legged_msgs/include/ros2_unitree_legged_msgs/ros2_unitree_legged_msgs/msg/bms_state.hpp\n'}
[15.472862] (ros2_unitree_legged_msgs) StdoutLine: {'line': b'-- Installing: /home/ruben/go2_deploy/workhop_rl/install/ros2_unitree_legged_msgs/include/ros2_unitree_legged_msgs/ros2_unitree_legged_msgs/msg/imu.hpp\n'}
[15.472911] (ros2_unitree_legged_msgs) StdoutLine: {'line': b'-- Installing: /home/ruben/go2_deploy/workhop_rl/install/ros2_unitree_legged_msgs/include/ros2_unitree_legged_msgs/ros2_unitree_legged_msgs/msg/motor_cmd.hpp\n'}
[15.472980] (ros2_unitree_legged_msgs) StdoutLine: {'line': b'-- Installing: /home/ruben/go2_deploy/workhop_rl/install/ros2_unitree_legged_msgs/include/ros2_unitree_legged_msgs/ros2_unitree_legged_msgs/msg/cartesian.hpp\n'}
[15.473034] (ros2_unitree_legged_msgs) StdoutLine: {'line': b'-- Up-to-date: /home/ruben/go2_deploy/workhop_rl/install/ros2_unitree_legged_msgs/include/ros2_unitree_legged_msgs/ros2_unitree_legged_msgs/msg/detail\n'}
[15.473099] (ros2_unitree_legged_msgs) StdoutLine: {'line': b'-- Installing: /home/ruben/go2_deploy/workhop_rl/install/ros2_unitree_legged_msgs/include/ros2_unitree_legged_msgs/ros2_unitree_legged_msgs/msg/detail/bms_state__builder.hpp\n'}
[15.473269] (ros2_unitree_legged_msgs) StdoutLine: {'line': b'-- Installing: /home/ruben/go2_deploy/workhop_rl/install/ros2_unitree_legged_msgs/include/ros2_unitree_legged_msgs/ros2_unitree_legged_msgs/msg/detail/high_state__traits.hpp\n'}
[15.473352] (ros2_unitree_legged_msgs) StdoutLine: {'line': b'-- Installing: /home/ruben/go2_deploy/workhop_rl/install/ros2_unitree_legged_msgs/include/ros2_unitree_legged_msgs/ros2_unitree_legged_msgs/msg/detail/bms_cmd__traits.hpp\n'}
[15.473431] (ros2_unitree_legged_msgs) StdoutLine: {'line': b'-- Installing: /home/ruben/go2_deploy/workhop_rl/install/ros2_unitree_legged_msgs/include/ros2_unitree_legged_msgs/ros2_unitree_legged_msgs/msg/detail/high_cmd__type_support.hpp\n'}
[15.473503] (ros2_unitree_legged_msgs) StdoutLine: {'line': b'-- Installing: /home/ruben/go2_deploy/workhop_rl/install/ros2_unitree_legged_msgs/include/ros2_unitree_legged_msgs/ros2_unitree_legged_msgs/msg/detail/bms_cmd__builder.hpp\n'}
[15.473576] (ros2_unitree_legged_msgs) StdoutLine: {'line': b'-- Installing: /home/ruben/go2_deploy/workhop_rl/install/ros2_unitree_legged_msgs/include/ros2_unitree_legged_msgs/ros2_unitree_legged_msgs/msg/detail/cartesian__type_support.hpp\n'}
[15.473658] (ros2_unitree_legged_msgs) StdoutLine: {'line': b'-- Installing: /home/ruben/go2_deploy/workhop_rl/install/ros2_unitree_legged_msgs/include/ros2_unitree_legged_msgs/ros2_unitree_legged_msgs/msg/detail/led__struct.hpp\n'}
[15.473732] (ros2_unitree_legged_msgs) StdoutLine: {'line': b'-- Installing: /home/ruben/go2_deploy/workhop_rl/install/ros2_unitree_legged_msgs/include/ros2_unitree_legged_msgs/ros2_unitree_legged_msgs/msg/detail/motor_cmd__type_support.hpp\n'}
[15.473803] (ros2_unitree_legged_msgs) StdoutLine: {'line': b'-- Installing: /home/ruben/go2_deploy/workhop_rl/install/ros2_unitree_legged_msgs/include/ros2_unitree_legged_msgs/ros2_unitree_legged_msgs/msg/detail/low_state__type_support.hpp\n'}
[15.473876] (ros2_unitree_legged_msgs) StdoutLine: {'line': b'-- Installing: /home/ruben/go2_deploy/workhop_rl/install/ros2_unitree_legged_msgs/include/ros2_unitree_legged_msgs/ros2_unitree_legged_msgs/msg/detail/low_state__traits.hpp\n'}
[15.473955] (ros2_unitree_legged_msgs) StdoutLine: {'line': b'-- Installing: /home/ruben/go2_deploy/workhop_rl/install/ros2_unitree_legged_msgs/include/ros2_unitree_legged_msgs/ros2_unitree_legged_msgs/msg/detail/motor_cmd__traits.hpp\n'}
[15.474037] (ros2_unitree_legged_msgs) StdoutLine: {'line': b'-- Installing: /home/ruben/go2_deploy/workhop_rl/install/ros2_unitree_legged_msgs/include/ros2_unitree_legged_msgs/ros2_unitree_legged_msgs/msg/detail/motor_state__struct.hpp\n'}
[15.474118] (ros2_unitree_legged_msgs) StdoutLine: {'line': b'-- Installing: /home/ruben/go2_deploy/workhop_rl/install/ros2_unitree_legged_msgs/include/ros2_unitree_legged_msgs/ros2_unitree_legged_msgs/msg/detail/bms_cmd__type_support.hpp\n'}
[15.474190] (ros2_unitree_legged_msgs) StdoutLine: {'line': b'-- Installing: /home/ruben/go2_deploy/workhop_rl/install/ros2_unitree_legged_msgs/include/ros2_unitree_legged_msgs/ros2_unitree_legged_msgs/msg/detail/high_state__builder.hpp\n'}
[15.474275] (ros2_unitree_legged_msgs) StdoutLine: {'line': b'-- Installing: /home/ruben/go2_deploy/workhop_rl/install/ros2_unitree_legged_msgs/include/ros2_unitree_legged_msgs/ros2_unitree_legged_msgs/msg/detail/led__builder.hpp\n'}
[15.474347] (ros2_unitree_legged_msgs) StdoutLine: {'line': b'-- Installing: /home/ruben/go2_deploy/workhop_rl/install/ros2_unitree_legged_msgs/include/ros2_unitree_legged_msgs/ros2_unitree_legged_msgs/msg/detail/cartesian__builder.hpp\n'}
[15.474421] (ros2_unitree_legged_msgs) StdoutLine: {'line': b'-- Installing: /home/ruben/go2_deploy/workhop_rl/install/ros2_unitree_legged_msgs/include/ros2_unitree_legged_msgs/ros2_unitree_legged_msgs/msg/detail/bms_state__type_support.hpp\n'}
[15.474497] (ros2_unitree_legged_msgs) StdoutLine: {'line': b'-- Installing: /home/ruben/go2_deploy/workhop_rl/install/ros2_unitree_legged_msgs/include/ros2_unitree_legged_msgs/ros2_unitree_legged_msgs/msg/detail/motor_cmd__struct.hpp\n'}
[15.474577] (ros2_unitree_legged_msgs) StdoutLine: {'line': b'-- Installing: /home/ruben/go2_deploy/workhop_rl/install/ros2_unitree_legged_msgs/include/ros2_unitree_legged_msgs/ros2_unitree_legged_msgs/msg/detail/motor_state__type_support.hpp\n'}
[15.474650] (ros2_unitree_legged_msgs) StdoutLine: {'line': b'-- Installing: /home/ruben/go2_deploy/workhop_rl/install/ros2_unitree_legged_msgs/include/ros2_unitree_legged_msgs/ros2_unitree_legged_msgs/msg/detail/imu__type_support.hpp\n'}
[15.474727] (ros2_unitree_legged_msgs) StdoutLine: {'line': b'-- Installing: /home/ruben/go2_deploy/workhop_rl/install/ros2_unitree_legged_msgs/include/ros2_unitree_legged_msgs/ros2_unitree_legged_msgs/msg/detail/low_cmd__builder.hpp\n'}
[15.474804] (ros2_unitree_legged_msgs) StdoutLine: {'line': b'-- Installing: /home/ruben/go2_deploy/workhop_rl/install/ros2_unitree_legged_msgs/include/ros2_unitree_legged_msgs/ros2_unitree_legged_msgs/msg/detail/low_cmd__type_support.hpp\n'}
[15.474878] (ros2_unitree_legged_msgs) StdoutLine: {'line': b'-- Installing: /home/ruben/go2_deploy/workhop_rl/install/ros2_unitree_legged_msgs/include/ros2_unitree_legged_msgs/ros2_unitree_legged_msgs/msg/detail/cartesian__traits.hpp\n'}
[15.474951] (ros2_unitree_legged_msgs) StdoutLine: {'line': b'-- Installing: /home/ruben/go2_deploy/workhop_rl/install/ros2_unitree_legged_msgs/include/ros2_unitree_legged_msgs/ros2_unitree_legged_msgs/msg/detail/imu__builder.hpp\n'}
[15.475028] (ros2_unitree_legged_msgs) StdoutLine: {'line': b'-- Installing: /home/ruben/go2_deploy/workhop_rl/install/ros2_unitree_legged_msgs/include/ros2_unitree_legged_msgs/ros2_unitree_legged_msgs/msg/detail/high_cmd__struct.hpp\n'}
[15.475110] (ros2_unitree_legged_msgs) StdoutLine: {'line': b'-- Installing: /home/ruben/go2_deploy/workhop_rl/install/ros2_unitree_legged_msgs/include/ros2_unitree_legged_msgs/ros2_unitree_legged_msgs/msg/detail/imu__traits.hpp\n'}
[15.475186] (ros2_unitree_legged_msgs) StdoutLine: {'line': b'-- Installing: /home/ruben/go2_deploy/workhop_rl/install/ros2_unitree_legged_msgs/include/ros2_unitree_legged_msgs/ros2_unitree_legged_msgs/msg/detail/led__type_support.hpp\n'}
[15.475259] (ros2_unitree_legged_msgs) StdoutLine: {'line': b'-- Installing: /home/ruben/go2_deploy/workhop_rl/install/ros2_unitree_legged_msgs/include/ros2_unitree_legged_msgs/ros2_unitree_legged_msgs/msg/detail/led__traits.hpp\n'}
[15.475332] (ros2_unitree_legged_msgs) StdoutLine: {'line': b'-- Installing: /home/ruben/go2_deploy/workhop_rl/install/ros2_unitree_legged_msgs/include/ros2_unitree_legged_msgs/ros2_unitree_legged_msgs/msg/detail/high_cmd__builder.hpp\n'}
[15.475415] (ros2_unitree_legged_msgs) StdoutLine: {'line': b'-- Installing: /home/ruben/go2_deploy/workhop_rl/install/ros2_unitree_legged_msgs/include/ros2_unitree_legged_msgs/ros2_unitree_legged_msgs/msg/detail/bms_state__traits.hpp\n'}
[15.475492] (ros2_unitree_legged_msgs) StdoutLine: {'line': b'-- Installing: /home/ruben/go2_deploy/workhop_rl/install/ros2_unitree_legged_msgs/include/ros2_unitree_legged_msgs/ros2_unitree_legged_msgs/msg/detail/imu__struct.hpp\n'}
[15.475567] (ros2_unitree_legged_msgs) StdoutLine: {'line': b'-- Installing: /home/ruben/go2_deploy/workhop_rl/install/ros2_unitree_legged_msgs/include/ros2_unitree_legged_msgs/ros2_unitree_legged_msgs/msg/detail/bms_state__struct.hpp\n'}
[15.475643] (ros2_unitree_legged_msgs) StdoutLine: {'line': b'-- Installing: /home/ruben/go2_deploy/workhop_rl/install/ros2_unitree_legged_msgs/include/ros2_unitree_legged_msgs/ros2_unitree_legged_msgs/msg/detail/bms_cmd__struct.hpp\n'}
[15.475725] (ros2_unitree_legged_msgs) StdoutLine: {'line': b'-- Installing: /home/ruben/go2_deploy/workhop_rl/install/ros2_unitree_legged_msgs/include/ros2_unitree_legged_msgs/ros2_unitree_legged_msgs/msg/detail/high_cmd__traits.hpp\n'}
[15.475812] (ros2_unitree_legged_msgs) StdoutLine: {'line': b'-- Installing: /home/ruben/go2_deploy/workhop_rl/install/ros2_unitree_legged_msgs/include/ros2_unitree_legged_msgs/ros2_unitree_legged_msgs/msg/detail/motor_cmd__builder.hpp\n'}
[15.475885] (ros2_unitree_legged_msgs) StdoutLine: {'line': b'-- Installing: /home/ruben/go2_deploy/workhop_rl/install/ros2_unitree_legged_msgs/include/ros2_unitree_legged_msgs/ros2_unitree_legged_msgs/msg/detail/low_state__struct.hpp\n'}
[15.475964] (ros2_unitree_legged_msgs) StdoutLine: {'line': b'-- Installing: /home/ruben/go2_deploy/workhop_rl/install/ros2_unitree_legged_msgs/include/ros2_unitree_legged_msgs/ros2_unitree_legged_msgs/msg/detail/cartesian__struct.hpp\n'}
[15.476043] (ros2_unitree_legged_msgs) StdoutLine: {'line': b'-- Installing: /home/ruben/go2_deploy/workhop_rl/install/ros2_unitree_legged_msgs/include/ros2_unitree_legged_msgs/ros2_unitree_legged_msgs/msg/detail/low_cmd__struct.hpp\n'}
[15.476126] (ros2_unitree_legged_msgs) StdoutLine: {'line': b'-- Installing: /home/ruben/go2_deploy/workhop_rl/install/ros2_unitree_legged_msgs/include/ros2_unitree_legged_msgs/ros2_unitree_legged_msgs/msg/detail/high_state__type_support.hpp\n'}
[15.476246] (ros2_unitree_legged_msgs) StdoutLine: {'line': b'-- Installing: /home/ruben/go2_deploy/workhop_rl/install/ros2_unitree_legged_msgs/include/ros2_unitree_legged_msgs/ros2_unitree_legged_msgs/msg/detail/high_state__struct.hpp\n'}
[15.476330] (ros2_unitree_legged_msgs) StdoutLine: {'line': b'-- Installing: /home/ruben/go2_deploy/workhop_rl/install/ros2_unitree_legged_msgs/include/ros2_unitree_legged_msgs/ros2_unitree_legged_msgs/msg/detail/low_cmd__traits.hpp\n'}
[15.476406] (ros2_unitree_legged_msgs) StdoutLine: {'line': b'-- Installing: /home/ruben/go2_deploy/workhop_rl/install/ros2_unitree_legged_msgs/include/ros2_unitree_legged_msgs/ros2_unitree_legged_msgs/msg/detail/motor_state__builder.hpp\n'}
[15.476484] (ros2_unitree_legged_msgs) StdoutLine: {'line': b'-- Installing: /home/ruben/go2_deploy/workhop_rl/install/ros2_unitree_legged_msgs/include/ros2_unitree_legged_msgs/ros2_unitree_legged_msgs/msg/detail/low_state__builder.hpp\n'}
[15.476560] (ros2_unitree_legged_msgs) StdoutLine: {'line': b'-- Installing: /home/ruben/go2_deploy/workhop_rl/install/ros2_unitree_legged_msgs/include/ros2_unitree_legged_msgs/ros2_unitree_legged_msgs/msg/detail/motor_state__traits.hpp\n'}
[15.476635] (ros2_unitree_legged_msgs) StdoutLine: {'line': b'-- Installing: /home/ruben/go2_deploy/workhop_rl/install/ros2_unitree_legged_msgs/include/ros2_unitree_legged_msgs/ros2_unitree_legged_msgs/msg/high_state.hpp\n'}
[15.476704] (ros2_unitree_legged_msgs) StdoutLine: {'line': b'-- Installing: /home/ruben/go2_deploy/workhop_rl/install/ros2_unitree_legged_msgs/include/ros2_unitree_legged_msgs/ros2_unitree_legged_msgs/msg/motor_state.hpp\n'}
[15.476769] (ros2_unitree_legged_msgs) StdoutLine: {'line': b'-- Installing: /home/ruben/go2_deploy/workhop_rl/install/ros2_unitree_legged_msgs/include/ros2_unitree_legged_msgs/ros2_unitree_legged_msgs/msg/bms_cmd.hpp\n'}
[15.476843] (ros2_unitree_legged_msgs) StdoutLine: {'line': b'-- Installing: /home/ruben/go2_deploy/workhop_rl/install/ros2_unitree_legged_msgs/include/ros2_unitree_legged_msgs/ros2_unitree_legged_msgs/msg/rosidl_generator_cpp__visibility_control.hpp\n'}
[15.476910] (ros2_unitree_legged_msgs) StdoutLine: {'line': b'-- Installing: /home/ruben/go2_deploy/workhop_rl/install/ros2_unitree_legged_msgs/include/ros2_unitree_legged_msgs/ros2_unitree_legged_msgs/msg/low_state.hpp\n'}
[15.476974] (ros2_unitree_legged_msgs) StdoutLine: {'line': b'-- Installing: /home/ruben/go2_deploy/workhop_rl/install/ros2_unitree_legged_msgs/include/ros2_unitree_legged_msgs/ros2_unitree_legged_msgs/msg/high_cmd.hpp\n'}
[15.477050] (ros2_unitree_legged_msgs) StdoutLine: {'line': b'-- Installing: /home/ruben/go2_deploy/workhop_rl/install/ros2_unitree_legged_msgs/include/ros2_unitree_legged_msgs/ros2_unitree_legged_msgs/msg/low_cmd.hpp\n'}
[15.477120] (ros2_unitree_legged_msgs) StdoutLine: {'line': b'-- Installing: /home/ruben/go2_deploy/workhop_rl/install/ros2_unitree_legged_msgs/include/ros2_unitree_legged_msgs/ros2_unitree_legged_msgs/msg/led.hpp\n'}
[15.477232] (ros2_unitree_legged_msgs) StdoutLine: {'line': b'-- Up-to-date: /home/ruben/go2_deploy/workhop_rl/install/ros2_unitree_legged_msgs/include/ros2_unitree_legged_msgs/ros2_unitree_legged_msgs\n'}
[15.477297] (ros2_unitree_legged_msgs) StdoutLine: {'line': b'-- Up-to-date: /home/ruben/go2_deploy/workhop_rl/install/ros2_unitree_legged_msgs/include/ros2_unitree_legged_msgs/ros2_unitree_legged_msgs/msg\n'}
[15.477370] (ros2_unitree_legged_msgs) StdoutLine: {'line': b'-- Up-to-date: /home/ruben/go2_deploy/workhop_rl/install/ros2_unitree_legged_msgs/include/ros2_unitree_legged_msgs/ros2_unitree_legged_msgs/msg/detail\n'}
[15.477430] (ros2_unitree_legged_msgs) StdoutLine: {'line': b'-- Installing: /home/ruben/go2_deploy/workhop_rl/install/ros2_unitree_legged_msgs/include/ros2_unitree_legged_msgs/ros2_unitree_legged_msgs/msg/detail/high_state__rosidl_typesupport_fastrtps_cpp.hpp\n'}
[15.477494] (ros2_unitree_legged_msgs) StdoutLine: {'line': b'-- Installing: /home/ruben/go2_deploy/workhop_rl/install/ros2_unitree_legged_msgs/include/ros2_unitree_legged_msgs/ros2_unitree_legged_msgs/msg/detail/cartesian__rosidl_typesupport_fastrtps_cpp.hpp\n'}
[15.477553] (ros2_unitree_legged_msgs) StdoutLine: {'line': b'-- Installing: /home/ruben/go2_deploy/workhop_rl/install/ros2_unitree_legged_msgs/include/ros2_unitree_legged_msgs/ros2_unitree_legged_msgs/msg/detail/motor_state__rosidl_typesupport_fastrtps_cpp.hpp\n'}
[15.477603] (ros2_unitree_legged_msgs) StdoutLine: {'line': b'-- Installing: /home/ruben/go2_deploy/workhop_rl/install/ros2_unitree_legged_msgs/include/ros2_unitree_legged_msgs/ros2_unitree_legged_msgs/msg/detail/motor_cmd__rosidl_typesupport_fastrtps_cpp.hpp\n'}
[15.477669] (ros2_unitree_legged_msgs) StdoutLine: {'line': b'-- Installing: /home/ruben/go2_deploy/workhop_rl/install/ros2_unitree_legged_msgs/include/ros2_unitree_legged_msgs/ros2_unitree_legged_msgs/msg/detail/high_cmd__rosidl_typesupport_fastrtps_cpp.hpp\n'}
[15.477735] (ros2_unitree_legged_msgs) StdoutLine: {'line': b'-- Installing: /home/ruben/go2_deploy/workhop_rl/install/ros2_unitree_legged_msgs/include/ros2_unitree_legged_msgs/ros2_unitree_legged_msgs/msg/detail/led__rosidl_typesupport_fastrtps_cpp.hpp\n'}
[15.477799] (ros2_unitree_legged_msgs) StdoutLine: {'line': b'-- Installing: /home/ruben/go2_deploy/workhop_rl/install/ros2_unitree_legged_msgs/include/ros2_unitree_legged_msgs/ros2_unitree_legged_msgs/msg/detail/imu__rosidl_typesupport_fastrtps_cpp.hpp\n'}
[15.477867] (ros2_unitree_legged_msgs) StdoutLine: {'line': b'-- Installing: /home/ruben/go2_deploy/workhop_rl/install/ros2_unitree_legged_msgs/include/ros2_unitree_legged_msgs/ros2_unitree_legged_msgs/msg/detail/bms_cmd__rosidl_typesupport_fastrtps_cpp.hpp\n'}
[15.477932] (ros2_unitree_legged_msgs) StdoutLine: {'line': b'-- Installing: /home/ruben/go2_deploy/workhop_rl/install/ros2_unitree_legged_msgs/include/ros2_unitree_legged_msgs/ros2_unitree_legged_msgs/msg/detail/low_cmd__rosidl_typesupport_fastrtps_cpp.hpp\n'}
[15.477996] (ros2_unitree_legged_msgs) StdoutLine: {'line': b'-- Installing: /home/ruben/go2_deploy/workhop_rl/install/ros2_unitree_legged_msgs/include/ros2_unitree_legged_msgs/ros2_unitree_legged_msgs/msg/detail/low_state__rosidl_typesupport_fastrtps_cpp.hpp\n'}
[15.478061] (ros2_unitree_legged_msgs) StdoutLine: {'line': b'-- Installing: /home/ruben/go2_deploy/workhop_rl/install/ros2_unitree_legged_msgs/include/ros2_unitree_legged_msgs/ros2_unitree_legged_msgs/msg/detail/dds_fastrtps\n'}
[15.478126] (ros2_unitree_legged_msgs) StdoutLine: {'line': b'-- Installing: /home/ruben/go2_deploy/workhop_rl/install/ros2_unitree_legged_msgs/include/ros2_unitree_legged_msgs/ros2_unitree_legged_msgs/msg/detail/bms_state__rosidl_typesupport_fastrtps_cpp.hpp\n'}
[15.478194] (ros2_unitree_legged_msgs) StdoutLine: {'line': b'-- Installing: /home/ruben/go2_deploy/workhop_rl/install/ros2_unitree_legged_msgs/include/ros2_unitree_legged_msgs/ros2_unitree_legged_msgs/msg/rosidl_typesupport_fastrtps_cpp__visibility_control.h\n'}
[15.478312] (ros2_unitree_legged_msgs) StdoutLine: {'line': b'-- Installing: /home/ruben/go2_deploy/workhop_rl/install/ros2_unitree_legged_msgs/lib/libros2_unitree_legged_msgs__rosidl_typesupport_fastrtps_cpp.so\n'}
[15.478612] (-) TimerEvent: {}
[15.478749] (ros2_unitree_legged_msgs) StdoutLine: {'line': b'-- Set runtime path of "/home/ruben/go2_deploy/workhop_rl/install/ros2_unitree_legged_msgs/lib/libros2_unitree_legged_msgs__rosidl_typesupport_fastrtps_cpp.so" to ""\n'}
[15.478823] (ros2_unitree_legged_msgs) StdoutLine: {'line': b'-- Up-to-date: /home/ruben/go2_deploy/workhop_rl/install/ros2_unitree_legged_msgs/include/ros2_unitree_legged_msgs/ros2_unitree_legged_msgs\n'}
[15.478879] (ros2_unitree_legged_msgs) StdoutLine: {'line': b'-- Up-to-date: /home/ruben/go2_deploy/workhop_rl/install/ros2_unitree_legged_msgs/include/ros2_unitree_legged_msgs/ros2_unitree_legged_msgs/msg\n'}
[15.478954] (ros2_unitree_legged_msgs) StdoutLine: {'line': b'-- Up-to-date: /home/ruben/go2_deploy/workhop_rl/install/ros2_unitree_legged_msgs/include/ros2_unitree_legged_msgs/ros2_unitree_legged_msgs/msg/detail\n'}
[15.479006] (ros2_unitree_legged_msgs) StdoutLine: {'line': b'-- Installing: /home/ruben/go2_deploy/workhop_rl/install/ros2_unitree_legged_msgs/include/ros2_unitree_legged_msgs/ros2_unitree_legged_msgs/msg/detail/high_cmd__type_support.cpp\n'}
[15.479087] (ros2_unitree_legged_msgs) StdoutLine: {'line': b'-- Installing: /home/ruben/go2_deploy/workhop_rl/install/ros2_unitree_legged_msgs/include/ros2_unitree_legged_msgs/ros2_unitree_legged_msgs/msg/detail/imu__type_support.cpp\n'}
[15.479131] (ros2_unitree_legged_msgs) StdoutLine: {'line': b'-- Installing: /home/ruben/go2_deploy/workhop_rl/install/ros2_unitree_legged_msgs/include/ros2_unitree_legged_msgs/ros2_unitree_legged_msgs/msg/detail/bms_cmd__rosidl_typesupport_introspection_cpp.hpp\n'}
[15.479179] (ros2_unitree_legged_msgs) StdoutLine: {'line': b'-- Installing: /home/ruben/go2_deploy/workhop_rl/install/ros2_unitree_legged_msgs/include/ros2_unitree_legged_msgs/ros2_unitree_legged_msgs/msg/detail/low_cmd__type_support.cpp\n'}
[15.479248] (ros2_unitree_legged_msgs) StdoutLine: {'line': b'-- Installing: /home/ruben/go2_deploy/workhop_rl/install/ros2_unitree_legged_msgs/include/ros2_unitree_legged_msgs/ros2_unitree_legged_msgs/msg/detail/led__type_support.cpp\n'}
[15.479291] (ros2_unitree_legged_msgs) StdoutLine: {'line': b'-- Installing: /home/ruben/go2_deploy/workhop_rl/install/ros2_unitree_legged_msgs/include/ros2_unitree_legged_msgs/ros2_unitree_legged_msgs/msg/detail/led__rosidl_typesupport_introspection_cpp.hpp\n'}
[15.479358] (ros2_unitree_legged_msgs) StdoutLine: {'line': b'-- Installing: /home/ruben/go2_deploy/workhop_rl/install/ros2_unitree_legged_msgs/include/ros2_unitree_legged_msgs/ros2_unitree_legged_msgs/msg/detail/bms_state__rosidl_typesupport_introspection_cpp.hpp\n'}
[15.479426] (ros2_unitree_legged_msgs) StdoutLine: {'line': b'-- Installing: /home/ruben/go2_deploy/workhop_rl/install/ros2_unitree_legged_msgs/include/ros2_unitree_legged_msgs/ros2_unitree_legged_msgs/msg/detail/motor_cmd__type_support.cpp\n'}
[15.479492] (ros2_unitree_legged_msgs) StdoutLine: {'line': b'-- Installing: /home/ruben/go2_deploy/workhop_rl/install/ros2_unitree_legged_msgs/include/ros2_unitree_legged_msgs/ros2_unitree_legged_msgs/msg/detail/high_cmd__rosidl_typesupport_introspection_cpp.hpp\n'}
[15.479555] (ros2_unitree_legged_msgs) StdoutLine: {'line': b'-- Installing: /home/ruben/go2_deploy/workhop_rl/install/ros2_unitree_legged_msgs/include/ros2_unitree_legged_msgs/ros2_unitree_legged_msgs/msg/detail/bms_state__type_support.cpp\n'}
[15.479620] (ros2_unitree_legged_msgs) StdoutLine: {'line': b'-- Installing: /home/ruben/go2_deploy/workhop_rl/install/ros2_unitree_legged_msgs/include/ros2_unitree_legged_msgs/ros2_unitree_legged_msgs/msg/detail/motor_cmd__rosidl_typesupport_introspection_cpp.hpp\n'}
[15.479687] (ros2_unitree_legged_msgs) StdoutLine: {'line': b'-- Installing: /home/ruben/go2_deploy/workhop_rl/install/ros2_unitree_legged_msgs/include/ros2_unitree_legged_msgs/ros2_unitree_legged_msgs/msg/detail/motor_state__rosidl_typesupport_introspection_cpp.hpp\n'}
[15.479761] (ros2_unitree_legged_msgs) StdoutLine: {'line': b'-- Installing: /home/ruben/go2_deploy/workhop_rl/install/ros2_unitree_legged_msgs/include/ros2_unitree_legged_msgs/ros2_unitree_legged_msgs/msg/detail/bms_cmd__type_support.cpp\n'}
[15.479836] (ros2_unitree_legged_msgs) StdoutLine: {'line': b'-- Installing: /home/ruben/go2_deploy/workhop_rl/install/ros2_unitree_legged_msgs/include/ros2_unitree_legged_msgs/ros2_unitree_legged_msgs/msg/detail/cartesian__type_support.cpp\n'}
[15.479911] (ros2_unitree_legged_msgs) StdoutLine: {'line': b'-- Installing: /home/ruben/go2_deploy/workhop_rl/install/ros2_unitree_legged_msgs/include/ros2_unitree_legged_msgs/ros2_unitree_legged_msgs/msg/detail/low_state__type_support.cpp\n'}
[15.479998] (ros2_unitree_legged_msgs) StdoutLine: {'line': b'-- Installing: /home/ruben/go2_deploy/workhop_rl/install/ros2_unitree_legged_msgs/include/ros2_unitree_legged_msgs/ros2_unitree_legged_msgs/msg/detail/high_state__type_support.cpp\n'}
[15.480105] (ros2_unitree_legged_msgs) StdoutLine: {'line': b'-- Installing: /home/ruben/go2_deploy/workhop_rl/install/ros2_unitree_legged_msgs/include/ros2_unitree_legged_msgs/ros2_unitree_legged_msgs/msg/detail/cartesian__rosidl_typesupport_introspection_cpp.hpp\n'}
[15.480181] (ros2_unitree_legged_msgs) StdoutLine: {'line': b'-- Installing: /home/ruben/go2_deploy/workhop_rl/install/ros2_unitree_legged_msgs/include/ros2_unitree_legged_msgs/ros2_unitree_legged_msgs/msg/detail/motor_state__type_support.cpp\n'}
[15.480261] (ros2_unitree_legged_msgs) StdoutLine: {'line': b'-- Installing: /home/ruben/go2_deploy/workhop_rl/install/ros2_unitree_legged_msgs/include/ros2_unitree_legged_msgs/ros2_unitree_legged_msgs/msg/detail/low_cmd__rosidl_typesupport_introspection_cpp.hpp\n'}
[15.480334] (ros2_unitree_legged_msgs) StdoutLine: {'line': b'-- Installing: /home/ruben/go2_deploy/workhop_rl/install/ros2_unitree_legged_msgs/include/ros2_unitree_legged_msgs/ros2_unitree_legged_msgs/msg/detail/high_state__rosidl_typesupport_introspection_cpp.hpp\n'}
[15.480407] (ros2_unitree_legged_msgs) StdoutLine: {'line': b'-- Installing: /home/ruben/go2_deploy/workhop_rl/install/ros2_unitree_legged_msgs/include/ros2_unitree_legged_msgs/ros2_unitree_legged_msgs/msg/detail/low_state__rosidl_typesupport_introspection_cpp.hpp\n'}
[15.480481] (ros2_unitree_legged_msgs) StdoutLine: {'line': b'-- Installing: /home/ruben/go2_deploy/workhop_rl/install/ros2_unitree_legged_msgs/include/ros2_unitree_legged_msgs/ros2_unitree_legged_msgs/msg/detail/imu__rosidl_typesupport_introspection_cpp.hpp\n'}
[15.480614] (ros2_unitree_legged_msgs) StdoutLine: {'line': b'-- Installing: /home/ruben/go2_deploy/workhop_rl/install/ros2_unitree_legged_msgs/lib/libros2_unitree_legged_msgs__rosidl_typesupport_introspection_cpp.so\n'}
[15.481078] (ros2_unitree_legged_msgs) StdoutLine: {'line': b'-- Set runtime path of "/home/ruben/go2_deploy/workhop_rl/install/ros2_unitree_legged_msgs/lib/libros2_unitree_legged_msgs__rosidl_typesupport_introspection_cpp.so" to ""\n'}
[15.481173] (ros2_unitree_legged_msgs) StdoutLine: {'line': b'-- Installing: /home/ruben/go2_deploy/workhop_rl/install/ros2_unitree_legged_msgs/lib/libros2_unitree_legged_msgs__rosidl_typesupport_cpp.so\n'}
[15.481365] (ros2_unitree_legged_msgs) StdoutLine: {'line': b'-- Set runtime path of "/home/ruben/go2_deploy/workhop_rl/install/ros2_unitree_legged_msgs/lib/libros2_unitree_legged_msgs__rosidl_typesupport_cpp.so" to ""\n'}
[15.481446] (ros2_unitree_legged_msgs) StdoutLine: {'line': b'-- Installing: /home/ruben/go2_deploy/workhop_rl/install/ros2_unitree_legged_msgs/share/ros2_unitree_legged_msgs/environment/pythonpath.sh\n'}
[15.481514] (ros2_unitree_legged_msgs) StdoutLine: {'line': b'-- Installing: /home/ruben/go2_deploy/workhop_rl/install/ros2_unitree_legged_msgs/share/ros2_unitree_legged_msgs/environment/pythonpath.dsv\n'}
[15.481603] (ros2_unitree_legged_msgs) StdoutLine: {'line': b'-- Installing: /home/ruben/go2_deploy/workhop_rl/install/ros2_unitree_legged_msgs/local/lib/python3.10/dist-packages/ros2_unitree_legged_msgs-0.4.0-py3.10.egg-info\n'}
[15.481723] (ros2_unitree_legged_msgs) StdoutLine: {'line': b'-- Installing: /home/ruben/go2_deploy/workhop_rl/install/ros2_unitree_legged_msgs/local/lib/python3.10/dist-packages/ros2_unitree_legged_msgs-0.4.0-py3.10.egg-info/SOURCES.txt\n'}
[15.481799] (ros2_unitree_legged_msgs) StdoutLine: {'line': b'-- Installing: /home/ruben/go2_deploy/workhop_rl/install/ros2_unitree_legged_msgs/local/lib/python3.10/dist-packages/ros2_unitree_legged_msgs-0.4.0-py3.10.egg-info/PKG-INFO\n'}
[15.481876] (ros2_unitree_legged_msgs) StdoutLine: {'line': b'-- Installing: /home/ruben/go2_deploy/workhop_rl/install/ros2_unitree_legged_msgs/local/lib/python3.10/dist-packages/ros2_unitree_legged_msgs-0.4.0-py3.10.egg-info/top_level.txt\n'}
[15.481942] (ros2_unitree_legged_msgs) StdoutLine: {'line': b'-- Installing: /home/ruben/go2_deploy/workhop_rl/install/ros2_unitree_legged_msgs/local/lib/python3.10/dist-packages/ros2_unitree_legged_msgs-0.4.0-py3.10.egg-info/dependency_links.txt\n'}
[15.482041] (ros2_unitree_legged_msgs) StdoutLine: {'line': b'-- Installing: /home/ruben/go2_deploy/workhop_rl/install/ros2_unitree_legged_msgs/local/lib/python3.10/dist-packages/ros2_unitree_legged_msgs\n'}
[15.482182] (ros2_unitree_legged_msgs) StdoutLine: {'line': b'-- Installing: /home/ruben/go2_deploy/workhop_rl/install/ros2_unitree_legged_msgs/local/lib/python3.10/dist-packages/ros2_unitree_legged_msgs/_ros2_unitree_legged_msgs_s.ep.rosidl_typesupport_fastrtps_c.c\n'}
[15.482275] (ros2_unitree_legged_msgs) StdoutLine: {'line': b'-- Installing: /home/ruben/go2_deploy/workhop_rl/install/ros2_unitree_legged_msgs/local/lib/python3.10/dist-packages/ros2_unitree_legged_msgs/__init__.py\n'}
[15.482346] (ros2_unitree_legged_msgs) StdoutLine: {'line': b'-- Installing: /home/ruben/go2_deploy/workhop_rl/install/ros2_unitree_legged_msgs/local/lib/python3.10/dist-packages/ros2_unitree_legged_msgs/_ros2_unitree_legged_msgs_s.ep.rosidl_typesupport_introspection_c.c\n'}
[15.482408] (ros2_unitree_legged_msgs) StdoutLine: {'line': b'-- Installing: /home/ruben/go2_deploy/workhop_rl/install/ros2_unitree_legged_msgs/local/lib/python3.10/dist-packages/ros2_unitree_legged_msgs/ros2_unitree_legged_msgs_s__rosidl_typesupport_c.cpython-310-x86_64-linux-gnu.so\n'}
[15.482505] (ros2_unitree_legged_msgs) StdoutLine: {'line': b'-- Installing: /home/ruben/go2_deploy/workhop_rl/install/ros2_unitree_legged_msgs/local/lib/python3.10/dist-packages/ros2_unitree_legged_msgs/ros2_unitree_legged_msgs_s__rosidl_typesupport_introspection_c.cpython-310-x86_64-linux-gnu.so\n'}
[15.482600] (ros2_unitree_legged_msgs) StdoutLine: {'line': b'-- Installing: /home/ruben/go2_deploy/workhop_rl/install/ros2_unitree_legged_msgs/local/lib/python3.10/dist-packages/ros2_unitree_legged_msgs/ros2_unitree_legged_msgs_s__rosidl_typesupport_fastrtps_c.cpython-310-x86_64-linux-gnu.so\n'}
[15.482697] (ros2_unitree_legged_msgs) StdoutLine: {'line': b'-- Installing: /home/ruben/go2_deploy/workhop_rl/install/ros2_unitree_legged_msgs/local/lib/python3.10/dist-packages/ros2_unitree_legged_msgs/_ros2_unitree_legged_msgs_s.ep.rosidl_typesupport_c.c\n'}
[15.482794] (ros2_unitree_legged_msgs) StdoutLine: {'line': b'-- Installing: /home/ruben/go2_deploy/workhop_rl/install/ros2_unitree_legged_msgs/local/lib/python3.10/dist-packages/ros2_unitree_legged_msgs/msg\n'}
[15.482852] (ros2_unitree_legged_msgs) StdoutLine: {'line': b'-- Installing: /home/ruben/go2_deploy/workhop_rl/install/ros2_unitree_legged_msgs/local/lib/python3.10/dist-packages/ros2_unitree_legged_msgs/msg/_low_cmd.py\n'}
[15.482933] (ros2_unitree_legged_msgs) StdoutLine: {'line': b'-- Installing: /home/ruben/go2_deploy/workhop_rl/install/ros2_unitree_legged_msgs/local/lib/python3.10/dist-packages/ros2_unitree_legged_msgs/msg/_low_state.py\n'}
[15.483015] (ros2_unitree_legged_msgs) StdoutLine: {'line': b'-- Installing: /home/ruben/go2_deploy/workhop_rl/install/ros2_unitree_legged_msgs/local/lib/python3.10/dist-packages/ros2_unitree_legged_msgs/msg/_high_state.py\n'}
[15.483120] (ros2_unitree_legged_msgs) StdoutLine: {'line': b'-- Installing: /home/ruben/go2_deploy/workhop_rl/install/ros2_unitree_legged_msgs/local/lib/python3.10/dist-packages/ros2_unitree_legged_msgs/msg/_motor_state_s.c\n'}
[15.483196] (ros2_unitree_legged_msgs) StdoutLine: {'line': b'-- Installing: /home/ruben/go2_deploy/workhop_rl/install/ros2_unitree_legged_msgs/local/lib/python3.10/dist-packages/ros2_unitree_legged_msgs/msg/_motor_state.py\n'}
[15.483271] (ros2_unitree_legged_msgs) StdoutLine: {'line': b'-- Installing: /home/ruben/go2_deploy/workhop_rl/install/ros2_unitree_legged_msgs/local/lib/python3.10/dist-packages/ros2_unitree_legged_msgs/msg/_led_s.c\n'}
[15.483341] (ros2_unitree_legged_msgs) StdoutLine: {'line': b'-- Installing: /home/ruben/go2_deploy/workhop_rl/install/ros2_unitree_legged_msgs/local/lib/python3.10/dist-packages/ros2_unitree_legged_msgs/msg/_imu.py\n'}
[15.483417] (ros2_unitree_legged_msgs) StdoutLine: {'line': b'-- Installing: /home/ruben/go2_deploy/workhop_rl/install/ros2_unitree_legged_msgs/local/lib/python3.10/dist-packages/ros2_unitree_legged_msgs/msg/__init__.py\n'}
[15.483484] (ros2_unitree_legged_msgs) StdoutLine: {'line': b'-- Installing: /home/ruben/go2_deploy/workhop_rl/install/ros2_unitree_legged_msgs/local/lib/python3.10/dist-packages/ros2_unitree_legged_msgs/msg/_motor_cmd_s.c\n'}
[15.483553] (ros2_unitree_legged_msgs) StdoutLine: {'line': b'-- Installing: /home/ruben/go2_deploy/workhop_rl/install/ros2_unitree_legged_msgs/local/lib/python3.10/dist-packages/ros2_unitree_legged_msgs/msg/_cartesian_s.c\n'}
[15.483621] (ros2_unitree_legged_msgs) StdoutLine: {'line': b'-- Installing: /home/ruben/go2_deploy/workhop_rl/install/ros2_unitree_legged_msgs/local/lib/python3.10/dist-packages/ros2_unitree_legged_msgs/msg/_high_cmd_s.c\n'}
[15.483700] (ros2_unitree_legged_msgs) StdoutLine: {'line': b'-- Installing: /home/ruben/go2_deploy/workhop_rl/install/ros2_unitree_legged_msgs/local/lib/python3.10/dist-packages/ros2_unitree_legged_msgs/msg/_high_cmd.py\n'}
[15.483787] (ros2_unitree_legged_msgs) StdoutLine: {'line': b'-- Installing: /home/ruben/go2_deploy/workhop_rl/install/ros2_unitree_legged_msgs/local/lib/python3.10/dist-packages/ros2_unitree_legged_msgs/msg/_low_state_s.c\n'}
[15.483861] (ros2_unitree_legged_msgs) StdoutLine: {'line': b'-- Installing: /home/ruben/go2_deploy/workhop_rl/install/ros2_unitree_legged_msgs/local/lib/python3.10/dist-packages/ros2_unitree_legged_msgs/msg/_high_state_s.c\n'}
[15.483947] (ros2_unitree_legged_msgs) StdoutLine: {'line': b'-- Installing: /home/ruben/go2_deploy/workhop_rl/install/ros2_unitree_legged_msgs/local/lib/python3.10/dist-packages/ros2_unitree_legged_msgs/msg/_led.py\n'}
[15.484016] (ros2_unitree_legged_msgs) StdoutLine: {'line': b'-- Installing: /home/ruben/go2_deploy/workhop_rl/install/ros2_unitree_legged_msgs/local/lib/python3.10/dist-packages/ros2_unitree_legged_msgs/msg/_imu_s.c\n'}
[15.484093] (ros2_unitree_legged_msgs) StdoutLine: {'line': b'-- Installing: /home/ruben/go2_deploy/workhop_rl/install/ros2_unitree_legged_msgs/local/lib/python3.10/dist-packages/ros2_unitree_legged_msgs/msg/_motor_cmd.py\n'}
[15.484170] (ros2_unitree_legged_msgs) StdoutLine: {'line': b'-- Installing: /home/ruben/go2_deploy/workhop_rl/install/ros2_unitree_legged_msgs/local/lib/python3.10/dist-packages/ros2_unitree_legged_msgs/msg/_bms_cmd_s.c\n'}
[15.484238] (ros2_unitree_legged_msgs) StdoutLine: {'line': b'-- Installing: /home/ruben/go2_deploy/workhop_rl/install/ros2_unitree_legged_msgs/local/lib/python3.10/dist-packages/ros2_unitree_legged_msgs/msg/_low_cmd_s.c\n'}
[15.484311] (ros2_unitree_legged_msgs) StdoutLine: {'line': b'-- Installing: /home/ruben/go2_deploy/workhop_rl/install/ros2_unitree_legged_msgs/local/lib/python3.10/dist-packages/ros2_unitree_legged_msgs/msg/_bms_cmd.py\n'}
[15.484383] (ros2_unitree_legged_msgs) StdoutLine: {'line': b'-- Installing: /home/ruben/go2_deploy/workhop_rl/install/ros2_unitree_legged_msgs/local/lib/python3.10/dist-packages/ros2_unitree_legged_msgs/msg/_bms_state.py\n'}
[15.484459] (ros2_unitree_legged_msgs) StdoutLine: {'line': b'-- Installing: /home/ruben/go2_deploy/workhop_rl/install/ros2_unitree_legged_msgs/local/lib/python3.10/dist-packages/ros2_unitree_legged_msgs/msg/_cartesian.py\n'}
[15.484531] (ros2_unitree_legged_msgs) StdoutLine: {'line': b'-- Installing: /home/ruben/go2_deploy/workhop_rl/install/ros2_unitree_legged_msgs/local/lib/python3.10/dist-packages/ros2_unitree_legged_msgs/msg/_bms_state_s.c\n'}
[15.484605] (ros2_unitree_legged_msgs) StdoutLine: {'line': b'-- Installing: /home/ruben/go2_deploy/workhop_rl/install/ros2_unitree_legged_msgs/local/lib/python3.10/dist-packages/ros2_unitree_legged_msgs/libros2_unitree_legged_msgs__rosidl_generator_py.so\n'}
[15.532629] (ros2_unitree_legged_msgs) StdoutLine: {'line': b"Listing '/home/ruben/go2_deploy/workhop_rl/install/ros2_unitree_legged_msgs/local/lib/python3.10/dist-packages/ros2_unitree_legged_msgs'...\n"}
[15.532817] (ros2_unitree_legged_msgs) StdoutLine: {'line': b"Compiling '/home/ruben/go2_deploy/workhop_rl/install/ros2_unitree_legged_msgs/local/lib/python3.10/dist-packages/ros2_unitree_legged_msgs/__init__.py'...\n"}
[15.532867] (ros2_unitree_legged_msgs) StdoutLine: {'line': b"Listing '/home/ruben/go2_deploy/workhop_rl/install/ros2_unitree_legged_msgs/local/lib/python3.10/dist-packages/ros2_unitree_legged_msgs/msg'...\n"}
[15.532909] (ros2_unitree_legged_msgs) StdoutLine: {'line': b"Compiling '/home/ruben/go2_deploy/workhop_rl/install/ros2_unitree_legged_msgs/local/lib/python3.10/dist-packages/ros2_unitree_legged_msgs/msg/__init__.py'...\n"}
[15.532949] (ros2_unitree_legged_msgs) StdoutLine: {'line': b"Compiling '/home/ruben/go2_deploy/workhop_rl/install/ros2_unitree_legged_msgs/local/lib/python3.10/dist-packages/ros2_unitree_legged_msgs/msg/_bms_cmd.py'...\n"}
[15.532993] (ros2_unitree_legged_msgs) StdoutLine: {'line': b"Compiling '/home/ruben/go2_deploy/workhop_rl/install/ros2_unitree_legged_msgs/local/lib/python3.10/dist-packages/ros2_unitree_legged_msgs/msg/_bms_state.py'...\n"}
[15.533040] (ros2_unitree_legged_msgs) StdoutLine: {'line': b"Compiling '/home/ruben/go2_deploy/workhop_rl/install/ros2_unitree_legged_msgs/local/lib/python3.10/dist-packages/ros2_unitree_legged_msgs/msg/_cartesian.py'...\n"}
[15.533084] (ros2_unitree_legged_msgs) StdoutLine: {'line': b"Compiling '/home/ruben/go2_deploy/workhop_rl/install/ros2_unitree_legged_msgs/local/lib/python3.10/dist-packages/ros2_unitree_legged_msgs/msg/_high_cmd.py'...\n"}
[15.533123] (ros2_unitree_legged_msgs) StdoutLine: {'line': b"Compiling '/home/ruben/go2_deploy/workhop_rl/install/ros2_unitree_legged_msgs/local/lib/python3.10/dist-packages/ros2_unitree_legged_msgs/msg/_high_state.py'...\n"}
[15.533161] (ros2_unitree_legged_msgs) StdoutLine: {'line': b"Compiling '/home/ruben/go2_deploy/workhop_rl/install/ros2_unitree_legged_msgs/local/lib/python3.10/dist-packages/ros2_unitree_legged_msgs/msg/_imu.py'...\n"}
[15.533199] (ros2_unitree_legged_msgs) StdoutLine: {'line': b"Compiling '/home/ruben/go2_deploy/workhop_rl/install/ros2_unitree_legged_msgs/local/lib/python3.10/dist-packages/ros2_unitree_legged_msgs/msg/_led.py'...\n"}
[15.533237] (ros2_unitree_legged_msgs) StdoutLine: {'line': b"Compiling '/home/ruben/go2_deploy/workhop_rl/install/ros2_unitree_legged_msgs/local/lib/python3.10/dist-packages/ros2_unitree_legged_msgs/msg/_low_cmd.py'...\n"}
[15.533274] (ros2_unitree_legged_msgs) StdoutLine: {'line': b"Compiling '/home/ruben/go2_deploy/workhop_rl/install/ros2_unitree_legged_msgs/local/lib/python3.10/dist-packages/ros2_unitree_legged_msgs/msg/_low_state.py'...\n"}
[15.533311] (ros2_unitree_legged_msgs) StdoutLine: {'line': b"Compiling '/home/ruben/go2_deploy/workhop_rl/install/ros2_unitree_legged_msgs/local/lib/python3.10/dist-packages/ros2_unitree_legged_msgs/msg/_motor_cmd.py'...\n"}
[15.533356] (ros2_unitree_legged_msgs) StdoutLine: {'line': b"Compiling '/home/ruben/go2_deploy/workhop_rl/install/ros2_unitree_legged_msgs/local/lib/python3.10/dist-packages/ros2_unitree_legged_msgs/msg/_motor_state.py'...\n"}
[15.537856] (ros2_unitree_legged_msgs) StdoutLine: {'line': b'-- Installing: /home/ruben/go2_deploy/workhop_rl/install/ros2_unitree_legged_msgs/local/lib/python3.10/dist-packages/ros2_unitree_legged_msgs/ros2_unitree_legged_msgs_s__rosidl_typesupport_fastrtps_c.cpython-310-x86_64-linux-gnu.so\n'}
[15.538243] (ros2_unitree_legged_msgs) StdoutLine: {'line': b'-- Set runtime path of "/home/ruben/go2_deploy/workhop_rl/install/ros2_unitree_legged_msgs/local/lib/python3.10/dist-packages/ros2_unitree_legged_msgs/ros2_unitree_legged_msgs_s__rosidl_typesupport_fastrtps_c.cpython-310-x86_64-linux-gnu.so" to ""\n'}
[15.538338] (ros2_unitree_legged_msgs) StdoutLine: {'line': b'-- Installing: /home/ruben/go2_deploy/workhop_rl/install/ros2_unitree_legged_msgs/local/lib/python3.10/dist-packages/ros2_unitree_legged_msgs/ros2_unitree_legged_msgs_s__rosidl_typesupport_introspection_c.cpython-310-x86_64-linux-gnu.so\n'}
[15.538399] (ros2_unitree_legged_msgs) StdoutLine: {'line': b'-- Set runtime path of "/home/ruben/go2_deploy/workhop_rl/install/ros2_unitree_legged_msgs/local/lib/python3.10/dist-packages/ros2_unitree_legged_msgs/ros2_unitree_legged_msgs_s__rosidl_typesupport_introspection_c.cpython-310-x86_64-linux-gnu.so" to ""\n'}
[15.538591] (ros2_unitree_legged_msgs) StdoutLine: {'line': b'-- Installing: /home/ruben/go2_deploy/workhop_rl/install/ros2_unitree_legged_msgs/local/lib/python3.10/dist-packages/ros2_unitree_legged_msgs/ros2_unitree_legged_msgs_s__rosidl_typesupport_c.cpython-310-x86_64-linux-gnu.so\n'}
[15.538683] (ros2_unitree_legged_msgs) StdoutLine: {'line': b'-- Set runtime path of "/home/ruben/go2_deploy/workhop_rl/install/ros2_unitree_legged_msgs/local/lib/python3.10/dist-packages/ros2_unitree_legged_msgs/ros2_unitree_legged_msgs_s__rosidl_typesupport_c.cpython-310-x86_64-linux-gnu.so" to ""\n'}
[15.538821] (ros2_unitree_legged_msgs) StdoutLine: {'line': b'-- Installing: /home/ruben/go2_deploy/workhop_rl/install/ros2_unitree_legged_msgs/lib/libros2_unitree_legged_msgs__rosidl_generator_py.so\n'}
[15.539062] (ros2_unitree_legged_msgs) StdoutLine: {'line': b'-- Set runtime path of "/home/ruben/go2_deploy/workhop_rl/install/ros2_unitree_legged_msgs/lib/libros2_unitree_legged_msgs__rosidl_generator_py.so" to ""\n'}
[15.539150] (ros2_unitree_legged_msgs) StdoutLine: {'line': b'-- Installing: /home/ruben/go2_deploy/workhop_rl/install/ros2_unitree_legged_msgs/share/ros2_unitree_legged_msgs/msg/MotorCmd.idl\n'}
[15.539258] (ros2_unitree_legged_msgs) StdoutLine: {'line': b'-- Installing: /home/ruben/go2_deploy/workhop_rl/install/ros2_unitree_legged_msgs/share/ros2_unitree_legged_msgs/msg/MotorState.idl\n'}
[15.539354] (ros2_unitree_legged_msgs) StdoutLine: {'line': b'-- Installing: /home/ruben/go2_deploy/workhop_rl/install/ros2_unitree_legged_msgs/share/ros2_unitree_legged_msgs/msg/BmsCmd.idl\n'}
[15.539452] (ros2_unitree_legged_msgs) StdoutLine: {'line': b'-- Installing: /home/ruben/go2_deploy/workhop_rl/install/ros2_unitree_legged_msgs/share/ros2_unitree_legged_msgs/msg/BmsState.idl\n'}
[15.539547] (ros2_unitree_legged_msgs) StdoutLine: {'line': b'-- Installing: /home/ruben/go2_deploy/workhop_rl/install/ros2_unitree_legged_msgs/share/ros2_unitree_legged_msgs/msg/Cartesian.idl\n'}
[15.539647] (ros2_unitree_legged_msgs) StdoutLine: {'line': b'-- Installing: /home/ruben/go2_deploy/workhop_rl/install/ros2_unitree_legged_msgs/share/ros2_unitree_legged_msgs/msg/IMU.idl\n'}
[15.539738] (ros2_unitree_legged_msgs) StdoutLine: {'line': b'-- Installing: /home/ruben/go2_deploy/workhop_rl/install/ros2_unitree_legged_msgs/share/ros2_unitree_legged_msgs/msg/LED.idl\n'}
[15.539835] (ros2_unitree_legged_msgs) StdoutLine: {'line': b'-- Installing: /home/ruben/go2_deploy/workhop_rl/install/ros2_unitree_legged_msgs/share/ros2_unitree_legged_msgs/msg/LowCmd.idl\n'}
[15.539932] (ros2_unitree_legged_msgs) StdoutLine: {'line': b'-- Installing: /home/ruben/go2_deploy/workhop_rl/install/ros2_unitree_legged_msgs/share/ros2_unitree_legged_msgs/msg/LowState.idl\n'}
[15.540038] (ros2_unitree_legged_msgs) StdoutLine: {'line': b'-- Installing: /home/ruben/go2_deploy/workhop_rl/install/ros2_unitree_legged_msgs/share/ros2_unitree_legged_msgs/msg/HighCmd.idl\n'}
[15.540139] (ros2_unitree_legged_msgs) StdoutLine: {'line': b'-- Installing: /home/ruben/go2_deploy/workhop_rl/install/ros2_unitree_legged_msgs/share/ros2_unitree_legged_msgs/msg/HighState.idl\n'}
[15.540240] (ros2_unitree_legged_msgs) StdoutLine: {'line': b'-- Installing: /home/ruben/go2_deploy/workhop_rl/install/ros2_unitree_legged_msgs/share/ros2_unitree_legged_msgs/msg/MotorCmd.msg\n'}
[15.540337] (ros2_unitree_legged_msgs) StdoutLine: {'line': b'-- Installing: /home/ruben/go2_deploy/workhop_rl/install/ros2_unitree_legged_msgs/share/ros2_unitree_legged_msgs/msg/MotorState.msg\n'}
[15.540437] (ros2_unitree_legged_msgs) StdoutLine: {'line': b'-- Installing: /home/ruben/go2_deploy/workhop_rl/install/ros2_unitree_legged_msgs/share/ros2_unitree_legged_msgs/msg/BmsCmd.msg\n'}
[15.540527] (ros2_unitree_legged_msgs) StdoutLine: {'line': b'-- Installing: /home/ruben/go2_deploy/workhop_rl/install/ros2_unitree_legged_msgs/share/ros2_unitree_legged_msgs/msg/BmsState.msg\n'}
[15.540621] (ros2_unitree_legged_msgs) StdoutLine: {'line': b'-- Installing: /home/ruben/go2_deploy/workhop_rl/install/ros2_unitree_legged_msgs/share/ros2_unitree_legged_msgs/msg/Cartesian.msg\n'}
[15.540717] (ros2_unitree_legged_msgs) StdoutLine: {'line': b'-- Installing: /home/ruben/go2_deploy/workhop_rl/install/ros2_unitree_legged_msgs/share/ros2_unitree_legged_msgs/msg/IMU.msg\n'}
[15.540816] (ros2_unitree_legged_msgs) StdoutLine: {'line': b'-- Installing: /home/ruben/go2_deploy/workhop_rl/install/ros2_unitree_legged_msgs/share/ros2_unitree_legged_msgs/msg/LED.msg\n'}
[15.540906] (ros2_unitree_legged_msgs) StdoutLine: {'line': b'-- Installing: /home/ruben/go2_deploy/workhop_rl/install/ros2_unitree_legged_msgs/share/ros2_unitree_legged_msgs/msg/LowCmd.msg\n'}
[15.541007] (ros2_unitree_legged_msgs) StdoutLine: {'line': b'-- Installing: /home/ruben/go2_deploy/workhop_rl/install/ros2_unitree_legged_msgs/share/ros2_unitree_legged_msgs/msg/LowState.msg\n'}
[15.541110] (ros2_unitree_legged_msgs) StdoutLine: {'line': b'-- Installing: /home/ruben/go2_deploy/workhop_rl/install/ros2_unitree_legged_msgs/share/ros2_unitree_legged_msgs/msg/HighCmd.msg\n'}
[15.541207] (ros2_unitree_legged_msgs) StdoutLine: {'line': b'-- Installing: /home/ruben/go2_deploy/workhop_rl/install/ros2_unitree_legged_msgs/share/ros2_unitree_legged_msgs/msg/HighState.msg\n'}
[15.541344] (ros2_unitree_legged_msgs) StdoutLine: {'line': b'-- Installing: /home/ruben/go2_deploy/workhop_rl/install/ros2_unitree_legged_msgs/share/ament_index/resource_index/package_run_dependencies/ros2_unitree_legged_msgs\n'}
[15.541477] (ros2_unitree_legged_msgs) StdoutLine: {'line': b'-- Installing: /home/ruben/go2_deploy/workhop_rl/install/ros2_unitree_legged_msgs/share/ament_index/resource_index/parent_prefix_path/ros2_unitree_legged_msgs\n'}
[15.541582] (ros2_unitree_legged_msgs) StdoutLine: {'line': b'-- Installing: /home/ruben/go2_deploy/workhop_rl/install/ros2_unitree_legged_msgs/share/ros2_unitree_legged_msgs/environment/ament_prefix_path.sh\n'}
[15.541685] (ros2_unitree_legged_msgs) StdoutLine: {'line': b'-- Installing: /home/ruben/go2_deploy/workhop_rl/install/ros2_unitree_legged_msgs/share/ros2_unitree_legged_msgs/environment/ament_prefix_path.dsv\n'}
[15.541777] (ros2_unitree_legged_msgs) StdoutLine: {'line': b'-- Installing: /home/ruben/go2_deploy/workhop_rl/install/ros2_unitree_legged_msgs/share/ros2_unitree_legged_msgs/environment/path.sh\n'}
[15.541875] (ros2_unitree_legged_msgs) StdoutLine: {'line': b'-- Installing: /home/ruben/go2_deploy/workhop_rl/install/ros2_unitree_legged_msgs/share/ros2_unitree_legged_msgs/environment/path.dsv\n'}
[15.541974] (ros2_unitree_legged_msgs) StdoutLine: {'line': b'-- Installing: /home/ruben/go2_deploy/workhop_rl/install/ros2_unitree_legged_msgs/share/ros2_unitree_legged_msgs/local_setup.bash\n'}
[15.542082] (ros2_unitree_legged_msgs) StdoutLine: {'line': b'-- Installing: /home/ruben/go2_deploy/workhop_rl/install/ros2_unitree_legged_msgs/share/ros2_unitree_legged_msgs/local_setup.sh\n'}
[15.542180] (ros2_unitree_legged_msgs) StdoutLine: {'line': b'-- Installing: /home/ruben/go2_deploy/workhop_rl/install/ros2_unitree_legged_msgs/share/ros2_unitree_legged_msgs/local_setup.zsh\n'}
[15.542277] (ros2_unitree_legged_msgs) StdoutLine: {'line': b'-- Installing: /home/ruben/go2_deploy/workhop_rl/install/ros2_unitree_legged_msgs/share/ros2_unitree_legged_msgs/local_setup.dsv\n'}
[15.542373] (ros2_unitree_legged_msgs) StdoutLine: {'line': b'-- Installing: /home/ruben/go2_deploy/workhop_rl/install/ros2_unitree_legged_msgs/share/ros2_unitree_legged_msgs/package.dsv\n'}
[15.542501] (ros2_unitree_legged_msgs) StdoutLine: {'line': b'-- Installing: /home/ruben/go2_deploy/workhop_rl/install/ros2_unitree_legged_msgs/share/ament_index/resource_index/packages/ros2_unitree_legged_msgs\n'}
[15.542630] (ros2_unitree_legged_msgs) StdoutLine: {'line': b'-- Installing: /home/ruben/go2_deploy/workhop_rl/install/ros2_unitree_legged_msgs/share/ros2_unitree_legged_msgs/cmake/export_ros2_unitree_legged_msgs__rosidl_generator_cExport.cmake\n'}
[15.542742] (ros2_unitree_legged_msgs) StdoutLine: {'line': b'-- Installing: /home/ruben/go2_deploy/workhop_rl/install/ros2_unitree_legged_msgs/share/ros2_unitree_legged_msgs/cmake/export_ros2_unitree_legged_msgs__rosidl_generator_cExport-noconfig.cmake\n'}
[15.542856] (ros2_unitree_legged_msgs) StdoutLine: {'line': b'-- Installing: /home/ruben/go2_deploy/workhop_rl/install/ros2_unitree_legged_msgs/share/ros2_unitree_legged_msgs/cmake/export_ros2_unitree_legged_msgs__rosidl_typesupport_fastrtps_cExport.cmake\n'}
[15.542969] (ros2_unitree_legged_msgs) StdoutLine: {'line': b'-- Installing: /home/ruben/go2_deploy/workhop_rl/install/ros2_unitree_legged_msgs/share/ros2_unitree_legged_msgs/cmake/export_ros2_unitree_legged_msgs__rosidl_typesupport_fastrtps_cExport-noconfig.cmake\n'}
[15.543080] (ros2_unitree_legged_msgs) StdoutLine: {'line': b'-- Installing: /home/ruben/go2_deploy/workhop_rl/install/ros2_unitree_legged_msgs/share/ros2_unitree_legged_msgs/cmake/ros2_unitree_legged_msgs__rosidl_typesupport_introspection_cExport.cmake\n'}
[15.543187] (ros2_unitree_legged_msgs) StdoutLine: {'line': b'-- Installing: /home/ruben/go2_deploy/workhop_rl/install/ros2_unitree_legged_msgs/share/ros2_unitree_legged_msgs/cmake/ros2_unitree_legged_msgs__rosidl_typesupport_introspection_cExport-noconfig.cmake\n'}
[15.543300] (ros2_unitree_legged_msgs) StdoutLine: {'line': b'-- Installing: /home/ruben/go2_deploy/workhop_rl/install/ros2_unitree_legged_msgs/share/ros2_unitree_legged_msgs/cmake/ros2_unitree_legged_msgs__rosidl_typesupport_cExport.cmake\n'}
[15.543405] (ros2_unitree_legged_msgs) StdoutLine: {'line': b'-- Installing: /home/ruben/go2_deploy/workhop_rl/install/ros2_unitree_legged_msgs/share/ros2_unitree_legged_msgs/cmake/ros2_unitree_legged_msgs__rosidl_typesupport_cExport-noconfig.cmake\n'}
[15.543510] (ros2_unitree_legged_msgs) StdoutLine: {'line': b'-- Installing: /home/ruben/go2_deploy/workhop_rl/install/ros2_unitree_legged_msgs/share/ros2_unitree_legged_msgs/cmake/export_ros2_unitree_legged_msgs__rosidl_generator_cppExport.cmake\n'}
[15.543625] (ros2_unitree_legged_msgs) StdoutLine: {'line': b'-- Installing: /home/ruben/go2_deploy/workhop_rl/install/ros2_unitree_legged_msgs/share/ros2_unitree_legged_msgs/cmake/export_ros2_unitree_legged_msgs__rosidl_typesupport_fastrtps_cppExport.cmake\n'}
[15.543731] (ros2_unitree_legged_msgs) StdoutLine: {'line': b'-- Installing: /home/ruben/go2_deploy/workhop_rl/install/ros2_unitree_legged_msgs/share/ros2_unitree_legged_msgs/cmake/export_ros2_unitree_legged_msgs__rosidl_typesupport_fastrtps_cppExport-noconfig.cmake\n'}
[15.543841] (ros2_unitree_legged_msgs) StdoutLine: {'line': b'-- Installing: /home/ruben/go2_deploy/workhop_rl/install/ros2_unitree_legged_msgs/share/ros2_unitree_legged_msgs/cmake/ros2_unitree_legged_msgs__rosidl_typesupport_introspection_cppExport.cmake\n'}
[15.543941] (ros2_unitree_legged_msgs) StdoutLine: {'line': b'-- Installing: /home/ruben/go2_deploy/workhop_rl/install/ros2_unitree_legged_msgs/share/ros2_unitree_legged_msgs/cmake/ros2_unitree_legged_msgs__rosidl_typesupport_introspection_cppExport-noconfig.cmake\n'}
[15.544060] (ros2_unitree_legged_msgs) StdoutLine: {'line': b'-- Installing: /home/ruben/go2_deploy/workhop_rl/install/ros2_unitree_legged_msgs/share/ros2_unitree_legged_msgs/cmake/ros2_unitree_legged_msgs__rosidl_typesupport_cppExport.cmake\n'}
[15.544173] (ros2_unitree_legged_msgs) StdoutLine: {'line': b'-- Installing: /home/ruben/go2_deploy/workhop_rl/install/ros2_unitree_legged_msgs/share/ros2_unitree_legged_msgs/cmake/ros2_unitree_legged_msgs__rosidl_typesupport_cppExport-noconfig.cmake\n'}
[15.544286] (ros2_unitree_legged_msgs) StdoutLine: {'line': b'-- Installing: /home/ruben/go2_deploy/workhop_rl/install/ros2_unitree_legged_msgs/share/ros2_unitree_legged_msgs/cmake/export_ros2_unitree_legged_msgs__rosidl_generator_pyExport.cmake\n'}
[15.544389] (ros2_unitree_legged_msgs) StdoutLine: {'line': b'-- Installing: /home/ruben/go2_deploy/workhop_rl/install/ros2_unitree_legged_msgs/share/ros2_unitree_legged_msgs/cmake/export_ros2_unitree_legged_msgs__rosidl_generator_pyExport-noconfig.cmake\n'}
[15.544494] (ros2_unitree_legged_msgs) StdoutLine: {'line': b'-- Installing: /home/ruben/go2_deploy/workhop_rl/install/ros2_unitree_legged_msgs/share/ros2_unitree_legged_msgs/cmake/rosidl_cmake-extras.cmake\n'}
[15.544601] (ros2_unitree_legged_msgs) StdoutLine: {'line': b'-- Installing: /home/ruben/go2_deploy/workhop_rl/install/ros2_unitree_legged_msgs/share/ros2_unitree_legged_msgs/cmake/ament_cmake_export_include_directories-extras.cmake\n'}
[15.544706] (ros2_unitree_legged_msgs) StdoutLine: {'line': b'-- Installing: /home/ruben/go2_deploy/workhop_rl/install/ros2_unitree_legged_msgs/share/ros2_unitree_legged_msgs/cmake/ament_cmake_export_libraries-extras.cmake\n'}
[15.544798] (ros2_unitree_legged_msgs) StdoutLine: {'line': b'-- Installing: /home/ruben/go2_deploy/workhop_rl/install/ros2_unitree_legged_msgs/share/ros2_unitree_legged_msgs/cmake/ament_cmake_export_targets-extras.cmake\n'}
[15.544902] (ros2_unitree_legged_msgs) StdoutLine: {'line': b'-- Installing: /home/ruben/go2_deploy/workhop_rl/install/ros2_unitree_legged_msgs/share/ros2_unitree_legged_msgs/cmake/rosidl_cmake_export_typesupport_targets-extras.cmake\n'}
[15.545005] (ros2_unitree_legged_msgs) StdoutLine: {'line': b'-- Installing: /home/ruben/go2_deploy/workhop_rl/install/ros2_unitree_legged_msgs/share/ros2_unitree_legged_msgs/cmake/ament_cmake_export_dependencies-extras.cmake\n'}
[15.545120] (ros2_unitree_legged_msgs) StdoutLine: {'line': b'-- Installing: /home/ruben/go2_deploy/workhop_rl/install/ros2_unitree_legged_msgs/share/ros2_unitree_legged_msgs/cmake/rosidl_cmake_export_typesupport_libraries-extras.cmake\n'}
[15.545210] (ros2_unitree_legged_msgs) StdoutLine: {'line': b'-- Installing: /home/ruben/go2_deploy/workhop_rl/install/ros2_unitree_legged_msgs/share/ros2_unitree_legged_msgs/cmake/ros2_unitree_legged_msgsConfig.cmake\n'}
[15.545283] (ros2_unitree_legged_msgs) StdoutLine: {'line': b'-- Installing: /home/ruben/go2_deploy/workhop_rl/install/ros2_unitree_legged_msgs/share/ros2_unitree_legged_msgs/cmake/ros2_unitree_legged_msgsConfig-version.cmake\n'}
[15.545383] (ros2_unitree_legged_msgs) StdoutLine: {'line': b'-- Installing: /home/ruben/go2_deploy/workhop_rl/install/ros2_unitree_legged_msgs/share/ros2_unitree_legged_msgs/package.xml\n'}
[15.547961] (ros2_unitree_legged_msgs) CommandEnded: {'returncode': 0}
[15.563469] (ros2_unitree_legged_msgs) JobEnded: {'identifier': 'ros2_unitree_legged_msgs', 'rc': 0}
[15.564461] (unitree_rl_controller) JobStarted: {'identifier': 'unitree_rl_controller'}
[15.570237] (unitree_rl_controller) JobProgress: {'identifier': 'unitree_rl_controller', 'progress': 'cmake'}
[15.570610] (unitree_rl_controller) Command: {'cmd': ['/usr/bin/cmake', '/home/ruben/go2_deploy/workhop_rl/src/unitree_rl_controller-ros2', '-DCMAKE_INSTALL_PREFIX=/home/ruben/go2_deploy/workhop_rl/install/unitree_rl_controller'], 'cwd': '/home/ruben/go2_deploy/workhop_rl/build/unitree_rl_controller', 'env': OrderedDict([('LESSOPEN', '| /usr/bin/lesspipe %s'), ('CONDA_PROMPT_MODIFIER', ''), ('USER', 'ruben'), ('LC_TIME', 'ru_RU.UTF-8'), ('XDG_SESSION_TYPE', 'x11'), ('SHLVL', '1'), ('LD_LIBRARY_PATH', '/home/ruben/go2_deploy/workhop_rl/install/ros2_unitree_legged_msgs/lib:/usr/lib/x86_64-linux-gnu/gazebo-11/plugins:/opt/ros/humble/opt/rviz_ogre_vendor/lib:/opt/ros/humble/lib/x86_64-linux-gnu:/opt/ros/humble/lib'), ('HOME', '/home/ruben'), ('CONDA_SHLVL', '0'), ('CYCLONEDDS_URI', '<CycloneDDS><Domain><General><Interfaces>\n                            <NetworkInterface name="lo" priority="default" multicast="default" />\n                        </Interfaces></General></Domain></CycloneDDS>'), ('OLDPWD', '/home/ruben/go2_deploy/workhop_rl/src'), ('DESKTOP_SESSION', 'ubuntu'), ('ROS_PYTHON_VERSION', '3'), ('GNOME_SHELL_SESSION_MODE', 'ubuntu'), ('GTK_MODULES', 'gail:atk-bridge'), ('LC_MONETARY', 'ru_RU.UTF-8'), ('SYSTEMD_EXEC_PID', '2945'), ('DBUS_SESSION_BUS_ADDRESS', 'unix:path=/run/user/1000/bus'), ('COLORTERM', 'truecolor'), ('_CE_M', ''), ('_CONDA_ROOT', '/home/ruben/miniconda3'), ('ROS_DISTRO', 'humble'), ('GTK_IM_MODULE', 'ibus'), ('LOGNAME', 'ruben'), ('_', '/usr/bin/colcon'), ('ROS_VERSION', '2'), ('XDG_SESSION_CLASS', 'user'), ('USERNAME', 'ruben'), ('TERM', 'xterm-256color'), ('GNOME_DESKTOP_SESSION_ID', 'this-is-deprecated'), ('_CE_CONDA', ''), ('ROS_LOCALHOST_ONLY', '0'), ('WINDOWPATH', '2'), ('PATH', '/opt/ros/humble/bin:/home/ruben/miniconda3/condabin:/usr/local/sbin:/usr/local/bin:/usr/sbin:/usr/bin:/sbin:/bin:/usr/games:/usr/local/games:/snap/bin:/snap/bin'), ('SESSION_MANAGER', 'local/ruben:@/tmp/.ICE-unix/2916,unix/ruben:/tmp/.ICE-unix/2916'), ('XDG_MENU_PREFIX', 'gnome-'), ('LC_ADDRESS', 'ru_RU.UTF-8'), ('GNOME_TERMINAL_SCREEN', '/org/gnome/Terminal/screen/a128e479_87a9_4f71_b049_48318ab91614'), ('XDG_RUNTIME_DIR', '/run/user/1000'), ('DISPLAY', ':1'), ('LANG', 'en_US.UTF-8'), ('XDG_CURRENT_DESKTOP', 'ubuntu:GNOME'), ('LC_TELEPHONE', 'ru_RU.UTF-8'), ('RMW_IMPLEMENTATION', 'rmw_cyclonedds_cpp'), ('XMODIFIERS', '@im=ibus'), ('XDG_SESSION_DESKTOP', 'ubuntu'), ('XAUTHORITY', '/run/user/1000/gdm/Xauthority'), ('LS_COLORS', 'rs=0:di=01;34:ln=01;36:mh=00:pi=40;33:so=01;35:do=01;35:bd=40;33;01:cd=40;33;01:or=40;31;01:mi=00:su=37;41:sg=30;43:ca=30;41:tw=30;42:ow=34;42:st=37;44:ex=01;32:*.tar=01;31:*.tgz=01;31:*.arc=01;31:*.arj=01;31:*.taz=01;31:*.lha=01;31:*.lz4=01;31:*.lzh=01;31:*.lzma=01;31:*.tlz=01;31:*.txz=01;31:*.tzo=01;31:*.t7z=01;31:*.zip=01;31:*.z=01;31:*.dz=01;31:*.gz=01;31:*.lrz=01;31:*.lz=01;31:*.lzo=01;31:*.xz=01;31:*.zst=01;31:*.tzst=01;31:*.bz2=01;31:*.bz=01;31:*.tbz=01;31:*.tbz2=01;31:*.tz=01;31:*.deb=01;31:*.rpm=01;31:*.jar=01;31:*.war=01;31:*.ear=01;31:*.sar=01;31:*.rar=01;31:*.alz=01;31:*.ace=01;31:*.zoo=01;31:*.cpio=01;31:*.7z=01;31:*.rz=01;31:*.cab=01;31:*.wim=01;31:*.swm=01;31:*.dwm=01;31:*.esd=01;31:*.jpg=01;35:*.jpeg=01;35:*.mjpg=01;35:*.mjpeg=01;35:*.gif=01;35:*.bmp=01;35:*.pbm=01;35:*.pgm=01;35:*.ppm=01;35:*.tga=01;35:*.xbm=01;35:*.xpm=01;35:*.tif=01;35:*.tiff=01;35:*.png=01;35:*.svg=01;35:*.svgz=01;35:*.mng=01;35:*.pcx=01;35:*.mov=01;35:*.mpg=01;35:*.mpeg=01;35:*.m2v=01;35:*.mkv=01;35:*.webm=01;35:*.webp=01;35:*.ogm=01;35:*.mp4=01;35:*.m4v=01;35:*.mp4v=01;35:*.vob=01;35:*.qt=01;35:*.nuv=01;35:*.wmv=01;35:*.asf=01;35:*.rm=01;35:*.rmvb=01;35:*.flc=01;35:*.avi=01;35:*.fli=01;35:*.flv=01;35:*.gl=01;35:*.dl=01;35:*.xcf=01;35:*.xwd=01;35:*.yuv=01;35:*.cgm=01;35:*.emf=01;35:*.ogv=01;35:*.ogx=01;35:*.aac=00;36:*.au=00;36:*.flac=00;36:*.m4a=00;36:*.mid=00;36:*.midi=00;36:*.mka=00;36:*.mp3=00;36:*.mpc=00;36:*.ogg=00;36:*.ra=00;36:*.wav=00;36:*.oga=00;36:*.opus=00;36:*.spx=00;36:*.xspf=00;36:'), ('GNOME_TERMINAL_SERVICE', ':1.92'), ('SSH_AGENT_LAUNCHER', 'gnome-keyring'), ('SSH_AUTH_SOCK', '/run/user/1000/keyring/ssh'), ('ROS_DOMAIN_ID', '1'), ('AMENT_PREFIX_PATH', '/home/ruben/go2_deploy/workhop_rl/install/ros2_unitree_legged_msgs:/opt/ros/humble'), ('CONDA_PYTHON_EXE', '/home/ruben/miniconda3/bin/python'), ('SHELL', '/bin/bash'), ('LC_NAME', 'ru_RU.UTF-8'), ('QT_ACCESSIBILITY', '1'), ('GDMSESSION', 'ubuntu'), ('Torch_DIR', '/path/to/your/libtorch'), ('LESSCLOSE', '/usr/bin/lesspipe %s %s'), ('CONDA_DEFAULT_ENV', ''), ('LC_MEASUREMENT', 'ru_RU.UTF-8'), ('GPG_AGENT_INFO', '/run/user/1000/gnupg/S.gpg-agent:0:1'), ('_CONDA_EXE', '/home/ruben/miniconda3/bin/conda'), ('LC_IDENTIFICATION', 'ru_RU.UTF-8'), ('QT_IM_MODULE', 'ibus'), ('PWD', '/home/ruben/go2_deploy/workhop_rl/build/unitree_rl_controller'), ('XDG_CONFIG_DIRS', '/etc/xdg/xdg-ubuntu:/etc/xdg'), ('CONDA_EXE', '/home/ruben/miniconda3/bin/conda'), ('XDG_DATA_DIRS', '/usr/share/ubuntu:/usr/share/gnome:/usr/local/share/:/usr/share/:/var/lib/snapd/desktop'), ('PYTHONPATH', '/home/ruben/go2_deploy/workhop_rl/install/ros2_unitree_legged_msgs/local/lib/python3.10/dist-packages:/opt/ros/humble/lib/python3.10/site-packages:/opt/ros/humble/local/lib/python3.10/dist-packages'), ('LC_NUMERIC', 'ru_RU.UTF-8'), ('CONDA_PREFIX', ''), ('LC_PAPER', 'ru_RU.UTF-8'), ('COLCON', '1'), ('VTE_VERSION', '6800'), ('CMAKE_PREFIX_PATH', '/home/ruben/go2_deploy/workhop_rl/install/ros2_unitree_legged_msgs:/opt/ros/humble')]), 'shell': False}
[15.578716] (-) TimerEvent: {}
[15.670483] (unitree_rl_controller) StdoutLine: {'line': b'-- The C compiler identification is GNU 11.4.0\n'}
[15.678800] (-) TimerEvent: {}
[15.772384] (unitree_rl_controller) StdoutLine: {'line': b'-- The CXX compiler identification is GNU 11.4.0\n'}
[15.778808] (unitree_rl_controller) StdoutLine: {'line': b'-- Detecting C compiler ABI info\n'}
[15.778928] (-) TimerEvent: {}
[15.879202] (-) TimerEvent: {}
[15.916095] (unitree_rl_controller) StdoutLine: {'line': b'-- Detecting C compiler ABI info - done\n'}
[15.925945] (unitree_rl_controller) StdoutLine: {'line': b'-- Check for working C compiler: /usr/bin/cc - skipped\n'}
[15.926275] (unitree_rl_controller) StdoutLine: {'line': b'-- Detecting C compile features\n'}
[15.926370] (unitree_rl_controller) StdoutLine: {'line': b'-- Detecting C compile features - done\n'}
[15.929063] (unitree_rl_controller) StdoutLine: {'line': b'-- Detecting CXX compiler ABI info\n'}
[15.979302] (-) TimerEvent: {}
[16.019399] (unitree_rl_controller) StdoutLine: {'line': b'-- Detecting CXX compiler ABI info - done\n'}
[16.024538] (unitree_rl_controller) StdoutLine: {'line': b'-- Check for working CXX compiler: /usr/bin/c++ - skipped\n'}
[16.024750] (unitree_rl_controller) StdoutLine: {'line': b'-- Detecting CXX compile features\n'}
[16.024972] (unitree_rl_controller) StdoutLine: {'line': b'-- Detecting CXX compile features - done\n'}
[16.026128] (unitree_rl_controller) StdoutLine: {'line': b'-- Found ament_cmake: 1.3.12 (/opt/ros/humble/share/ament_cmake/cmake)\n'}
[16.079476] (-) TimerEvent: {}
[16.172842] (unitree_rl_controller) StdoutLine: {'line': b'-- Found Python3: /usr/bin/python3 (found version "3.10.12") found components: Interpreter \n'}
[16.179635] (-) TimerEvent: {}
[16.279921] (-) TimerEvent: {}
[16.294600] (unitree_go) StdoutLine: {'line': b'[ 88%] Built target unitree_go__py\n'}
[16.312305] (unitree_go) StdoutLine: {'line': b'[ 88%] \x1b[32mBuilding C object CMakeFiles/unitree_go__rosidl_generator_py.dir/rosidl_generator_py/unitree_go/msg/_bms_state_s.c.o\x1b[0m\n'}
[16.312495] (unitree_go) StdoutLine: {'line': b'[ 88%] \x1b[32mBuilding C object CMakeFiles/unitree_go__rosidl_generator_py.dir/rosidl_generator_py/unitree_go/msg/_imu_state_s.c.o\x1b[0m\n'}
[16.312551] (unitree_go) StdoutLine: {'line': b'[ 89%] \x1b[32mBuilding C object CMakeFiles/unitree_go__rosidl_generator_py.dir/rosidl_generator_py/unitree_go/msg/_audio_data_s.c.o\x1b[0m\n'}
[16.312943] (unitree_go) StdoutLine: {'line': b'[ 90%] \x1b[32mBuilding C object CMakeFiles/unitree_go__rosidl_generator_py.dir/rosidl_generator_py/unitree_go/msg/_height_map_s.c.o\x1b[0m\n'}
[16.313077] (unitree_go) StdoutLine: {'line': b'[ 91%] \x1b[32mBuilding C object CMakeFiles/unitree_go__rosidl_generator_py.dir/rosidl_generator_py/unitree_go/msg/_interface_config_s.c.o\x1b[0m\n'}
[16.314119] (unitree_go) StdoutLine: {'line': b'[ 92%] \x1b[32mBuilding C object CMakeFiles/unitree_go__rosidl_generator_py.dir/rosidl_generator_py/unitree_go/msg/_error_s.c.o\x1b[0m\n'}
[16.314267] (unitree_go) StdoutLine: {'line': b'[ 89%] \x1b[32mBuilding C object CMakeFiles/unitree_go__rosidl_generator_py.dir/rosidl_generator_py/unitree_go/msg/_bms_cmd_s.c.o\x1b[0m\n'}
[16.314560] (unitree_go) StdoutLine: {'line': b'[ 92%] \x1b[32mBuilding C object CMakeFiles/unitree_go__rosidl_generator_py.dir/rosidl_generator_py/unitree_go/msg/_lidar_state_s.c.o\x1b[0m\n'}
[16.314667] (unitree_go) StdoutLine: {'line': b'[ 92%] \x1b[32mBuilding C object CMakeFiles/unitree_go__rosidl_generator_py.dir/rosidl_generator_py/unitree_go/msg/_motor_state_s.c.o\x1b[0m\n'}
[16.314725] (unitree_go) StdoutLine: {'line': b'[ 93%] \x1b[32mBuilding C object CMakeFiles/unitree_go__rosidl_generator_py.dir/rosidl_generator_py/unitree_go/msg/_low_cmd_s.c.o\x1b[0m\n'}
[16.314996] (unitree_go) StdoutLine: {'line': b'[ 93%] \x1b[32mBuilding C object CMakeFiles/unitree_go__rosidl_generator_py.dir/rosidl_generator_py/unitree_go/msg/_low_state_s.c.o\x1b[0m\n'}
[16.315848] (unitree_go) StdoutLine: {'line': b'[ 93%] \x1b[32mBuilding C object CMakeFiles/unitree_go__rosidl_generator_py.dir/rosidl_generator_py/unitree_go/msg/_res_s.c.o\x1b[0m\n'}
[16.316147] (unitree_go) StdoutLine: {'line': b'[ 94%] \x1b[32mBuilding C object CMakeFiles/unitree_go__rosidl_generator_py.dir/rosidl_generator_py/unitree_go/msg/_req_s.c.o\x1b[0m\n'}
[16.316804] (unitree_go) StdoutLine: {'line': b'[ 95%] \x1b[32mBuilding C object CMakeFiles/unitree_go__rosidl_generator_py.dir/rosidl_generator_py/unitree_go/msg/_motor_cmds_s.c.o\x1b[0m\n'}
[16.321138] (unitree_go) StdoutLine: {'line': b'[ 97%] \x1b[32mBuilding C object CMakeFiles/unitree_go__rosidl_generator_py.dir/rosidl_generator_py/unitree_go/msg/_motor_states_s.c.o\x1b[0m\n'}
[16.322332] (unitree_go) StdoutLine: {'line': b'[ 97%] \x1b[32mBuilding C object CMakeFiles/unitree_go__rosidl_generator_py.dir/rosidl_generator_py/unitree_go/msg/_sport_mode_cmd_s.c.o\x1b[0m\n'}
[16.322527] (unitree_go) StdoutLine: {'line': b'[ 97%] \x1b[32mBuilding C object CMakeFiles/unitree_go__rosidl_generator_py.dir/rosidl_generator_py/unitree_go/msg/_sport_mode_state_s.c.o\x1b[0m\n'}
[16.322588] (unitree_go) StdoutLine: {'line': b'[ 97%] \x1b[32mBuilding C object CMakeFiles/unitree_go__rosidl_generator_py.dir/rosidl_generator_py/unitree_go/msg/_go2_front_video_data_s.c.o\x1b[0m\n'}
[16.326583] (unitree_go) StdoutLine: {'line': b'[ 97%] \x1b[32mBuilding C object CMakeFiles/unitree_go__rosidl_generator_py.dir/rosidl_generator_py/unitree_go/msg/_uwb_state_s.c.o\x1b[0m\n'}
[16.326968] (unitree_go) StdoutLine: {'line': b'[ 98%] \x1b[32mBuilding C object CMakeFiles/unitree_go__rosidl_generator_py.dir/rosidl_generator_py/unitree_go/msg/_time_spec_s.c.o\x1b[0m\n'}
[16.327492] (unitree_go) StdoutLine: {'line': b'[ 98%] \x1b[32mBuilding C object CMakeFiles/unitree_go__rosidl_generator_py.dir/rosidl_generator_py/unitree_go/msg/_motor_cmd_s.c.o\x1b[0m\n'}
[16.340832] (unitree_go) StdoutLine: {'line': b'[ 98%] \x1b[32mBuilding C object CMakeFiles/unitree_go__rosidl_generator_py.dir/rosidl_generator_py/unitree_go/msg/_path_point_s.c.o\x1b[0m\n'}
[16.350353] (unitree_rl_controller) StdoutLine: {'line': b'-- Found rclcpp: 16.0.16 (/opt/ros/humble/share/rclcpp/cmake)\n'}
[16.380059] (-) TimerEvent: {}
[16.421938] (unitree_go) StdoutLine: {'line': b'[ 98%] \x1b[32mBuilding C object CMakeFiles/unitree_go__rosidl_generator_py.dir/rosidl_generator_py/unitree_go/msg/_wireless_controller_s.c.o\x1b[0m\n'}
[16.423488] (unitree_go) StdoutLine: {'line': b'[ 99%] \x1b[32mBuilding C object CMakeFiles/unitree_go__rosidl_generator_py.dir/rosidl_generator_py/unitree_go/msg/_uwb_switch_s.c.o\x1b[0m\n'}
[16.441608] (unitree_rl_controller) StdoutLine: {'line': b'-- Found rosidl_generator_c: 3.1.7 (/opt/ros/humble/share/rosidl_generator_c/cmake)\n'}
[16.444241] (unitree_rl_controller) StdoutLine: {'line': b'-- Found rosidl_adapter: 3.1.7 (/opt/ros/humble/share/rosidl_adapter/cmake)\n'}
[16.448985] (unitree_rl_controller) StdoutLine: {'line': b'-- Found rosidl_generator_cpp: 3.1.7 (/opt/ros/humble/share/rosidl_generator_cpp/cmake)\n'}
[16.455835] (unitree_rl_controller) StdoutLine: {'line': b'-- Using all available rosidl_typesupport_c: rosidl_typesupport_fastrtps_c;rosidl_typesupport_introspection_c\n'}
[16.465293] (unitree_rl_controller) StdoutLine: {'line': b'-- Using all available rosidl_typesupport_cpp: rosidl_typesupport_fastrtps_cpp;rosidl_typesupport_introspection_cpp\n'}
[16.480158] (-) TimerEvent: {}
[16.575144] (unitree_rl_controller) StdoutLine: {'line': b'-- Found rmw_implementation_cmake: 6.1.2 (/opt/ros/humble/share/rmw_implementation_cmake/cmake)\n'}
[16.580225] (-) TimerEvent: {}
[16.583303] (unitree_rl_controller) StdoutLine: {'line': b'-- Found rmw_cyclonedds_cpp: 1.3.4 (/opt/ros/humble/share/rmw_cyclonedds_cpp/cmake)\n'}
[16.610080] (unitree_rl_controller) StdoutLine: {'line': b"-- Using RMW implementation 'rmw_cyclonedds_cpp' as default\n"}
[16.618158] (unitree_go) StdoutLine: {'line': b'[100%] \x1b[32m\x1b[1mLinking C shared library rosidl_generator_py/unitree_go/libunitree_go__rosidl_generator_py.so\x1b[0m\n'}
[16.680328] (-) TimerEvent: {}
[16.700121] (unitree_go) StdoutLine: {'line': b'[100%] Built target unitree_go__rosidl_generator_py\n'}
[16.710879] (unitree_rl_controller) StdoutLine: {'line': b'-- Looking for pthread.h\n'}
[16.718766] (unitree_go) StdoutLine: {'line': b'[100%] \x1b[32mBuilding C object CMakeFiles/unitree_go__rosidl_typesupport_c__pyext.dir/rosidl_generator_py/unitree_go/_unitree_go_s.ep.rosidl_typesupport_c.c.o\x1b[0m\n'}
[16.719670] (unitree_go) StdoutLine: {'line': b'[100%] \x1b[32mBuilding C object CMakeFiles/unitree_go__rosidl_typesupport_introspection_c__pyext.dir/rosidl_generator_py/unitree_go/_unitree_go_s.ep.rosidl_typesupport_introspection_c.c.o\x1b[0m\n'}
[16.719864] (unitree_go) StdoutLine: {'line': b'[100%] \x1b[32mBuilding C object CMakeFiles/unitree_go__rosidl_typesupport_fastrtps_c__pyext.dir/rosidl_generator_py/unitree_go/_unitree_go_s.ep.rosidl_typesupport_fastrtps_c.c.o\x1b[0m\n'}
[16.780447] (-) TimerEvent: {}
[16.789270] (unitree_rl_controller) StdoutLine: {'line': b'-- Looking for pthread.h - found\n'}
[16.789493] (unitree_rl_controller) StdoutLine: {'line': b'-- Performing Test CMAKE_HAVE_LIBC_PTHREAD\n'}
[16.839870] (unitree_go) StdoutLine: {'line': b'[100%] \x1b[32m\x1b[1mLinking C shared library rosidl_generator_py/unitree_go/unitree_go_s__rosidl_typesupport_c.cpython-310-x86_64-linux-gnu.so\x1b[0m\n'}
[16.868227] (unitree_go) StdoutLine: {'line': b'[100%] \x1b[32m\x1b[1mLinking C shared library rosidl_generator_py/unitree_go/unitree_go_s__rosidl_typesupport_introspection_c.cpython-310-x86_64-linux-gnu.so\x1b[0m\n'}
[16.868435] (unitree_go) StdoutLine: {'line': b'[100%] \x1b[32m\x1b[1mLinking C shared library rosidl_generator_py/unitree_go/unitree_go_s__rosidl_typesupport_fastrtps_c.cpython-310-x86_64-linux-gnu.so\x1b[0m\n'}
[16.877088] (unitree_go) StdoutLine: {'line': b'[100%] Built target unitree_go__rosidl_typesupport_c__pyext\n'}
[16.880547] (-) TimerEvent: {}
[16.881869] (unitree_rl_controller) StdoutLine: {'line': b'-- Performing Test CMAKE_HAVE_LIBC_PTHREAD - Success\n'}
[16.882728] (unitree_rl_controller) StdoutLine: {'line': b'-- Found Threads: TRUE  \n'}
[16.905176] (unitree_go) StdoutLine: {'line': b'[100%] Built target unitree_go__rosidl_typesupport_introspection_c__pyext\n'}
[16.927770] (unitree_go) StdoutLine: {'line': b'[100%] Built target unitree_go__rosidl_typesupport_fastrtps_c__pyext\n'}
[16.937907] (unitree_go) CommandEnded: {'returncode': 0}
[16.938633] (unitree_go) JobProgress: {'identifier': 'unitree_go', 'progress': 'install'}
[16.938823] (unitree_go) Command: {'cmd': ['/usr/bin/cmake', '--install', '/home/ruben/go2_deploy/workhop_rl/build/unitree_go'], 'cwd': '/home/ruben/go2_deploy/workhop_rl/build/unitree_go', 'env': OrderedDict([('LESSOPEN', '| /usr/bin/lesspipe %s'), ('CONDA_PROMPT_MODIFIER', ''), ('USER', 'ruben'), ('LC_TIME', 'ru_RU.UTF-8'), ('XDG_SESSION_TYPE', 'x11'), ('SHLVL', '1'), ('LD_LIBRARY_PATH', '/usr/lib/x86_64-linux-gnu/gazebo-11/plugins:/opt/ros/humble/opt/rviz_ogre_vendor/lib:/opt/ros/humble/lib/x86_64-linux-gnu:/opt/ros/humble/lib'), ('HOME', '/home/ruben'), ('CONDA_SHLVL', '0'), ('CYCLONEDDS_URI', '<CycloneDDS><Domain><General><Interfaces>\n                            <NetworkInterface name="lo" priority="default" multicast="default" />\n                        </Interfaces></General></Domain></CycloneDDS>'), ('OLDPWD', '/home/ruben/go2_deploy/workhop_rl/src'), ('DESKTOP_SESSION', 'ubuntu'), ('ROS_PYTHON_VERSION', '3'), ('GNOME_SHELL_SESSION_MODE', 'ubuntu'), ('GTK_MODULES', 'gail:atk-bridge'), ('LC_MONETARY', 'ru_RU.UTF-8'), ('SYSTEMD_EXEC_PID', '2945'), ('DBUS_SESSION_BUS_ADDRESS', 'unix:path=/run/user/1000/bus'), ('COLORTERM', 'truecolor'), ('_CE_M', ''), ('_CONDA_ROOT', '/home/ruben/miniconda3'), ('ROS_DISTRO', 'humble'), ('GTK_IM_MODULE', 'ibus'), ('LOGNAME', 'ruben'), ('_', '/usr/bin/colcon'), ('ROS_VERSION', '2'), ('XDG_SESSION_CLASS', 'user'), ('USERNAME', 'ruben'), ('TERM', 'xterm-256color'), ('GNOME_DESKTOP_SESSION_ID', 'this-is-deprecated'), ('_CE_CONDA', ''), ('ROS_LOCALHOST_ONLY', '0'), ('WINDOWPATH', '2'), ('PATH', '/opt/ros/humble/bin:/home/ruben/miniconda3/condabin:/usr/local/sbin:/usr/local/bin:/usr/sbin:/usr/bin:/sbin:/bin:/usr/games:/usr/local/games:/snap/bin:/snap/bin'), ('SESSION_MANAGER', 'local/ruben:@/tmp/.ICE-unix/2916,unix/ruben:/tmp/.ICE-unix/2916'), ('XDG_MENU_PREFIX', 'gnome-'), ('LC_ADDRESS', 'ru_RU.UTF-8'), ('GNOME_TERMINAL_SCREEN', '/org/gnome/Terminal/screen/a128e479_87a9_4f71_b049_48318ab91614'), ('XDG_RUNTIME_DIR', '/run/user/1000'), ('DISPLAY', ':1'), ('LANG', 'en_US.UTF-8'), ('XDG_CURRENT_DESKTOP', 'ubuntu:GNOME'), ('LC_TELEPHONE', 'ru_RU.UTF-8'), ('RMW_IMPLEMENTATION', 'rmw_cyclonedds_cpp'), ('XMODIFIERS', '@im=ibus'), ('XDG_SESSION_DESKTOP', 'ubuntu'), ('XAUTHORITY', '/run/user/1000/gdm/Xauthority'), ('LS_COLORS', 'rs=0:di=01;34:ln=01;36:mh=00:pi=40;33:so=01;35:do=01;35:bd=40;33;01:cd=40;33;01:or=40;31;01:mi=00:su=37;41:sg=30;43:ca=30;41:tw=30;42:ow=34;42:st=37;44:ex=01;32:*.tar=01;31:*.tgz=01;31:*.arc=01;31:*.arj=01;31:*.taz=01;31:*.lha=01;31:*.lz4=01;31:*.lzh=01;31:*.lzma=01;31:*.tlz=01;31:*.txz=01;31:*.tzo=01;31:*.t7z=01;31:*.zip=01;31:*.z=01;31:*.dz=01;31:*.gz=01;31:*.lrz=01;31:*.lz=01;31:*.lzo=01;31:*.xz=01;31:*.zst=01;31:*.tzst=01;31:*.bz2=01;31:*.bz=01;31:*.tbz=01;31:*.tbz2=01;31:*.tz=01;31:*.deb=01;31:*.rpm=01;31:*.jar=01;31:*.war=01;31:*.ear=01;31:*.sar=01;31:*.rar=01;31:*.alz=01;31:*.ace=01;31:*.zoo=01;31:*.cpio=01;31:*.7z=01;31:*.rz=01;31:*.cab=01;31:*.wim=01;31:*.swm=01;31:*.dwm=01;31:*.esd=01;31:*.jpg=01;35:*.jpeg=01;35:*.mjpg=01;35:*.mjpeg=01;35:*.gif=01;35:*.bmp=01;35:*.pbm=01;35:*.pgm=01;35:*.ppm=01;35:*.tga=01;35:*.xbm=01;35:*.xpm=01;35:*.tif=01;35:*.tiff=01;35:*.png=01;35:*.svg=01;35:*.svgz=01;35:*.mng=01;35:*.pcx=01;35:*.mov=01;35:*.mpg=01;35:*.mpeg=01;35:*.m2v=01;35:*.mkv=01;35:*.webm=01;35:*.webp=01;35:*.ogm=01;35:*.mp4=01;35:*.m4v=01;35:*.mp4v=01;35:*.vob=01;35:*.qt=01;35:*.nuv=01;35:*.wmv=01;35:*.asf=01;35:*.rm=01;35:*.rmvb=01;35:*.flc=01;35:*.avi=01;35:*.fli=01;35:*.flv=01;35:*.gl=01;35:*.dl=01;35:*.xcf=01;35:*.xwd=01;35:*.yuv=01;35:*.cgm=01;35:*.emf=01;35:*.ogv=01;35:*.ogx=01;35:*.aac=00;36:*.au=00;36:*.flac=00;36:*.m4a=00;36:*.mid=00;36:*.midi=00;36:*.mka=00;36:*.mp3=00;36:*.mpc=00;36:*.ogg=00;36:*.ra=00;36:*.wav=00;36:*.oga=00;36:*.opus=00;36:*.spx=00;36:*.xspf=00;36:'), ('GNOME_TERMINAL_SERVICE', ':1.92'), ('SSH_AGENT_LAUNCHER', 'gnome-keyring'), ('SSH_AUTH_SOCK', '/run/user/1000/keyring/ssh'), ('ROS_DOMAIN_ID', '1'), ('AMENT_PREFIX_PATH', '/opt/ros/humble'), ('CONDA_PYTHON_EXE', '/home/ruben/miniconda3/bin/python'), ('SHELL', '/bin/bash'), ('LC_NAME', 'ru_RU.UTF-8'), ('QT_ACCESSIBILITY', '1'), ('GDMSESSION', 'ubuntu'), ('Torch_DIR', '/path/to/your/libtorch'), ('LESSCLOSE', '/usr/bin/lesspipe %s %s'), ('CONDA_DEFAULT_ENV', ''), ('LC_MEASUREMENT', 'ru_RU.UTF-8'), ('GPG_AGENT_INFO', '/run/user/1000/gnupg/S.gpg-agent:0:1'), ('_CONDA_EXE', '/home/ruben/miniconda3/bin/conda'), ('LC_IDENTIFICATION', 'ru_RU.UTF-8'), ('QT_IM_MODULE', 'ibus'), ('PWD', '/home/ruben/go2_deploy/workhop_rl/build/unitree_go'), ('XDG_CONFIG_DIRS', '/etc/xdg/xdg-ubuntu:/etc/xdg'), ('CONDA_EXE', '/home/ruben/miniconda3/bin/conda'), ('XDG_DATA_DIRS', '/usr/share/ubuntu:/usr/share/gnome:/usr/local/share/:/usr/share/:/var/lib/snapd/desktop'), ('PYTHONPATH', '/opt/ros/humble/lib/python3.10/site-packages:/opt/ros/humble/local/lib/python3.10/dist-packages'), ('LC_NUMERIC', 'ru_RU.UTF-8'), ('CONDA_PREFIX', ''), ('LC_PAPER', 'ru_RU.UTF-8'), ('COLCON', '1'), ('VTE_VERSION', '6800'), ('CMAKE_PREFIX_PATH', '/opt/ros/humble')]), 'shell': False}
[16.944215] (unitree_go) StdoutLine: {'line': b'-- Install configuration: ""\n'}
[16.944370] (unitree_go) StdoutLine: {'line': b'-- Installing: /home/ruben/go2_deploy/workhop_rl/install/unitree_go/share/ament_index/resource_index/rosidl_interfaces/unitree_go\n'}
[16.944444] (unitree_go) StdoutLine: {'line': b'-- Installing: /home/ruben/go2_deploy/workhop_rl/install/unitree_go/include/unitree_go/unitree_go\n'}
[16.944511] (unitree_go) StdoutLine: {'line': b'-- Installing: /home/ruben/go2_deploy/workhop_rl/install/unitree_go/include/unitree_go/unitree_go/msg\n'}
[16.944578] (unitree_go) StdoutLine: {'line': b'-- Installing: /home/ruben/go2_deploy/workhop_rl/install/unitree_go/include/unitree_go/unitree_go/msg/go2_front_video_data.h\n'}
[16.944627] (unitree_go) StdoutLine: {'line': b'-- Installing: /home/ruben/go2_deploy/workhop_rl/install/unitree_go/include/unitree_go/unitree_go/msg/uwb_switch.h\n'}
[16.944689] (unitree_go) StdoutLine: {'line': b'-- Installing: /home/ruben/go2_deploy/workhop_rl/install/unitree_go/include/unitree_go/unitree_go/msg/low_cmd.h\n'}
[16.944767] (unitree_go) StdoutLine: {'line': b'-- Installing: /home/ruben/go2_deploy/workhop_rl/install/unitree_go/include/unitree_go/unitree_go/msg/interface_config.h\n'}
[16.944828] (unitree_go) StdoutLine: {'line': b'-- Installing: /home/ruben/go2_deploy/workhop_rl/install/unitree_go/include/unitree_go/unitree_go/msg/height_map.h\n'}
[16.944882] (unitree_go) StdoutLine: {'line': b'-- Installing: /home/ruben/go2_deploy/workhop_rl/install/unitree_go/include/unitree_go/unitree_go/msg/lidar_state.h\n'}
[16.944928] (unitree_go) StdoutLine: {'line': b'-- Installing: /home/ruben/go2_deploy/workhop_rl/install/unitree_go/include/unitree_go/unitree_go/msg/motor_states.h\n'}
[16.944973] (unitree_go) StdoutLine: {'line': b'-- Installing: /home/ruben/go2_deploy/workhop_rl/install/unitree_go/include/unitree_go/unitree_go/msg/wireless_controller.h\n'}
[16.945037] (unitree_go) StdoutLine: {'line': b'-- Installing: /home/ruben/go2_deploy/workhop_rl/install/unitree_go/include/unitree_go/unitree_go/msg/error.h\n'}
[16.945136] (unitree_go) StdoutLine: {'line': b'-- Installing: /home/ruben/go2_deploy/workhop_rl/install/unitree_go/include/unitree_go/unitree_go/msg/low_state.h\n'}
[16.945197] (unitree_go) StdoutLine: {'line': b'-- Installing: /home/ruben/go2_deploy/workhop_rl/install/unitree_go/include/unitree_go/unitree_go/msg/audio_data.h\n'}
[16.945244] (unitree_go) StdoutLine: {'line': b'-- Installing: /home/ruben/go2_deploy/workhop_rl/install/unitree_go/include/unitree_go/unitree_go/msg/detail\n'}
[16.945289] (unitree_go) StdoutLine: {'line': b'-- Installing: /home/ruben/go2_deploy/workhop_rl/install/unitree_go/include/unitree_go/unitree_go/msg/detail/interface_config__struct.h\n'}
[16.945335] (unitree_go) StdoutLine: {'line': b'-- Installing: /home/ruben/go2_deploy/workhop_rl/install/unitree_go/include/unitree_go/unitree_go/msg/detail/motor_cmds__type_support.h\n'}
[16.945380] (unitree_go) StdoutLine: {'line': b'-- Installing: /home/ruben/go2_deploy/workhop_rl/install/unitree_go/include/unitree_go/unitree_go/msg/detail/low_state__struct.h\n'}
[16.945426] (unitree_go) StdoutLine: {'line': b'-- Installing: /home/ruben/go2_deploy/workhop_rl/install/unitree_go/include/unitree_go/unitree_go/msg/detail/motor_cmd__type_support.h\n'}
[16.945471] (unitree_go) StdoutLine: {'line': b'-- Installing: /home/ruben/go2_deploy/workhop_rl/install/unitree_go/include/unitree_go/unitree_go/msg/detail/error__type_support.h\n'}
[16.945530] (unitree_go) StdoutLine: {'line': b'-- Installing: /home/ruben/go2_deploy/workhop_rl/install/unitree_go/include/unitree_go/unitree_go/msg/detail/lidar_state__struct.h\n'}
[16.945620] (unitree_go) StdoutLine: {'line': b'-- Installing: /home/ruben/go2_deploy/workhop_rl/install/unitree_go/include/unitree_go/unitree_go/msg/detail/low_cmd__functions.c\n'}
[16.945705] (unitree_go) StdoutLine: {'line': b'-- Installing: /home/ruben/go2_deploy/workhop_rl/install/unitree_go/include/unitree_go/unitree_go/msg/detail/time_spec__type_support.h\n'}
[16.945751] (unitree_go) StdoutLine: {'line': b'-- Installing: /home/ruben/go2_deploy/workhop_rl/install/unitree_go/include/unitree_go/unitree_go/msg/detail/uwb_switch__type_support.h\n'}
[16.945796] (unitree_go) StdoutLine: {'line': b'-- Installing: /home/ruben/go2_deploy/workhop_rl/install/unitree_go/include/unitree_go/unitree_go/msg/detail/low_cmd__struct.h\n'}
[16.945841] (unitree_go) StdoutLine: {'line': b'-- Installing: /home/ruben/go2_deploy/workhop_rl/install/unitree_go/include/unitree_go/unitree_go/msg/detail/motor_cmd__struct.h\n'}
[16.945911] (unitree_go) StdoutLine: {'line': b'-- Installing: /home/ruben/go2_deploy/workhop_rl/install/unitree_go/include/unitree_go/unitree_go/msg/detail/imu_state__struct.h\n'}
[16.945964] (unitree_go) StdoutLine: {'line': b'-- Installing: /home/ruben/go2_deploy/workhop_rl/install/unitree_go/include/unitree_go/unitree_go/msg/detail/req__struct.h\n'}
[16.946009] (unitree_go) StdoutLine: {'line': b'-- Installing: /home/ruben/go2_deploy/workhop_rl/install/unitree_go/include/unitree_go/unitree_go/msg/detail/audio_data__functions.h\n'}
[16.946062] (unitree_go) StdoutLine: {'line': b'-- Installing: /home/ruben/go2_deploy/workhop_rl/install/unitree_go/include/unitree_go/unitree_go/msg/detail/time_spec__functions.c\n'}
[16.946108] (unitree_go) StdoutLine: {'line': b'-- Installing: /home/ruben/go2_deploy/workhop_rl/install/unitree_go/include/unitree_go/unitree_go/msg/detail/bms_cmd__functions.h\n'}
[16.946199] (unitree_go) StdoutLine: {'line': b'-- Installing: /home/ruben/go2_deploy/workhop_rl/install/unitree_go/include/unitree_go/unitree_go/msg/detail/sport_mode_state__type_support.h\n'}
[16.946531] (unitree_go) StdoutLine: {'line': b'-- Installing: /home/ruben/go2_deploy/workhop_rl/install/unitree_go/include/unitree_go/unitree_go/msg/detail/motor_states__functions.c\n'}
[16.946673] (unitree_go) StdoutLine: {'line': b'-- Installing: /home/ruben/go2_deploy/workhop_rl/install/unitree_go/include/unitree_go/unitree_go/msg/detail/wireless_controller__struct.h\n'}
[16.946795] (unitree_go) StdoutLine: {'line': b'-- Installing: /home/ruben/go2_deploy/workhop_rl/install/unitree_go/include/unitree_go/unitree_go/msg/detail/sport_mode_state__functions.h\n'}
[16.946913] (unitree_go) StdoutLine: {'line': b'-- Installing: /home/ruben/go2_deploy/workhop_rl/install/unitree_go/include/unitree_go/unitree_go/msg/detail/motor_state__functions.h\n'}
[16.947067] (unitree_go) StdoutLine: {'line': b'-- Installing: /home/ruben/go2_deploy/workhop_rl/install/unitree_go/include/unitree_go/unitree_go/msg/detail/interface_config__type_support.h\n'}
[16.947279] (unitree_go) StdoutLine: {'line': b'-- Installing: /home/ruben/go2_deploy/workhop_rl/install/unitree_go/include/unitree_go/unitree_go/msg/detail/sport_mode_cmd__struct.h\n'}
[16.947382] (unitree_go) StdoutLine: {'line': b'-- Installing: /home/ruben/go2_deploy/workhop_rl/install/unitree_go/include/unitree_go/unitree_go/msg/detail/height_map__type_support.h\n'}
[16.947484] (unitree_go) StdoutLine: {'line': b'-- Installing: /home/ruben/go2_deploy/workhop_rl/install/unitree_go/include/unitree_go/unitree_go/msg/detail/go2_front_video_data__functions.h\n'}
[16.947585] (unitree_go) StdoutLine: {'line': b'-- Installing: /home/ruben/go2_deploy/workhop_rl/install/unitree_go/include/unitree_go/unitree_go/msg/detail/path_point__functions.c\n'}
[16.947696] (unitree_go) StdoutLine: {'line': b'-- Installing: /home/ruben/go2_deploy/workhop_rl/install/unitree_go/include/unitree_go/unitree_go/msg/detail/wireless_controller__functions.c\n'}
[16.947807] (unitree_go) StdoutLine: {'line': b'-- Installing: /home/ruben/go2_deploy/workhop_rl/install/unitree_go/include/unitree_go/unitree_go/msg/detail/sport_mode_cmd__functions.h\n'}
[16.947916] (unitree_go) StdoutLine: {'line': b'-- Installing: /home/ruben/go2_deploy/workhop_rl/install/unitree_go/include/unitree_go/unitree_go/msg/detail/uwb_switch__functions.c\n'}
[16.948022] (unitree_go) StdoutLine: {'line': b'-- Installing: /home/ruben/go2_deploy/workhop_rl/install/unitree_go/include/unitree_go/unitree_go/msg/detail/height_map__functions.c\n'}
[16.948241] (unitree_go) StdoutLine: {'line': b'-- Installing: /home/ruben/go2_deploy/workhop_rl/install/unitree_go/include/unitree_go/unitree_go/msg/detail/sport_mode_cmd__type_support.h\n'}
[16.948349] (unitree_go) StdoutLine: {'line': b'-- Installing: /home/ruben/go2_deploy/workhop_rl/install/unitree_go/include/unitree_go/unitree_go/msg/detail/height_map__struct.h\n'}
[16.948458] (unitree_go) StdoutLine: {'line': b'-- Installing: /home/ruben/go2_deploy/workhop_rl/install/unitree_go/include/unitree_go/unitree_go/msg/detail/lidar_state__functions.h\n'}
[16.948613] (unitree_go) StdoutLine: {'line': b'-- Installing: /home/ruben/go2_deploy/workhop_rl/install/unitree_go/include/unitree_go/unitree_go/msg/detail/req__functions.c\n'}
[16.948725] (unitree_go) StdoutLine: {'line': b'-- Installing: /home/ruben/go2_deploy/workhop_rl/install/unitree_go/include/unitree_go/unitree_go/msg/detail/low_state__functions.h\n'}
[16.948885] (unitree_go) StdoutLine: {'line': b'-- Installing: /home/ruben/go2_deploy/workhop_rl/install/unitree_go/include/unitree_go/unitree_go/msg/detail/motor_cmds__functions.c\n'}
[16.948999] (unitree_go) StdoutLine: {'line': b'-- Installing: /home/ruben/go2_deploy/workhop_rl/install/unitree_go/include/unitree_go/unitree_go/msg/detail/wireless_controller__functions.h\n'}
[16.949164] (unitree_go) StdoutLine: {'line': b'-- Installing: /home/ruben/go2_deploy/workhop_rl/install/unitree_go/include/unitree_go/unitree_go/msg/detail/path_point__type_support.h\n'}
[16.949319] (unitree_go) StdoutLine: {'line': b'-- Installing: /home/ruben/go2_deploy/workhop_rl/install/unitree_go/include/unitree_go/unitree_go/msg/detail/sport_mode_state__struct.h\n'}
[16.949418] (unitree_go) StdoutLine: {'line': b'-- Installing: /home/ruben/go2_deploy/workhop_rl/install/unitree_go/include/unitree_go/unitree_go/msg/detail/uwb_state__functions.h\n'}
[16.949520] (unitree_go) StdoutLine: {'line': b'-- Installing: /home/ruben/go2_deploy/workhop_rl/install/unitree_go/include/unitree_go/unitree_go/msg/detail/res__functions.h\n'}
[16.949616] (unitree_go) StdoutLine: {'line': b'-- Installing: /home/ruben/go2_deploy/workhop_rl/install/unitree_go/include/unitree_go/unitree_go/msg/detail/res__struct.h\n'}
[16.949717] (unitree_go) StdoutLine: {'line': b'-- Installing: /home/ruben/go2_deploy/workhop_rl/install/unitree_go/include/unitree_go/unitree_go/msg/detail/sport_mode_cmd__functions.c\n'}
[16.949820] (unitree_go) StdoutLine: {'line': b'-- Installing: /home/ruben/go2_deploy/workhop_rl/install/unitree_go/include/unitree_go/unitree_go/msg/detail/res__type_support.h\n'}
[16.949919] (unitree_go) StdoutLine: {'line': b'-- Installing: /home/ruben/go2_deploy/workhop_rl/install/unitree_go/include/unitree_go/unitree_go/msg/detail/interface_config__functions.c\n'}
[16.950040] (unitree_go) StdoutLine: {'line': b'-- Installing: /home/ruben/go2_deploy/workhop_rl/install/unitree_go/include/unitree_go/unitree_go/msg/detail/low_state__functions.c\n'}
[16.950201] (unitree_go) StdoutLine: {'line': b'-- Installing: /home/ruben/go2_deploy/workhop_rl/install/unitree_go/include/unitree_go/unitree_go/msg/detail/bms_cmd__functions.c\n'}
[16.950303] (unitree_go) StdoutLine: {'line': b'-- Installing: /home/ruben/go2_deploy/workhop_rl/install/unitree_go/include/unitree_go/unitree_go/msg/detail/go2_front_video_data__functions.c\n'}
[16.950400] (unitree_go) StdoutLine: {'line': b'-- Installing: /home/ruben/go2_deploy/workhop_rl/install/unitree_go/include/unitree_go/unitree_go/msg/detail/uwb_state__type_support.h\n'}
[16.950494] (unitree_go) StdoutLine: {'line': b'-- Installing: /home/ruben/go2_deploy/workhop_rl/install/unitree_go/include/unitree_go/unitree_go/msg/detail/low_cmd__functions.h\n'}
[16.950593] (unitree_go) StdoutLine: {'line': b'-- Installing: /home/ruben/go2_deploy/workhop_rl/install/unitree_go/include/unitree_go/unitree_go/msg/detail/path_point__struct.h\n'}
[16.950695] (unitree_go) StdoutLine: {'line': b'-- Installing: /home/ruben/go2_deploy/workhop_rl/install/unitree_go/include/unitree_go/unitree_go/msg/detail/imu_state__functions.h\n'}
[16.950797] (unitree_go) StdoutLine: {'line': b'-- Installing: /home/ruben/go2_deploy/workhop_rl/install/unitree_go/include/unitree_go/unitree_go/msg/detail/bms_state__type_support.h\n'}
[16.950895] (unitree_go) StdoutLine: {'line': b'-- Installing: /home/ruben/go2_deploy/workhop_rl/install/unitree_go/include/unitree_go/unitree_go/msg/detail/imu_state__type_support.h\n'}
[16.950991] (unitree_go) StdoutLine: {'line': b'-- Installing: /home/ruben/go2_deploy/workhop_rl/install/unitree_go/include/unitree_go/unitree_go/msg/detail/motor_cmd__functions.c\n'}
[16.951232] (unitree_go) StdoutLine: {'line': b'-- Installing: /home/ruben/go2_deploy/workhop_rl/install/unitree_go/include/unitree_go/unitree_go/msg/detail/low_cmd__type_support.h\n'}
[16.951383] (unitree_go) StdoutLine: {'line': b'-- Installing: /home/ruben/go2_deploy/workhop_rl/install/unitree_go/include/unitree_go/unitree_go/msg/detail/bms_cmd__struct.h\n'}
[16.951514] (unitree_go) StdoutLine: {'line': b'-- Installing: /home/ruben/go2_deploy/workhop_rl/install/unitree_go/include/unitree_go/unitree_go/msg/detail/motor_cmd__functions.h\n'}
[16.951651] (unitree_go) StdoutLine: {'line': b'-- Installing: /home/ruben/go2_deploy/workhop_rl/install/unitree_go/include/unitree_go/unitree_go/msg/detail/imu_state__functions.c\n'}
[16.951781] (unitree_go) StdoutLine: {'line': b'-- Installing: /home/ruben/go2_deploy/workhop_rl/install/unitree_go/include/unitree_go/unitree_go/msg/detail/error__functions.c\n'}
[16.951909] (unitree_go) StdoutLine: {'line': b'-- Installing: /home/ruben/go2_deploy/workhop_rl/install/unitree_go/include/unitree_go/unitree_go/msg/detail/lidar_state__functions.c\n'}
[16.952049] (unitree_go) StdoutLine: {'line': b'-- Installing: /home/ruben/go2_deploy/workhop_rl/install/unitree_go/include/unitree_go/unitree_go/msg/detail/uwb_switch__functions.h\n'}
[16.952189] (unitree_go) StdoutLine: {'line': b'-- Installing: /home/ruben/go2_deploy/workhop_rl/install/unitree_go/include/unitree_go/unitree_go/msg/detail/path_point__functions.h\n'}
[16.952297] (unitree_go) StdoutLine: {'line': b'-- Installing: /home/ruben/go2_deploy/workhop_rl/install/unitree_go/include/unitree_go/unitree_go/msg/detail/motor_state__functions.c\n'}
[16.952424] (unitree_go) StdoutLine: {'line': b'-- Installing: /home/ruben/go2_deploy/workhop_rl/install/unitree_go/include/unitree_go/unitree_go/msg/detail/wireless_controller__type_support.h\n'}
[16.952523] (unitree_go) StdoutLine: {'line': b'-- Installing: /home/ruben/go2_deploy/workhop_rl/install/unitree_go/include/unitree_go/unitree_go/msg/detail/error__struct.h\n'}
[16.952617] (unitree_go) StdoutLine: {'line': b'-- Installing: /home/ruben/go2_deploy/workhop_rl/install/unitree_go/include/unitree_go/unitree_go/msg/detail/bms_state__functions.h\n'}
[16.952715] (unitree_go) StdoutLine: {'line': b'-- Installing: /home/ruben/go2_deploy/workhop_rl/install/unitree_go/include/unitree_go/unitree_go/msg/detail/error__functions.h\n'}
[16.952820] (unitree_go) StdoutLine: {'line': b'-- Installing: /home/ruben/go2_deploy/workhop_rl/install/unitree_go/include/unitree_go/unitree_go/msg/detail/motor_state__struct.h\n'}
[16.952971] (unitree_go) StdoutLine: {'line': b'-- Installing: /home/ruben/go2_deploy/workhop_rl/install/unitree_go/include/unitree_go/unitree_go/msg/detail/uwb_switch__struct.h\n'}
[16.953125] (unitree_go) StdoutLine: {'line': b'-- Installing: /home/ruben/go2_deploy/workhop_rl/install/unitree_go/include/unitree_go/unitree_go/msg/detail/motor_cmds__functions.h\n'}
[16.953253] (unitree_go) StdoutLine: {'line': b'-- Installing: /home/ruben/go2_deploy/workhop_rl/install/unitree_go/include/unitree_go/unitree_go/msg/detail/height_map__functions.h\n'}
[16.953356] (unitree_go) StdoutLine: {'line': b'-- Installing: /home/ruben/go2_deploy/workhop_rl/install/unitree_go/include/unitree_go/unitree_go/msg/detail/go2_front_video_data__struct.h\n'}
[16.953455] (unitree_go) StdoutLine: {'line': b'-- Installing: /home/ruben/go2_deploy/workhop_rl/install/unitree_go/include/unitree_go/unitree_go/msg/detail/res__functions.c\n'}
[16.953565] (unitree_go) StdoutLine: {'line': b'-- Installing: /home/ruben/go2_deploy/workhop_rl/install/unitree_go/include/unitree_go/unitree_go/msg/detail/bms_state__struct.h\n'}
[16.953666] (unitree_go) StdoutLine: {'line': b'-- Installing: /home/ruben/go2_deploy/workhop_rl/install/unitree_go/include/unitree_go/unitree_go/msg/detail/req__functions.h\n'}
[16.953768] (unitree_go) StdoutLine: {'line': b'-- Installing: /home/ruben/go2_deploy/workhop_rl/install/unitree_go/include/unitree_go/unitree_go/msg/detail/uwb_state__struct.h\n'}
[16.953869] (unitree_go) StdoutLine: {'line': b'-- Installing: /home/ruben/go2_deploy/workhop_rl/install/unitree_go/include/unitree_go/unitree_go/msg/detail/uwb_state__functions.c\n'}
[16.954039] (unitree_go) StdoutLine: {'line': b'-- Installing: /home/ruben/go2_deploy/workhop_rl/install/unitree_go/include/unitree_go/unitree_go/msg/detail/bms_cmd__type_support.h\n'}
[16.954183] (unitree_go) StdoutLine: {'line': b'-- Installing: /home/ruben/go2_deploy/workhop_rl/install/unitree_go/include/unitree_go/unitree_go/msg/detail/req__type_support.h\n'}
[16.954288] (unitree_go) StdoutLine: {'line': b'-- Installing: /home/ruben/go2_deploy/workhop_rl/install/unitree_go/include/unitree_go/unitree_go/msg/detail/bms_state__functions.c\n'}
[16.954390] (unitree_go) StdoutLine: {'line': b'-- Installing: /home/ruben/go2_deploy/workhop_rl/install/unitree_go/include/unitree_go/unitree_go/msg/detail/interface_config__functions.h\n'}
[16.954498] (unitree_go) StdoutLine: {'line': b'-- Installing: /home/ruben/go2_deploy/workhop_rl/install/unitree_go/include/unitree_go/unitree_go/msg/detail/time_spec__functions.h\n'}
[16.954602] (unitree_go) StdoutLine: {'line': b'-- Installing: /home/ruben/go2_deploy/workhop_rl/install/unitree_go/include/unitree_go/unitree_go/msg/detail/motor_states__struct.h\n'}
[16.954697] (unitree_go) StdoutLine: {'line': b'-- Installing: /home/ruben/go2_deploy/workhop_rl/install/unitree_go/include/unitree_go/unitree_go/msg/detail/motor_state__type_support.h\n'}
[16.954798] (unitree_go) StdoutLine: {'line': b'-- Installing: /home/ruben/go2_deploy/workhop_rl/install/unitree_go/include/unitree_go/unitree_go/msg/detail/motor_cmds__struct.h\n'}
[16.954897] (unitree_go) StdoutLine: {'line': b'-- Installing: /home/ruben/go2_deploy/workhop_rl/install/unitree_go/include/unitree_go/unitree_go/msg/detail/sport_mode_state__functions.c\n'}
[16.954994] (unitree_go) StdoutLine: {'line': b'-- Installing: /home/ruben/go2_deploy/workhop_rl/install/unitree_go/include/unitree_go/unitree_go/msg/detail/audio_data__type_support.h\n'}
[16.955155] (unitree_go) StdoutLine: {'line': b'-- Installing: /home/ruben/go2_deploy/workhop_rl/install/unitree_go/include/unitree_go/unitree_go/msg/detail/audio_data__functions.c\n'}
[16.955277] (unitree_go) StdoutLine: {'line': b'-- Installing: /home/ruben/go2_deploy/workhop_rl/install/unitree_go/include/unitree_go/unitree_go/msg/detail/time_spec__struct.h\n'}
[16.955382] (unitree_go) StdoutLine: {'line': b'-- Installing: /home/ruben/go2_deploy/workhop_rl/install/unitree_go/include/unitree_go/unitree_go/msg/detail/audio_data__struct.h\n'}
[16.955487] (unitree_go) StdoutLine: {'line': b'-- Installing: /home/ruben/go2_deploy/workhop_rl/install/unitree_go/include/unitree_go/unitree_go/msg/detail/motor_states__type_support.h\n'}
[16.955590] (unitree_go) StdoutLine: {'line': b'-- Installing: /home/ruben/go2_deploy/workhop_rl/install/unitree_go/include/unitree_go/unitree_go/msg/detail/low_state__type_support.h\n'}
[16.955739] (unitree_go) StdoutLine: {'line': b'-- Installing: /home/ruben/go2_deploy/workhop_rl/install/unitree_go/include/unitree_go/unitree_go/msg/detail/go2_front_video_data__type_support.h\n'}
[16.955843] (unitree_go) StdoutLine: {'line': b'-- Installing: /home/ruben/go2_deploy/workhop_rl/install/unitree_go/include/unitree_go/unitree_go/msg/detail/lidar_state__type_support.h\n'}
[16.955949] (unitree_go) StdoutLine: {'line': b'-- Installing: /home/ruben/go2_deploy/workhop_rl/install/unitree_go/include/unitree_go/unitree_go/msg/detail/motor_states__functions.h\n'}
[16.956097] (unitree_go) StdoutLine: {'line': b'-- Installing: /home/ruben/go2_deploy/workhop_rl/install/unitree_go/include/unitree_go/unitree_go/msg/path_point.h\n'}
[16.956237] (unitree_go) StdoutLine: {'line': b'-- Installing: /home/ruben/go2_deploy/workhop_rl/install/unitree_go/include/unitree_go/unitree_go/msg/req.h\n'}
[16.956350] (unitree_go) StdoutLine: {'line': b'-- Installing: /home/ruben/go2_deploy/workhop_rl/install/unitree_go/include/unitree_go/unitree_go/msg/sport_mode_state.h\n'}
[16.956455] (unitree_go) StdoutLine: {'line': b'-- Installing: /home/ruben/go2_deploy/workhop_rl/install/unitree_go/include/unitree_go/unitree_go/msg/uwb_state.h\n'}
[16.956617] (unitree_go) StdoutLine: {'line': b'-- Installing: /home/ruben/go2_deploy/workhop_rl/install/unitree_go/include/unitree_go/unitree_go/msg/imu_state.h\n'}
[16.956723] (unitree_go) StdoutLine: {'line': b'-- Installing: /home/ruben/go2_deploy/workhop_rl/install/unitree_go/include/unitree_go/unitree_go/msg/bms_state.h\n'}
[16.956827] (unitree_go) StdoutLine: {'line': b'-- Installing: /home/ruben/go2_deploy/workhop_rl/install/unitree_go/include/unitree_go/unitree_go/msg/motor_cmds.h\n'}
[16.956927] (unitree_go) StdoutLine: {'line': b'-- Installing: /home/ruben/go2_deploy/workhop_rl/install/unitree_go/include/unitree_go/unitree_go/msg/sport_mode_cmd.h\n'}
[16.957033] (unitree_go) StdoutLine: {'line': b'-- Installing: /home/ruben/go2_deploy/workhop_rl/install/unitree_go/include/unitree_go/unitree_go/msg/rosidl_generator_c__visibility_control.h\n'}
[16.957223] (unitree_go) StdoutLine: {'line': b'-- Installing: /home/ruben/go2_deploy/workhop_rl/install/unitree_go/include/unitree_go/unitree_go/msg/motor_state.h\n'}
[16.957329] (unitree_go) StdoutLine: {'line': b'-- Installing: /home/ruben/go2_deploy/workhop_rl/install/unitree_go/include/unitree_go/unitree_go/msg/bms_cmd.h\n'}
[16.957432] (unitree_go) StdoutLine: {'line': b'-- Installing: /home/ruben/go2_deploy/workhop_rl/install/unitree_go/include/unitree_go/unitree_go/msg/res.h\n'}
[16.957538] (unitree_go) StdoutLine: {'line': b'-- Installing: /home/ruben/go2_deploy/workhop_rl/install/unitree_go/include/unitree_go/unitree_go/msg/motor_cmd.h\n'}
[16.957640] (unitree_go) StdoutLine: {'line': b'-- Installing: /home/ruben/go2_deploy/workhop_rl/install/unitree_go/include/unitree_go/unitree_go/msg/time_spec.h\n'}
[16.957741] (unitree_go) StdoutLine: {'line': b'-- Installing: /home/ruben/go2_deploy/workhop_rl/install/unitree_go/share/unitree_go/environment/library_path.sh\n'}
[16.957842] (unitree_go) StdoutLine: {'line': b'-- Installing: /home/ruben/go2_deploy/workhop_rl/install/unitree_go/share/unitree_go/environment/library_path.dsv\n'}
[16.957941] (unitree_go) StdoutLine: {'line': b'-- Installing: /home/ruben/go2_deploy/workhop_rl/install/unitree_go/lib/libunitree_go__rosidl_generator_c.so\n'}
[16.958047] (unitree_go) StdoutLine: {'line': b'-- Set runtime path of "/home/ruben/go2_deploy/workhop_rl/install/unitree_go/lib/libunitree_go__rosidl_generator_c.so" to ""\n'}
[16.958240] (unitree_go) StdoutLine: {'line': b'-- Up-to-date: /home/ruben/go2_deploy/workhop_rl/install/unitree_go/include/unitree_go/unitree_go\n'}
[16.958347] (unitree_go) StdoutLine: {'line': b'-- Up-to-date: /home/ruben/go2_deploy/workhop_rl/install/unitree_go/include/unitree_go/unitree_go/msg\n'}
[16.958457] (unitree_go) StdoutLine: {'line': b'-- Up-to-date: /home/ruben/go2_deploy/workhop_rl/install/unitree_go/include/unitree_go/unitree_go/msg/detail\n'}
[16.958559] (unitree_go) StdoutLine: {'line': b'-- Installing: /home/ruben/go2_deploy/workhop_rl/install/unitree_go/include/unitree_go/unitree_go/msg/detail/time_spec__rosidl_typesupport_fastrtps_c.h\n'}
[16.958660] (unitree_go) StdoutLine: {'line': b'-- Installing: /home/ruben/go2_deploy/workhop_rl/install/unitree_go/include/unitree_go/unitree_go/msg/detail/req__rosidl_typesupport_fastrtps_c.h\n'}
[16.958761] (unitree_go) StdoutLine: {'line': b'-- Installing: /home/ruben/go2_deploy/workhop_rl/install/unitree_go/include/unitree_go/unitree_go/msg/detail/wireless_controller__rosidl_typesupport_fastrtps_c.h\n'}
[16.958860] (unitree_go) StdoutLine: {'line': b'-- Installing: /home/ruben/go2_deploy/workhop_rl/install/unitree_go/include/unitree_go/unitree_go/msg/detail/res__rosidl_typesupport_fastrtps_c.h\n'}
[16.958962] (unitree_go) StdoutLine: {'line': b'-- Installing: /home/ruben/go2_deploy/workhop_rl/install/unitree_go/include/unitree_go/unitree_go/msg/detail/imu_state__rosidl_typesupport_fastrtps_c.h\n'}
[16.959160] (unitree_go) StdoutLine: {'line': b'-- Installing: /home/ruben/go2_deploy/workhop_rl/install/unitree_go/include/unitree_go/unitree_go/msg/detail/interface_config__rosidl_typesupport_fastrtps_c.h\n'}
[16.959323] (unitree_go) StdoutLine: {'line': b'-- Installing: /home/ruben/go2_deploy/workhop_rl/install/unitree_go/include/unitree_go/unitree_go/msg/detail/path_point__rosidl_typesupport_fastrtps_c.h\n'}
[16.959435] (unitree_go) StdoutLine: {'line': b'-- Installing: /home/ruben/go2_deploy/workhop_rl/install/unitree_go/include/unitree_go/unitree_go/msg/detail/motor_cmds__rosidl_typesupport_fastrtps_c.h\n'}
[16.959537] (unitree_go) StdoutLine: {'line': b'-- Installing: /home/ruben/go2_deploy/workhop_rl/install/unitree_go/include/unitree_go/unitree_go/msg/detail/sport_mode_cmd__rosidl_typesupport_fastrtps_c.h\n'}
[16.959641] (unitree_go) StdoutLine: {'line': b'-- Installing: /home/ruben/go2_deploy/workhop_rl/install/unitree_go/include/unitree_go/unitree_go/msg/detail/sport_mode_state__rosidl_typesupport_fastrtps_c.h\n'}
[16.959748] (unitree_go) StdoutLine: {'line': b'-- Installing: /home/ruben/go2_deploy/workhop_rl/install/unitree_go/include/unitree_go/unitree_go/msg/detail/audio_data__rosidl_typesupport_fastrtps_c.h\n'}
[16.959853] (unitree_go) StdoutLine: {'line': b'-- Installing: /home/ruben/go2_deploy/workhop_rl/install/unitree_go/include/unitree_go/unitree_go/msg/detail/error__rosidl_typesupport_fastrtps_c.h\n'}
[16.959955] (unitree_go) StdoutLine: {'line': b'-- Installing: /home/ruben/go2_deploy/workhop_rl/install/unitree_go/include/unitree_go/unitree_go/msg/detail/low_cmd__rosidl_typesupport_fastrtps_c.h\n'}
[16.960153] (unitree_go) StdoutLine: {'line': b'-- Installing: /home/ruben/go2_deploy/workhop_rl/install/unitree_go/include/unitree_go/unitree_go/msg/detail/motor_cmd__rosidl_typesupport_fastrtps_c.h\n'}
[16.960309] (unitree_go) StdoutLine: {'line': b'-- Installing: /home/ruben/go2_deploy/workhop_rl/install/unitree_go/include/unitree_go/unitree_go/msg/detail/height_map__rosidl_typesupport_fastrtps_c.h\n'}
[16.960415] (unitree_go) StdoutLine: {'line': b'-- Installing: /home/ruben/go2_deploy/workhop_rl/install/unitree_go/include/unitree_go/unitree_go/msg/detail/uwb_switch__rosidl_typesupport_fastrtps_c.h\n'}
[16.960519] (unitree_go) StdoutLine: {'line': b'-- Installing: /home/ruben/go2_deploy/workhop_rl/install/unitree_go/include/unitree_go/unitree_go/msg/detail/motor_states__rosidl_typesupport_fastrtps_c.h\n'}
[16.960620] (unitree_go) StdoutLine: {'line': b'-- Installing: /home/ruben/go2_deploy/workhop_rl/install/unitree_go/include/unitree_go/unitree_go/msg/detail/bms_cmd__rosidl_typesupport_fastrtps_c.h\n'}
[16.960721] (unitree_go) StdoutLine: {'line': b'-- Installing: /home/ruben/go2_deploy/workhop_rl/install/unitree_go/include/unitree_go/unitree_go/msg/detail/go2_front_video_data__rosidl_typesupport_fastrtps_c.h\n'}
[16.960819] (unitree_go) StdoutLine: {'line': b'-- Installing: /home/ruben/go2_deploy/workhop_rl/install/unitree_go/include/unitree_go/unitree_go/msg/detail/lidar_state__rosidl_typesupport_fastrtps_c.h\n'}
[16.960928] (unitree_go) StdoutLine: {'line': b'-- Installing: /home/ruben/go2_deploy/workhop_rl/install/unitree_go/include/unitree_go/unitree_go/msg/detail/motor_state__rosidl_typesupport_fastrtps_c.h\n'}
[16.961029] (unitree_go) StdoutLine: {'line': b'-- Installing: /home/ruben/go2_deploy/workhop_rl/install/unitree_go/include/unitree_go/unitree_go/msg/detail/low_state__rosidl_typesupport_fastrtps_c.h\n'}
[16.961222] (unitree_go) StdoutLine: {'line': b'-- Installing: /home/ruben/go2_deploy/workhop_rl/install/unitree_go/include/unitree_go/unitree_go/msg/detail/uwb_state__rosidl_typesupport_fastrtps_c.h\n'}
[16.961321] (unitree_go) StdoutLine: {'line': b'-- Installing: /home/ruben/go2_deploy/workhop_rl/install/unitree_go/include/unitree_go/unitree_go/msg/detail/bms_state__rosidl_typesupport_fastrtps_c.h\n'}
[16.961424] (unitree_go) StdoutLine: {'line': b'-- Installing: /home/ruben/go2_deploy/workhop_rl/install/unitree_go/include/unitree_go/unitree_go/msg/rosidl_typesupport_fastrtps_c__visibility_control.h\n'}
[16.961525] (unitree_go) StdoutLine: {'line': b'-- Installing: /home/ruben/go2_deploy/workhop_rl/install/unitree_go/lib/libunitree_go__rosidl_typesupport_fastrtps_c.so\n'}
[16.961674] (unitree_go) StdoutLine: {'line': b'-- Set runtime path of "/home/ruben/go2_deploy/workhop_rl/install/unitree_go/lib/libunitree_go__rosidl_typesupport_fastrtps_c.so" to ""\n'}
[16.961780] (unitree_go) StdoutLine: {'line': b'-- Up-to-date: /home/ruben/go2_deploy/workhop_rl/install/unitree_go/include/unitree_go/unitree_go\n'}
[16.961885] (unitree_go) StdoutLine: {'line': b'-- Up-to-date: /home/ruben/go2_deploy/workhop_rl/install/unitree_go/include/unitree_go/unitree_go/msg\n'}
[16.961990] (unitree_go) StdoutLine: {'line': b'-- Installing: /home/ruben/go2_deploy/workhop_rl/install/unitree_go/include/unitree_go/unitree_go/msg/path_point.hpp\n'}
[16.962130] (unitree_go) StdoutLine: {'line': b'-- Installing: /home/ruben/go2_deploy/workhop_rl/install/unitree_go/include/unitree_go/unitree_go/msg/uwb_state.hpp\n'}
[16.962232] (unitree_go) StdoutLine: {'line': b'-- Installing: /home/ruben/go2_deploy/workhop_rl/install/unitree_go/include/unitree_go/unitree_go/msg/uwb_switch.hpp\n'}
[16.962328] (unitree_go) StdoutLine: {'line': b'-- Installing: /home/ruben/go2_deploy/workhop_rl/install/unitree_go/include/unitree_go/unitree_go/msg/imu_state.hpp\n'}
[16.962427] (unitree_go) StdoutLine: {'line': b'-- Installing: /home/ruben/go2_deploy/workhop_rl/install/unitree_go/include/unitree_go/unitree_go/msg/interface_config.hpp\n'}
[16.962533] (unitree_go) StdoutLine: {'line': b'-- Installing: /home/ruben/go2_deploy/workhop_rl/install/unitree_go/include/unitree_go/unitree_go/msg/time_spec.hpp\n'}
[16.962632] (unitree_go) StdoutLine: {'line': b'-- Installing: /home/ruben/go2_deploy/workhop_rl/install/unitree_go/include/unitree_go/unitree_go/msg/bms_state.hpp\n'}
[16.962733] (unitree_go) StdoutLine: {'line': b'-- Installing: /home/ruben/go2_deploy/workhop_rl/install/unitree_go/include/unitree_go/unitree_go/msg/sport_mode_cmd.hpp\n'}
[16.962830] (unitree_go) StdoutLine: {'line': b'-- Installing: /home/ruben/go2_deploy/workhop_rl/install/unitree_go/include/unitree_go/unitree_go/msg/res.hpp\n'}
[16.962933] (unitree_go) StdoutLine: {'line': b'-- Installing: /home/ruben/go2_deploy/workhop_rl/install/unitree_go/include/unitree_go/unitree_go/msg/motor_cmd.hpp\n'}
[16.963042] (unitree_go) StdoutLine: {'line': b'-- Installing: /home/ruben/go2_deploy/workhop_rl/install/unitree_go/include/unitree_go/unitree_go/msg/go2_front_video_data.hpp\n'}
[16.963219] (unitree_go) StdoutLine: {'line': b'-- Installing: /home/ruben/go2_deploy/workhop_rl/install/unitree_go/include/unitree_go/unitree_go/msg/motor_cmds.hpp\n'}
[16.963318] (unitree_go) StdoutLine: {'line': b'-- Up-to-date: /home/ruben/go2_deploy/workhop_rl/install/unitree_go/include/unitree_go/unitree_go/msg/detail\n'}
[16.963417] (unitree_go) StdoutLine: {'line': b'-- Installing: /home/ruben/go2_deploy/workhop_rl/install/unitree_go/include/unitree_go/unitree_go/msg/detail/bms_state__builder.hpp\n'}
[16.963515] (unitree_go) StdoutLine: {'line': b'-- Installing: /home/ruben/go2_deploy/workhop_rl/install/unitree_go/include/unitree_go/unitree_go/msg/detail/motor_cmds__traits.hpp\n'}
[16.963614] (unitree_go) StdoutLine: {'line': b'-- Installing: /home/ruben/go2_deploy/workhop_rl/install/unitree_go/include/unitree_go/unitree_go/msg/detail/audio_data__traits.hpp\n'}
[16.963750] (unitree_go) StdoutLine: {'line': b'-- Installing: /home/ruben/go2_deploy/workhop_rl/install/unitree_go/include/unitree_go/unitree_go/msg/detail/time_spec__struct.hpp\n'}
[16.963852] (unitree_go) StdoutLine: {'line': b'-- Installing: /home/ruben/go2_deploy/workhop_rl/install/unitree_go/include/unitree_go/unitree_go/msg/detail/bms_cmd__traits.hpp\n'}
[16.963952] (unitree_go) StdoutLine: {'line': b'-- Installing: /home/ruben/go2_deploy/workhop_rl/install/unitree_go/include/unitree_go/unitree_go/msg/detail/path_point__traits.hpp\n'}
[16.964095] (unitree_go) StdoutLine: {'line': b'-- Installing: /home/ruben/go2_deploy/workhop_rl/install/unitree_go/include/unitree_go/unitree_go/msg/detail/sport_mode_cmd__builder.hpp\n'}
[16.964222] (unitree_go) StdoutLine: {'line': b'-- Installing: /home/ruben/go2_deploy/workhop_rl/install/unitree_go/include/unitree_go/unitree_go/msg/detail/bms_cmd__builder.hpp\n'}
[16.964345] (unitree_go) StdoutLine: {'line': b'-- Installing: /home/ruben/go2_deploy/workhop_rl/install/unitree_go/include/unitree_go/unitree_go/msg/detail/error__struct.hpp\n'}
[16.964445] (unitree_go) StdoutLine: {'line': b'-- Installing: /home/ruben/go2_deploy/workhop_rl/install/unitree_go/include/unitree_go/unitree_go/msg/detail/uwb_switch__struct.hpp\n'}
[16.964543] (unitree_go) StdoutLine: {'line': b'-- Installing: /home/ruben/go2_deploy/workhop_rl/install/unitree_go/include/unitree_go/unitree_go/msg/detail/motor_states__struct.hpp\n'}
[16.964641] (unitree_go) StdoutLine: {'line': b'-- Installing: /home/ruben/go2_deploy/workhop_rl/install/unitree_go/include/unitree_go/unitree_go/msg/detail/go2_front_video_data__struct.hpp\n'}
[16.964745] (unitree_go) StdoutLine: {'line': b'-- Installing: /home/ruben/go2_deploy/workhop_rl/install/unitree_go/include/unitree_go/unitree_go/msg/detail/sport_mode_cmd__type_support.hpp\n'}
[16.964847] (unitree_go) StdoutLine: {'line': b'-- Installing: /home/ruben/go2_deploy/workhop_rl/install/unitree_go/include/unitree_go/unitree_go/msg/detail/uwb_state__builder.hpp\n'}
[16.964952] (unitree_go) StdoutLine: {'line': b'-- Installing: /home/ruben/go2_deploy/workhop_rl/install/unitree_go/include/unitree_go/unitree_go/msg/detail/motor_cmd__type_support.hpp\n'}
[16.965106] (unitree_go) StdoutLine: {'line': b'-- Installing: /home/ruben/go2_deploy/workhop_rl/install/unitree_go/include/unitree_go/unitree_go/msg/detail/low_state__type_support.hpp\n'}
[16.965252] (unitree_go) StdoutLine: {'line': b'-- Installing: /home/ruben/go2_deploy/workhop_rl/install/unitree_go/include/unitree_go/unitree_go/msg/detail/imu_state__traits.hpp\n'}
[16.965354] (unitree_go) StdoutLine: {'line': b'-- Installing: /home/ruben/go2_deploy/workhop_rl/install/unitree_go/include/unitree_go/unitree_go/msg/detail/audio_data__type_support.hpp\n'}
[16.965465] (unitree_go) StdoutLine: {'line': b'-- Installing: /home/ruben/go2_deploy/workhop_rl/install/unitree_go/include/unitree_go/unitree_go/msg/detail/low_state__traits.hpp\n'}
[16.965561] (unitree_go) StdoutLine: {'line': b'-- Installing: /home/ruben/go2_deploy/workhop_rl/install/unitree_go/include/unitree_go/unitree_go/msg/detail/motor_cmd__traits.hpp\n'}
[16.965667] (unitree_go) StdoutLine: {'line': b'-- Installing: /home/ruben/go2_deploy/workhop_rl/install/unitree_go/include/unitree_go/unitree_go/msg/detail/imu_state__struct.hpp\n'}
[16.965802] (unitree_go) StdoutLine: {'line': b'-- Installing: /home/ruben/go2_deploy/workhop_rl/install/unitree_go/include/unitree_go/unitree_go/msg/detail/height_map__traits.hpp\n'}
[16.966503] (unitree_go) StdoutLine: {'line': b'-- Installing: /home/ruben/go2_deploy/workhop_rl/install/unitree_go/include/unitree_go/unitree_go/msg/detail/sport_mode_state__type_support.hpp\n'}
[16.966642] (unitree_go) StdoutLine: {'line': b'-- Installing: /home/ruben/go2_deploy/workhop_rl/install/unitree_go/include/unitree_go/unitree_go/msg/detail/motor_state__struct.hpp\n'}
[16.966760] (unitree_go) StdoutLine: {'line': b'-- Installing: /home/ruben/go2_deploy/workhop_rl/install/unitree_go/include/unitree_go/unitree_go/msg/detail/motor_cmds__type_support.hpp\n'}
[16.966871] (unitree_go) StdoutLine: {'line': b'-- Installing: /home/ruben/go2_deploy/workhop_rl/install/unitree_go/include/unitree_go/unitree_go/msg/detail/path_point__type_support.hpp\n'}
[16.966976] (unitree_go) StdoutLine: {'line': b'-- Installing: /home/ruben/go2_deploy/workhop_rl/install/unitree_go/include/unitree_go/unitree_go/msg/detail/bms_cmd__type_support.hpp\n'}
[16.967110] (unitree_go) StdoutLine: {'line': b'-- Installing: /home/ruben/go2_deploy/workhop_rl/install/unitree_go/include/unitree_go/unitree_go/msg/detail/wireless_controller__struct.hpp\n'}
[16.967242] (unitree_go) StdoutLine: {'line': b'-- Installing: /home/ruben/go2_deploy/workhop_rl/install/unitree_go/include/unitree_go/unitree_go/msg/detail/uwb_switch__builder.hpp\n'}
[16.967343] (unitree_go) StdoutLine: {'line': b'-- Installing: /home/ruben/go2_deploy/workhop_rl/install/unitree_go/include/unitree_go/unitree_go/msg/detail/uwb_state__struct.hpp\n'}
[16.967475] (unitree_go) StdoutLine: {'line': b'-- Installing: /home/ruben/go2_deploy/workhop_rl/install/unitree_go/include/unitree_go/unitree_go/msg/detail/uwb_switch__traits.hpp\n'}
[16.967578] (unitree_go) StdoutLine: {'line': b'-- Installing: /home/ruben/go2_deploy/workhop_rl/install/unitree_go/include/unitree_go/unitree_go/msg/detail/bms_state__type_support.hpp\n'}
[16.967687] (unitree_go) StdoutLine: {'line': b'-- Installing: /home/ruben/go2_deploy/workhop_rl/install/unitree_go/include/unitree_go/unitree_go/msg/detail/motor_cmd__struct.hpp\n'}
[16.967788] (unitree_go) StdoutLine: {'line': b'-- Installing: /home/ruben/go2_deploy/workhop_rl/install/unitree_go/include/unitree_go/unitree_go/msg/detail/motor_state__type_support.hpp\n'}
[16.967939] (unitree_go) StdoutLine: {'line': b'-- Installing: /home/ruben/go2_deploy/workhop_rl/install/unitree_go/include/unitree_go/unitree_go/msg/detail/error__traits.hpp\n'}
[16.968080] (unitree_go) StdoutLine: {'line': b'-- Installing: /home/ruben/go2_deploy/workhop_rl/install/unitree_go/include/unitree_go/unitree_go/msg/detail/interface_config__traits.hpp\n'}
[16.968231] (unitree_go) StdoutLine: {'line': b'-- Installing: /home/ruben/go2_deploy/workhop_rl/install/unitree_go/include/unitree_go/unitree_go/msg/detail/low_cmd__builder.hpp\n'}
[16.968341] (unitree_go) StdoutLine: {'line': b'-- Installing: /home/ruben/go2_deploy/workhop_rl/install/unitree_go/include/unitree_go/unitree_go/msg/detail/interface_config__builder.hpp\n'}
[16.968448] (unitree_go) StdoutLine: {'line': b'-- Installing: /home/ruben/go2_deploy/workhop_rl/install/unitree_go/include/unitree_go/unitree_go/msg/detail/time_spec__builder.hpp\n'}
[16.968556] (unitree_go) StdoutLine: {'line': b'-- Installing: /home/ruben/go2_deploy/workhop_rl/install/unitree_go/include/unitree_go/unitree_go/msg/detail/low_cmd__type_support.hpp\n'}
[16.968663] (unitree_go) StdoutLine: {'line': b'-- Installing: /home/ruben/go2_deploy/workhop_rl/install/unitree_go/include/unitree_go/unitree_go/msg/detail/interface_config__struct.hpp\n'}
[16.968769] (unitree_go) StdoutLine: {'line': b'-- Installing: /home/ruben/go2_deploy/workhop_rl/install/unitree_go/include/unitree_go/unitree_go/msg/detail/motor_states__traits.hpp\n'}
[16.968875] (unitree_go) StdoutLine: {'line': b'-- Installing: /home/ruben/go2_deploy/workhop_rl/install/unitree_go/include/unitree_go/unitree_go/msg/detail/motor_states__type_support.hpp\n'}
[16.968982] (unitree_go) StdoutLine: {'line': b'-- Installing: /home/ruben/go2_deploy/workhop_rl/install/unitree_go/include/unitree_go/unitree_go/msg/detail/res__struct.hpp\n'}
[16.969151] (unitree_go) StdoutLine: {'line': b'-- Installing: /home/ruben/go2_deploy/workhop_rl/install/unitree_go/include/unitree_go/unitree_go/msg/detail/lidar_state__type_support.hpp\n'}
[16.969290] (unitree_go) StdoutLine: {'line': b'-- Installing: /home/ruben/go2_deploy/workhop_rl/install/unitree_go/include/unitree_go/unitree_go/msg/detail/imu_state__builder.hpp\n'}
[16.969399] (unitree_go) StdoutLine: {'line': b'-- Installing: /home/ruben/go2_deploy/workhop_rl/install/unitree_go/include/unitree_go/unitree_go/msg/detail/motor_cmds__builder.hpp\n'}
[16.969507] (unitree_go) StdoutLine: {'line': b'-- Installing: /home/ruben/go2_deploy/workhop_rl/install/unitree_go/include/unitree_go/unitree_go/msg/detail/uwb_switch__type_support.hpp\n'}
[16.969616] (unitree_go) StdoutLine: {'line': b'-- Installing: /home/ruben/go2_deploy/workhop_rl/install/unitree_go/include/unitree_go/unitree_go/msg/detail/time_spec__traits.hpp\n'}
[16.969765] (unitree_go) StdoutLine: {'line': b'-- Installing: /home/ruben/go2_deploy/workhop_rl/install/unitree_go/include/unitree_go/unitree_go/msg/detail/res__builder.hpp\n'}
[16.969892] (unitree_go) StdoutLine: {'line': b'-- Installing: /home/ruben/go2_deploy/workhop_rl/install/unitree_go/include/unitree_go/unitree_go/msg/detail/sport_mode_cmd__traits.hpp\n'}
[16.969998] (unitree_go) StdoutLine: {'line': b'-- Installing: /home/ruben/go2_deploy/workhop_rl/install/unitree_go/include/unitree_go/unitree_go/msg/detail/lidar_state__builder.hpp\n'}
[16.970172] (unitree_go) StdoutLine: {'line': b'-- Installing: /home/ruben/go2_deploy/workhop_rl/install/unitree_go/include/unitree_go/unitree_go/msg/detail/req__builder.hpp\n'}
[16.970308] (unitree_go) StdoutLine: {'line': b'-- Installing: /home/ruben/go2_deploy/workhop_rl/install/unitree_go/include/unitree_go/unitree_go/msg/detail/req__traits.hpp\n'}
[16.970418] (unitree_go) StdoutLine: {'line': b'-- Installing: /home/ruben/go2_deploy/workhop_rl/install/unitree_go/include/unitree_go/unitree_go/msg/detail/imu_state__type_support.hpp\n'}
[16.970528] (unitree_go) StdoutLine: {'line': b'-- Installing: /home/ruben/go2_deploy/workhop_rl/install/unitree_go/include/unitree_go/unitree_go/msg/detail/sport_mode_cmd__struct.hpp\n'}
[16.970632] (unitree_go) StdoutLine: {'line': b'-- Installing: /home/ruben/go2_deploy/workhop_rl/install/unitree_go/include/unitree_go/unitree_go/msg/detail/uwb_state__type_support.hpp\n'}
[16.970740] (unitree_go) StdoutLine: {'line': b'-- Installing: /home/ruben/go2_deploy/workhop_rl/install/unitree_go/include/unitree_go/unitree_go/msg/detail/motor_cmds__struct.hpp\n'}
[16.970846] (unitree_go) StdoutLine: {'line': b'-- Installing: /home/ruben/go2_deploy/workhop_rl/install/unitree_go/include/unitree_go/unitree_go/msg/detail/motor_states__builder.hpp\n'}
[16.970953] (unitree_go) StdoutLine: {'line': b'-- Installing: /home/ruben/go2_deploy/workhop_rl/install/unitree_go/include/unitree_go/unitree_go/msg/detail/time_spec__type_support.hpp\n'}
[16.971126] (unitree_go) StdoutLine: {'line': b'-- Installing: /home/ruben/go2_deploy/workhop_rl/install/unitree_go/include/unitree_go/unitree_go/msg/detail/interface_config__type_support.hpp\n'}
[16.971248] (unitree_go) StdoutLine: {'line': b'-- Installing: /home/ruben/go2_deploy/workhop_rl/install/unitree_go/include/unitree_go/unitree_go/msg/detail/path_point__builder.hpp\n'}
[16.971357] (unitree_go) StdoutLine: {'line': b'-- Installing: /home/ruben/go2_deploy/workhop_rl/install/unitree_go/include/unitree_go/unitree_go/msg/detail/req__type_support.hpp\n'}
[16.971462] (unitree_go) StdoutLine: {'line': b'-- Installing: /home/ruben/go2_deploy/workhop_rl/install/unitree_go/include/unitree_go/unitree_go/msg/detail/bms_state__traits.hpp\n'}
[16.971580] (unitree_go) StdoutLine: {'line': b'-- Installing: /home/ruben/go2_deploy/workhop_rl/install/unitree_go/include/unitree_go/unitree_go/msg/detail/res__traits.hpp\n'}
[16.971683] (unitree_go) StdoutLine: {'line': b'-- Installing: /home/ruben/go2_deploy/workhop_rl/install/unitree_go/include/unitree_go/unitree_go/msg/detail/error__type_support.hpp\n'}
[16.971794] (unitree_go) StdoutLine: {'line': b'-- Installing: /home/ruben/go2_deploy/workhop_rl/install/unitree_go/include/unitree_go/unitree_go/msg/detail/uwb_state__traits.hpp\n'}
[16.971905] (unitree_go) StdoutLine: {'line': b'-- Installing: /home/ruben/go2_deploy/workhop_rl/install/unitree_go/include/unitree_go/unitree_go/msg/detail/bms_state__struct.hpp\n'}
[16.972015] (unitree_go) StdoutLine: {'line': b'-- Installing: /home/ruben/go2_deploy/workhop_rl/install/unitree_go/include/unitree_go/unitree_go/msg/detail/sport_mode_state__traits.hpp\n'}
[16.972171] (unitree_go) StdoutLine: {'line': b'-- Installing: /home/ruben/go2_deploy/workhop_rl/install/unitree_go/include/unitree_go/unitree_go/msg/detail/height_map__struct.hpp\n'}
[16.972303] (unitree_go) StdoutLine: {'line': b'-- Installing: /home/ruben/go2_deploy/workhop_rl/install/unitree_go/include/unitree_go/unitree_go/msg/detail/lidar_state__struct.hpp\n'}
[16.972413] (unitree_go) StdoutLine: {'line': b'-- Installing: /home/ruben/go2_deploy/workhop_rl/install/unitree_go/include/unitree_go/unitree_go/msg/detail/height_map__builder.hpp\n'}
[16.972521] (unitree_go) StdoutLine: {'line': b'-- Installing: /home/ruben/go2_deploy/workhop_rl/install/unitree_go/include/unitree_go/unitree_go/msg/detail/audio_data__struct.hpp\n'}
[16.972629] (unitree_go) StdoutLine: {'line': b'-- Installing: /home/ruben/go2_deploy/workhop_rl/install/unitree_go/include/unitree_go/unitree_go/msg/detail/wireless_controller__builder.hpp\n'}
[16.972776] (unitree_go) StdoutLine: {'line': b'-- Installing: /home/ruben/go2_deploy/workhop_rl/install/unitree_go/include/unitree_go/unitree_go/msg/detail/lidar_state__traits.hpp\n'}
[16.972882] (unitree_go) StdoutLine: {'line': b'-- Installing: /home/ruben/go2_deploy/workhop_rl/install/unitree_go/include/unitree_go/unitree_go/msg/detail/bms_cmd__struct.hpp\n'}
[16.972989] (unitree_go) StdoutLine: {'line': b'-- Installing: /home/ruben/go2_deploy/workhop_rl/install/unitree_go/include/unitree_go/unitree_go/msg/detail/path_point__struct.hpp\n'}
[16.973136] (unitree_go) StdoutLine: {'line': b'-- Installing: /home/ruben/go2_deploy/workhop_rl/install/unitree_go/include/unitree_go/unitree_go/msg/detail/req__struct.hpp\n'}
[16.973267] (unitree_go) StdoutLine: {'line': b'-- Installing: /home/ruben/go2_deploy/workhop_rl/install/unitree_go/include/unitree_go/unitree_go/msg/detail/motor_cmd__builder.hpp\n'}
[16.973372] (unitree_go) StdoutLine: {'line': b'-- Installing: /home/ruben/go2_deploy/workhop_rl/install/unitree_go/include/unitree_go/unitree_go/msg/detail/sport_mode_state__builder.hpp\n'}
[16.973480] (unitree_go) StdoutLine: {'line': b'-- Installing: /home/ruben/go2_deploy/workhop_rl/install/unitree_go/include/unitree_go/unitree_go/msg/detail/go2_front_video_data__traits.hpp\n'}
[16.973586] (unitree_go) StdoutLine: {'line': b'-- Installing: /home/ruben/go2_deploy/workhop_rl/install/unitree_go/include/unitree_go/unitree_go/msg/detail/go2_front_video_data__type_support.hpp\n'}
[16.973692] (unitree_go) StdoutLine: {'line': b'-- Installing: /home/ruben/go2_deploy/workhop_rl/install/unitree_go/include/unitree_go/unitree_go/msg/detail/sport_mode_state__struct.hpp\n'}
[16.973804] (unitree_go) StdoutLine: {'line': b'-- Installing: /home/ruben/go2_deploy/workhop_rl/install/unitree_go/include/unitree_go/unitree_go/msg/detail/low_state__struct.hpp\n'}
[16.973914] (unitree_go) StdoutLine: {'line': b'-- Installing: /home/ruben/go2_deploy/workhop_rl/install/unitree_go/include/unitree_go/unitree_go/msg/detail/low_cmd__struct.hpp\n'}
[16.974036] (unitree_go) StdoutLine: {'line': b'-- Installing: /home/ruben/go2_deploy/workhop_rl/install/unitree_go/include/unitree_go/unitree_go/msg/detail/wireless_controller__type_support.hpp\n'}
[16.974243] (unitree_go) StdoutLine: {'line': b'-- Installing: /home/ruben/go2_deploy/workhop_rl/install/unitree_go/include/unitree_go/unitree_go/msg/detail/audio_data__builder.hpp\n'}
[16.974389] (unitree_go) StdoutLine: {'line': b'-- Installing: /home/ruben/go2_deploy/workhop_rl/install/unitree_go/include/unitree_go/unitree_go/msg/detail/res__type_support.hpp\n'}
[16.974515] (unitree_go) StdoutLine: {'line': b'-- Installing: /home/ruben/go2_deploy/workhop_rl/install/unitree_go/include/unitree_go/unitree_go/msg/detail/low_cmd__traits.hpp\n'}
[16.974639] (unitree_go) StdoutLine: {'line': b'-- Installing: /home/ruben/go2_deploy/workhop_rl/install/unitree_go/include/unitree_go/unitree_go/msg/detail/error__builder.hpp\n'}
[16.974797] (unitree_go) StdoutLine: {'line': b'-- Installing: /home/ruben/go2_deploy/workhop_rl/install/unitree_go/include/unitree_go/unitree_go/msg/detail/go2_front_video_data__builder.hpp\n'}
[16.974949] (unitree_go) StdoutLine: {'line': b'-- Installing: /home/ruben/go2_deploy/workhop_rl/install/unitree_go/include/unitree_go/unitree_go/msg/detail/wireless_controller__traits.hpp\n'}
[16.975109] (unitree_go) StdoutLine: {'line': b'-- Installing: /home/ruben/go2_deploy/workhop_rl/install/unitree_go/include/unitree_go/unitree_go/msg/detail/motor_state__builder.hpp\n'}
[16.975268] (unitree_go) StdoutLine: {'line': b'-- Installing: /home/ruben/go2_deploy/workhop_rl/install/unitree_go/include/unitree_go/unitree_go/msg/detail/height_map__type_support.hpp\n'}
[16.975390] (unitree_go) StdoutLine: {'line': b'-- Installing: /home/ruben/go2_deploy/workhop_rl/install/unitree_go/include/unitree_go/unitree_go/msg/detail/low_state__builder.hpp\n'}
[16.975539] (unitree_go) StdoutLine: {'line': b'-- Installing: /home/ruben/go2_deploy/workhop_rl/install/unitree_go/include/unitree_go/unitree_go/msg/detail/motor_state__traits.hpp\n'}
[16.975699] (unitree_go) StdoutLine: {'line': b'-- Installing: /home/ruben/go2_deploy/workhop_rl/install/unitree_go/include/unitree_go/unitree_go/msg/sport_mode_state.hpp\n'}
[16.975840] (unitree_go) StdoutLine: {'line': b'-- Installing: /home/ruben/go2_deploy/workhop_rl/install/unitree_go/include/unitree_go/unitree_go/msg/error.hpp\n'}
[16.975965] (unitree_go) StdoutLine: {'line': b'-- Installing: /home/ruben/go2_deploy/workhop_rl/install/unitree_go/include/unitree_go/unitree_go/msg/motor_states.hpp\n'}
[16.976156] (unitree_go) StdoutLine: {'line': b'-- Installing: /home/ruben/go2_deploy/workhop_rl/install/unitree_go/include/unitree_go/unitree_go/msg/motor_state.hpp\n'}
[16.976307] (unitree_go) StdoutLine: {'line': b'-- Installing: /home/ruben/go2_deploy/workhop_rl/install/unitree_go/include/unitree_go/unitree_go/msg/req.hpp\n'}
[16.976432] (unitree_go) StdoutLine: {'line': b'-- Installing: /home/ruben/go2_deploy/workhop_rl/install/unitree_go/include/unitree_go/unitree_go/msg/bms_cmd.hpp\n'}
[16.976551] (unitree_go) StdoutLine: {'line': b'-- Installing: /home/ruben/go2_deploy/workhop_rl/install/unitree_go/include/unitree_go/unitree_go/msg/rosidl_generator_cpp__visibility_control.hpp\n'}
[16.976715] (unitree_go) StdoutLine: {'line': b'-- Installing: /home/ruben/go2_deploy/workhop_rl/install/unitree_go/include/unitree_go/unitree_go/msg/low_state.hpp\n'}
[16.976840] (unitree_go) StdoutLine: {'line': b'-- Installing: /home/ruben/go2_deploy/workhop_rl/install/unitree_go/include/unitree_go/unitree_go/msg/audio_data.hpp\n'}
[16.976961] (unitree_go) StdoutLine: {'line': b'-- Installing: /home/ruben/go2_deploy/workhop_rl/install/unitree_go/include/unitree_go/unitree_go/msg/height_map.hpp\n'}
[16.977123] (unitree_go) StdoutLine: {'line': b'-- Installing: /home/ruben/go2_deploy/workhop_rl/install/unitree_go/include/unitree_go/unitree_go/msg/lidar_state.hpp\n'}
[16.977243] (unitree_go) StdoutLine: {'line': b'-- Installing: /home/ruben/go2_deploy/workhop_rl/install/unitree_go/include/unitree_go/unitree_go/msg/low_cmd.hpp\n'}
[16.977365] (unitree_go) StdoutLine: {'line': b'-- Installing: /home/ruben/go2_deploy/workhop_rl/install/unitree_go/include/unitree_go/unitree_go/msg/wireless_controller.hpp\n'}
[16.977483] (unitree_go) StdoutLine: {'line': b'-- Up-to-date: /home/ruben/go2_deploy/workhop_rl/install/unitree_go/include/unitree_go/unitree_go\n'}
[16.977603] (unitree_go) StdoutLine: {'line': b'-- Up-to-date: /home/ruben/go2_deploy/workhop_rl/install/unitree_go/include/unitree_go/unitree_go/msg\n'}
[16.977722] (unitree_go) StdoutLine: {'line': b'-- Up-to-date: /home/ruben/go2_deploy/workhop_rl/install/unitree_go/include/unitree_go/unitree_go/msg/detail\n'}
[16.977852] (unitree_go) StdoutLine: {'line': b'-- Installing: /home/ruben/go2_deploy/workhop_rl/install/unitree_go/include/unitree_go/unitree_go/msg/detail/height_map__rosidl_typesupport_fastrtps_cpp.hpp\n'}
[16.977997] (unitree_go) StdoutLine: {'line': b'-- Installing: /home/ruben/go2_deploy/workhop_rl/install/unitree_go/include/unitree_go/unitree_go/msg/detail/wireless_controller__rosidl_typesupport_fastrtps_cpp.hpp\n'}
[16.978136] (unitree_go) StdoutLine: {'line': b'-- Installing: /home/ruben/go2_deploy/workhop_rl/install/unitree_go/include/unitree_go/unitree_go/msg/detail/path_point__rosidl_typesupport_fastrtps_cpp.hpp\n'}
[16.978249] (unitree_go) StdoutLine: {'line': b'-- Installing: /home/ruben/go2_deploy/workhop_rl/install/unitree_go/include/unitree_go/unitree_go/msg/detail/uwb_state__rosidl_typesupport_fastrtps_cpp.hpp\n'}
[16.978359] (unitree_go) StdoutLine: {'line': b'-- Installing: /home/ruben/go2_deploy/workhop_rl/install/unitree_go/include/unitree_go/unitree_go/msg/detail/motor_state__rosidl_typesupport_fastrtps_cpp.hpp\n'}
[16.978467] (unitree_go) StdoutLine: {'line': b'-- Installing: /home/ruben/go2_deploy/workhop_rl/install/unitree_go/include/unitree_go/unitree_go/msg/detail/motor_cmd__rosidl_typesupport_fastrtps_cpp.hpp\n'}
[16.978581] (unitree_go) StdoutLine: {'line': b'-- Installing: /home/ruben/go2_deploy/workhop_rl/install/unitree_go/include/unitree_go/unitree_go/msg/detail/req__rosidl_typesupport_fastrtps_cpp.hpp\n'}
[16.978701] (unitree_go) StdoutLine: {'line': b'-- Installing: /home/ruben/go2_deploy/workhop_rl/install/unitree_go/include/unitree_go/unitree_go/msg/detail/go2_front_video_data__rosidl_typesupport_fastrtps_cpp.hpp\n'}
[16.978813] (unitree_go) StdoutLine: {'line': b'-- Installing: /home/ruben/go2_deploy/workhop_rl/install/unitree_go/include/unitree_go/unitree_go/msg/detail/motor_states__rosidl_typesupport_fastrtps_cpp.hpp\n'}
[16.978920] (unitree_go) StdoutLine: {'line': b'-- Installing: /home/ruben/go2_deploy/workhop_rl/install/unitree_go/include/unitree_go/unitree_go/msg/detail/error__rosidl_typesupport_fastrtps_cpp.hpp\n'}
[16.979040] (unitree_go) StdoutLine: {'line': b'-- Installing: /home/ruben/go2_deploy/workhop_rl/install/unitree_go/include/unitree_go/unitree_go/msg/detail/motor_cmds__rosidl_typesupport_fastrtps_cpp.hpp\n'}
[16.979160] (unitree_go) StdoutLine: {'line': b'-- Installing: /home/ruben/go2_deploy/workhop_rl/install/unitree_go/include/unitree_go/unitree_go/msg/detail/time_spec__rosidl_typesupport_fastrtps_cpp.hpp\n'}
[16.979270] (unitree_go) StdoutLine: {'line': b'-- Installing: /home/ruben/go2_deploy/workhop_rl/install/unitree_go/include/unitree_go/unitree_go/msg/detail/uwb_switch__rosidl_typesupport_fastrtps_cpp.hpp\n'}
[16.979390] (unitree_go) StdoutLine: {'line': b'-- Installing: /home/ruben/go2_deploy/workhop_rl/install/unitree_go/include/unitree_go/unitree_go/msg/detail/sport_mode_cmd__rosidl_typesupport_fastrtps_cpp.hpp\n'}
[16.979498] (unitree_go) StdoutLine: {'line': b'-- Installing: /home/ruben/go2_deploy/workhop_rl/install/unitree_go/include/unitree_go/unitree_go/msg/detail/bms_cmd__rosidl_typesupport_fastrtps_cpp.hpp\n'}
[16.979612] (unitree_go) StdoutLine: {'line': b'-- Installing: /home/ruben/go2_deploy/workhop_rl/install/unitree_go/include/unitree_go/unitree_go/msg/detail/low_cmd__rosidl_typesupport_fastrtps_cpp.hpp\n'}
[16.979743] (unitree_go) StdoutLine: {'line': b'-- Installing: /home/ruben/go2_deploy/workhop_rl/install/unitree_go/include/unitree_go/unitree_go/msg/detail/res__rosidl_typesupport_fastrtps_cpp.hpp\n'}
[16.979865] (unitree_go) StdoutLine: {'line': b'-- Installing: /home/ruben/go2_deploy/workhop_rl/install/unitree_go/include/unitree_go/unitree_go/msg/detail/low_state__rosidl_typesupport_fastrtps_cpp.hpp\n'}
[16.979978] (unitree_go) StdoutLine: {'line': b'-- Installing: /home/ruben/go2_deploy/workhop_rl/install/unitree_go/include/unitree_go/unitree_go/msg/detail/interface_config__rosidl_typesupport_fastrtps_cpp.hpp\n'}
[16.980105] (unitree_go) StdoutLine: {'line': b'-- Installing: /home/ruben/go2_deploy/workhop_rl/install/unitree_go/include/unitree_go/unitree_go/msg/detail/lidar_state__rosidl_typesupport_fastrtps_cpp.hpp\n'}
[16.980233] (unitree_go) StdoutLine: {'line': b'-- Installing: /home/ruben/go2_deploy/workhop_rl/install/unitree_go/include/unitree_go/unitree_go/msg/detail/dds_fastrtps\n'}
[16.980380] (unitree_go) StdoutLine: {'line': b'-- Installing: /home/ruben/go2_deploy/workhop_rl/install/unitree_go/include/unitree_go/unitree_go/msg/detail/bms_state__rosidl_typesupport_fastrtps_cpp.hpp\n'}
[16.980516] (unitree_go) StdoutLine: {'line': b'-- Installing: /home/ruben/go2_deploy/workhop_rl/install/unitree_go/include/unitree_go/unitree_go/msg/detail/sport_mode_state__rosidl_typesupport_fastrtps_cpp.hpp\n'}
[16.980644] (-) TimerEvent: {}
[16.980910] (unitree_go) StdoutLine: {'line': b'-- Installing: /home/ruben/go2_deploy/workhop_rl/install/unitree_go/include/unitree_go/unitree_go/msg/detail/audio_data__rosidl_typesupport_fastrtps_cpp.hpp\n'}
[16.981089] (unitree_go) StdoutLine: {'line': b'-- Installing: /home/ruben/go2_deploy/workhop_rl/install/unitree_go/include/unitree_go/unitree_go/msg/detail/imu_state__rosidl_typesupport_fastrtps_cpp.hpp\n'}
[16.981232] (unitree_go) StdoutLine: {'line': b'-- Installing: /home/ruben/go2_deploy/workhop_rl/install/unitree_go/include/unitree_go/unitree_go/msg/rosidl_typesupport_fastrtps_cpp__visibility_control.h\n'}
[16.981374] (unitree_go) StdoutLine: {'line': b'-- Installing: /home/ruben/go2_deploy/workhop_rl/install/unitree_go/lib/libunitree_go__rosidl_typesupport_fastrtps_cpp.so\n'}
[16.981505] (unitree_go) StdoutLine: {'line': b'-- Set runtime path of "/home/ruben/go2_deploy/workhop_rl/install/unitree_go/lib/libunitree_go__rosidl_typesupport_fastrtps_cpp.so" to ""\n'}
[16.981636] (unitree_go) StdoutLine: {'line': b'-- Up-to-date: /home/ruben/go2_deploy/workhop_rl/install/unitree_go/include/unitree_go/unitree_go\n'}
[16.981767] (unitree_go) StdoutLine: {'line': b'-- Up-to-date: /home/ruben/go2_deploy/workhop_rl/install/unitree_go/include/unitree_go/unitree_go/msg\n'}
[16.981895] (unitree_go) StdoutLine: {'line': b'-- Up-to-date: /home/ruben/go2_deploy/workhop_rl/install/unitree_go/include/unitree_go/unitree_go/msg/detail\n'}
[16.982021] (unitree_go) StdoutLine: {'line': b'-- Installing: /home/ruben/go2_deploy/workhop_rl/install/unitree_go/include/unitree_go/unitree_go/msg/detail/path_point__type_support.c\n'}
[16.982164] (unitree_go) StdoutLine: {'line': b'-- Installing: /home/ruben/go2_deploy/workhop_rl/install/unitree_go/include/unitree_go/unitree_go/msg/detail/motor_state__type_support.c\n'}
[16.982289] (unitree_go) StdoutLine: {'line': b'-- Installing: /home/ruben/go2_deploy/workhop_rl/install/unitree_go/include/unitree_go/unitree_go/msg/detail/sport_mode_cmd__type_support.c\n'}
[16.982416] (unitree_go) StdoutLine: {'line': b'-- Installing: /home/ruben/go2_deploy/workhop_rl/install/unitree_go/include/unitree_go/unitree_go/msg/detail/low_state__type_support.c\n'}
[16.982546] (unitree_go) StdoutLine: {'line': b'-- Installing: /home/ruben/go2_deploy/workhop_rl/install/unitree_go/include/unitree_go/unitree_go/msg/detail/sport_mode_state__type_support.c\n'}
[16.982668] (unitree_go) StdoutLine: {'line': b'-- Installing: /home/ruben/go2_deploy/workhop_rl/install/unitree_go/include/unitree_go/unitree_go/msg/detail/motor_cmd__rosidl_typesupport_introspection_c.h\n'}
[16.982812] (unitree_go) StdoutLine: {'line': b'-- Installing: /home/ruben/go2_deploy/workhop_rl/install/unitree_go/include/unitree_go/unitree_go/msg/detail/req__rosidl_typesupport_introspection_c.h\n'}
[16.982948] (unitree_go) StdoutLine: {'line': b'-- Installing: /home/ruben/go2_deploy/workhop_rl/install/unitree_go/include/unitree_go/unitree_go/msg/detail/low_state__rosidl_typesupport_introspection_c.h\n'}
[16.983095] (unitree_go) StdoutLine: {'line': b'-- Installing: /home/ruben/go2_deploy/workhop_rl/install/unitree_go/include/unitree_go/unitree_go/msg/detail/interface_config__rosidl_typesupport_introspection_c.h\n'}
[16.983230] (unitree_go) StdoutLine: {'line': b'-- Installing: /home/ruben/go2_deploy/workhop_rl/install/unitree_go/include/unitree_go/unitree_go/msg/detail/bms_state__rosidl_typesupport_introspection_c.h\n'}
[16.983351] (unitree_go) StdoutLine: {'line': b'-- Installing: /home/ruben/go2_deploy/workhop_rl/install/unitree_go/include/unitree_go/unitree_go/msg/detail/bms_cmd__rosidl_typesupport_introspection_c.h\n'}
[16.983502] (unitree_go) StdoutLine: {'line': b'-- Installing: /home/ruben/go2_deploy/workhop_rl/install/unitree_go/include/unitree_go/unitree_go/msg/detail/res__type_support.c\n'}
[16.983629] (unitree_go) StdoutLine: {'line': b'-- Installing: /home/ruben/go2_deploy/workhop_rl/install/unitree_go/include/unitree_go/unitree_go/msg/detail/height_map__type_support.c\n'}
[16.983764] (unitree_go) StdoutLine: {'line': b'-- Installing: /home/ruben/go2_deploy/workhop_rl/install/unitree_go/include/unitree_go/unitree_go/msg/detail/low_cmd__type_support.c\n'}
[16.983885] (unitree_go) StdoutLine: {'line': b'-- Installing: /home/ruben/go2_deploy/workhop_rl/install/unitree_go/include/unitree_go/unitree_go/msg/detail/imu_state__type_support.c\n'}
[16.984012] (unitree_go) StdoutLine: {'line': b'-- Installing: /home/ruben/go2_deploy/workhop_rl/install/unitree_go/include/unitree_go/unitree_go/msg/detail/bms_cmd__type_support.c\n'}
[16.984151] (unitree_go) StdoutLine: {'line': b'-- Installing: /home/ruben/go2_deploy/workhop_rl/install/unitree_go/include/unitree_go/unitree_go/msg/detail/motor_state__rosidl_typesupport_introspection_c.h\n'}
[16.984295] (unitree_go) StdoutLine: {'line': b'-- Installing: /home/ruben/go2_deploy/workhop_rl/install/unitree_go/include/unitree_go/unitree_go/msg/detail/go2_front_video_data__rosidl_typesupport_introspection_c.h\n'}
[16.984421] (unitree_go) StdoutLine: {'line': b'-- Installing: /home/ruben/go2_deploy/workhop_rl/install/unitree_go/include/unitree_go/unitree_go/msg/detail/error__type_support.c\n'}
[16.984554] (unitree_go) StdoutLine: {'line': b'-- Installing: /home/ruben/go2_deploy/workhop_rl/install/unitree_go/include/unitree_go/unitree_go/msg/detail/bms_state__type_support.c\n'}
[16.984678] (unitree_go) StdoutLine: {'line': b'-- Installing: /home/ruben/go2_deploy/workhop_rl/install/unitree_go/include/unitree_go/unitree_go/msg/detail/imu_state__rosidl_typesupport_introspection_c.h\n'}
[16.984807] (unitree_go) StdoutLine: {'line': b'-- Installing: /home/ruben/go2_deploy/workhop_rl/install/unitree_go/include/unitree_go/unitree_go/msg/detail/lidar_state__rosidl_typesupport_introspection_c.h\n'}
[16.984930] (unitree_go) StdoutLine: {'line': b'-- Installing: /home/ruben/go2_deploy/workhop_rl/install/unitree_go/include/unitree_go/unitree_go/msg/detail/motor_cmd__type_support.c\n'}
[16.985075] (unitree_go) StdoutLine: {'line': b'-- Installing: /home/ruben/go2_deploy/workhop_rl/install/unitree_go/include/unitree_go/unitree_go/msg/detail/res__rosidl_typesupport_introspection_c.h\n'}
[16.985206] (unitree_go) StdoutLine: {'line': b'-- Installing: /home/ruben/go2_deploy/workhop_rl/install/unitree_go/include/unitree_go/unitree_go/msg/detail/interface_config__type_support.c\n'}
[16.985331] (unitree_go) StdoutLine: {'line': b'-- Installing: /home/ruben/go2_deploy/workhop_rl/install/unitree_go/include/unitree_go/unitree_go/msg/detail/low_cmd__rosidl_typesupport_introspection_c.h\n'}
[16.985455] (unitree_go) StdoutLine: {'line': b'-- Installing: /home/ruben/go2_deploy/workhop_rl/install/unitree_go/include/unitree_go/unitree_go/msg/detail/wireless_controller__rosidl_typesupport_introspection_c.h\n'}
[16.985579] (unitree_go) StdoutLine: {'line': b'-- Installing: /home/ruben/go2_deploy/workhop_rl/install/unitree_go/include/unitree_go/unitree_go/msg/detail/motor_cmds__type_support.c\n'}
[16.985712] (unitree_go) StdoutLine: {'line': b'-- Installing: /home/ruben/go2_deploy/workhop_rl/install/unitree_go/include/unitree_go/unitree_go/msg/detail/motor_states__type_support.c\n'}
[16.985838] (unitree_go) StdoutLine: {'line': b'-- Installing: /home/ruben/go2_deploy/workhop_rl/install/unitree_go/include/unitree_go/unitree_go/msg/detail/lidar_state__type_support.c\n'}
[16.985964] (unitree_go) StdoutLine: {'line': b'-- Installing: /home/ruben/go2_deploy/workhop_rl/install/unitree_go/include/unitree_go/unitree_go/msg/detail/sport_mode_state__rosidl_typesupport_introspection_c.h\n'}
[16.986101] (unitree_go) StdoutLine: {'line': b'-- Installing: /home/ruben/go2_deploy/workhop_rl/install/unitree_go/include/unitree_go/unitree_go/msg/detail/audio_data__type_support.c\n'}
[16.986231] (unitree_go) StdoutLine: {'line': b'-- Installing: /home/ruben/go2_deploy/workhop_rl/install/unitree_go/include/unitree_go/unitree_go/msg/detail/time_spec__rosidl_typesupport_introspection_c.h\n'}
[16.986355] (unitree_go) StdoutLine: {'line': b'-- Installing: /home/ruben/go2_deploy/workhop_rl/install/unitree_go/include/unitree_go/unitree_go/msg/detail/uwb_state__rosidl_typesupport_introspection_c.h\n'}
[16.986476] (unitree_go) StdoutLine: {'line': b'-- Installing: /home/ruben/go2_deploy/workhop_rl/install/unitree_go/include/unitree_go/unitree_go/msg/detail/sport_mode_cmd__rosidl_typesupport_introspection_c.h\n'}
[16.986599] (unitree_go) StdoutLine: {'line': b'-- Installing: /home/ruben/go2_deploy/workhop_rl/install/unitree_go/include/unitree_go/unitree_go/msg/detail/motor_cmds__rosidl_typesupport_introspection_c.h\n'}
[16.986723] (unitree_go) StdoutLine: {'line': b'-- Installing: /home/ruben/go2_deploy/workhop_rl/install/unitree_go/include/unitree_go/unitree_go/msg/detail/go2_front_video_data__type_support.c\n'}
[16.986851] (unitree_go) StdoutLine: {'line': b'-- Installing: /home/ruben/go2_deploy/workhop_rl/install/unitree_go/include/unitree_go/unitree_go/msg/detail/error__rosidl_typesupport_introspection_c.h\n'}
[16.986988] (unitree_go) StdoutLine: {'line': b'-- Installing: /home/ruben/go2_deploy/workhop_rl/install/unitree_go/include/unitree_go/unitree_go/msg/detail/audio_data__rosidl_typesupport_introspection_c.h\n'}
[16.987137] (unitree_go) StdoutLine: {'line': b'-- Installing: /home/ruben/go2_deploy/workhop_rl/install/unitree_go/include/unitree_go/unitree_go/msg/detail/path_point__rosidl_typesupport_introspection_c.h\n'}
[16.987280] (unitree_go) StdoutLine: {'line': b'-- Installing: /home/ruben/go2_deploy/workhop_rl/install/unitree_go/include/unitree_go/unitree_go/msg/detail/req__type_support.c\n'}
[16.987416] (unitree_go) StdoutLine: {'line': b'-- Installing: /home/ruben/go2_deploy/workhop_rl/install/unitree_go/include/unitree_go/unitree_go/msg/detail/wireless_controller__type_support.c\n'}
[16.987542] (unitree_go) StdoutLine: {'line': b'-- Installing: /home/ruben/go2_deploy/workhop_rl/install/unitree_go/include/unitree_go/unitree_go/msg/detail/time_spec__type_support.c\n'}
[16.987681] (unitree_go) StdoutLine: {'line': b'-- Installing: /home/ruben/go2_deploy/workhop_rl/install/unitree_go/include/unitree_go/unitree_go/msg/detail/uwb_switch__rosidl_typesupport_introspection_c.h\n'}
[16.987814] (unitree_go) StdoutLine: {'line': b'-- Installing: /home/ruben/go2_deploy/workhop_rl/install/unitree_go/include/unitree_go/unitree_go/msg/detail/uwb_state__type_support.c\n'}
[16.987951] (unitree_go) StdoutLine: {'line': b'-- Installing: /home/ruben/go2_deploy/workhop_rl/install/unitree_go/include/unitree_go/unitree_go/msg/detail/height_map__rosidl_typesupport_introspection_c.h\n'}
[16.988087] (unitree_go) StdoutLine: {'line': b'-- Installing: /home/ruben/go2_deploy/workhop_rl/install/unitree_go/include/unitree_go/unitree_go/msg/detail/uwb_switch__type_support.c\n'}
[16.988214] (unitree_go) StdoutLine: {'line': b'-- Installing: /home/ruben/go2_deploy/workhop_rl/install/unitree_go/include/unitree_go/unitree_go/msg/detail/motor_states__rosidl_typesupport_introspection_c.h\n'}
[16.988342] (unitree_go) StdoutLine: {'line': b'-- Installing: /home/ruben/go2_deploy/workhop_rl/install/unitree_go/include/unitree_go/unitree_go/msg/rosidl_typesupport_introspection_c__visibility_control.h\n'}
[16.988482] (unitree_go) StdoutLine: {'line': b'-- Installing: /home/ruben/go2_deploy/workhop_rl/install/unitree_go/lib/libunitree_go__rosidl_typesupport_introspection_c.so\n'}
[16.988621] (unitree_go) StdoutLine: {'line': b'-- Set runtime path of "/home/ruben/go2_deploy/workhop_rl/install/unitree_go/lib/libunitree_go__rosidl_typesupport_introspection_c.so" to ""\n'}
[16.988742] (unitree_go) StdoutLine: {'line': b'-- Installing: /home/ruben/go2_deploy/workhop_rl/install/unitree_go/lib/libunitree_go__rosidl_typesupport_c.so\n'}
[16.988864] (unitree_go) StdoutLine: {'line': b'-- Set runtime path of "/home/ruben/go2_deploy/workhop_rl/install/unitree_go/lib/libunitree_go__rosidl_typesupport_c.so" to ""\n'}
[16.988995] (unitree_go) StdoutLine: {'line': b'-- Up-to-date: /home/ruben/go2_deploy/workhop_rl/install/unitree_go/include/unitree_go/unitree_go\n'}
[16.989148] (unitree_go) StdoutLine: {'line': b'-- Up-to-date: /home/ruben/go2_deploy/workhop_rl/install/unitree_go/include/unitree_go/unitree_go/msg\n'}
[16.989297] (unitree_go) StdoutLine: {'line': b'-- Up-to-date: /home/ruben/go2_deploy/workhop_rl/install/unitree_go/include/unitree_go/unitree_go/msg/detail\n'}
[16.989440] (unitree_go) StdoutLine: {'line': b'-- Installing: /home/ruben/go2_deploy/workhop_rl/install/unitree_go/include/unitree_go/unitree_go/msg/detail/lidar_state__type_support.cpp\n'}
[16.989577] (unitree_go) StdoutLine: {'line': b'-- Installing: /home/ruben/go2_deploy/workhop_rl/install/unitree_go/include/unitree_go/unitree_go/msg/detail/sport_mode_state__type_support.cpp\n'}
[16.989717] (unitree_go) StdoutLine: {'line': b'-- Installing: /home/ruben/go2_deploy/workhop_rl/install/unitree_go/include/unitree_go/unitree_go/msg/detail/uwb_switch__type_support.cpp\n'}
[16.989870] (unitree_go) StdoutLine: {'line': b'-- Installing: /home/ruben/go2_deploy/workhop_rl/install/unitree_go/include/unitree_go/unitree_go/msg/detail/bms_cmd__rosidl_typesupport_introspection_cpp.hpp\n'}
[16.990010] (unitree_go) StdoutLine: {'line': b'-- Installing: /home/ruben/go2_deploy/workhop_rl/install/unitree_go/include/unitree_go/unitree_go/msg/detail/audio_data__type_support.cpp\n'}
[16.990165] (unitree_go) StdoutLine: {'line': b'-- Installing: /home/ruben/go2_deploy/workhop_rl/install/unitree_go/include/unitree_go/unitree_go/msg/detail/low_cmd__type_support.cpp\n'}
[16.990307] (unitree_go) StdoutLine: {'line': b'-- Installing: /home/ruben/go2_deploy/workhop_rl/install/unitree_go/include/unitree_go/unitree_go/msg/detail/time_spec__type_support.cpp\n'}
[16.990447] (unitree_go) StdoutLine: {'line': b'-- Installing: /home/ruben/go2_deploy/workhop_rl/install/unitree_go/include/unitree_go/unitree_go/msg/detail/go2_front_video_data__rosidl_typesupport_introspection_cpp.hpp\n'}
[16.990591] (unitree_go) StdoutLine: {'line': b'-- Installing: /home/ruben/go2_deploy/workhop_rl/install/unitree_go/include/unitree_go/unitree_go/msg/detail/sport_mode_cmd__type_support.cpp\n'}
[16.990732] (unitree_go) StdoutLine: {'line': b'-- Installing: /home/ruben/go2_deploy/workhop_rl/install/unitree_go/include/unitree_go/unitree_go/msg/detail/bms_state__rosidl_typesupport_introspection_cpp.hpp\n'}
[16.990875] (unitree_go) StdoutLine: {'line': b'-- Installing: /home/ruben/go2_deploy/workhop_rl/install/unitree_go/include/unitree_go/unitree_go/msg/detail/height_map__type_support.cpp\n'}
[16.991015] (unitree_go) StdoutLine: {'line': b'-- Installing: /home/ruben/go2_deploy/workhop_rl/install/unitree_go/include/unitree_go/unitree_go/msg/detail/interface_config__rosidl_typesupport_introspection_cpp.hpp\n'}
[16.991185] (unitree_go) StdoutLine: {'line': b'-- Installing: /home/ruben/go2_deploy/workhop_rl/install/unitree_go/include/unitree_go/unitree_go/msg/detail/motor_cmd__type_support.cpp\n'}
[16.991337] (unitree_go) StdoutLine: {'line': b'-- Installing: /home/ruben/go2_deploy/workhop_rl/install/unitree_go/include/unitree_go/unitree_go/msg/detail/time_spec__rosidl_typesupport_introspection_cpp.hpp\n'}
[16.991486] (unitree_go) StdoutLine: {'line': b'-- Installing: /home/ruben/go2_deploy/workhop_rl/install/unitree_go/include/unitree_go/unitree_go/msg/detail/uwb_state__rosidl_typesupport_introspection_cpp.hpp\n'}
[16.991624] (unitree_go) StdoutLine: {'line': b'-- Installing: /home/ruben/go2_deploy/workhop_rl/install/unitree_go/include/unitree_go/unitree_go/msg/detail/error__rosidl_typesupport_introspection_cpp.hpp\n'}
[16.991780] (unitree_go) StdoutLine: {'line': b'-- Installing: /home/ruben/go2_deploy/workhop_rl/install/unitree_go/include/unitree_go/unitree_go/msg/detail/uwb_switch__rosidl_typesupport_introspection_cpp.hpp\n'}
[16.991937] (unitree_go) StdoutLine: {'line': b'-- Installing: /home/ruben/go2_deploy/workhop_rl/install/unitree_go/include/unitree_go/unitree_go/msg/detail/bms_state__type_support.cpp\n'}
[16.992102] (unitree_go) StdoutLine: {'line': b'-- Installing: /home/ruben/go2_deploy/workhop_rl/install/unitree_go/include/unitree_go/unitree_go/msg/detail/interface_config__type_support.cpp\n'}
[16.992254] (unitree_go) StdoutLine: {'line': b'-- Installing: /home/ruben/go2_deploy/workhop_rl/install/unitree_go/include/unitree_go/unitree_go/msg/detail/lidar_state__rosidl_typesupport_introspection_cpp.hpp\n'}
[16.992402] (unitree_go) StdoutLine: {'line': b'-- Installing: /home/ruben/go2_deploy/workhop_rl/install/unitree_go/include/unitree_go/unitree_go/msg/detail/motor_states__type_support.cpp\n'}
[16.992542] (unitree_go) StdoutLine: {'line': b'-- Installing: /home/ruben/go2_deploy/workhop_rl/install/unitree_go/include/unitree_go/unitree_go/msg/detail/motor_cmd__rosidl_typesupport_introspection_cpp.hpp\n'}
[16.992681] (unitree_go) StdoutLine: {'line': b'-- Installing: /home/ruben/go2_deploy/workhop_rl/install/unitree_go/include/unitree_go/unitree_go/msg/detail/motor_cmds__rosidl_typesupport_introspection_cpp.hpp\n'}
[16.992829] (unitree_go) StdoutLine: {'line': b'-- Installing: /home/ruben/go2_deploy/workhop_rl/install/unitree_go/include/unitree_go/unitree_go/msg/detail/audio_data__rosidl_typesupport_introspection_cpp.hpp\n'}
[16.992967] (unitree_go) StdoutLine: {'line': b'-- Installing: /home/ruben/go2_deploy/workhop_rl/install/unitree_go/include/unitree_go/unitree_go/msg/detail/motor_state__rosidl_typesupport_introspection_cpp.hpp\n'}
[16.993127] (unitree_go) StdoutLine: {'line': b'-- Installing: /home/ruben/go2_deploy/workhop_rl/install/unitree_go/include/unitree_go/unitree_go/msg/detail/req__type_support.cpp\n'}
[16.993278] (unitree_go) StdoutLine: {'line': b'-- Installing: /home/ruben/go2_deploy/workhop_rl/install/unitree_go/include/unitree_go/unitree_go/msg/detail/imu_state__rosidl_typesupport_introspection_cpp.hpp\n'}
[16.993422] (unitree_go) StdoutLine: {'line': b'-- Installing: /home/ruben/go2_deploy/workhop_rl/install/unitree_go/include/unitree_go/unitree_go/msg/detail/req__rosidl_typesupport_introspection_cpp.hpp\n'}
[16.993577] (unitree_go) StdoutLine: {'line': b'-- Installing: /home/ruben/go2_deploy/workhop_rl/install/unitree_go/include/unitree_go/unitree_go/msg/detail/bms_cmd__type_support.cpp\n'}
[16.993724] (unitree_go) StdoutLine: {'line': b'-- Installing: /home/ruben/go2_deploy/workhop_rl/install/unitree_go/include/unitree_go/unitree_go/msg/detail/path_point__rosidl_typesupport_introspection_cpp.hpp\n'}
[16.993864] (unitree_go) StdoutLine: {'line': b'-- Installing: /home/ruben/go2_deploy/workhop_rl/install/unitree_go/include/unitree_go/unitree_go/msg/detail/uwb_state__type_support.cpp\n'}
[16.994010] (unitree_go) StdoutLine: {'line': b'-- Installing: /home/ruben/go2_deploy/workhop_rl/install/unitree_go/include/unitree_go/unitree_go/msg/detail/motor_states__rosidl_typesupport_introspection_cpp.hpp\n'}
[16.994179] (unitree_go) StdoutLine: {'line': b'-- Installing: /home/ruben/go2_deploy/workhop_rl/install/unitree_go/include/unitree_go/unitree_go/msg/detail/wireless_controller__type_support.cpp\n'}
[16.994326] (unitree_go) StdoutLine: {'line': b'-- Installing: /home/ruben/go2_deploy/workhop_rl/install/unitree_go/include/unitree_go/unitree_go/msg/detail/low_state__type_support.cpp\n'}
[16.994467] (unitree_go) StdoutLine: {'line': b'-- Installing: /home/ruben/go2_deploy/workhop_rl/install/unitree_go/include/unitree_go/unitree_go/msg/detail/wireless_controller__rosidl_typesupport_introspection_cpp.hpp\n'}
[16.994604] (unitree_go) StdoutLine: {'line': b'-- Installing: /home/ruben/go2_deploy/workhop_rl/install/unitree_go/include/unitree_go/unitree_go/msg/detail/sport_mode_cmd__rosidl_typesupport_introspection_cpp.hpp\n'}
[16.994762] (unitree_go) StdoutLine: {'line': b'-- Installing: /home/ruben/go2_deploy/workhop_rl/install/unitree_go/include/unitree_go/unitree_go/msg/detail/path_point__type_support.cpp\n'}
[16.994920] (unitree_go) StdoutLine: {'line': b'-- Installing: /home/ruben/go2_deploy/workhop_rl/install/unitree_go/include/unitree_go/unitree_go/msg/detail/res__rosidl_typesupport_introspection_cpp.hpp\n'}
[16.995099] (unitree_go) StdoutLine: {'line': b'-- Installing: /home/ruben/go2_deploy/workhop_rl/install/unitree_go/include/unitree_go/unitree_go/msg/detail/motor_state__type_support.cpp\n'}
[16.995254] (unitree_go) StdoutLine: {'line': b'-- Installing: /home/ruben/go2_deploy/workhop_rl/install/unitree_go/include/unitree_go/unitree_go/msg/detail/height_map__rosidl_typesupport_introspection_cpp.hpp\n'}
[16.995393] (unitree_go) StdoutLine: {'line': b'-- Installing: /home/ruben/go2_deploy/workhop_rl/install/unitree_go/include/unitree_go/unitree_go/msg/detail/res__type_support.cpp\n'}
[16.995525] (unitree_go) StdoutLine: {'line': b'-- Installing: /home/ruben/go2_deploy/workhop_rl/install/unitree_go/include/unitree_go/unitree_go/msg/detail/sport_mode_state__rosidl_typesupport_introspection_cpp.hpp\n'}
[16.995669] (unitree_go) StdoutLine: {'line': b'-- Installing: /home/ruben/go2_deploy/workhop_rl/install/unitree_go/include/unitree_go/unitree_go/msg/detail/imu_state__type_support.cpp\n'}
[16.995828] (unitree_go) StdoutLine: {'line': b'-- Installing: /home/ruben/go2_deploy/workhop_rl/install/unitree_go/include/unitree_go/unitree_go/msg/detail/motor_cmds__type_support.cpp\n'}
[16.995969] (unitree_go) StdoutLine: {'line': b'-- Installing: /home/ruben/go2_deploy/workhop_rl/install/unitree_go/include/unitree_go/unitree_go/msg/detail/low_cmd__rosidl_typesupport_introspection_cpp.hpp\n'}
[16.996139] (unitree_go) StdoutLine: {'line': b'-- Installing: /home/ruben/go2_deploy/workhop_rl/install/unitree_go/include/unitree_go/unitree_go/msg/detail/low_state__rosidl_typesupport_introspection_cpp.hpp\n'}
[16.996283] (unitree_go) StdoutLine: {'line': b'-- Installing: /home/ruben/go2_deploy/workhop_rl/install/unitree_go/include/unitree_go/unitree_go/msg/detail/go2_front_video_data__type_support.cpp\n'}
[16.996426] (unitree_go) StdoutLine: {'line': b'-- Installing: /home/ruben/go2_deploy/workhop_rl/install/unitree_go/include/unitree_go/unitree_go/msg/detail/error__type_support.cpp\n'}
[16.996563] (unitree_go) StdoutLine: {'line': b'-- Installing: /home/ruben/go2_deploy/workhop_rl/install/unitree_go/lib/libunitree_go__rosidl_typesupport_introspection_cpp.so\n'}
[16.996712] (unitree_go) StdoutLine: {'line': b'-- Set runtime path of "/home/ruben/go2_deploy/workhop_rl/install/unitree_go/lib/libunitree_go__rosidl_typesupport_introspection_cpp.so" to ""\n'}
[16.996857] (unitree_go) StdoutLine: {'line': b'-- Installing: /home/ruben/go2_deploy/workhop_rl/install/unitree_go/lib/libunitree_go__rosidl_typesupport_cpp.so\n'}
[16.997013] (unitree_go) StdoutLine: {'line': b'-- Set runtime path of "/home/ruben/go2_deploy/workhop_rl/install/unitree_go/lib/libunitree_go__rosidl_typesupport_cpp.so" to ""\n'}
[16.997182] (unitree_go) StdoutLine: {'line': b'-- Installing: /home/ruben/go2_deploy/workhop_rl/install/unitree_go/share/unitree_go/environment/pythonpath.sh\n'}
[16.997336] (unitree_go) StdoutLine: {'line': b'-- Installing: /home/ruben/go2_deploy/workhop_rl/install/unitree_go/share/unitree_go/environment/pythonpath.dsv\n'}
[16.997485] (unitree_go) StdoutLine: {'line': b'-- Installing: /home/ruben/go2_deploy/workhop_rl/install/unitree_go/local/lib/python3.10/dist-packages/unitree_go-0.0.0-py3.10.egg-info\n'}
[16.997644] (unitree_go) StdoutLine: {'line': b'-- Installing: /home/ruben/go2_deploy/workhop_rl/install/unitree_go/local/lib/python3.10/dist-packages/unitree_go-0.0.0-py3.10.egg-info/SOURCES.txt\n'}
[16.997795] (unitree_go) StdoutLine: {'line': b'-- Installing: /home/ruben/go2_deploy/workhop_rl/install/unitree_go/local/lib/python3.10/dist-packages/unitree_go-0.0.0-py3.10.egg-info/PKG-INFO\n'}
[16.997939] (unitree_go) StdoutLine: {'line': b'-- Installing: /home/ruben/go2_deploy/workhop_rl/install/unitree_go/local/lib/python3.10/dist-packages/unitree_go-0.0.0-py3.10.egg-info/top_level.txt\n'}
[16.998084] (unitree_go) StdoutLine: {'line': b'-- Installing: /home/ruben/go2_deploy/workhop_rl/install/unitree_go/local/lib/python3.10/dist-packages/unitree_go-0.0.0-py3.10.egg-info/dependency_links.txt\n'}
[16.998228] (unitree_go) StdoutLine: {'line': b'-- Installing: /home/ruben/go2_deploy/workhop_rl/install/unitree_go/local/lib/python3.10/dist-packages/unitree_go\n'}
[16.998358] (unitree_go) StdoutLine: {'line': b'-- Installing: /home/ruben/go2_deploy/workhop_rl/install/unitree_go/local/lib/python3.10/dist-packages/unitree_go/unitree_go_s__rosidl_typesupport_c.cpython-310-x86_64-linux-gnu.so\n'}
[16.998510] (unitree_go) StdoutLine: {'line': b'-- Installing: /home/ruben/go2_deploy/workhop_rl/install/unitree_go/local/lib/python3.10/dist-packages/unitree_go/unitree_go_s__rosidl_typesupport_introspection_c.cpython-310-x86_64-linux-gnu.so\n'}
[16.998678] (unitree_go) StdoutLine: {'line': b'-- Installing: /home/ruben/go2_deploy/workhop_rl/install/unitree_go/local/lib/python3.10/dist-packages/unitree_go/__init__.py\n'}
[16.998841] (unitree_go) StdoutLine: {'line': b'-- Installing: /home/ruben/go2_deploy/workhop_rl/install/unitree_go/local/lib/python3.10/dist-packages/unitree_go/_unitree_go_s.ep.rosidl_typesupport_c.c\n'}
[16.999008] (unitree_go) StdoutLine: {'line': b'-- Installing: /home/ruben/go2_deploy/workhop_rl/install/unitree_go/local/lib/python3.10/dist-packages/unitree_go/_unitree_go_s.ep.rosidl_typesupport_introspection_c.c\n'}
[16.999180] (unitree_go) StdoutLine: {'line': b'-- Installing: /home/ruben/go2_deploy/workhop_rl/install/unitree_go/local/lib/python3.10/dist-packages/unitree_go/_unitree_go_s.ep.rosidl_typesupport_fastrtps_c.c\n'}
[16.999337] (unitree_go) StdoutLine: {'line': b'-- Installing: /home/ruben/go2_deploy/workhop_rl/install/unitree_go/local/lib/python3.10/dist-packages/unitree_go/msg\n'}
[16.999501] (unitree_go) StdoutLine: {'line': b'-- Installing: /home/ruben/go2_deploy/workhop_rl/install/unitree_go/local/lib/python3.10/dist-packages/unitree_go/msg/_error_s.c\n'}
[16.999642] (unitree_go) StdoutLine: {'line': b'-- Installing: /home/ruben/go2_deploy/workhop_rl/install/unitree_go/local/lib/python3.10/dist-packages/unitree_go/msg/_audio_data.py\n'}
[16.999771] (unitree_go) StdoutLine: {'line': b'-- Installing: /home/ruben/go2_deploy/workhop_rl/install/unitree_go/local/lib/python3.10/dist-packages/unitree_go/msg/_sport_mode_cmd.py\n'}
[16.999906] (unitree_go) StdoutLine: {'line': b'-- Installing: /home/ruben/go2_deploy/workhop_rl/install/unitree_go/local/lib/python3.10/dist-packages/unitree_go/msg/_low_cmd.py\n'}
[17.000064] (unitree_go) StdoutLine: {'line': b'-- Installing: /home/ruben/go2_deploy/workhop_rl/install/unitree_go/local/lib/python3.10/dist-packages/unitree_go/msg/_low_state.py\n'}
[17.000209] (unitree_go) StdoutLine: {'line': b'-- Installing: /home/ruben/go2_deploy/workhop_rl/install/unitree_go/local/lib/python3.10/dist-packages/unitree_go/msg/_motor_state_s.c\n'}
[17.000329] (unitree_go) StdoutLine: {'line': b'-- Installing: /home/ruben/go2_deploy/workhop_rl/install/unitree_go/local/lib/python3.10/dist-packages/unitree_go/msg/_sport_mode_state.py\n'}
[17.000450] (unitree_go) StdoutLine: {'line': b'-- Installing: /home/ruben/go2_deploy/workhop_rl/install/unitree_go/local/lib/python3.10/dist-packages/unitree_go/msg/_motor_state.py\n'}
[17.000574] (unitree_go) StdoutLine: {'line': b'-- Installing: /home/ruben/go2_deploy/workhop_rl/install/unitree_go/local/lib/python3.10/dist-packages/unitree_go/msg/_wireless_controller.py\n'}
[17.000699] (unitree_go) StdoutLine: {'line': b'-- Installing: /home/ruben/go2_deploy/workhop_rl/install/unitree_go/local/lib/python3.10/dist-packages/unitree_go/msg/_path_point.py\n'}
[17.000828] (unitree_go) StdoutLine: {'line': b'-- Installing: /home/ruben/go2_deploy/workhop_rl/install/unitree_go/local/lib/python3.10/dist-packages/unitree_go/msg/_sport_mode_state_s.c\n'}
[17.000952] (unitree_go) StdoutLine: {'line': b'-- Installing: /home/ruben/go2_deploy/workhop_rl/install/unitree_go/local/lib/python3.10/dist-packages/unitree_go/msg/_audio_data_s.c\n'}
[17.001093] (unitree_go) StdoutLine: {'line': b'-- Installing: /home/ruben/go2_deploy/workhop_rl/install/unitree_go/local/lib/python3.10/dist-packages/unitree_go/msg/_motor_cmds_s.c\n'}
[17.001218] (unitree_go) StdoutLine: {'line': b'-- Installing: /home/ruben/go2_deploy/workhop_rl/install/unitree_go/local/lib/python3.10/dist-packages/unitree_go/msg/__init__.py\n'}
[17.001338] (unitree_go) StdoutLine: {'line': b'-- Installing: /home/ruben/go2_deploy/workhop_rl/install/unitree_go/local/lib/python3.10/dist-packages/unitree_go/msg/_path_point_s.c\n'}
[17.001464] (unitree_go) StdoutLine: {'line': b'-- Installing: /home/ruben/go2_deploy/workhop_rl/install/unitree_go/local/lib/python3.10/dist-packages/unitree_go/msg/_go2_front_video_data.py\n'}
[17.001602] (unitree_go) StdoutLine: {'line': b'-- Installing: /home/ruben/go2_deploy/workhop_rl/install/unitree_go/local/lib/python3.10/dist-packages/unitree_go/msg/_res.py\n'}
[17.001754] (unitree_go) StdoutLine: {'line': b'-- Installing: /home/ruben/go2_deploy/workhop_rl/install/unitree_go/local/lib/python3.10/dist-packages/unitree_go/msg/_motor_cmd_s.c\n'}
[17.001872] (unitree_go) StdoutLine: {'line': b'-- Installing: /home/ruben/go2_deploy/workhop_rl/install/unitree_go/local/lib/python3.10/dist-packages/unitree_go/msg/_motor_states_s.c\n'}
[17.002006] (unitree_go) StdoutLine: {'line': b'-- Installing: /home/ruben/go2_deploy/workhop_rl/install/unitree_go/local/lib/python3.10/dist-packages/unitree_go/msg/_height_map_s.c\n'}
[17.002160] (unitree_go) StdoutLine: {'line': b'-- Installing: /home/ruben/go2_deploy/workhop_rl/install/unitree_go/local/lib/python3.10/dist-packages/unitree_go/msg/_uwb_switch.py\n'}
[17.002313] (unitree_go) StdoutLine: {'line': b'-- Installing: /home/ruben/go2_deploy/workhop_rl/install/unitree_go/local/lib/python3.10/dist-packages/unitree_go/msg/_low_state_s.c\n'}
[17.002457] (unitree_go) StdoutLine: {'line': b'-- Installing: /home/ruben/go2_deploy/workhop_rl/install/unitree_go/local/lib/python3.10/dist-packages/unitree_go/msg/_height_map.py\n'}
[17.002615] (unitree_go) StdoutLine: {'line': b'-- Installing: /home/ruben/go2_deploy/workhop_rl/install/unitree_go/local/lib/python3.10/dist-packages/unitree_go/msg/_imu_state.py\n'}
[17.002747] (unitree_go) StdoutLine: {'line': b'-- Installing: /home/ruben/go2_deploy/workhop_rl/install/unitree_go/local/lib/python3.10/dist-packages/unitree_go/msg/_sport_mode_cmd_s.c\n'}
[17.002867] (unitree_go) StdoutLine: {'line': b'-- Installing: /home/ruben/go2_deploy/workhop_rl/install/unitree_go/local/lib/python3.10/dist-packages/unitree_go/msg/_imu_state_s.c\n'}
[17.002992] (unitree_go) StdoutLine: {'line': b'-- Installing: /home/ruben/go2_deploy/workhop_rl/install/unitree_go/local/lib/python3.10/dist-packages/unitree_go/msg/_interface_config_s.c\n'}
[17.003146] (unitree_go) StdoutLine: {'line': b'-- Installing: /home/ruben/go2_deploy/workhop_rl/install/unitree_go/local/lib/python3.10/dist-packages/unitree_go/msg/_motor_cmd.py\n'}
[17.003293] (unitree_go) StdoutLine: {'line': b'-- Installing: /home/ruben/go2_deploy/workhop_rl/install/unitree_go/local/lib/python3.10/dist-packages/unitree_go/msg/_lidar_state.py\n'}
[17.003421] (unitree_go) StdoutLine: {'line': b'-- Installing: /home/ruben/go2_deploy/workhop_rl/install/unitree_go/local/lib/python3.10/dist-packages/unitree_go/msg/_uwb_state.py\n'}
[17.003563] (unitree_go) StdoutLine: {'line': b'-- Installing: /home/ruben/go2_deploy/workhop_rl/install/unitree_go/local/lib/python3.10/dist-packages/unitree_go/msg/_uwb_switch_s.c\n'}
[17.003690] (unitree_go) StdoutLine: {'line': b'-- Installing: /home/ruben/go2_deploy/workhop_rl/install/unitree_go/local/lib/python3.10/dist-packages/unitree_go/msg/_lidar_state_s.c\n'}
[17.003818] (unitree_go) StdoutLine: {'line': b'-- Installing: /home/ruben/go2_deploy/workhop_rl/install/unitree_go/local/lib/python3.10/dist-packages/unitree_go/msg/_time_spec_s.c\n'}
[17.003941] (unitree_go) StdoutLine: {'line': b'-- Installing: /home/ruben/go2_deploy/workhop_rl/install/unitree_go/local/lib/python3.10/dist-packages/unitree_go/msg/_bms_cmd_s.c\n'}
[17.004070] (unitree_go) StdoutLine: {'line': b'-- Installing: /home/ruben/go2_deploy/workhop_rl/install/unitree_go/local/lib/python3.10/dist-packages/unitree_go/msg/_motor_states.py\n'}
[17.004209] (unitree_go) StdoutLine: {'line': b'-- Installing: /home/ruben/go2_deploy/workhop_rl/install/unitree_go/local/lib/python3.10/dist-packages/unitree_go/msg/_uwb_state_s.c\n'}
[17.004342] (unitree_go) StdoutLine: {'line': b'-- Installing: /home/ruben/go2_deploy/workhop_rl/install/unitree_go/local/lib/python3.10/dist-packages/unitree_go/msg/_low_cmd_s.c\n'}
[17.004481] (unitree_go) StdoutLine: {'line': b'-- Installing: /home/ruben/go2_deploy/workhop_rl/install/unitree_go/local/lib/python3.10/dist-packages/unitree_go/msg/_motor_cmds.py\n'}
[17.004610] (unitree_go) StdoutLine: {'line': b'-- Installing: /home/ruben/go2_deploy/workhop_rl/install/unitree_go/local/lib/python3.10/dist-packages/unitree_go/msg/_req_s.c\n'}
[17.004744] (unitree_go) StdoutLine: {'line': b'-- Installing: /home/ruben/go2_deploy/workhop_rl/install/unitree_go/local/lib/python3.10/dist-packages/unitree_go/msg/_wireless_controller_s.c\n'}
[17.004866] (unitree_go) StdoutLine: {'line': b'-- Installing: /home/ruben/go2_deploy/workhop_rl/install/unitree_go/local/lib/python3.10/dist-packages/unitree_go/msg/_go2_front_video_data_s.c\n'}
[17.004992] (unitree_go) StdoutLine: {'line': b'-- Installing: /home/ruben/go2_deploy/workhop_rl/install/unitree_go/local/lib/python3.10/dist-packages/unitree_go/msg/_bms_cmd.py\n'}
[17.005137] (unitree_go) StdoutLine: {'line': b'-- Installing: /home/ruben/go2_deploy/workhop_rl/install/unitree_go/local/lib/python3.10/dist-packages/unitree_go/msg/_bms_state.py\n'}
[17.005261] (unitree_go) StdoutLine: {'line': b'-- Installing: /home/ruben/go2_deploy/workhop_rl/install/unitree_go/local/lib/python3.10/dist-packages/unitree_go/msg/_time_spec.py\n'}
[17.005381] (unitree_go) StdoutLine: {'line': b'-- Installing: /home/ruben/go2_deploy/workhop_rl/install/unitree_go/local/lib/python3.10/dist-packages/unitree_go/msg/_req.py\n'}
[17.005503] (unitree_go) StdoutLine: {'line': b'-- Installing: /home/ruben/go2_deploy/workhop_rl/install/unitree_go/local/lib/python3.10/dist-packages/unitree_go/msg/_res_s.c\n'}
[17.005632] (unitree_go) StdoutLine: {'line': b'-- Installing: /home/ruben/go2_deploy/workhop_rl/install/unitree_go/local/lib/python3.10/dist-packages/unitree_go/msg/_interface_config.py\n'}
[17.005755] (unitree_go) StdoutLine: {'line': b'-- Installing: /home/ruben/go2_deploy/workhop_rl/install/unitree_go/local/lib/python3.10/dist-packages/unitree_go/msg/_bms_state_s.c\n'}
[17.005892] (unitree_go) StdoutLine: {'line': b'-- Installing: /home/ruben/go2_deploy/workhop_rl/install/unitree_go/local/lib/python3.10/dist-packages/unitree_go/msg/_error.py\n'}
[17.006015] (unitree_go) StdoutLine: {'line': b'-- Installing: /home/ruben/go2_deploy/workhop_rl/install/unitree_go/local/lib/python3.10/dist-packages/unitree_go/libunitree_go__rosidl_generator_py.so\n'}
[17.006155] (unitree_go) StdoutLine: {'line': b'-- Installing: /home/ruben/go2_deploy/workhop_rl/install/unitree_go/local/lib/python3.10/dist-packages/unitree_go/unitree_go_s__rosidl_typesupport_fastrtps_c.cpython-310-x86_64-linux-gnu.so\n'}
[17.025848] (unitree_go) StdoutLine: {'line': b"Listing '/home/ruben/go2_deploy/workhop_rl/install/unitree_go/local/lib/python3.10/dist-packages/unitree_go'...\n"}
[17.026068] (unitree_go) StdoutLine: {'line': b"Compiling '/home/ruben/go2_deploy/workhop_rl/install/unitree_go/local/lib/python3.10/dist-packages/unitree_go/__init__.py'...\n"}
[17.026218] (unitree_go) StdoutLine: {'line': b"Listing '/home/ruben/go2_deploy/workhop_rl/install/unitree_go/local/lib/python3.10/dist-packages/unitree_go/msg'...\n"}
[17.026358] (unitree_go) StdoutLine: {'line': b"Compiling '/home/ruben/go2_deploy/workhop_rl/install/unitree_go/local/lib/python3.10/dist-packages/unitree_go/msg/__init__.py'...\n"}
[17.026494] (unitree_go) StdoutLine: {'line': b"Compiling '/home/ruben/go2_deploy/workhop_rl/install/unitree_go/local/lib/python3.10/dist-packages/unitree_go/msg/_audio_data.py'...\n"}
[17.026640] (unitree_go) StdoutLine: {'line': b"Compiling '/home/ruben/go2_deploy/workhop_rl/install/unitree_go/local/lib/python3.10/dist-packages/unitree_go/msg/_bms_cmd.py'...\n"}
[17.026767] (unitree_go) StdoutLine: {'line': b"Compiling '/home/ruben/go2_deploy/workhop_rl/install/unitree_go/local/lib/python3.10/dist-packages/unitree_go/msg/_bms_state.py'...\n"}
[17.026891] (unitree_go) StdoutLine: {'line': b"Compiling '/home/ruben/go2_deploy/workhop_rl/install/unitree_go/local/lib/python3.10/dist-packages/unitree_go/msg/_error.py'...\n"}
[17.027021] (unitree_go) StdoutLine: {'line': b"Compiling '/home/ruben/go2_deploy/workhop_rl/install/unitree_go/local/lib/python3.10/dist-packages/unitree_go/msg/_go2_front_video_data.py'...\n"}
[17.027167] (unitree_go) StdoutLine: {'line': b"Compiling '/home/ruben/go2_deploy/workhop_rl/install/unitree_go/local/lib/python3.10/dist-packages/unitree_go/msg/_height_map.py'...\n"}
[17.027304] (unitree_go) StdoutLine: {'line': b"Compiling '/home/ruben/go2_deploy/workhop_rl/install/unitree_go/local/lib/python3.10/dist-packages/unitree_go/msg/_imu_state.py'...\n"}
[17.027424] (unitree_go) StdoutLine: {'line': b"Compiling '/home/ruben/go2_deploy/workhop_rl/install/unitree_go/local/lib/python3.10/dist-packages/unitree_go/msg/_interface_config.py'...\n"}
[17.027551] (unitree_go) StdoutLine: {'line': b"Compiling '/home/ruben/go2_deploy/workhop_rl/install/unitree_go/local/lib/python3.10/dist-packages/unitree_go/msg/_lidar_state.py'...\n"}
[17.027672] (unitree_go) StdoutLine: {'line': b"Compiling '/home/ruben/go2_deploy/workhop_rl/install/unitree_go/local/lib/python3.10/dist-packages/unitree_go/msg/_low_cmd.py'...\n"}
[17.027796] (unitree_go) StdoutLine: {'line': b"Compiling '/home/ruben/go2_deploy/workhop_rl/install/unitree_go/local/lib/python3.10/dist-packages/unitree_go/msg/_low_state.py'...\n"}
[17.027922] (unitree_go) StdoutLine: {'line': b"Compiling '/home/ruben/go2_deploy/workhop_rl/install/unitree_go/local/lib/python3.10/dist-packages/unitree_go/msg/_motor_cmd.py'...\n"}
[17.028038] (unitree_go) StdoutLine: {'line': b"Compiling '/home/ruben/go2_deploy/workhop_rl/install/unitree_go/local/lib/python3.10/dist-packages/unitree_go/msg/_motor_cmds.py'...\n"}
[17.028159] (unitree_go) StdoutLine: {'line': b"Compiling '/home/ruben/go2_deploy/workhop_rl/install/unitree_go/local/lib/python3.10/dist-packages/unitree_go/msg/_motor_state.py'...\n"}
[17.028269] (unitree_go) StdoutLine: {'line': b"Compiling '/home/ruben/go2_deploy/workhop_rl/install/unitree_go/local/lib/python3.10/dist-packages/unitree_go/msg/_motor_states.py'...\n"}
[17.028388] (unitree_go) StdoutLine: {'line': b"Compiling '/home/ruben/go2_deploy/workhop_rl/install/unitree_go/local/lib/python3.10/dist-packages/unitree_go/msg/_path_point.py'...\n"}
[17.028511] (unitree_go) StdoutLine: {'line': b"Compiling '/home/ruben/go2_deploy/workhop_rl/install/unitree_go/local/lib/python3.10/dist-packages/unitree_go/msg/_req.py'...\n"}
[17.028622] (unitree_go) StdoutLine: {'line': b"Compiling '/home/ruben/go2_deploy/workhop_rl/install/unitree_go/local/lib/python3.10/dist-packages/unitree_go/msg/_res.py'...\n"}
[17.028733] (unitree_go) StdoutLine: {'line': b"Compiling '/home/ruben/go2_deploy/workhop_rl/install/unitree_go/local/lib/python3.10/dist-packages/unitree_go/msg/_sport_mode_cmd.py'...\n"}
[17.028842] (unitree_go) StdoutLine: {'line': b"Compiling '/home/ruben/go2_deploy/workhop_rl/install/unitree_go/local/lib/python3.10/dist-packages/unitree_go/msg/_sport_mode_state.py'...\n"}
[17.028954] (unitree_go) StdoutLine: {'line': b"Compiling '/home/ruben/go2_deploy/workhop_rl/install/unitree_go/local/lib/python3.10/dist-packages/unitree_go/msg/_time_spec.py'...\n"}
[17.029076] (unitree_go) StdoutLine: {'line': b"Compiling '/home/ruben/go2_deploy/workhop_rl/install/unitree_go/local/lib/python3.10/dist-packages/unitree_go/msg/_uwb_state.py'...\n"}
[17.029199] (unitree_go) StdoutLine: {'line': b"Compiling '/home/ruben/go2_deploy/workhop_rl/install/unitree_go/local/lib/python3.10/dist-packages/unitree_go/msg/_uwb_switch.py'...\n"}
[17.029310] (unitree_go) StdoutLine: {'line': b"Compiling '/home/ruben/go2_deploy/workhop_rl/install/unitree_go/local/lib/python3.10/dist-packages/unitree_go/msg/_wireless_controller.py'...\n"}
[17.029712] (unitree_go) StdoutLine: {'line': b'-- Installing: /home/ruben/go2_deploy/workhop_rl/install/unitree_go/local/lib/python3.10/dist-packages/unitree_go/unitree_go_s__rosidl_typesupport_fastrtps_c.cpython-310-x86_64-linux-gnu.so\n'}
[17.029949] (unitree_go) StdoutLine: {'line': b'-- Set runtime path of "/home/ruben/go2_deploy/workhop_rl/install/unitree_go/local/lib/python3.10/dist-packages/unitree_go/unitree_go_s__rosidl_typesupport_fastrtps_c.cpython-310-x86_64-linux-gnu.so" to ""\n'}
[17.030116] (unitree_go) StdoutLine: {'line': b'-- Installing: /home/ruben/go2_deploy/workhop_rl/install/unitree_go/local/lib/python3.10/dist-packages/unitree_go/unitree_go_s__rosidl_typesupport_introspection_c.cpython-310-x86_64-linux-gnu.so\n'}
[17.030356] (unitree_go) StdoutLine: {'line': b'-- Set runtime path of "/home/ruben/go2_deploy/workhop_rl/install/unitree_go/local/lib/python3.10/dist-packages/unitree_go/unitree_go_s__rosidl_typesupport_introspection_c.cpython-310-x86_64-linux-gnu.so" to ""\n'}
[17.030491] (unitree_go) StdoutLine: {'line': b'-- Installing: /home/ruben/go2_deploy/workhop_rl/install/unitree_go/local/lib/python3.10/dist-packages/unitree_go/unitree_go_s__rosidl_typesupport_c.cpython-310-x86_64-linux-gnu.so\n'}
[17.030690] (unitree_go) StdoutLine: {'line': b'-- Set runtime path of "/home/ruben/go2_deploy/workhop_rl/install/unitree_go/local/lib/python3.10/dist-packages/unitree_go/unitree_go_s__rosidl_typesupport_c.cpython-310-x86_64-linux-gnu.so" to ""\n'}
[17.030818] (unitree_go) StdoutLine: {'line': b'-- Installing: /home/ruben/go2_deploy/workhop_rl/install/unitree_go/lib/libunitree_go__rosidl_generator_py.so\n'}
[17.031194] (unitree_go) StdoutLine: {'line': b'-- Set runtime path of "/home/ruben/go2_deploy/workhop_rl/install/unitree_go/lib/libunitree_go__rosidl_generator_py.so" to ""\n'}
[17.031368] (unitree_go) StdoutLine: {'line': b'-- Installing: /home/ruben/go2_deploy/workhop_rl/install/unitree_go/share/unitree_go/msg/AudioData.idl\n'}
[17.031422] (unitree_go) StdoutLine: {'line': b'-- Installing: /home/ruben/go2_deploy/workhop_rl/install/unitree_go/share/unitree_go/msg/BmsCmd.idl\n'}
[17.031467] (unitree_go) StdoutLine: {'line': b'-- Installing: /home/ruben/go2_deploy/workhop_rl/install/unitree_go/share/unitree_go/msg/BmsState.idl\n'}
[17.031527] (unitree_go) StdoutLine: {'line': b'-- Installing: /home/ruben/go2_deploy/workhop_rl/install/unitree_go/share/unitree_go/msg/Error.idl\n'}
[17.031570] (unitree_go) StdoutLine: {'line': b'-- Installing: /home/ruben/go2_deploy/workhop_rl/install/unitree_go/share/unitree_go/msg/Go2FrontVideoData.idl\n'}
[17.031631] (unitree_go) StdoutLine: {'line': b'-- Installing: /home/ruben/go2_deploy/workhop_rl/install/unitree_go/share/unitree_go/msg/HeightMap.idl\n'}
[17.031670] (unitree_go) StdoutLine: {'line': b'-- Installing: /home/ruben/go2_deploy/workhop_rl/install/unitree_go/share/unitree_go/msg/IMUState.idl\n'}
[17.031720] (unitree_go) StdoutLine: {'line': b'-- Installing: /home/ruben/go2_deploy/workhop_rl/install/unitree_go/share/unitree_go/msg/InterfaceConfig.idl\n'}
[17.031788] (unitree_go) StdoutLine: {'line': b'-- Installing: /home/ruben/go2_deploy/workhop_rl/install/unitree_go/share/unitree_go/msg/LidarState.idl\n'}
[17.031872] (unitree_go) StdoutLine: {'line': b'-- Installing: /home/ruben/go2_deploy/workhop_rl/install/unitree_go/share/unitree_go/msg/LowCmd.idl\n'}
[17.031966] (unitree_go) StdoutLine: {'line': b'-- Installing: /home/ruben/go2_deploy/workhop_rl/install/unitree_go/share/unitree_go/msg/LowState.idl\n'}
[17.032069] (unitree_go) StdoutLine: {'line': b'-- Installing: /home/ruben/go2_deploy/workhop_rl/install/unitree_go/share/unitree_go/msg/MotorCmd.idl\n'}
[17.032154] (unitree_go) StdoutLine: {'line': b'-- Installing: /home/ruben/go2_deploy/workhop_rl/install/unitree_go/share/unitree_go/msg/MotorCmds.idl\n'}
[17.032230] (unitree_go) StdoutLine: {'line': b'-- Installing: /home/ruben/go2_deploy/workhop_rl/install/unitree_go/share/unitree_go/msg/MotorState.idl\n'}
[17.032313] (unitree_go) StdoutLine: {'line': b'-- Installing: /home/ruben/go2_deploy/workhop_rl/install/unitree_go/share/unitree_go/msg/MotorStates.idl\n'}
[17.032410] (unitree_go) StdoutLine: {'line': b'-- Installing: /home/ruben/go2_deploy/workhop_rl/install/unitree_go/share/unitree_go/msg/PathPoint.idl\n'}
[17.032475] (unitree_go) StdoutLine: {'line': b'-- Installing: /home/ruben/go2_deploy/workhop_rl/install/unitree_go/share/unitree_go/msg/Req.idl\n'}
[17.032554] (unitree_go) StdoutLine: {'line': b'-- Installing: /home/ruben/go2_deploy/workhop_rl/install/unitree_go/share/unitree_go/msg/Res.idl\n'}
[17.032647] (unitree_go) StdoutLine: {'line': b'-- Installing: /home/ruben/go2_deploy/workhop_rl/install/unitree_go/share/unitree_go/msg/SportModeCmd.idl\n'}
[17.032700] (unitree_go) StdoutLine: {'line': b'-- Installing: /home/ruben/go2_deploy/workhop_rl/install/unitree_go/share/unitree_go/msg/SportModeState.idl\n'}
[17.032749] (unitree_go) StdoutLine: {'line': b'-- Installing: /home/ruben/go2_deploy/workhop_rl/install/unitree_go/share/unitree_go/msg/TimeSpec.idl\n'}
[17.032805] (unitree_go) StdoutLine: {'line': b'-- Installing: /home/ruben/go2_deploy/workhop_rl/install/unitree_go/share/unitree_go/msg/UwbState.idl\n'}
[17.032889] (unitree_go) StdoutLine: {'line': b'-- Installing: /home/ruben/go2_deploy/workhop_rl/install/unitree_go/share/unitree_go/msg/UwbSwitch.idl\n'}
[17.032947] (unitree_go) StdoutLine: {'line': b'-- Installing: /home/ruben/go2_deploy/workhop_rl/install/unitree_go/share/unitree_go/msg/WirelessController.idl\n'}
[17.033006] (unitree_go) StdoutLine: {'line': b'-- Installing: /home/ruben/go2_deploy/workhop_rl/install/unitree_go/share/unitree_go/msg/AudioData.msg\n'}
[17.033079] (unitree_go) StdoutLine: {'line': b'-- Installing: /home/ruben/go2_deploy/workhop_rl/install/unitree_go/share/unitree_go/msg/BmsCmd.msg\n'}
[17.033145] (unitree_go) StdoutLine: {'line': b'-- Installing: /home/ruben/go2_deploy/workhop_rl/install/unitree_go/share/unitree_go/msg/BmsState.msg\n'}
[17.033233] (unitree_go) StdoutLine: {'line': b'-- Installing: /home/ruben/go2_deploy/workhop_rl/install/unitree_go/share/unitree_go/msg/Error.msg\n'}
[17.033270] (unitree_go) StdoutLine: {'line': b'-- Installing: /home/ruben/go2_deploy/workhop_rl/install/unitree_go/share/unitree_go/msg/Go2FrontVideoData.msg\n'}
[17.033320] (unitree_go) StdoutLine: {'line': b'-- Installing: /home/ruben/go2_deploy/workhop_rl/install/unitree_go/share/unitree_go/msg/HeightMap.msg\n'}
[17.033366] (unitree_go) StdoutLine: {'line': b'-- Installing: /home/ruben/go2_deploy/workhop_rl/install/unitree_go/share/unitree_go/msg/IMUState.msg\n'}
[17.033414] (unitree_go) StdoutLine: {'line': b'-- Installing: /home/ruben/go2_deploy/workhop_rl/install/unitree_go/share/unitree_go/msg/InterfaceConfig.msg\n'}
[17.033473] (unitree_go) StdoutLine: {'line': b'-- Installing: /home/ruben/go2_deploy/workhop_rl/install/unitree_go/share/unitree_go/msg/LidarState.msg\n'}
[17.033542] (unitree_go) StdoutLine: {'line': b'-- Installing: /home/ruben/go2_deploy/workhop_rl/install/unitree_go/share/unitree_go/msg/LowCmd.msg\n'}
[17.033593] (unitree_go) StdoutLine: {'line': b'-- Installing: /home/ruben/go2_deploy/workhop_rl/install/unitree_go/share/unitree_go/msg/LowState.msg\n'}
[17.033668] (unitree_go) StdoutLine: {'line': b'-- Installing: /home/ruben/go2_deploy/workhop_rl/install/unitree_go/share/unitree_go/msg/MotorCmd.msg\n'}
[17.033721] (unitree_go) StdoutLine: {'line': b'-- Installing: /home/ruben/go2_deploy/workhop_rl/install/unitree_go/share/unitree_go/msg/MotorCmds.msg\n'}
[17.033772] (unitree_go) StdoutLine: {'line': b'-- Installing: /home/ruben/go2_deploy/workhop_rl/install/unitree_go/share/unitree_go/msg/MotorState.msg\n'}
[17.033848] (unitree_go) StdoutLine: {'line': b'-- Installing: /home/ruben/go2_deploy/workhop_rl/install/unitree_go/share/unitree_go/msg/MotorStates.msg\n'}
[17.033938] (unitree_go) StdoutLine: {'line': b'-- Installing: /home/ruben/go2_deploy/workhop_rl/install/unitree_go/share/unitree_go/msg/PathPoint.msg\n'}
[17.033989] (unitree_go) StdoutLine: {'line': b'-- Installing: /home/ruben/go2_deploy/workhop_rl/install/unitree_go/share/unitree_go/msg/Req.msg\n'}
[17.034035] (unitree_go) StdoutLine: {'line': b'-- Installing: /home/ruben/go2_deploy/workhop_rl/install/unitree_go/share/unitree_go/msg/Res.msg\n'}
[17.034095] (unitree_go) StdoutLine: {'line': b'-- Installing: /home/ruben/go2_deploy/workhop_rl/install/unitree_go/share/unitree_go/msg/SportModeCmd.msg\n'}
[17.034150] (unitree_go) StdoutLine: {'line': b'-- Installing: /home/ruben/go2_deploy/workhop_rl/install/unitree_go/share/unitree_go/msg/SportModeState.msg\n'}
[17.034211] (unitree_go) StdoutLine: {'line': b'-- Installing: /home/ruben/go2_deploy/workhop_rl/install/unitree_go/share/unitree_go/msg/TimeSpec.msg\n'}
[17.034282] (unitree_go) StdoutLine: {'line': b'-- Installing: /home/ruben/go2_deploy/workhop_rl/install/unitree_go/share/unitree_go/msg/UwbState.msg\n'}
[17.034348] (unitree_go) StdoutLine: {'line': b'-- Installing: /home/ruben/go2_deploy/workhop_rl/install/unitree_go/share/unitree_go/msg/UwbSwitch.msg\n'}
[17.034396] (unitree_go) StdoutLine: {'line': b'-- Installing: /home/ruben/go2_deploy/workhop_rl/install/unitree_go/share/unitree_go/msg/WirelessController.msg\n'}
[17.034457] (unitree_go) StdoutLine: {'line': b'-- Installing: /home/ruben/go2_deploy/workhop_rl/install/unitree_go/share/unitree_go/msg/dds_connext\n'}
[17.034527] (unitree_go) StdoutLine: {'line': b'-- Installing: /home/ruben/go2_deploy/workhop_rl/install/unitree_go/share/unitree_go/msg/dds_connext/PathPoint_.idl\n'}
[17.034601] (unitree_go) StdoutLine: {'line': b'-- Installing: /home/ruben/go2_deploy/workhop_rl/install/unitree_go/share/unitree_go/msg/dds_connext/WirelessController_.idl\n'}
[17.034656] (unitree_go) StdoutLine: {'line': b'-- Installing: /home/ruben/go2_deploy/workhop_rl/install/unitree_go/share/unitree_go/msg/dds_connext/LowCmd_.idl\n'}
[17.034722] (unitree_go) StdoutLine: {'line': b'-- Installing: /home/ruben/go2_deploy/workhop_rl/install/unitree_go/share/unitree_go/msg/dds_connext/BmsState_.idl\n'}
[17.034786] (unitree_go) StdoutLine: {'line': b'-- Installing: /home/ruben/go2_deploy/workhop_rl/install/unitree_go/share/unitree_go/msg/dds_connext/AudioData_.idl\n'}
[17.034831] (unitree_go) StdoutLine: {'line': b'-- Installing: /home/ruben/go2_deploy/workhop_rl/install/unitree_go/share/unitree_go/msg/dds_connext/MotorCmd_.idl\n'}
[17.034905] (unitree_go) StdoutLine: {'line': b'-- Installing: /home/ruben/go2_deploy/workhop_rl/install/unitree_go/share/unitree_go/msg/dds_connext/LowState_.idl\n'}
[17.034950] (unitree_go) StdoutLine: {'line': b'-- Installing: /home/ruben/go2_deploy/workhop_rl/install/unitree_go/share/unitree_go/msg/dds_connext/MotorStates_.idl\n'}
[17.034990] (unitree_go) StdoutLine: {'line': b'-- Installing: /home/ruben/go2_deploy/workhop_rl/install/unitree_go/share/unitree_go/msg/dds_connext/MotorState_.idl\n'}
[17.035047] (unitree_go) StdoutLine: {'line': b'-- Installing: /home/ruben/go2_deploy/workhop_rl/install/unitree_go/share/unitree_go/msg/dds_connext/Error_.idl\n'}
[17.035145] (unitree_go) StdoutLine: {'line': b'-- Installing: /home/ruben/go2_deploy/workhop_rl/install/unitree_go/share/unitree_go/msg/dds_connext/SportModeCmd_.idl\n'}
[17.035190] (unitree_go) StdoutLine: {'line': b'-- Installing: /home/ruben/go2_deploy/workhop_rl/install/unitree_go/share/unitree_go/msg/dds_connext/MotorCmds_.idl\n'}
[17.035239] (unitree_go) StdoutLine: {'line': b'-- Installing: /home/ruben/go2_deploy/workhop_rl/install/unitree_go/share/unitree_go/msg/dds_connext/Go2FrontVideoData_.idl\n'}
[17.035283] (unitree_go) StdoutLine: {'line': b'-- Installing: /home/ruben/go2_deploy/workhop_rl/install/unitree_go/share/unitree_go/msg/dds_connext/HeightMap_.idl\n'}
[17.035323] (unitree_go) StdoutLine: {'line': b'-- Installing: /home/ruben/go2_deploy/workhop_rl/install/unitree_go/share/unitree_go/msg/dds_connext/UwbState_.idl\n'}
[17.035361] (unitree_go) StdoutLine: {'line': b'-- Installing: /home/ruben/go2_deploy/workhop_rl/install/unitree_go/share/unitree_go/msg/dds_connext/LidarState_.idl\n'}
[17.035400] (unitree_go) StdoutLine: {'line': b'-- Installing: /home/ruben/go2_deploy/workhop_rl/install/unitree_go/share/unitree_go/msg/dds_connext/Res_.idl\n'}
[17.035511] (unitree_go) StdoutLine: {'line': b'-- Installing: /home/ruben/go2_deploy/workhop_rl/install/unitree_go/share/unitree_go/msg/dds_connext/UwbSwitch_.idl\n'}
[17.035559] (unitree_go) StdoutLine: {'line': b'-- Installing: /home/ruben/go2_deploy/workhop_rl/install/unitree_go/share/unitree_go/msg/dds_connext/SportModeState_.idl\n'}
[17.035603] (unitree_go) StdoutLine: {'line': b'-- Installing: /home/ruben/go2_deploy/workhop_rl/install/unitree_go/share/unitree_go/msg/dds_connext/IMUState_.idl\n'}
[17.035704] (unitree_go) StdoutLine: {'line': b'-- Installing: /home/ruben/go2_deploy/workhop_rl/install/unitree_go/share/unitree_go/msg/dds_connext/BmsCmd_.idl\n'}
[17.035750] (unitree_go) StdoutLine: {'line': b'-- Installing: /home/ruben/go2_deploy/workhop_rl/install/unitree_go/share/unitree_go/msg/dds_connext/InterfaceConfig_.idl\n'}
[17.035795] (unitree_go) StdoutLine: {'line': b'-- Installing: /home/ruben/go2_deploy/workhop_rl/install/unitree_go/share/unitree_go/msg/dds_connext/Req_.idl\n'}
[17.035839] (unitree_go) StdoutLine: {'line': b'-- Installing: /home/ruben/go2_deploy/workhop_rl/install/unitree_go/share/unitree_go/msg/dds_connext/TimeSpec_.idl\n'}
[17.035886] (unitree_go) StdoutLine: {'line': b'-- Installing: /home/ruben/go2_deploy/workhop_rl/install/unitree_go/share/ament_index/resource_index/package_run_dependencies/unitree_go\n'}
[17.035932] (unitree_go) StdoutLine: {'line': b'-- Installing: /home/ruben/go2_deploy/workhop_rl/install/unitree_go/share/ament_index/resource_index/parent_prefix_path/unitree_go\n'}
[17.036010] (unitree_go) StdoutLine: {'line': b'-- Installing: /home/ruben/go2_deploy/workhop_rl/install/unitree_go/share/unitree_go/environment/ament_prefix_path.sh\n'}
[17.036085] (unitree_go) StdoutLine: {'line': b'-- Installing: /home/ruben/go2_deploy/workhop_rl/install/unitree_go/share/unitree_go/environment/ament_prefix_path.dsv\n'}
[17.036132] (unitree_go) StdoutLine: {'line': b'-- Installing: /home/ruben/go2_deploy/workhop_rl/install/unitree_go/share/unitree_go/environment/path.sh\n'}
[17.036221] (unitree_go) StdoutLine: {'line': b'-- Installing: /home/ruben/go2_deploy/workhop_rl/install/unitree_go/share/unitree_go/environment/path.dsv\n'}
[17.036269] (unitree_go) StdoutLine: {'line': b'-- Installing: /home/ruben/go2_deploy/workhop_rl/install/unitree_go/share/unitree_go/local_setup.bash\n'}
[17.036312] (unitree_go) StdoutLine: {'line': b'-- Installing: /home/ruben/go2_deploy/workhop_rl/install/unitree_go/share/unitree_go/local_setup.sh\n'}
[17.036356] (unitree_go) StdoutLine: {'line': b'-- Installing: /home/ruben/go2_deploy/workhop_rl/install/unitree_go/share/unitree_go/local_setup.zsh\n'}
[17.036401] (unitree_go) StdoutLine: {'line': b'-- Installing: /home/ruben/go2_deploy/workhop_rl/install/unitree_go/share/unitree_go/local_setup.dsv\n'}
[17.036477] (unitree_go) StdoutLine: {'line': b'-- Installing: /home/ruben/go2_deploy/workhop_rl/install/unitree_go/share/unitree_go/package.dsv\n'}
[17.036524] (unitree_go) StdoutLine: {'line': b'-- Installing: /home/ruben/go2_deploy/workhop_rl/install/unitree_go/share/ament_index/resource_index/packages/unitree_go\n'}
[17.036568] (unitree_go) StdoutLine: {'line': b'-- Installing: /home/ruben/go2_deploy/workhop_rl/install/unitree_go/share/unitree_go/cmake/export_unitree_go__rosidl_generator_cExport.cmake\n'}
[17.036645] (unitree_go) StdoutLine: {'line': b'-- Installing: /home/ruben/go2_deploy/workhop_rl/install/unitree_go/share/unitree_go/cmake/export_unitree_go__rosidl_generator_cExport-noconfig.cmake\n'}
[17.036692] (unitree_go) StdoutLine: {'line': b'-- Installing: /home/ruben/go2_deploy/workhop_rl/install/unitree_go/share/unitree_go/cmake/export_unitree_go__rosidl_typesupport_fastrtps_cExport.cmake\n'}
[17.036736] (unitree_go) StdoutLine: {'line': b'-- Installing: /home/ruben/go2_deploy/workhop_rl/install/unitree_go/share/unitree_go/cmake/export_unitree_go__rosidl_typesupport_fastrtps_cExport-noconfig.cmake\n'}
[17.036810] (unitree_go) StdoutLine: {'line': b'-- Installing: /home/ruben/go2_deploy/workhop_rl/install/unitree_go/share/unitree_go/cmake/export_unitree_go__rosidl_generator_cppExport.cmake\n'}
[17.036857] (unitree_go) StdoutLine: {'line': b'-- Installing: /home/ruben/go2_deploy/workhop_rl/install/unitree_go/share/unitree_go/cmake/export_unitree_go__rosidl_typesupport_fastrtps_cppExport.cmake\n'}
[17.036947] (unitree_go) StdoutLine: {'line': b'-- Installing: /home/ruben/go2_deploy/workhop_rl/install/unitree_go/share/unitree_go/cmake/export_unitree_go__rosidl_typesupport_fastrtps_cppExport-noconfig.cmake\n'}
[17.036991] (unitree_go) StdoutLine: {'line': b'-- Installing: /home/ruben/go2_deploy/workhop_rl/install/unitree_go/share/unitree_go/cmake/unitree_go__rosidl_typesupport_introspection_cExport.cmake\n'}
[17.037039] (unitree_go) StdoutLine: {'line': b'-- Installing: /home/ruben/go2_deploy/workhop_rl/install/unitree_go/share/unitree_go/cmake/unitree_go__rosidl_typesupport_introspection_cExport-noconfig.cmake\n'}
[17.037088] (unitree_go) StdoutLine: {'line': b'-- Installing: /home/ruben/go2_deploy/workhop_rl/install/unitree_go/share/unitree_go/cmake/unitree_go__rosidl_typesupport_cExport.cmake\n'}
[17.037161] (unitree_go) StdoutLine: {'line': b'-- Installing: /home/ruben/go2_deploy/workhop_rl/install/unitree_go/share/unitree_go/cmake/unitree_go__rosidl_typesupport_cExport-noconfig.cmake\n'}
[17.037201] (unitree_go) StdoutLine: {'line': b'-- Installing: /home/ruben/go2_deploy/workhop_rl/install/unitree_go/share/unitree_go/cmake/unitree_go__rosidl_typesupport_introspection_cppExport.cmake\n'}
[17.037240] (unitree_go) StdoutLine: {'line': b'-- Installing: /home/ruben/go2_deploy/workhop_rl/install/unitree_go/share/unitree_go/cmake/unitree_go__rosidl_typesupport_introspection_cppExport-noconfig.cmake\n'}
[17.037300] (unitree_go) StdoutLine: {'line': b'-- Installing: /home/ruben/go2_deploy/workhop_rl/install/unitree_go/share/unitree_go/cmake/unitree_go__rosidl_typesupport_cppExport.cmake\n'}
[17.037368] (unitree_go) StdoutLine: {'line': b'-- Installing: /home/ruben/go2_deploy/workhop_rl/install/unitree_go/share/unitree_go/cmake/unitree_go__rosidl_typesupport_cppExport-noconfig.cmake\n'}
[17.037408] (unitree_go) StdoutLine: {'line': b'-- Installing: /home/ruben/go2_deploy/workhop_rl/install/unitree_go/share/unitree_go/cmake/export_unitree_go__rosidl_generator_pyExport.cmake\n'}
[17.037468] (unitree_go) StdoutLine: {'line': b'-- Installing: /home/ruben/go2_deploy/workhop_rl/install/unitree_go/share/unitree_go/cmake/export_unitree_go__rosidl_generator_pyExport-noconfig.cmake\n'}
[17.037536] (unitree_go) StdoutLine: {'line': b'-- Installing: /home/ruben/go2_deploy/workhop_rl/install/unitree_go/share/unitree_go/cmake/rosidl_cmake-extras.cmake\n'}
[17.037577] (unitree_go) StdoutLine: {'line': b'-- Installing: /home/ruben/go2_deploy/workhop_rl/install/unitree_go/share/unitree_go/cmake/ament_cmake_export_dependencies-extras.cmake\n'}
[17.037637] (unitree_go) StdoutLine: {'line': b'-- Installing: /home/ruben/go2_deploy/workhop_rl/install/unitree_go/share/unitree_go/cmake/ament_cmake_export_include_directories-extras.cmake\n'}
[17.037699] (unitree_go) StdoutLine: {'line': b'-- Installing: /home/ruben/go2_deploy/workhop_rl/install/unitree_go/share/unitree_go/cmake/ament_cmake_export_libraries-extras.cmake\n'}
[17.037760] (unitree_go) StdoutLine: {'line': b'-- Installing: /home/ruben/go2_deploy/workhop_rl/install/unitree_go/share/unitree_go/cmake/ament_cmake_export_targets-extras.cmake\n'}
[17.037821] (unitree_go) StdoutLine: {'line': b'-- Installing: /home/ruben/go2_deploy/workhop_rl/install/unitree_go/share/unitree_go/cmake/rosidl_cmake_export_typesupport_targets-extras.cmake\n'}
[17.037888] (unitree_go) StdoutLine: {'line': b'-- Installing: /home/ruben/go2_deploy/workhop_rl/install/unitree_go/share/unitree_go/cmake/rosidl_cmake_export_typesupport_libraries-extras.cmake\n'}
[17.037949] (unitree_go) StdoutLine: {'line': b'-- Installing: /home/ruben/go2_deploy/workhop_rl/install/unitree_go/share/unitree_go/cmake/unitree_goConfig.cmake\n'}
[17.038010] (unitree_go) StdoutLine: {'line': b'-- Installing: /home/ruben/go2_deploy/workhop_rl/install/unitree_go/share/unitree_go/cmake/unitree_goConfig-version.cmake\n'}
[17.038079] (unitree_go) StdoutLine: {'line': b'-- Installing: /home/ruben/go2_deploy/workhop_rl/install/unitree_go/share/unitree_go/package.xml\n'}
[17.040706] (unitree_go) CommandEnded: {'returncode': 0}
[17.052456] (unitree_go) JobEnded: {'identifier': 'unitree_go', 'rc': 0}
[17.053326] (stand_go2) JobStarted: {'identifier': 'stand_go2'}
[17.054845] (unitree_mujoco) JobStarted: {'identifier': 'unitree_mujoco'}
[17.057219] (unitree_ros2_example) JobStarted: {'identifier': 'unitree_ros2_example'}
[17.062209] (stand_go2) JobProgress: {'identifier': 'stand_go2', 'progress': 'cmake'}
[17.062695] (stand_go2) Command: {'cmd': ['/usr/bin/cmake', '/home/ruben/go2_deploy/workhop_rl/src/unitree_mujoco/example/ros2', '-DCMAKE_INSTALL_PREFIX=/home/ruben/go2_deploy/workhop_rl/install/stand_go2'], 'cwd': '/home/ruben/go2_deploy/workhop_rl/build/stand_go2', 'env': OrderedDict([('LESSOPEN', '| /usr/bin/lesspipe %s'), ('CONDA_PROMPT_MODIFIER', ''), ('USER', 'ruben'), ('LC_TIME', 'ru_RU.UTF-8'), ('XDG_SESSION_TYPE', 'x11'), ('SHLVL', '1'), ('LD_LIBRARY_PATH', '/home/ruben/go2_deploy/workhop_rl/install/unitree_go/lib:/home/ruben/go2_deploy/workhop_rl/install/unitree_api/lib:/usr/lib/x86_64-linux-gnu/gazebo-11/plugins:/opt/ros/humble/opt/rviz_ogre_vendor/lib:/opt/ros/humble/lib/x86_64-linux-gnu:/opt/ros/humble/lib'), ('HOME', '/home/ruben'), ('CONDA_SHLVL', '0'), ('CYCLONEDDS_URI', '<CycloneDDS><Domain><General><Interfaces>\n                            <NetworkInterface name="lo" priority="default" multicast="default" />\n                        </Interfaces></General></Domain></CycloneDDS>'), ('OLDPWD', '/home/ruben/go2_deploy/workhop_rl/src'), ('DESKTOP_SESSION', 'ubuntu'), ('ROS_PYTHON_VERSION', '3'), ('GNOME_SHELL_SESSION_MODE', 'ubuntu'), ('GTK_MODULES', 'gail:atk-bridge'), ('LC_MONETARY', 'ru_RU.UTF-8'), ('SYSTEMD_EXEC_PID', '2945'), ('DBUS_SESSION_BUS_ADDRESS', 'unix:path=/run/user/1000/bus'), ('COLORTERM', 'truecolor'), ('_CE_M', ''), ('_CONDA_ROOT', '/home/ruben/miniconda3'), ('ROS_DISTRO', 'humble'), ('GTK_IM_MODULE', 'ibus'), ('LOGNAME', 'ruben'), ('_', '/usr/bin/colcon'), ('ROS_VERSION', '2'), ('XDG_SESSION_CLASS', 'user'), ('USERNAME', 'ruben'), ('TERM', 'xterm-256color'), ('GNOME_DESKTOP_SESSION_ID', 'this-is-deprecated'), ('_CE_CONDA', ''), ('ROS_LOCALHOST_ONLY', '0'), ('WINDOWPATH', '2'), ('PATH', '/opt/ros/humble/bin:/home/ruben/miniconda3/condabin:/usr/local/sbin:/usr/local/bin:/usr/sbin:/usr/bin:/sbin:/bin:/usr/games:/usr/local/games:/snap/bin:/snap/bin'), ('SESSION_MANAGER', 'local/ruben:@/tmp/.ICE-unix/2916,unix/ruben:/tmp/.ICE-unix/2916'), ('XDG_MENU_PREFIX', 'gnome-'), ('LC_ADDRESS', 'ru_RU.UTF-8'), ('GNOME_TERMINAL_SCREEN', '/org/gnome/Terminal/screen/a128e479_87a9_4f71_b049_48318ab91614'), ('XDG_RUNTIME_DIR', '/run/user/1000'), ('DISPLAY', ':1'), ('LANG', 'en_US.UTF-8'), ('XDG_CURRENT_DESKTOP', 'ubuntu:GNOME'), ('LC_TELEPHONE', 'ru_RU.UTF-8'), ('RMW_IMPLEMENTATION', 'rmw_cyclonedds_cpp'), ('XMODIFIERS', '@im=ibus'), ('XDG_SESSION_DESKTOP', 'ubuntu'), ('XAUTHORITY', '/run/user/1000/gdm/Xauthority'), ('LS_COLORS', 'rs=0:di=01;34:ln=01;36:mh=00:pi=40;33:so=01;35:do=01;35:bd=40;33;01:cd=40;33;01:or=40;31;01:mi=00:su=37;41:sg=30;43:ca=30;41:tw=30;42:ow=34;42:st=37;44:ex=01;32:*.tar=01;31:*.tgz=01;31:*.arc=01;31:*.arj=01;31:*.taz=01;31:*.lha=01;31:*.lz4=01;31:*.lzh=01;31:*.lzma=01;31:*.tlz=01;31:*.txz=01;31:*.tzo=01;31:*.t7z=01;31:*.zip=01;31:*.z=01;31:*.dz=01;31:*.gz=01;31:*.lrz=01;31:*.lz=01;31:*.lzo=01;31:*.xz=01;31:*.zst=01;31:*.tzst=01;31:*.bz2=01;31:*.bz=01;31:*.tbz=01;31:*.tbz2=01;31:*.tz=01;31:*.deb=01;31:*.rpm=01;31:*.jar=01;31:*.war=01;31:*.ear=01;31:*.sar=01;31:*.rar=01;31:*.alz=01;31:*.ace=01;31:*.zoo=01;31:*.cpio=01;31:*.7z=01;31:*.rz=01;31:*.cab=01;31:*.wim=01;31:*.swm=01;31:*.dwm=01;31:*.esd=01;31:*.jpg=01;35:*.jpeg=01;35:*.mjpg=01;35:*.mjpeg=01;35:*.gif=01;35:*.bmp=01;35:*.pbm=01;35:*.pgm=01;35:*.ppm=01;35:*.tga=01;35:*.xbm=01;35:*.xpm=01;35:*.tif=01;35:*.tiff=01;35:*.png=01;35:*.svg=01;35:*.svgz=01;35:*.mng=01;35:*.pcx=01;35:*.mov=01;35:*.mpg=01;35:*.mpeg=01;35:*.m2v=01;35:*.mkv=01;35:*.webm=01;35:*.webp=01;35:*.ogm=01;35:*.mp4=01;35:*.m4v=01;35:*.mp4v=01;35:*.vob=01;35:*.qt=01;35:*.nuv=01;35:*.wmv=01;35:*.asf=01;35:*.rm=01;35:*.rmvb=01;35:*.flc=01;35:*.avi=01;35:*.fli=01;35:*.flv=01;35:*.gl=01;35:*.dl=01;35:*.xcf=01;35:*.xwd=01;35:*.yuv=01;35:*.cgm=01;35:*.emf=01;35:*.ogv=01;35:*.ogx=01;35:*.aac=00;36:*.au=00;36:*.flac=00;36:*.m4a=00;36:*.mid=00;36:*.midi=00;36:*.mka=00;36:*.mp3=00;36:*.mpc=00;36:*.ogg=00;36:*.ra=00;36:*.wav=00;36:*.oga=00;36:*.opus=00;36:*.spx=00;36:*.xspf=00;36:'), ('GNOME_TERMINAL_SERVICE', ':1.92'), ('SSH_AGENT_LAUNCHER', 'gnome-keyring'), ('SSH_AUTH_SOCK', '/run/user/1000/keyring/ssh'), ('ROS_DOMAIN_ID', '1'), ('AMENT_PREFIX_PATH', '/home/ruben/go2_deploy/workhop_rl/install/unitree_go:/home/ruben/go2_deploy/workhop_rl/install/unitree_api:/opt/ros/humble'), ('CONDA_PYTHON_EXE', '/home/ruben/miniconda3/bin/python'), ('SHELL', '/bin/bash'), ('LC_NAME', 'ru_RU.UTF-8'), ('QT_ACCESSIBILITY', '1'), ('GDMSESSION', 'ubuntu'), ('Torch_DIR', '/path/to/your/libtorch'), ('LESSCLOSE', '/usr/bin/lesspipe %s %s'), ('CONDA_DEFAULT_ENV', ''), ('LC_MEASUREMENT', 'ru_RU.UTF-8'), ('GPG_AGENT_INFO', '/run/user/1000/gnupg/S.gpg-agent:0:1'), ('_CONDA_EXE', '/home/ruben/miniconda3/bin/conda'), ('LC_IDENTIFICATION', 'ru_RU.UTF-8'), ('QT_IM_MODULE', 'ibus'), ('PWD', '/home/ruben/go2_deploy/workhop_rl/build/stand_go2'), ('XDG_CONFIG_DIRS', '/etc/xdg/xdg-ubuntu:/etc/xdg'), ('CONDA_EXE', '/home/ruben/miniconda3/bin/conda'), ('XDG_DATA_DIRS', '/usr/share/ubuntu:/usr/share/gnome:/usr/local/share/:/usr/share/:/var/lib/snapd/desktop'), ('PYTHONPATH', '/home/ruben/go2_deploy/workhop_rl/install/unitree_go/local/lib/python3.10/dist-packages:/home/ruben/go2_deploy/workhop_rl/install/unitree_api/local/lib/python3.10/dist-packages:/opt/ros/humble/lib/python3.10/site-packages:/opt/ros/humble/local/lib/python3.10/dist-packages'), ('LC_NUMERIC', 'ru_RU.UTF-8'), ('CONDA_PREFIX', ''), ('LC_PAPER', 'ru_RU.UTF-8'), ('COLCON', '1'), ('VTE_VERSION', '6800'), ('CMAKE_PREFIX_PATH', '/home/ruben/go2_deploy/workhop_rl/install/unitree_go:/home/ruben/go2_deploy/workhop_rl/install/unitree_api:/opt/ros/humble')]), 'shell': False}
[17.064310] (unitree_mujoco) JobProgress: {'identifier': 'unitree_mujoco', 'progress': 'cmake'}
[17.064669] (unitree_mujoco) Command: {'cmd': ['/usr/bin/cmake', '/home/ruben/go2_deploy/workhop_rl/src/unitree_mujoco/simulate', '-DCMAKE_INSTALL_PREFIX=/home/ruben/go2_deploy/workhop_rl/install/unitree_mujoco'], 'cwd': '/home/ruben/go2_deploy/workhop_rl/build/unitree_mujoco', 'env': OrderedDict([('LESSOPEN', '| /usr/bin/lesspipe %s'), ('CONDA_PROMPT_MODIFIER', ''), ('USER', 'ruben'), ('LC_TIME', 'ru_RU.UTF-8'), ('XDG_SESSION_TYPE', 'x11'), ('SHLVL', '1'), ('LD_LIBRARY_PATH', '/home/ruben/go2_deploy/workhop_rl/install/unitree_go/lib:/home/ruben/go2_deploy/workhop_rl/install/unitree_api/lib:/usr/lib/x86_64-linux-gnu/gazebo-11/plugins:/opt/ros/humble/opt/rviz_ogre_vendor/lib:/opt/ros/humble/lib/x86_64-linux-gnu:/opt/ros/humble/lib'), ('HOME', '/home/ruben'), ('CONDA_SHLVL', '0'), ('CYCLONEDDS_URI', '<CycloneDDS><Domain><General><Interfaces>\n                            <NetworkInterface name="lo" priority="default" multicast="default" />\n                        </Interfaces></General></Domain></CycloneDDS>'), ('OLDPWD', '/home/ruben/go2_deploy/workhop_rl/src'), ('DESKTOP_SESSION', 'ubuntu'), ('ROS_PYTHON_VERSION', '3'), ('GNOME_SHELL_SESSION_MODE', 'ubuntu'), ('GTK_MODULES', 'gail:atk-bridge'), ('LC_MONETARY', 'ru_RU.UTF-8'), ('SYSTEMD_EXEC_PID', '2945'), ('DBUS_SESSION_BUS_ADDRESS', 'unix:path=/run/user/1000/bus'), ('COLORTERM', 'truecolor'), ('_CE_M', ''), ('_CONDA_ROOT', '/home/ruben/miniconda3'), ('ROS_DISTRO', 'humble'), ('GTK_IM_MODULE', 'ibus'), ('LOGNAME', 'ruben'), ('_', '/usr/bin/colcon'), ('ROS_VERSION', '2'), ('XDG_SESSION_CLASS', 'user'), ('USERNAME', 'ruben'), ('TERM', 'xterm-256color'), ('GNOME_DESKTOP_SESSION_ID', 'this-is-deprecated'), ('_CE_CONDA', ''), ('ROS_LOCALHOST_ONLY', '0'), ('WINDOWPATH', '2'), ('PATH', '/opt/ros/humble/bin:/home/ruben/miniconda3/condabin:/usr/local/sbin:/usr/local/bin:/usr/sbin:/usr/bin:/sbin:/bin:/usr/games:/usr/local/games:/snap/bin:/snap/bin'), ('SESSION_MANAGER', 'local/ruben:@/tmp/.ICE-unix/2916,unix/ruben:/tmp/.ICE-unix/2916'), ('XDG_MENU_PREFIX', 'gnome-'), ('LC_ADDRESS', 'ru_RU.UTF-8'), ('GNOME_TERMINAL_SCREEN', '/org/gnome/Terminal/screen/a128e479_87a9_4f71_b049_48318ab91614'), ('XDG_RUNTIME_DIR', '/run/user/1000'), ('DISPLAY', ':1'), ('LANG', 'en_US.UTF-8'), ('XDG_CURRENT_DESKTOP', 'ubuntu:GNOME'), ('LC_TELEPHONE', 'ru_RU.UTF-8'), ('RMW_IMPLEMENTATION', 'rmw_cyclonedds_cpp'), ('XMODIFIERS', '@im=ibus'), ('XDG_SESSION_DESKTOP', 'ubuntu'), ('XAUTHORITY', '/run/user/1000/gdm/Xauthority'), ('LS_COLORS', 'rs=0:di=01;34:ln=01;36:mh=00:pi=40;33:so=01;35:do=01;35:bd=40;33;01:cd=40;33;01:or=40;31;01:mi=00:su=37;41:sg=30;43:ca=30;41:tw=30;42:ow=34;42:st=37;44:ex=01;32:*.tar=01;31:*.tgz=01;31:*.arc=01;31:*.arj=01;31:*.taz=01;31:*.lha=01;31:*.lz4=01;31:*.lzh=01;31:*.lzma=01;31:*.tlz=01;31:*.txz=01;31:*.tzo=01;31:*.t7z=01;31:*.zip=01;31:*.z=01;31:*.dz=01;31:*.gz=01;31:*.lrz=01;31:*.lz=01;31:*.lzo=01;31:*.xz=01;31:*.zst=01;31:*.tzst=01;31:*.bz2=01;31:*.bz=01;31:*.tbz=01;31:*.tbz2=01;31:*.tz=01;31:*.deb=01;31:*.rpm=01;31:*.jar=01;31:*.war=01;31:*.ear=01;31:*.sar=01;31:*.rar=01;31:*.alz=01;31:*.ace=01;31:*.zoo=01;31:*.cpio=01;31:*.7z=01;31:*.rz=01;31:*.cab=01;31:*.wim=01;31:*.swm=01;31:*.dwm=01;31:*.esd=01;31:*.jpg=01;35:*.jpeg=01;35:*.mjpg=01;35:*.mjpeg=01;35:*.gif=01;35:*.bmp=01;35:*.pbm=01;35:*.pgm=01;35:*.ppm=01;35:*.tga=01;35:*.xbm=01;35:*.xpm=01;35:*.tif=01;35:*.tiff=01;35:*.png=01;35:*.svg=01;35:*.svgz=01;35:*.mng=01;35:*.pcx=01;35:*.mov=01;35:*.mpg=01;35:*.mpeg=01;35:*.m2v=01;35:*.mkv=01;35:*.webm=01;35:*.webp=01;35:*.ogm=01;35:*.mp4=01;35:*.m4v=01;35:*.mp4v=01;35:*.vob=01;35:*.qt=01;35:*.nuv=01;35:*.wmv=01;35:*.asf=01;35:*.rm=01;35:*.rmvb=01;35:*.flc=01;35:*.avi=01;35:*.fli=01;35:*.flv=01;35:*.gl=01;35:*.dl=01;35:*.xcf=01;35:*.xwd=01;35:*.yuv=01;35:*.cgm=01;35:*.emf=01;35:*.ogv=01;35:*.ogx=01;35:*.aac=00;36:*.au=00;36:*.flac=00;36:*.m4a=00;36:*.mid=00;36:*.midi=00;36:*.mka=00;36:*.mp3=00;36:*.mpc=00;36:*.ogg=00;36:*.ra=00;36:*.wav=00;36:*.oga=00;36:*.opus=00;36:*.spx=00;36:*.xspf=00;36:'), ('GNOME_TERMINAL_SERVICE', ':1.92'), ('SSH_AGENT_LAUNCHER', 'gnome-keyring'), ('SSH_AUTH_SOCK', '/run/user/1000/keyring/ssh'), ('ROS_DOMAIN_ID', '1'), ('AMENT_PREFIX_PATH', '/home/ruben/go2_deploy/workhop_rl/install/unitree_go:/home/ruben/go2_deploy/workhop_rl/install/unitree_api:/opt/ros/humble'), ('CONDA_PYTHON_EXE', '/home/ruben/miniconda3/bin/python'), ('SHELL', '/bin/bash'), ('LC_NAME', 'ru_RU.UTF-8'), ('QT_ACCESSIBILITY', '1'), ('GDMSESSION', 'ubuntu'), ('Torch_DIR', '/path/to/your/libtorch'), ('LESSCLOSE', '/usr/bin/lesspipe %s %s'), ('CONDA_DEFAULT_ENV', ''), ('LC_MEASUREMENT', 'ru_RU.UTF-8'), ('GPG_AGENT_INFO', '/run/user/1000/gnupg/S.gpg-agent:0:1'), ('_CONDA_EXE', '/home/ruben/miniconda3/bin/conda'), ('LC_IDENTIFICATION', 'ru_RU.UTF-8'), ('QT_IM_MODULE', 'ibus'), ('PWD', '/home/ruben/go2_deploy/workhop_rl/build/unitree_mujoco'), ('XDG_CONFIG_DIRS', '/etc/xdg/xdg-ubuntu:/etc/xdg'), ('CONDA_EXE', '/home/ruben/miniconda3/bin/conda'), ('XDG_DATA_DIRS', '/usr/share/ubuntu:/usr/share/gnome:/usr/local/share/:/usr/share/:/var/lib/snapd/desktop'), ('PYTHONPATH', '/home/ruben/go2_deploy/workhop_rl/install/unitree_go/local/lib/python3.10/dist-packages:/home/ruben/go2_deploy/workhop_rl/install/unitree_api/local/lib/python3.10/dist-packages:/opt/ros/humble/lib/python3.10/site-packages:/opt/ros/humble/local/lib/python3.10/dist-packages'), ('LC_NUMERIC', 'ru_RU.UTF-8'), ('CONDA_PREFIX', ''), ('LC_PAPER', 'ru_RU.UTF-8'), ('COLCON', '1'), ('VTE_VERSION', '6800'), ('CMAKE_PREFIX_PATH', '/home/ruben/go2_deploy/workhop_rl/install/unitree_go:/home/ruben/go2_deploy/workhop_rl/install/unitree_api:/opt/ros/humble')]), 'shell': False}
[17.066561] (unitree_ros2_example) JobProgress: {'identifier': 'unitree_ros2_example', 'progress': 'cmake'}
[17.067045] (unitree_ros2_example) Command: {'cmd': ['/usr/bin/cmake', '/home/ruben/go2_deploy/workhop_rl/src/unitree_ros2/example/src', '-DCMAKE_INSTALL_PREFIX=/home/ruben/go2_deploy/workhop_rl/install/unitree_ros2_example'], 'cwd': '/home/ruben/go2_deploy/workhop_rl/build/unitree_ros2_example', 'env': OrderedDict([('LESSOPEN', '| /usr/bin/lesspipe %s'), ('CONDA_PROMPT_MODIFIER', ''), ('USER', 'ruben'), ('LC_TIME', 'ru_RU.UTF-8'), ('XDG_SESSION_TYPE', 'x11'), ('SHLVL', '1'), ('LD_LIBRARY_PATH', '/home/ruben/go2_deploy/workhop_rl/install/unitree_hg/lib:/home/ruben/go2_deploy/workhop_rl/install/unitree_go/lib:/home/ruben/go2_deploy/workhop_rl/install/unitree_api/lib:/usr/lib/x86_64-linux-gnu/gazebo-11/plugins:/opt/ros/humble/opt/rviz_ogre_vendor/lib:/opt/ros/humble/lib/x86_64-linux-gnu:/opt/ros/humble/lib'), ('HOME', '/home/ruben'), ('CONDA_SHLVL', '0'), ('CYCLONEDDS_URI', '<CycloneDDS><Domain><General><Interfaces>\n                            <NetworkInterface name="lo" priority="default" multicast="default" />\n                        </Interfaces></General></Domain></CycloneDDS>'), ('OLDPWD', '/home/ruben/go2_deploy/workhop_rl/src'), ('DESKTOP_SESSION', 'ubuntu'), ('ROS_PYTHON_VERSION', '3'), ('GNOME_SHELL_SESSION_MODE', 'ubuntu'), ('GTK_MODULES', 'gail:atk-bridge'), ('LC_MONETARY', 'ru_RU.UTF-8'), ('SYSTEMD_EXEC_PID', '2945'), ('DBUS_SESSION_BUS_ADDRESS', 'unix:path=/run/user/1000/bus'), ('COLORTERM', 'truecolor'), ('_CE_M', ''), ('_CONDA_ROOT', '/home/ruben/miniconda3'), ('ROS_DISTRO', 'humble'), ('GTK_IM_MODULE', 'ibus'), ('LOGNAME', 'ruben'), ('_', '/usr/bin/colcon'), ('ROS_VERSION', '2'), ('XDG_SESSION_CLASS', 'user'), ('USERNAME', 'ruben'), ('TERM', 'xterm-256color'), ('GNOME_DESKTOP_SESSION_ID', 'this-is-deprecated'), ('_CE_CONDA', ''), ('ROS_LOCALHOST_ONLY', '0'), ('WINDOWPATH', '2'), ('PATH', '/opt/ros/humble/bin:/home/ruben/miniconda3/condabin:/usr/local/sbin:/usr/local/bin:/usr/sbin:/usr/bin:/sbin:/bin:/usr/games:/usr/local/games:/snap/bin:/snap/bin'), ('SESSION_MANAGER', 'local/ruben:@/tmp/.ICE-unix/2916,unix/ruben:/tmp/.ICE-unix/2916'), ('XDG_MENU_PREFIX', 'gnome-'), ('LC_ADDRESS', 'ru_RU.UTF-8'), ('GNOME_TERMINAL_SCREEN', '/org/gnome/Terminal/screen/a128e479_87a9_4f71_b049_48318ab91614'), ('XDG_RUNTIME_DIR', '/run/user/1000'), ('DISPLAY', ':1'), ('LANG', 'en_US.UTF-8'), ('XDG_CURRENT_DESKTOP', 'ubuntu:GNOME'), ('LC_TELEPHONE', 'ru_RU.UTF-8'), ('RMW_IMPLEMENTATION', 'rmw_cyclonedds_cpp'), ('XMODIFIERS', '@im=ibus'), ('XDG_SESSION_DESKTOP', 'ubuntu'), ('XAUTHORITY', '/run/user/1000/gdm/Xauthority'), ('LS_COLORS', 'rs=0:di=01;34:ln=01;36:mh=00:pi=40;33:so=01;35:do=01;35:bd=40;33;01:cd=40;33;01:or=40;31;01:mi=00:su=37;41:sg=30;43:ca=30;41:tw=30;42:ow=34;42:st=37;44:ex=01;32:*.tar=01;31:*.tgz=01;31:*.arc=01;31:*.arj=01;31:*.taz=01;31:*.lha=01;31:*.lz4=01;31:*.lzh=01;31:*.lzma=01;31:*.tlz=01;31:*.txz=01;31:*.tzo=01;31:*.t7z=01;31:*.zip=01;31:*.z=01;31:*.dz=01;31:*.gz=01;31:*.lrz=01;31:*.lz=01;31:*.lzo=01;31:*.xz=01;31:*.zst=01;31:*.tzst=01;31:*.bz2=01;31:*.bz=01;31:*.tbz=01;31:*.tbz2=01;31:*.tz=01;31:*.deb=01;31:*.rpm=01;31:*.jar=01;31:*.war=01;31:*.ear=01;31:*.sar=01;31:*.rar=01;31:*.alz=01;31:*.ace=01;31:*.zoo=01;31:*.cpio=01;31:*.7z=01;31:*.rz=01;31:*.cab=01;31:*.wim=01;31:*.swm=01;31:*.dwm=01;31:*.esd=01;31:*.jpg=01;35:*.jpeg=01;35:*.mjpg=01;35:*.mjpeg=01;35:*.gif=01;35:*.bmp=01;35:*.pbm=01;35:*.pgm=01;35:*.ppm=01;35:*.tga=01;35:*.xbm=01;35:*.xpm=01;35:*.tif=01;35:*.tiff=01;35:*.png=01;35:*.svg=01;35:*.svgz=01;35:*.mng=01;35:*.pcx=01;35:*.mov=01;35:*.mpg=01;35:*.mpeg=01;35:*.m2v=01;35:*.mkv=01;35:*.webm=01;35:*.webp=01;35:*.ogm=01;35:*.mp4=01;35:*.m4v=01;35:*.mp4v=01;35:*.vob=01;35:*.qt=01;35:*.nuv=01;35:*.wmv=01;35:*.asf=01;35:*.rm=01;35:*.rmvb=01;35:*.flc=01;35:*.avi=01;35:*.fli=01;35:*.flv=01;35:*.gl=01;35:*.dl=01;35:*.xcf=01;35:*.xwd=01;35:*.yuv=01;35:*.cgm=01;35:*.emf=01;35:*.ogv=01;35:*.ogx=01;35:*.aac=00;36:*.au=00;36:*.flac=00;36:*.m4a=00;36:*.mid=00;36:*.midi=00;36:*.mka=00;36:*.mp3=00;36:*.mpc=00;36:*.ogg=00;36:*.ra=00;36:*.wav=00;36:*.oga=00;36:*.opus=00;36:*.spx=00;36:*.xspf=00;36:'), ('GNOME_TERMINAL_SERVICE', ':1.92'), ('SSH_AGENT_LAUNCHER', 'gnome-keyring'), ('SSH_AUTH_SOCK', '/run/user/1000/keyring/ssh'), ('ROS_DOMAIN_ID', '1'), ('AMENT_PREFIX_PATH', '/home/ruben/go2_deploy/workhop_rl/install/unitree_hg:/home/ruben/go2_deploy/workhop_rl/install/unitree_go:/home/ruben/go2_deploy/workhop_rl/install/unitree_api:/opt/ros/humble'), ('CONDA_PYTHON_EXE', '/home/ruben/miniconda3/bin/python'), ('SHELL', '/bin/bash'), ('LC_NAME', 'ru_RU.UTF-8'), ('QT_ACCESSIBILITY', '1'), ('GDMSESSION', 'ubuntu'), ('Torch_DIR', '/path/to/your/libtorch'), ('LESSCLOSE', '/usr/bin/lesspipe %s %s'), ('CONDA_DEFAULT_ENV', ''), ('LC_MEASUREMENT', 'ru_RU.UTF-8'), ('GPG_AGENT_INFO', '/run/user/1000/gnupg/S.gpg-agent:0:1'), ('_CONDA_EXE', '/home/ruben/miniconda3/bin/conda'), ('LC_IDENTIFICATION', 'ru_RU.UTF-8'), ('QT_IM_MODULE', 'ibus'), ('PWD', '/home/ruben/go2_deploy/workhop_rl/build/unitree_ros2_example'), ('XDG_CONFIG_DIRS', '/etc/xdg/xdg-ubuntu:/etc/xdg'), ('CONDA_EXE', '/home/ruben/miniconda3/bin/conda'), ('XDG_DATA_DIRS', '/usr/share/ubuntu:/usr/share/gnome:/usr/local/share/:/usr/share/:/var/lib/snapd/desktop'), ('PYTHONPATH', '/home/ruben/go2_deploy/workhop_rl/install/unitree_hg/local/lib/python3.10/dist-packages:/home/ruben/go2_deploy/workhop_rl/install/unitree_go/local/lib/python3.10/dist-packages:/home/ruben/go2_deploy/workhop_rl/install/unitree_api/local/lib/python3.10/dist-packages:/opt/ros/humble/lib/python3.10/site-packages:/opt/ros/humble/local/lib/python3.10/dist-packages'), ('LC_NUMERIC', 'ru_RU.UTF-8'), ('CONDA_PREFIX', ''), ('LC_PAPER', 'ru_RU.UTF-8'), ('COLCON', '1'), ('VTE_VERSION', '6800'), ('CMAKE_PREFIX_PATH', '/home/ruben/go2_deploy/workhop_rl/install/unitree_hg:/home/ruben/go2_deploy/workhop_rl/install/unitree_go:/home/ruben/go2_deploy/workhop_rl/install/unitree_api:/opt/ros/humble')]), 'shell': False}
[17.080761] (-) TimerEvent: {}
[17.096424] (unitree_rl_controller) StdoutLine: {'line': b'-- Found ros2_unitree_legged_msgs: 0.4.0 (/home/ruben/go2_deploy/workhop_rl/install/ros2_unitree_legged_msgs/share/ros2_unitree_legged_msgs/cmake)\n'}
[17.102794] (unitree_rl_controller) StdoutLine: {'line': b'-- Found geometry_msgs: 4.9.0 (/opt/ros/humble/share/geometry_msgs/cmake)\n'}
[17.108581] (stand_go2) StdoutLine: {'line': b'-- The C compiler identification is GNU 11.4.0\n'}
[17.118967] (unitree_ros2_example) StdoutLine: {'line': b'-- The C compiler identification is GNU 11.4.0\n'}
[17.180859] (-) TimerEvent: {}
[17.195872] (unitree_mujoco) StdoutLine: {'line': b'-- The C compiler identification is GNU 11.4.0\n'}
[17.196220] (unitree_rl_controller) StdoutLine: {'line': b'-- Found nav_msgs: 4.9.0 (/opt/ros/humble/share/nav_msgs/cmake)\n'}
[17.197139] (unitree_ros2_example) StdoutLine: {'line': b'-- The CXX compiler identification is GNU 11.4.0\n'}
[17.197999] (stand_go2) StdoutLine: {'line': b'-- The CXX compiler identification is GNU 11.4.0\n'}
[17.203708] (stand_go2) StdoutLine: {'line': b'-- Detecting C compiler ABI info\n'}
[17.204148] (unitree_ros2_example) StdoutLine: {'line': b'-- Detecting C compiler ABI info\n'}
[17.280969] (-) TimerEvent: {}
[17.303377] (unitree_mujoco) StdoutLine: {'line': b'-- The CXX compiler identification is GNU 11.4.0\n'}
[17.309738] (unitree_mujoco) StdoutLine: {'line': b'-- Detecting C compiler ABI info\n'}
[17.333462] (unitree_ros2_example) StdoutLine: {'line': b'-- Detecting C compiler ABI info - done\n'}
[17.339746] (unitree_ros2_example) StdoutLine: {'line': b'-- Check for working C compiler: /usr/bin/cc - skipped\n'}
[17.339927] (unitree_ros2_example) StdoutLine: {'line': b'-- Detecting C compile features\n'}
[17.340233] (unitree_ros2_example) StdoutLine: {'line': b'-- Detecting C compile features - done\n'}
[17.342740] (unitree_ros2_example) StdoutLine: {'line': b'-- Detecting CXX compiler ABI info\n'}
[17.352792] (stand_go2) StdoutLine: {'line': b'-- Detecting C compiler ABI info - done\n'}
[17.357670] (stand_go2) StdoutLine: {'line': b'-- Check for working C compiler: /usr/bin/cc - skipped\n'}
[17.357800] (stand_go2) StdoutLine: {'line': b'-- Detecting C compile features\n'}
[17.357866] (stand_go2) StdoutLine: {'line': b'-- Detecting C compile features - done\n'}
[17.359634] (stand_go2) StdoutLine: {'line': b'-- Detecting CXX compiler ABI info\n'}
[17.366913] (unitree_mujoco) StdoutLine: {'line': b'-- Detecting C compiler ABI info - done\n'}
[17.371150] (unitree_mujoco) StdoutLine: {'line': b'-- Check for working C compiler: /usr/bin/cc - skipped\n'}
[17.371307] (unitree_mujoco) StdoutLine: {'line': b'-- Detecting C compile features\n'}
[17.371518] (unitree_mujoco) StdoutLine: {'line': b'-- Detecting C compile features - done\n'}
[17.373301] (unitree_mujoco) StdoutLine: {'line': b'-- Detecting CXX compiler ABI info\n'}
[17.381073] (-) TimerEvent: {}
[17.461678] (unitree_rl_controller) StdoutLine: {'line': b'-- Found Torch: /home/ruben/libtorch/lib/libtorch.so  \n'}
[17.472465] (stand_go2) StdoutLine: {'line': b'-- Detecting CXX compiler ABI info - done\n'}
[17.477510] (stand_go2) StdoutLine: {'line': b'-- Check for working CXX compiler: /usr/bin/c++ - skipped\n'}
[17.477627] (stand_go2) StdoutLine: {'line': b'-- Detecting CXX compile features\n'}
[17.477847] (stand_go2) StdoutLine: {'line': b'-- Detecting CXX compile features - done\n'}
[17.479082] (stand_go2) StdoutLine: {'line': b'-- Found ament_cmake: 1.3.12 (/opt/ros/humble/share/ament_cmake/cmake)\n'}
[17.481124] (-) TimerEvent: {}
[17.483578] (unitree_mujoco) StdoutLine: {'line': b'-- Detecting CXX compiler ABI info - done\n'}
[17.486904] (unitree_ros2_example) StdoutLine: {'line': b'-- Detecting CXX compiler ABI info - done\n'}
[17.492718] (unitree_mujoco) StdoutLine: {'line': b'-- Check for working CXX compiler: /usr/bin/c++ - skipped\n'}
[17.493191] (unitree_mujoco) StdoutLine: {'line': b'-- Detecting CXX compile features\n'}
[17.493387] (unitree_ros2_example) StdoutLine: {'line': b'-- Check for working CXX compiler: /usr/bin/c++ - skipped\n'}
[17.493639] (unitree_ros2_example) StdoutLine: {'line': b'-- Detecting CXX compile features\n'}
[17.493937] (unitree_mujoco) StdoutLine: {'line': b'-- Detecting CXX compile features - done\n'}
[17.494045] (unitree_ros2_example) StdoutLine: {'line': b'-- Detecting CXX compile features - done\n'}
[17.496104] (unitree_ros2_example) StdoutLine: {'line': b'-- Found ament_cmake: 1.3.12 (/opt/ros/humble/share/ament_cmake/cmake)\n'}
[17.512164] (unitree_rl_controller) StdoutLine: {'line': b'-- Configuring done\n'}
[17.579051] (unitree_rl_controller) StdoutLine: {'line': b'-- Generating done\n'}
[17.581214] (-) TimerEvent: {}
[17.581988] (unitree_rl_controller) StdoutLine: {'line': b'-- Build files have been written to: /home/ruben/go2_deploy/workhop_rl/build/unitree_rl_controller\n'}
[17.591015] (unitree_mujoco) StdoutLine: {'line': b'-- Found OpenGL: /usr/lib/x86_64-linux-gnu/libOpenGL.so   \n'}
[17.594673] (unitree_rl_controller) CommandEnded: {'returncode': 0}
[17.596804] (unitree_rl_controller) JobProgress: {'identifier': 'unitree_rl_controller', 'progress': 'build'}
[17.596861] (unitree_rl_controller) Command: {'cmd': ['/usr/bin/cmake', '--build', '/home/ruben/go2_deploy/workhop_rl/build/unitree_rl_controller', '--', '-j22', '-l22'], 'cwd': '/home/ruben/go2_deploy/workhop_rl/build/unitree_rl_controller', 'env': OrderedDict([('LESSOPEN', '| /usr/bin/lesspipe %s'), ('CONDA_PROMPT_MODIFIER', ''), ('USER', 'ruben'), ('LC_TIME', 'ru_RU.UTF-8'), ('XDG_SESSION_TYPE', 'x11'), ('SHLVL', '1'), ('LD_LIBRARY_PATH', '/home/ruben/go2_deploy/workhop_rl/install/ros2_unitree_legged_msgs/lib:/usr/lib/x86_64-linux-gnu/gazebo-11/plugins:/opt/ros/humble/opt/rviz_ogre_vendor/lib:/opt/ros/humble/lib/x86_64-linux-gnu:/opt/ros/humble/lib'), ('HOME', '/home/ruben'), ('CONDA_SHLVL', '0'), ('CYCLONEDDS_URI', '<CycloneDDS><Domain><General><Interfaces>\n                            <NetworkInterface name="lo" priority="default" multicast="default" />\n                        </Interfaces></General></Domain></CycloneDDS>'), ('OLDPWD', '/home/ruben/go2_deploy/workhop_rl/src'), ('DESKTOP_SESSION', 'ubuntu'), ('ROS_PYTHON_VERSION', '3'), ('GNOME_SHELL_SESSION_MODE', 'ubuntu'), ('GTK_MODULES', 'gail:atk-bridge'), ('LC_MONETARY', 'ru_RU.UTF-8'), ('SYSTEMD_EXEC_PID', '2945'), ('DBUS_SESSION_BUS_ADDRESS', 'unix:path=/run/user/1000/bus'), ('COLORTERM', 'truecolor'), ('_CE_M', ''), ('_CONDA_ROOT', '/home/ruben/miniconda3'), ('ROS_DISTRO', 'humble'), ('GTK_IM_MODULE', 'ibus'), ('LOGNAME', 'ruben'), ('_', '/usr/bin/colcon'), ('ROS_VERSION', '2'), ('XDG_SESSION_CLASS', 'user'), ('USERNAME', 'ruben'), ('TERM', 'xterm-256color'), ('GNOME_DESKTOP_SESSION_ID', 'this-is-deprecated'), ('_CE_CONDA', ''), ('ROS_LOCALHOST_ONLY', '0'), ('WINDOWPATH', '2'), ('PATH', '/opt/ros/humble/bin:/home/ruben/miniconda3/condabin:/usr/local/sbin:/usr/local/bin:/usr/sbin:/usr/bin:/sbin:/bin:/usr/games:/usr/local/games:/snap/bin:/snap/bin'), ('SESSION_MANAGER', 'local/ruben:@/tmp/.ICE-unix/2916,unix/ruben:/tmp/.ICE-unix/2916'), ('XDG_MENU_PREFIX', 'gnome-'), ('LC_ADDRESS', 'ru_RU.UTF-8'), ('GNOME_TERMINAL_SCREEN', '/org/gnome/Terminal/screen/a128e479_87a9_4f71_b049_48318ab91614'), ('XDG_RUNTIME_DIR', '/run/user/1000'), ('DISPLAY', ':1'), ('LANG', 'en_US.UTF-8'), ('XDG_CURRENT_DESKTOP', 'ubuntu:GNOME'), ('LC_TELEPHONE', 'ru_RU.UTF-8'), ('RMW_IMPLEMENTATION', 'rmw_cyclonedds_cpp'), ('XMODIFIERS', '@im=ibus'), ('XDG_SESSION_DESKTOP', 'ubuntu'), ('XAUTHORITY', '/run/user/1000/gdm/Xauthority'), ('LS_COLORS', 'rs=0:di=01;34:ln=01;36:mh=00:pi=40;33:so=01;35:do=01;35:bd=40;33;01:cd=40;33;01:or=40;31;01:mi=00:su=37;41:sg=30;43:ca=30;41:tw=30;42:ow=34;42:st=37;44:ex=01;32:*.tar=01;31:*.tgz=01;31:*.arc=01;31:*.arj=01;31:*.taz=01;31:*.lha=01;31:*.lz4=01;31:*.lzh=01;31:*.lzma=01;31:*.tlz=01;31:*.txz=01;31:*.tzo=01;31:*.t7z=01;31:*.zip=01;31:*.z=01;31:*.dz=01;31:*.gz=01;31:*.lrz=01;31:*.lz=01;31:*.lzo=01;31:*.xz=01;31:*.zst=01;31:*.tzst=01;31:*.bz2=01;31:*.bz=01;31:*.tbz=01;31:*.tbz2=01;31:*.tz=01;31:*.deb=01;31:*.rpm=01;31:*.jar=01;31:*.war=01;31:*.ear=01;31:*.sar=01;31:*.rar=01;31:*.alz=01;31:*.ace=01;31:*.zoo=01;31:*.cpio=01;31:*.7z=01;31:*.rz=01;31:*.cab=01;31:*.wim=01;31:*.swm=01;31:*.dwm=01;31:*.esd=01;31:*.jpg=01;35:*.jpeg=01;35:*.mjpg=01;35:*.mjpeg=01;35:*.gif=01;35:*.bmp=01;35:*.pbm=01;35:*.pgm=01;35:*.ppm=01;35:*.tga=01;35:*.xbm=01;35:*.xpm=01;35:*.tif=01;35:*.tiff=01;35:*.png=01;35:*.svg=01;35:*.svgz=01;35:*.mng=01;35:*.pcx=01;35:*.mov=01;35:*.mpg=01;35:*.mpeg=01;35:*.m2v=01;35:*.mkv=01;35:*.webm=01;35:*.webp=01;35:*.ogm=01;35:*.mp4=01;35:*.m4v=01;35:*.mp4v=01;35:*.vob=01;35:*.qt=01;35:*.nuv=01;35:*.wmv=01;35:*.asf=01;35:*.rm=01;35:*.rmvb=01;35:*.flc=01;35:*.avi=01;35:*.fli=01;35:*.flv=01;35:*.gl=01;35:*.dl=01;35:*.xcf=01;35:*.xwd=01;35:*.yuv=01;35:*.cgm=01;35:*.emf=01;35:*.ogv=01;35:*.ogx=01;35:*.aac=00;36:*.au=00;36:*.flac=00;36:*.m4a=00;36:*.mid=00;36:*.midi=00;36:*.mka=00;36:*.mp3=00;36:*.mpc=00;36:*.ogg=00;36:*.ra=00;36:*.wav=00;36:*.oga=00;36:*.opus=00;36:*.spx=00;36:*.xspf=00;36:'), ('GNOME_TERMINAL_SERVICE', ':1.92'), ('SSH_AGENT_LAUNCHER', 'gnome-keyring'), ('SSH_AUTH_SOCK', '/run/user/1000/keyring/ssh'), ('ROS_DOMAIN_ID', '1'), ('AMENT_PREFIX_PATH', '/home/ruben/go2_deploy/workhop_rl/install/ros2_unitree_legged_msgs:/opt/ros/humble'), ('CONDA_PYTHON_EXE', '/home/ruben/miniconda3/bin/python'), ('SHELL', '/bin/bash'), ('LC_NAME', 'ru_RU.UTF-8'), ('QT_ACCESSIBILITY', '1'), ('GDMSESSION', 'ubuntu'), ('Torch_DIR', '/path/to/your/libtorch'), ('LESSCLOSE', '/usr/bin/lesspipe %s %s'), ('CONDA_DEFAULT_ENV', ''), ('LC_MEASUREMENT', 'ru_RU.UTF-8'), ('GPG_AGENT_INFO', '/run/user/1000/gnupg/S.gpg-agent:0:1'), ('_CONDA_EXE', '/home/ruben/miniconda3/bin/conda'), ('LC_IDENTIFICATION', 'ru_RU.UTF-8'), ('QT_IM_MODULE', 'ibus'), ('PWD', '/home/ruben/go2_deploy/workhop_rl/build/unitree_rl_controller'), ('XDG_CONFIG_DIRS', '/etc/xdg/xdg-ubuntu:/etc/xdg'), ('CONDA_EXE', '/home/ruben/miniconda3/bin/conda'), ('XDG_DATA_DIRS', '/usr/share/ubuntu:/usr/share/gnome:/usr/local/share/:/usr/share/:/var/lib/snapd/desktop'), ('PYTHONPATH', '/home/ruben/go2_deploy/workhop_rl/install/ros2_unitree_legged_msgs/local/lib/python3.10/dist-packages:/opt/ros/humble/lib/python3.10/site-packages:/opt/ros/humble/local/lib/python3.10/dist-packages'), ('LC_NUMERIC', 'ru_RU.UTF-8'), ('CONDA_PREFIX', ''), ('LC_PAPER', 'ru_RU.UTF-8'), ('COLCON', '1'), ('VTE_VERSION', '6800'), ('CMAKE_PREFIX_PATH', '/home/ruben/go2_deploy/workhop_rl/install/ros2_unitree_legged_msgs:/opt/ros/humble')]), 'shell': False}
[17.598545] (stand_go2) StdoutLine: {'line': b'-- Found Python3: /usr/bin/python3 (found version "3.10.12") found components: Interpreter \n'}
[17.633801] (unitree_rl_controller) StdoutLine: {'line': b'[ 33%] \x1b[32mBuilding CXX object CMakeFiles/unitree_rl_controller.dir/src/rl_agent.cpp.o\x1b[0m\n'}
[17.634866] (unitree_rl_controller) StdoutLine: {'line': b'[ 66%] \x1b[32mBuilding CXX object CMakeFiles/unitree_rl_controller.dir/src/observation_buffer.cpp.o\x1b[0m\n'}
[17.681336] (unitree_ros2_example) StdoutLine: {'line': b'-- Found Python3: /usr/bin/python3 (found version "3.10.12") found components: Interpreter \n'}
[17.681526] (-) TimerEvent: {}
[17.681939] (unitree_mujoco) StdoutLine: {'line': b'-- Looking for pthread.h\n'}
[17.683979] (stand_go2) StdoutLine: {'line': b'-- Found unitree_go: 0.0.0 (/home/ruben/go2_deploy/workhop_rl/install/unitree_go/share/unitree_go/cmake)\n'}
[17.714556] (stand_go2) StdoutLine: {'line': b'-- Found rosidl_generator_c: 3.1.7 (/opt/ros/humble/share/rosidl_generator_c/cmake)\n'}
[17.716975] (stand_go2) StdoutLine: {'line': b'-- Found rosidl_adapter: 3.1.7 (/opt/ros/humble/share/rosidl_adapter/cmake)\n'}
[17.721338] (stand_go2) StdoutLine: {'line': b'-- Found rosidl_generator_cpp: 3.1.7 (/opt/ros/humble/share/rosidl_generator_cpp/cmake)\n'}
[17.727705] (stand_go2) StdoutLine: {'line': b'-- Using all available rosidl_typesupport_c: rosidl_typesupport_fastrtps_c;rosidl_typesupport_introspection_c\n'}
[17.736248] (stand_go2) StdoutLine: {'line': b'-- Using all available rosidl_typesupport_cpp: rosidl_typesupport_fastrtps_cpp;rosidl_typesupport_introspection_cpp\n'}
[17.746203] (unitree_mujoco) StdoutLine: {'line': b'-- Looking for pthread.h - found\n'}
[17.746381] (unitree_mujoco) StdoutLine: {'line': b'-- Performing Test CMAKE_HAVE_LIBC_PTHREAD\n'}
[17.761749] (unitree_ros2_example) StdoutLine: {'line': b'-- Found unitree_go: 0.0.0 (/home/ruben/go2_deploy/workhop_rl/install/unitree_go/share/unitree_go/cmake)\n'}
[17.766216] (stand_go2) StdoutLine: {'line': b'-- Found unitree_api: 0.0.0 (/home/ruben/go2_deploy/workhop_rl/install/unitree_api/share/unitree_api/cmake)\n'}
[17.773791] (stand_go2) StdoutLine: {'line': b'-- Found rclcpp: 16.0.16 (/opt/ros/humble/share/rclcpp/cmake)\n'}
[17.781627] (-) TimerEvent: {}
[17.794469] (unitree_ros2_example) StdoutLine: {'line': b'-- Found rosidl_generator_c: 3.1.7 (/opt/ros/humble/share/rosidl_generator_c/cmake)\n'}
[17.794647] (stand_go2) StdoutLine: {'line': b'-- Found rmw_implementation_cmake: 6.1.2 (/opt/ros/humble/share/rmw_implementation_cmake/cmake)\n'}
[17.795767] (stand_go2) StdoutLine: {'line': b'-- Found rmw_cyclonedds_cpp: 1.3.4 (/opt/ros/humble/share/rmw_cyclonedds_cpp/cmake)\n'}
[17.798871] (unitree_ros2_example) StdoutLine: {'line': b'-- Found rosidl_adapter: 3.1.7 (/opt/ros/humble/share/rosidl_adapter/cmake)\n'}
[17.806406] (unitree_ros2_example) StdoutLine: {'line': b'-- Found rosidl_generator_cpp: 3.1.7 (/opt/ros/humble/share/rosidl_generator_cpp/cmake)\n'}
[17.807661] (stand_go2) StdoutLine: {'line': b"-- Using RMW implementation 'rmw_cyclonedds_cpp' as default\n"}
[17.811813] (stand_go2) StdoutLine: {'line': b'-- Looking for pthread.h\n'}
[17.817931] (unitree_ros2_example) StdoutLine: {'line': b'-- Using all available rosidl_typesupport_c: rosidl_typesupport_fastrtps_c;rosidl_typesupport_introspection_c\n'}
[17.833040] (unitree_ros2_example) StdoutLine: {'line': b'-- Using all available rosidl_typesupport_cpp: rosidl_typesupport_fastrtps_cpp;rosidl_typesupport_introspection_cpp\n'}
[17.846618] (unitree_mujoco) StdoutLine: {'line': b'-- Performing Test CMAKE_HAVE_LIBC_PTHREAD - Success\n'}
[17.847539] (unitree_mujoco) StdoutLine: {'line': b'-- Found Threads: TRUE  \n'}
[17.880857] (unitree_ros2_example) StdoutLine: {'line': b'-- Found unitree_hg: 0.0.0 (/home/ruben/go2_deploy/workhop_rl/install/unitree_hg/share/unitree_hg/cmake)\n'}
[17.881734] (-) TimerEvent: {}
[17.891301] (unitree_ros2_example) StdoutLine: {'line': b'-- Found unitree_api: 0.0.0 (/home/ruben/go2_deploy/workhop_rl/install/unitree_api/share/unitree_api/cmake)\n'}
[17.902055] (unitree_ros2_example) StdoutLine: {'line': b'-- Found rclcpp: 16.0.16 (/opt/ros/humble/share/rclcpp/cmake)\n'}
[17.918749] (unitree_mujoco) StdoutLine: {'line': b'-- Found ament_cmake: 1.3.12 (/opt/ros/humble/share/ament_cmake/cmake)\n'}
[17.930701] (unitree_ros2_example) StdoutLine: {'line': b'-- Found rmw_implementation_cmake: 6.1.2 (/opt/ros/humble/share/rmw_implementation_cmake/cmake)\n'}
[17.932734] (unitree_ros2_example) StdoutLine: {'line': b'-- Found rmw_cyclonedds_cpp: 1.3.4 (/opt/ros/humble/share/rmw_cyclonedds_cpp/cmake)\n'}
[17.948624] (unitree_ros2_example) StdoutLine: {'line': b"-- Using RMW implementation 'rmw_cyclonedds_cpp' as default\n"}
[17.954520] (unitree_ros2_example) StdoutLine: {'line': b'-- Looking for pthread.h\n'}
[17.956433] (stand_go2) StdoutLine: {'line': b'-- Looking for pthread.h - found\n'}
[17.956849] (stand_go2) StdoutLine: {'line': b'-- Performing Test CMAKE_HAVE_LIBC_PTHREAD\n'}
[17.981843] (-) TimerEvent: {}
[18.055407] (unitree_mujoco) StdoutLine: {'line': b'-- Found Python3: /usr/bin/python3 (found version "3.10.12") found components: Interpreter \n'}
[18.080279] (stand_go2) StdoutLine: {'line': b'-- Performing Test CMAKE_HAVE_LIBC_PTHREAD - Success\n'}
[18.081219] (stand_go2) StdoutLine: {'line': b'-- Found Threads: TRUE  \n'}
[18.081899] (-) TimerEvent: {}
[18.082517] (unitree_ros2_example) StdoutLine: {'line': b'-- Looking for pthread.h - found\n'}
[18.082640] (unitree_ros2_example) StdoutLine: {'line': b'-- Performing Test CMAKE_HAVE_LIBC_PTHREAD\n'}
[18.111524] (stand_go2) StdoutLine: {'line': b'-- Found rosbag2_cpp: 0.15.15 (/opt/ros/humble/share/rosbag2_cpp/cmake)\n'}
[18.158697] (unitree_ros2_example) StdoutLine: {'line': b'-- Performing Test CMAKE_HAVE_LIBC_PTHREAD - Success\n'}
[18.160204] (unitree_ros2_example) StdoutLine: {'line': b'-- Found Threads: TRUE  \n'}
[18.173368] (unitree_mujoco) StdoutLine: {'line': b'-- Configuring done\n'}
[18.176912] (unitree_mujoco) StdoutLine: {'line': b'-- Generating done\n'}
[18.178669] (unitree_mujoco) StdoutLine: {'line': b'-- Build files have been written to: /home/ruben/go2_deploy/workhop_rl/build/unitree_mujoco\n'}
[18.181993] (-) TimerEvent: {}
[18.183286] (unitree_mujoco) CommandEnded: {'returncode': 0}
[18.183745] (unitree_mujoco) JobProgress: {'identifier': 'unitree_mujoco', 'progress': 'build'}
[18.183990] (unitree_mujoco) Command: {'cmd': ['/usr/bin/cmake', '--build', '/home/ruben/go2_deploy/workhop_rl/build/unitree_mujoco', '--', '-j22', '-l22'], 'cwd': '/home/ruben/go2_deploy/workhop_rl/build/unitree_mujoco', 'env': OrderedDict([('LESSOPEN', '| /usr/bin/lesspipe %s'), ('CONDA_PROMPT_MODIFIER', ''), ('USER', 'ruben'), ('LC_TIME', 'ru_RU.UTF-8'), ('XDG_SESSION_TYPE', 'x11'), ('SHLVL', '1'), ('LD_LIBRARY_PATH', '/home/ruben/go2_deploy/workhop_rl/install/unitree_go/lib:/home/ruben/go2_deploy/workhop_rl/install/unitree_api/lib:/usr/lib/x86_64-linux-gnu/gazebo-11/plugins:/opt/ros/humble/opt/rviz_ogre_vendor/lib:/opt/ros/humble/lib/x86_64-linux-gnu:/opt/ros/humble/lib'), ('HOME', '/home/ruben'), ('CONDA_SHLVL', '0'), ('CYCLONEDDS_URI', '<CycloneDDS><Domain><General><Interfaces>\n                            <NetworkInterface name="lo" priority="default" multicast="default" />\n                        </Interfaces></General></Domain></CycloneDDS>'), ('OLDPWD', '/home/ruben/go2_deploy/workhop_rl/src'), ('DESKTOP_SESSION', 'ubuntu'), ('ROS_PYTHON_VERSION', '3'), ('GNOME_SHELL_SESSION_MODE', 'ubuntu'), ('GTK_MODULES', 'gail:atk-bridge'), ('LC_MONETARY', 'ru_RU.UTF-8'), ('SYSTEMD_EXEC_PID', '2945'), ('DBUS_SESSION_BUS_ADDRESS', 'unix:path=/run/user/1000/bus'), ('COLORTERM', 'truecolor'), ('_CE_M', ''), ('_CONDA_ROOT', '/home/ruben/miniconda3'), ('ROS_DISTRO', 'humble'), ('GTK_IM_MODULE', 'ibus'), ('LOGNAME', 'ruben'), ('_', '/usr/bin/colcon'), ('ROS_VERSION', '2'), ('XDG_SESSION_CLASS', 'user'), ('USERNAME', 'ruben'), ('TERM', 'xterm-256color'), ('GNOME_DESKTOP_SESSION_ID', 'this-is-deprecated'), ('_CE_CONDA', ''), ('ROS_LOCALHOST_ONLY', '0'), ('WINDOWPATH', '2'), ('PATH', '/opt/ros/humble/bin:/home/ruben/miniconda3/condabin:/usr/local/sbin:/usr/local/bin:/usr/sbin:/usr/bin:/sbin:/bin:/usr/games:/usr/local/games:/snap/bin:/snap/bin'), ('SESSION_MANAGER', 'local/ruben:@/tmp/.ICE-unix/2916,unix/ruben:/tmp/.ICE-unix/2916'), ('XDG_MENU_PREFIX', 'gnome-'), ('LC_ADDRESS', 'ru_RU.UTF-8'), ('GNOME_TERMINAL_SCREEN', '/org/gnome/Terminal/screen/a128e479_87a9_4f71_b049_48318ab91614'), ('XDG_RUNTIME_DIR', '/run/user/1000'), ('DISPLAY', ':1'), ('LANG', 'en_US.UTF-8'), ('XDG_CURRENT_DESKTOP', 'ubuntu:GNOME'), ('LC_TELEPHONE', 'ru_RU.UTF-8'), ('RMW_IMPLEMENTATION', 'rmw_cyclonedds_cpp'), ('XMODIFIERS', '@im=ibus'), ('XDG_SESSION_DESKTOP', 'ubuntu'), ('XAUTHORITY', '/run/user/1000/gdm/Xauthority'), ('LS_COLORS', 'rs=0:di=01;34:ln=01;36:mh=00:pi=40;33:so=01;35:do=01;35:bd=40;33;01:cd=40;33;01:or=40;31;01:mi=00:su=37;41:sg=30;43:ca=30;41:tw=30;42:ow=34;42:st=37;44:ex=01;32:*.tar=01;31:*.tgz=01;31:*.arc=01;31:*.arj=01;31:*.taz=01;31:*.lha=01;31:*.lz4=01;31:*.lzh=01;31:*.lzma=01;31:*.tlz=01;31:*.txz=01;31:*.tzo=01;31:*.t7z=01;31:*.zip=01;31:*.z=01;31:*.dz=01;31:*.gz=01;31:*.lrz=01;31:*.lz=01;31:*.lzo=01;31:*.xz=01;31:*.zst=01;31:*.tzst=01;31:*.bz2=01;31:*.bz=01;31:*.tbz=01;31:*.tbz2=01;31:*.tz=01;31:*.deb=01;31:*.rpm=01;31:*.jar=01;31:*.war=01;31:*.ear=01;31:*.sar=01;31:*.rar=01;31:*.alz=01;31:*.ace=01;31:*.zoo=01;31:*.cpio=01;31:*.7z=01;31:*.rz=01;31:*.cab=01;31:*.wim=01;31:*.swm=01;31:*.dwm=01;31:*.esd=01;31:*.jpg=01;35:*.jpeg=01;35:*.mjpg=01;35:*.mjpeg=01;35:*.gif=01;35:*.bmp=01;35:*.pbm=01;35:*.pgm=01;35:*.ppm=01;35:*.tga=01;35:*.xbm=01;35:*.xpm=01;35:*.tif=01;35:*.tiff=01;35:*.png=01;35:*.svg=01;35:*.svgz=01;35:*.mng=01;35:*.pcx=01;35:*.mov=01;35:*.mpg=01;35:*.mpeg=01;35:*.m2v=01;35:*.mkv=01;35:*.webm=01;35:*.webp=01;35:*.ogm=01;35:*.mp4=01;35:*.m4v=01;35:*.mp4v=01;35:*.vob=01;35:*.qt=01;35:*.nuv=01;35:*.wmv=01;35:*.asf=01;35:*.rm=01;35:*.rmvb=01;35:*.flc=01;35:*.avi=01;35:*.fli=01;35:*.flv=01;35:*.gl=01;35:*.dl=01;35:*.xcf=01;35:*.xwd=01;35:*.yuv=01;35:*.cgm=01;35:*.emf=01;35:*.ogv=01;35:*.ogx=01;35:*.aac=00;36:*.au=00;36:*.flac=00;36:*.m4a=00;36:*.mid=00;36:*.midi=00;36:*.mka=00;36:*.mp3=00;36:*.mpc=00;36:*.ogg=00;36:*.ra=00;36:*.wav=00;36:*.oga=00;36:*.opus=00;36:*.spx=00;36:*.xspf=00;36:'), ('GNOME_TERMINAL_SERVICE', ':1.92'), ('SSH_AGENT_LAUNCHER', 'gnome-keyring'), ('SSH_AUTH_SOCK', '/run/user/1000/keyring/ssh'), ('ROS_DOMAIN_ID', '1'), ('AMENT_PREFIX_PATH', '/home/ruben/go2_deploy/workhop_rl/install/unitree_go:/home/ruben/go2_deploy/workhop_rl/install/unitree_api:/opt/ros/humble'), ('CONDA_PYTHON_EXE', '/home/ruben/miniconda3/bin/python'), ('SHELL', '/bin/bash'), ('LC_NAME', 'ru_RU.UTF-8'), ('QT_ACCESSIBILITY', '1'), ('GDMSESSION', 'ubuntu'), ('Torch_DIR', '/path/to/your/libtorch'), ('LESSCLOSE', '/usr/bin/lesspipe %s %s'), ('CONDA_DEFAULT_ENV', ''), ('LC_MEASUREMENT', 'ru_RU.UTF-8'), ('GPG_AGENT_INFO', '/run/user/1000/gnupg/S.gpg-agent:0:1'), ('_CONDA_EXE', '/home/ruben/miniconda3/bin/conda'), ('LC_IDENTIFICATION', 'ru_RU.UTF-8'), ('QT_IM_MODULE', 'ibus'), ('PWD', '/home/ruben/go2_deploy/workhop_rl/build/unitree_mujoco'), ('XDG_CONFIG_DIRS', '/etc/xdg/xdg-ubuntu:/etc/xdg'), ('CONDA_EXE', '/home/ruben/miniconda3/bin/conda'), ('XDG_DATA_DIRS', '/usr/share/ubuntu:/usr/share/gnome:/usr/local/share/:/usr/share/:/var/lib/snapd/desktop'), ('PYTHONPATH', '/home/ruben/go2_deploy/workhop_rl/install/unitree_go/local/lib/python3.10/dist-packages:/home/ruben/go2_deploy/workhop_rl/install/unitree_api/local/lib/python3.10/dist-packages:/opt/ros/humble/lib/python3.10/site-packages:/opt/ros/humble/local/lib/python3.10/dist-packages'), ('LC_NUMERIC', 'ru_RU.UTF-8'), ('CONDA_PREFIX', ''), ('LC_PAPER', 'ru_RU.UTF-8'), ('COLCON', '1'), ('VTE_VERSION', '6800'), ('CMAKE_PREFIX_PATH', '/home/ruben/go2_deploy/workhop_rl/install/unitree_go:/home/ruben/go2_deploy/workhop_rl/install/unitree_api:/opt/ros/humble')]), 'shell': False}
[18.219866] (unitree_mujoco) StdoutLine: {'line': b'[  7%] \x1b[32mBuilding CXX object CMakeFiles/unitree_mujoco.dir/src/joystick/joystick.cc.o\x1b[0m\n'}
[18.220093] (unitree_mujoco) StdoutLine: {'line': b'[ 15%] \x1b[32mBuilding CXX object CMakeFiles/unitree_mujoco.dir/src/mujoco/simulate.cc.o\x1b[0m\n'}
[18.221255] (unitree_mujoco) StdoutLine: {'line': b'[ 23%] \x1b[32mBuilding CXX object CMakeFiles/test_unitree_sdk2.dir/test/test_unitree_sdk2.cpp.o\x1b[0m\n'}
[18.221587] (stand_go2) StdoutLine: {'line': b'-- Found ament_lint_auto: 0.12.14 (/opt/ros/humble/share/ament_lint_auto/cmake)\n'}
[18.221853] (unitree_mujoco) StdoutLine: {'line': b'[ 38%] \x1b[32mBuilding CXX object CMakeFiles/jstest.dir/src/joystick/joystick.cc.o\x1b[0m\n'}
[18.222083] (unitree_mujoco) StdoutLine: {'line': b'[ 38%] \x1b[32mBuilding CXX object CMakeFiles/unitree_mujoco.dir/src/mujoco/glfw_dispatch.cc.o\x1b[0m\n'}
[18.222297] (unitree_mujoco) StdoutLine: {'line': b'[ 46%] \x1b[32mBuilding CXX object CMakeFiles/unitree_mujoco.dir/src/mujoco/glfw_adapter.cc.o\x1b[0m\n'}
[18.222488] (unitree_mujoco) StdoutLine: {'line': b'[ 61%] \x1b[32mBuilding CXX object CMakeFiles/jstest.dir/src/joystick/jstest.cc.o\x1b[0m\n'}
[18.222675] (unitree_mujoco) StdoutLine: {'line': b'[ 61%] \x1b[32mBuilding CXX object CMakeFiles/unitree_mujoco.dir/src/mujoco/platform_ui_adapter.cc.o\x1b[0m\n'}
[18.222976] (unitree_mujoco) StdoutLine: {'line': b'[ 69%] \x1b[32mBuilding CXX object CMakeFiles/unitree_mujoco.dir/src/unitree_sdk2_bridge/unitree_sdk2_bridge.cc.o\x1b[0m\n'}
[18.223255] (unitree_mujoco) StdoutLine: {'line': b'[ 76%] \x1b[32mBuilding CXX object CMakeFiles/unitree_mujoco.dir/src/main.cc.o\x1b[0m\n'}
[18.242696] (unitree_ros2_example) StdoutLine: {'line': b'-- Found rosbag2_cpp: 0.15.15 (/opt/ros/humble/share/rosbag2_cpp/cmake)\n'}
[18.282115] (-) TimerEvent: {}
[18.285610] (unitree_ros2_example) StdoutLine: {'line': b'-- Found ament_lint_auto: 0.12.14 (/opt/ros/humble/share/ament_lint_auto/cmake)\n'}
[18.306272] (stand_go2) StdoutLine: {'line': b"-- Added test 'copyright' to check source files copyright and LICENSE\n"}
[18.307185] (stand_go2) StdoutLine: {'line': b"-- Added test 'cppcheck' to perform static code analysis on C / C++ code\n"}
[18.307351] (stand_go2) StdoutLine: {'line': b'-- Configured cppcheck include dirs: /home/ruben/go2_deploy/workhop_rl/src/unitree_mujoco/example/ros2/include\n'}
[18.307415] (stand_go2) StdoutLine: {'line': b'-- Configured cppcheck exclude dirs and/or files: \n'}
[18.308078] (stand_go2) StdoutLine: {'line': b"-- Added test 'cpplint' to check C / C++ code against the Google style\n"}
[18.308155] (stand_go2) StdoutLine: {'line': b'-- Configured cpplint exclude dirs and/or files: \n'}
[18.308655] (stand_go2) StdoutLine: {'line': b"-- Added test 'lint_cmake' to check CMake code style\n"}
[18.309381] (stand_go2) StdoutLine: {'line': b"-- Added test 'uncrustify' to check C / C++ code style\n"}
[18.309485] (stand_go2) StdoutLine: {'line': b'-- Configured uncrustify additional arguments: \n'}
[18.309810] (stand_go2) StdoutLine: {'line': b"-- Added test 'xmllint' to check XML markup files\n"}
[18.310904] (stand_go2) StdoutLine: {'line': b'-- Configuring done\n'}
[18.321300] (stand_go2) StdoutLine: {'line': b'-- Generating done\n'}
[18.325707] (stand_go2) StdoutLine: {'line': b'-- Build files have been written to: /home/ruben/go2_deploy/workhop_rl/build/stand_go2\n'}
[18.339713] (stand_go2) CommandEnded: {'returncode': 0}
[18.340400] (stand_go2) JobProgress: {'identifier': 'stand_go2', 'progress': 'build'}
[18.340834] (stand_go2) Command: {'cmd': ['/usr/bin/cmake', '--build', '/home/ruben/go2_deploy/workhop_rl/build/stand_go2', '--', '-j22', '-l22'], 'cwd': '/home/ruben/go2_deploy/workhop_rl/build/stand_go2', 'env': OrderedDict([('LESSOPEN', '| /usr/bin/lesspipe %s'), ('CONDA_PROMPT_MODIFIER', ''), ('USER', 'ruben'), ('LC_TIME', 'ru_RU.UTF-8'), ('XDG_SESSION_TYPE', 'x11'), ('SHLVL', '1'), ('LD_LIBRARY_PATH', '/home/ruben/go2_deploy/workhop_rl/install/unitree_go/lib:/home/ruben/go2_deploy/workhop_rl/install/unitree_api/lib:/usr/lib/x86_64-linux-gnu/gazebo-11/plugins:/opt/ros/humble/opt/rviz_ogre_vendor/lib:/opt/ros/humble/lib/x86_64-linux-gnu:/opt/ros/humble/lib'), ('HOME', '/home/ruben'), ('CONDA_SHLVL', '0'), ('CYCLONEDDS_URI', '<CycloneDDS><Domain><General><Interfaces>\n                            <NetworkInterface name="lo" priority="default" multicast="default" />\n                        </Interfaces></General></Domain></CycloneDDS>'), ('OLDPWD', '/home/ruben/go2_deploy/workhop_rl/src'), ('DESKTOP_SESSION', 'ubuntu'), ('ROS_PYTHON_VERSION', '3'), ('GNOME_SHELL_SESSION_MODE', 'ubuntu'), ('GTK_MODULES', 'gail:atk-bridge'), ('LC_MONETARY', 'ru_RU.UTF-8'), ('SYSTEMD_EXEC_PID', '2945'), ('DBUS_SESSION_BUS_ADDRESS', 'unix:path=/run/user/1000/bus'), ('COLORTERM', 'truecolor'), ('_CE_M', ''), ('_CONDA_ROOT', '/home/ruben/miniconda3'), ('ROS_DISTRO', 'humble'), ('GTK_IM_MODULE', 'ibus'), ('LOGNAME', 'ruben'), ('_', '/usr/bin/colcon'), ('ROS_VERSION', '2'), ('XDG_SESSION_CLASS', 'user'), ('USERNAME', 'ruben'), ('TERM', 'xterm-256color'), ('GNOME_DESKTOP_SESSION_ID', 'this-is-deprecated'), ('_CE_CONDA', ''), ('ROS_LOCALHOST_ONLY', '0'), ('WINDOWPATH', '2'), ('PATH', '/opt/ros/humble/bin:/home/ruben/miniconda3/condabin:/usr/local/sbin:/usr/local/bin:/usr/sbin:/usr/bin:/sbin:/bin:/usr/games:/usr/local/games:/snap/bin:/snap/bin'), ('SESSION_MANAGER', 'local/ruben:@/tmp/.ICE-unix/2916,unix/ruben:/tmp/.ICE-unix/2916'), ('XDG_MENU_PREFIX', 'gnome-'), ('LC_ADDRESS', 'ru_RU.UTF-8'), ('GNOME_TERMINAL_SCREEN', '/org/gnome/Terminal/screen/a128e479_87a9_4f71_b049_48318ab91614'), ('XDG_RUNTIME_DIR', '/run/user/1000'), ('DISPLAY', ':1'), ('LANG', 'en_US.UTF-8'), ('XDG_CURRENT_DESKTOP', 'ubuntu:GNOME'), ('LC_TELEPHONE', 'ru_RU.UTF-8'), ('RMW_IMPLEMENTATION', 'rmw_cyclonedds_cpp'), ('XMODIFIERS', '@im=ibus'), ('XDG_SESSION_DESKTOP', 'ubuntu'), ('XAUTHORITY', '/run/user/1000/gdm/Xauthority'), ('LS_COLORS', 'rs=0:di=01;34:ln=01;36:mh=00:pi=40;33:so=01;35:do=01;35:bd=40;33;01:cd=40;33;01:or=40;31;01:mi=00:su=37;41:sg=30;43:ca=30;41:tw=30;42:ow=34;42:st=37;44:ex=01;32:*.tar=01;31:*.tgz=01;31:*.arc=01;31:*.arj=01;31:*.taz=01;31:*.lha=01;31:*.lz4=01;31:*.lzh=01;31:*.lzma=01;31:*.tlz=01;31:*.txz=01;31:*.tzo=01;31:*.t7z=01;31:*.zip=01;31:*.z=01;31:*.dz=01;31:*.gz=01;31:*.lrz=01;31:*.lz=01;31:*.lzo=01;31:*.xz=01;31:*.zst=01;31:*.tzst=01;31:*.bz2=01;31:*.bz=01;31:*.tbz=01;31:*.tbz2=01;31:*.tz=01;31:*.deb=01;31:*.rpm=01;31:*.jar=01;31:*.war=01;31:*.ear=01;31:*.sar=01;31:*.rar=01;31:*.alz=01;31:*.ace=01;31:*.zoo=01;31:*.cpio=01;31:*.7z=01;31:*.rz=01;31:*.cab=01;31:*.wim=01;31:*.swm=01;31:*.dwm=01;31:*.esd=01;31:*.jpg=01;35:*.jpeg=01;35:*.mjpg=01;35:*.mjpeg=01;35:*.gif=01;35:*.bmp=01;35:*.pbm=01;35:*.pgm=01;35:*.ppm=01;35:*.tga=01;35:*.xbm=01;35:*.xpm=01;35:*.tif=01;35:*.tiff=01;35:*.png=01;35:*.svg=01;35:*.svgz=01;35:*.mng=01;35:*.pcx=01;35:*.mov=01;35:*.mpg=01;35:*.mpeg=01;35:*.m2v=01;35:*.mkv=01;35:*.webm=01;35:*.webp=01;35:*.ogm=01;35:*.mp4=01;35:*.m4v=01;35:*.mp4v=01;35:*.vob=01;35:*.qt=01;35:*.nuv=01;35:*.wmv=01;35:*.asf=01;35:*.rm=01;35:*.rmvb=01;35:*.flc=01;35:*.avi=01;35:*.fli=01;35:*.flv=01;35:*.gl=01;35:*.dl=01;35:*.xcf=01;35:*.xwd=01;35:*.yuv=01;35:*.cgm=01;35:*.emf=01;35:*.ogv=01;35:*.ogx=01;35:*.aac=00;36:*.au=00;36:*.flac=00;36:*.m4a=00;36:*.mid=00;36:*.midi=00;36:*.mka=00;36:*.mp3=00;36:*.mpc=00;36:*.ogg=00;36:*.ra=00;36:*.wav=00;36:*.oga=00;36:*.opus=00;36:*.spx=00;36:*.xspf=00;36:'), ('GNOME_TERMINAL_SERVICE', ':1.92'), ('SSH_AGENT_LAUNCHER', 'gnome-keyring'), ('SSH_AUTH_SOCK', '/run/user/1000/keyring/ssh'), ('ROS_DOMAIN_ID', '1'), ('AMENT_PREFIX_PATH', '/home/ruben/go2_deploy/workhop_rl/install/unitree_go:/home/ruben/go2_deploy/workhop_rl/install/unitree_api:/opt/ros/humble'), ('CONDA_PYTHON_EXE', '/home/ruben/miniconda3/bin/python'), ('SHELL', '/bin/bash'), ('LC_NAME', 'ru_RU.UTF-8'), ('QT_ACCESSIBILITY', '1'), ('GDMSESSION', 'ubuntu'), ('Torch_DIR', '/path/to/your/libtorch'), ('LESSCLOSE', '/usr/bin/lesspipe %s %s'), ('CONDA_DEFAULT_ENV', ''), ('LC_MEASUREMENT', 'ru_RU.UTF-8'), ('GPG_AGENT_INFO', '/run/user/1000/gnupg/S.gpg-agent:0:1'), ('_CONDA_EXE', '/home/ruben/miniconda3/bin/conda'), ('LC_IDENTIFICATION', 'ru_RU.UTF-8'), ('QT_IM_MODULE', 'ibus'), ('PWD', '/home/ruben/go2_deploy/workhop_rl/build/stand_go2'), ('XDG_CONFIG_DIRS', '/etc/xdg/xdg-ubuntu:/etc/xdg'), ('CONDA_EXE', '/home/ruben/miniconda3/bin/conda'), ('XDG_DATA_DIRS', '/usr/share/ubuntu:/usr/share/gnome:/usr/local/share/:/usr/share/:/var/lib/snapd/desktop'), ('PYTHONPATH', '/home/ruben/go2_deploy/workhop_rl/install/unitree_go/local/lib/python3.10/dist-packages:/home/ruben/go2_deploy/workhop_rl/install/unitree_api/local/lib/python3.10/dist-packages:/opt/ros/humble/lib/python3.10/site-packages:/opt/ros/humble/local/lib/python3.10/dist-packages'), ('LC_NUMERIC', 'ru_RU.UTF-8'), ('CONDA_PREFIX', ''), ('LC_PAPER', 'ru_RU.UTF-8'), ('COLCON', '1'), ('VTE_VERSION', '6800'), ('CMAKE_PREFIX_PATH', '/home/ruben/go2_deploy/workhop_rl/install/unitree_go:/home/ruben/go2_deploy/workhop_rl/install/unitree_api:/opt/ros/humble')]), 'shell': False}
[18.360195] (unitree_ros2_example) StdoutLine: {'line': b"-- Added test 'copyright' to check source files copyright and LICENSE\n"}
[18.364049] (unitree_ros2_example) StdoutLine: {'line': b"-- Added test 'cppcheck' to perform static code analysis on C / C++ code\n"}
[18.365180] (unitree_ros2_example) StdoutLine: {'line': b'-- Configured cppcheck include dirs: /home/ruben/go2_deploy/workhop_rl/src/unitree_ros2/example/src/include;/home/ruben/go2_deploy/workhop_rl/src/unitree_ros2/example/src/include/common;/home/ruben/go2_deploy/workhop_rl/src/unitree_ros2/example/src/include/nlohmann\n'}
[18.365246] (unitree_ros2_example) StdoutLine: {'line': b'-- Configured cppcheck exclude dirs and/or files: \n'}
[18.367958] (unitree_ros2_example) StdoutLine: {'line': b"-- Added test 'cpplint' to check C / C++ code against the Google style\n"}
[18.368087] (unitree_ros2_example) StdoutLine: {'line': b'-- Configured cpplint exclude dirs and/or files: \n'}
[18.369428] (unitree_ros2_example) StdoutLine: {'line': b"-- Added test 'lint_cmake' to check CMake code style\n"}
[18.372146] (unitree_ros2_example) StdoutLine: {'line': b"-- Added test 'uncrustify' to check C / C++ code style\n"}
[18.372244] (unitree_ros2_example) StdoutLine: {'line': b'-- Configured uncrustify additional arguments: \n'}
[18.372771] (unitree_ros2_example) StdoutLine: {'line': b"-- Added test 'xmllint' to check XML markup files\n"}
[18.373760] (unitree_ros2_example) StdoutLine: {'line': b'-- Configuring done\n'}
[18.382226] (-) TimerEvent: {}
[18.396307] (stand_go2) StdoutLine: {'line': b'[ 33%] \x1b[32mBuilding CXX object CMakeFiles/stand_go2.dir/src/stand_go2.cpp.o\x1b[0m\n'}
[18.411282] (stand_go2) StdoutLine: {'line': b'[ 66%] \x1b[32mBuilding CXX object CMakeFiles/stand_go2.dir/src/motor_crc.cpp.o\x1b[0m\n'}
[18.420073] (unitree_ros2_example) StdoutLine: {'line': b'-- Generating done\n'}
[18.439835] (unitree_ros2_example) StdoutLine: {'line': b'-- Build files have been written to: /home/ruben/go2_deploy/workhop_rl/build/unitree_ros2_example\n'}
[18.448162] (unitree_ros2_example) CommandEnded: {'returncode': 0}
[18.448715] (unitree_ros2_example) JobProgress: {'identifier': 'unitree_ros2_example', 'progress': 'build'}
[18.449055] (unitree_ros2_example) Command: {'cmd': ['/usr/bin/cmake', '--build', '/home/ruben/go2_deploy/workhop_rl/build/unitree_ros2_example', '--', '-j22', '-l22'], 'cwd': '/home/ruben/go2_deploy/workhop_rl/build/unitree_ros2_example', 'env': OrderedDict([('LESSOPEN', '| /usr/bin/lesspipe %s'), ('CONDA_PROMPT_MODIFIER', ''), ('USER', 'ruben'), ('LC_TIME', 'ru_RU.UTF-8'), ('XDG_SESSION_TYPE', 'x11'), ('SHLVL', '1'), ('LD_LIBRARY_PATH', '/home/ruben/go2_deploy/workhop_rl/install/unitree_hg/lib:/home/ruben/go2_deploy/workhop_rl/install/unitree_go/lib:/home/ruben/go2_deploy/workhop_rl/install/unitree_api/lib:/usr/lib/x86_64-linux-gnu/gazebo-11/plugins:/opt/ros/humble/opt/rviz_ogre_vendor/lib:/opt/ros/humble/lib/x86_64-linux-gnu:/opt/ros/humble/lib'), ('HOME', '/home/ruben'), ('CONDA_SHLVL', '0'), ('CYCLONEDDS_URI', '<CycloneDDS><Domain><General><Interfaces>\n                            <NetworkInterface name="lo" priority="default" multicast="default" />\n                        </Interfaces></General></Domain></CycloneDDS>'), ('OLDPWD', '/home/ruben/go2_deploy/workhop_rl/src'), ('DESKTOP_SESSION', 'ubuntu'), ('ROS_PYTHON_VERSION', '3'), ('GNOME_SHELL_SESSION_MODE', 'ubuntu'), ('GTK_MODULES', 'gail:atk-bridge'), ('LC_MONETARY', 'ru_RU.UTF-8'), ('SYSTEMD_EXEC_PID', '2945'), ('DBUS_SESSION_BUS_ADDRESS', 'unix:path=/run/user/1000/bus'), ('COLORTERM', 'truecolor'), ('_CE_M', ''), ('_CONDA_ROOT', '/home/ruben/miniconda3'), ('ROS_DISTRO', 'humble'), ('GTK_IM_MODULE', 'ibus'), ('LOGNAME', 'ruben'), ('_', '/usr/bin/colcon'), ('ROS_VERSION', '2'), ('XDG_SESSION_CLASS', 'user'), ('USERNAME', 'ruben'), ('TERM', 'xterm-256color'), ('GNOME_DESKTOP_SESSION_ID', 'this-is-deprecated'), ('_CE_CONDA', ''), ('ROS_LOCALHOST_ONLY', '0'), ('WINDOWPATH', '2'), ('PATH', '/opt/ros/humble/bin:/home/ruben/miniconda3/condabin:/usr/local/sbin:/usr/local/bin:/usr/sbin:/usr/bin:/sbin:/bin:/usr/games:/usr/local/games:/snap/bin:/snap/bin'), ('SESSION_MANAGER', 'local/ruben:@/tmp/.ICE-unix/2916,unix/ruben:/tmp/.ICE-unix/2916'), ('XDG_MENU_PREFIX', 'gnome-'), ('LC_ADDRESS', 'ru_RU.UTF-8'), ('GNOME_TERMINAL_SCREEN', '/org/gnome/Terminal/screen/a128e479_87a9_4f71_b049_48318ab91614'), ('XDG_RUNTIME_DIR', '/run/user/1000'), ('DISPLAY', ':1'), ('LANG', 'en_US.UTF-8'), ('XDG_CURRENT_DESKTOP', 'ubuntu:GNOME'), ('LC_TELEPHONE', 'ru_RU.UTF-8'), ('RMW_IMPLEMENTATION', 'rmw_cyclonedds_cpp'), ('XMODIFIERS', '@im=ibus'), ('XDG_SESSION_DESKTOP', 'ubuntu'), ('XAUTHORITY', '/run/user/1000/gdm/Xauthority'), ('LS_COLORS', 'rs=0:di=01;34:ln=01;36:mh=00:pi=40;33:so=01;35:do=01;35:bd=40;33;01:cd=40;33;01:or=40;31;01:mi=00:su=37;41:sg=30;43:ca=30;41:tw=30;42:ow=34;42:st=37;44:ex=01;32:*.tar=01;31:*.tgz=01;31:*.arc=01;31:*.arj=01;31:*.taz=01;31:*.lha=01;31:*.lz4=01;31:*.lzh=01;31:*.lzma=01;31:*.tlz=01;31:*.txz=01;31:*.tzo=01;31:*.t7z=01;31:*.zip=01;31:*.z=01;31:*.dz=01;31:*.gz=01;31:*.lrz=01;31:*.lz=01;31:*.lzo=01;31:*.xz=01;31:*.zst=01;31:*.tzst=01;31:*.bz2=01;31:*.bz=01;31:*.tbz=01;31:*.tbz2=01;31:*.tz=01;31:*.deb=01;31:*.rpm=01;31:*.jar=01;31:*.war=01;31:*.ear=01;31:*.sar=01;31:*.rar=01;31:*.alz=01;31:*.ace=01;31:*.zoo=01;31:*.cpio=01;31:*.7z=01;31:*.rz=01;31:*.cab=01;31:*.wim=01;31:*.swm=01;31:*.dwm=01;31:*.esd=01;31:*.jpg=01;35:*.jpeg=01;35:*.mjpg=01;35:*.mjpeg=01;35:*.gif=01;35:*.bmp=01;35:*.pbm=01;35:*.pgm=01;35:*.ppm=01;35:*.tga=01;35:*.xbm=01;35:*.xpm=01;35:*.tif=01;35:*.tiff=01;35:*.png=01;35:*.svg=01;35:*.svgz=01;35:*.mng=01;35:*.pcx=01;35:*.mov=01;35:*.mpg=01;35:*.mpeg=01;35:*.m2v=01;35:*.mkv=01;35:*.webm=01;35:*.webp=01;35:*.ogm=01;35:*.mp4=01;35:*.m4v=01;35:*.mp4v=01;35:*.vob=01;35:*.qt=01;35:*.nuv=01;35:*.wmv=01;35:*.asf=01;35:*.rm=01;35:*.rmvb=01;35:*.flc=01;35:*.avi=01;35:*.fli=01;35:*.flv=01;35:*.gl=01;35:*.dl=01;35:*.xcf=01;35:*.xwd=01;35:*.yuv=01;35:*.cgm=01;35:*.emf=01;35:*.ogv=01;35:*.ogx=01;35:*.aac=00;36:*.au=00;36:*.flac=00;36:*.m4a=00;36:*.mid=00;36:*.midi=00;36:*.mka=00;36:*.mp3=00;36:*.mpc=00;36:*.ogg=00;36:*.ra=00;36:*.wav=00;36:*.oga=00;36:*.opus=00;36:*.spx=00;36:*.xspf=00;36:'), ('GNOME_TERMINAL_SERVICE', ':1.92'), ('SSH_AGENT_LAUNCHER', 'gnome-keyring'), ('SSH_AUTH_SOCK', '/run/user/1000/keyring/ssh'), ('ROS_DOMAIN_ID', '1'), ('AMENT_PREFIX_PATH', '/home/ruben/go2_deploy/workhop_rl/install/unitree_hg:/home/ruben/go2_deploy/workhop_rl/install/unitree_go:/home/ruben/go2_deploy/workhop_rl/install/unitree_api:/opt/ros/humble'), ('CONDA_PYTHON_EXE', '/home/ruben/miniconda3/bin/python'), ('SHELL', '/bin/bash'), ('LC_NAME', 'ru_RU.UTF-8'), ('QT_ACCESSIBILITY', '1'), ('GDMSESSION', 'ubuntu'), ('Torch_DIR', '/path/to/your/libtorch'), ('LESSCLOSE', '/usr/bin/lesspipe %s %s'), ('CONDA_DEFAULT_ENV', ''), ('LC_MEASUREMENT', 'ru_RU.UTF-8'), ('GPG_AGENT_INFO', '/run/user/1000/gnupg/S.gpg-agent:0:1'), ('_CONDA_EXE', '/home/ruben/miniconda3/bin/conda'), ('LC_IDENTIFICATION', 'ru_RU.UTF-8'), ('QT_IM_MODULE', 'ibus'), ('PWD', '/home/ruben/go2_deploy/workhop_rl/build/unitree_ros2_example'), ('XDG_CONFIG_DIRS', '/etc/xdg/xdg-ubuntu:/etc/xdg'), ('CONDA_EXE', '/home/ruben/miniconda3/bin/conda'), ('XDG_DATA_DIRS', '/usr/share/ubuntu:/usr/share/gnome:/usr/local/share/:/usr/share/:/var/lib/snapd/desktop'), ('PYTHONPATH', '/home/ruben/go2_deploy/workhop_rl/install/unitree_hg/local/lib/python3.10/dist-packages:/home/ruben/go2_deploy/workhop_rl/install/unitree_go/local/lib/python3.10/dist-packages:/home/ruben/go2_deploy/workhop_rl/install/unitree_api/local/lib/python3.10/dist-packages:/opt/ros/humble/lib/python3.10/site-packages:/opt/ros/humble/local/lib/python3.10/dist-packages'), ('LC_NUMERIC', 'ru_RU.UTF-8'), ('CONDA_PREFIX', ''), ('LC_PAPER', 'ru_RU.UTF-8'), ('COLCON', '1'), ('VTE_VERSION', '6800'), ('CMAKE_PREFIX_PATH', '/home/ruben/go2_deploy/workhop_rl/install/unitree_hg:/home/ruben/go2_deploy/workhop_rl/install/unitree_go:/home/ruben/go2_deploy/workhop_rl/install/unitree_api:/opt/ros/humble')]), 'shell': False}
[18.483315] (-) TimerEvent: {}
[18.499672] (unitree_ros2_example) StdoutLine: {'line': b'[  5%] \x1b[32mBuilding CXX object CMakeFiles/read_low_state.dir/src/read_low_state.cpp.o\x1b[0m\n'}
[18.499997] (unitree_ros2_example) StdoutLine: {'line': b'[ 10%] \x1b[32mBuilding CXX object CMakeFiles/g1_low_level_example.dir/src/common/motor_crc_hg.cpp.o\x1b[0m\n'}
[18.501253] (unitree_ros2_example) StdoutLine: {'line': b'[ 15%] \x1b[32mBuilding CXX object CMakeFiles/g1_low_level_example.dir/src/g1/lowlevel/g1_low_level_example.cpp.o\x1b[0m\n'}
[18.503066] (unitree_ros2_example) StdoutLine: {'line': b'[ 20%] \x1b[32mBuilding CXX object CMakeFiles/read_low_state_hg.dir/src/read_low_state_hg.cpp.o\x1b[0m\n'}
[18.507152] (unitree_ros2_example) StdoutLine: {'line': b'[ 25%] \x1b[32mBuilding CXX object CMakeFiles/low_level_ctrl.dir/src/low_level_ctrl.cpp.o\x1b[0m\n'}
[18.507721] (unitree_ros2_example) StdoutLine: {'line': b'[ 30%] \x1b[32mBuilding CXX object CMakeFiles/low_level_ctrl.dir/src/common/motor_crc.cpp.o\x1b[0m\n'}
[18.510269] (unitree_ros2_example) StdoutLine: {'line': b'[ 35%] \x1b[32mBuilding CXX object CMakeFiles/read_wireless_controller.dir/src/read_wireless_controller.cpp.o\x1b[0m\n'}
[18.522198] (unitree_ros2_example) StdoutLine: {'line': b'[ 45%] \x1b[32mBuilding CXX object CMakeFiles/sport_mode_ctrl.dir/src/sport_mode_ctrl.cpp.o\x1b[0m\n'}
[18.522465] (unitree_ros2_example) StdoutLine: {'line': b'[ 45%] \x1b[32mBuilding CXX object CMakeFiles/sport_mode_ctrl.dir/src/common/ros2_sport_client.cpp.o\x1b[0m\n'}
[18.522558] (unitree_ros2_example) StdoutLine: {'line': b'[ 50%] \x1b[32mBuilding CXX object CMakeFiles/read_motion_state.dir/src/read_motion_state.cpp.o\x1b[0m\n'}
[18.528838] (unitree_ros2_example) StdoutLine: {'line': b'[ 55%] \x1b[32mBuilding CXX object CMakeFiles/low_level_ctrl_hg.dir/src/common/motor_crc_hg.cpp.o\x1b[0m\n'}
[18.534260] (unitree_ros2_example) StdoutLine: {'line': b'[ 60%] \x1b[32mBuilding CXX object CMakeFiles/low_level_ctrl_hg.dir/src/h1-2/lowlevel/low_level_ctrl_hg.cpp.o\x1b[0m\n'}
[18.583442] (-) TimerEvent: {}
[18.683859] (-) TimerEvent: {}
[18.784277] (-) TimerEvent: {}
[18.884698] (-) TimerEvent: {}
[18.985128] (-) TimerEvent: {}
[19.010485] (unitree_mujoco) StdoutLine: {'line': b'[ 84%] \x1b[32m\x1b[1mLinking CXX executable jstest\x1b[0m\n'}
[19.085278] (-) TimerEvent: {}
[19.162453] (unitree_mujoco) StdoutLine: {'line': b'[ 84%] Built target jstest\n'}
[19.185420] (-) TimerEvent: {}
[19.286077] (-) TimerEvent: {}
[19.321300] (rmw_cyclonedds_cpp) StdoutLine: {'line': b'[100%] \x1b[32m\x1b[1mLinking CXX shared library librmw_cyclonedds_cpp.so\x1b[0m\n'}
[19.387170] (-) TimerEvent: {}
[19.489648] (-) TimerEvent: {}
[19.590067] (-) TimerEvent: {}
[19.691252] (-) TimerEvent: {}
[19.791677] (-) TimerEvent: {}
[19.892067] (-) TimerEvent: {}
[19.972641] (rmw_cyclonedds_cpp) StdoutLine: {'line': b'[100%] Built target rmw_cyclonedds_cpp\n'}
[19.992160] (-) TimerEvent: {}
[19.996616] (rmw_cyclonedds_cpp) CommandEnded: {'returncode': 0}
[19.997213] (rmw_cyclonedds_cpp) JobProgress: {'identifier': 'rmw_cyclonedds_cpp', 'progress': 'install'}
[19.997248] (rmw_cyclonedds_cpp) Command: {'cmd': ['/usr/bin/cmake', '--install', '/home/ruben/go2_deploy/workhop_rl/build/rmw_cyclonedds_cpp'], 'cwd': '/home/ruben/go2_deploy/workhop_rl/build/rmw_cyclonedds_cpp', 'env': OrderedDict([('LESSOPEN', '| /usr/bin/lesspipe %s'), ('CONDA_PROMPT_MODIFIER', ''), ('USER', 'ruben'), ('LC_TIME', 'ru_RU.UTF-8'), ('XDG_SESSION_TYPE', 'x11'), ('SHLVL', '1'), ('LD_LIBRARY_PATH', '/home/ruben/go2_deploy/workhop_rl/install/cyclonedds/lib:/usr/lib/x86_64-linux-gnu/gazebo-11/plugins:/opt/ros/humble/opt/rviz_ogre_vendor/lib:/opt/ros/humble/lib/x86_64-linux-gnu:/opt/ros/humble/lib'), ('HOME', '/home/ruben'), ('CONDA_SHLVL', '0'), ('CYCLONEDDS_URI', '<CycloneDDS><Domain><General><Interfaces>\n                            <NetworkInterface name="lo" priority="default" multicast="default" />\n                        </Interfaces></General></Domain></CycloneDDS>'), ('OLDPWD', '/home/ruben/go2_deploy/workhop_rl/src'), ('DESKTOP_SESSION', 'ubuntu'), ('ROS_PYTHON_VERSION', '3'), ('GNOME_SHELL_SESSION_MODE', 'ubuntu'), ('GTK_MODULES', 'gail:atk-bridge'), ('LC_MONETARY', 'ru_RU.UTF-8'), ('SYSTEMD_EXEC_PID', '2945'), ('DBUS_SESSION_BUS_ADDRESS', 'unix:path=/run/user/1000/bus'), ('COLORTERM', 'truecolor'), ('_CE_M', ''), ('_CONDA_ROOT', '/home/ruben/miniconda3'), ('ROS_DISTRO', 'humble'), ('GTK_IM_MODULE', 'ibus'), ('LOGNAME', 'ruben'), ('_', '/usr/bin/colcon'), ('ROS_VERSION', '2'), ('XDG_SESSION_CLASS', 'user'), ('PKG_CONFIG_PATH', '/home/ruben/go2_deploy/workhop_rl/install/cyclonedds/lib/x86_64-linux-gnu/pkgconfig:/home/ruben/go2_deploy/workhop_rl/install/cyclonedds/lib/pkgconfig'), ('USERNAME', 'ruben'), ('TERM', 'xterm-256color'), ('GNOME_DESKTOP_SESSION_ID', 'this-is-deprecated'), ('_CE_CONDA', ''), ('ROS_LOCALHOST_ONLY', '0'), ('WINDOWPATH', '2'), ('PATH', '/home/ruben/go2_deploy/workhop_rl/install/cyclonedds/bin:/opt/ros/humble/bin:/home/ruben/miniconda3/condabin:/usr/local/sbin:/usr/local/bin:/usr/sbin:/usr/bin:/sbin:/bin:/usr/games:/usr/local/games:/snap/bin:/snap/bin'), ('SESSION_MANAGER', 'local/ruben:@/tmp/.ICE-unix/2916,unix/ruben:/tmp/.ICE-unix/2916'), ('XDG_MENU_PREFIX', 'gnome-'), ('LC_ADDRESS', 'ru_RU.UTF-8'), ('GNOME_TERMINAL_SCREEN', '/org/gnome/Terminal/screen/a128e479_87a9_4f71_b049_48318ab91614'), ('XDG_RUNTIME_DIR', '/run/user/1000'), ('DISPLAY', ':1'), ('LANG', 'en_US.UTF-8'), ('XDG_CURRENT_DESKTOP', 'ubuntu:GNOME'), ('LC_TELEPHONE', 'ru_RU.UTF-8'), ('RMW_IMPLEMENTATION', 'rmw_cyclonedds_cpp'), ('XMODIFIERS', '@im=ibus'), ('XDG_SESSION_DESKTOP', 'ubuntu'), ('XAUTHORITY', '/run/user/1000/gdm/Xauthority'), ('LS_COLORS', 'rs=0:di=01;34:ln=01;36:mh=00:pi=40;33:so=01;35:do=01;35:bd=40;33;01:cd=40;33;01:or=40;31;01:mi=00:su=37;41:sg=30;43:ca=30;41:tw=30;42:ow=34;42:st=37;44:ex=01;32:*.tar=01;31:*.tgz=01;31:*.arc=01;31:*.arj=01;31:*.taz=01;31:*.lha=01;31:*.lz4=01;31:*.lzh=01;31:*.lzma=01;31:*.tlz=01;31:*.txz=01;31:*.tzo=01;31:*.t7z=01;31:*.zip=01;31:*.z=01;31:*.dz=01;31:*.gz=01;31:*.lrz=01;31:*.lz=01;31:*.lzo=01;31:*.xz=01;31:*.zst=01;31:*.tzst=01;31:*.bz2=01;31:*.bz=01;31:*.tbz=01;31:*.tbz2=01;31:*.tz=01;31:*.deb=01;31:*.rpm=01;31:*.jar=01;31:*.war=01;31:*.ear=01;31:*.sar=01;31:*.rar=01;31:*.alz=01;31:*.ace=01;31:*.zoo=01;31:*.cpio=01;31:*.7z=01;31:*.rz=01;31:*.cab=01;31:*.wim=01;31:*.swm=01;31:*.dwm=01;31:*.esd=01;31:*.jpg=01;35:*.jpeg=01;35:*.mjpg=01;35:*.mjpeg=01;35:*.gif=01;35:*.bmp=01;35:*.pbm=01;35:*.pgm=01;35:*.ppm=01;35:*.tga=01;35:*.xbm=01;35:*.xpm=01;35:*.tif=01;35:*.tiff=01;35:*.png=01;35:*.svg=01;35:*.svgz=01;35:*.mng=01;35:*.pcx=01;35:*.mov=01;35:*.mpg=01;35:*.mpeg=01;35:*.m2v=01;35:*.mkv=01;35:*.webm=01;35:*.webp=01;35:*.ogm=01;35:*.mp4=01;35:*.m4v=01;35:*.mp4v=01;35:*.vob=01;35:*.qt=01;35:*.nuv=01;35:*.wmv=01;35:*.asf=01;35:*.rm=01;35:*.rmvb=01;35:*.flc=01;35:*.avi=01;35:*.fli=01;35:*.flv=01;35:*.gl=01;35:*.dl=01;35:*.xcf=01;35:*.xwd=01;35:*.yuv=01;35:*.cgm=01;35:*.emf=01;35:*.ogv=01;35:*.ogx=01;35:*.aac=00;36:*.au=00;36:*.flac=00;36:*.m4a=00;36:*.mid=00;36:*.midi=00;36:*.mka=00;36:*.mp3=00;36:*.mpc=00;36:*.ogg=00;36:*.ra=00;36:*.wav=00;36:*.oga=00;36:*.opus=00;36:*.spx=00;36:*.xspf=00;36:'), ('GNOME_TERMINAL_SERVICE', ':1.92'), ('SSH_AGENT_LAUNCHER', 'gnome-keyring'), ('SSH_AUTH_SOCK', '/run/user/1000/keyring/ssh'), ('ROS_DOMAIN_ID', '1'), ('AMENT_PREFIX_PATH', '/opt/ros/humble'), ('CONDA_PYTHON_EXE', '/home/ruben/miniconda3/bin/python'), ('SHELL', '/bin/bash'), ('LC_NAME', 'ru_RU.UTF-8'), ('QT_ACCESSIBILITY', '1'), ('GDMSESSION', 'ubuntu'), ('Torch_DIR', '/path/to/your/libtorch'), ('LESSCLOSE', '/usr/bin/lesspipe %s %s'), ('CONDA_DEFAULT_ENV', ''), ('LC_MEASUREMENT', 'ru_RU.UTF-8'), ('GPG_AGENT_INFO', '/run/user/1000/gnupg/S.gpg-agent:0:1'), ('_CONDA_EXE', '/home/ruben/miniconda3/bin/conda'), ('LC_IDENTIFICATION', 'ru_RU.UTF-8'), ('QT_IM_MODULE', 'ibus'), ('PWD', '/home/ruben/go2_deploy/workhop_rl/build/rmw_cyclonedds_cpp'), ('XDG_CONFIG_DIRS', '/etc/xdg/xdg-ubuntu:/etc/xdg'), ('CONDA_EXE', '/home/ruben/miniconda3/bin/conda'), ('XDG_DATA_DIRS', '/usr/share/ubuntu:/usr/share/gnome:/usr/local/share/:/usr/share/:/var/lib/snapd/desktop'), ('PYTHONPATH', '/opt/ros/humble/lib/python3.10/site-packages:/opt/ros/humble/local/lib/python3.10/dist-packages'), ('LC_NUMERIC', 'ru_RU.UTF-8'), ('CONDA_PREFIX', ''), ('LC_PAPER', 'ru_RU.UTF-8'), ('COLCON', '1'), ('VTE_VERSION', '6800'), ('CMAKE_PREFIX_PATH', '/home/ruben/go2_deploy/workhop_rl/install/cyclonedds:/opt/ros/humble')]), 'shell': False}
[20.004458] (rmw_cyclonedds_cpp) StdoutLine: {'line': b'-- Install configuration: ""\n'}
[20.004769] (rmw_cyclonedds_cpp) StdoutLine: {'line': b'-- Installing: /home/ruben/go2_deploy/workhop_rl/install/rmw_cyclonedds_cpp/share/ament_index/resource_index/rmw_typesupport_c/rmw_cyclonedds_cpp\n'}
[20.004900] (rmw_cyclonedds_cpp) StdoutLine: {'line': b'-- Installing: /home/ruben/go2_deploy/workhop_rl/install/rmw_cyclonedds_cpp/share/ament_index/resource_index/rmw_typesupport_cpp/rmw_cyclonedds_cpp\n'}
[20.005042] (rmw_cyclonedds_cpp) StdoutLine: {'line': b'-- Installing: /home/ruben/go2_deploy/workhop_rl/install/rmw_cyclonedds_cpp/share/ament_index/resource_index/rmw_typesupport/rmw_cyclonedds_cpp\n'}
[20.005135] (rmw_cyclonedds_cpp) StdoutLine: {'line': b'-- Installing: /home/ruben/go2_deploy/workhop_rl/install/rmw_cyclonedds_cpp/share/ament_index/resource_index/package_run_dependencies/rmw_cyclonedds_cpp\n'}
[20.005257] (rmw_cyclonedds_cpp) StdoutLine: {'line': b'-- Installing: /home/ruben/go2_deploy/workhop_rl/install/rmw_cyclonedds_cpp/share/ament_index/resource_index/parent_prefix_path/rmw_cyclonedds_cpp\n'}
[20.005368] (rmw_cyclonedds_cpp) StdoutLine: {'line': b'-- Installing: /home/ruben/go2_deploy/workhop_rl/install/rmw_cyclonedds_cpp/share/rmw_cyclonedds_cpp/environment/ament_prefix_path.sh\n'}
[20.005486] (rmw_cyclonedds_cpp) StdoutLine: {'line': b'-- Installing: /home/ruben/go2_deploy/workhop_rl/install/rmw_cyclonedds_cpp/share/rmw_cyclonedds_cpp/environment/ament_prefix_path.dsv\n'}
[20.005588] (rmw_cyclonedds_cpp) StdoutLine: {'line': b'-- Installing: /home/ruben/go2_deploy/workhop_rl/install/rmw_cyclonedds_cpp/share/rmw_cyclonedds_cpp/environment/path.sh\n'}
[20.005722] (rmw_cyclonedds_cpp) StdoutLine: {'line': b'-- Installing: /home/ruben/go2_deploy/workhop_rl/install/rmw_cyclonedds_cpp/share/rmw_cyclonedds_cpp/environment/path.dsv\n'}
[20.005812] (rmw_cyclonedds_cpp) StdoutLine: {'line': b'-- Installing: /home/ruben/go2_deploy/workhop_rl/install/rmw_cyclonedds_cpp/share/rmw_cyclonedds_cpp/local_setup.bash\n'}
[20.005918] (rmw_cyclonedds_cpp) StdoutLine: {'line': b'-- Installing: /home/ruben/go2_deploy/workhop_rl/install/rmw_cyclonedds_cpp/share/rmw_cyclonedds_cpp/local_setup.sh\n'}
[20.006060] (rmw_cyclonedds_cpp) StdoutLine: {'line': b'-- Installing: /home/ruben/go2_deploy/workhop_rl/install/rmw_cyclonedds_cpp/share/rmw_cyclonedds_cpp/local_setup.zsh\n'}
[20.006151] (rmw_cyclonedds_cpp) StdoutLine: {'line': b'-- Installing: /home/ruben/go2_deploy/workhop_rl/install/rmw_cyclonedds_cpp/share/rmw_cyclonedds_cpp/local_setup.dsv\n'}
[20.006275] (rmw_cyclonedds_cpp) StdoutLine: {'line': b'-- Installing: /home/ruben/go2_deploy/workhop_rl/install/rmw_cyclonedds_cpp/share/rmw_cyclonedds_cpp/package.dsv\n'}
[20.006358] (rmw_cyclonedds_cpp) StdoutLine: {'line': b'-- Installing: /home/ruben/go2_deploy/workhop_rl/install/rmw_cyclonedds_cpp/share/ament_index/resource_index/packages/rmw_cyclonedds_cpp\n'}
[20.006474] (rmw_cyclonedds_cpp) StdoutLine: {'line': b'-- Installing: /home/ruben/go2_deploy/workhop_rl/install/rmw_cyclonedds_cpp/share/rmw_cyclonedds_cpp/cmake/export_rmw_cyclonedds_cppExport.cmake\n'}
[20.006599] (rmw_cyclonedds_cpp) StdoutLine: {'line': b'-- Installing: /home/ruben/go2_deploy/workhop_rl/install/rmw_cyclonedds_cpp/share/rmw_cyclonedds_cpp/cmake/export_rmw_cyclonedds_cppExport-noconfig.cmake\n'}
[20.006739] (rmw_cyclonedds_cpp) StdoutLine: {'line': b'-- Installing: /home/ruben/go2_deploy/workhop_rl/install/rmw_cyclonedds_cpp/share/rmw_cyclonedds_cpp/cmake/ament_cmake_export_dependencies-extras.cmake\n'}
[20.006828] (rmw_cyclonedds_cpp) StdoutLine: {'line': b'-- Installing: /home/ruben/go2_deploy/workhop_rl/install/rmw_cyclonedds_cpp/share/rmw_cyclonedds_cpp/cmake/ament_cmake_export_targets-extras.cmake\n'}
[20.006945] (rmw_cyclonedds_cpp) StdoutLine: {'line': b'-- Installing: /home/ruben/go2_deploy/workhop_rl/install/rmw_cyclonedds_cpp/share/rmw_cyclonedds_cpp/cmake/rmw_cyclonedds_cppConfig.cmake\n'}
[20.007065] (rmw_cyclonedds_cpp) StdoutLine: {'line': b'-- Installing: /home/ruben/go2_deploy/workhop_rl/install/rmw_cyclonedds_cpp/share/rmw_cyclonedds_cpp/cmake/rmw_cyclonedds_cppConfig-version.cmake\n'}
[20.007149] (rmw_cyclonedds_cpp) StdoutLine: {'line': b'-- Installing: /home/ruben/go2_deploy/workhop_rl/install/rmw_cyclonedds_cpp/share/rmw_cyclonedds_cpp/package.xml\n'}
[20.007368] (rmw_cyclonedds_cpp) StdoutLine: {'line': b'-- Installing: /home/ruben/go2_deploy/workhop_rl/install/rmw_cyclonedds_cpp/lib/librmw_cyclonedds_cpp.so\n'}
[20.012222] (rmw_cyclonedds_cpp) StdoutLine: {'line': b'-- Set runtime path of "/home/ruben/go2_deploy/workhop_rl/install/rmw_cyclonedds_cpp/lib/librmw_cyclonedds_cpp.so" to ""\n'}
[20.012512] (rmw_cyclonedds_cpp) StdoutLine: {'line': b'-- Installing: /home/ruben/go2_deploy/workhop_rl/install/rmw_cyclonedds_cpp/share/ament_index/resource_index/rmw_output_patterns/rmw_cyclonedds_cpp\n'}
[20.016683] (rmw_cyclonedds_cpp) CommandEnded: {'returncode': 0}
[20.043741] (rmw_cyclonedds_cpp) JobEnded: {'identifier': 'rmw_cyclonedds_cpp', 'rc': 0}
[20.092310] (-) TimerEvent: {}
[20.194111] (-) TimerEvent: {}
[20.294459] (-) TimerEvent: {}
[20.394822] (-) TimerEvent: {}
[20.495253] (-) TimerEvent: {}
[20.595684] (-) TimerEvent: {}
[20.696173] (-) TimerEvent: {}
[20.796790] (-) TimerEvent: {}
[20.899626] (-) TimerEvent: {}
[21.000092] (-) TimerEvent: {}
[21.100918] (-) TimerEvent: {}
[21.201377] (-) TimerEvent: {}
[21.302166] (-) TimerEvent: {}
[21.402781] (-) TimerEvent: {}
[21.503902] (-) TimerEvent: {}
[21.604275] (-) TimerEvent: {}
[21.704640] (-) TimerEvent: {}
[21.805013] (-) TimerEvent: {}
[21.905392] (-) TimerEvent: {}
[22.005764] (-) TimerEvent: {}
[22.106444] (-) TimerEvent: {}
[22.206895] (-) TimerEvent: {}
[22.307384] (-) TimerEvent: {}
[22.407881] (-) TimerEvent: {}
[22.508273] (-) TimerEvent: {}
[22.608656] (-) TimerEvent: {}
[22.709100] (-) TimerEvent: {}
[22.809573] (-) TimerEvent: {}
[22.910149] (-) TimerEvent: {}
[23.010722] (-) TimerEvent: {}
[23.093717] (stand_go2) StdoutLine: {'line': b'[100%] \x1b[32m\x1b[1mLinking CXX executable stand_go2\x1b[0m\n'}
[23.110826] (-) TimerEvent: {}
[23.211214] (-) TimerEvent: {}
[23.311585] (-) TimerEvent: {}
[23.411939] (-) TimerEvent: {}
[23.512305] (-) TimerEvent: {}
[23.612702] (-) TimerEvent: {}
[23.713111] (-) TimerEvent: {}
[23.721452] (stand_go2) StdoutLine: {'line': b'[100%] Built target stand_go2\n'}
[23.754348] (stand_go2) CommandEnded: {'returncode': 0}
[23.755040] (stand_go2) JobProgress: {'identifier': 'stand_go2', 'progress': 'install'}
[23.755242] (stand_go2) Command: {'cmd': ['/usr/bin/cmake', '--install', '/home/ruben/go2_deploy/workhop_rl/build/stand_go2'], 'cwd': '/home/ruben/go2_deploy/workhop_rl/build/stand_go2', 'env': OrderedDict([('LESSOPEN', '| /usr/bin/lesspipe %s'), ('CONDA_PROMPT_MODIFIER', ''), ('USER', 'ruben'), ('LC_TIME', 'ru_RU.UTF-8'), ('XDG_SESSION_TYPE', 'x11'), ('SHLVL', '1'), ('LD_LIBRARY_PATH', '/home/ruben/go2_deploy/workhop_rl/install/unitree_go/lib:/home/ruben/go2_deploy/workhop_rl/install/unitree_api/lib:/usr/lib/x86_64-linux-gnu/gazebo-11/plugins:/opt/ros/humble/opt/rviz_ogre_vendor/lib:/opt/ros/humble/lib/x86_64-linux-gnu:/opt/ros/humble/lib'), ('HOME', '/home/ruben'), ('CONDA_SHLVL', '0'), ('CYCLONEDDS_URI', '<CycloneDDS><Domain><General><Interfaces>\n                            <NetworkInterface name="lo" priority="default" multicast="default" />\n                        </Interfaces></General></Domain></CycloneDDS>'), ('OLDPWD', '/home/ruben/go2_deploy/workhop_rl/src'), ('DESKTOP_SESSION', 'ubuntu'), ('ROS_PYTHON_VERSION', '3'), ('GNOME_SHELL_SESSION_MODE', 'ubuntu'), ('GTK_MODULES', 'gail:atk-bridge'), ('LC_MONETARY', 'ru_RU.UTF-8'), ('SYSTEMD_EXEC_PID', '2945'), ('DBUS_SESSION_BUS_ADDRESS', 'unix:path=/run/user/1000/bus'), ('COLORTERM', 'truecolor'), ('_CE_M', ''), ('_CONDA_ROOT', '/home/ruben/miniconda3'), ('ROS_DISTRO', 'humble'), ('GTK_IM_MODULE', 'ibus'), ('LOGNAME', 'ruben'), ('_', '/usr/bin/colcon'), ('ROS_VERSION', '2'), ('XDG_SESSION_CLASS', 'user'), ('USERNAME', 'ruben'), ('TERM', 'xterm-256color'), ('GNOME_DESKTOP_SESSION_ID', 'this-is-deprecated'), ('_CE_CONDA', ''), ('ROS_LOCALHOST_ONLY', '0'), ('WINDOWPATH', '2'), ('PATH', '/opt/ros/humble/bin:/home/ruben/miniconda3/condabin:/usr/local/sbin:/usr/local/bin:/usr/sbin:/usr/bin:/sbin:/bin:/usr/games:/usr/local/games:/snap/bin:/snap/bin'), ('SESSION_MANAGER', 'local/ruben:@/tmp/.ICE-unix/2916,unix/ruben:/tmp/.ICE-unix/2916'), ('XDG_MENU_PREFIX', 'gnome-'), ('LC_ADDRESS', 'ru_RU.UTF-8'), ('GNOME_TERMINAL_SCREEN', '/org/gnome/Terminal/screen/a128e479_87a9_4f71_b049_48318ab91614'), ('XDG_RUNTIME_DIR', '/run/user/1000'), ('DISPLAY', ':1'), ('LANG', 'en_US.UTF-8'), ('XDG_CURRENT_DESKTOP', 'ubuntu:GNOME'), ('LC_TELEPHONE', 'ru_RU.UTF-8'), ('RMW_IMPLEMENTATION', 'rmw_cyclonedds_cpp'), ('XMODIFIERS', '@im=ibus'), ('XDG_SESSION_DESKTOP', 'ubuntu'), ('XAUTHORITY', '/run/user/1000/gdm/Xauthority'), ('LS_COLORS', 'rs=0:di=01;34:ln=01;36:mh=00:pi=40;33:so=01;35:do=01;35:bd=40;33;01:cd=40;33;01:or=40;31;01:mi=00:su=37;41:sg=30;43:ca=30;41:tw=30;42:ow=34;42:st=37;44:ex=01;32:*.tar=01;31:*.tgz=01;31:*.arc=01;31:*.arj=01;31:*.taz=01;31:*.lha=01;31:*.lz4=01;31:*.lzh=01;31:*.lzma=01;31:*.tlz=01;31:*.txz=01;31:*.tzo=01;31:*.t7z=01;31:*.zip=01;31:*.z=01;31:*.dz=01;31:*.gz=01;31:*.lrz=01;31:*.lz=01;31:*.lzo=01;31:*.xz=01;31:*.zst=01;31:*.tzst=01;31:*.bz2=01;31:*.bz=01;31:*.tbz=01;31:*.tbz2=01;31:*.tz=01;31:*.deb=01;31:*.rpm=01;31:*.jar=01;31:*.war=01;31:*.ear=01;31:*.sar=01;31:*.rar=01;31:*.alz=01;31:*.ace=01;31:*.zoo=01;31:*.cpio=01;31:*.7z=01;31:*.rz=01;31:*.cab=01;31:*.wim=01;31:*.swm=01;31:*.dwm=01;31:*.esd=01;31:*.jpg=01;35:*.jpeg=01;35:*.mjpg=01;35:*.mjpeg=01;35:*.gif=01;35:*.bmp=01;35:*.pbm=01;35:*.pgm=01;35:*.ppm=01;35:*.tga=01;35:*.xbm=01;35:*.xpm=01;35:*.tif=01;35:*.tiff=01;35:*.png=01;35:*.svg=01;35:*.svgz=01;35:*.mng=01;35:*.pcx=01;35:*.mov=01;35:*.mpg=01;35:*.mpeg=01;35:*.m2v=01;35:*.mkv=01;35:*.webm=01;35:*.webp=01;35:*.ogm=01;35:*.mp4=01;35:*.m4v=01;35:*.mp4v=01;35:*.vob=01;35:*.qt=01;35:*.nuv=01;35:*.wmv=01;35:*.asf=01;35:*.rm=01;35:*.rmvb=01;35:*.flc=01;35:*.avi=01;35:*.fli=01;35:*.flv=01;35:*.gl=01;35:*.dl=01;35:*.xcf=01;35:*.xwd=01;35:*.yuv=01;35:*.cgm=01;35:*.emf=01;35:*.ogv=01;35:*.ogx=01;35:*.aac=00;36:*.au=00;36:*.flac=00;36:*.m4a=00;36:*.mid=00;36:*.midi=00;36:*.mka=00;36:*.mp3=00;36:*.mpc=00;36:*.ogg=00;36:*.ra=00;36:*.wav=00;36:*.oga=00;36:*.opus=00;36:*.spx=00;36:*.xspf=00;36:'), ('GNOME_TERMINAL_SERVICE', ':1.92'), ('SSH_AGENT_LAUNCHER', 'gnome-keyring'), ('SSH_AUTH_SOCK', '/run/user/1000/keyring/ssh'), ('ROS_DOMAIN_ID', '1'), ('AMENT_PREFIX_PATH', '/home/ruben/go2_deploy/workhop_rl/install/unitree_go:/home/ruben/go2_deploy/workhop_rl/install/unitree_api:/opt/ros/humble'), ('CONDA_PYTHON_EXE', '/home/ruben/miniconda3/bin/python'), ('SHELL', '/bin/bash'), ('LC_NAME', 'ru_RU.UTF-8'), ('QT_ACCESSIBILITY', '1'), ('GDMSESSION', 'ubuntu'), ('Torch_DIR', '/path/to/your/libtorch'), ('LESSCLOSE', '/usr/bin/lesspipe %s %s'), ('CONDA_DEFAULT_ENV', ''), ('LC_MEASUREMENT', 'ru_RU.UTF-8'), ('GPG_AGENT_INFO', '/run/user/1000/gnupg/S.gpg-agent:0:1'), ('_CONDA_EXE', '/home/ruben/miniconda3/bin/conda'), ('LC_IDENTIFICATION', 'ru_RU.UTF-8'), ('QT_IM_MODULE', 'ibus'), ('PWD', '/home/ruben/go2_deploy/workhop_rl/build/stand_go2'), ('XDG_CONFIG_DIRS', '/etc/xdg/xdg-ubuntu:/etc/xdg'), ('CONDA_EXE', '/home/ruben/miniconda3/bin/conda'), ('XDG_DATA_DIRS', '/usr/share/ubuntu:/usr/share/gnome:/usr/local/share/:/usr/share/:/var/lib/snapd/desktop'), ('PYTHONPATH', '/home/ruben/go2_deploy/workhop_rl/install/unitree_go/local/lib/python3.10/dist-packages:/home/ruben/go2_deploy/workhop_rl/install/unitree_api/local/lib/python3.10/dist-packages:/opt/ros/humble/lib/python3.10/site-packages:/opt/ros/humble/local/lib/python3.10/dist-packages'), ('LC_NUMERIC', 'ru_RU.UTF-8'), ('CONDA_PREFIX', ''), ('LC_PAPER', 'ru_RU.UTF-8'), ('COLCON', '1'), ('VTE_VERSION', '6800'), ('CMAKE_PREFIX_PATH', '/home/ruben/go2_deploy/workhop_rl/install/unitree_go:/home/ruben/go2_deploy/workhop_rl/install/unitree_api:/opt/ros/humble')]), 'shell': False}
[23.774719] (stand_go2) StdoutLine: {'line': b'-- Install configuration: ""\n'}
[23.775396] (stand_go2) StdoutLine: {'line': b'-- Installing: /home/ruben/go2_deploy/workhop_rl/install/stand_go2/lib/stand_go2/stand_go2\n'}
[23.777911] (stand_go2) StdoutLine: {'line': b'-- Set runtime path of "/home/ruben/go2_deploy/workhop_rl/install/stand_go2/lib/stand_go2/stand_go2" to ""\n'}
[23.778260] (stand_go2) StdoutLine: {'line': b'-- Installing: /home/ruben/go2_deploy/workhop_rl/install/stand_go2/share/ament_index/resource_index/package_run_dependencies/stand_go2\n'}
[23.778716] (stand_go2) StdoutLine: {'line': b'-- Installing: /home/ruben/go2_deploy/workhop_rl/install/stand_go2/share/ament_index/resource_index/parent_prefix_path/stand_go2\n'}
[23.779164] (stand_go2) StdoutLine: {'line': b'-- Installing: /home/ruben/go2_deploy/workhop_rl/install/stand_go2/share/stand_go2/environment/ament_prefix_path.sh\n'}
[23.779463] (stand_go2) StdoutLine: {'line': b'-- Installing: /home/ruben/go2_deploy/workhop_rl/install/stand_go2/share/stand_go2/environment/ament_prefix_path.dsv\n'}
[23.779770] (stand_go2) StdoutLine: {'line': b'-- Installing: /home/ruben/go2_deploy/workhop_rl/install/stand_go2/share/stand_go2/environment/path.sh\n'}
[23.780121] (stand_go2) StdoutLine: {'line': b'-- Installing: /home/ruben/go2_deploy/workhop_rl/install/stand_go2/share/stand_go2/environment/path.dsv\n'}
[23.780422] (stand_go2) StdoutLine: {'line': b'-- Installing: /home/ruben/go2_deploy/workhop_rl/install/stand_go2/share/stand_go2/local_setup.bash\n'}
[23.780770] (stand_go2) StdoutLine: {'line': b'-- Installing: /home/ruben/go2_deploy/workhop_rl/install/stand_go2/share/stand_go2/local_setup.sh\n'}
[23.781182] (stand_go2) StdoutLine: {'line': b'-- Installing: /home/ruben/go2_deploy/workhop_rl/install/stand_go2/share/stand_go2/local_setup.zsh\n'}
[23.781534] (stand_go2) StdoutLine: {'line': b'-- Installing: /home/ruben/go2_deploy/workhop_rl/install/stand_go2/share/stand_go2/local_setup.dsv\n'}
[23.781878] (stand_go2) StdoutLine: {'line': b'-- Installing: /home/ruben/go2_deploy/workhop_rl/install/stand_go2/share/stand_go2/package.dsv\n'}
[23.782384] (stand_go2) StdoutLine: {'line': b'-- Installing: /home/ruben/go2_deploy/workhop_rl/install/stand_go2/share/ament_index/resource_index/packages/stand_go2\n'}
[23.782863] (stand_go2) StdoutLine: {'line': b'-- Installing: /home/ruben/go2_deploy/workhop_rl/install/stand_go2/share/stand_go2/cmake/stand_go2Config.cmake\n'}
[23.783288] (stand_go2) StdoutLine: {'line': b'-- Installing: /home/ruben/go2_deploy/workhop_rl/install/stand_go2/share/stand_go2/cmake/stand_go2Config-version.cmake\n'}
[23.783740] (stand_go2) StdoutLine: {'line': b'-- Installing: /home/ruben/go2_deploy/workhop_rl/install/stand_go2/share/stand_go2/package.xml\n'}
[23.787309] (stand_go2) CommandEnded: {'returncode': 0}
[23.813235] (-) TimerEvent: {}
[23.829400] (stand_go2) JobEnded: {'identifier': 'stand_go2', 'rc': 0}
[23.913352] (-) TimerEvent: {}
[24.013669] (-) TimerEvent: {}
[24.113996] (-) TimerEvent: {}
[24.214350] (-) TimerEvent: {}
[24.314694] (-) TimerEvent: {}
[24.415057] (-) TimerEvent: {}
[24.515423] (-) TimerEvent: {}
[24.615828] (-) TimerEvent: {}
[24.716160] (-) TimerEvent: {}
[24.816489] (-) TimerEvent: {}
[24.863631] (unitree_ros2_example) StdoutLine: {'line': b'[ 65%] \x1b[32m\x1b[1mLinking CXX executable low_level_ctrl\x1b[0m\n'}
[24.916621] (-) TimerEvent: {}
[25.016990] (-) TimerEvent: {}
[25.117344] (-) TimerEvent: {}
[25.217705] (-) TimerEvent: {}
[25.318039] (-) TimerEvent: {}
[25.418364] (-) TimerEvent: {}
[25.518688] (-) TimerEvent: {}
[25.547627] (unitree_ros2_example) StdoutLine: {'line': b'[ 65%] Built target low_level_ctrl\n'}
[25.618808] (-) TimerEvent: {}
[25.719146] (-) TimerEvent: {}
[25.819499] (-) TimerEvent: {}
[25.919835] (-) TimerEvent: {}
[26.020193] (-) TimerEvent: {}
[26.120512] (-) TimerEvent: {}
[26.213088] (unitree_ros2_example) StdoutLine: {'line': b'[ 70%] \x1b[32m\x1b[1mLinking CXX executable read_wireless_controller\x1b[0m\n'}
[26.220622] (-) TimerEvent: {}
[26.320946] (-) TimerEvent: {}
[26.421292] (-) TimerEvent: {}
[26.493229] (unitree_ros2_example) StdoutLine: {'line': b'[ 70%] Built target read_wireless_controller\n'}
[26.521405] (-) TimerEvent: {}
[26.621778] (-) TimerEvent: {}
[26.722116] (-) TimerEvent: {}
[26.822478] (-) TimerEvent: {}
[26.922842] (-) TimerEvent: {}
[27.023220] (-) TimerEvent: {}
[27.123580] (-) TimerEvent: {}
[27.223942] (-) TimerEvent: {}
[27.324298] (-) TimerEvent: {}
[27.424767] (-) TimerEvent: {}
[27.525110] (-) TimerEvent: {}
[27.625454] (-) TimerEvent: {}
[27.725817] (-) TimerEvent: {}
[27.826259] (-) TimerEvent: {}
[27.864158] (unitree_ros2_example) StdoutLine: {'line': b'[ 75%] \x1b[32m\x1b[1mLinking CXX executable read_low_state\x1b[0m\n'}
[27.926385] (-) TimerEvent: {}
[28.026803] (-) TimerEvent: {}
[28.127274] (-) TimerEvent: {}
[28.227781] (-) TimerEvent: {}
[28.278155] (unitree_ros2_example) StdoutLine: {'line': b'[ 75%] Built target read_low_state\n'}
[28.327983] (-) TimerEvent: {}
[28.428399] (-) TimerEvent: {}
[28.528773] (-) TimerEvent: {}
[28.613955] (unitree_ros2_example) StdoutLine: {'line': b'[ 80%] \x1b[32m\x1b[1mLinking CXX executable read_low_state_hg\x1b[0m\n'}
[28.628892] (-) TimerEvent: {}
[28.729244] (-) TimerEvent: {}
[28.829714] (-) TimerEvent: {}
[28.930060] (-) TimerEvent: {}
[28.965646] (unitree_ros2_example) StdoutLine: {'line': b'[ 80%] Built target read_low_state_hg\n'}
[29.029643] (unitree_ros2_example) StdoutLine: {'line': b'[ 85%] \x1b[32m\x1b[1mLinking CXX executable g1_low_level_example\x1b[0m\n'}
[29.030123] (-) TimerEvent: {}
[29.039317] (unitree_ros2_example) StdoutLine: {'line': b'[ 90%] \x1b[32m\x1b[1mLinking CXX executable sport_mode_ctrl\x1b[0m\n'}
[29.087974] (unitree_mujoco) StdoutLine: {'line': b'[ 92%] \x1b[32m\x1b[1mLinking CXX executable test_unitree_sdk2\x1b[0m\n'}
[29.130260] (-) TimerEvent: {}
[29.230654] (-) TimerEvent: {}
[29.331037] (-) TimerEvent: {}
[29.383732] (unitree_ros2_example) StdoutLine: {'line': b'[ 90%] Built target sport_mode_ctrl\n'}
[29.431179] (-) TimerEvent: {}
[29.448412] (unitree_ros2_example) StdoutLine: {'line': b'[ 90%] Built target g1_low_level_example\n'}
[29.500409] (unitree_mujoco) StdoutLine: {'line': b'[ 92%] Built target test_unitree_sdk2\n'}
[29.531318] (-) TimerEvent: {}
[29.631733] (-) TimerEvent: {}
[29.732146] (-) TimerEvent: {}
[29.814327] (unitree_ros2_example) StdoutLine: {'line': b'[ 95%] \x1b[32m\x1b[1mLinking CXX executable low_level_ctrl_hg\x1b[0m\n'}
[29.832241] (-) TimerEvent: {}
[29.932522] (-) TimerEvent: {}
[30.032858] (-) TimerEvent: {}
[30.088318] (unitree_ros2_example) StdoutLine: {'line': b'[ 95%] Built target low_level_ctrl_hg\n'}
[30.132975] (-) TimerEvent: {}
[30.233306] (-) TimerEvent: {}
[30.333663] (-) TimerEvent: {}
[30.356453] (unitree_ros2_example) StdoutLine: {'line': b'[100%] \x1b[32m\x1b[1mLinking CXX executable read_motion_state\x1b[0m\n'}
[30.433788] (-) TimerEvent: {}
[30.534153] (-) TimerEvent: {}
[30.622444] (unitree_ros2_example) StdoutLine: {'line': b'[100%] Built target read_motion_state\n'}
[30.634224] (-) TimerEvent: {}
[30.728803] (unitree_ros2_example) CommandEnded: {'returncode': 0}
[30.729766] (unitree_ros2_example) JobProgress: {'identifier': 'unitree_ros2_example', 'progress': 'install'}
[30.730280] (unitree_ros2_example) Command: {'cmd': ['/usr/bin/cmake', '--install', '/home/ruben/go2_deploy/workhop_rl/build/unitree_ros2_example'], 'cwd': '/home/ruben/go2_deploy/workhop_rl/build/unitree_ros2_example', 'env': OrderedDict([('LESSOPEN', '| /usr/bin/lesspipe %s'), ('CONDA_PROMPT_MODIFIER', ''), ('USER', 'ruben'), ('LC_TIME', 'ru_RU.UTF-8'), ('XDG_SESSION_TYPE', 'x11'), ('SHLVL', '1'), ('LD_LIBRARY_PATH', '/home/ruben/go2_deploy/workhop_rl/install/unitree_hg/lib:/home/ruben/go2_deploy/workhop_rl/install/unitree_go/lib:/home/ruben/go2_deploy/workhop_rl/install/unitree_api/lib:/usr/lib/x86_64-linux-gnu/gazebo-11/plugins:/opt/ros/humble/opt/rviz_ogre_vendor/lib:/opt/ros/humble/lib/x86_64-linux-gnu:/opt/ros/humble/lib'), ('HOME', '/home/ruben'), ('CONDA_SHLVL', '0'), ('CYCLONEDDS_URI', '<CycloneDDS><Domain><General><Interfaces>\n                            <NetworkInterface name="lo" priority="default" multicast="default" />\n                        </Interfaces></General></Domain></CycloneDDS>'), ('OLDPWD', '/home/ruben/go2_deploy/workhop_rl/src'), ('DESKTOP_SESSION', 'ubuntu'), ('ROS_PYTHON_VERSION', '3'), ('GNOME_SHELL_SESSION_MODE', 'ubuntu'), ('GTK_MODULES', 'gail:atk-bridge'), ('LC_MONETARY', 'ru_RU.UTF-8'), ('SYSTEMD_EXEC_PID', '2945'), ('DBUS_SESSION_BUS_ADDRESS', 'unix:path=/run/user/1000/bus'), ('COLORTERM', 'truecolor'), ('_CE_M', ''), ('_CONDA_ROOT', '/home/ruben/miniconda3'), ('ROS_DISTRO', 'humble'), ('GTK_IM_MODULE', 'ibus'), ('LOGNAME', 'ruben'), ('_', '/usr/bin/colcon'), ('ROS_VERSION', '2'), ('XDG_SESSION_CLASS', 'user'), ('USERNAME', 'ruben'), ('TERM', 'xterm-256color'), ('GNOME_DESKTOP_SESSION_ID', 'this-is-deprecated'), ('_CE_CONDA', ''), ('ROS_LOCALHOST_ONLY', '0'), ('WINDOWPATH', '2'), ('PATH', '/opt/ros/humble/bin:/home/ruben/miniconda3/condabin:/usr/local/sbin:/usr/local/bin:/usr/sbin:/usr/bin:/sbin:/bin:/usr/games:/usr/local/games:/snap/bin:/snap/bin'), ('SESSION_MANAGER', 'local/ruben:@/tmp/.ICE-unix/2916,unix/ruben:/tmp/.ICE-unix/2916'), ('XDG_MENU_PREFIX', 'gnome-'), ('LC_ADDRESS', 'ru_RU.UTF-8'), ('GNOME_TERMINAL_SCREEN', '/org/gnome/Terminal/screen/a128e479_87a9_4f71_b049_48318ab91614'), ('XDG_RUNTIME_DIR', '/run/user/1000'), ('DISPLAY', ':1'), ('LANG', 'en_US.UTF-8'), ('XDG_CURRENT_DESKTOP', 'ubuntu:GNOME'), ('LC_TELEPHONE', 'ru_RU.UTF-8'), ('RMW_IMPLEMENTATION', 'rmw_cyclonedds_cpp'), ('XMODIFIERS', '@im=ibus'), ('XDG_SESSION_DESKTOP', 'ubuntu'), ('XAUTHORITY', '/run/user/1000/gdm/Xauthority'), ('LS_COLORS', 'rs=0:di=01;34:ln=01;36:mh=00:pi=40;33:so=01;35:do=01;35:bd=40;33;01:cd=40;33;01:or=40;31;01:mi=00:su=37;41:sg=30;43:ca=30;41:tw=30;42:ow=34;42:st=37;44:ex=01;32:*.tar=01;31:*.tgz=01;31:*.arc=01;31:*.arj=01;31:*.taz=01;31:*.lha=01;31:*.lz4=01;31:*.lzh=01;31:*.lzma=01;31:*.tlz=01;31:*.txz=01;31:*.tzo=01;31:*.t7z=01;31:*.zip=01;31:*.z=01;31:*.dz=01;31:*.gz=01;31:*.lrz=01;31:*.lz=01;31:*.lzo=01;31:*.xz=01;31:*.zst=01;31:*.tzst=01;31:*.bz2=01;31:*.bz=01;31:*.tbz=01;31:*.tbz2=01;31:*.tz=01;31:*.deb=01;31:*.rpm=01;31:*.jar=01;31:*.war=01;31:*.ear=01;31:*.sar=01;31:*.rar=01;31:*.alz=01;31:*.ace=01;31:*.zoo=01;31:*.cpio=01;31:*.7z=01;31:*.rz=01;31:*.cab=01;31:*.wim=01;31:*.swm=01;31:*.dwm=01;31:*.esd=01;31:*.jpg=01;35:*.jpeg=01;35:*.mjpg=01;35:*.mjpeg=01;35:*.gif=01;35:*.bmp=01;35:*.pbm=01;35:*.pgm=01;35:*.ppm=01;35:*.tga=01;35:*.xbm=01;35:*.xpm=01;35:*.tif=01;35:*.tiff=01;35:*.png=01;35:*.svg=01;35:*.svgz=01;35:*.mng=01;35:*.pcx=01;35:*.mov=01;35:*.mpg=01;35:*.mpeg=01;35:*.m2v=01;35:*.mkv=01;35:*.webm=01;35:*.webp=01;35:*.ogm=01;35:*.mp4=01;35:*.m4v=01;35:*.mp4v=01;35:*.vob=01;35:*.qt=01;35:*.nuv=01;35:*.wmv=01;35:*.asf=01;35:*.rm=01;35:*.rmvb=01;35:*.flc=01;35:*.avi=01;35:*.fli=01;35:*.flv=01;35:*.gl=01;35:*.dl=01;35:*.xcf=01;35:*.xwd=01;35:*.yuv=01;35:*.cgm=01;35:*.emf=01;35:*.ogv=01;35:*.ogx=01;35:*.aac=00;36:*.au=00;36:*.flac=00;36:*.m4a=00;36:*.mid=00;36:*.midi=00;36:*.mka=00;36:*.mp3=00;36:*.mpc=00;36:*.ogg=00;36:*.ra=00;36:*.wav=00;36:*.oga=00;36:*.opus=00;36:*.spx=00;36:*.xspf=00;36:'), ('GNOME_TERMINAL_SERVICE', ':1.92'), ('SSH_AGENT_LAUNCHER', 'gnome-keyring'), ('SSH_AUTH_SOCK', '/run/user/1000/keyring/ssh'), ('ROS_DOMAIN_ID', '1'), ('AMENT_PREFIX_PATH', '/home/ruben/go2_deploy/workhop_rl/install/unitree_hg:/home/ruben/go2_deploy/workhop_rl/install/unitree_go:/home/ruben/go2_deploy/workhop_rl/install/unitree_api:/opt/ros/humble'), ('CONDA_PYTHON_EXE', '/home/ruben/miniconda3/bin/python'), ('SHELL', '/bin/bash'), ('LC_NAME', 'ru_RU.UTF-8'), ('QT_ACCESSIBILITY', '1'), ('GDMSESSION', 'ubuntu'), ('Torch_DIR', '/path/to/your/libtorch'), ('LESSCLOSE', '/usr/bin/lesspipe %s %s'), ('CONDA_DEFAULT_ENV', ''), ('LC_MEASUREMENT', 'ru_RU.UTF-8'), ('GPG_AGENT_INFO', '/run/user/1000/gnupg/S.gpg-agent:0:1'), ('_CONDA_EXE', '/home/ruben/miniconda3/bin/conda'), ('LC_IDENTIFICATION', 'ru_RU.UTF-8'), ('QT_IM_MODULE', 'ibus'), ('PWD', '/home/ruben/go2_deploy/workhop_rl/build/unitree_ros2_example'), ('XDG_CONFIG_DIRS', '/etc/xdg/xdg-ubuntu:/etc/xdg'), ('CONDA_EXE', '/home/ruben/miniconda3/bin/conda'), ('XDG_DATA_DIRS', '/usr/share/ubuntu:/usr/share/gnome:/usr/local/share/:/usr/share/:/var/lib/snapd/desktop'), ('PYTHONPATH', '/home/ruben/go2_deploy/workhop_rl/install/unitree_hg/local/lib/python3.10/dist-packages:/home/ruben/go2_deploy/workhop_rl/install/unitree_go/local/lib/python3.10/dist-packages:/home/ruben/go2_deploy/workhop_rl/install/unitree_api/local/lib/python3.10/dist-packages:/opt/ros/humble/lib/python3.10/site-packages:/opt/ros/humble/local/lib/python3.10/dist-packages'), ('LC_NUMERIC', 'ru_RU.UTF-8'), ('CONDA_PREFIX', ''), ('LC_PAPER', 'ru_RU.UTF-8'), ('COLCON', '1'), ('VTE_VERSION', '6800'), ('CMAKE_PREFIX_PATH', '/home/ruben/go2_deploy/workhop_rl/install/unitree_hg:/home/ruben/go2_deploy/workhop_rl/install/unitree_go:/home/ruben/go2_deploy/workhop_rl/install/unitree_api:/opt/ros/humble')]), 'shell': False}
[30.734284] (-) TimerEvent: {}
[30.739314] (unitree_ros2_example) StdoutLine: {'line': b'-- Install configuration: ""\n'}
[30.739487] (unitree_ros2_example) StdoutLine: {'line': b'-- Installing: /home/ruben/go2_deploy/workhop_rl/install/unitree_ros2_example/bin/low_level_ctrl\n'}
[30.740307] (unitree_ros2_example) StdoutLine: {'line': b'-- Set runtime path of "/home/ruben/go2_deploy/workhop_rl/install/unitree_ros2_example/bin/low_level_ctrl" to ""\n'}
[30.740375] (unitree_ros2_example) StdoutLine: {'line': b'-- Installing: /home/ruben/go2_deploy/workhop_rl/install/unitree_ros2_example/bin/low_level_ctrl_hg\n'}
[30.742638] (unitree_ros2_example) StdoutLine: {'line': b'-- Set runtime path of "/home/ruben/go2_deploy/workhop_rl/install/unitree_ros2_example/bin/low_level_ctrl_hg" to ""\n'}
[30.742704] (unitree_ros2_example) StdoutLine: {'line': b'-- Installing: /home/ruben/go2_deploy/workhop_rl/install/unitree_ros2_example/bin/g1_low_level_example\n'}
[30.745033] (unitree_ros2_example) StdoutLine: {'line': b'-- Set runtime path of "/home/ruben/go2_deploy/workhop_rl/install/unitree_ros2_example/bin/g1_low_level_example" to ""\n'}
[30.745106] (unitree_ros2_example) StdoutLine: {'line': b'-- Installing: /home/ruben/go2_deploy/workhop_rl/install/unitree_ros2_example/bin/read_low_state\n'}
[30.748835] (unitree_ros2_example) StdoutLine: {'line': b'-- Set runtime path of "/home/ruben/go2_deploy/workhop_rl/install/unitree_ros2_example/bin/read_low_state" to ""\n'}
[30.748912] (unitree_ros2_example) StdoutLine: {'line': b'-- Installing: /home/ruben/go2_deploy/workhop_rl/install/unitree_ros2_example/bin/read_low_state_hg\n'}
[30.750936] (unitree_ros2_example) StdoutLine: {'line': b'-- Set runtime path of "/home/ruben/go2_deploy/workhop_rl/install/unitree_ros2_example/bin/read_low_state_hg" to ""\n'}
[30.751004] (unitree_ros2_example) StdoutLine: {'line': b'-- Installing: /home/ruben/go2_deploy/workhop_rl/install/unitree_ros2_example/bin/read_motion_state\n'}
[30.753076] (unitree_ros2_example) StdoutLine: {'line': b'-- Set runtime path of "/home/ruben/go2_deploy/workhop_rl/install/unitree_ros2_example/bin/read_motion_state" to ""\n'}
[30.753141] (unitree_ros2_example) StdoutLine: {'line': b'-- Installing: /home/ruben/go2_deploy/workhop_rl/install/unitree_ros2_example/bin/read_wireless_controller\n'}
[30.755082] (unitree_ros2_example) StdoutLine: {'line': b'-- Set runtime path of "/home/ruben/go2_deploy/workhop_rl/install/unitree_ros2_example/bin/read_wireless_controller" to ""\n'}
[30.755149] (unitree_ros2_example) StdoutLine: {'line': b'-- Installing: /home/ruben/go2_deploy/workhop_rl/install/unitree_ros2_example/bin/sport_mode_ctrl\n'}
[30.758218] (unitree_ros2_example) StdoutLine: {'line': b'-- Set runtime path of "/home/ruben/go2_deploy/workhop_rl/install/unitree_ros2_example/bin/sport_mode_ctrl" to ""\n'}
[30.758395] (unitree_ros2_example) StdoutLine: {'line': b'-- Installing: /home/ruben/go2_deploy/workhop_rl/install/unitree_ros2_example/share/ament_index/resource_index/package_run_dependencies/unitree_ros2_example\n'}
[30.758453] (unitree_ros2_example) StdoutLine: {'line': b'-- Installing: /home/ruben/go2_deploy/workhop_rl/install/unitree_ros2_example/share/ament_index/resource_index/parent_prefix_path/unitree_ros2_example\n'}
[30.758645] (unitree_ros2_example) StdoutLine: {'line': b'-- Installing: /home/ruben/go2_deploy/workhop_rl/install/unitree_ros2_example/share/unitree_ros2_example/environment/ament_prefix_path.sh\n'}
[30.758713] (unitree_ros2_example) StdoutLine: {'line': b'-- Installing: /home/ruben/go2_deploy/workhop_rl/install/unitree_ros2_example/share/unitree_ros2_example/environment/ament_prefix_path.dsv\n'}
[30.758800] (unitree_ros2_example) StdoutLine: {'line': b'-- Installing: /home/ruben/go2_deploy/workhop_rl/install/unitree_ros2_example/share/unitree_ros2_example/environment/path.sh\n'}
[30.758860] (unitree_ros2_example) StdoutLine: {'line': b'-- Installing: /home/ruben/go2_deploy/workhop_rl/install/unitree_ros2_example/share/unitree_ros2_example/environment/path.dsv\n'}
[30.758942] (unitree_ros2_example) StdoutLine: {'line': b'-- Installing: /home/ruben/go2_deploy/workhop_rl/install/unitree_ros2_example/share/unitree_ros2_example/local_setup.bash\n'}
[30.758997] (unitree_ros2_example) StdoutLine: {'line': b'-- Installing: /home/ruben/go2_deploy/workhop_rl/install/unitree_ros2_example/share/unitree_ros2_example/local_setup.sh\n'}
[30.759115] (unitree_ros2_example) StdoutLine: {'line': b'-- Installing: /home/ruben/go2_deploy/workhop_rl/install/unitree_ros2_example/share/unitree_ros2_example/local_setup.zsh\n'}
[30.759181] (unitree_ros2_example) StdoutLine: {'line': b'-- Installing: /home/ruben/go2_deploy/workhop_rl/install/unitree_ros2_example/share/unitree_ros2_example/local_setup.dsv\n'}
[30.759241] (unitree_ros2_example) StdoutLine: {'line': b'-- Installing: /home/ruben/go2_deploy/workhop_rl/install/unitree_ros2_example/share/unitree_ros2_example/package.dsv\n'}
[30.759337] (unitree_ros2_example) StdoutLine: {'line': b'-- Installing: /home/ruben/go2_deploy/workhop_rl/install/unitree_ros2_example/share/ament_index/resource_index/packages/unitree_ros2_example\n'}
[30.759408] (unitree_ros2_example) StdoutLine: {'line': b'-- Installing: /home/ruben/go2_deploy/workhop_rl/install/unitree_ros2_example/share/unitree_ros2_example/cmake/unitree_ros2_exampleConfig.cmake\n'}
[30.759461] (unitree_ros2_example) StdoutLine: {'line': b'-- Installing: /home/ruben/go2_deploy/workhop_rl/install/unitree_ros2_example/share/unitree_ros2_example/cmake/unitree_ros2_exampleConfig-version.cmake\n'}
[30.759519] (unitree_ros2_example) StdoutLine: {'line': b'-- Installing: /home/ruben/go2_deploy/workhop_rl/install/unitree_ros2_example/share/unitree_ros2_example/package.xml\n'}
[30.761176] (unitree_ros2_example) CommandEnded: {'returncode': 0}
[30.826760] (unitree_ros2_example) JobEnded: {'identifier': 'unitree_ros2_example', 'rc': 0}
[30.834365] (-) TimerEvent: {}
[30.934622] (-) TimerEvent: {}
[31.034969] (-) TimerEvent: {}
[31.135261] (-) TimerEvent: {}
[31.235468] (-) TimerEvent: {}
[31.335748] (-) TimerEvent: {}
[31.436065] (-) TimerEvent: {}
[31.536300] (-) TimerEvent: {}
[31.636510] (-) TimerEvent: {}
[31.736744] (-) TimerEvent: {}
[31.836977] (-) TimerEvent: {}
[31.937322] (-) TimerEvent: {}
[32.037645] (-) TimerEvent: {}
[32.137964] (-) TimerEvent: {}
[32.238284] (-) TimerEvent: {}
[32.338598] (-) TimerEvent: {}
[32.438914] (-) TimerEvent: {}
[32.539413] (-) TimerEvent: {}
[32.639824] (-) TimerEvent: {}
[32.740233] (-) TimerEvent: {}
[32.840644] (-) TimerEvent: {}
[32.941075] (-) TimerEvent: {}
[33.041473] (-) TimerEvent: {}
[33.141880] (-) TimerEvent: {}
[33.242394] (-) TimerEvent: {}
[33.342844] (-) TimerEvent: {}
[33.443362] (-) TimerEvent: {}
[33.543867] (-) TimerEvent: {}
[33.644366] (-) TimerEvent: {}
[33.744875] (-) TimerEvent: {}
[33.845232] (-) TimerEvent: {}
[33.945504] (-) TimerEvent: {}
[34.045768] (-) TimerEvent: {}
[34.145973] (-) TimerEvent: {}
[34.246267] (-) TimerEvent: {}
[34.346579] (-) TimerEvent: {}
[34.446914] (-) TimerEvent: {}
[34.547245] (-) TimerEvent: {}
[34.647549] (-) TimerEvent: {}
[34.747847] (-) TimerEvent: {}
[34.848176] (-) TimerEvent: {}
[34.948427] (-) TimerEvent: {}
[35.048699] (-) TimerEvent: {}
[35.148999] (-) TimerEvent: {}
[35.249198] (-) TimerEvent: {}
[35.349397] (-) TimerEvent: {}
[35.449560] (-) TimerEvent: {}
[35.549759] (-) TimerEvent: {}
[35.650042] (-) TimerEvent: {}
[35.750293] (-) TimerEvent: {}
[35.850584] (-) TimerEvent: {}
[35.950762] (-) TimerEvent: {}
[36.085995] (-) TimerEvent: {}
[36.186338] (-) TimerEvent: {}
[36.286654] (-) TimerEvent: {}
[36.290593] (unitree_rl_controller) StdoutLine: {'line': b'[100%] \x1b[32m\x1b[1mLinking CXX shared library libunitree_rl_controller.so\x1b[0m\n'}
[36.386765] (-) TimerEvent: {}
[36.487095] (-) TimerEvent: {}
[36.587432] (-) TimerEvent: {}
[36.687770] (-) TimerEvent: {}
[36.788093] (-) TimerEvent: {}
[36.888454] (-) TimerEvent: {}
[36.988816] (-) TimerEvent: {}
[37.089256] (-) TimerEvent: {}
[37.103486] (unitree_rl_controller) StdoutLine: {'line': b'[100%] Built target unitree_rl_controller\n'}
[37.120422] (unitree_rl_controller) CommandEnded: {'returncode': 0}
[37.121002] (unitree_rl_controller) JobProgress: {'identifier': 'unitree_rl_controller', 'progress': 'install'}
[37.121360] (unitree_rl_controller) Command: {'cmd': ['/usr/bin/cmake', '--install', '/home/ruben/go2_deploy/workhop_rl/build/unitree_rl_controller'], 'cwd': '/home/ruben/go2_deploy/workhop_rl/build/unitree_rl_controller', 'env': OrderedDict([('LESSOPEN', '| /usr/bin/lesspipe %s'), ('CONDA_PROMPT_MODIFIER', ''), ('USER', 'ruben'), ('LC_TIME', 'ru_RU.UTF-8'), ('XDG_SESSION_TYPE', 'x11'), ('SHLVL', '1'), ('LD_LIBRARY_PATH', '/home/ruben/go2_deploy/workhop_rl/install/ros2_unitree_legged_msgs/lib:/usr/lib/x86_64-linux-gnu/gazebo-11/plugins:/opt/ros/humble/opt/rviz_ogre_vendor/lib:/opt/ros/humble/lib/x86_64-linux-gnu:/opt/ros/humble/lib'), ('HOME', '/home/ruben'), ('CONDA_SHLVL', '0'), ('CYCLONEDDS_URI', '<CycloneDDS><Domain><General><Interfaces>\n                            <NetworkInterface name="lo" priority="default" multicast="default" />\n                        </Interfaces></General></Domain></CycloneDDS>'), ('OLDPWD', '/home/ruben/go2_deploy/workhop_rl/src'), ('DESKTOP_SESSION', 'ubuntu'), ('ROS_PYTHON_VERSION', '3'), ('GNOME_SHELL_SESSION_MODE', 'ubuntu'), ('GTK_MODULES', 'gail:atk-bridge'), ('LC_MONETARY', 'ru_RU.UTF-8'), ('SYSTEMD_EXEC_PID', '2945'), ('DBUS_SESSION_BUS_ADDRESS', 'unix:path=/run/user/1000/bus'), ('COLORTERM', 'truecolor'), ('_CE_M', ''), ('_CONDA_ROOT', '/home/ruben/miniconda3'), ('ROS_DISTRO', 'humble'), ('GTK_IM_MODULE', 'ibus'), ('LOGNAME', 'ruben'), ('_', '/usr/bin/colcon'), ('ROS_VERSION', '2'), ('XDG_SESSION_CLASS', 'user'), ('USERNAME', 'ruben'), ('TERM', 'xterm-256color'), ('GNOME_DESKTOP_SESSION_ID', 'this-is-deprecated'), ('_CE_CONDA', ''), ('ROS_LOCALHOST_ONLY', '0'), ('WINDOWPATH', '2'), ('PATH', '/opt/ros/humble/bin:/home/ruben/miniconda3/condabin:/usr/local/sbin:/usr/local/bin:/usr/sbin:/usr/bin:/sbin:/bin:/usr/games:/usr/local/games:/snap/bin:/snap/bin'), ('SESSION_MANAGER', 'local/ruben:@/tmp/.ICE-unix/2916,unix/ruben:/tmp/.ICE-unix/2916'), ('XDG_MENU_PREFIX', 'gnome-'), ('LC_ADDRESS', 'ru_RU.UTF-8'), ('GNOME_TERMINAL_SCREEN', '/org/gnome/Terminal/screen/a128e479_87a9_4f71_b049_48318ab91614'), ('XDG_RUNTIME_DIR', '/run/user/1000'), ('DISPLAY', ':1'), ('LANG', 'en_US.UTF-8'), ('XDG_CURRENT_DESKTOP', 'ubuntu:GNOME'), ('LC_TELEPHONE', 'ru_RU.UTF-8'), ('RMW_IMPLEMENTATION', 'rmw_cyclonedds_cpp'), ('XMODIFIERS', '@im=ibus'), ('XDG_SESSION_DESKTOP', 'ubuntu'), ('XAUTHORITY', '/run/user/1000/gdm/Xauthority'), ('LS_COLORS', 'rs=0:di=01;34:ln=01;36:mh=00:pi=40;33:so=01;35:do=01;35:bd=40;33;01:cd=40;33;01:or=40;31;01:mi=00:su=37;41:sg=30;43:ca=30;41:tw=30;42:ow=34;42:st=37;44:ex=01;32:*.tar=01;31:*.tgz=01;31:*.arc=01;31:*.arj=01;31:*.taz=01;31:*.lha=01;31:*.lz4=01;31:*.lzh=01;31:*.lzma=01;31:*.tlz=01;31:*.txz=01;31:*.tzo=01;31:*.t7z=01;31:*.zip=01;31:*.z=01;31:*.dz=01;31:*.gz=01;31:*.lrz=01;31:*.lz=01;31:*.lzo=01;31:*.xz=01;31:*.zst=01;31:*.tzst=01;31:*.bz2=01;31:*.bz=01;31:*.tbz=01;31:*.tbz2=01;31:*.tz=01;31:*.deb=01;31:*.rpm=01;31:*.jar=01;31:*.war=01;31:*.ear=01;31:*.sar=01;31:*.rar=01;31:*.alz=01;31:*.ace=01;31:*.zoo=01;31:*.cpio=01;31:*.7z=01;31:*.rz=01;31:*.cab=01;31:*.wim=01;31:*.swm=01;31:*.dwm=01;31:*.esd=01;31:*.jpg=01;35:*.jpeg=01;35:*.mjpg=01;35:*.mjpeg=01;35:*.gif=01;35:*.bmp=01;35:*.pbm=01;35:*.pgm=01;35:*.ppm=01;35:*.tga=01;35:*.xbm=01;35:*.xpm=01;35:*.tif=01;35:*.tiff=01;35:*.png=01;35:*.svg=01;35:*.svgz=01;35:*.mng=01;35:*.pcx=01;35:*.mov=01;35:*.mpg=01;35:*.mpeg=01;35:*.m2v=01;35:*.mkv=01;35:*.webm=01;35:*.webp=01;35:*.ogm=01;35:*.mp4=01;35:*.m4v=01;35:*.mp4v=01;35:*.vob=01;35:*.qt=01;35:*.nuv=01;35:*.wmv=01;35:*.asf=01;35:*.rm=01;35:*.rmvb=01;35:*.flc=01;35:*.avi=01;35:*.fli=01;35:*.flv=01;35:*.gl=01;35:*.dl=01;35:*.xcf=01;35:*.xwd=01;35:*.yuv=01;35:*.cgm=01;35:*.emf=01;35:*.ogv=01;35:*.ogx=01;35:*.aac=00;36:*.au=00;36:*.flac=00;36:*.m4a=00;36:*.mid=00;36:*.midi=00;36:*.mka=00;36:*.mp3=00;36:*.mpc=00;36:*.ogg=00;36:*.ra=00;36:*.wav=00;36:*.oga=00;36:*.opus=00;36:*.spx=00;36:*.xspf=00;36:'), ('GNOME_TERMINAL_SERVICE', ':1.92'), ('SSH_AGENT_LAUNCHER', 'gnome-keyring'), ('SSH_AUTH_SOCK', '/run/user/1000/keyring/ssh'), ('ROS_DOMAIN_ID', '1'), ('AMENT_PREFIX_PATH', '/home/ruben/go2_deploy/workhop_rl/install/ros2_unitree_legged_msgs:/opt/ros/humble'), ('CONDA_PYTHON_EXE', '/home/ruben/miniconda3/bin/python'), ('SHELL', '/bin/bash'), ('LC_NAME', 'ru_RU.UTF-8'), ('QT_ACCESSIBILITY', '1'), ('GDMSESSION', 'ubuntu'), ('Torch_DIR', '/path/to/your/libtorch'), ('LESSCLOSE', '/usr/bin/lesspipe %s %s'), ('CONDA_DEFAULT_ENV', ''), ('LC_MEASUREMENT', 'ru_RU.UTF-8'), ('GPG_AGENT_INFO', '/run/user/1000/gnupg/S.gpg-agent:0:1'), ('_CONDA_EXE', '/home/ruben/miniconda3/bin/conda'), ('LC_IDENTIFICATION', 'ru_RU.UTF-8'), ('QT_IM_MODULE', 'ibus'), ('PWD', '/home/ruben/go2_deploy/workhop_rl/build/unitree_rl_controller'), ('XDG_CONFIG_DIRS', '/etc/xdg/xdg-ubuntu:/etc/xdg'), ('CONDA_EXE', '/home/ruben/miniconda3/bin/conda'), ('XDG_DATA_DIRS', '/usr/share/ubuntu:/usr/share/gnome:/usr/local/share/:/usr/share/:/var/lib/snapd/desktop'), ('PYTHONPATH', '/home/ruben/go2_deploy/workhop_rl/install/ros2_unitree_legged_msgs/local/lib/python3.10/dist-packages:/opt/ros/humble/lib/python3.10/site-packages:/opt/ros/humble/local/lib/python3.10/dist-packages'), ('LC_NUMERIC', 'ru_RU.UTF-8'), ('CONDA_PREFIX', ''), ('LC_PAPER', 'ru_RU.UTF-8'), ('COLCON', '1'), ('VTE_VERSION', '6800'), ('CMAKE_PREFIX_PATH', '/home/ruben/go2_deploy/workhop_rl/install/ros2_unitree_legged_msgs:/opt/ros/humble')]), 'shell': False}
[37.127380] (unitree_rl_controller) StdoutLine: {'line': b'-- Install configuration: ""\n'}
[37.127496] (unitree_rl_controller) StdoutLine: {'line': b'-- Installing: /home/ruben/go2_deploy/workhop_rl/install/unitree_rl_controller/share/unitree_rl_controller/environment/library_path.sh\n'}
[37.127541] (unitree_rl_controller) StdoutLine: {'line': b'-- Installing: /home/ruben/go2_deploy/workhop_rl/install/unitree_rl_controller/share/unitree_rl_controller/environment/library_path.dsv\n'}
[37.127619] (unitree_rl_controller) StdoutLine: {'line': b'-- Installing: /home/ruben/go2_deploy/workhop_rl/install/unitree_rl_controller/lib/libunitree_rl_controller.so\n'}
[37.127979] (unitree_rl_controller) StdoutLine: {'line': b'-- Set runtime path of "/home/ruben/go2_deploy/workhop_rl/install/unitree_rl_controller/lib/libunitree_rl_controller.so" to ""\n'}
[37.128095] (unitree_rl_controller) StdoutLine: {'line': b'-- Installing: /home/ruben/go2_deploy/workhop_rl/install/unitree_rl_controller/include\n'}
[37.128147] (unitree_rl_controller) StdoutLine: {'line': b'-- Installing: /home/ruben/go2_deploy/workhop_rl/install/unitree_rl_controller/include/rl_agent.h\n'}
[37.128174] (unitree_rl_controller) StdoutLine: {'line': b'-- Installing: /home/ruben/go2_deploy/workhop_rl/install/unitree_rl_controller/include/observation_buffer.hpp\n'}
[37.128222] (unitree_rl_controller) StdoutLine: {'line': b'-- Installing: /home/ruben/go2_deploy/workhop_rl/install/unitree_rl_controller/share/ament_index/resource_index/package_run_dependencies/unitree_rl_controller\n'}
[37.128261] (unitree_rl_controller) StdoutLine: {'line': b'-- Installing: /home/ruben/go2_deploy/workhop_rl/install/unitree_rl_controller/share/ament_index/resource_index/parent_prefix_path/unitree_rl_controller\n'}
[37.128324] (unitree_rl_controller) StdoutLine: {'line': b'-- Installing: /home/ruben/go2_deploy/workhop_rl/install/unitree_rl_controller/share/unitree_rl_controller/environment/ament_prefix_path.sh\n'}
[37.128375] (unitree_rl_controller) StdoutLine: {'line': b'-- Installing: /home/ruben/go2_deploy/workhop_rl/install/unitree_rl_controller/share/unitree_rl_controller/environment/ament_prefix_path.dsv\n'}
[37.128429] (unitree_rl_controller) StdoutLine: {'line': b'-- Installing: /home/ruben/go2_deploy/workhop_rl/install/unitree_rl_controller/share/unitree_rl_controller/environment/path.sh\n'}
[37.128485] (unitree_rl_controller) StdoutLine: {'line': b'-- Installing: /home/ruben/go2_deploy/workhop_rl/install/unitree_rl_controller/share/unitree_rl_controller/environment/path.dsv\n'}
[37.128538] (unitree_rl_controller) StdoutLine: {'line': b'-- Installing: /home/ruben/go2_deploy/workhop_rl/install/unitree_rl_controller/share/unitree_rl_controller/local_setup.bash\n'}
[37.128598] (unitree_rl_controller) StdoutLine: {'line': b'-- Installing: /home/ruben/go2_deploy/workhop_rl/install/unitree_rl_controller/share/unitree_rl_controller/local_setup.sh\n'}
[37.128663] (unitree_rl_controller) StdoutLine: {'line': b'-- Installing: /home/ruben/go2_deploy/workhop_rl/install/unitree_rl_controller/share/unitree_rl_controller/local_setup.zsh\n'}
[37.128715] (unitree_rl_controller) StdoutLine: {'line': b'-- Installing: /home/ruben/go2_deploy/workhop_rl/install/unitree_rl_controller/share/unitree_rl_controller/local_setup.dsv\n'}
[37.128767] (unitree_rl_controller) StdoutLine: {'line': b'-- Installing: /home/ruben/go2_deploy/workhop_rl/install/unitree_rl_controller/share/unitree_rl_controller/package.dsv\n'}
[37.128838] (unitree_rl_controller) StdoutLine: {'line': b'-- Installing: /home/ruben/go2_deploy/workhop_rl/install/unitree_rl_controller/share/ament_index/resource_index/packages/unitree_rl_controller\n'}
[37.128905] (unitree_rl_controller) StdoutLine: {'line': b'-- Installing: /home/ruben/go2_deploy/workhop_rl/install/unitree_rl_controller/share/unitree_rl_controller/cmake/ament_cmake_export_dependencies-extras.cmake\n'}
[37.128963] (unitree_rl_controller) StdoutLine: {'line': b'-- Installing: /home/ruben/go2_deploy/workhop_rl/install/unitree_rl_controller/share/unitree_rl_controller/cmake/ament_cmake_export_include_directories-extras.cmake\n'}
[37.129020] (unitree_rl_controller) StdoutLine: {'line': b'-- Installing: /home/ruben/go2_deploy/workhop_rl/install/unitree_rl_controller/share/unitree_rl_controller/cmake/ament_cmake_export_libraries-extras.cmake\n'}
[37.129091] (unitree_rl_controller) StdoutLine: {'line': b'-- Installing: /home/ruben/go2_deploy/workhop_rl/install/unitree_rl_controller/share/unitree_rl_controller/cmake/unitree_rl_controllerConfig.cmake\n'}
[37.129139] (unitree_rl_controller) StdoutLine: {'line': b'-- Installing: /home/ruben/go2_deploy/workhop_rl/install/unitree_rl_controller/share/unitree_rl_controller/cmake/unitree_rl_controllerConfig-version.cmake\n'}
[37.129195] (unitree_rl_controller) StdoutLine: {'line': b'-- Installing: /home/ruben/go2_deploy/workhop_rl/install/unitree_rl_controller/share/unitree_rl_controller/package.xml\n'}
[37.130496] (unitree_rl_controller) CommandEnded: {'returncode': 0}
[37.189365] (-) TimerEvent: {}
[37.206305] (unitree_rl_controller) JobEnded: {'identifier': 'unitree_rl_controller', 'rc': 0}
[37.206873] (unitree_legged_real) JobStarted: {'identifier': 'unitree_legged_real'}
[37.226581] (unitree_legged_real) JobProgress: {'identifier': 'unitree_legged_real', 'progress': 'cmake'}
[37.227247] (unitree_legged_real) Command: {'cmd': ['/usr/bin/cmake', '/home/ruben/go2_deploy/workhop_rl/src/unitree_ros2_to_real', '-DCMAKE_INSTALL_PREFIX=/home/ruben/go2_deploy/workhop_rl/install/unitree_legged_real'], 'cwd': '/home/ruben/go2_deploy/workhop_rl/build/unitree_legged_real', 'env': OrderedDict([('LESSOPEN', '| /usr/bin/lesspipe %s'), ('CONDA_PROMPT_MODIFIER', ''), ('USER', 'ruben'), ('LC_TIME', 'ru_RU.UTF-8'), ('XDG_SESSION_TYPE', 'x11'), ('SHLVL', '1'), ('LD_LIBRARY_PATH', '/home/ruben/go2_deploy/workhop_rl/install/unitree_rl_controller/lib:/home/ruben/go2_deploy/workhop_rl/install/unitree_go/lib:/home/ruben/go2_deploy/workhop_rl/install/unitree_api/lib:/home/ruben/go2_deploy/workhop_rl/install/ros2_unitree_legged_msgs/lib:/usr/lib/x86_64-linux-gnu/gazebo-11/plugins:/opt/ros/humble/opt/rviz_ogre_vendor/lib:/opt/ros/humble/lib/x86_64-linux-gnu:/opt/ros/humble/lib'), ('HOME', '/home/ruben'), ('CONDA_SHLVL', '0'), ('CYCLONEDDS_URI', '<CycloneDDS><Domain><General><Interfaces>\n                            <NetworkInterface name="lo" priority="default" multicast="default" />\n                        </Interfaces></General></Domain></CycloneDDS>'), ('OLDPWD', '/home/ruben/go2_deploy/workhop_rl/src'), ('DESKTOP_SESSION', 'ubuntu'), ('ROS_PYTHON_VERSION', '3'), ('GNOME_SHELL_SESSION_MODE', 'ubuntu'), ('GTK_MODULES', 'gail:atk-bridge'), ('LC_MONETARY', 'ru_RU.UTF-8'), ('SYSTEMD_EXEC_PID', '2945'), ('DBUS_SESSION_BUS_ADDRESS', 'unix:path=/run/user/1000/bus'), ('COLORTERM', 'truecolor'), ('_CE_M', ''), ('_CONDA_ROOT', '/home/ruben/miniconda3'), ('ROS_DISTRO', 'humble'), ('GTK_IM_MODULE', 'ibus'), ('LOGNAME', 'ruben'), ('_', '/usr/bin/colcon'), ('ROS_VERSION', '2'), ('XDG_SESSION_CLASS', 'user'), ('USERNAME', 'ruben'), ('TERM', 'xterm-256color'), ('GNOME_DESKTOP_SESSION_ID', 'this-is-deprecated'), ('_CE_CONDA', ''), ('ROS_LOCALHOST_ONLY', '0'), ('WINDOWPATH', '2'), ('PATH', '/opt/ros/humble/bin:/home/ruben/miniconda3/condabin:/usr/local/sbin:/usr/local/bin:/usr/sbin:/usr/bin:/sbin:/bin:/usr/games:/usr/local/games:/snap/bin:/snap/bin'), ('SESSION_MANAGER', 'local/ruben:@/tmp/.ICE-unix/2916,unix/ruben:/tmp/.ICE-unix/2916'), ('XDG_MENU_PREFIX', 'gnome-'), ('LC_ADDRESS', 'ru_RU.UTF-8'), ('GNOME_TERMINAL_SCREEN', '/org/gnome/Terminal/screen/a128e479_87a9_4f71_b049_48318ab91614'), ('XDG_RUNTIME_DIR', '/run/user/1000'), ('DISPLAY', ':1'), ('LANG', 'en_US.UTF-8'), ('XDG_CURRENT_DESKTOP', 'ubuntu:GNOME'), ('LC_TELEPHONE', 'ru_RU.UTF-8'), ('RMW_IMPLEMENTATION', 'rmw_cyclonedds_cpp'), ('XMODIFIERS', '@im=ibus'), ('XDG_SESSION_DESKTOP', 'ubuntu'), ('XAUTHORITY', '/run/user/1000/gdm/Xauthority'), ('LS_COLORS', 'rs=0:di=01;34:ln=01;36:mh=00:pi=40;33:so=01;35:do=01;35:bd=40;33;01:cd=40;33;01:or=40;31;01:mi=00:su=37;41:sg=30;43:ca=30;41:tw=30;42:ow=34;42:st=37;44:ex=01;32:*.tar=01;31:*.tgz=01;31:*.arc=01;31:*.arj=01;31:*.taz=01;31:*.lha=01;31:*.lz4=01;31:*.lzh=01;31:*.lzma=01;31:*.tlz=01;31:*.txz=01;31:*.tzo=01;31:*.t7z=01;31:*.zip=01;31:*.z=01;31:*.dz=01;31:*.gz=01;31:*.lrz=01;31:*.lz=01;31:*.lzo=01;31:*.xz=01;31:*.zst=01;31:*.tzst=01;31:*.bz2=01;31:*.bz=01;31:*.tbz=01;31:*.tbz2=01;31:*.tz=01;31:*.deb=01;31:*.rpm=01;31:*.jar=01;31:*.war=01;31:*.ear=01;31:*.sar=01;31:*.rar=01;31:*.alz=01;31:*.ace=01;31:*.zoo=01;31:*.cpio=01;31:*.7z=01;31:*.rz=01;31:*.cab=01;31:*.wim=01;31:*.swm=01;31:*.dwm=01;31:*.esd=01;31:*.jpg=01;35:*.jpeg=01;35:*.mjpg=01;35:*.mjpeg=01;35:*.gif=01;35:*.bmp=01;35:*.pbm=01;35:*.pgm=01;35:*.ppm=01;35:*.tga=01;35:*.xbm=01;35:*.xpm=01;35:*.tif=01;35:*.tiff=01;35:*.png=01;35:*.svg=01;35:*.svgz=01;35:*.mng=01;35:*.pcx=01;35:*.mov=01;35:*.mpg=01;35:*.mpeg=01;35:*.m2v=01;35:*.mkv=01;35:*.webm=01;35:*.webp=01;35:*.ogm=01;35:*.mp4=01;35:*.m4v=01;35:*.mp4v=01;35:*.vob=01;35:*.qt=01;35:*.nuv=01;35:*.wmv=01;35:*.asf=01;35:*.rm=01;35:*.rmvb=01;35:*.flc=01;35:*.avi=01;35:*.fli=01;35:*.flv=01;35:*.gl=01;35:*.dl=01;35:*.xcf=01;35:*.xwd=01;35:*.yuv=01;35:*.cgm=01;35:*.emf=01;35:*.ogv=01;35:*.ogx=01;35:*.aac=00;36:*.au=00;36:*.flac=00;36:*.m4a=00;36:*.mid=00;36:*.midi=00;36:*.mka=00;36:*.mp3=00;36:*.mpc=00;36:*.ogg=00;36:*.ra=00;36:*.wav=00;36:*.oga=00;36:*.opus=00;36:*.spx=00;36:*.xspf=00;36:'), ('GNOME_TERMINAL_SERVICE', ':1.92'), ('SSH_AGENT_LAUNCHER', 'gnome-keyring'), ('SSH_AUTH_SOCK', '/run/user/1000/keyring/ssh'), ('ROS_DOMAIN_ID', '1'), ('AMENT_PREFIX_PATH', '/home/ruben/go2_deploy/workhop_rl/install/unitree_rl_controller:/home/ruben/go2_deploy/workhop_rl/install/unitree_go:/home/ruben/go2_deploy/workhop_rl/install/unitree_api:/home/ruben/go2_deploy/workhop_rl/install/ros2_unitree_legged_msgs:/opt/ros/humble'), ('CONDA_PYTHON_EXE', '/home/ruben/miniconda3/bin/python'), ('SHELL', '/bin/bash'), ('LC_NAME', 'ru_RU.UTF-8'), ('QT_ACCESSIBILITY', '1'), ('GDMSESSION', 'ubuntu'), ('Torch_DIR', '/path/to/your/libtorch'), ('LESSCLOSE', '/usr/bin/lesspipe %s %s'), ('CONDA_DEFAULT_ENV', ''), ('LC_MEASUREMENT', 'ru_RU.UTF-8'), ('GPG_AGENT_INFO', '/run/user/1000/gnupg/S.gpg-agent:0:1'), ('_CONDA_EXE', '/home/ruben/miniconda3/bin/conda'), ('LC_IDENTIFICATION', 'ru_RU.UTF-8'), ('QT_IM_MODULE', 'ibus'), ('PWD', '/home/ruben/go2_deploy/workhop_rl/build/unitree_legged_real'), ('XDG_CONFIG_DIRS', '/etc/xdg/xdg-ubuntu:/etc/xdg'), ('CONDA_EXE', '/home/ruben/miniconda3/bin/conda'), ('XDG_DATA_DIRS', '/usr/share/ubuntu:/usr/share/gnome:/usr/local/share/:/usr/share/:/var/lib/snapd/desktop'), ('PYTHONPATH', '/home/ruben/go2_deploy/workhop_rl/install/unitree_go/local/lib/python3.10/dist-packages:/home/ruben/go2_deploy/workhop_rl/install/unitree_api/local/lib/python3.10/dist-packages:/home/ruben/go2_deploy/workhop_rl/install/ros2_unitree_legged_msgs/local/lib/python3.10/dist-packages:/opt/ros/humble/lib/python3.10/site-packages:/opt/ros/humble/local/lib/python3.10/dist-packages'), ('LC_NUMERIC', 'ru_RU.UTF-8'), ('CONDA_PREFIX', ''), ('LC_PAPER', 'ru_RU.UTF-8'), ('COLCON', '1'), ('VTE_VERSION', '6800'), ('CMAKE_PREFIX_PATH', '/home/ruben/go2_deploy/workhop_rl/install/unitree_rl_controller:/home/ruben/go2_deploy/workhop_rl/install/unitree_go:/home/ruben/go2_deploy/workhop_rl/install/unitree_api:/home/ruben/go2_deploy/workhop_rl/install/ros2_unitree_legged_msgs:/opt/ros/humble')]), 'shell': False}
[37.231919] (unitree_mujoco) StdoutLine: {'line': b'[100%] \x1b[32m\x1b[1mLinking CXX executable unitree_mujoco\x1b[0m\n'}
[37.289470] (-) TimerEvent: {}
[37.300502] (unitree_legged_real) StdoutLine: {'line': b'-- The C compiler identification is GNU 11.4.0\n'}
[37.343281] (unitree_legged_real) StdoutLine: {'line': b'-- The CXX compiler identification is GNU 11.4.0\n'}
[37.347792] (unitree_legged_real) StdoutLine: {'line': b'-- Detecting C compiler ABI info\n'}
[37.389585] (-) TimerEvent: {}
[37.443059] (unitree_legged_real) StdoutLine: {'line': b'-- Detecting C compiler ABI info - done\n'}
[37.447578] (unitree_legged_real) StdoutLine: {'line': b'-- Check for working C compiler: /usr/bin/cc - skipped\n'}
[37.447738] (unitree_legged_real) StdoutLine: {'line': b'-- Detecting C compile features\n'}
[37.447999] (unitree_legged_real) StdoutLine: {'line': b'-- Detecting C compile features - done\n'}
[37.449779] (unitree_legged_real) StdoutLine: {'line': b'-- Detecting CXX compiler ABI info\n'}
[37.489706] (-) TimerEvent: {}
[37.536981] (unitree_legged_real) StdoutLine: {'line': b'-- Detecting CXX compiler ABI info - done\n'}
[37.543589] (unitree_legged_real) StdoutLine: {'line': b'-- Check for working CXX compiler: /usr/bin/c++ - skipped\n'}
[37.543778] (unitree_legged_real) StdoutLine: {'line': b'-- Detecting CXX compile features\n'}
[37.544090] (unitree_legged_real) StdoutLine: {'line': b'-- Detecting CXX compile features - done\n'}
[37.545391] (unitree_legged_real) StdoutLine: {'line': b'-- Found ament_cmake: 1.3.12 (/opt/ros/humble/share/ament_cmake/cmake)\n'}
[37.564847] (unitree_mujoco) StdoutLine: {'line': b'[100%] Built target unitree_mujoco\n'}
[37.589797] (-) TimerEvent: {}
[37.620625] (unitree_mujoco) CommandEnded: {'returncode': 0}
[37.621381] (unitree_mujoco) JobProgress: {'identifier': 'unitree_mujoco', 'progress': 'install'}
[37.621725] (unitree_mujoco) Command: {'cmd': ['/usr/bin/cmake', '--install', '/home/ruben/go2_deploy/workhop_rl/build/unitree_mujoco'], 'cwd': '/home/ruben/go2_deploy/workhop_rl/build/unitree_mujoco', 'env': OrderedDict([('LESSOPEN', '| /usr/bin/lesspipe %s'), ('CONDA_PROMPT_MODIFIER', ''), ('USER', 'ruben'), ('LC_TIME', 'ru_RU.UTF-8'), ('XDG_SESSION_TYPE', 'x11'), ('SHLVL', '1'), ('LD_LIBRARY_PATH', '/home/ruben/go2_deploy/workhop_rl/install/unitree_go/lib:/home/ruben/go2_deploy/workhop_rl/install/unitree_api/lib:/usr/lib/x86_64-linux-gnu/gazebo-11/plugins:/opt/ros/humble/opt/rviz_ogre_vendor/lib:/opt/ros/humble/lib/x86_64-linux-gnu:/opt/ros/humble/lib'), ('HOME', '/home/ruben'), ('CONDA_SHLVL', '0'), ('CYCLONEDDS_URI', '<CycloneDDS><Domain><General><Interfaces>\n                            <NetworkInterface name="lo" priority="default" multicast="default" />\n                        </Interfaces></General></Domain></CycloneDDS>'), ('OLDPWD', '/home/ruben/go2_deploy/workhop_rl/src'), ('DESKTOP_SESSION', 'ubuntu'), ('ROS_PYTHON_VERSION', '3'), ('GNOME_SHELL_SESSION_MODE', 'ubuntu'), ('GTK_MODULES', 'gail:atk-bridge'), ('LC_MONETARY', 'ru_RU.UTF-8'), ('SYSTEMD_EXEC_PID', '2945'), ('DBUS_SESSION_BUS_ADDRESS', 'unix:path=/run/user/1000/bus'), ('COLORTERM', 'truecolor'), ('_CE_M', ''), ('_CONDA_ROOT', '/home/ruben/miniconda3'), ('ROS_DISTRO', 'humble'), ('GTK_IM_MODULE', 'ibus'), ('LOGNAME', 'ruben'), ('_', '/usr/bin/colcon'), ('ROS_VERSION', '2'), ('XDG_SESSION_CLASS', 'user'), ('USERNAME', 'ruben'), ('TERM', 'xterm-256color'), ('GNOME_DESKTOP_SESSION_ID', 'this-is-deprecated'), ('_CE_CONDA', ''), ('ROS_LOCALHOST_ONLY', '0'), ('WINDOWPATH', '2'), ('PATH', '/opt/ros/humble/bin:/home/ruben/miniconda3/condabin:/usr/local/sbin:/usr/local/bin:/usr/sbin:/usr/bin:/sbin:/bin:/usr/games:/usr/local/games:/snap/bin:/snap/bin'), ('SESSION_MANAGER', 'local/ruben:@/tmp/.ICE-unix/2916,unix/ruben:/tmp/.ICE-unix/2916'), ('XDG_MENU_PREFIX', 'gnome-'), ('LC_ADDRESS', 'ru_RU.UTF-8'), ('GNOME_TERMINAL_SCREEN', '/org/gnome/Terminal/screen/a128e479_87a9_4f71_b049_48318ab91614'), ('XDG_RUNTIME_DIR', '/run/user/1000'), ('DISPLAY', ':1'), ('LANG', 'en_US.UTF-8'), ('XDG_CURRENT_DESKTOP', 'ubuntu:GNOME'), ('LC_TELEPHONE', 'ru_RU.UTF-8'), ('RMW_IMPLEMENTATION', 'rmw_cyclonedds_cpp'), ('XMODIFIERS', '@im=ibus'), ('XDG_SESSION_DESKTOP', 'ubuntu'), ('XAUTHORITY', '/run/user/1000/gdm/Xauthority'), ('LS_COLORS', 'rs=0:di=01;34:ln=01;36:mh=00:pi=40;33:so=01;35:do=01;35:bd=40;33;01:cd=40;33;01:or=40;31;01:mi=00:su=37;41:sg=30;43:ca=30;41:tw=30;42:ow=34;42:st=37;44:ex=01;32:*.tar=01;31:*.tgz=01;31:*.arc=01;31:*.arj=01;31:*.taz=01;31:*.lha=01;31:*.lz4=01;31:*.lzh=01;31:*.lzma=01;31:*.tlz=01;31:*.txz=01;31:*.tzo=01;31:*.t7z=01;31:*.zip=01;31:*.z=01;31:*.dz=01;31:*.gz=01;31:*.lrz=01;31:*.lz=01;31:*.lzo=01;31:*.xz=01;31:*.zst=01;31:*.tzst=01;31:*.bz2=01;31:*.bz=01;31:*.tbz=01;31:*.tbz2=01;31:*.tz=01;31:*.deb=01;31:*.rpm=01;31:*.jar=01;31:*.war=01;31:*.ear=01;31:*.sar=01;31:*.rar=01;31:*.alz=01;31:*.ace=01;31:*.zoo=01;31:*.cpio=01;31:*.7z=01;31:*.rz=01;31:*.cab=01;31:*.wim=01;31:*.swm=01;31:*.dwm=01;31:*.esd=01;31:*.jpg=01;35:*.jpeg=01;35:*.mjpg=01;35:*.mjpeg=01;35:*.gif=01;35:*.bmp=01;35:*.pbm=01;35:*.pgm=01;35:*.ppm=01;35:*.tga=01;35:*.xbm=01;35:*.xpm=01;35:*.tif=01;35:*.tiff=01;35:*.png=01;35:*.svg=01;35:*.svgz=01;35:*.mng=01;35:*.pcx=01;35:*.mov=01;35:*.mpg=01;35:*.mpeg=01;35:*.m2v=01;35:*.mkv=01;35:*.webm=01;35:*.webp=01;35:*.ogm=01;35:*.mp4=01;35:*.m4v=01;35:*.mp4v=01;35:*.vob=01;35:*.qt=01;35:*.nuv=01;35:*.wmv=01;35:*.asf=01;35:*.rm=01;35:*.rmvb=01;35:*.flc=01;35:*.avi=01;35:*.fli=01;35:*.flv=01;35:*.gl=01;35:*.dl=01;35:*.xcf=01;35:*.xwd=01;35:*.yuv=01;35:*.cgm=01;35:*.emf=01;35:*.ogv=01;35:*.ogx=01;35:*.aac=00;36:*.au=00;36:*.flac=00;36:*.m4a=00;36:*.mid=00;36:*.midi=00;36:*.mka=00;36:*.mp3=00;36:*.mpc=00;36:*.ogg=00;36:*.ra=00;36:*.wav=00;36:*.oga=00;36:*.opus=00;36:*.spx=00;36:*.xspf=00;36:'), ('GNOME_TERMINAL_SERVICE', ':1.92'), ('SSH_AGENT_LAUNCHER', 'gnome-keyring'), ('SSH_AUTH_SOCK', '/run/user/1000/keyring/ssh'), ('ROS_DOMAIN_ID', '1'), ('AMENT_PREFIX_PATH', '/home/ruben/go2_deploy/workhop_rl/install/unitree_go:/home/ruben/go2_deploy/workhop_rl/install/unitree_api:/opt/ros/humble'), ('CONDA_PYTHON_EXE', '/home/ruben/miniconda3/bin/python'), ('SHELL', '/bin/bash'), ('LC_NAME', 'ru_RU.UTF-8'), ('QT_ACCESSIBILITY', '1'), ('GDMSESSION', 'ubuntu'), ('Torch_DIR', '/path/to/your/libtorch'), ('LESSCLOSE', '/usr/bin/lesspipe %s %s'), ('CONDA_DEFAULT_ENV', ''), ('LC_MEASUREMENT', 'ru_RU.UTF-8'), ('GPG_AGENT_INFO', '/run/user/1000/gnupg/S.gpg-agent:0:1'), ('_CONDA_EXE', '/home/ruben/miniconda3/bin/conda'), ('LC_IDENTIFICATION', 'ru_RU.UTF-8'), ('QT_IM_MODULE', 'ibus'), ('PWD', '/home/ruben/go2_deploy/workhop_rl/build/unitree_mujoco'), ('XDG_CONFIG_DIRS', '/etc/xdg/xdg-ubuntu:/etc/xdg'), ('CONDA_EXE', '/home/ruben/miniconda3/bin/conda'), ('XDG_DATA_DIRS', '/usr/share/ubuntu:/usr/share/gnome:/usr/local/share/:/usr/share/:/var/lib/snapd/desktop'), ('PYTHONPATH', '/home/ruben/go2_deploy/workhop_rl/install/unitree_go/local/lib/python3.10/dist-packages:/home/ruben/go2_deploy/workhop_rl/install/unitree_api/local/lib/python3.10/dist-packages:/opt/ros/humble/lib/python3.10/site-packages:/opt/ros/humble/local/lib/python3.10/dist-packages'), ('LC_NUMERIC', 'ru_RU.UTF-8'), ('CONDA_PREFIX', ''), ('LC_PAPER', 'ru_RU.UTF-8'), ('COLCON', '1'), ('VTE_VERSION', '6800'), ('CMAKE_PREFIX_PATH', '/home/ruben/go2_deploy/workhop_rl/install/unitree_go:/home/ruben/go2_deploy/workhop_rl/install/unitree_api:/opt/ros/humble')]), 'shell': False}
[37.627853] (unitree_mujoco) StdoutLine: {'line': b'-- Install configuration: "Release"\n'}
[37.627988] (unitree_mujoco) StdoutLine: {'line': b'-- Installing: /home/ruben/go2_deploy/workhop_rl/install/unitree_mujoco/lib/unitree_mujoco/unitree_mujoco\n'}
[37.629766] (unitree_mujoco) StdoutLine: {'line': b'-- Set runtime path of "/home/ruben/go2_deploy/workhop_rl/install/unitree_mujoco/lib/unitree_mujoco/unitree_mujoco" to ""\n'}
[37.629891] (unitree_mujoco) StdoutLine: {'line': b'-- Installing: /home/ruben/go2_deploy/workhop_rl/install/unitree_mujoco/share/ament_index/resource_index/package_run_dependencies/unitree_mujoco\n'}
[37.629959] (unitree_mujoco) StdoutLine: {'line': b'-- Installing: /home/ruben/go2_deploy/workhop_rl/install/unitree_mujoco/share/ament_index/resource_index/parent_prefix_path/unitree_mujoco\n'}
[37.630011] (unitree_mujoco) StdoutLine: {'line': b'-- Installing: /home/ruben/go2_deploy/workhop_rl/install/unitree_mujoco/share/unitree_mujoco/environment/ament_prefix_path.sh\n'}
[37.630168] (unitree_mujoco) StdoutLine: {'line': b'-- Installing: /home/ruben/go2_deploy/workhop_rl/install/unitree_mujoco/share/unitree_mujoco/environment/ament_prefix_path.dsv\n'}
[37.630259] (unitree_mujoco) StdoutLine: {'line': b'-- Installing: /home/ruben/go2_deploy/workhop_rl/install/unitree_mujoco/share/unitree_mujoco/environment/path.sh\n'}
[37.630327] (unitree_mujoco) StdoutLine: {'line': b'-- Installing: /home/ruben/go2_deploy/workhop_rl/install/unitree_mujoco/share/unitree_mujoco/environment/path.dsv\n'}
[37.630421] (unitree_mujoco) StdoutLine: {'line': b'-- Installing: /home/ruben/go2_deploy/workhop_rl/install/unitree_mujoco/share/unitree_mujoco/local_setup.bash\n'}
[37.630567] (unitree_mujoco) StdoutLine: {'line': b'-- Installing: /home/ruben/go2_deploy/workhop_rl/install/unitree_mujoco/share/unitree_mujoco/local_setup.sh\n'}
[37.630632] (unitree_mujoco) StdoutLine: {'line': b'-- Installing: /home/ruben/go2_deploy/workhop_rl/install/unitree_mujoco/share/unitree_mujoco/local_setup.zsh\n'}
[37.630700] (unitree_mujoco) StdoutLine: {'line': b'-- Installing: /home/ruben/go2_deploy/workhop_rl/install/unitree_mujoco/share/unitree_mujoco/local_setup.dsv\n'}
[37.630758] (unitree_mujoco) StdoutLine: {'line': b'-- Installing: /home/ruben/go2_deploy/workhop_rl/install/unitree_mujoco/share/unitree_mujoco/package.dsv\n'}
[37.630814] (unitree_mujoco) StdoutLine: {'line': b'-- Installing: /home/ruben/go2_deploy/workhop_rl/install/unitree_mujoco/share/ament_index/resource_index/packages/unitree_mujoco\n'}
[37.630873] (unitree_mujoco) StdoutLine: {'line': b'-- Installing: /home/ruben/go2_deploy/workhop_rl/install/unitree_mujoco/share/unitree_mujoco/cmake/unitree_mujocoConfig.cmake\n'}
[37.630930] (unitree_mujoco) StdoutLine: {'line': b'-- Installing: /home/ruben/go2_deploy/workhop_rl/install/unitree_mujoco/share/unitree_mujoco/cmake/unitree_mujocoConfig-version.cmake\n'}
[37.630996] (unitree_mujoco) StdoutLine: {'line': b'-- Installing: /home/ruben/go2_deploy/workhop_rl/install/unitree_mujoco/share/unitree_mujoco/package.xml\n'}
[37.631820] (unitree_mujoco) CommandEnded: {'returncode': 0}
[37.639705] (unitree_mujoco) JobEnded: {'identifier': 'unitree_mujoco', 'rc': 0}
[37.652131] (unitree_legged_real) StdoutLine: {'line': b'-- Found Python3: /usr/bin/python3 (found version "3.10.12") found components: Interpreter \n'}
[37.689900] (-) TimerEvent: {}
[37.706050] (unitree_legged_real) StdoutLine: {'line': b'-- Found rclcpp: 16.0.16 (/opt/ros/humble/share/rclcpp/cmake)\n'}
[37.729492] (unitree_legged_real) StdoutLine: {'line': b'-- Found rosidl_generator_c: 3.1.7 (/opt/ros/humble/share/rosidl_generator_c/cmake)\n'}
[37.732112] (unitree_legged_real) StdoutLine: {'line': b'-- Found rosidl_adapter: 3.1.7 (/opt/ros/humble/share/rosidl_adapter/cmake)\n'}
[37.736448] (unitree_legged_real) StdoutLine: {'line': b'-- Found rosidl_generator_cpp: 3.1.7 (/opt/ros/humble/share/rosidl_generator_cpp/cmake)\n'}
[37.743174] (unitree_legged_real) StdoutLine: {'line': b'-- Using all available rosidl_typesupport_c: rosidl_typesupport_fastrtps_c;rosidl_typesupport_introspection_c\n'}
[37.751859] (unitree_legged_real) StdoutLine: {'line': b'-- Using all available rosidl_typesupport_cpp: rosidl_typesupport_fastrtps_cpp;rosidl_typesupport_introspection_cpp\n'}
[37.775719] (unitree_legged_real) StdoutLine: {'line': b'-- Found rmw_implementation_cmake: 6.1.2 (/opt/ros/humble/share/rmw_implementation_cmake/cmake)\n'}
[37.777180] (unitree_legged_real) StdoutLine: {'line': b'-- Found rmw_cyclonedds_cpp: 1.3.4 (/opt/ros/humble/share/rmw_cyclonedds_cpp/cmake)\n'}
[37.788886] (unitree_legged_real) StdoutLine: {'line': b"-- Using RMW implementation 'rmw_cyclonedds_cpp' as default\n"}
[37.789953] (-) TimerEvent: {}
[37.793276] (unitree_legged_real) StdoutLine: {'line': b'-- Looking for pthread.h\n'}
[37.852607] (unitree_legged_real) StdoutLine: {'line': b'-- Looking for pthread.h - found\n'}
[37.852814] (unitree_legged_real) StdoutLine: {'line': b'-- Performing Test CMAKE_HAVE_LIBC_PTHREAD\n'}
[37.890071] (-) TimerEvent: {}
[37.906200] (unitree_legged_real) StdoutLine: {'line': b'-- Performing Test CMAKE_HAVE_LIBC_PTHREAD - Success\n'}
[37.907537] (unitree_legged_real) StdoutLine: {'line': b'-- Found Threads: TRUE  \n'}
[37.947325] (unitree_legged_real) StdoutLine: {'line': b'-- Found sensor_msgs: 4.9.0 (/opt/ros/humble/share/sensor_msgs/cmake)\n'}
[37.990180] (-) TimerEvent: {}
[37.993117] (unitree_legged_real) StdoutLine: {'line': b'-- Found std_srvs: 4.9.0 (/opt/ros/humble/share/std_srvs/cmake)\n'}
[38.010940] (unitree_legged_real) StdoutLine: {'line': b'-- Found ros2_unitree_legged_msgs: 0.4.0 (/home/ruben/go2_deploy/workhop_rl/install/ros2_unitree_legged_msgs/share/ros2_unitree_legged_msgs/cmake)\n'}
[38.015409] (unitree_legged_real) StdoutLine: {'line': b'-- Found unitree_rl_controller: 0.0.0 (/home/ruben/go2_deploy/workhop_rl/install/unitree_rl_controller/share/unitree_rl_controller/cmake)\n'}
[38.034848] (unitree_legged_real) StdoutLine: {'line': b'-- Found Torch: /home/ruben/libtorch/lib/libtorch.so  \n'}
[38.035092] (unitree_legged_real) StdoutLine: {'line': b'-- Found unitree_go: 0.0.0 (/home/ruben/go2_deploy/workhop_rl/install/unitree_go/share/unitree_go/cmake)\n'}
[38.045021] (unitree_legged_real) StdoutLine: {'line': b'-- Found unitree_api: 0.0.0 (/home/ruben/go2_deploy/workhop_rl/install/unitree_api/share/unitree_api/cmake)\n'}
[38.058618] (unitree_legged_real) StdoutLine: {'line': b'-- Found tf2: 0.25.17 (/opt/ros/humble/share/tf2/cmake)\n'}
[38.068795] (unitree_legged_real) StdoutLine: {'line': b'-- Found tf2_ros: 0.25.17 (/opt/ros/humble/share/tf2_ros/cmake)\n'}
[38.090261] (-) TimerEvent: {}
[38.189698] (unitree_legged_real) StdoutLine: {'line': b'-- Found tf2_sensor_msgs: 0.25.17 (/opt/ros/humble/share/tf2_sensor_msgs/cmake)\n'}
[38.190326] (-) TimerEvent: {}
[38.199720] (unitree_legged_real) StderrLine: {'line': b'\x1b[0m-- CMAKE_SYSTEM_PROCESSOR: x86_64\x1b[0m\n'}
[38.259316] (unitree_legged_real) StdoutLine: {'line': b'-- Configuring done\n'}
[38.290455] (-) TimerEvent: {}
[38.330656] (unitree_legged_real) StdoutLine: {'line': b'-- Generating done\n'}
[38.339500] (unitree_legged_real) StdoutLine: {'line': b'-- Build files have been written to: /home/ruben/go2_deploy/workhop_rl/build/unitree_legged_real\n'}
[38.349294] (unitree_legged_real) CommandEnded: {'returncode': 0}
[38.349879] (unitree_legged_real) JobProgress: {'identifier': 'unitree_legged_real', 'progress': 'build'}
[38.350136] (unitree_legged_real) Command: {'cmd': ['/usr/bin/cmake', '--build', '/home/ruben/go2_deploy/workhop_rl/build/unitree_legged_real', '--', '-j22', '-l22'], 'cwd': '/home/ruben/go2_deploy/workhop_rl/build/unitree_legged_real', 'env': OrderedDict([('LESSOPEN', '| /usr/bin/lesspipe %s'), ('CONDA_PROMPT_MODIFIER', ''), ('USER', 'ruben'), ('LC_TIME', 'ru_RU.UTF-8'), ('XDG_SESSION_TYPE', 'x11'), ('SHLVL', '1'), ('LD_LIBRARY_PATH', '/home/ruben/go2_deploy/workhop_rl/install/unitree_rl_controller/lib:/home/ruben/go2_deploy/workhop_rl/install/unitree_go/lib:/home/ruben/go2_deploy/workhop_rl/install/unitree_api/lib:/home/ruben/go2_deploy/workhop_rl/install/ros2_unitree_legged_msgs/lib:/usr/lib/x86_64-linux-gnu/gazebo-11/plugins:/opt/ros/humble/opt/rviz_ogre_vendor/lib:/opt/ros/humble/lib/x86_64-linux-gnu:/opt/ros/humble/lib'), ('HOME', '/home/ruben'), ('CONDA_SHLVL', '0'), ('CYCLONEDDS_URI', '<CycloneDDS><Domain><General><Interfaces>\n                            <NetworkInterface name="lo" priority="default" multicast="default" />\n                        </Interfaces></General></Domain></CycloneDDS>'), ('OLDPWD', '/home/ruben/go2_deploy/workhop_rl/src'), ('DESKTOP_SESSION', 'ubuntu'), ('ROS_PYTHON_VERSION', '3'), ('GNOME_SHELL_SESSION_MODE', 'ubuntu'), ('GTK_MODULES', 'gail:atk-bridge'), ('LC_MONETARY', 'ru_RU.UTF-8'), ('SYSTEMD_EXEC_PID', '2945'), ('DBUS_SESSION_BUS_ADDRESS', 'unix:path=/run/user/1000/bus'), ('COLORTERM', 'truecolor'), ('_CE_M', ''), ('_CONDA_ROOT', '/home/ruben/miniconda3'), ('ROS_DISTRO', 'humble'), ('GTK_IM_MODULE', 'ibus'), ('LOGNAME', 'ruben'), ('_', '/usr/bin/colcon'), ('ROS_VERSION', '2'), ('XDG_SESSION_CLASS', 'user'), ('USERNAME', 'ruben'), ('TERM', 'xterm-256color'), ('GNOME_DESKTOP_SESSION_ID', 'this-is-deprecated'), ('_CE_CONDA', ''), ('ROS_LOCALHOST_ONLY', '0'), ('WINDOWPATH', '2'), ('PATH', '/opt/ros/humble/bin:/home/ruben/miniconda3/condabin:/usr/local/sbin:/usr/local/bin:/usr/sbin:/usr/bin:/sbin:/bin:/usr/games:/usr/local/games:/snap/bin:/snap/bin'), ('SESSION_MANAGER', 'local/ruben:@/tmp/.ICE-unix/2916,unix/ruben:/tmp/.ICE-unix/2916'), ('XDG_MENU_PREFIX', 'gnome-'), ('LC_ADDRESS', 'ru_RU.UTF-8'), ('GNOME_TERMINAL_SCREEN', '/org/gnome/Terminal/screen/a128e479_87a9_4f71_b049_48318ab91614'), ('XDG_RUNTIME_DIR', '/run/user/1000'), ('DISPLAY', ':1'), ('LANG', 'en_US.UTF-8'), ('XDG_CURRENT_DESKTOP', 'ubuntu:GNOME'), ('LC_TELEPHONE', 'ru_RU.UTF-8'), ('RMW_IMPLEMENTATION', 'rmw_cyclonedds_cpp'), ('XMODIFIERS', '@im=ibus'), ('XDG_SESSION_DESKTOP', 'ubuntu'), ('XAUTHORITY', '/run/user/1000/gdm/Xauthority'), ('LS_COLORS', 'rs=0:di=01;34:ln=01;36:mh=00:pi=40;33:so=01;35:do=01;35:bd=40;33;01:cd=40;33;01:or=40;31;01:mi=00:su=37;41:sg=30;43:ca=30;41:tw=30;42:ow=34;42:st=37;44:ex=01;32:*.tar=01;31:*.tgz=01;31:*.arc=01;31:*.arj=01;31:*.taz=01;31:*.lha=01;31:*.lz4=01;31:*.lzh=01;31:*.lzma=01;31:*.tlz=01;31:*.txz=01;31:*.tzo=01;31:*.t7z=01;31:*.zip=01;31:*.z=01;31:*.dz=01;31:*.gz=01;31:*.lrz=01;31:*.lz=01;31:*.lzo=01;31:*.xz=01;31:*.zst=01;31:*.tzst=01;31:*.bz2=01;31:*.bz=01;31:*.tbz=01;31:*.tbz2=01;31:*.tz=01;31:*.deb=01;31:*.rpm=01;31:*.jar=01;31:*.war=01;31:*.ear=01;31:*.sar=01;31:*.rar=01;31:*.alz=01;31:*.ace=01;31:*.zoo=01;31:*.cpio=01;31:*.7z=01;31:*.rz=01;31:*.cab=01;31:*.wim=01;31:*.swm=01;31:*.dwm=01;31:*.esd=01;31:*.jpg=01;35:*.jpeg=01;35:*.mjpg=01;35:*.mjpeg=01;35:*.gif=01;35:*.bmp=01;35:*.pbm=01;35:*.pgm=01;35:*.ppm=01;35:*.tga=01;35:*.xbm=01;35:*.xpm=01;35:*.tif=01;35:*.tiff=01;35:*.png=01;35:*.svg=01;35:*.svgz=01;35:*.mng=01;35:*.pcx=01;35:*.mov=01;35:*.mpg=01;35:*.mpeg=01;35:*.m2v=01;35:*.mkv=01;35:*.webm=01;35:*.webp=01;35:*.ogm=01;35:*.mp4=01;35:*.m4v=01;35:*.mp4v=01;35:*.vob=01;35:*.qt=01;35:*.nuv=01;35:*.wmv=01;35:*.asf=01;35:*.rm=01;35:*.rmvb=01;35:*.flc=01;35:*.avi=01;35:*.fli=01;35:*.flv=01;35:*.gl=01;35:*.dl=01;35:*.xcf=01;35:*.xwd=01;35:*.yuv=01;35:*.cgm=01;35:*.emf=01;35:*.ogv=01;35:*.ogx=01;35:*.aac=00;36:*.au=00;36:*.flac=00;36:*.m4a=00;36:*.mid=00;36:*.midi=00;36:*.mka=00;36:*.mp3=00;36:*.mpc=00;36:*.ogg=00;36:*.ra=00;36:*.wav=00;36:*.oga=00;36:*.opus=00;36:*.spx=00;36:*.xspf=00;36:'), ('GNOME_TERMINAL_SERVICE', ':1.92'), ('SSH_AGENT_LAUNCHER', 'gnome-keyring'), ('SSH_AUTH_SOCK', '/run/user/1000/keyring/ssh'), ('ROS_DOMAIN_ID', '1'), ('AMENT_PREFIX_PATH', '/home/ruben/go2_deploy/workhop_rl/install/unitree_rl_controller:/home/ruben/go2_deploy/workhop_rl/install/unitree_go:/home/ruben/go2_deploy/workhop_rl/install/unitree_api:/home/ruben/go2_deploy/workhop_rl/install/ros2_unitree_legged_msgs:/opt/ros/humble'), ('CONDA_PYTHON_EXE', '/home/ruben/miniconda3/bin/python'), ('SHELL', '/bin/bash'), ('LC_NAME', 'ru_RU.UTF-8'), ('QT_ACCESSIBILITY', '1'), ('GDMSESSION', 'ubuntu'), ('Torch_DIR', '/path/to/your/libtorch'), ('LESSCLOSE', '/usr/bin/lesspipe %s %s'), ('CONDA_DEFAULT_ENV', ''), ('LC_MEASUREMENT', 'ru_RU.UTF-8'), ('GPG_AGENT_INFO', '/run/user/1000/gnupg/S.gpg-agent:0:1'), ('_CONDA_EXE', '/home/ruben/miniconda3/bin/conda'), ('LC_IDENTIFICATION', 'ru_RU.UTF-8'), ('QT_IM_MODULE', 'ibus'), ('PWD', '/home/ruben/go2_deploy/workhop_rl/build/unitree_legged_real'), ('XDG_CONFIG_DIRS', '/etc/xdg/xdg-ubuntu:/etc/xdg'), ('CONDA_EXE', '/home/ruben/miniconda3/bin/conda'), ('XDG_DATA_DIRS', '/usr/share/ubuntu:/usr/share/gnome:/usr/local/share/:/usr/share/:/var/lib/snapd/desktop'), ('PYTHONPATH', '/home/ruben/go2_deploy/workhop_rl/install/unitree_go/local/lib/python3.10/dist-packages:/home/ruben/go2_deploy/workhop_rl/install/unitree_api/local/lib/python3.10/dist-packages:/home/ruben/go2_deploy/workhop_rl/install/ros2_unitree_legged_msgs/local/lib/python3.10/dist-packages:/opt/ros/humble/lib/python3.10/site-packages:/opt/ros/humble/local/lib/python3.10/dist-packages'), ('LC_NUMERIC', 'ru_RU.UTF-8'), ('CONDA_PREFIX', ''), ('LC_PAPER', 'ru_RU.UTF-8'), ('COLCON', '1'), ('VTE_VERSION', '6800'), ('CMAKE_PREFIX_PATH', '/home/ruben/go2_deploy/workhop_rl/install/unitree_rl_controller:/home/ruben/go2_deploy/workhop_rl/install/unitree_go:/home/ruben/go2_deploy/workhop_rl/install/unitree_api:/home/ruben/go2_deploy/workhop_rl/install/ros2_unitree_legged_msgs:/opt/ros/humble')]), 'shell': False}
[38.390326] (unitree_legged_real) StdoutLine: {'line': b'[ 10%] \x1b[32mBuilding CXX object CMakeFiles/ros2_rl_go2.dir/src/motor_crc.cpp.o\x1b[0m\n'}
[38.390528] (-) TimerEvent: {}
[38.390622] (unitree_legged_real) StdoutLine: {'line': b'[ 20%] \x1b[32mBuilding CXX object CMakeFiles/ros2_rl_go2.dir/src/ros2_rl_go2.cpp.o\x1b[0m\n'}
[38.391566] (unitree_legged_real) StdoutLine: {'line': b'[ 30%] \x1b[32mBuilding CXX object CMakeFiles/mujoco_sim.dir/src/mujoco_sim.cpp.o\x1b[0m\n'}
[38.391803] (unitree_legged_real) StdoutLine: {'line': b'[ 40%] \x1b[32mBuilding CXX object CMakeFiles/lcm_server.dir/unitree_legged_sdk/examples/lcm_server.cpp.o\x1b[0m\n'}
[38.391890] (unitree_legged_real) StdoutLine: {'line': b'[ 60%] \x1b[32mBuilding CXX object CMakeFiles/mujoco_sim.dir/src/motor_crc.cpp.o\x1b[0m\n'}
[38.391940] (unitree_legged_real) StdoutLine: {'line': b'[ 60%] \x1b[32mBuilding CXX object CMakeFiles/go2_heightmap_node.dir/src/go2_heightmap_node.cpp.o\x1b[0m\n'}
[38.490739] (-) TimerEvent: {}
[38.591135] (-) TimerEvent: {}
[38.666490] (unitree_legged_real) StderrLine: {'line': b'In file included from \x1b[01m\x1b[K/home/ruben/go2_deploy/workhop_rl/src/unitree_ros2_to_real/include/go2_heightmap_node.hpp:16\x1b[m\x1b[K,\n'}
[38.666682] (unitree_legged_real) StderrLine: {'line': b'                 from \x1b[01m\x1b[K/home/ruben/go2_deploy/workhop_rl/src/unitree_ros2_to_real/src/go2_heightmap_node.cpp:1\x1b[m\x1b[K:\n'}
[38.666729] (unitree_legged_real) StderrLine: {'line': b'\x1b[01m\x1b[K/opt/ros/humble/include/tf2_sensor_msgs/tf2_sensor_msgs.h:32:2:\x1b[m\x1b[K \x1b[01;35m\x1b[Kwarning: \x1b[m\x1b[K#warning This header is obsolete, please include tf2_sensor_msgs/tf2_sensor_msgs.hpp instead [\x1b[01;35m\x1b[K\x1b]8;;https://gcc.gnu.org/onlinedocs/gcc/Warning-Options.html#index-Wcpp\x07-Wcpp\x1b]8;;\x07\x1b[m\x1b[K]\n'}
[38.666784] (unitree_legged_real) StderrLine: {'line': b'   32 | #\x1b[01;35m\x1b[Kwarning\x1b[m\x1b[K This header is obsolete, please include tf2_sensor_msgs/tf2_sensor_msgs.hpp instead\n'}
[38.666825] (unitree_legged_real) StderrLine: {'line': b'      |  \x1b[01;35m\x1b[K^~~~~~~\x1b[m\x1b[K\n'}
[38.691248] (-) TimerEvent: {}
[38.791656] (-) TimerEvent: {}
[38.891997] (-) TimerEvent: {}
[38.992378] (-) TimerEvent: {}
[39.092704] (-) TimerEvent: {}
[39.193043] (-) TimerEvent: {}
[39.280259] (unitree_legged_real) StderrLine: {'line': b'In file included from \x1b[01m\x1b[K/usr/include/boost/smart_ptr/detail/sp_thread_sleep.hpp:22\x1b[m\x1b[K,\n'}
[39.280461] (unitree_legged_real) StderrLine: {'line': b'                 from \x1b[01m\x1b[K/usr/include/boost/smart_ptr/detail/yield_k.hpp:23\x1b[m\x1b[K,\n'}
[39.280540] (unitree_legged_real) StderrLine: {'line': b'                 from \x1b[01m\x1b[K/usr/include/boost/smart_ptr/detail/spinlock_gcc_atomic.hpp:14\x1b[m\x1b[K,\n'}
[39.280590] (unitree_legged_real) StderrLine: {'line': b'                 from \x1b[01m\x1b[K/usr/include/boost/smart_ptr/detail/spinlock.hpp:42\x1b[m\x1b[K,\n'}
[39.280634] (unitree_legged_real) StderrLine: {'line': b'                 from \x1b[01m\x1b[K/usr/include/boost/smart_ptr/detail/spinlock_pool.hpp:25\x1b[m\x1b[K,\n'}
[39.280678] (unitree_legged_real) StderrLine: {'line': b'                 from \x1b[01m\x1b[K/usr/include/boost/smart_ptr/shared_ptr.hpp:29\x1b[m\x1b[K,\n'}
[39.280725] (unitree_legged_real) StderrLine: {'line': b'                 from \x1b[01m\x1b[K/usr/include/boost/shared_ptr.hpp:17\x1b[m\x1b[K,\n'}
[39.280770] (unitree_legged_real) StderrLine: {'line': b'                 from \x1b[01m\x1b[K/home/ruben/go2_deploy/workhop_rl/src/unitree_ros2_to_real/unitree_legged_sdk/include/unitree_legged_sdk/loop.h:14\x1b[m\x1b[K,\n'}
[39.280809] (unitree_legged_real) StderrLine: {'line': b'                 from \x1b[01m\x1b[K/home/ruben/go2_deploy/workhop_rl/src/unitree_ros2_to_real/unitree_legged_sdk/include/unitree_legged_sdk/unitree_legged_sdk.h:11\x1b[m\x1b[K,\n'}
[39.280847] (unitree_legged_real) StderrLine: {'line': b'                 from \x1b[01m\x1b[K/home/ruben/go2_deploy/workhop_rl/src/unitree_ros2_to_real/unitree_legged_sdk/include/unitree_legged_sdk/lcm_server.h:10\x1b[m\x1b[K,\n'}
[39.280883] (unitree_legged_real) StderrLine: {'line': b'                 from \x1b[01m\x1b[K/home/ruben/go2_deploy/workhop_rl/src/unitree_ros2_to_real/unitree_legged_sdk/examples/lcm_server.cpp:1\x1b[m\x1b[K:\n'}
[39.280919] (unitree_legged_real) StderrLine: {'line': b'\x1b[01m\x1b[K/usr/include/boost/bind.hpp:36:1:\x1b[m\x1b[K \x1b[01;36m\x1b[Knote: \x1b[m\x1b[K\xe2\x80\x98\x1b[01m\x1b[K#pragma message: The practice of declaring the Bind placeholders (_1, _2, ...) in the global namespace is deprecated. Please use <boost/bind/bind.hpp> + using namespace boost::placeholders, or define BOOST_BIND_GLOBAL_PLACEHOLDERS to retain the current behavior.\x1b[m\x1b[K\xe2\x80\x99\n'}
[39.280962] (unitree_legged_real) StderrLine: {'line': b'   36 | \x1b[01;36m\x1b[KBOOST_PRAGMA_MESSAGE\x1b[m\x1b[K(\n'}
[39.281000] (unitree_legged_real) StderrLine: {'line': b'      | \x1b[01;36m\x1b[K^~~~~~~~~~~~~~~~~~~~\x1b[m\x1b[K\n'}
[39.293100] (-) TimerEvent: {}
[39.393429] (-) TimerEvent: {}
[39.493769] (-) TimerEvent: {}
[39.594112] (-) TimerEvent: {}
[39.600250] (unitree_legged_real) StdoutLine: {'line': b'[ 70%] \x1b[32m\x1b[1mLinking CXX executable lcm_server\x1b[0m\n'}
[39.678789] (unitree_legged_real) StdoutLine: {'line': b'[ 70%] Built target lcm_server\n'}
[39.694226] (-) TimerEvent: {}
[39.794597] (-) TimerEvent: {}
[39.895001] (-) TimerEvent: {}
[39.995353] (-) TimerEvent: {}
[40.095694] (-) TimerEvent: {}
[40.196124] (-) TimerEvent: {}
[40.296534] (-) TimerEvent: {}
[40.396973] (-) TimerEvent: {}
[40.497537] (-) TimerEvent: {}
[40.597976] (-) TimerEvent: {}
[40.698420] (-) TimerEvent: {}
[40.798899] (-) TimerEvent: {}
[40.899345] (-) TimerEvent: {}
[40.999770] (-) TimerEvent: {}
[41.100204] (-) TimerEvent: {}
[41.200603] (-) TimerEvent: {}
[41.300993] (-) TimerEvent: {}
[41.401409] (-) TimerEvent: {}
[41.501830] (-) TimerEvent: {}
[41.602315] (-) TimerEvent: {}
[41.702706] (-) TimerEvent: {}
[41.803144] (-) TimerEvent: {}
[41.903660] (-) TimerEvent: {}
[42.004208] (-) TimerEvent: {}
[42.104662] (-) TimerEvent: {}
[42.205097] (-) TimerEvent: {}
[42.305499] (-) TimerEvent: {}
[42.405942] (-) TimerEvent: {}
[42.506437] (-) TimerEvent: {}
[42.606921] (-) TimerEvent: {}
[42.707423] (-) TimerEvent: {}
[42.807902] (-) TimerEvent: {}
[42.908379] (-) TimerEvent: {}
[43.008800] (-) TimerEvent: {}
[43.109253] (-) TimerEvent: {}
[43.209653] (-) TimerEvent: {}
[43.310146] (-) TimerEvent: {}
[43.410576] (-) TimerEvent: {}
[43.510996] (-) TimerEvent: {}
[43.611473] (-) TimerEvent: {}
[43.711952] (-) TimerEvent: {}
[43.812409] (-) TimerEvent: {}
[43.912851] (-) TimerEvent: {}
[44.013284] (-) TimerEvent: {}
[44.113720] (-) TimerEvent: {}
[44.214189] (-) TimerEvent: {}
[44.314611] (-) TimerEvent: {}
[44.415077] (-) TimerEvent: {}
[44.515537] (-) TimerEvent: {}
[44.616021] (-) TimerEvent: {}
[44.716488] (-) TimerEvent: {}
[44.817066] (-) TimerEvent: {}
[44.917585] (-) TimerEvent: {}
[45.018113] (-) TimerEvent: {}
[45.118602] (-) TimerEvent: {}
[45.219146] (-) TimerEvent: {}
[45.319631] (-) TimerEvent: {}
[45.420067] (-) TimerEvent: {}
[45.520529] (-) TimerEvent: {}
[45.620967] (-) TimerEvent: {}
[45.721391] (-) TimerEvent: {}
[45.821811] (-) TimerEvent: {}
[45.922377] (-) TimerEvent: {}
[46.022736] (-) TimerEvent: {}
[46.123094] (-) TimerEvent: {}
[46.223450] (-) TimerEvent: {}
[46.323811] (-) TimerEvent: {}
[46.424237] (-) TimerEvent: {}
[46.524656] (-) TimerEvent: {}
[46.625071] (-) TimerEvent: {}
[46.725560] (-) TimerEvent: {}
[46.826023] (-) TimerEvent: {}
[46.926458] (-) TimerEvent: {}
[47.026909] (-) TimerEvent: {}
[47.127380] (-) TimerEvent: {}
[47.227888] (-) TimerEvent: {}
[47.328334] (-) TimerEvent: {}
[47.428753] (-) TimerEvent: {}
[47.529172] (-) TimerEvent: {}
[47.629647] (-) TimerEvent: {}
[47.730164] (-) TimerEvent: {}
[47.830638] (-) TimerEvent: {}
[47.931112] (-) TimerEvent: {}
[48.031589] (-) TimerEvent: {}
[48.131988] (-) TimerEvent: {}
[48.232420] (-) TimerEvent: {}
[48.332838] (-) TimerEvent: {}
[48.433275] (-) TimerEvent: {}
[48.533703] (-) TimerEvent: {}
[48.634132] (-) TimerEvent: {}
[48.734559] (-) TimerEvent: {}
[48.835020] (-) TimerEvent: {}
[48.935496] (-) TimerEvent: {}
[49.035919] (-) TimerEvent: {}
[49.136340] (-) TimerEvent: {}
[49.236735] (-) TimerEvent: {}
[49.337196] (-) TimerEvent: {}
[49.437672] (-) TimerEvent: {}
[49.538102] (-) TimerEvent: {}
[49.638538] (-) TimerEvent: {}
[49.739004] (-) TimerEvent: {}
[49.786714] (unitree_legged_real) StdoutLine: {'line': b'[ 80%] \x1b[32m\x1b[1mLinking CXX executable go2_heightmap_node\x1b[0m\n'}
[49.839203] (-) TimerEvent: {}
[49.939714] (-) TimerEvent: {}
[50.025390] (unitree_legged_real) StdoutLine: {'line': b'[ 80%] Built target go2_heightmap_node\n'}
[50.039783] (-) TimerEvent: {}
[50.140142] (-) TimerEvent: {}
[50.240583] (-) TimerEvent: {}
[50.341008] (-) TimerEvent: {}
[50.441451] (-) TimerEvent: {}
[50.541881] (-) TimerEvent: {}
[50.642311] (-) TimerEvent: {}
[50.742726] (-) TimerEvent: {}
[50.843187] (-) TimerEvent: {}
[50.943694] (-) TimerEvent: {}
[51.044191] (-) TimerEvent: {}
[51.144623] (-) TimerEvent: {}
[51.245055] (-) TimerEvent: {}
[51.345511] (-) TimerEvent: {}
[51.445950] (-) TimerEvent: {}
[51.546454] (-) TimerEvent: {}
[51.646803] (-) TimerEvent: {}
[51.747153] (-) TimerEvent: {}
[51.847548] (-) TimerEvent: {}
[51.947896] (-) TimerEvent: {}
[52.048257] (-) TimerEvent: {}
[52.148608] (-) TimerEvent: {}
[52.248953] (-) TimerEvent: {}
[52.349316] (-) TimerEvent: {}
[52.449670] (-) TimerEvent: {}
[52.550037] (-) TimerEvent: {}
[52.650392] (-) TimerEvent: {}
[52.750740] (-) TimerEvent: {}
[52.851099] (-) TimerEvent: {}
[52.951448] (-) TimerEvent: {}
[53.051806] (-) TimerEvent: {}
[53.152102] (-) TimerEvent: {}
[53.252409] (-) TimerEvent: {}
[53.352779] (-) TimerEvent: {}
[53.453130] (-) TimerEvent: {}
[53.553475] (-) TimerEvent: {}
[53.653816] (-) TimerEvent: {}
[53.754167] (-) TimerEvent: {}
[53.854515] (-) TimerEvent: {}
[53.954866] (-) TimerEvent: {}
[54.055211] (-) TimerEvent: {}
[54.155538] (-) TimerEvent: {}
[54.255865] (-) TimerEvent: {}
[54.356222] (-) TimerEvent: {}
[54.456598] (-) TimerEvent: {}
[54.556986] (-) TimerEvent: {}
[54.657383] (-) TimerEvent: {}
[54.757784] (-) TimerEvent: {}
[54.858180] (-) TimerEvent: {}
[54.958620] (-) TimerEvent: {}
[55.058990] (-) TimerEvent: {}
[55.159459] (-) TimerEvent: {}
[55.259849] (-) TimerEvent: {}
[55.360251] (-) TimerEvent: {}
[55.460639] (-) TimerEvent: {}
[55.561060] (-) TimerEvent: {}
[55.661468] (-) TimerEvent: {}
[55.761851] (-) TimerEvent: {}
[55.862348] (-) TimerEvent: {}
[55.972229] (-) TimerEvent: {}
[56.072612] (-) TimerEvent: {}
[56.173011] (-) TimerEvent: {}
[56.273468] (-) TimerEvent: {}
[56.373878] (-) TimerEvent: {}
[56.474350] (-) TimerEvent: {}
[56.574804] (-) TimerEvent: {}
[56.675301] (-) TimerEvent: {}
[56.775728] (-) TimerEvent: {}
[56.876294] (-) TimerEvent: {}
[56.976712] (-) TimerEvent: {}
[57.077140] (-) TimerEvent: {}
[57.177621] (-) TimerEvent: {}
[57.277998] (-) TimerEvent: {}
[57.378374] (-) TimerEvent: {}
[57.478793] (-) TimerEvent: {}
[57.579182] (-) TimerEvent: {}
[57.679560] (-) TimerEvent: {}
[57.779939] (-) TimerEvent: {}
[57.880324] (-) TimerEvent: {}
[57.907778] (unitree_legged_real) StdoutLine: {'line': b'[ 90%] \x1b[32m\x1b[1mLinking CXX executable ros2_rl_go2\x1b[0m\n'}
[57.980519] (-) TimerEvent: {}
[58.081058] (-) TimerEvent: {}
[58.181601] (-) TimerEvent: {}
[58.282125] (-) TimerEvent: {}
[58.382558] (-) TimerEvent: {}
[58.483067] (-) TimerEvent: {}
[58.583555] (-) TimerEvent: {}
[58.684101] (-) TimerEvent: {}
[58.784608] (-) TimerEvent: {}
[58.885111] (-) TimerEvent: {}
[58.985709] (-) TimerEvent: {}
[59.086206] (-) TimerEvent: {}
[59.186598] (-) TimerEvent: {}
[59.287052] (-) TimerEvent: {}
[59.350511] (unitree_legged_real) StdoutLine: {'line': b'[ 90%] Built target ros2_rl_go2\n'}
[59.387225] (-) TimerEvent: {}
[59.487565] (-) TimerEvent: {}
[59.587932] (-) TimerEvent: {}
[59.688355] (-) TimerEvent: {}
[59.788673] (-) TimerEvent: {}
[59.888966] (-) TimerEvent: {}
[59.989222] (-) TimerEvent: {}
[60.089498] (-) TimerEvent: {}
[60.189797] (-) TimerEvent: {}
[60.290110] (-) TimerEvent: {}
[60.390419] (-) TimerEvent: {}
[60.490706] (-) TimerEvent: {}
[60.591119] (-) TimerEvent: {}
[60.691462] (-) TimerEvent: {}
[60.791796] (-) TimerEvent: {}
[60.892144] (-) TimerEvent: {}
[60.992547] (-) TimerEvent: {}
[61.092362] (unitree_legged_real) StdoutLine: {'line': b'[100%] \x1b[32m\x1b[1mLinking CXX executable mujoco_sim\x1b[0m\n'}
[61.092534] (-) TimerEvent: {}
[61.192891] (-) TimerEvent: {}
[61.293278] (-) TimerEvent: {}
[61.393686] (-) TimerEvent: {}
[61.494111] (-) TimerEvent: {}
[61.594492] (-) TimerEvent: {}
[61.694919] (-) TimerEvent: {}
[61.795361] (-) TimerEvent: {}
[61.895783] (-) TimerEvent: {}
[61.996208] (-) TimerEvent: {}
[62.096623] (-) TimerEvent: {}
[62.196918] (-) TimerEvent: {}
[62.284993] (unitree_legged_real) StdoutLine: {'line': b'[100%] Built target mujoco_sim\n'}
[62.297013] (-) TimerEvent: {}
[62.319722] (unitree_legged_real) CommandEnded: {'returncode': 0}
[62.320669] (unitree_legged_real) JobProgress: {'identifier': 'unitree_legged_real', 'progress': 'install'}
[62.321307] (unitree_legged_real) Command: {'cmd': ['/usr/bin/cmake', '--install', '/home/ruben/go2_deploy/workhop_rl/build/unitree_legged_real'], 'cwd': '/home/ruben/go2_deploy/workhop_rl/build/unitree_legged_real', 'env': OrderedDict([('LESSOPEN', '| /usr/bin/lesspipe %s'), ('CONDA_PROMPT_MODIFIER', ''), ('USER', 'ruben'), ('LC_TIME', 'ru_RU.UTF-8'), ('XDG_SESSION_TYPE', 'x11'), ('SHLVL', '1'), ('LD_LIBRARY_PATH', '/home/ruben/go2_deploy/workhop_rl/install/unitree_rl_controller/lib:/home/ruben/go2_deploy/workhop_rl/install/unitree_go/lib:/home/ruben/go2_deploy/workhop_rl/install/unitree_api/lib:/home/ruben/go2_deploy/workhop_rl/install/ros2_unitree_legged_msgs/lib:/usr/lib/x86_64-linux-gnu/gazebo-11/plugins:/opt/ros/humble/opt/rviz_ogre_vendor/lib:/opt/ros/humble/lib/x86_64-linux-gnu:/opt/ros/humble/lib'), ('HOME', '/home/ruben'), ('CONDA_SHLVL', '0'), ('CYCLONEDDS_URI', '<CycloneDDS><Domain><General><Interfaces>\n                            <NetworkInterface name="lo" priority="default" multicast="default" />\n                        </Interfaces></General></Domain></CycloneDDS>'), ('OLDPWD', '/home/ruben/go2_deploy/workhop_rl/src'), ('DESKTOP_SESSION', 'ubuntu'), ('ROS_PYTHON_VERSION', '3'), ('GNOME_SHELL_SESSION_MODE', 'ubuntu'), ('GTK_MODULES', 'gail:atk-bridge'), ('LC_MONETARY', 'ru_RU.UTF-8'), ('SYSTEMD_EXEC_PID', '2945'), ('DBUS_SESSION_BUS_ADDRESS', 'unix:path=/run/user/1000/bus'), ('COLORTERM', 'truecolor'), ('_CE_M', ''), ('_CONDA_ROOT', '/home/ruben/miniconda3'), ('ROS_DISTRO', 'humble'), ('GTK_IM_MODULE', 'ibus'), ('LOGNAME', 'ruben'), ('_', '/usr/bin/colcon'), ('ROS_VERSION', '2'), ('XDG_SESSION_CLASS', 'user'), ('USERNAME', 'ruben'), ('TERM', 'xterm-256color'), ('GNOME_DESKTOP_SESSION_ID', 'this-is-deprecated'), ('_CE_CONDA', ''), ('ROS_LOCALHOST_ONLY', '0'), ('WINDOWPATH', '2'), ('PATH', '/opt/ros/humble/bin:/home/ruben/miniconda3/condabin:/usr/local/sbin:/usr/local/bin:/usr/sbin:/usr/bin:/sbin:/bin:/usr/games:/usr/local/games:/snap/bin:/snap/bin'), ('SESSION_MANAGER', 'local/ruben:@/tmp/.ICE-unix/2916,unix/ruben:/tmp/.ICE-unix/2916'), ('XDG_MENU_PREFIX', 'gnome-'), ('LC_ADDRESS', 'ru_RU.UTF-8'), ('GNOME_TERMINAL_SCREEN', '/org/gnome/Terminal/screen/a128e479_87a9_4f71_b049_48318ab91614'), ('XDG_RUNTIME_DIR', '/run/user/1000'), ('DISPLAY', ':1'), ('LANG', 'en_US.UTF-8'), ('XDG_CURRENT_DESKTOP', 'ubuntu:GNOME'), ('LC_TELEPHONE', 'ru_RU.UTF-8'), ('RMW_IMPLEMENTATION', 'rmw_cyclonedds_cpp'), ('XMODIFIERS', '@im=ibus'), ('XDG_SESSION_DESKTOP', 'ubuntu'), ('XAUTHORITY', '/run/user/1000/gdm/Xauthority'), ('LS_COLORS', 'rs=0:di=01;34:ln=01;36:mh=00:pi=40;33:so=01;35:do=01;35:bd=40;33;01:cd=40;33;01:or=40;31;01:mi=00:su=37;41:sg=30;43:ca=30;41:tw=30;42:ow=34;42:st=37;44:ex=01;32:*.tar=01;31:*.tgz=01;31:*.arc=01;31:*.arj=01;31:*.taz=01;31:*.lha=01;31:*.lz4=01;31:*.lzh=01;31:*.lzma=01;31:*.tlz=01;31:*.txz=01;31:*.tzo=01;31:*.t7z=01;31:*.zip=01;31:*.z=01;31:*.dz=01;31:*.gz=01;31:*.lrz=01;31:*.lz=01;31:*.lzo=01;31:*.xz=01;31:*.zst=01;31:*.tzst=01;31:*.bz2=01;31:*.bz=01;31:*.tbz=01;31:*.tbz2=01;31:*.tz=01;31:*.deb=01;31:*.rpm=01;31:*.jar=01;31:*.war=01;31:*.ear=01;31:*.sar=01;31:*.rar=01;31:*.alz=01;31:*.ace=01;31:*.zoo=01;31:*.cpio=01;31:*.7z=01;31:*.rz=01;31:*.cab=01;31:*.wim=01;31:*.swm=01;31:*.dwm=01;31:*.esd=01;31:*.jpg=01;35:*.jpeg=01;35:*.mjpg=01;35:*.mjpeg=01;35:*.gif=01;35:*.bmp=01;35:*.pbm=01;35:*.pgm=01;35:*.ppm=01;35:*.tga=01;35:*.xbm=01;35:*.xpm=01;35:*.tif=01;35:*.tiff=01;35:*.png=01;35:*.svg=01;35:*.svgz=01;35:*.mng=01;35:*.pcx=01;35:*.mov=01;35:*.mpg=01;35:*.mpeg=01;35:*.m2v=01;35:*.mkv=01;35:*.webm=01;35:*.webp=01;35:*.ogm=01;35:*.mp4=01;35:*.m4v=01;35:*.mp4v=01;35:*.vob=01;35:*.qt=01;35:*.nuv=01;35:*.wmv=01;35:*.asf=01;35:*.rm=01;35:*.rmvb=01;35:*.flc=01;35:*.avi=01;35:*.fli=01;35:*.flv=01;35:*.gl=01;35:*.dl=01;35:*.xcf=01;35:*.xwd=01;35:*.yuv=01;35:*.cgm=01;35:*.emf=01;35:*.ogv=01;35:*.ogx=01;35:*.aac=00;36:*.au=00;36:*.flac=00;36:*.m4a=00;36:*.mid=00;36:*.midi=00;36:*.mka=00;36:*.mp3=00;36:*.mpc=00;36:*.ogg=00;36:*.ra=00;36:*.wav=00;36:*.oga=00;36:*.opus=00;36:*.spx=00;36:*.xspf=00;36:'), ('GNOME_TERMINAL_SERVICE', ':1.92'), ('SSH_AGENT_LAUNCHER', 'gnome-keyring'), ('SSH_AUTH_SOCK', '/run/user/1000/keyring/ssh'), ('ROS_DOMAIN_ID', '1'), ('AMENT_PREFIX_PATH', '/home/ruben/go2_deploy/workhop_rl/install/unitree_rl_controller:/home/ruben/go2_deploy/workhop_rl/install/unitree_go:/home/ruben/go2_deploy/workhop_rl/install/unitree_api:/home/ruben/go2_deploy/workhop_rl/install/ros2_unitree_legged_msgs:/opt/ros/humble'), ('CONDA_PYTHON_EXE', '/home/ruben/miniconda3/bin/python'), ('SHELL', '/bin/bash'), ('LC_NAME', 'ru_RU.UTF-8'), ('QT_ACCESSIBILITY', '1'), ('GDMSESSION', 'ubuntu'), ('Torch_DIR', '/path/to/your/libtorch'), ('LESSCLOSE', '/usr/bin/lesspipe %s %s'), ('CONDA_DEFAULT_ENV', ''), ('LC_MEASUREMENT', 'ru_RU.UTF-8'), ('GPG_AGENT_INFO', '/run/user/1000/gnupg/S.gpg-agent:0:1'), ('_CONDA_EXE', '/home/ruben/miniconda3/bin/conda'), ('LC_IDENTIFICATION', 'ru_RU.UTF-8'), ('QT_IM_MODULE', 'ibus'), ('PWD', '/home/ruben/go2_deploy/workhop_rl/build/unitree_legged_real'), ('XDG_CONFIG_DIRS', '/etc/xdg/xdg-ubuntu:/etc/xdg'), ('CONDA_EXE', '/home/ruben/miniconda3/bin/conda'), ('XDG_DATA_DIRS', '/usr/share/ubuntu:/usr/share/gnome:/usr/local/share/:/usr/share/:/var/lib/snapd/desktop'), ('PYTHONPATH', '/home/ruben/go2_deploy/workhop_rl/install/unitree_go/local/lib/python3.10/dist-packages:/home/ruben/go2_deploy/workhop_rl/install/unitree_api/local/lib/python3.10/dist-packages:/home/ruben/go2_deploy/workhop_rl/install/ros2_unitree_legged_msgs/local/lib/python3.10/dist-packages:/opt/ros/humble/lib/python3.10/site-packages:/opt/ros/humble/local/lib/python3.10/dist-packages'), ('LC_NUMERIC', 'ru_RU.UTF-8'), ('CONDA_PREFIX', ''), ('LC_PAPER', 'ru_RU.UTF-8'), ('COLCON', '1'), ('VTE_VERSION', '6800'), ('CMAKE_PREFIX_PATH', '/home/ruben/go2_deploy/workhop_rl/install/unitree_rl_controller:/home/ruben/go2_deploy/workhop_rl/install/unitree_go:/home/ruben/go2_deploy/workhop_rl/install/unitree_api:/home/ruben/go2_deploy/workhop_rl/install/ros2_unitree_legged_msgs:/opt/ros/humble')]), 'shell': False}
[62.329114] (unitree_legged_real) StdoutLine: {'line': b'-- Install configuration: ""\n'}
[62.329242] (unitree_legged_real) StdoutLine: {'line': b'-- Installing: /home/ruben/go2_deploy/workhop_rl/install/unitree_legged_real/lib\n'}
[62.329290] (unitree_legged_real) StdoutLine: {'line': b'-- Installing: /home/ruben/go2_deploy/workhop_rl/install/unitree_legged_real/lib/libunitree_legged_sdk_amd64.so\n'}
[62.329619] (unitree_legged_real) StdoutLine: {'line': b'-- Installing: /home/ruben/go2_deploy/workhop_rl/install/unitree_legged_real/lib/libunitree_legged_sdk_arm64.so\n'}
[62.330098] (unitree_legged_real) StdoutLine: {'line': b'-- Installing: /home/ruben/go2_deploy/workhop_rl/install/unitree_legged_real/lib/libddsc.so\n'}
[62.334551] (unitree_legged_real) StdoutLine: {'line': b'-- Installing: /home/ruben/go2_deploy/workhop_rl/install/unitree_legged_real/lib/libddscxx.so\n'}
[62.336202] (unitree_legged_real) StdoutLine: {'line': b'-- Up-to-date: /home/ruben/go2_deploy/workhop_rl/install/unitree_legged_real/lib/libddsc.so\n'}
[62.336254] (unitree_legged_real) StdoutLine: {'line': b'-- Up-to-date: /home/ruben/go2_deploy/workhop_rl/install/unitree_legged_real/lib/libddscxx.so\n'}
[62.336298] (unitree_legged_real) StdoutLine: {'line': b'-- Installing: /home/ruben/go2_deploy/workhop_rl/install/unitree_legged_real/lib/unitree_legged_real/ros2_rl_go2\n'}
[62.337096] (unitree_legged_real) StdoutLine: {'line': b'-- Set runtime path of "/home/ruben/go2_deploy/workhop_rl/install/unitree_legged_real/lib/unitree_legged_real/ros2_rl_go2" to ""\n'}
[62.337142] (unitree_legged_real) StdoutLine: {'line': b'-- Installing: /home/ruben/go2_deploy/workhop_rl/install/unitree_legged_real/lib/unitree_legged_real/mujoco_sim\n'}
[62.337883] (unitree_legged_real) StdoutLine: {'line': b'-- Set runtime path of "/home/ruben/go2_deploy/workhop_rl/install/unitree_legged_real/lib/unitree_legged_real/mujoco_sim" to ""\n'}
[62.337967] (unitree_legged_real) StdoutLine: {'line': b'-- Installing: /home/ruben/go2_deploy/workhop_rl/install/unitree_legged_real/lib/unitree_legged_real/go2_heightmap_node\n'}
[62.338344] (unitree_legged_real) StdoutLine: {'line': b'-- Set runtime path of "/home/ruben/go2_deploy/workhop_rl/install/unitree_legged_real/lib/unitree_legged_real/go2_heightmap_node" to ""\n'}
[62.338447] (unitree_legged_real) StdoutLine: {'line': b'-- Installing: /home/ruben/go2_deploy/workhop_rl/install/unitree_legged_real/lib/unitree_legged_real/lcm_server\n'}
[62.338494] (unitree_legged_real) StdoutLine: {'line': b'-- Set runtime path of "/home/ruben/go2_deploy/workhop_rl/install/unitree_legged_real/lib/unitree_legged_real/lcm_server" to ""\n'}
[62.338566] (unitree_legged_real) StdoutLine: {'line': b'-- Installing: /home/ruben/go2_deploy/workhop_rl/install/unitree_legged_real/share/ament_index/resource_index/package_run_dependencies/unitree_legged_real\n'}
[62.338627] (unitree_legged_real) StdoutLine: {'line': b'-- Installing: /home/ruben/go2_deploy/workhop_rl/install/unitree_legged_real/share/ament_index/resource_index/parent_prefix_path/unitree_legged_real\n'}
[62.338700] (unitree_legged_real) StdoutLine: {'line': b'-- Installing: /home/ruben/go2_deploy/workhop_rl/install/unitree_legged_real/share/unitree_legged_real/environment/ament_prefix_path.sh\n'}
[62.338747] (unitree_legged_real) StdoutLine: {'line': b'-- Installing: /home/ruben/go2_deploy/workhop_rl/install/unitree_legged_real/share/unitree_legged_real/environment/ament_prefix_path.dsv\n'}
[62.338788] (unitree_legged_real) StdoutLine: {'line': b'-- Installing: /home/ruben/go2_deploy/workhop_rl/install/unitree_legged_real/share/unitree_legged_real/environment/path.sh\n'}
[62.338831] (unitree_legged_real) StdoutLine: {'line': b'-- Installing: /home/ruben/go2_deploy/workhop_rl/install/unitree_legged_real/share/unitree_legged_real/environment/path.dsv\n'}
[62.338874] (unitree_legged_real) StdoutLine: {'line': b'-- Installing: /home/ruben/go2_deploy/workhop_rl/install/unitree_legged_real/share/unitree_legged_real/local_setup.bash\n'}
[62.338930] (unitree_legged_real) StdoutLine: {'line': b'-- Installing: /home/ruben/go2_deploy/workhop_rl/install/unitree_legged_real/share/unitree_legged_real/local_setup.sh\n'}
[62.338983] (unitree_legged_real) StdoutLine: {'line': b'-- Installing: /home/ruben/go2_deploy/workhop_rl/install/unitree_legged_real/share/unitree_legged_real/local_setup.zsh\n'}
[62.339039] (unitree_legged_real) StdoutLine: {'line': b'-- Installing: /home/ruben/go2_deploy/workhop_rl/install/unitree_legged_real/share/unitree_legged_real/local_setup.dsv\n'}
[62.339098] (unitree_legged_real) StdoutLine: {'line': b'-- Installing: /home/ruben/go2_deploy/workhop_rl/install/unitree_legged_real/share/unitree_legged_real/package.dsv\n'}
[62.339155] (unitree_legged_real) StdoutLine: {'line': b'-- Installing: /home/ruben/go2_deploy/workhop_rl/install/unitree_legged_real/share/ament_index/resource_index/packages/unitree_legged_real\n'}
[62.339213] (unitree_legged_real) StdoutLine: {'line': b'-- Installing: /home/ruben/go2_deploy/workhop_rl/install/unitree_legged_real/share/unitree_legged_real/cmake/unitree_legged_realConfig.cmake\n'}
[62.339273] (unitree_legged_real) StdoutLine: {'line': b'-- Installing: /home/ruben/go2_deploy/workhop_rl/install/unitree_legged_real/share/unitree_legged_real/cmake/unitree_legged_realConfig-version.cmake\n'}
[62.339334] (unitree_legged_real) StdoutLine: {'line': b'-- Installing: /home/ruben/go2_deploy/workhop_rl/install/unitree_legged_real/share/unitree_legged_real/package.xml\n'}
[62.340891] (unitree_legged_real) CommandEnded: {'returncode': 0}
[62.397101] (-) TimerEvent: {}
[62.418382] (unitree_legged_real) JobEnded: {'identifier': 'unitree_legged_real', 'rc': 0}
[62.418808] (-) EventReactorShutdown: {}
