[0.056s] DEBUG:colcon:Command line arguments: ['/usr/bin/colcon', 'build']
[0.056s] DEBUG:colcon:Parsed command line arguments: Namespace(log_base=None, log_level=None, verb_name='build', build_base='build', install_base='install', merge_install=False, symlink_install=False, test_result_base=None, continue_on_error=False, executor='parallel', parallel_workers=22, event_handlers=None, ignore_user_meta=False, metas=['./colcon.meta'], base_paths=['.'], packages_ignore=None, packages_ignore_regex=None, paths=None, packages_up_to=None, packages_up_to_regex=None, packages_above=None, packages_above_and_dependencies=None, packages_above_depth=None, packages_select_by_dep=None, packages_skip_by_dep=None, packages_skip_up_to=None, packages_select_build_failed=False, packages_skip_build_finished=False, packages_select_test_failures=False, packages_skip_test_passed=False, packages_select=None, packages_skip=None, packages_select_regex=None, packages_skip_regex=None, packages_start=None, packages_end=None, allow_overriding=[], cmake_args=None, cmake_target=None, cmake_target_skip_unavailable=False, cmake_clean_cache=False, cmake_clean_first=False, cmake_force_configure=False, ament_cmake_args=None, catkin_cmake_args=None, catkin_skip_building_tests=False, mixin_files=None, mixin=None, verb_parser=<colcon_mixin.mixin.mixin_argument.MixinArgumentDecorator object at 0x7391fc35e440>, verb_extension=<colcon_core.verb.build.BuildVerb object at 0x7391fc45b430>, main=<bound method BuildVerb.main of <colcon_core.verb.build.BuildVerb object at 0x7391fc45b430>>, mixin_verb=('build',))
[0.146s] Level 1:colcon.colcon_core.package_discovery:discover_packages(colcon_meta) check parameters
[0.146s] Level 1:colcon.colcon_core.package_discovery:discover_packages(recursive) check parameters
[0.146s] Level 1:colcon.colcon_core.package_discovery:discover_packages(ignore) check parameters
[0.146s] Level 1:colcon.colcon_core.package_discovery:discover_packages(path) check parameters
[0.146s] Level 1:colcon.colcon_core.package_discovery:discover_packages(colcon_meta) discover
[0.146s] Level 1:colcon.colcon_core.package_discovery:discover_packages(recursive) discover
[0.146s] INFO:colcon.colcon_core.package_discovery:Crawling recursively for packages in '/home/ruben/go2_deploy/workhop_rl'
[0.146s] Level 1:colcon.colcon_core.package_identification:_identify(.) by extensions ['ignore', 'ignore_ament_install']
[0.146s] Level 1:colcon.colcon_core.package_identification:_identify(.) by extension 'ignore'
[0.146s] Level 1:colcon.colcon_core.package_identification:_identify(.) by extension 'ignore_ament_install'
[0.146s] Level 1:colcon.colcon_core.package_identification:_identify(.) by extensions ['colcon_pkg']
[0.146s] Level 1:colcon.colcon_core.package_identification:_identify(.) by extension 'colcon_pkg'
[0.146s] Level 1:colcon.colcon_core.package_identification:_identify(.) by extensions ['colcon_meta']
[0.146s] Level 1:colcon.colcon_core.package_identification:_identify(.) by extension 'colcon_meta'
[0.146s] Level 1:colcon.colcon_core.package_identification:_identify(.) by extensions ['ros']
[0.146s] Level 1:colcon.colcon_core.package_identification:_identify(.) by extension 'ros'
[0.152s] Level 1:colcon.colcon_core.package_identification:_identify(.) by extensions ['cmake', 'python']
[0.152s] Level 1:colcon.colcon_core.package_identification:_identify(.) by extension 'cmake'
[0.152s] Level 1:colcon.colcon_core.package_identification:_identify(.) by extension 'python'
[0.152s] Level 1:colcon.colcon_core.package_identification:_identify(.) by extensions ['python_setup_py']
[0.152s] Level 1:colcon.colcon_core.package_identification:_identify(.) by extension 'python_setup_py'
[0.152s] Level 1:colcon.colcon_core.package_identification:_identify(build) by extensions ['ignore', 'ignore_ament_install']
[0.152s] Level 1:colcon.colcon_core.package_identification:_identify(build) by extension 'ignore'
[0.152s] Level 1:colcon.colcon_core.package_identification:_identify(build) ignored
[0.152s] Level 1:colcon.colcon_core.package_identification:_identify(img) by extensions ['ignore', 'ignore_ament_install']
[0.153s] Level 1:colcon.colcon_core.package_identification:_identify(img) by extension 'ignore'
[0.153s] Level 1:colcon.colcon_core.package_identification:_identify(img) by extension 'ignore_ament_install'
[0.153s] Level 1:colcon.colcon_core.package_identification:_identify(img) by extensions ['colcon_pkg']
[0.153s] Level 1:colcon.colcon_core.package_identification:_identify(img) by extension 'colcon_pkg'
[0.153s] Level 1:colcon.colcon_core.package_identification:_identify(img) by extensions ['colcon_meta']
[0.153s] Level 1:colcon.colcon_core.package_identification:_identify(img) by extension 'colcon_meta'
[0.153s] Level 1:colcon.colcon_core.package_identification:_identify(img) by extensions ['ros']
[0.153s] Level 1:colcon.colcon_core.package_identification:_identify(img) by extension 'ros'
[0.153s] Level 1:colcon.colcon_core.package_identification:_identify(img) by extensions ['cmake', 'python']
[0.153s] Level 1:colcon.colcon_core.package_identification:_identify(img) by extension 'cmake'
[0.153s] Level 1:colcon.colcon_core.package_identification:_identify(img) by extension 'python'
[0.153s] Level 1:colcon.colcon_core.package_identification:_identify(img) by extensions ['python_setup_py']
[0.153s] Level 1:colcon.colcon_core.package_identification:_identify(img) by extension 'python_setup_py'
[0.153s] Level 1:colcon.colcon_core.package_identification:_identify(install) by extensions ['ignore', 'ignore_ament_install']
[0.153s] Level 1:colcon.colcon_core.package_identification:_identify(install) by extension 'ignore'
[0.153s] Level 1:colcon.colcon_core.package_identification:_identify(install) ignored
[0.153s] Level 1:colcon.colcon_core.package_identification:_identify(log) by extensions ['ignore', 'ignore_ament_install']
[0.153s] Level 1:colcon.colcon_core.package_identification:_identify(log) by extension 'ignore'
[0.153s] Level 1:colcon.colcon_core.package_identification:_identify(log) ignored
[0.153s] Level 1:colcon.colcon_core.package_identification:_identify(src) by extensions ['ignore', 'ignore_ament_install']
[0.153s] Level 1:colcon.colcon_core.package_identification:_identify(src) by extension 'ignore'
[0.153s] Level 1:colcon.colcon_core.package_identification:_identify(src) by extension 'ignore_ament_install'
[0.153s] Level 1:colcon.colcon_core.package_identification:_identify(src) by extensions ['colcon_pkg']
[0.153s] Level 1:colcon.colcon_core.package_identification:_identify(src) by extension 'colcon_pkg'
[0.153s] Level 1:colcon.colcon_core.package_identification:_identify(src) by extensions ['colcon_meta']
[0.153s] Level 1:colcon.colcon_core.package_identification:_identify(src) by extension 'colcon_meta'
[0.153s] Level 1:colcon.colcon_core.package_identification:_identify(src) by extensions ['ros']
[0.153s] Level 1:colcon.colcon_core.package_identification:_identify(src) by extension 'ros'
[0.153s] Level 1:colcon.colcon_core.package_identification:_identify(src) by extensions ['cmake', 'python']
[0.153s] Level 1:colcon.colcon_core.package_identification:_identify(src) by extension 'cmake'
[0.153s] Level 1:colcon.colcon_core.package_identification:_identify(src) by extension 'python'
[0.153s] Level 1:colcon.colcon_core.package_identification:_identify(src) by extensions ['python_setup_py']
[0.153s] Level 1:colcon.colcon_core.package_identification:_identify(src) by extension 'python_setup_py'
[0.153s] Level 1:colcon.colcon_core.package_identification:_identify(src/ros2_unitree_legged_msgs) by extensions ['ignore', 'ignore_ament_install']
[0.153s] Level 1:colcon.colcon_core.package_identification:_identify(src/ros2_unitree_legged_msgs) by extension 'ignore'
[0.153s] Level 1:colcon.colcon_core.package_identification:_identify(src/ros2_unitree_legged_msgs) by extension 'ignore_ament_install'
[0.153s] Level 1:colcon.colcon_core.package_identification:_identify(src/ros2_unitree_legged_msgs) by extensions ['colcon_pkg']
[0.153s] Level 1:colcon.colcon_core.package_identification:_identify(src/ros2_unitree_legged_msgs) by extension 'colcon_pkg'
[0.153s] Level 1:colcon.colcon_core.package_identification:_identify(src/ros2_unitree_legged_msgs) by extensions ['colcon_meta']
[0.153s] Level 1:colcon.colcon_core.package_identification:_identify(src/ros2_unitree_legged_msgs) by extension 'colcon_meta'
[0.153s] Level 1:colcon.colcon_core.package_identification:_identify(src/ros2_unitree_legged_msgs) by extensions ['ros']
[0.153s] Level 1:colcon.colcon_core.package_identification:_identify(src/ros2_unitree_legged_msgs) by extension 'ros'
[0.257s] DEBUG:colcon.colcon_core.package_identification:Package 'src/ros2_unitree_legged_msgs' with type 'ros.ament_cmake' and name 'ros2_unitree_legged_msgs'
[0.257s] Level 1:colcon.colcon_core.package_identification:_identify(src/unitree_mujoco) by extensions ['ignore', 'ignore_ament_install']
[0.257s] Level 1:colcon.colcon_core.package_identification:_identify(src/unitree_mujoco) by extension 'ignore'
[0.257s] Level 1:colcon.colcon_core.package_identification:_identify(src/unitree_mujoco) by extension 'ignore_ament_install'
[0.257s] Level 1:colcon.colcon_core.package_identification:_identify(src/unitree_mujoco) by extensions ['colcon_pkg']
[0.257s] Level 1:colcon.colcon_core.package_identification:_identify(src/unitree_mujoco) by extension 'colcon_pkg'
[0.257s] Level 1:colcon.colcon_core.package_identification:_identify(src/unitree_mujoco) by extensions ['colcon_meta']
[0.258s] Level 1:colcon.colcon_core.package_identification:_identify(src/unitree_mujoco) by extension 'colcon_meta'
[0.258s] Level 1:colcon.colcon_core.package_identification:_identify(src/unitree_mujoco) by extensions ['ros']
[0.258s] Level 1:colcon.colcon_core.package_identification:_identify(src/unitree_mujoco) by extension 'ros'
[0.258s] Level 1:colcon.colcon_core.package_identification:_identify(src/unitree_mujoco) by extensions ['cmake', 'python']
[0.258s] Level 1:colcon.colcon_core.package_identification:_identify(src/unitree_mujoco) by extension 'cmake'
[0.258s] Level 1:colcon.colcon_core.package_identification:_identify(src/unitree_mujoco) by extension 'python'
[0.258s] Level 1:colcon.colcon_core.package_identification:_identify(src/unitree_mujoco) by extensions ['python_setup_py']
[0.258s] Level 1:colcon.colcon_core.package_identification:_identify(src/unitree_mujoco) by extension 'python_setup_py'
[0.258s] Level 1:colcon.colcon_core.package_identification:_identify(src/unitree_mujoco/doc) by extensions ['ignore', 'ignore_ament_install']
[0.258s] Level 1:colcon.colcon_core.package_identification:_identify(src/unitree_mujoco/doc) by extension 'ignore'
[0.258s] Level 1:colcon.colcon_core.package_identification:_identify(src/unitree_mujoco/doc) by extension 'ignore_ament_install'
[0.258s] Level 1:colcon.colcon_core.package_identification:_identify(src/unitree_mujoco/doc) by extensions ['colcon_pkg']
[0.258s] Level 1:colcon.colcon_core.package_identification:_identify(src/unitree_mujoco/doc) by extension 'colcon_pkg'
[0.258s] Level 1:colcon.colcon_core.package_identification:_identify(src/unitree_mujoco/doc) by extensions ['colcon_meta']
[0.258s] Level 1:colcon.colcon_core.package_identification:_identify(src/unitree_mujoco/doc) by extension 'colcon_meta'
[0.258s] Level 1:colcon.colcon_core.package_identification:_identify(src/unitree_mujoco/doc) by extensions ['ros']
[0.258s] Level 1:colcon.colcon_core.package_identification:_identify(src/unitree_mujoco/doc) by extension 'ros'
[0.258s] Level 1:colcon.colcon_core.package_identification:_identify(src/unitree_mujoco/doc) by extensions ['cmake', 'python']
[0.258s] Level 1:colcon.colcon_core.package_identification:_identify(src/unitree_mujoco/doc) by extension 'cmake'
[0.258s] Level 1:colcon.colcon_core.package_identification:_identify(src/unitree_mujoco/doc) by extension 'python'
[0.258s] Level 1:colcon.colcon_core.package_identification:_identify(src/unitree_mujoco/doc) by extensions ['python_setup_py']
[0.258s] Level 1:colcon.colcon_core.package_identification:_identify(src/unitree_mujoco/doc) by extension 'python_setup_py'
[0.258s] Level 1:colcon.colcon_core.package_identification:_identify(src/unitree_mujoco/example) by extensions ['ignore', 'ignore_ament_install']
[0.258s] Level 1:colcon.colcon_core.package_identification:_identify(src/unitree_mujoco/example) by extension 'ignore'
[0.258s] Level 1:colcon.colcon_core.package_identification:_identify(src/unitree_mujoco/example) by extension 'ignore_ament_install'
[0.258s] Level 1:colcon.colcon_core.package_identification:_identify(src/unitree_mujoco/example) by extensions ['colcon_pkg']
[0.258s] Level 1:colcon.colcon_core.package_identification:_identify(src/unitree_mujoco/example) by extension 'colcon_pkg'
[0.258s] Level 1:colcon.colcon_core.package_identification:_identify(src/unitree_mujoco/example) by extensions ['colcon_meta']
[0.258s] Level 1:colcon.colcon_core.package_identification:_identify(src/unitree_mujoco/example) by extension 'colcon_meta'
[0.258s] Level 1:colcon.colcon_core.package_identification:_identify(src/unitree_mujoco/example) by extensions ['ros']
[0.258s] Level 1:colcon.colcon_core.package_identification:_identify(src/unitree_mujoco/example) by extension 'ros'
[0.258s] Level 1:colcon.colcon_core.package_identification:_identify(src/unitree_mujoco/example) by extensions ['cmake', 'python']
[0.258s] Level 1:colcon.colcon_core.package_identification:_identify(src/unitree_mujoco/example) by extension 'cmake'
[0.259s] Level 1:colcon.colcon_core.package_identification:_identify(src/unitree_mujoco/example) by extension 'python'
[0.259s] Level 1:colcon.colcon_core.package_identification:_identify(src/unitree_mujoco/example) by extensions ['python_setup_py']
[0.259s] Level 1:colcon.colcon_core.package_identification:_identify(src/unitree_mujoco/example) by extension 'python_setup_py'
[0.259s] Level 1:colcon.colcon_core.package_identification:_identify(src/unitree_mujoco/example/ros2) by extensions ['ignore', 'ignore_ament_install']
[0.259s] Level 1:colcon.colcon_core.package_identification:_identify(src/unitree_mujoco/example/ros2) by extension 'ignore'
[0.259s] Level 1:colcon.colcon_core.package_identification:_identify(src/unitree_mujoco/example/ros2) by extension 'ignore_ament_install'
[0.259s] Level 1:colcon.colcon_core.package_identification:_identify(src/unitree_mujoco/example/ros2) by extensions ['colcon_pkg']
[0.259s] Level 1:colcon.colcon_core.package_identification:_identify(src/unitree_mujoco/example/ros2) by extension 'colcon_pkg'
[0.259s] Level 1:colcon.colcon_core.package_identification:_identify(src/unitree_mujoco/example/ros2) by extensions ['colcon_meta']
[0.259s] Level 1:colcon.colcon_core.package_identification:_identify(src/unitree_mujoco/example/ros2) by extension 'colcon_meta'
[0.259s] Level 1:colcon.colcon_core.package_identification:_identify(src/unitree_mujoco/example/ros2) by extensions ['ros']
[0.259s] Level 1:colcon.colcon_core.package_identification:_identify(src/unitree_mujoco/example/ros2) by extension 'ros'
[0.260s] DEBUG:colcon.colcon_core.package_identification:Package 'src/unitree_mujoco/example/ros2' with type 'ros.ament_cmake' and name 'stand_go2'
[0.260s] Level 1:colcon.colcon_core.package_identification:_identify(src/unitree_mujoco/simulate) by extensions ['ignore', 'ignore_ament_install']
[0.260s] Level 1:colcon.colcon_core.package_identification:_identify(src/unitree_mujoco/simulate) by extension 'ignore'
[0.260s] Level 1:colcon.colcon_core.package_identification:_identify(src/unitree_mujoco/simulate) by extension 'ignore_ament_install'
[0.260s] Level 1:colcon.colcon_core.package_identification:_identify(src/unitree_mujoco/simulate) by extensions ['colcon_pkg']
[0.260s] Level 1:colcon.colcon_core.package_identification:_identify(src/unitree_mujoco/simulate) by extension 'colcon_pkg'
[0.260s] Level 1:colcon.colcon_core.package_identification:_identify(src/unitree_mujoco/simulate) by extensions ['colcon_meta']
[0.260s] Level 1:colcon.colcon_core.package_identification:_identify(src/unitree_mujoco/simulate) by extension 'colcon_meta'
[0.260s] Level 1:colcon.colcon_core.package_identification:_identify(src/unitree_mujoco/simulate) by extensions ['ros']
[0.260s] Level 1:colcon.colcon_core.package_identification:_identify(src/unitree_mujoco/simulate) by extension 'ros'
[0.261s] DEBUG:colcon.colcon_core.package_identification:Package 'src/unitree_mujoco/simulate' with type 'ros.ament_cmake' and name 'unitree_mujoco'
[0.261s] Level 1:colcon.colcon_core.package_identification:_identify(src/unitree_mujoco/simulate_python) by extensions ['ignore', 'ignore_ament_install']
[0.261s] Level 1:colcon.colcon_core.package_identification:_identify(src/unitree_mujoco/simulate_python) by extension 'ignore'
[0.261s] Level 1:colcon.colcon_core.package_identification:_identify(src/unitree_mujoco/simulate_python) by extension 'ignore_ament_install'
[0.261s] Level 1:colcon.colcon_core.package_identification:_identify(src/unitree_mujoco/simulate_python) by extensions ['colcon_pkg']
[0.261s] Level 1:colcon.colcon_core.package_identification:_identify(src/unitree_mujoco/simulate_python) by extension 'colcon_pkg'
[0.261s] Level 1:colcon.colcon_core.package_identification:_identify(src/unitree_mujoco/simulate_python) by extensions ['colcon_meta']
[0.261s] Level 1:colcon.colcon_core.package_identification:_identify(src/unitree_mujoco/simulate_python) by extension 'colcon_meta'
[0.261s] Level 1:colcon.colcon_core.package_identification:_identify(src/unitree_mujoco/simulate_python) by extensions ['ros']
[0.261s] Level 1:colcon.colcon_core.package_identification:_identify(src/unitree_mujoco/simulate_python) by extension 'ros'
[0.261s] Level 1:colcon.colcon_core.package_identification:_identify(src/unitree_mujoco/simulate_python) by extensions ['cmake', 'python']
[0.261s] Level 1:colcon.colcon_core.package_identification:_identify(src/unitree_mujoco/simulate_python) by extension 'cmake'
[0.261s] Level 1:colcon.colcon_core.package_identification:_identify(src/unitree_mujoco/simulate_python) by extension 'python'
[0.261s] Level 1:colcon.colcon_core.package_identification:_identify(src/unitree_mujoco/simulate_python) by extensions ['python_setup_py']
[0.261s] Level 1:colcon.colcon_core.package_identification:_identify(src/unitree_mujoco/simulate_python) by extension 'python_setup_py'
[0.261s] Level 1:colcon.colcon_core.package_identification:_identify(src/unitree_mujoco/simulate_python/test) by extensions ['ignore', 'ignore_ament_install']
[0.261s] Level 1:colcon.colcon_core.package_identification:_identify(src/unitree_mujoco/simulate_python/test) by extension 'ignore'
[0.261s] Level 1:colcon.colcon_core.package_identification:_identify(src/unitree_mujoco/simulate_python/test) by extension 'ignore_ament_install'
[0.261s] Level 1:colcon.colcon_core.package_identification:_identify(src/unitree_mujoco/simulate_python/test) by extensions ['colcon_pkg']
[0.261s] Level 1:colcon.colcon_core.package_identification:_identify(src/unitree_mujoco/simulate_python/test) by extension 'colcon_pkg'
[0.261s] Level 1:colcon.colcon_core.package_identification:_identify(src/unitree_mujoco/simulate_python/test) by extensions ['colcon_meta']
[0.261s] Level 1:colcon.colcon_core.package_identification:_identify(src/unitree_mujoco/simulate_python/test) by extension 'colcon_meta'
[0.261s] Level 1:colcon.colcon_core.package_identification:_identify(src/unitree_mujoco/simulate_python/test) by extensions ['ros']
[0.261s] Level 1:colcon.colcon_core.package_identification:_identify(src/unitree_mujoco/simulate_python/test) by extension 'ros'
[0.261s] Level 1:colcon.colcon_core.package_identification:_identify(src/unitree_mujoco/simulate_python/test) by extensions ['cmake', 'python']
[0.261s] Level 1:colcon.colcon_core.package_identification:_identify(src/unitree_mujoco/simulate_python/test) by extension 'cmake'
[0.261s] Level 1:colcon.colcon_core.package_identification:_identify(src/unitree_mujoco/simulate_python/test) by extension 'python'
[0.261s] Level 1:colcon.colcon_core.package_identification:_identify(src/unitree_mujoco/simulate_python/test) by extensions ['python_setup_py']
[0.261s] Level 1:colcon.colcon_core.package_identification:_identify(src/unitree_mujoco/simulate_python/test) by extension 'python_setup_py'
[0.261s] Level 1:colcon.colcon_core.package_identification:_identify(src/unitree_mujoco/terrain_tool) by extensions ['ignore', 'ignore_ament_install']
[0.261s] Level 1:colcon.colcon_core.package_identification:_identify(src/unitree_mujoco/terrain_tool) by extension 'ignore'
[0.261s] Level 1:colcon.colcon_core.package_identification:_identify(src/unitree_mujoco/terrain_tool) by extension 'ignore_ament_install'
[0.261s] Level 1:colcon.colcon_core.package_identification:_identify(src/unitree_mujoco/terrain_tool) by extensions ['colcon_pkg']
[0.261s] Level 1:colcon.colcon_core.package_identification:_identify(src/unitree_mujoco/terrain_tool) by extension 'colcon_pkg'
[0.261s] Level 1:colcon.colcon_core.package_identification:_identify(src/unitree_mujoco/terrain_tool) by extensions ['colcon_meta']
[0.261s] Level 1:colcon.colcon_core.package_identification:_identify(src/unitree_mujoco/terrain_tool) by extension 'colcon_meta'
[0.261s] Level 1:colcon.colcon_core.package_identification:_identify(src/unitree_mujoco/terrain_tool) by extensions ['ros']
[0.261s] Level 1:colcon.colcon_core.package_identification:_identify(src/unitree_mujoco/terrain_tool) by extension 'ros'
[0.261s] Level 1:colcon.colcon_core.package_identification:_identify(src/unitree_mujoco/terrain_tool) by extensions ['cmake', 'python']
[0.261s] Level 1:colcon.colcon_core.package_identification:_identify(src/unitree_mujoco/terrain_tool) by extension 'cmake'
[0.262s] Level 1:colcon.colcon_core.package_identification:_identify(src/unitree_mujoco/terrain_tool) by extension 'python'
[0.262s] Level 1:colcon.colcon_core.package_identification:_identify(src/unitree_mujoco/terrain_tool) by extensions ['python_setup_py']
[0.262s] Level 1:colcon.colcon_core.package_identification:_identify(src/unitree_mujoco/terrain_tool) by extension 'python_setup_py'
[0.262s] Level 1:colcon.colcon_core.package_identification:_identify(src/unitree_mujoco/unitree_robots) by extensions ['ignore', 'ignore_ament_install']
[0.262s] Level 1:colcon.colcon_core.package_identification:_identify(src/unitree_mujoco/unitree_robots) by extension 'ignore'
[0.262s] Level 1:colcon.colcon_core.package_identification:_identify(src/unitree_mujoco/unitree_robots) by extension 'ignore_ament_install'
[0.262s] Level 1:colcon.colcon_core.package_identification:_identify(src/unitree_mujoco/unitree_robots) by extensions ['colcon_pkg']
[0.262s] Level 1:colcon.colcon_core.package_identification:_identify(src/unitree_mujoco/unitree_robots) by extension 'colcon_pkg'
[0.262s] Level 1:colcon.colcon_core.package_identification:_identify(src/unitree_mujoco/unitree_robots) by extensions ['colcon_meta']
[0.262s] Level 1:colcon.colcon_core.package_identification:_identify(src/unitree_mujoco/unitree_robots) by extension 'colcon_meta'
[0.262s] Level 1:colcon.colcon_core.package_identification:_identify(src/unitree_mujoco/unitree_robots) by extensions ['ros']
[0.262s] Level 1:colcon.colcon_core.package_identification:_identify(src/unitree_mujoco/unitree_robots) by extension 'ros'
[0.262s] Level 1:colcon.colcon_core.package_identification:_identify(src/unitree_mujoco/unitree_robots) by extensions ['cmake', 'python']
[0.262s] Level 1:colcon.colcon_core.package_identification:_identify(src/unitree_mujoco/unitree_robots) by extension 'cmake'
[0.262s] Level 1:colcon.colcon_core.package_identification:_identify(src/unitree_mujoco/unitree_robots) by extension 'python'
[0.262s] Level 1:colcon.colcon_core.package_identification:_identify(src/unitree_mujoco/unitree_robots) by extensions ['python_setup_py']
[0.262s] Level 1:colcon.colcon_core.package_identification:_identify(src/unitree_mujoco/unitree_robots) by extension 'python_setup_py'
[0.262s] Level 1:colcon.colcon_core.package_identification:_identify(src/unitree_mujoco/unitree_robots/b2) by extensions ['ignore', 'ignore_ament_install']
[0.262s] Level 1:colcon.colcon_core.package_identification:_identify(src/unitree_mujoco/unitree_robots/b2) by extension 'ignore'
[0.262s] Level 1:colcon.colcon_core.package_identification:_identify(src/unitree_mujoco/unitree_robots/b2) by extension 'ignore_ament_install'
[0.262s] Level 1:colcon.colcon_core.package_identification:_identify(src/unitree_mujoco/unitree_robots/b2) by extensions ['colcon_pkg']
[0.262s] Level 1:colcon.colcon_core.package_identification:_identify(src/unitree_mujoco/unitree_robots/b2) by extension 'colcon_pkg'
[0.262s] Level 1:colcon.colcon_core.package_identification:_identify(src/unitree_mujoco/unitree_robots/b2) by extensions ['colcon_meta']
[0.262s] Level 1:colcon.colcon_core.package_identification:_identify(src/unitree_mujoco/unitree_robots/b2) by extension 'colcon_meta'
[0.262s] Level 1:colcon.colcon_core.package_identification:_identify(src/unitree_mujoco/unitree_robots/b2) by extensions ['ros']
[0.262s] Level 1:colcon.colcon_core.package_identification:_identify(src/unitree_mujoco/unitree_robots/b2) by extension 'ros'
[0.262s] Level 1:colcon.colcon_core.package_identification:_identify(src/unitree_mujoco/unitree_robots/b2) by extensions ['cmake', 'python']
[0.262s] Level 1:colcon.colcon_core.package_identification:_identify(src/unitree_mujoco/unitree_robots/b2) by extension 'cmake'
[0.262s] Level 1:colcon.colcon_core.package_identification:_identify(src/unitree_mujoco/unitree_robots/b2) by extension 'python'
[0.262s] Level 1:colcon.colcon_core.package_identification:_identify(src/unitree_mujoco/unitree_robots/b2) by extensions ['python_setup_py']
[0.262s] Level 1:colcon.colcon_core.package_identification:_identify(src/unitree_mujoco/unitree_robots/b2) by extension 'python_setup_py'
[0.262s] Level 1:colcon.colcon_core.package_identification:_identify(src/unitree_mujoco/unitree_robots/b2/assets) by extensions ['ignore', 'ignore_ament_install']
[0.262s] Level 1:colcon.colcon_core.package_identification:_identify(src/unitree_mujoco/unitree_robots/b2/assets) by extension 'ignore'
[0.262s] Level 1:colcon.colcon_core.package_identification:_identify(src/unitree_mujoco/unitree_robots/b2/assets) by extension 'ignore_ament_install'
[0.262s] Level 1:colcon.colcon_core.package_identification:_identify(src/unitree_mujoco/unitree_robots/b2/assets) by extensions ['colcon_pkg']
[0.262s] Level 1:colcon.colcon_core.package_identification:_identify(src/unitree_mujoco/unitree_robots/b2/assets) by extension 'colcon_pkg'
[0.262s] Level 1:colcon.colcon_core.package_identification:_identify(src/unitree_mujoco/unitree_robots/b2/assets) by extensions ['colcon_meta']
[0.262s] Level 1:colcon.colcon_core.package_identification:_identify(src/unitree_mujoco/unitree_robots/b2/assets) by extension 'colcon_meta'
[0.262s] Level 1:colcon.colcon_core.package_identification:_identify(src/unitree_mujoco/unitree_robots/b2/assets) by extensions ['ros']
[0.262s] Level 1:colcon.colcon_core.package_identification:_identify(src/unitree_mujoco/unitree_robots/b2/assets) by extension 'ros'
[0.262s] Level 1:colcon.colcon_core.package_identification:_identify(src/unitree_mujoco/unitree_robots/b2/assets) by extensions ['cmake', 'python']
[0.262s] Level 1:colcon.colcon_core.package_identification:_identify(src/unitree_mujoco/unitree_robots/b2/assets) by extension 'cmake'
[0.262s] Level 1:colcon.colcon_core.package_identification:_identify(src/unitree_mujoco/unitree_robots/b2/assets) by extension 'python'
[0.262s] Level 1:colcon.colcon_core.package_identification:_identify(src/unitree_mujoco/unitree_robots/b2/assets) by extensions ['python_setup_py']
[0.262s] Level 1:colcon.colcon_core.package_identification:_identify(src/unitree_mujoco/unitree_robots/b2/assets) by extension 'python_setup_py'
[0.262s] Level 1:colcon.colcon_core.package_identification:_identify(src/unitree_mujoco/unitree_robots/b2w) by extensions ['ignore', 'ignore_ament_install']
[0.262s] Level 1:colcon.colcon_core.package_identification:_identify(src/unitree_mujoco/unitree_robots/b2w) by extension 'ignore'
[0.263s] Level 1:colcon.colcon_core.package_identification:_identify(src/unitree_mujoco/unitree_robots/b2w) by extension 'ignore_ament_install'
[0.263s] Level 1:colcon.colcon_core.package_identification:_identify(src/unitree_mujoco/unitree_robots/b2w) by extensions ['colcon_pkg']
[0.263s] Level 1:colcon.colcon_core.package_identification:_identify(src/unitree_mujoco/unitree_robots/b2w) by extension 'colcon_pkg'
[0.263s] Level 1:colcon.colcon_core.package_identification:_identify(src/unitree_mujoco/unitree_robots/b2w) by extensions ['colcon_meta']
[0.263s] Level 1:colcon.colcon_core.package_identification:_identify(src/unitree_mujoco/unitree_robots/b2w) by extension 'colcon_meta'
[0.263s] Level 1:colcon.colcon_core.package_identification:_identify(src/unitree_mujoco/unitree_robots/b2w) by extensions ['ros']
[0.263s] Level 1:colcon.colcon_core.package_identification:_identify(src/unitree_mujoco/unitree_robots/b2w) by extension 'ros'
[0.263s] Level 1:colcon.colcon_core.package_identification:_identify(src/unitree_mujoco/unitree_robots/b2w) by extensions ['cmake', 'python']
[0.263s] Level 1:colcon.colcon_core.package_identification:_identify(src/unitree_mujoco/unitree_robots/b2w) by extension 'cmake'
[0.263s] Level 1:colcon.colcon_core.package_identification:_identify(src/unitree_mujoco/unitree_robots/b2w) by extension 'python'
[0.263s] Level 1:colcon.colcon_core.package_identification:_identify(src/unitree_mujoco/unitree_robots/b2w) by extensions ['python_setup_py']
[0.263s] Level 1:colcon.colcon_core.package_identification:_identify(src/unitree_mujoco/unitree_robots/b2w) by extension 'python_setup_py'
[0.263s] Level 1:colcon.colcon_core.package_identification:_identify(src/unitree_mujoco/unitree_robots/b2w/assets) by extensions ['ignore', 'ignore_ament_install']
[0.263s] Level 1:colcon.colcon_core.package_identification:_identify(src/unitree_mujoco/unitree_robots/b2w/assets) by extension 'ignore'
[0.263s] Level 1:colcon.colcon_core.package_identification:_identify(src/unitree_mujoco/unitree_robots/b2w/assets) by extension 'ignore_ament_install'
[0.263s] Level 1:colcon.colcon_core.package_identification:_identify(src/unitree_mujoco/unitree_robots/b2w/assets) by extensions ['colcon_pkg']
[0.263s] Level 1:colcon.colcon_core.package_identification:_identify(src/unitree_mujoco/unitree_robots/b2w/assets) by extension 'colcon_pkg'
[0.263s] Level 1:colcon.colcon_core.package_identification:_identify(src/unitree_mujoco/unitree_robots/b2w/assets) by extensions ['colcon_meta']
[0.263s] Level 1:colcon.colcon_core.package_identification:_identify(src/unitree_mujoco/unitree_robots/b2w/assets) by extension 'colcon_meta'
[0.263s] Level 1:colcon.colcon_core.package_identification:_identify(src/unitree_mujoco/unitree_robots/b2w/assets) by extensions ['ros']
[0.263s] Level 1:colcon.colcon_core.package_identification:_identify(src/unitree_mujoco/unitree_robots/b2w/assets) by extension 'ros'
[0.263s] Level 1:colcon.colcon_core.package_identification:_identify(src/unitree_mujoco/unitree_robots/b2w/assets) by extensions ['cmake', 'python']
[0.263s] Level 1:colcon.colcon_core.package_identification:_identify(src/unitree_mujoco/unitree_robots/b2w/assets) by extension 'cmake'
[0.263s] Level 1:colcon.colcon_core.package_identification:_identify(src/unitree_mujoco/unitree_robots/b2w/assets) by extension 'python'
[0.263s] Level 1:colcon.colcon_core.package_identification:_identify(src/unitree_mujoco/unitree_robots/b2w/assets) by extensions ['python_setup_py']
[0.263s] Level 1:colcon.colcon_core.package_identification:_identify(src/unitree_mujoco/unitree_robots/b2w/assets) by extension 'python_setup_py'
[0.263s] Level 1:colcon.colcon_core.package_identification:_identify(src/unitree_mujoco/unitree_robots/g1) by extensions ['ignore', 'ignore_ament_install']
[0.263s] Level 1:colcon.colcon_core.package_identification:_identify(src/unitree_mujoco/unitree_robots/g1) by extension 'ignore'
[0.263s] Level 1:colcon.colcon_core.package_identification:_identify(src/unitree_mujoco/unitree_robots/g1) by extension 'ignore_ament_install'
[0.263s] Level 1:colcon.colcon_core.package_identification:_identify(src/unitree_mujoco/unitree_robots/g1) by extensions ['colcon_pkg']
[0.263s] Level 1:colcon.colcon_core.package_identification:_identify(src/unitree_mujoco/unitree_robots/g1) by extension 'colcon_pkg'
[0.263s] Level 1:colcon.colcon_core.package_identification:_identify(src/unitree_mujoco/unitree_robots/g1) by extensions ['colcon_meta']
[0.263s] Level 1:colcon.colcon_core.package_identification:_identify(src/unitree_mujoco/unitree_robots/g1) by extension 'colcon_meta'
[0.263s] Level 1:colcon.colcon_core.package_identification:_identify(src/unitree_mujoco/unitree_robots/g1) by extensions ['ros']
[0.263s] Level 1:colcon.colcon_core.package_identification:_identify(src/unitree_mujoco/unitree_robots/g1) by extension 'ros'
[0.263s] Level 1:colcon.colcon_core.package_identification:_identify(src/unitree_mujoco/unitree_robots/g1) by extensions ['cmake', 'python']
[0.263s] Level 1:colcon.colcon_core.package_identification:_identify(src/unitree_mujoco/unitree_robots/g1) by extension 'cmake'
[0.263s] Level 1:colcon.colcon_core.package_identification:_identify(src/unitree_mujoco/unitree_robots/g1) by extension 'python'
[0.263s] Level 1:colcon.colcon_core.package_identification:_identify(src/unitree_mujoco/unitree_robots/g1) by extensions ['python_setup_py']
[0.263s] Level 1:colcon.colcon_core.package_identification:_identify(src/unitree_mujoco/unitree_robots/g1) by extension 'python_setup_py'
[0.263s] Level 1:colcon.colcon_core.package_identification:_identify(src/unitree_mujoco/unitree_robots/g1/images) by extensions ['ignore', 'ignore_ament_install']
[0.263s] Level 1:colcon.colcon_core.package_identification:_identify(src/unitree_mujoco/unitree_robots/g1/images) by extension 'ignore'
[0.263s] Level 1:colcon.colcon_core.package_identification:_identify(src/unitree_mujoco/unitree_robots/g1/images) by extension 'ignore_ament_install'
[0.263s] Level 1:colcon.colcon_core.package_identification:_identify(src/unitree_mujoco/unitree_robots/g1/images) by extensions ['colcon_pkg']
[0.263s] Level 1:colcon.colcon_core.package_identification:_identify(src/unitree_mujoco/unitree_robots/g1/images) by extension 'colcon_pkg'
[0.263s] Level 1:colcon.colcon_core.package_identification:_identify(src/unitree_mujoco/unitree_robots/g1/images) by extensions ['colcon_meta']
[0.263s] Level 1:colcon.colcon_core.package_identification:_identify(src/unitree_mujoco/unitree_robots/g1/images) by extension 'colcon_meta'
[0.263s] Level 1:colcon.colcon_core.package_identification:_identify(src/unitree_mujoco/unitree_robots/g1/images) by extensions ['ros']
[0.263s] Level 1:colcon.colcon_core.package_identification:_identify(src/unitree_mujoco/unitree_robots/g1/images) by extension 'ros'
[0.264s] Level 1:colcon.colcon_core.package_identification:_identify(src/unitree_mujoco/unitree_robots/g1/images) by extensions ['cmake', 'python']
[0.264s] Level 1:colcon.colcon_core.package_identification:_identify(src/unitree_mujoco/unitree_robots/g1/images) by extension 'cmake'
[0.264s] Level 1:colcon.colcon_core.package_identification:_identify(src/unitree_mujoco/unitree_robots/g1/images) by extension 'python'
[0.264s] Level 1:colcon.colcon_core.package_identification:_identify(src/unitree_mujoco/unitree_robots/g1/images) by extensions ['python_setup_py']
[0.264s] Level 1:colcon.colcon_core.package_identification:_identify(src/unitree_mujoco/unitree_robots/g1/images) by extension 'python_setup_py'
[0.264s] Level 1:colcon.colcon_core.package_identification:_identify(src/unitree_mujoco/unitree_robots/g1/meshes) by extensions ['ignore', 'ignore_ament_install']
[0.264s] Level 1:colcon.colcon_core.package_identification:_identify(src/unitree_mujoco/unitree_robots/g1/meshes) by extension 'ignore'
[0.264s] Level 1:colcon.colcon_core.package_identification:_identify(src/unitree_mujoco/unitree_robots/g1/meshes) by extension 'ignore_ament_install'
[0.264s] Level 1:colcon.colcon_core.package_identification:_identify(src/unitree_mujoco/unitree_robots/g1/meshes) by extensions ['colcon_pkg']
[0.264s] Level 1:colcon.colcon_core.package_identification:_identify(src/unitree_mujoco/unitree_robots/g1/meshes) by extension 'colcon_pkg'
[0.264s] Level 1:colcon.colcon_core.package_identification:_identify(src/unitree_mujoco/unitree_robots/g1/meshes) by extensions ['colcon_meta']
[0.264s] Level 1:colcon.colcon_core.package_identification:_identify(src/unitree_mujoco/unitree_robots/g1/meshes) by extension 'colcon_meta'
[0.264s] Level 1:colcon.colcon_core.package_identification:_identify(src/unitree_mujoco/unitree_robots/g1/meshes) by extensions ['ros']
[0.264s] Level 1:colcon.colcon_core.package_identification:_identify(src/unitree_mujoco/unitree_robots/g1/meshes) by extension 'ros'
[0.264s] Level 1:colcon.colcon_core.package_identification:_identify(src/unitree_mujoco/unitree_robots/g1/meshes) by extensions ['cmake', 'python']
[0.264s] Level 1:colcon.colcon_core.package_identification:_identify(src/unitree_mujoco/unitree_robots/g1/meshes) by extension 'cmake'
[0.264s] Level 1:colcon.colcon_core.package_identification:_identify(src/unitree_mujoco/unitree_robots/g1/meshes) by extension 'python'
[0.264s] Level 1:colcon.colcon_core.package_identification:_identify(src/unitree_mujoco/unitree_robots/g1/meshes) by extensions ['python_setup_py']
[0.264s] Level 1:colcon.colcon_core.package_identification:_identify(src/unitree_mujoco/unitree_robots/g1/meshes) by extension 'python_setup_py'
[0.264s] Level 1:colcon.colcon_core.package_identification:_identify(src/unitree_mujoco/unitree_robots/go2) by extensions ['ignore', 'ignore_ament_install']
[0.264s] Level 1:colcon.colcon_core.package_identification:_identify(src/unitree_mujoco/unitree_robots/go2) by extension 'ignore'
[0.264s] Level 1:colcon.colcon_core.package_identification:_identify(src/unitree_mujoco/unitree_robots/go2) by extension 'ignore_ament_install'
[0.264s] Level 1:colcon.colcon_core.package_identification:_identify(src/unitree_mujoco/unitree_robots/go2) by extensions ['colcon_pkg']
[0.264s] Level 1:colcon.colcon_core.package_identification:_identify(src/unitree_mujoco/unitree_robots/go2) by extension 'colcon_pkg'
[0.264s] Level 1:colcon.colcon_core.package_identification:_identify(src/unitree_mujoco/unitree_robots/go2) by extensions ['colcon_meta']
[0.264s] Level 1:colcon.colcon_core.package_identification:_identify(src/unitree_mujoco/unitree_robots/go2) by extension 'colcon_meta'
[0.264s] Level 1:colcon.colcon_core.package_identification:_identify(src/unitree_mujoco/unitree_robots/go2) by extensions ['ros']
[0.264s] Level 1:colcon.colcon_core.package_identification:_identify(src/unitree_mujoco/unitree_robots/go2) by extension 'ros'
[0.264s] Level 1:colcon.colcon_core.package_identification:_identify(src/unitree_mujoco/unitree_robots/go2) by extensions ['cmake', 'python']
[0.264s] Level 1:colcon.colcon_core.package_identification:_identify(src/unitree_mujoco/unitree_robots/go2) by extension 'cmake'
[0.264s] Level 1:colcon.colcon_core.package_identification:_identify(src/unitree_mujoco/unitree_robots/go2) by extension 'python'
[0.264s] Level 1:colcon.colcon_core.package_identification:_identify(src/unitree_mujoco/unitree_robots/go2) by extensions ['python_setup_py']
[0.264s] Level 1:colcon.colcon_core.package_identification:_identify(src/unitree_mujoco/unitree_robots/go2) by extension 'python_setup_py'
[0.264s] Level 1:colcon.colcon_core.package_identification:_identify(src/unitree_mujoco/unitree_robots/go2/assets) by extensions ['ignore', 'ignore_ament_install']
[0.264s] Level 1:colcon.colcon_core.package_identification:_identify(src/unitree_mujoco/unitree_robots/go2/assets) by extension 'ignore'
[0.264s] Level 1:colcon.colcon_core.package_identification:_identify(src/unitree_mujoco/unitree_robots/go2/assets) by extension 'ignore_ament_install'
[0.264s] Level 1:colcon.colcon_core.package_identification:_identify(src/unitree_mujoco/unitree_robots/go2/assets) by extensions ['colcon_pkg']
[0.264s] Level 1:colcon.colcon_core.package_identification:_identify(src/unitree_mujoco/unitree_robots/go2/assets) by extension 'colcon_pkg'
[0.264s] Level 1:colcon.colcon_core.package_identification:_identify(src/unitree_mujoco/unitree_robots/go2/assets) by extensions ['colcon_meta']
[0.264s] Level 1:colcon.colcon_core.package_identification:_identify(src/unitree_mujoco/unitree_robots/go2/assets) by extension 'colcon_meta'
[0.264s] Level 1:colcon.colcon_core.package_identification:_identify(src/unitree_mujoco/unitree_robots/go2/assets) by extensions ['ros']
[0.264s] Level 1:colcon.colcon_core.package_identification:_identify(src/unitree_mujoco/unitree_robots/go2/assets) by extension 'ros'
[0.264s] Level 1:colcon.colcon_core.package_identification:_identify(src/unitree_mujoco/unitree_robots/go2/assets) by extensions ['cmake', 'python']
[0.264s] Level 1:colcon.colcon_core.package_identification:_identify(src/unitree_mujoco/unitree_robots/go2/assets) by extension 'cmake'
[0.264s] Level 1:colcon.colcon_core.package_identification:_identify(src/unitree_mujoco/unitree_robots/go2/assets) by extension 'python'
[0.264s] Level 1:colcon.colcon_core.package_identification:_identify(src/unitree_mujoco/unitree_robots/go2/assets) by extensions ['python_setup_py']
[0.264s] Level 1:colcon.colcon_core.package_identification:_identify(src/unitree_mujoco/unitree_robots/go2/assets) by extension 'python_setup_py'
[0.265s] Level 1:colcon.colcon_core.package_identification:_identify(src/unitree_mujoco/unitree_robots/go2w) by extensions ['ignore', 'ignore_ament_install']
[0.265s] Level 1:colcon.colcon_core.package_identification:_identify(src/unitree_mujoco/unitree_robots/go2w) by extension 'ignore'
[0.265s] Level 1:colcon.colcon_core.package_identification:_identify(src/unitree_mujoco/unitree_robots/go2w) by extension 'ignore_ament_install'
[0.265s] Level 1:colcon.colcon_core.package_identification:_identify(src/unitree_mujoco/unitree_robots/go2w) by extensions ['colcon_pkg']
[0.265s] Level 1:colcon.colcon_core.package_identification:_identify(src/unitree_mujoco/unitree_robots/go2w) by extension 'colcon_pkg'
[0.265s] Level 1:colcon.colcon_core.package_identification:_identify(src/unitree_mujoco/unitree_robots/go2w) by extensions ['colcon_meta']
[0.265s] Level 1:colcon.colcon_core.package_identification:_identify(src/unitree_mujoco/unitree_robots/go2w) by extension 'colcon_meta'
[0.265s] Level 1:colcon.colcon_core.package_identification:_identify(src/unitree_mujoco/unitree_robots/go2w) by extensions ['ros']
[0.265s] Level 1:colcon.colcon_core.package_identification:_identify(src/unitree_mujoco/unitree_robots/go2w) by extension 'ros'
[0.265s] Level 1:colcon.colcon_core.package_identification:_identify(src/unitree_mujoco/unitree_robots/go2w) by extensions ['cmake', 'python']
[0.265s] Level 1:colcon.colcon_core.package_identification:_identify(src/unitree_mujoco/unitree_robots/go2w) by extension 'cmake'
[0.265s] Level 1:colcon.colcon_core.package_identification:_identify(src/unitree_mujoco/unitree_robots/go2w) by extension 'python'
[0.265s] Level 1:colcon.colcon_core.package_identification:_identify(src/unitree_mujoco/unitree_robots/go2w) by extensions ['python_setup_py']
[0.265s] Level 1:colcon.colcon_core.package_identification:_identify(src/unitree_mujoco/unitree_robots/go2w) by extension 'python_setup_py'
[0.265s] Level 1:colcon.colcon_core.package_identification:_identify(src/unitree_mujoco/unitree_robots/go2w/assets) by extensions ['ignore', 'ignore_ament_install']
[0.265s] Level 1:colcon.colcon_core.package_identification:_identify(src/unitree_mujoco/unitree_robots/go2w/assets) by extension 'ignore'
[0.265s] Level 1:colcon.colcon_core.package_identification:_identify(src/unitree_mujoco/unitree_robots/go2w/assets) by extension 'ignore_ament_install'
[0.265s] Level 1:colcon.colcon_core.package_identification:_identify(src/unitree_mujoco/unitree_robots/go2w/assets) by extensions ['colcon_pkg']
[0.265s] Level 1:colcon.colcon_core.package_identification:_identify(src/unitree_mujoco/unitree_robots/go2w/assets) by extension 'colcon_pkg'
[0.265s] Level 1:colcon.colcon_core.package_identification:_identify(src/unitree_mujoco/unitree_robots/go2w/assets) by extensions ['colcon_meta']
[0.265s] Level 1:colcon.colcon_core.package_identification:_identify(src/unitree_mujoco/unitree_robots/go2w/assets) by extension 'colcon_meta'
[0.265s] Level 1:colcon.colcon_core.package_identification:_identify(src/unitree_mujoco/unitree_robots/go2w/assets) by extensions ['ros']
[0.265s] Level 1:colcon.colcon_core.package_identification:_identify(src/unitree_mujoco/unitree_robots/go2w/assets) by extension 'ros'
[0.265s] Level 1:colcon.colcon_core.package_identification:_identify(src/unitree_mujoco/unitree_robots/go2w/assets) by extensions ['cmake', 'python']
[0.265s] Level 1:colcon.colcon_core.package_identification:_identify(src/unitree_mujoco/unitree_robots/go2w/assets) by extension 'cmake'
[0.265s] Level 1:colcon.colcon_core.package_identification:_identify(src/unitree_mujoco/unitree_robots/go2w/assets) by extension 'python'
[0.265s] Level 1:colcon.colcon_core.package_identification:_identify(src/unitree_mujoco/unitree_robots/go2w/assets) by extensions ['python_setup_py']
[0.265s] Level 1:colcon.colcon_core.package_identification:_identify(src/unitree_mujoco/unitree_robots/go2w/assets) by extension 'python_setup_py'
[0.265s] Level 1:colcon.colcon_core.package_identification:_identify(src/unitree_mujoco/unitree_robots/h1) by extensions ['ignore', 'ignore_ament_install']
[0.265s] Level 1:colcon.colcon_core.package_identification:_identify(src/unitree_mujoco/unitree_robots/h1) by extension 'ignore'
[0.265s] Level 1:colcon.colcon_core.package_identification:_identify(src/unitree_mujoco/unitree_robots/h1) by extension 'ignore_ament_install'
[0.265s] Level 1:colcon.colcon_core.package_identification:_identify(src/unitree_mujoco/unitree_robots/h1) by extensions ['colcon_pkg']
[0.265s] Level 1:colcon.colcon_core.package_identification:_identify(src/unitree_mujoco/unitree_robots/h1) by extension 'colcon_pkg'
[0.265s] Level 1:colcon.colcon_core.package_identification:_identify(src/unitree_mujoco/unitree_robots/h1) by extensions ['colcon_meta']
[0.265s] Level 1:colcon.colcon_core.package_identification:_identify(src/unitree_mujoco/unitree_robots/h1) by extension 'colcon_meta'
[0.265s] Level 1:colcon.colcon_core.package_identification:_identify(src/unitree_mujoco/unitree_robots/h1) by extensions ['ros']
[0.265s] Level 1:colcon.colcon_core.package_identification:_identify(src/unitree_mujoco/unitree_robots/h1) by extension 'ros'
[0.265s] Level 1:colcon.colcon_core.package_identification:_identify(src/unitree_mujoco/unitree_robots/h1) by extensions ['cmake', 'python']
[0.265s] Level 1:colcon.colcon_core.package_identification:_identify(src/unitree_mujoco/unitree_robots/h1) by extension 'cmake'
[0.265s] Level 1:colcon.colcon_core.package_identification:_identify(src/unitree_mujoco/unitree_robots/h1) by extension 'python'
[0.265s] Level 1:colcon.colcon_core.package_identification:_identify(src/unitree_mujoco/unitree_robots/h1) by extensions ['python_setup_py']
[0.265s] Level 1:colcon.colcon_core.package_identification:_identify(src/unitree_mujoco/unitree_robots/h1) by extension 'python_setup_py'
[0.265s] Level 1:colcon.colcon_core.package_identification:_identify(src/unitree_mujoco/unitree_robots/h1/assets) by extensions ['ignore', 'ignore_ament_install']
[0.265s] Level 1:colcon.colcon_core.package_identification:_identify(src/unitree_mujoco/unitree_robots/h1/assets) by extension 'ignore'
[0.265s] Level 1:colcon.colcon_core.package_identification:_identify(src/unitree_mujoco/unitree_robots/h1/assets) by extension 'ignore_ament_install'
[0.265s] Level 1:colcon.colcon_core.package_identification:_identify(src/unitree_mujoco/unitree_robots/h1/assets) by extensions ['colcon_pkg']
[0.266s] Level 1:colcon.colcon_core.package_identification:_identify(src/unitree_mujoco/unitree_robots/h1/assets) by extension 'colcon_pkg'
[0.266s] Level 1:colcon.colcon_core.package_identification:_identify(src/unitree_mujoco/unitree_robots/h1/assets) by extensions ['colcon_meta']
[0.266s] Level 1:colcon.colcon_core.package_identification:_identify(src/unitree_mujoco/unitree_robots/h1/assets) by extension 'colcon_meta'
[0.266s] Level 1:colcon.colcon_core.package_identification:_identify(src/unitree_mujoco/unitree_robots/h1/assets) by extensions ['ros']
[0.266s] Level 1:colcon.colcon_core.package_identification:_identify(src/unitree_mujoco/unitree_robots/h1/assets) by extension 'ros'
[0.266s] Level 1:colcon.colcon_core.package_identification:_identify(src/unitree_mujoco/unitree_robots/h1/assets) by extensions ['cmake', 'python']
[0.266s] Level 1:colcon.colcon_core.package_identification:_identify(src/unitree_mujoco/unitree_robots/h1/assets) by extension 'cmake'
[0.266s] Level 1:colcon.colcon_core.package_identification:_identify(src/unitree_mujoco/unitree_robots/h1/assets) by extension 'python'
[0.266s] Level 1:colcon.colcon_core.package_identification:_identify(src/unitree_mujoco/unitree_robots/h1/assets) by extensions ['python_setup_py']
[0.266s] Level 1:colcon.colcon_core.package_identification:_identify(src/unitree_mujoco/unitree_robots/h1/assets) by extension 'python_setup_py'
[0.266s] Level 1:colcon.colcon_core.package_identification:_identify(src/unitree_rl_controller-ros2) by extensions ['ignore', 'ignore_ament_install']
[0.266s] Level 1:colcon.colcon_core.package_identification:_identify(src/unitree_rl_controller-ros2) by extension 'ignore'
[0.266s] Level 1:colcon.colcon_core.package_identification:_identify(src/unitree_rl_controller-ros2) by extension 'ignore_ament_install'
[0.266s] Level 1:colcon.colcon_core.package_identification:_identify(src/unitree_rl_controller-ros2) by extensions ['colcon_pkg']
[0.266s] Level 1:colcon.colcon_core.package_identification:_identify(src/unitree_rl_controller-ros2) by extension 'colcon_pkg'
[0.266s] Level 1:colcon.colcon_core.package_identification:_identify(src/unitree_rl_controller-ros2) by extensions ['colcon_meta']
[0.266s] Level 1:colcon.colcon_core.package_identification:_identify(src/unitree_rl_controller-ros2) by extension 'colcon_meta'
[0.266s] Level 1:colcon.colcon_core.package_identification:_identify(src/unitree_rl_controller-ros2) by extensions ['ros']
[0.266s] Level 1:colcon.colcon_core.package_identification:_identify(src/unitree_rl_controller-ros2) by extension 'ros'
[0.266s] DEBUG:colcon.colcon_core.package_identification:Package 'src/unitree_rl_controller-ros2' with type 'ros.ament_cmake' and name 'unitree_rl_controller'
[0.266s] Level 1:colcon.colcon_core.package_identification:_identify(src/unitree_ros2) by extensions ['ignore', 'ignore_ament_install']
[0.266s] Level 1:colcon.colcon_core.package_identification:_identify(src/unitree_ros2) by extension 'ignore'
[0.266s] Level 1:colcon.colcon_core.package_identification:_identify(src/unitree_ros2) by extension 'ignore_ament_install'
[0.266s] Level 1:colcon.colcon_core.package_identification:_identify(src/unitree_ros2) by extensions ['colcon_pkg']
[0.266s] Level 1:colcon.colcon_core.package_identification:_identify(src/unitree_ros2) by extension 'colcon_pkg'
[0.266s] Level 1:colcon.colcon_core.package_identification:_identify(src/unitree_ros2) by extensions ['colcon_meta']
[0.266s] Level 1:colcon.colcon_core.package_identification:_identify(src/unitree_ros2) by extension 'colcon_meta'
[0.267s] Level 1:colcon.colcon_core.package_identification:_identify(src/unitree_ros2) by extensions ['ros']
[0.267s] Level 1:colcon.colcon_core.package_identification:_identify(src/unitree_ros2) by extension 'ros'
[0.267s] Level 1:colcon.colcon_core.package_identification:_identify(src/unitree_ros2) by extensions ['cmake', 'python']
[0.267s] Level 1:colcon.colcon_core.package_identification:_identify(src/unitree_ros2) by extension 'cmake'
[0.267s] Level 1:colcon.colcon_core.package_identification:_identify(src/unitree_ros2) by extension 'python'
[0.267s] Level 1:colcon.colcon_core.package_identification:_identify(src/unitree_ros2) by extensions ['python_setup_py']
[0.267s] Level 1:colcon.colcon_core.package_identification:_identify(src/unitree_ros2) by extension 'python_setup_py'
[0.267s] Level 1:colcon.colcon_core.package_identification:_identify(src/unitree_ros2/cyclonedds_ws) by extensions ['ignore', 'ignore_ament_install']
[0.267s] Level 1:colcon.colcon_core.package_identification:_identify(src/unitree_ros2/cyclonedds_ws) by extension 'ignore'
[0.267s] Level 1:colcon.colcon_core.package_identification:_identify(src/unitree_ros2/cyclonedds_ws) by extension 'ignore_ament_install'
[0.267s] Level 1:colcon.colcon_core.package_identification:_identify(src/unitree_ros2/cyclonedds_ws) by extensions ['colcon_pkg']
[0.267s] Level 1:colcon.colcon_core.package_identification:_identify(src/unitree_ros2/cyclonedds_ws) by extension 'colcon_pkg'
[0.267s] Level 1:colcon.colcon_core.package_identification:_identify(src/unitree_ros2/cyclonedds_ws) by extensions ['colcon_meta']
[0.267s] Level 1:colcon.colcon_core.package_identification:_identify(src/unitree_ros2/cyclonedds_ws) by extension 'colcon_meta'
[0.267s] Level 1:colcon.colcon_core.package_identification:_identify(src/unitree_ros2/cyclonedds_ws) by extensions ['ros']
[0.267s] Level 1:colcon.colcon_core.package_identification:_identify(src/unitree_ros2/cyclonedds_ws) by extension 'ros'
[0.267s] Level 1:colcon.colcon_core.package_identification:_identify(src/unitree_ros2/cyclonedds_ws) by extensions ['cmake', 'python']
[0.267s] Level 1:colcon.colcon_core.package_identification:_identify(src/unitree_ros2/cyclonedds_ws) by extension 'cmake'
[0.267s] Level 1:colcon.colcon_core.package_identification:_identify(src/unitree_ros2/cyclonedds_ws) by extension 'python'
[0.267s] Level 1:colcon.colcon_core.package_identification:_identify(src/unitree_ros2/cyclonedds_ws) by extensions ['python_setup_py']
[0.267s] Level 1:colcon.colcon_core.package_identification:_identify(src/unitree_ros2/cyclonedds_ws) by extension 'python_setup_py'
[0.267s] Level 1:colcon.colcon_core.package_identification:_identify(src/unitree_ros2/cyclonedds_ws/build) by extensions ['ignore', 'ignore_ament_install']
[0.267s] Level 1:colcon.colcon_core.package_identification:_identify(src/unitree_ros2/cyclonedds_ws/build) by extension 'ignore'
[0.267s] Level 1:colcon.colcon_core.package_identification:_identify(src/unitree_ros2/cyclonedds_ws/build) ignored
[0.267s] Level 1:colcon.colcon_core.package_identification:_identify(src/unitree_ros2/cyclonedds_ws/install) by extensions ['ignore', 'ignore_ament_install']
[0.267s] Level 1:colcon.colcon_core.package_identification:_identify(src/unitree_ros2/cyclonedds_ws/install) by extension 'ignore'
[0.267s] Level 1:colcon.colcon_core.package_identification:_identify(src/unitree_ros2/cyclonedds_ws/install) ignored
[0.267s] Level 1:colcon.colcon_core.package_identification:_identify(src/unitree_ros2/cyclonedds_ws/log) by extensions ['ignore', 'ignore_ament_install']
[0.267s] Level 1:colcon.colcon_core.package_identification:_identify(src/unitree_ros2/cyclonedds_ws/log) by extension 'ignore'
[0.267s] Level 1:colcon.colcon_core.package_identification:_identify(src/unitree_ros2/cyclonedds_ws/log) ignored
[0.267s] Level 1:colcon.colcon_core.package_identification:_identify(src/unitree_ros2/cyclonedds_ws/src) by extensions ['ignore', 'ignore_ament_install']
[0.267s] Level 1:colcon.colcon_core.package_identification:_identify(src/unitree_ros2/cyclonedds_ws/src) by extension 'ignore'
[0.267s] Level 1:colcon.colcon_core.package_identification:_identify(src/unitree_ros2/cyclonedds_ws/src) by extension 'ignore_ament_install'
[0.267s] Level 1:colcon.colcon_core.package_identification:_identify(src/unitree_ros2/cyclonedds_ws/src) by extensions ['colcon_pkg']
[0.267s] Level 1:colcon.colcon_core.package_identification:_identify(src/unitree_ros2/cyclonedds_ws/src) by extension 'colcon_pkg'
[0.267s] Level 1:colcon.colcon_core.package_identification:_identify(src/unitree_ros2/cyclonedds_ws/src) by extensions ['colcon_meta']
[0.267s] Level 1:colcon.colcon_core.package_identification:_identify(src/unitree_ros2/cyclonedds_ws/src) by extension 'colcon_meta'
[0.267s] Level 1:colcon.colcon_core.package_identification:_identify(src/unitree_ros2/cyclonedds_ws/src) by extensions ['ros']
[0.267s] Level 1:colcon.colcon_core.package_identification:_identify(src/unitree_ros2/cyclonedds_ws/src) by extension 'ros'
[0.267s] Level 1:colcon.colcon_core.package_identification:_identify(src/unitree_ros2/cyclonedds_ws/src) by extensions ['cmake', 'python']
[0.267s] Level 1:colcon.colcon_core.package_identification:_identify(src/unitree_ros2/cyclonedds_ws/src) by extension 'cmake'
[0.267s] Level 1:colcon.colcon_core.package_identification:_identify(src/unitree_ros2/cyclonedds_ws/src) by extension 'python'
[0.267s] Level 1:colcon.colcon_core.package_identification:_identify(src/unitree_ros2/cyclonedds_ws/src) by extensions ['python_setup_py']
[0.267s] Level 1:colcon.colcon_core.package_identification:_identify(src/unitree_ros2/cyclonedds_ws/src) by extension 'python_setup_py'
[0.268s] Level 1:colcon.colcon_core.package_identification:_identify(src/unitree_ros2/cyclonedds_ws/src/cyclonedds) by extensions ['ignore', 'ignore_ament_install']
[0.268s] Level 1:colcon.colcon_core.package_identification:_identify(src/unitree_ros2/cyclonedds_ws/src/cyclonedds) by extension 'ignore'
[0.268s] Level 1:colcon.colcon_core.package_identification:_identify(src/unitree_ros2/cyclonedds_ws/src/cyclonedds) by extension 'ignore_ament_install'
[0.268s] Level 1:colcon.colcon_core.package_identification:_identify(src/unitree_ros2/cyclonedds_ws/src/cyclonedds) by extensions ['colcon_pkg']
[0.268s] Level 1:colcon.colcon_core.package_identification:_identify(src/unitree_ros2/cyclonedds_ws/src/cyclonedds) by extension 'colcon_pkg'
[0.268s] Level 1:colcon.colcon_core.package_identification:_identify(src/unitree_ros2/cyclonedds_ws/src/cyclonedds) by extensions ['colcon_meta']
[0.268s] Level 1:colcon.colcon_core.package_identification:_identify(src/unitree_ros2/cyclonedds_ws/src/cyclonedds) by extension 'colcon_meta'
[0.268s] Level 1:colcon.colcon_core.package_identification:_identify(src/unitree_ros2/cyclonedds_ws/src/cyclonedds) by extensions ['ros']
[0.268s] Level 1:colcon.colcon_core.package_identification:_identify(src/unitree_ros2/cyclonedds_ws/src/cyclonedds) by extension 'ros'
[0.268s] DEBUG:colcon.colcon_core.package_identification:Package 'src/unitree_ros2/cyclonedds_ws/src/cyclonedds' with type 'ros.cmake' and name 'cyclonedds'
[0.268s] Level 1:colcon.colcon_core.package_identification:_identify(src/unitree_ros2/cyclonedds_ws/src/rmw_cyclonedds) by extensions ['ignore', 'ignore_ament_install']
[0.268s] Level 1:colcon.colcon_core.package_identification:_identify(src/unitree_ros2/cyclonedds_ws/src/rmw_cyclonedds) by extension 'ignore'
[0.268s] Level 1:colcon.colcon_core.package_identification:_identify(src/unitree_ros2/cyclonedds_ws/src/rmw_cyclonedds) by extension 'ignore_ament_install'
[0.268s] Level 1:colcon.colcon_core.package_identification:_identify(src/unitree_ros2/cyclonedds_ws/src/rmw_cyclonedds) by extensions ['colcon_pkg']
[0.269s] Level 1:colcon.colcon_core.package_identification:_identify(src/unitree_ros2/cyclonedds_ws/src/rmw_cyclonedds) by extension 'colcon_pkg'
[0.269s] Level 1:colcon.colcon_core.package_identification:_identify(src/unitree_ros2/cyclonedds_ws/src/rmw_cyclonedds) by extensions ['colcon_meta']
[0.269s] Level 1:colcon.colcon_core.package_identification:_identify(src/unitree_ros2/cyclonedds_ws/src/rmw_cyclonedds) by extension 'colcon_meta'
[0.269s] Level 1:colcon.colcon_core.package_identification:_identify(src/unitree_ros2/cyclonedds_ws/src/rmw_cyclonedds) by extensions ['ros']
[0.269s] Level 1:colcon.colcon_core.package_identification:_identify(src/unitree_ros2/cyclonedds_ws/src/rmw_cyclonedds) by extension 'ros'
[0.269s] Level 1:colcon.colcon_core.package_identification:_identify(src/unitree_ros2/cyclonedds_ws/src/rmw_cyclonedds) by extensions ['cmake', 'python']
[0.269s] Level 1:colcon.colcon_core.package_identification:_identify(src/unitree_ros2/cyclonedds_ws/src/rmw_cyclonedds) by extension 'cmake'
[0.269s] Level 1:colcon.colcon_core.package_identification:_identify(src/unitree_ros2/cyclonedds_ws/src/rmw_cyclonedds) by extension 'python'
[0.269s] Level 1:colcon.colcon_core.package_identification:_identify(src/unitree_ros2/cyclonedds_ws/src/rmw_cyclonedds) by extensions ['python_setup_py']
[0.269s] Level 1:colcon.colcon_core.package_identification:_identify(src/unitree_ros2/cyclonedds_ws/src/rmw_cyclonedds) by extension 'python_setup_py'
[0.269s] Level 1:colcon.colcon_core.package_identification:_identify(src/unitree_ros2/cyclonedds_ws/src/rmw_cyclonedds/rmw_cyclonedds_cpp) by extensions ['ignore', 'ignore_ament_install']
[0.269s] Level 1:colcon.colcon_core.package_identification:_identify(src/unitree_ros2/cyclonedds_ws/src/rmw_cyclonedds/rmw_cyclonedds_cpp) by extension 'ignore'
[0.269s] Level 1:colcon.colcon_core.package_identification:_identify(src/unitree_ros2/cyclonedds_ws/src/rmw_cyclonedds/rmw_cyclonedds_cpp) by extension 'ignore_ament_install'
[0.269s] Level 1:colcon.colcon_core.package_identification:_identify(src/unitree_ros2/cyclonedds_ws/src/rmw_cyclonedds/rmw_cyclonedds_cpp) by extensions ['colcon_pkg']
[0.269s] Level 1:colcon.colcon_core.package_identification:_identify(src/unitree_ros2/cyclonedds_ws/src/rmw_cyclonedds/rmw_cyclonedds_cpp) by extension 'colcon_pkg'
[0.269s] Level 1:colcon.colcon_core.package_identification:_identify(src/unitree_ros2/cyclonedds_ws/src/rmw_cyclonedds/rmw_cyclonedds_cpp) by extensions ['colcon_meta']
[0.269s] Level 1:colcon.colcon_core.package_identification:_identify(src/unitree_ros2/cyclonedds_ws/src/rmw_cyclonedds/rmw_cyclonedds_cpp) by extension 'colcon_meta'
[0.269s] Level 1:colcon.colcon_core.package_identification:_identify(src/unitree_ros2/cyclonedds_ws/src/rmw_cyclonedds/rmw_cyclonedds_cpp) by extensions ['ros']
[0.269s] Level 1:colcon.colcon_core.package_identification:_identify(src/unitree_ros2/cyclonedds_ws/src/rmw_cyclonedds/rmw_cyclonedds_cpp) by extension 'ros'
[0.269s] DEBUG:colcon.colcon_core.package_identification:Package 'src/unitree_ros2/cyclonedds_ws/src/rmw_cyclonedds/rmw_cyclonedds_cpp' with type 'ros.ament_cmake' and name 'rmw_cyclonedds_cpp'
[0.270s] Level 1:colcon.colcon_core.package_identification:_identify(src/unitree_ros2/cyclonedds_ws/src/unitree) by extensions ['ignore', 'ignore_ament_install']
[0.270s] Level 1:colcon.colcon_core.package_identification:_identify(src/unitree_ros2/cyclonedds_ws/src/unitree) by extension 'ignore'
[0.270s] Level 1:colcon.colcon_core.package_identification:_identify(src/unitree_ros2/cyclonedds_ws/src/unitree) by extension 'ignore_ament_install'
[0.270s] Level 1:colcon.colcon_core.package_identification:_identify(src/unitree_ros2/cyclonedds_ws/src/unitree) by extensions ['colcon_pkg']
[0.270s] Level 1:colcon.colcon_core.package_identification:_identify(src/unitree_ros2/cyclonedds_ws/src/unitree) by extension 'colcon_pkg'
[0.270s] Level 1:colcon.colcon_core.package_identification:_identify(src/unitree_ros2/cyclonedds_ws/src/unitree) by extensions ['colcon_meta']
[0.270s] Level 1:colcon.colcon_core.package_identification:_identify(src/unitree_ros2/cyclonedds_ws/src/unitree) by extension 'colcon_meta'
[0.270s] Level 1:colcon.colcon_core.package_identification:_identify(src/unitree_ros2/cyclonedds_ws/src/unitree) by extensions ['ros']
[0.270s] Level 1:colcon.colcon_core.package_identification:_identify(src/unitree_ros2/cyclonedds_ws/src/unitree) by extension 'ros'
[0.270s] Level 1:colcon.colcon_core.package_identification:_identify(src/unitree_ros2/cyclonedds_ws/src/unitree) by extensions ['cmake', 'python']
[0.270s] Level 1:colcon.colcon_core.package_identification:_identify(src/unitree_ros2/cyclonedds_ws/src/unitree) by extension 'cmake'
[0.270s] Level 1:colcon.colcon_core.package_identification:_identify(src/unitree_ros2/cyclonedds_ws/src/unitree) by extension 'python'
[0.270s] Level 1:colcon.colcon_core.package_identification:_identify(src/unitree_ros2/cyclonedds_ws/src/unitree) by extensions ['python_setup_py']
[0.270s] Level 1:colcon.colcon_core.package_identification:_identify(src/unitree_ros2/cyclonedds_ws/src/unitree) by extension 'python_setup_py'
[0.270s] Level 1:colcon.colcon_core.package_identification:_identify(src/unitree_ros2/cyclonedds_ws/src/unitree/unitree_api) by extensions ['ignore', 'ignore_ament_install']
[0.270s] Level 1:colcon.colcon_core.package_identification:_identify(src/unitree_ros2/cyclonedds_ws/src/unitree/unitree_api) by extension 'ignore'
[0.270s] Level 1:colcon.colcon_core.package_identification:_identify(src/unitree_ros2/cyclonedds_ws/src/unitree/unitree_api) by extension 'ignore_ament_install'
[0.270s] Level 1:colcon.colcon_core.package_identification:_identify(src/unitree_ros2/cyclonedds_ws/src/unitree/unitree_api) by extensions ['colcon_pkg']
[0.270s] Level 1:colcon.colcon_core.package_identification:_identify(src/unitree_ros2/cyclonedds_ws/src/unitree/unitree_api) by extension 'colcon_pkg'
[0.270s] Level 1:colcon.colcon_core.package_identification:_identify(src/unitree_ros2/cyclonedds_ws/src/unitree/unitree_api) by extensions ['colcon_meta']
[0.270s] Level 1:colcon.colcon_core.package_identification:_identify(src/unitree_ros2/cyclonedds_ws/src/unitree/unitree_api) by extension 'colcon_meta'
[0.270s] Level 1:colcon.colcon_core.package_identification:_identify(src/unitree_ros2/cyclonedds_ws/src/unitree/unitree_api) by extensions ['ros']
[0.270s] Level 1:colcon.colcon_core.package_identification:_identify(src/unitree_ros2/cyclonedds_ws/src/unitree/unitree_api) by extension 'ros'
[0.271s] DEBUG:colcon.colcon_core.package_identification:Package 'src/unitree_ros2/cyclonedds_ws/src/unitree/unitree_api' with type 'ros.ament_cmake' and name 'unitree_api'
[0.271s] Level 1:colcon.colcon_core.package_identification:_identify(src/unitree_ros2/cyclonedds_ws/src/unitree/unitree_go) by extensions ['ignore', 'ignore_ament_install']
[0.271s] Level 1:colcon.colcon_core.package_identification:_identify(src/unitree_ros2/cyclonedds_ws/src/unitree/unitree_go) by extension 'ignore'
[0.271s] Level 1:colcon.colcon_core.package_identification:_identify(src/unitree_ros2/cyclonedds_ws/src/unitree/unitree_go) by extension 'ignore_ament_install'
[0.271s] Level 1:colcon.colcon_core.package_identification:_identify(src/unitree_ros2/cyclonedds_ws/src/unitree/unitree_go) by extensions ['colcon_pkg']
[0.271s] Level 1:colcon.colcon_core.package_identification:_identify(src/unitree_ros2/cyclonedds_ws/src/unitree/unitree_go) by extension 'colcon_pkg'
[0.271s] Level 1:colcon.colcon_core.package_identification:_identify(src/unitree_ros2/cyclonedds_ws/src/unitree/unitree_go) by extensions ['colcon_meta']
[0.271s] Level 1:colcon.colcon_core.package_identification:_identify(src/unitree_ros2/cyclonedds_ws/src/unitree/unitree_go) by extension 'colcon_meta'
[0.271s] Level 1:colcon.colcon_core.package_identification:_identify(src/unitree_ros2/cyclonedds_ws/src/unitree/unitree_go) by extensions ['ros']
[0.271s] Level 1:colcon.colcon_core.package_identification:_identify(src/unitree_ros2/cyclonedds_ws/src/unitree/unitree_go) by extension 'ros'
[0.272s] DEBUG:colcon.colcon_core.package_identification:Package 'src/unitree_ros2/cyclonedds_ws/src/unitree/unitree_go' with type 'ros.ament_cmake' and name 'unitree_go'
[0.272s] Level 1:colcon.colcon_core.package_identification:_identify(src/unitree_ros2/cyclonedds_ws/src/unitree/unitree_hg) by extensions ['ignore', 'ignore_ament_install']
[0.272s] Level 1:colcon.colcon_core.package_identification:_identify(src/unitree_ros2/cyclonedds_ws/src/unitree/unitree_hg) by extension 'ignore'
[0.272s] Level 1:colcon.colcon_core.package_identification:_identify(src/unitree_ros2/cyclonedds_ws/src/unitree/unitree_hg) by extension 'ignore_ament_install'
[0.272s] Level 1:colcon.colcon_core.package_identification:_identify(src/unitree_ros2/cyclonedds_ws/src/unitree/unitree_hg) by extensions ['colcon_pkg']
[0.272s] Level 1:colcon.colcon_core.package_identification:_identify(src/unitree_ros2/cyclonedds_ws/src/unitree/unitree_hg) by extension 'colcon_pkg'
[0.272s] Level 1:colcon.colcon_core.package_identification:_identify(src/unitree_ros2/cyclonedds_ws/src/unitree/unitree_hg) by extensions ['colcon_meta']
[0.272s] Level 1:colcon.colcon_core.package_identification:_identify(src/unitree_ros2/cyclonedds_ws/src/unitree/unitree_hg) by extension 'colcon_meta'
[0.272s] Level 1:colcon.colcon_core.package_identification:_identify(src/unitree_ros2/cyclonedds_ws/src/unitree/unitree_hg) by extensions ['ros']
[0.272s] Level 1:colcon.colcon_core.package_identification:_identify(src/unitree_ros2/cyclonedds_ws/src/unitree/unitree_hg) by extension 'ros'
[0.272s] DEBUG:colcon.colcon_core.package_identification:Package 'src/unitree_ros2/cyclonedds_ws/src/unitree/unitree_hg' with type 'ros.ament_cmake' and name 'unitree_hg'
[0.272s] Level 1:colcon.colcon_core.package_identification:_identify(src/unitree_ros2/example) by extensions ['ignore', 'ignore_ament_install']
[0.272s] Level 1:colcon.colcon_core.package_identification:_identify(src/unitree_ros2/example) by extension 'ignore'
[0.272s] Level 1:colcon.colcon_core.package_identification:_identify(src/unitree_ros2/example) by extension 'ignore_ament_install'
[0.272s] Level 1:colcon.colcon_core.package_identification:_identify(src/unitree_ros2/example) by extensions ['colcon_pkg']
[0.272s] Level 1:colcon.colcon_core.package_identification:_identify(src/unitree_ros2/example) by extension 'colcon_pkg'
[0.272s] Level 1:colcon.colcon_core.package_identification:_identify(src/unitree_ros2/example) by extensions ['colcon_meta']
[0.272s] Level 1:colcon.colcon_core.package_identification:_identify(src/unitree_ros2/example) by extension 'colcon_meta'
[0.272s] Level 1:colcon.colcon_core.package_identification:_identify(src/unitree_ros2/example) by extensions ['ros']
[0.272s] Level 1:colcon.colcon_core.package_identification:_identify(src/unitree_ros2/example) by extension 'ros'
[0.272s] Level 1:colcon.colcon_core.package_identification:_identify(src/unitree_ros2/example) by extensions ['cmake', 'python']
[0.272s] Level 1:colcon.colcon_core.package_identification:_identify(src/unitree_ros2/example) by extension 'cmake'
[0.272s] Level 1:colcon.colcon_core.package_identification:_identify(src/unitree_ros2/example) by extension 'python'
[0.272s] Level 1:colcon.colcon_core.package_identification:_identify(src/unitree_ros2/example) by extensions ['python_setup_py']
[0.272s] Level 1:colcon.colcon_core.package_identification:_identify(src/unitree_ros2/example) by extension 'python_setup_py'
[0.273s] Level 1:colcon.colcon_core.package_identification:_identify(src/unitree_ros2/example/src) by extensions ['ignore', 'ignore_ament_install']
[0.273s] Level 1:colcon.colcon_core.package_identification:_identify(src/unitree_ros2/example/src) by extension 'ignore'
[0.273s] Level 1:colcon.colcon_core.package_identification:_identify(src/unitree_ros2/example/src) by extension 'ignore_ament_install'
[0.273s] Level 1:colcon.colcon_core.package_identification:_identify(src/unitree_ros2/example/src) by extensions ['colcon_pkg']
[0.273s] Level 1:colcon.colcon_core.package_identification:_identify(src/unitree_ros2/example/src) by extension 'colcon_pkg'
[0.273s] Level 1:colcon.colcon_core.package_identification:_identify(src/unitree_ros2/example/src) by extensions ['colcon_meta']
[0.273s] Level 1:colcon.colcon_core.package_identification:_identify(src/unitree_ros2/example/src) by extension 'colcon_meta'
[0.273s] Level 1:colcon.colcon_core.package_identification:_identify(src/unitree_ros2/example/src) by extensions ['ros']
[0.273s] Level 1:colcon.colcon_core.package_identification:_identify(src/unitree_ros2/example/src) by extension 'ros'
[0.273s] DEBUG:colcon.colcon_core.package_identification:Package 'src/unitree_ros2/example/src' with type 'ros.ament_cmake' and name 'unitree_ros2_example'
[0.273s] Level 1:colcon.colcon_core.package_identification:_identify(src/unitree_ros2_to_real) by extensions ['ignore', 'ignore_ament_install']
[0.273s] Level 1:colcon.colcon_core.package_identification:_identify(src/unitree_ros2_to_real) by extension 'ignore'
[0.273s] Level 1:colcon.colcon_core.package_identification:_identify(src/unitree_ros2_to_real) by extension 'ignore_ament_install'
[0.273s] Level 1:colcon.colcon_core.package_identification:_identify(src/unitree_ros2_to_real) by extensions ['colcon_pkg']
[0.273s] Level 1:colcon.colcon_core.package_identification:_identify(src/unitree_ros2_to_real) by extension 'colcon_pkg'
[0.273s] Level 1:colcon.colcon_core.package_identification:_identify(src/unitree_ros2_to_real) by extensions ['colcon_meta']
[0.273s] Level 1:colcon.colcon_core.package_identification:_identify(src/unitree_ros2_to_real) by extension 'colcon_meta'
[0.273s] Level 1:colcon.colcon_core.package_identification:_identify(src/unitree_ros2_to_real) by extensions ['ros']
[0.273s] Level 1:colcon.colcon_core.package_identification:_identify(src/unitree_ros2_to_real) by extension 'ros'
[0.274s] DEBUG:colcon.colcon_core.package_identification:Package 'src/unitree_ros2_to_real' with type 'ros.ament_cmake' and name 'unitree_legged_real'
[0.274s] Level 1:colcon.colcon_core.package_discovery:discover_packages(recursive) using defaults
[0.274s] Level 1:colcon.colcon_core.package_discovery:discover_packages(ignore) discover
[0.274s] Level 1:colcon.colcon_core.package_discovery:discover_packages(ignore) using defaults
[0.274s] Level 1:colcon.colcon_core.package_discovery:discover_packages(path) discover
[0.274s] Level 1:colcon.colcon_core.package_discovery:discover_packages(path) using defaults
[0.290s] INFO:colcon.colcon_metadata.metadata.colcon_pkg:Updating descriptor of package 'src/unitree_ros2/cyclonedds_ws/src/cyclonedds' from colcon.pkg: {'cmake-args': ['-DBUILD_IDLC=AUTO']}
[0.292s] Level 1:colcon.colcon_core.package_discovery:discover_packages(prefix_path) check parameters
[0.292s] Level 1:colcon.colcon_core.package_discovery:discover_packages(prefix_path) discover
[0.293s] DEBUG:colcon.colcon_installed_package_information.package_discovery:Found 338 installed packages in /opt/ros/humble
[0.294s] Level 1:colcon.colcon_core.package_discovery:discover_packages(prefix_path) using defaults
[0.317s] Level 5:colcon.colcon_core.verb:set package 'cyclonedds' build argument 'cmake_args' from command line to 'None'
[0.317s] Level 5:colcon.colcon_core.verb:overwrite package 'cyclonedds' build argument 'cmake_args' from package metadata with '['-DBUILD_IDLC=AUTO']' (before: 'None')
[0.317s] Level 5:colcon.colcon_core.verb:set package 'cyclonedds' build argument 'cmake_target' from command line to 'None'
[0.317s] Level 5:colcon.colcon_core.verb:set package 'cyclonedds' build argument 'cmake_target_skip_unavailable' from command line to 'False'
[0.317s] Level 5:colcon.colcon_core.verb:set package 'cyclonedds' build argument 'cmake_clean_cache' from command line to 'False'
[0.317s] Level 5:colcon.colcon_core.verb:set package 'cyclonedds' build argument 'cmake_clean_first' from command line to 'False'
[0.317s] Level 5:colcon.colcon_core.verb:set package 'cyclonedds' build argument 'cmake_force_configure' from command line to 'False'
[0.317s] Level 5:colcon.colcon_core.verb:set package 'cyclonedds' build argument 'ament_cmake_args' from command line to 'None'
[0.317s] Level 5:colcon.colcon_core.verb:set package 'cyclonedds' build argument 'catkin_cmake_args' from command line to 'None'
[0.317s] Level 5:colcon.colcon_core.verb:set package 'cyclonedds' build argument 'catkin_skip_building_tests' from command line to 'False'
[0.317s] DEBUG:colcon.colcon_core.verb:Building package 'cyclonedds' with the following arguments: {'ament_cmake_args': None, 'build_base': '/home/ruben/go2_deploy/workhop_rl/build/cyclonedds', 'catkin_cmake_args': None, 'catkin_skip_building_tests': False, 'cmake_args': ['-DBUILD_IDLC=AUTO'], 'cmake_clean_cache': False, 'cmake_clean_first': False, 'cmake_force_configure': False, 'cmake_target': None, 'cmake_target_skip_unavailable': False, 'install_base': '/home/ruben/go2_deploy/workhop_rl/install/cyclonedds', 'merge_install': False, 'path': '/home/ruben/go2_deploy/workhop_rl/src/unitree_ros2/cyclonedds_ws/src/cyclonedds', 'symlink_install': False, 'test_result_base': None}
[0.317s] Level 5:colcon.colcon_core.verb:set package 'ros2_unitree_legged_msgs' build argument 'cmake_args' from command line to 'None'
[0.317s] Level 5:colcon.colcon_core.verb:set package 'ros2_unitree_legged_msgs' build argument 'cmake_target' from command line to 'None'
[0.317s] Level 5:colcon.colcon_core.verb:set package 'ros2_unitree_legged_msgs' build argument 'cmake_target_skip_unavailable' from command line to 'False'
[0.317s] Level 5:colcon.colcon_core.verb:set package 'ros2_unitree_legged_msgs' build argument 'cmake_clean_cache' from command line to 'False'
[0.317s] Level 5:colcon.colcon_core.verb:set package 'ros2_unitree_legged_msgs' build argument 'cmake_clean_first' from command line to 'False'
[0.317s] Level 5:colcon.colcon_core.verb:set package 'ros2_unitree_legged_msgs' build argument 'cmake_force_configure' from command line to 'False'
[0.317s] Level 5:colcon.colcon_core.verb:set package 'ros2_unitree_legged_msgs' build argument 'ament_cmake_args' from command line to 'None'
[0.317s] Level 5:colcon.colcon_core.verb:set package 'ros2_unitree_legged_msgs' build argument 'catkin_cmake_args' from command line to 'None'
[0.317s] Level 5:colcon.colcon_core.verb:set package 'ros2_unitree_legged_msgs' build argument 'catkin_skip_building_tests' from command line to 'False'
[0.317s] DEBUG:colcon.colcon_core.verb:Building package 'ros2_unitree_legged_msgs' with the following arguments: {'ament_cmake_args': None, 'build_base': '/home/ruben/go2_deploy/workhop_rl/build/ros2_unitree_legged_msgs', 'catkin_cmake_args': None, 'catkin_skip_building_tests': False, 'cmake_args': None, 'cmake_clean_cache': False, 'cmake_clean_first': False, 'cmake_force_configure': False, 'cmake_target': None, 'cmake_target_skip_unavailable': False, 'install_base': '/home/ruben/go2_deploy/workhop_rl/install/ros2_unitree_legged_msgs', 'merge_install': False, 'path': '/home/ruben/go2_deploy/workhop_rl/src/ros2_unitree_legged_msgs', 'symlink_install': False, 'test_result_base': None}
[0.317s] Level 5:colcon.colcon_core.verb:set package 'unitree_api' build argument 'cmake_args' from command line to 'None'
[0.317s] Level 5:colcon.colcon_core.verb:set package 'unitree_api' build argument 'cmake_target' from command line to 'None'
[0.317s] Level 5:colcon.colcon_core.verb:set package 'unitree_api' build argument 'cmake_target_skip_unavailable' from command line to 'False'
[0.317s] Level 5:colcon.colcon_core.verb:set package 'unitree_api' build argument 'cmake_clean_cache' from command line to 'False'
[0.317s] Level 5:colcon.colcon_core.verb:set package 'unitree_api' build argument 'cmake_clean_first' from command line to 'False'
[0.317s] Level 5:colcon.colcon_core.verb:set package 'unitree_api' build argument 'cmake_force_configure' from command line to 'False'
[0.317s] Level 5:colcon.colcon_core.verb:set package 'unitree_api' build argument 'ament_cmake_args' from command line to 'None'
[0.317s] Level 5:colcon.colcon_core.verb:set package 'unitree_api' build argument 'catkin_cmake_args' from command line to 'None'
[0.317s] Level 5:colcon.colcon_core.verb:set package 'unitree_api' build argument 'catkin_skip_building_tests' from command line to 'False'
[0.317s] DEBUG:colcon.colcon_core.verb:Building package 'unitree_api' with the following arguments: {'ament_cmake_args': None, 'build_base': '/home/ruben/go2_deploy/workhop_rl/build/unitree_api', 'catkin_cmake_args': None, 'catkin_skip_building_tests': False, 'cmake_args': None, 'cmake_clean_cache': False, 'cmake_clean_first': False, 'cmake_force_configure': False, 'cmake_target': None, 'cmake_target_skip_unavailable': False, 'install_base': '/home/ruben/go2_deploy/workhop_rl/install/unitree_api', 'merge_install': False, 'path': '/home/ruben/go2_deploy/workhop_rl/src/unitree_ros2/cyclonedds_ws/src/unitree/unitree_api', 'symlink_install': False, 'test_result_base': None}
[0.318s] Level 5:colcon.colcon_core.verb:set package 'unitree_go' build argument 'cmake_args' from command line to 'None'
[0.318s] Level 5:colcon.colcon_core.verb:set package 'unitree_go' build argument 'cmake_target' from command line to 'None'
[0.318s] Level 5:colcon.colcon_core.verb:set package 'unitree_go' build argument 'cmake_target_skip_unavailable' from command line to 'False'
[0.318s] Level 5:colcon.colcon_core.verb:set package 'unitree_go' build argument 'cmake_clean_cache' from command line to 'False'
[0.318s] Level 5:colcon.colcon_core.verb:set package 'unitree_go' build argument 'cmake_clean_first' from command line to 'False'
[0.318s] Level 5:colcon.colcon_core.verb:set package 'unitree_go' build argument 'cmake_force_configure' from command line to 'False'
[0.318s] Level 5:colcon.colcon_core.verb:set package 'unitree_go' build argument 'ament_cmake_args' from command line to 'None'
[0.318s] Level 5:colcon.colcon_core.verb:set package 'unitree_go' build argument 'catkin_cmake_args' from command line to 'None'
[0.318s] Level 5:colcon.colcon_core.verb:set package 'unitree_go' build argument 'catkin_skip_building_tests' from command line to 'False'
[0.318s] DEBUG:colcon.colcon_core.verb:Building package 'unitree_go' with the following arguments: {'ament_cmake_args': None, 'build_base': '/home/ruben/go2_deploy/workhop_rl/build/unitree_go', 'catkin_cmake_args': None, 'catkin_skip_building_tests': False, 'cmake_args': None, 'cmake_clean_cache': False, 'cmake_clean_first': False, 'cmake_force_configure': False, 'cmake_target': None, 'cmake_target_skip_unavailable': False, 'install_base': '/home/ruben/go2_deploy/workhop_rl/install/unitree_go', 'merge_install': False, 'path': '/home/ruben/go2_deploy/workhop_rl/src/unitree_ros2/cyclonedds_ws/src/unitree/unitree_go', 'symlink_install': False, 'test_result_base': None}
[0.318s] Level 5:colcon.colcon_core.verb:set package 'unitree_hg' build argument 'cmake_args' from command line to 'None'
[0.318s] Level 5:colcon.colcon_core.verb:set package 'unitree_hg' build argument 'cmake_target' from command line to 'None'
[0.318s] Level 5:colcon.colcon_core.verb:set package 'unitree_hg' build argument 'cmake_target_skip_unavailable' from command line to 'False'
[0.318s] Level 5:colcon.colcon_core.verb:set package 'unitree_hg' build argument 'cmake_clean_cache' from command line to 'False'
[0.318s] Level 5:colcon.colcon_core.verb:set package 'unitree_hg' build argument 'cmake_clean_first' from command line to 'False'
[0.318s] Level 5:colcon.colcon_core.verb:set package 'unitree_hg' build argument 'cmake_force_configure' from command line to 'False'
[0.318s] Level 5:colcon.colcon_core.verb:set package 'unitree_hg' build argument 'ament_cmake_args' from command line to 'None'
[0.318s] Level 5:colcon.colcon_core.verb:set package 'unitree_hg' build argument 'catkin_cmake_args' from command line to 'None'
[0.318s] Level 5:colcon.colcon_core.verb:set package 'unitree_hg' build argument 'catkin_skip_building_tests' from command line to 'False'
[0.318s] DEBUG:colcon.colcon_core.verb:Building package 'unitree_hg' with the following arguments: {'ament_cmake_args': None, 'build_base': '/home/ruben/go2_deploy/workhop_rl/build/unitree_hg', 'catkin_cmake_args': None, 'catkin_skip_building_tests': False, 'cmake_args': None, 'cmake_clean_cache': False, 'cmake_clean_first': False, 'cmake_force_configure': False, 'cmake_target': None, 'cmake_target_skip_unavailable': False, 'install_base': '/home/ruben/go2_deploy/workhop_rl/install/unitree_hg', 'merge_install': False, 'path': '/home/ruben/go2_deploy/workhop_rl/src/unitree_ros2/cyclonedds_ws/src/unitree/unitree_hg', 'symlink_install': False, 'test_result_base': None}
[0.318s] Level 5:colcon.colcon_core.verb:set package 'rmw_cyclonedds_cpp' build argument 'cmake_args' from command line to 'None'
[0.318s] Level 5:colcon.colcon_core.verb:set package 'rmw_cyclonedds_cpp' build argument 'cmake_target' from command line to 'None'
[0.318s] Level 5:colcon.colcon_core.verb:set package 'rmw_cyclonedds_cpp' build argument 'cmake_target_skip_unavailable' from command line to 'False'
[0.318s] Level 5:colcon.colcon_core.verb:set package 'rmw_cyclonedds_cpp' build argument 'cmake_clean_cache' from command line to 'False'
[0.318s] Level 5:colcon.colcon_core.verb:set package 'rmw_cyclonedds_cpp' build argument 'cmake_clean_first' from command line to 'False'
[0.318s] Level 5:colcon.colcon_core.verb:set package 'rmw_cyclonedds_cpp' build argument 'cmake_force_configure' from command line to 'False'
[0.318s] Level 5:colcon.colcon_core.verb:set package 'rmw_cyclonedds_cpp' build argument 'ament_cmake_args' from command line to 'None'
[0.318s] Level 5:colcon.colcon_core.verb:set package 'rmw_cyclonedds_cpp' build argument 'catkin_cmake_args' from command line to 'None'
[0.318s] Level 5:colcon.colcon_core.verb:set package 'rmw_cyclonedds_cpp' build argument 'catkin_skip_building_tests' from command line to 'False'
[0.318s] DEBUG:colcon.colcon_core.verb:Building package 'rmw_cyclonedds_cpp' with the following arguments: {'ament_cmake_args': None, 'build_base': '/home/ruben/go2_deploy/workhop_rl/build/rmw_cyclonedds_cpp', 'catkin_cmake_args': None, 'catkin_skip_building_tests': False, 'cmake_args': None, 'cmake_clean_cache': False, 'cmake_clean_first': False, 'cmake_force_configure': False, 'cmake_target': None, 'cmake_target_skip_unavailable': False, 'install_base': '/home/ruben/go2_deploy/workhop_rl/install/rmw_cyclonedds_cpp', 'merge_install': False, 'path': '/home/ruben/go2_deploy/workhop_rl/src/unitree_ros2/cyclonedds_ws/src/rmw_cyclonedds/rmw_cyclonedds_cpp', 'symlink_install': False, 'test_result_base': None}
[0.318s] Level 5:colcon.colcon_core.verb:set package 'stand_go2' build argument 'cmake_args' from command line to 'None'
[0.318s] Level 5:colcon.colcon_core.verb:set package 'stand_go2' build argument 'cmake_target' from command line to 'None'
[0.318s] Level 5:colcon.colcon_core.verb:set package 'stand_go2' build argument 'cmake_target_skip_unavailable' from command line to 'False'
[0.318s] Level 5:colcon.colcon_core.verb:set package 'stand_go2' build argument 'cmake_clean_cache' from command line to 'False'
[0.319s] Level 5:colcon.colcon_core.verb:set package 'stand_go2' build argument 'cmake_clean_first' from command line to 'False'
[0.319s] Level 5:colcon.colcon_core.verb:set package 'stand_go2' build argument 'cmake_force_configure' from command line to 'False'
[0.319s] Level 5:colcon.colcon_core.verb:set package 'stand_go2' build argument 'ament_cmake_args' from command line to 'None'
[0.319s] Level 5:colcon.colcon_core.verb:set package 'stand_go2' build argument 'catkin_cmake_args' from command line to 'None'
[0.319s] Level 5:colcon.colcon_core.verb:set package 'stand_go2' build argument 'catkin_skip_building_tests' from command line to 'False'
[0.319s] DEBUG:colcon.colcon_core.verb:Building package 'stand_go2' with the following arguments: {'ament_cmake_args': None, 'build_base': '/home/ruben/go2_deploy/workhop_rl/build/stand_go2', 'catkin_cmake_args': None, 'catkin_skip_building_tests': False, 'cmake_args': None, 'cmake_clean_cache': False, 'cmake_clean_first': False, 'cmake_force_configure': False, 'cmake_target': None, 'cmake_target_skip_unavailable': False, 'install_base': '/home/ruben/go2_deploy/workhop_rl/install/stand_go2', 'merge_install': False, 'path': '/home/ruben/go2_deploy/workhop_rl/src/unitree_mujoco/example/ros2', 'symlink_install': False, 'test_result_base': None}
[0.319s] Level 5:colcon.colcon_core.verb:set package 'unitree_mujoco' build argument 'cmake_args' from command line to 'None'
[0.319s] Level 5:colcon.colcon_core.verb:set package 'unitree_mujoco' build argument 'cmake_target' from command line to 'None'
[0.319s] Level 5:colcon.colcon_core.verb:set package 'unitree_mujoco' build argument 'cmake_target_skip_unavailable' from command line to 'False'
[0.319s] Level 5:colcon.colcon_core.verb:set package 'unitree_mujoco' build argument 'cmake_clean_cache' from command line to 'False'
[0.319s] Level 5:colcon.colcon_core.verb:set package 'unitree_mujoco' build argument 'cmake_clean_first' from command line to 'False'
[0.319s] Level 5:colcon.colcon_core.verb:set package 'unitree_mujoco' build argument 'cmake_force_configure' from command line to 'False'
[0.319s] Level 5:colcon.colcon_core.verb:set package 'unitree_mujoco' build argument 'ament_cmake_args' from command line to 'None'
[0.319s] Level 5:colcon.colcon_core.verb:set package 'unitree_mujoco' build argument 'catkin_cmake_args' from command line to 'None'
[0.319s] Level 5:colcon.colcon_core.verb:set package 'unitree_mujoco' build argument 'catkin_skip_building_tests' from command line to 'False'
[0.319s] DEBUG:colcon.colcon_core.verb:Building package 'unitree_mujoco' with the following arguments: {'ament_cmake_args': None, 'build_base': '/home/ruben/go2_deploy/workhop_rl/build/unitree_mujoco', 'catkin_cmake_args': None, 'catkin_skip_building_tests': False, 'cmake_args': None, 'cmake_clean_cache': False, 'cmake_clean_first': False, 'cmake_force_configure': False, 'cmake_target': None, 'cmake_target_skip_unavailable': False, 'install_base': '/home/ruben/go2_deploy/workhop_rl/install/unitree_mujoco', 'merge_install': False, 'path': '/home/ruben/go2_deploy/workhop_rl/src/unitree_mujoco/simulate', 'symlink_install': False, 'test_result_base': None}
[0.319s] Level 5:colcon.colcon_core.verb:set package 'unitree_rl_controller' build argument 'cmake_args' from command line to 'None'
[0.319s] Level 5:colcon.colcon_core.verb:set package 'unitree_rl_controller' build argument 'cmake_target' from command line to 'None'
[0.319s] Level 5:colcon.colcon_core.verb:set package 'unitree_rl_controller' build argument 'cmake_target_skip_unavailable' from command line to 'False'
[0.319s] Level 5:colcon.colcon_core.verb:set package 'unitree_rl_controller' build argument 'cmake_clean_cache' from command line to 'False'
[0.319s] Level 5:colcon.colcon_core.verb:set package 'unitree_rl_controller' build argument 'cmake_clean_first' from command line to 'False'
[0.319s] Level 5:colcon.colcon_core.verb:set package 'unitree_rl_controller' build argument 'cmake_force_configure' from command line to 'False'
[0.319s] Level 5:colcon.colcon_core.verb:set package 'unitree_rl_controller' build argument 'ament_cmake_args' from command line to 'None'
[0.319s] Level 5:colcon.colcon_core.verb:set package 'unitree_rl_controller' build argument 'catkin_cmake_args' from command line to 'None'
[0.319s] Level 5:colcon.colcon_core.verb:set package 'unitree_rl_controller' build argument 'catkin_skip_building_tests' from command line to 'False'
[0.319s] DEBUG:colcon.colcon_core.verb:Building package 'unitree_rl_controller' with the following arguments: {'ament_cmake_args': None, 'build_base': '/home/ruben/go2_deploy/workhop_rl/build/unitree_rl_controller', 'catkin_cmake_args': None, 'catkin_skip_building_tests': False, 'cmake_args': None, 'cmake_clean_cache': False, 'cmake_clean_first': False, 'cmake_force_configure': False, 'cmake_target': None, 'cmake_target_skip_unavailable': False, 'install_base': '/home/ruben/go2_deploy/workhop_rl/install/unitree_rl_controller', 'merge_install': False, 'path': '/home/ruben/go2_deploy/workhop_rl/src/unitree_rl_controller-ros2', 'symlink_install': False, 'test_result_base': None}
[0.319s] Level 5:colcon.colcon_core.verb:set package 'unitree_ros2_example' build argument 'cmake_args' from command line to 'None'
[0.319s] Level 5:colcon.colcon_core.verb:set package 'unitree_ros2_example' build argument 'cmake_target' from command line to 'None'
[0.319s] Level 5:colcon.colcon_core.verb:set package 'unitree_ros2_example' build argument 'cmake_target_skip_unavailable' from command line to 'False'
[0.319s] Level 5:colcon.colcon_core.verb:set package 'unitree_ros2_example' build argument 'cmake_clean_cache' from command line to 'False'
[0.319s] Level 5:colcon.colcon_core.verb:set package 'unitree_ros2_example' build argument 'cmake_clean_first' from command line to 'False'
[0.319s] Level 5:colcon.colcon_core.verb:set package 'unitree_ros2_example' build argument 'cmake_force_configure' from command line to 'False'
[0.319s] Level 5:colcon.colcon_core.verb:set package 'unitree_ros2_example' build argument 'ament_cmake_args' from command line to 'None'
[0.319s] Level 5:colcon.colcon_core.verb:set package 'unitree_ros2_example' build argument 'catkin_cmake_args' from command line to 'None'
[0.319s] Level 5:colcon.colcon_core.verb:set package 'unitree_ros2_example' build argument 'catkin_skip_building_tests' from command line to 'False'
[0.319s] DEBUG:colcon.colcon_core.verb:Building package 'unitree_ros2_example' with the following arguments: {'ament_cmake_args': None, 'build_base': '/home/ruben/go2_deploy/workhop_rl/build/unitree_ros2_example', 'catkin_cmake_args': None, 'catkin_skip_building_tests': False, 'cmake_args': None, 'cmake_clean_cache': False, 'cmake_clean_first': False, 'cmake_force_configure': False, 'cmake_target': None, 'cmake_target_skip_unavailable': False, 'install_base': '/home/ruben/go2_deploy/workhop_rl/install/unitree_ros2_example', 'merge_install': False, 'path': '/home/ruben/go2_deploy/workhop_rl/src/unitree_ros2/example/src', 'symlink_install': False, 'test_result_base': None}
[0.320s] Level 5:colcon.colcon_core.verb:set package 'unitree_legged_real' build argument 'cmake_args' from command line to 'None'
[0.320s] Level 5:colcon.colcon_core.verb:set package 'unitree_legged_real' build argument 'cmake_target' from command line to 'None'
[0.320s] Level 5:colcon.colcon_core.verb:set package 'unitree_legged_real' build argument 'cmake_target_skip_unavailable' from command line to 'False'
[0.320s] Level 5:colcon.colcon_core.verb:set package 'unitree_legged_real' build argument 'cmake_clean_cache' from command line to 'False'
[0.320s] Level 5:colcon.colcon_core.verb:set package 'unitree_legged_real' build argument 'cmake_clean_first' from command line to 'False'
[0.320s] Level 5:colcon.colcon_core.verb:set package 'unitree_legged_real' build argument 'cmake_force_configure' from command line to 'False'
[0.320s] Level 5:colcon.colcon_core.verb:set package 'unitree_legged_real' build argument 'ament_cmake_args' from command line to 'None'
[0.320s] Level 5:colcon.colcon_core.verb:set package 'unitree_legged_real' build argument 'catkin_cmake_args' from command line to 'None'
[0.320s] Level 5:colcon.colcon_core.verb:set package 'unitree_legged_real' build argument 'catkin_skip_building_tests' from command line to 'False'
[0.320s] DEBUG:colcon.colcon_core.verb:Building package 'unitree_legged_real' with the following arguments: {'ament_cmake_args': None, 'build_base': '/home/ruben/go2_deploy/workhop_rl/build/unitree_legged_real', 'catkin_cmake_args': None, 'catkin_skip_building_tests': False, 'cmake_args': None, 'cmake_clean_cache': False, 'cmake_clean_first': False, 'cmake_force_configure': False, 'cmake_target': None, 'cmake_target_skip_unavailable': False, 'install_base': '/home/ruben/go2_deploy/workhop_rl/install/unitree_legged_real', 'merge_install': False, 'path': '/home/ruben/go2_deploy/workhop_rl/src/unitree_ros2_to_real', 'symlink_install': False, 'test_result_base': None}
[0.320s] INFO:colcon.colcon_core.executor:Executing jobs using 'parallel' executor
[0.321s] DEBUG:colcon.colcon_parallel_executor.executor.parallel:run_until_complete
[0.321s] INFO:colcon.colcon_ros.task.ament_cmake.build:Building ROS package in '/home/ruben/go2_deploy/workhop_rl/src/unitree_ros2/cyclonedds_ws/src/unitree/unitree_api' with build type 'ament_cmake'
[0.321s] INFO:colcon.colcon_cmake.task.cmake.build:Building CMake package in '/home/ruben/go2_deploy/workhop_rl/src/unitree_ros2/cyclonedds_ws/src/unitree/unitree_api'
[0.322s] INFO:colcon.colcon_core.plugin_system:Skipping extension 'colcon_core.shell.bat': Not used on non-Windows systems
[0.322s] INFO:colcon.colcon_core.shell:Skip shell extension 'powershell' for command environment: Not usable outside of PowerShell
[0.322s] DEBUG:colcon.colcon_core.shell:Skip shell extension 'dsv' for command environment
[0.324s] INFO:colcon.colcon_ros.task.ament_cmake.build:Building ROS package in '/home/ruben/go2_deploy/workhop_rl/src/unitree_ros2/cyclonedds_ws/src/unitree/unitree_go' with build type 'ament_cmake'
[0.324s] INFO:colcon.colcon_cmake.task.cmake.build:Building CMake package in '/home/ruben/go2_deploy/workhop_rl/src/unitree_ros2/cyclonedds_ws/src/unitree/unitree_go'
[0.324s] INFO:colcon.colcon_core.shell:Skip shell extension 'powershell' for command environment: Not usable outside of PowerShell
[0.324s] DEBUG:colcon.colcon_core.shell:Skip shell extension 'dsv' for command environment
[0.327s] INFO:colcon.colcon_ros.task.ament_cmake.build:Building ROS package in '/home/ruben/go2_deploy/workhop_rl/src/ros2_unitree_legged_msgs' with build type 'ament_cmake'
[0.328s] INFO:colcon.colcon_cmake.task.cmake.build:Building CMake package in '/home/ruben/go2_deploy/workhop_rl/src/ros2_unitree_legged_msgs'
[0.328s] INFO:colcon.colcon_core.shell:Skip shell extension 'powershell' for command environment: Not usable outside of PowerShell
[0.328s] DEBUG:colcon.colcon_core.shell:Skip shell extension 'dsv' for command environment
[0.330s] INFO:colcon.colcon_ros.task.cmake.build:Building ROS package in '/home/ruben/go2_deploy/workhop_rl/src/unitree_ros2/cyclonedds_ws/src/cyclonedds' with build type 'cmake'
[0.330s] INFO:colcon.colcon_cmake.task.cmake.build:Building CMake package in '/home/ruben/go2_deploy/workhop_rl/src/unitree_ros2/cyclonedds_ws/src/cyclonedds'
[0.330s] INFO:colcon.colcon_core.shell:Skip shell extension 'powershell' for command environment: Not usable outside of PowerShell
[0.330s] DEBUG:colcon.colcon_core.shell:Skip shell extension 'dsv' for command environment
[0.331s] INFO:colcon.colcon_ros.task.ament_cmake.build:Building ROS package in '/home/ruben/go2_deploy/workhop_rl/src/unitree_ros2/cyclonedds_ws/src/unitree/unitree_hg' with build type 'ament_cmake'
[0.331s] INFO:colcon.colcon_cmake.task.cmake.build:Building CMake package in '/home/ruben/go2_deploy/workhop_rl/src/unitree_ros2/cyclonedds_ws/src/unitree/unitree_hg'
[0.331s] INFO:colcon.colcon_core.shell:Skip shell extension 'powershell' for command environment: Not usable outside of PowerShell
[0.331s] DEBUG:colcon.colcon_core.shell:Skip shell extension 'dsv' for command environment
[0.335s] DEBUG:colcon.colcon_core.event_handler.log_command:Invoking command in '/home/ruben/go2_deploy/workhop_rl/build/unitree_api': CMAKE_PREFIX_PATH=/opt/ros/humble /usr/bin/cmake /home/ruben/go2_deploy/workhop_rl/src/unitree_ros2/cyclonedds_ws/src/unitree/unitree_api -DCMAKE_INSTALL_PREFIX=/home/ruben/go2_deploy/workhop_rl/install/unitree_api
[0.336s] DEBUG:colcon.colcon_core.event_handler.log_command:Invoking command in '/home/ruben/go2_deploy/workhop_rl/build/unitree_go': CMAKE_PREFIX_PATH=/opt/ros/humble /usr/bin/cmake /home/ruben/go2_deploy/workhop_rl/src/unitree_ros2/cyclonedds_ws/src/unitree/unitree_go -DCMAKE_INSTALL_PREFIX=/home/ruben/go2_deploy/workhop_rl/install/unitree_go
[0.337s] DEBUG:colcon.colcon_core.event_handler.log_command:Invoking command in '/home/ruben/go2_deploy/workhop_rl/build/ros2_unitree_legged_msgs': CMAKE_PREFIX_PATH=/opt/ros/humble /usr/bin/cmake /home/ruben/go2_deploy/workhop_rl/src/ros2_unitree_legged_msgs -DCMAKE_INSTALL_PREFIX=/home/ruben/go2_deploy/workhop_rl/install/ros2_unitree_legged_msgs
[0.338s] DEBUG:colcon.colcon_core.event_handler.log_command:Invoking command in '/home/ruben/go2_deploy/workhop_rl/build/cyclonedds': CMAKE_PREFIX_PATH=/opt/ros/humble /usr/bin/cmake /home/ruben/go2_deploy/workhop_rl/src/unitree_ros2/cyclonedds_ws/src/cyclonedds -DBUILD_IDLC=AUTO -DCMAKE_INSTALL_PREFIX=/home/ruben/go2_deploy/workhop_rl/install/cyclonedds
[0.343s] DEBUG:colcon.colcon_core.event_handler.log_command:Invoking command in '/home/ruben/go2_deploy/workhop_rl/build/unitree_hg': CMAKE_PREFIX_PATH=/opt/ros/humble /usr/bin/cmake /home/ruben/go2_deploy/workhop_rl/src/unitree_ros2/cyclonedds_ws/src/unitree/unitree_hg -DCMAKE_INSTALL_PREFIX=/home/ruben/go2_deploy/workhop_rl/install/unitree_hg
[2.734s] DEBUG:colcon.colcon_core.event_handler.log_command:Invoked command in '/home/ruben/go2_deploy/workhop_rl/build/cyclonedds' returned '0': CMAKE_PREFIX_PATH=/opt/ros/humble /usr/bin/cmake /home/ruben/go2_deploy/workhop_rl/src/unitree_ros2/cyclonedds_ws/src/cyclonedds -DBUILD_IDLC=AUTO -DCMAKE_INSTALL_PREFIX=/home/ruben/go2_deploy/workhop_rl/install/cyclonedds
[2.736s] DEBUG:colcon.colcon_core.event_handler.log_command:Invoking command in '/home/ruben/go2_deploy/workhop_rl/build/cyclonedds': CMAKE_PREFIX_PATH=/opt/ros/humble /usr/bin/cmake --build /home/ruben/go2_deploy/workhop_rl/build/cyclonedds -- -j22 -l22
[3.252s] DEBUG:colcon.colcon_core.event_handler.log_command:Invoked command in '/home/ruben/go2_deploy/workhop_rl/build/ros2_unitree_legged_msgs' returned '0': CMAKE_PREFIX_PATH=/opt/ros/humble /usr/bin/cmake /home/ruben/go2_deploy/workhop_rl/src/ros2_unitree_legged_msgs -DCMAKE_INSTALL_PREFIX=/home/ruben/go2_deploy/workhop_rl/install/ros2_unitree_legged_msgs
[3.252s] DEBUG:colcon.colcon_core.event_handler.log_command:Invoking command in '/home/ruben/go2_deploy/workhop_rl/build/ros2_unitree_legged_msgs': CMAKE_PREFIX_PATH=/opt/ros/humble /usr/bin/cmake --build /home/ruben/go2_deploy/workhop_rl/build/ros2_unitree_legged_msgs -- -j22 -l22
[3.253s] DEBUG:colcon.colcon_core.event_handler.log_command:Invoked command in '/home/ruben/go2_deploy/workhop_rl/build/unitree_hg' returned '0': CMAKE_PREFIX_PATH=/opt/ros/humble /usr/bin/cmake /home/ruben/go2_deploy/workhop_rl/src/unitree_ros2/cyclonedds_ws/src/unitree/unitree_hg -DCMAKE_INSTALL_PREFIX=/home/ruben/go2_deploy/workhop_rl/install/unitree_hg
[3.256s] DEBUG:colcon.colcon_core.event_handler.log_command:Invoking command in '/home/ruben/go2_deploy/workhop_rl/build/unitree_hg': CMAKE_PREFIX_PATH=/opt/ros/humble /usr/bin/cmake --build /home/ruben/go2_deploy/workhop_rl/build/unitree_hg -- -j22 -l22
[3.278s] DEBUG:colcon.colcon_core.event_handler.log_command:Invoked command in '/home/ruben/go2_deploy/workhop_rl/build/unitree_go' returned '0': CMAKE_PREFIX_PATH=/opt/ros/humble /usr/bin/cmake /home/ruben/go2_deploy/workhop_rl/src/unitree_ros2/cyclonedds_ws/src/unitree/unitree_go -DCMAKE_INSTALL_PREFIX=/home/ruben/go2_deploy/workhop_rl/install/unitree_go
[3.279s] DEBUG:colcon.colcon_core.event_handler.log_command:Invoking command in '/home/ruben/go2_deploy/workhop_rl/build/unitree_go': CMAKE_PREFIX_PATH=/opt/ros/humble /usr/bin/cmake --build /home/ruben/go2_deploy/workhop_rl/build/unitree_go -- -j22 -l22
[3.360s] DEBUG:colcon.colcon_core.event_handler.log_command:Invoked command in '/home/ruben/go2_deploy/workhop_rl/build/unitree_api' returned '0': CMAKE_PREFIX_PATH=/opt/ros/humble /usr/bin/cmake /home/ruben/go2_deploy/workhop_rl/src/unitree_ros2/cyclonedds_ws/src/unitree/unitree_api -DCMAKE_INSTALL_PREFIX=/home/ruben/go2_deploy/workhop_rl/install/unitree_api
[3.361s] DEBUG:colcon.colcon_core.event_handler.log_command:Invoking command in '/home/ruben/go2_deploy/workhop_rl/build/unitree_api': CMAKE_PREFIX_PATH=/opt/ros/humble /usr/bin/cmake --build /home/ruben/go2_deploy/workhop_rl/build/unitree_api -- -j22 -l22
[13.768s] DEBUG:colcon.colcon_core.event_handler.log_command:Invoked command in '/home/ruben/go2_deploy/workhop_rl/build/cyclonedds' returned '0': CMAKE_PREFIX_PATH=/opt/ros/humble /usr/bin/cmake --build /home/ruben/go2_deploy/workhop_rl/build/cyclonedds -- -j22 -l22
[13.797s] DEBUG:colcon.colcon_core.event_handler.log_command:Invoking command in '/home/ruben/go2_deploy/workhop_rl/build/cyclonedds': CMAKE_PREFIX_PATH=/opt/ros/humble /usr/bin/cmake --install /home/ruben/go2_deploy/workhop_rl/build/cyclonedds
[13.969s] DEBUG:colcon.colcon_core.event_handler.log_command:Invoked command in '/home/ruben/go2_deploy/workhop_rl/build/cyclonedds' returned '0': CMAKE_PREFIX_PATH=/opt/ros/humble /usr/bin/cmake --install /home/ruben/go2_deploy/workhop_rl/build/cyclonedds
[13.969s] Level 1:colcon.colcon_core.shell:create_environment_hook('cyclonedds', 'pkg_config_path')
[13.970s] INFO:colcon.colcon_core.shell:Creating environment hook '/home/ruben/go2_deploy/workhop_rl/install/cyclonedds/share/cyclonedds/hook/pkg_config_path.ps1'
[13.971s] INFO:colcon.colcon_core.shell:Creating environment descriptor '/home/ruben/go2_deploy/workhop_rl/install/cyclonedds/share/cyclonedds/hook/pkg_config_path.dsv'
[13.971s] INFO:colcon.colcon_core.shell:Creating environment hook '/home/ruben/go2_deploy/workhop_rl/install/cyclonedds/share/cyclonedds/hook/pkg_config_path.sh'
[13.976s] Level 1:colcon.colcon_core.shell:create_environment_hook('cyclonedds', 'pkg_config_path_multiarch')
[13.976s] INFO:colcon.colcon_core.shell:Creating environment hook '/home/ruben/go2_deploy/workhop_rl/install/cyclonedds/share/cyclonedds/hook/pkg_config_path_multiarch.ps1'
[13.977s] INFO:colcon.colcon_core.shell:Creating environment descriptor '/home/ruben/go2_deploy/workhop_rl/install/cyclonedds/share/cyclonedds/hook/pkg_config_path_multiarch.dsv'
[13.977s] INFO:colcon.colcon_core.shell:Creating environment hook '/home/ruben/go2_deploy/workhop_rl/install/cyclonedds/share/cyclonedds/hook/pkg_config_path_multiarch.sh'
[13.978s] Level 1:colcon.colcon_core.environment:create_environment_scripts_only(cyclonedds)
[13.990s] Level 1:colcon.colcon_core.environment:checking '/home/ruben/go2_deploy/workhop_rl/install/cyclonedds' for CMake module files
[13.990s] Level 1:colcon.colcon_core.environment:checking '/home/ruben/go2_deploy/workhop_rl/install/cyclonedds' for CMake config files
[13.990s] Level 1:colcon.colcon_core.shell:create_environment_hook('cyclonedds', 'cmake_prefix_path')
[13.991s] INFO:colcon.colcon_core.shell:Creating environment hook '/home/ruben/go2_deploy/workhop_rl/install/cyclonedds/share/cyclonedds/hook/cmake_prefix_path.ps1'
[13.991s] INFO:colcon.colcon_core.shell:Creating environment descriptor '/home/ruben/go2_deploy/workhop_rl/install/cyclonedds/share/cyclonedds/hook/cmake_prefix_path.dsv'
[13.992s] INFO:colcon.colcon_core.shell:Creating environment hook '/home/ruben/go2_deploy/workhop_rl/install/cyclonedds/share/cyclonedds/hook/cmake_prefix_path.sh'
[13.993s] Level 1:colcon.colcon_core.environment:checking '/home/ruben/go2_deploy/workhop_rl/install/cyclonedds/lib'
[13.996s] Level 1:colcon.colcon_core.shell:create_environment_hook('cyclonedds', 'ld_library_path_lib')
[13.996s] INFO:colcon.colcon_core.shell:Creating environment hook '/home/ruben/go2_deploy/workhop_rl/install/cyclonedds/share/cyclonedds/hook/ld_library_path_lib.ps1'
[13.997s] INFO:colcon.colcon_core.shell:Creating environment descriptor '/home/ruben/go2_deploy/workhop_rl/install/cyclonedds/share/cyclonedds/hook/ld_library_path_lib.dsv'
[13.997s] INFO:colcon.colcon_core.shell:Creating environment hook '/home/ruben/go2_deploy/workhop_rl/install/cyclonedds/share/cyclonedds/hook/ld_library_path_lib.sh'
[13.998s] Level 1:colcon.colcon_core.environment:checking '/home/ruben/go2_deploy/workhop_rl/install/cyclonedds/bin'
[13.998s] Level 1:colcon.colcon_core.shell:create_environment_hook('cyclonedds', 'path')
[13.999s] INFO:colcon.colcon_core.shell:Creating environment hook '/home/ruben/go2_deploy/workhop_rl/install/cyclonedds/share/cyclonedds/hook/path.ps1'
[13.999s] INFO:colcon.colcon_core.shell:Creating environment descriptor '/home/ruben/go2_deploy/workhop_rl/install/cyclonedds/share/cyclonedds/hook/path.dsv'
[14.000s] INFO:colcon.colcon_core.shell:Creating environment hook '/home/ruben/go2_deploy/workhop_rl/install/cyclonedds/share/cyclonedds/hook/path.sh'
[14.000s] Level 1:colcon.colcon_core.environment:checking '/home/ruben/go2_deploy/workhop_rl/install/cyclonedds/lib/pkgconfig/cyclonedds.pc'
[14.000s] Level 1:colcon.colcon_core.environment:checking '/home/ruben/go2_deploy/workhop_rl/install/cyclonedds/lib/python3.10/site-packages'
[14.001s] Level 1:colcon.colcon_core.environment:checking '/home/ruben/go2_deploy/workhop_rl/install/cyclonedds/bin'
[14.001s] Level 1:colcon.colcon_core.shell:create_environment_hook('cyclonedds', 'pythonscriptspath')
[14.001s] INFO:colcon.colcon_core.shell:Creating environment hook '/home/ruben/go2_deploy/workhop_rl/install/cyclonedds/share/cyclonedds/hook/pythonscriptspath.ps1'
[14.001s] INFO:colcon.colcon_core.shell:Creating environment descriptor '/home/ruben/go2_deploy/workhop_rl/install/cyclonedds/share/cyclonedds/hook/pythonscriptspath.dsv'
[14.003s] INFO:colcon.colcon_core.shell:Creating environment hook '/home/ruben/go2_deploy/workhop_rl/install/cyclonedds/share/cyclonedds/hook/pythonscriptspath.sh'
[14.004s] INFO:colcon.colcon_core.shell:Creating package script '/home/ruben/go2_deploy/workhop_rl/install/cyclonedds/share/cyclonedds/package.ps1'
[14.005s] INFO:colcon.colcon_core.shell:Creating package descriptor '/home/ruben/go2_deploy/workhop_rl/install/cyclonedds/share/cyclonedds/package.dsv'
[14.006s] INFO:colcon.colcon_core.shell:Creating package script '/home/ruben/go2_deploy/workhop_rl/install/cyclonedds/share/cyclonedds/package.sh'
[14.007s] INFO:colcon.colcon_core.shell:Creating package script '/home/ruben/go2_deploy/workhop_rl/install/cyclonedds/share/cyclonedds/package.bash'
[14.008s] INFO:colcon.colcon_core.shell:Creating package script '/home/ruben/go2_deploy/workhop_rl/install/cyclonedds/share/cyclonedds/package.zsh'
[14.009s] Level 1:colcon.colcon_core.environment:create_file_with_runtime_dependencies(/home/ruben/go2_deploy/workhop_rl/install/cyclonedds/share/colcon-core/packages/cyclonedds)
[14.010s] INFO:colcon.colcon_ros.task.ament_cmake.build:Building ROS package in '/home/ruben/go2_deploy/workhop_rl/src/unitree_ros2/cyclonedds_ws/src/rmw_cyclonedds/rmw_cyclonedds_cpp' with build type 'ament_cmake'
[14.011s] INFO:colcon.colcon_cmake.task.cmake.build:Building CMake package in '/home/ruben/go2_deploy/workhop_rl/src/unitree_ros2/cyclonedds_ws/src/rmw_cyclonedds/rmw_cyclonedds_cpp'
[14.012s] INFO:colcon.colcon_core.shell:Skip shell extension 'powershell' for command environment: Not usable outside of PowerShell
[14.012s] DEBUG:colcon.colcon_core.shell:Skip shell extension 'dsv' for command environment
[14.054s] DEBUG:colcon.colcon_core.event_handler.log_command:Invoking command in '/home/ruben/go2_deploy/workhop_rl/build/rmw_cyclonedds_cpp': CMAKE_PREFIX_PATH=/home/ruben/go2_deploy/workhop_rl/install/cyclonedds:/opt/ros/humble LD_LIBRARY_PATH=/home/ruben/go2_deploy/workhop_rl/install/cyclonedds/lib:${LD_LIBRARY_PATH} PATH=/home/ruben/go2_deploy/workhop_rl/install/cyclonedds/bin:${PATH} PKG_CONFIG_PATH=/home/ruben/go2_deploy/workhop_rl/install/cyclonedds/lib/x86_64-linux-gnu/pkgconfig:/home/ruben/go2_deploy/workhop_rl/install/cyclonedds/lib/pkgconfig /usr/bin/cmake /home/ruben/go2_deploy/workhop_rl/src/unitree_ros2/cyclonedds_ws/src/rmw_cyclonedds/rmw_cyclonedds_cpp -DCMAKE_INSTALL_PREFIX=/home/ruben/go2_deploy/workhop_rl/install/rmw_cyclonedds_cpp
[14.808s] DEBUG:colcon.colcon_core.event_handler.log_command:Invoked command in '/home/ruben/go2_deploy/workhop_rl/build/unitree_api' returned '0': CMAKE_PREFIX_PATH=/opt/ros/humble /usr/bin/cmake --build /home/ruben/go2_deploy/workhop_rl/build/unitree_api -- -j22 -l22
[14.810s] DEBUG:colcon.colcon_core.event_handler.log_command:Invoking command in '/home/ruben/go2_deploy/workhop_rl/build/unitree_api': CMAKE_PREFIX_PATH=/opt/ros/humble /usr/bin/cmake --install /home/ruben/go2_deploy/workhop_rl/build/unitree_api
[14.943s] Level 1:colcon.colcon_core.environment:create_environment_scripts_only(unitree_api)
[14.943s] Level 1:colcon.colcon_core.environment:checking '/home/ruben/go2_deploy/workhop_rl/install/unitree_api' for CMake module files
[14.944s] DEBUG:colcon.colcon_core.event_handler.log_command:Invoked command in '/home/ruben/go2_deploy/workhop_rl/build/unitree_api' returned '0': CMAKE_PREFIX_PATH=/opt/ros/humble /usr/bin/cmake --install /home/ruben/go2_deploy/workhop_rl/build/unitree_api
[14.944s] Level 1:colcon.colcon_core.environment:checking '/home/ruben/go2_deploy/workhop_rl/install/unitree_api' for CMake config files
[14.945s] Level 1:colcon.colcon_core.shell:create_environment_hook('unitree_api', 'cmake_prefix_path')
[14.945s] INFO:colcon.colcon_core.shell:Creating environment hook '/home/ruben/go2_deploy/workhop_rl/install/unitree_api/share/unitree_api/hook/cmake_prefix_path.ps1'
[14.946s] INFO:colcon.colcon_core.shell:Creating environment descriptor '/home/ruben/go2_deploy/workhop_rl/install/unitree_api/share/unitree_api/hook/cmake_prefix_path.dsv'
[14.946s] INFO:colcon.colcon_core.shell:Creating environment hook '/home/ruben/go2_deploy/workhop_rl/install/unitree_api/share/unitree_api/hook/cmake_prefix_path.sh'
[14.946s] Level 1:colcon.colcon_core.environment:checking '/home/ruben/go2_deploy/workhop_rl/install/unitree_api/lib'
[14.946s] Level 1:colcon.colcon_core.shell:create_environment_hook('unitree_api', 'ld_library_path_lib')
[14.947s] INFO:colcon.colcon_core.shell:Creating environment hook '/home/ruben/go2_deploy/workhop_rl/install/unitree_api/share/unitree_api/hook/ld_library_path_lib.ps1'
[14.947s] INFO:colcon.colcon_core.shell:Creating environment descriptor '/home/ruben/go2_deploy/workhop_rl/install/unitree_api/share/unitree_api/hook/ld_library_path_lib.dsv'
[14.947s] INFO:colcon.colcon_core.shell:Creating environment hook '/home/ruben/go2_deploy/workhop_rl/install/unitree_api/share/unitree_api/hook/ld_library_path_lib.sh'
[14.948s] Level 1:colcon.colcon_core.environment:checking '/home/ruben/go2_deploy/workhop_rl/install/unitree_api/bin'
[14.948s] Level 1:colcon.colcon_core.environment:checking '/home/ruben/go2_deploy/workhop_rl/install/unitree_api/lib/pkgconfig/unitree_api.pc'
[14.948s] Level 1:colcon.colcon_core.environment:checking '/home/ruben/go2_deploy/workhop_rl/install/unitree_api/lib/python3.10/site-packages'
[14.948s] Level 1:colcon.colcon_core.environment:checking '/home/ruben/go2_deploy/workhop_rl/install/unitree_api/bin'
[14.948s] INFO:colcon.colcon_core.shell:Creating package script '/home/ruben/go2_deploy/workhop_rl/install/unitree_api/share/unitree_api/package.ps1'
[14.949s] INFO:colcon.colcon_core.shell:Creating package descriptor '/home/ruben/go2_deploy/workhop_rl/install/unitree_api/share/unitree_api/package.dsv'
[14.989s] INFO:colcon.colcon_core.shell:Creating package script '/home/ruben/go2_deploy/workhop_rl/install/unitree_api/share/unitree_api/package.sh'
[14.989s] INFO:colcon.colcon_core.shell:Creating package script '/home/ruben/go2_deploy/workhop_rl/install/unitree_api/share/unitree_api/package.bash'
[14.989s] INFO:colcon.colcon_core.shell:Creating package script '/home/ruben/go2_deploy/workhop_rl/install/unitree_api/share/unitree_api/package.zsh'
[14.990s] Level 1:colcon.colcon_core.environment:create_file_with_runtime_dependencies(/home/ruben/go2_deploy/workhop_rl/install/unitree_api/share/colcon-core/packages/unitree_api)
[14.990s] Level 1:colcon.colcon_core.environment:create_environment_scripts_only(unitree_api)
[14.991s] Level 1:colcon.colcon_core.environment:checking '/home/ruben/go2_deploy/workhop_rl/install/unitree_api' for CMake module files
[14.991s] Level 1:colcon.colcon_core.environment:checking '/home/ruben/go2_deploy/workhop_rl/install/unitree_api' for CMake config files
[14.992s] Level 1:colcon.colcon_core.shell:create_environment_hook('unitree_api', 'cmake_prefix_path')
[14.992s] INFO:colcon.colcon_core.shell:Creating environment hook '/home/ruben/go2_deploy/workhop_rl/install/unitree_api/share/unitree_api/hook/cmake_prefix_path.ps1'
[14.993s] INFO:colcon.colcon_core.shell:Creating environment descriptor '/home/ruben/go2_deploy/workhop_rl/install/unitree_api/share/unitree_api/hook/cmake_prefix_path.dsv'
[15.017s] INFO:colcon.colcon_core.shell:Creating environment hook '/home/ruben/go2_deploy/workhop_rl/install/unitree_api/share/unitree_api/hook/cmake_prefix_path.sh'
[15.018s] Level 1:colcon.colcon_core.environment:checking '/home/ruben/go2_deploy/workhop_rl/install/unitree_api/lib'
[15.018s] Level 1:colcon.colcon_core.shell:create_environment_hook('unitree_api', 'ld_library_path_lib')
[15.018s] INFO:colcon.colcon_core.shell:Creating environment hook '/home/ruben/go2_deploy/workhop_rl/install/unitree_api/share/unitree_api/hook/ld_library_path_lib.ps1'
[15.019s] INFO:colcon.colcon_core.shell:Creating environment descriptor '/home/ruben/go2_deploy/workhop_rl/install/unitree_api/share/unitree_api/hook/ld_library_path_lib.dsv'
[15.019s] INFO:colcon.colcon_core.shell:Creating environment hook '/home/ruben/go2_deploy/workhop_rl/install/unitree_api/share/unitree_api/hook/ld_library_path_lib.sh'
[15.020s] Level 1:colcon.colcon_core.environment:checking '/home/ruben/go2_deploy/workhop_rl/install/unitree_api/bin'
[15.020s] Level 1:colcon.colcon_core.environment:checking '/home/ruben/go2_deploy/workhop_rl/install/unitree_api/lib/pkgconfig/unitree_api.pc'
[15.021s] Level 1:colcon.colcon_core.environment:checking '/home/ruben/go2_deploy/workhop_rl/install/unitree_api/lib/python3.10/site-packages'
[15.021s] Level 1:colcon.colcon_core.environment:checking '/home/ruben/go2_deploy/workhop_rl/install/unitree_api/bin'
[15.021s] INFO:colcon.colcon_core.shell:Creating package script '/home/ruben/go2_deploy/workhop_rl/install/unitree_api/share/unitree_api/package.ps1'
[15.021s] INFO:colcon.colcon_core.shell:Creating package descriptor '/home/ruben/go2_deploy/workhop_rl/install/unitree_api/share/unitree_api/package.dsv'
[15.022s] INFO:colcon.colcon_core.shell:Creating package script '/home/ruben/go2_deploy/workhop_rl/install/unitree_api/share/unitree_api/package.sh'
[15.022s] INFO:colcon.colcon_core.shell:Creating package script '/home/ruben/go2_deploy/workhop_rl/install/unitree_api/share/unitree_api/package.bash'
[15.023s] INFO:colcon.colcon_core.shell:Creating package script '/home/ruben/go2_deploy/workhop_rl/install/unitree_api/share/unitree_api/package.zsh'
[15.023s] Level 1:colcon.colcon_core.environment:create_file_with_runtime_dependencies(/home/ruben/go2_deploy/workhop_rl/install/unitree_api/share/colcon-core/packages/unitree_api)
[15.026s] DEBUG:colcon.colcon_core.event_handler.log_command:Invoked command in '/home/ruben/go2_deploy/workhop_rl/build/unitree_hg' returned '0': CMAKE_PREFIX_PATH=/opt/ros/humble /usr/bin/cmake --build /home/ruben/go2_deploy/workhop_rl/build/unitree_hg -- -j22 -l22
[15.028s] DEBUG:colcon.colcon_core.event_handler.log_command:Invoking command in '/home/ruben/go2_deploy/workhop_rl/build/unitree_hg': CMAKE_PREFIX_PATH=/opt/ros/humble /usr/bin/cmake --install /home/ruben/go2_deploy/workhop_rl/build/unitree_hg
[15.134s] Level 1:colcon.colcon_core.environment:create_environment_scripts_only(unitree_hg)
[15.134s] DEBUG:colcon.colcon_core.event_handler.log_command:Invoked command in '/home/ruben/go2_deploy/workhop_rl/build/unitree_hg' returned '0': CMAKE_PREFIX_PATH=/opt/ros/humble /usr/bin/cmake --install /home/ruben/go2_deploy/workhop_rl/build/unitree_hg
[15.134s] Level 1:colcon.colcon_core.environment:checking '/home/ruben/go2_deploy/workhop_rl/install/unitree_hg' for CMake module files
[15.135s] Level 1:colcon.colcon_core.environment:checking '/home/ruben/go2_deploy/workhop_rl/install/unitree_hg' for CMake config files
[15.135s] Level 1:colcon.colcon_core.shell:create_environment_hook('unitree_hg', 'cmake_prefix_path')
[15.136s] INFO:colcon.colcon_core.shell:Creating environment hook '/home/ruben/go2_deploy/workhop_rl/install/unitree_hg/share/unitree_hg/hook/cmake_prefix_path.ps1'
[15.136s] INFO:colcon.colcon_core.shell:Creating environment descriptor '/home/ruben/go2_deploy/workhop_rl/install/unitree_hg/share/unitree_hg/hook/cmake_prefix_path.dsv'
[15.136s] INFO:colcon.colcon_core.shell:Creating environment hook '/home/ruben/go2_deploy/workhop_rl/install/unitree_hg/share/unitree_hg/hook/cmake_prefix_path.sh'
[15.137s] Level 1:colcon.colcon_core.environment:checking '/home/ruben/go2_deploy/workhop_rl/install/unitree_hg/lib'
[15.137s] Level 1:colcon.colcon_core.shell:create_environment_hook('unitree_hg', 'ld_library_path_lib')
[15.137s] INFO:colcon.colcon_core.shell:Creating environment hook '/home/ruben/go2_deploy/workhop_rl/install/unitree_hg/share/unitree_hg/hook/ld_library_path_lib.ps1'
[15.137s] INFO:colcon.colcon_core.shell:Creating environment descriptor '/home/ruben/go2_deploy/workhop_rl/install/unitree_hg/share/unitree_hg/hook/ld_library_path_lib.dsv'
[15.138s] INFO:colcon.colcon_core.shell:Creating environment hook '/home/ruben/go2_deploy/workhop_rl/install/unitree_hg/share/unitree_hg/hook/ld_library_path_lib.sh'
[15.138s] Level 1:colcon.colcon_core.environment:checking '/home/ruben/go2_deploy/workhop_rl/install/unitree_hg/bin'
[15.138s] Level 1:colcon.colcon_core.environment:checking '/home/ruben/go2_deploy/workhop_rl/install/unitree_hg/lib/pkgconfig/unitree_hg.pc'
[15.138s] Level 1:colcon.colcon_core.environment:checking '/home/ruben/go2_deploy/workhop_rl/install/unitree_hg/lib/python3.10/site-packages'
[15.138s] Level 1:colcon.colcon_core.environment:checking '/home/ruben/go2_deploy/workhop_rl/install/unitree_hg/bin'
[15.139s] INFO:colcon.colcon_core.shell:Creating package script '/home/ruben/go2_deploy/workhop_rl/install/unitree_hg/share/unitree_hg/package.ps1'
[15.139s] INFO:colcon.colcon_core.shell:Creating package descriptor '/home/ruben/go2_deploy/workhop_rl/install/unitree_hg/share/unitree_hg/package.dsv'
[15.140s] INFO:colcon.colcon_core.shell:Creating package script '/home/ruben/go2_deploy/workhop_rl/install/unitree_hg/share/unitree_hg/package.sh'
[15.140s] INFO:colcon.colcon_core.shell:Creating package script '/home/ruben/go2_deploy/workhop_rl/install/unitree_hg/share/unitree_hg/package.bash'
[15.140s] INFO:colcon.colcon_core.shell:Creating package script '/home/ruben/go2_deploy/workhop_rl/install/unitree_hg/share/unitree_hg/package.zsh'
[15.140s] Level 1:colcon.colcon_core.environment:create_file_with_runtime_dependencies(/home/ruben/go2_deploy/workhop_rl/install/unitree_hg/share/colcon-core/packages/unitree_hg)
[15.141s] Level 1:colcon.colcon_core.environment:create_environment_scripts_only(unitree_hg)
[15.141s] Level 1:colcon.colcon_core.environment:checking '/home/ruben/go2_deploy/workhop_rl/install/unitree_hg' for CMake module files
[15.142s] Level 1:colcon.colcon_core.environment:checking '/home/ruben/go2_deploy/workhop_rl/install/unitree_hg' for CMake config files
[15.142s] Level 1:colcon.colcon_core.shell:create_environment_hook('unitree_hg', 'cmake_prefix_path')
[15.143s] INFO:colcon.colcon_core.shell:Creating environment hook '/home/ruben/go2_deploy/workhop_rl/install/unitree_hg/share/unitree_hg/hook/cmake_prefix_path.ps1'
[15.143s] INFO:colcon.colcon_core.shell:Creating environment descriptor '/home/ruben/go2_deploy/workhop_rl/install/unitree_hg/share/unitree_hg/hook/cmake_prefix_path.dsv'
[15.143s] INFO:colcon.colcon_core.shell:Creating environment hook '/home/ruben/go2_deploy/workhop_rl/install/unitree_hg/share/unitree_hg/hook/cmake_prefix_path.sh'
[15.144s] Level 1:colcon.colcon_core.environment:checking '/home/ruben/go2_deploy/workhop_rl/install/unitree_hg/lib'
[15.145s] Level 1:colcon.colcon_core.shell:create_environment_hook('unitree_hg', 'ld_library_path_lib')
[15.145s] INFO:colcon.colcon_core.shell:Creating environment hook '/home/ruben/go2_deploy/workhop_rl/install/unitree_hg/share/unitree_hg/hook/ld_library_path_lib.ps1'
[15.145s] INFO:colcon.colcon_core.shell:Creating environment descriptor '/home/ruben/go2_deploy/workhop_rl/install/unitree_hg/share/unitree_hg/hook/ld_library_path_lib.dsv'
[15.146s] INFO:colcon.colcon_core.shell:Creating environment hook '/home/ruben/go2_deploy/workhop_rl/install/unitree_hg/share/unitree_hg/hook/ld_library_path_lib.sh'
[15.146s] Level 1:colcon.colcon_core.environment:checking '/home/ruben/go2_deploy/workhop_rl/install/unitree_hg/bin'
[15.146s] Level 1:colcon.colcon_core.environment:checking '/home/ruben/go2_deploy/workhop_rl/install/unitree_hg/lib/pkgconfig/unitree_hg.pc'
[15.146s] Level 1:colcon.colcon_core.environment:checking '/home/ruben/go2_deploy/workhop_rl/install/unitree_hg/lib/python3.10/site-packages'
[15.147s] Level 1:colcon.colcon_core.environment:checking '/home/ruben/go2_deploy/workhop_rl/install/unitree_hg/bin'
[15.147s] INFO:colcon.colcon_core.shell:Creating package script '/home/ruben/go2_deploy/workhop_rl/install/unitree_hg/share/unitree_hg/package.ps1'
[15.148s] INFO:colcon.colcon_core.shell:Creating package descriptor '/home/ruben/go2_deploy/workhop_rl/install/unitree_hg/share/unitree_hg/package.dsv'
[15.149s] INFO:colcon.colcon_core.shell:Creating package script '/home/ruben/go2_deploy/workhop_rl/install/unitree_hg/share/unitree_hg/package.sh'
[15.149s] INFO:colcon.colcon_core.shell:Creating package script '/home/ruben/go2_deploy/workhop_rl/install/unitree_hg/share/unitree_hg/package.bash'
[15.150s] INFO:colcon.colcon_core.shell:Creating package script '/home/ruben/go2_deploy/workhop_rl/install/unitree_hg/share/unitree_hg/package.zsh'
[15.150s] Level 1:colcon.colcon_core.environment:create_file_with_runtime_dependencies(/home/ruben/go2_deploy/workhop_rl/install/unitree_hg/share/colcon-core/packages/unitree_hg)
[15.271s] DEBUG:colcon.colcon_core.event_handler.log_command:Invoked command in '/home/ruben/go2_deploy/workhop_rl/build/rmw_cyclonedds_cpp' returned '0': CMAKE_PREFIX_PATH=/home/ruben/go2_deploy/workhop_rl/install/cyclonedds:/opt/ros/humble LD_LIBRARY_PATH=/home/ruben/go2_deploy/workhop_rl/install/cyclonedds/lib:${LD_LIBRARY_PATH} PATH=/home/ruben/go2_deploy/workhop_rl/install/cyclonedds/bin:${PATH} PKG_CONFIG_PATH=/home/ruben/go2_deploy/workhop_rl/install/cyclonedds/lib/x86_64-linux-gnu/pkgconfig:/home/ruben/go2_deploy/workhop_rl/install/cyclonedds/lib/pkgconfig /usr/bin/cmake /home/ruben/go2_deploy/workhop_rl/src/unitree_ros2/cyclonedds_ws/src/rmw_cyclonedds/rmw_cyclonedds_cpp -DCMAKE_INSTALL_PREFIX=/home/ruben/go2_deploy/workhop_rl/install/rmw_cyclonedds_cpp
[15.273s] DEBUG:colcon.colcon_core.event_handler.log_command:Invoking command in '/home/ruben/go2_deploy/workhop_rl/build/rmw_cyclonedds_cpp': CMAKE_PREFIX_PATH=/home/ruben/go2_deploy/workhop_rl/install/cyclonedds:/opt/ros/humble LD_LIBRARY_PATH=/home/ruben/go2_deploy/workhop_rl/install/cyclonedds/lib:${LD_LIBRARY_PATH} PATH=/home/ruben/go2_deploy/workhop_rl/install/cyclonedds/bin:${PATH} PKG_CONFIG_PATH=/home/ruben/go2_deploy/workhop_rl/install/cyclonedds/lib/x86_64-linux-gnu/pkgconfig:/home/ruben/go2_deploy/workhop_rl/install/cyclonedds/lib/pkgconfig /usr/bin/cmake --build /home/ruben/go2_deploy/workhop_rl/build/rmw_cyclonedds_cpp -- -j22 -l22
[15.775s] DEBUG:colcon.colcon_core.event_handler.log_command:Invoked command in '/home/ruben/go2_deploy/workhop_rl/build/ros2_unitree_legged_msgs' returned '0': CMAKE_PREFIX_PATH=/opt/ros/humble /usr/bin/cmake --build /home/ruben/go2_deploy/workhop_rl/build/ros2_unitree_legged_msgs -- -j22 -l22
[15.777s] DEBUG:colcon.colcon_core.event_handler.log_command:Invoking command in '/home/ruben/go2_deploy/workhop_rl/build/ros2_unitree_legged_msgs': CMAKE_PREFIX_PATH=/opt/ros/humble /usr/bin/cmake --install /home/ruben/go2_deploy/workhop_rl/build/ros2_unitree_legged_msgs
[15.868s] Level 1:colcon.colcon_core.environment:create_environment_scripts_only(ros2_unitree_legged_msgs)
[15.869s] Level 1:colcon.colcon_core.environment:checking '/home/ruben/go2_deploy/workhop_rl/install/ros2_unitree_legged_msgs' for CMake module files
[15.869s] DEBUG:colcon.colcon_core.event_handler.log_command:Invoked command in '/home/ruben/go2_deploy/workhop_rl/build/ros2_unitree_legged_msgs' returned '0': CMAKE_PREFIX_PATH=/opt/ros/humble /usr/bin/cmake --install /home/ruben/go2_deploy/workhop_rl/build/ros2_unitree_legged_msgs
[15.870s] Level 1:colcon.colcon_core.environment:checking '/home/ruben/go2_deploy/workhop_rl/install/ros2_unitree_legged_msgs' for CMake config files
[15.870s] Level 1:colcon.colcon_core.shell:create_environment_hook('ros2_unitree_legged_msgs', 'cmake_prefix_path')
[15.871s] INFO:colcon.colcon_core.shell:Creating environment hook '/home/ruben/go2_deploy/workhop_rl/install/ros2_unitree_legged_msgs/share/ros2_unitree_legged_msgs/hook/cmake_prefix_path.ps1'
[15.871s] INFO:colcon.colcon_core.shell:Creating environment descriptor '/home/ruben/go2_deploy/workhop_rl/install/ros2_unitree_legged_msgs/share/ros2_unitree_legged_msgs/hook/cmake_prefix_path.dsv'
[15.872s] INFO:colcon.colcon_core.shell:Creating environment hook '/home/ruben/go2_deploy/workhop_rl/install/ros2_unitree_legged_msgs/share/ros2_unitree_legged_msgs/hook/cmake_prefix_path.sh'
[15.872s] Level 1:colcon.colcon_core.environment:checking '/home/ruben/go2_deploy/workhop_rl/install/ros2_unitree_legged_msgs/lib'
[15.872s] Level 1:colcon.colcon_core.shell:create_environment_hook('ros2_unitree_legged_msgs', 'ld_library_path_lib')
[15.872s] INFO:colcon.colcon_core.shell:Creating environment hook '/home/ruben/go2_deploy/workhop_rl/install/ros2_unitree_legged_msgs/share/ros2_unitree_legged_msgs/hook/ld_library_path_lib.ps1'
[15.873s] INFO:colcon.colcon_core.shell:Creating environment descriptor '/home/ruben/go2_deploy/workhop_rl/install/ros2_unitree_legged_msgs/share/ros2_unitree_legged_msgs/hook/ld_library_path_lib.dsv'
[15.873s] INFO:colcon.colcon_core.shell:Creating environment hook '/home/ruben/go2_deploy/workhop_rl/install/ros2_unitree_legged_msgs/share/ros2_unitree_legged_msgs/hook/ld_library_path_lib.sh'
[15.873s] Level 1:colcon.colcon_core.environment:checking '/home/ruben/go2_deploy/workhop_rl/install/ros2_unitree_legged_msgs/bin'
[15.873s] Level 1:colcon.colcon_core.environment:checking '/home/ruben/go2_deploy/workhop_rl/install/ros2_unitree_legged_msgs/lib/pkgconfig/ros2_unitree_legged_msgs.pc'
[15.874s] Level 1:colcon.colcon_core.environment:checking '/home/ruben/go2_deploy/workhop_rl/install/ros2_unitree_legged_msgs/lib/python3.10/site-packages'
[15.874s] Level 1:colcon.colcon_core.environment:checking '/home/ruben/go2_deploy/workhop_rl/install/ros2_unitree_legged_msgs/bin'
[15.874s] INFO:colcon.colcon_core.shell:Creating package script '/home/ruben/go2_deploy/workhop_rl/install/ros2_unitree_legged_msgs/share/ros2_unitree_legged_msgs/package.ps1'
[15.875s] INFO:colcon.colcon_core.shell:Creating package descriptor '/home/ruben/go2_deploy/workhop_rl/install/ros2_unitree_legged_msgs/share/ros2_unitree_legged_msgs/package.dsv'
[15.875s] INFO:colcon.colcon_core.shell:Creating package script '/home/ruben/go2_deploy/workhop_rl/install/ros2_unitree_legged_msgs/share/ros2_unitree_legged_msgs/package.sh'
[15.875s] INFO:colcon.colcon_core.shell:Creating package script '/home/ruben/go2_deploy/workhop_rl/install/ros2_unitree_legged_msgs/share/ros2_unitree_legged_msgs/package.bash'
[15.876s] INFO:colcon.colcon_core.shell:Creating package script '/home/ruben/go2_deploy/workhop_rl/install/ros2_unitree_legged_msgs/share/ros2_unitree_legged_msgs/package.zsh'
[15.876s] Level 1:colcon.colcon_core.environment:create_file_with_runtime_dependencies(/home/ruben/go2_deploy/workhop_rl/install/ros2_unitree_legged_msgs/share/colcon-core/packages/ros2_unitree_legged_msgs)
[15.877s] Level 1:colcon.colcon_core.environment:create_environment_scripts_only(ros2_unitree_legged_msgs)
[15.877s] Level 1:colcon.colcon_core.environment:checking '/home/ruben/go2_deploy/workhop_rl/install/ros2_unitree_legged_msgs' for CMake module files
[15.877s] Level 1:colcon.colcon_core.environment:checking '/home/ruben/go2_deploy/workhop_rl/install/ros2_unitree_legged_msgs' for CMake config files
[15.878s] Level 1:colcon.colcon_core.shell:create_environment_hook('ros2_unitree_legged_msgs', 'cmake_prefix_path')
[15.878s] INFO:colcon.colcon_core.shell:Creating environment hook '/home/ruben/go2_deploy/workhop_rl/install/ros2_unitree_legged_msgs/share/ros2_unitree_legged_msgs/hook/cmake_prefix_path.ps1'
[15.878s] INFO:colcon.colcon_core.shell:Creating environment descriptor '/home/ruben/go2_deploy/workhop_rl/install/ros2_unitree_legged_msgs/share/ros2_unitree_legged_msgs/hook/cmake_prefix_path.dsv'
[15.879s] INFO:colcon.colcon_core.shell:Creating environment hook '/home/ruben/go2_deploy/workhop_rl/install/ros2_unitree_legged_msgs/share/ros2_unitree_legged_msgs/hook/cmake_prefix_path.sh'
[15.879s] Level 1:colcon.colcon_core.environment:checking '/home/ruben/go2_deploy/workhop_rl/install/ros2_unitree_legged_msgs/lib'
[15.879s] Level 1:colcon.colcon_core.shell:create_environment_hook('ros2_unitree_legged_msgs', 'ld_library_path_lib')
[15.880s] INFO:colcon.colcon_core.shell:Creating environment hook '/home/ruben/go2_deploy/workhop_rl/install/ros2_unitree_legged_msgs/share/ros2_unitree_legged_msgs/hook/ld_library_path_lib.ps1'
[15.880s] INFO:colcon.colcon_core.shell:Creating environment descriptor '/home/ruben/go2_deploy/workhop_rl/install/ros2_unitree_legged_msgs/share/ros2_unitree_legged_msgs/hook/ld_library_path_lib.dsv'
[15.880s] INFO:colcon.colcon_core.shell:Creating environment hook '/home/ruben/go2_deploy/workhop_rl/install/ros2_unitree_legged_msgs/share/ros2_unitree_legged_msgs/hook/ld_library_path_lib.sh'
[15.881s] Level 1:colcon.colcon_core.environment:checking '/home/ruben/go2_deploy/workhop_rl/install/ros2_unitree_legged_msgs/bin'
[15.881s] Level 1:colcon.colcon_core.environment:checking '/home/ruben/go2_deploy/workhop_rl/install/ros2_unitree_legged_msgs/lib/pkgconfig/ros2_unitree_legged_msgs.pc'
[15.881s] Level 1:colcon.colcon_core.environment:checking '/home/ruben/go2_deploy/workhop_rl/install/ros2_unitree_legged_msgs/lib/python3.10/site-packages'
[15.881s] Level 1:colcon.colcon_core.environment:checking '/home/ruben/go2_deploy/workhop_rl/install/ros2_unitree_legged_msgs/bin'
[15.881s] INFO:colcon.colcon_core.shell:Creating package script '/home/ruben/go2_deploy/workhop_rl/install/ros2_unitree_legged_msgs/share/ros2_unitree_legged_msgs/package.ps1'
[15.882s] INFO:colcon.colcon_core.shell:Creating package descriptor '/home/ruben/go2_deploy/workhop_rl/install/ros2_unitree_legged_msgs/share/ros2_unitree_legged_msgs/package.dsv'
[15.882s] INFO:colcon.colcon_core.shell:Creating package script '/home/ruben/go2_deploy/workhop_rl/install/ros2_unitree_legged_msgs/share/ros2_unitree_legged_msgs/package.sh'
[15.883s] INFO:colcon.colcon_core.shell:Creating package script '/home/ruben/go2_deploy/workhop_rl/install/ros2_unitree_legged_msgs/share/ros2_unitree_legged_msgs/package.bash'
[15.883s] INFO:colcon.colcon_core.shell:Creating package script '/home/ruben/go2_deploy/workhop_rl/install/ros2_unitree_legged_msgs/share/ros2_unitree_legged_msgs/package.zsh'
[15.884s] Level 1:colcon.colcon_core.environment:create_file_with_runtime_dependencies(/home/ruben/go2_deploy/workhop_rl/install/ros2_unitree_legged_msgs/share/colcon-core/packages/ros2_unitree_legged_msgs)
[15.884s] INFO:colcon.colcon_ros.task.ament_cmake.build:Building ROS package in '/home/ruben/go2_deploy/workhop_rl/src/unitree_rl_controller-ros2' with build type 'ament_cmake'
[15.884s] INFO:colcon.colcon_cmake.task.cmake.build:Building CMake package in '/home/ruben/go2_deploy/workhop_rl/src/unitree_rl_controller-ros2'
[15.884s] INFO:colcon.colcon_core.shell:Skip shell extension 'powershell' for command environment: Not usable outside of PowerShell
[15.884s] DEBUG:colcon.colcon_core.shell:Skip shell extension 'dsv' for command environment
[15.892s] DEBUG:colcon.colcon_core.event_handler.log_command:Invoking command in '/home/ruben/go2_deploy/workhop_rl/build/unitree_rl_controller': AMENT_PREFIX_PATH=/home/ruben/go2_deploy/workhop_rl/install/ros2_unitree_legged_msgs:${AMENT_PREFIX_PATH} CMAKE_PREFIX_PATH=/home/ruben/go2_deploy/workhop_rl/install/ros2_unitree_legged_msgs:/opt/ros/humble LD_LIBRARY_PATH=/home/ruben/go2_deploy/workhop_rl/install/ros2_unitree_legged_msgs/lib:${LD_LIBRARY_PATH} PYTHONPATH=/home/ruben/go2_deploy/workhop_rl/install/ros2_unitree_legged_msgs/local/lib/python3.10/dist-packages:${PYTHONPATH} /usr/bin/cmake /home/ruben/go2_deploy/workhop_rl/src/unitree_rl_controller-ros2 -DCMAKE_INSTALL_PREFIX=/home/ruben/go2_deploy/workhop_rl/install/unitree_rl_controller
[17.259s] DEBUG:colcon.colcon_core.event_handler.log_command:Invoked command in '/home/ruben/go2_deploy/workhop_rl/build/unitree_go' returned '0': CMAKE_PREFIX_PATH=/opt/ros/humble /usr/bin/cmake --build /home/ruben/go2_deploy/workhop_rl/build/unitree_go -- -j22 -l22
[17.260s] DEBUG:colcon.colcon_core.event_handler.log_command:Invoking command in '/home/ruben/go2_deploy/workhop_rl/build/unitree_go': CMAKE_PREFIX_PATH=/opt/ros/humble /usr/bin/cmake --install /home/ruben/go2_deploy/workhop_rl/build/unitree_go
[17.361s] Level 1:colcon.colcon_core.environment:create_environment_scripts_only(unitree_go)
[17.361s] Level 1:colcon.colcon_core.environment:checking '/home/ruben/go2_deploy/workhop_rl/install/unitree_go' for CMake module files
[17.362s] DEBUG:colcon.colcon_core.event_handler.log_command:Invoked command in '/home/ruben/go2_deploy/workhop_rl/build/unitree_go' returned '0': CMAKE_PREFIX_PATH=/opt/ros/humble /usr/bin/cmake --install /home/ruben/go2_deploy/workhop_rl/build/unitree_go
[17.362s] Level 1:colcon.colcon_core.environment:checking '/home/ruben/go2_deploy/workhop_rl/install/unitree_go' for CMake config files
[17.362s] Level 1:colcon.colcon_core.shell:create_environment_hook('unitree_go', 'cmake_prefix_path')
[17.363s] INFO:colcon.colcon_core.shell:Creating environment hook '/home/ruben/go2_deploy/workhop_rl/install/unitree_go/share/unitree_go/hook/cmake_prefix_path.ps1'
[17.363s] INFO:colcon.colcon_core.shell:Creating environment descriptor '/home/ruben/go2_deploy/workhop_rl/install/unitree_go/share/unitree_go/hook/cmake_prefix_path.dsv'
[17.363s] INFO:colcon.colcon_core.shell:Creating environment hook '/home/ruben/go2_deploy/workhop_rl/install/unitree_go/share/unitree_go/hook/cmake_prefix_path.sh'
[17.364s] Level 1:colcon.colcon_core.environment:checking '/home/ruben/go2_deploy/workhop_rl/install/unitree_go/lib'
[17.364s] Level 1:colcon.colcon_core.shell:create_environment_hook('unitree_go', 'ld_library_path_lib')
[17.364s] INFO:colcon.colcon_core.shell:Creating environment hook '/home/ruben/go2_deploy/workhop_rl/install/unitree_go/share/unitree_go/hook/ld_library_path_lib.ps1'
[17.364s] INFO:colcon.colcon_core.shell:Creating environment descriptor '/home/ruben/go2_deploy/workhop_rl/install/unitree_go/share/unitree_go/hook/ld_library_path_lib.dsv'
[17.364s] INFO:colcon.colcon_core.shell:Creating environment hook '/home/ruben/go2_deploy/workhop_rl/install/unitree_go/share/unitree_go/hook/ld_library_path_lib.sh'
[17.365s] Level 1:colcon.colcon_core.environment:checking '/home/ruben/go2_deploy/workhop_rl/install/unitree_go/bin'
[17.365s] Level 1:colcon.colcon_core.environment:checking '/home/ruben/go2_deploy/workhop_rl/install/unitree_go/lib/pkgconfig/unitree_go.pc'
[17.365s] Level 1:colcon.colcon_core.environment:checking '/home/ruben/go2_deploy/workhop_rl/install/unitree_go/lib/python3.10/site-packages'
[17.365s] Level 1:colcon.colcon_core.environment:checking '/home/ruben/go2_deploy/workhop_rl/install/unitree_go/bin'
[17.365s] INFO:colcon.colcon_core.shell:Creating package script '/home/ruben/go2_deploy/workhop_rl/install/unitree_go/share/unitree_go/package.ps1'
[17.366s] INFO:colcon.colcon_core.shell:Creating package descriptor '/home/ruben/go2_deploy/workhop_rl/install/unitree_go/share/unitree_go/package.dsv'
[17.366s] INFO:colcon.colcon_core.shell:Creating package script '/home/ruben/go2_deploy/workhop_rl/install/unitree_go/share/unitree_go/package.sh'
[17.366s] INFO:colcon.colcon_core.shell:Creating package script '/home/ruben/go2_deploy/workhop_rl/install/unitree_go/share/unitree_go/package.bash'
[17.366s] INFO:colcon.colcon_core.shell:Creating package script '/home/ruben/go2_deploy/workhop_rl/install/unitree_go/share/unitree_go/package.zsh'
[17.366s] Level 1:colcon.colcon_core.environment:create_file_with_runtime_dependencies(/home/ruben/go2_deploy/workhop_rl/install/unitree_go/share/colcon-core/packages/unitree_go)
[17.367s] Level 1:colcon.colcon_core.environment:create_environment_scripts_only(unitree_go)
[17.367s] Level 1:colcon.colcon_core.environment:checking '/home/ruben/go2_deploy/workhop_rl/install/unitree_go' for CMake module files
[17.367s] Level 1:colcon.colcon_core.environment:checking '/home/ruben/go2_deploy/workhop_rl/install/unitree_go' for CMake config files
[17.368s] Level 1:colcon.colcon_core.shell:create_environment_hook('unitree_go', 'cmake_prefix_path')
[17.368s] INFO:colcon.colcon_core.shell:Creating environment hook '/home/ruben/go2_deploy/workhop_rl/install/unitree_go/share/unitree_go/hook/cmake_prefix_path.ps1'
[17.368s] INFO:colcon.colcon_core.shell:Creating environment descriptor '/home/ruben/go2_deploy/workhop_rl/install/unitree_go/share/unitree_go/hook/cmake_prefix_path.dsv'
[17.369s] INFO:colcon.colcon_core.shell:Creating environment hook '/home/ruben/go2_deploy/workhop_rl/install/unitree_go/share/unitree_go/hook/cmake_prefix_path.sh'
[17.369s] Level 1:colcon.colcon_core.environment:checking '/home/ruben/go2_deploy/workhop_rl/install/unitree_go/lib'
[17.369s] Level 1:colcon.colcon_core.shell:create_environment_hook('unitree_go', 'ld_library_path_lib')
[17.369s] INFO:colcon.colcon_core.shell:Creating environment hook '/home/ruben/go2_deploy/workhop_rl/install/unitree_go/share/unitree_go/hook/ld_library_path_lib.ps1'
[17.369s] INFO:colcon.colcon_core.shell:Creating environment descriptor '/home/ruben/go2_deploy/workhop_rl/install/unitree_go/share/unitree_go/hook/ld_library_path_lib.dsv'
[17.370s] INFO:colcon.colcon_core.shell:Creating environment hook '/home/ruben/go2_deploy/workhop_rl/install/unitree_go/share/unitree_go/hook/ld_library_path_lib.sh'
[17.370s] Level 1:colcon.colcon_core.environment:checking '/home/ruben/go2_deploy/workhop_rl/install/unitree_go/bin'
[17.370s] Level 1:colcon.colcon_core.environment:checking '/home/ruben/go2_deploy/workhop_rl/install/unitree_go/lib/pkgconfig/unitree_go.pc'
[17.370s] Level 1:colcon.colcon_core.environment:checking '/home/ruben/go2_deploy/workhop_rl/install/unitree_go/lib/python3.10/site-packages'
[17.370s] Level 1:colcon.colcon_core.environment:checking '/home/ruben/go2_deploy/workhop_rl/install/unitree_go/bin'
[17.371s] INFO:colcon.colcon_core.shell:Creating package script '/home/ruben/go2_deploy/workhop_rl/install/unitree_go/share/unitree_go/package.ps1'
[17.371s] INFO:colcon.colcon_core.shell:Creating package descriptor '/home/ruben/go2_deploy/workhop_rl/install/unitree_go/share/unitree_go/package.dsv'
[17.371s] INFO:colcon.colcon_core.shell:Creating package script '/home/ruben/go2_deploy/workhop_rl/install/unitree_go/share/unitree_go/package.sh'
[17.372s] INFO:colcon.colcon_core.shell:Creating package script '/home/ruben/go2_deploy/workhop_rl/install/unitree_go/share/unitree_go/package.bash'
[17.372s] INFO:colcon.colcon_core.shell:Creating package script '/home/ruben/go2_deploy/workhop_rl/install/unitree_go/share/unitree_go/package.zsh'
[17.372s] Level 1:colcon.colcon_core.environment:create_file_with_runtime_dependencies(/home/ruben/go2_deploy/workhop_rl/install/unitree_go/share/colcon-core/packages/unitree_go)
[17.373s] INFO:colcon.colcon_ros.task.ament_cmake.build:Building ROS package in '/home/ruben/go2_deploy/workhop_rl/src/unitree_mujoco/example/ros2' with build type 'ament_cmake'
[17.373s] INFO:colcon.colcon_cmake.task.cmake.build:Building CMake package in '/home/ruben/go2_deploy/workhop_rl/src/unitree_mujoco/example/ros2'
[17.373s] INFO:colcon.colcon_core.shell:Skip shell extension 'powershell' for command environment: Not usable outside of PowerShell
[17.373s] DEBUG:colcon.colcon_core.shell:Skip shell extension 'dsv' for command environment
[17.375s] INFO:colcon.colcon_ros.task.ament_cmake.build:Building ROS package in '/home/ruben/go2_deploy/workhop_rl/src/unitree_mujoco/simulate' with build type 'ament_cmake'
[17.375s] INFO:colcon.colcon_cmake.task.cmake.build:Building CMake package in '/home/ruben/go2_deploy/workhop_rl/src/unitree_mujoco/simulate'
[17.376s] INFO:colcon.colcon_core.shell:Skip shell extension 'powershell' for command environment: Not usable outside of PowerShell
[17.376s] DEBUG:colcon.colcon_core.shell:Skip shell extension 'dsv' for command environment
[17.378s] INFO:colcon.colcon_ros.task.ament_cmake.build:Building ROS package in '/home/ruben/go2_deploy/workhop_rl/src/unitree_ros2/example/src' with build type 'ament_cmake'
[17.378s] INFO:colcon.colcon_cmake.task.cmake.build:Building CMake package in '/home/ruben/go2_deploy/workhop_rl/src/unitree_ros2/example/src'
[17.378s] INFO:colcon.colcon_core.shell:Skip shell extension 'powershell' for command environment: Not usable outside of PowerShell
[17.378s] DEBUG:colcon.colcon_core.shell:Skip shell extension 'dsv' for command environment
[17.384s] DEBUG:colcon.colcon_core.event_handler.log_command:Invoking command in '/home/ruben/go2_deploy/workhop_rl/build/stand_go2': AMENT_PREFIX_PATH=/home/ruben/go2_deploy/workhop_rl/install/unitree_go:/home/ruben/go2_deploy/workhop_rl/install/unitree_api:${AMENT_PREFIX_PATH} CMAKE_PREFIX_PATH=/home/ruben/go2_deploy/workhop_rl/install/unitree_go:/home/ruben/go2_deploy/workhop_rl/install/unitree_api:/opt/ros/humble LD_LIBRARY_PATH=/home/ruben/go2_deploy/workhop_rl/install/unitree_go/lib:/home/ruben/go2_deploy/workhop_rl/install/unitree_api/lib:${LD_LIBRARY_PATH} PYTHONPATH=/home/ruben/go2_deploy/workhop_rl/install/unitree_go/local/lib/python3.10/dist-packages:/home/ruben/go2_deploy/workhop_rl/install/unitree_api/local/lib/python3.10/dist-packages:${PYTHONPATH} /usr/bin/cmake /home/ruben/go2_deploy/workhop_rl/src/unitree_mujoco/example/ros2 -DCMAKE_INSTALL_PREFIX=/home/ruben/go2_deploy/workhop_rl/install/stand_go2
[17.386s] DEBUG:colcon.colcon_core.event_handler.log_command:Invoking command in '/home/ruben/go2_deploy/workhop_rl/build/unitree_mujoco': AMENT_PREFIX_PATH=/home/ruben/go2_deploy/workhop_rl/install/unitree_go:/home/ruben/go2_deploy/workhop_rl/install/unitree_api:${AMENT_PREFIX_PATH} CMAKE_PREFIX_PATH=/home/ruben/go2_deploy/workhop_rl/install/unitree_go:/home/ruben/go2_deploy/workhop_rl/install/unitree_api:/opt/ros/humble LD_LIBRARY_PATH=/home/ruben/go2_deploy/workhop_rl/install/unitree_go/lib:/home/ruben/go2_deploy/workhop_rl/install/unitree_api/lib:${LD_LIBRARY_PATH} PYTHONPATH=/home/ruben/go2_deploy/workhop_rl/install/unitree_go/local/lib/python3.10/dist-packages:/home/ruben/go2_deploy/workhop_rl/install/unitree_api/local/lib/python3.10/dist-packages:${PYTHONPATH} /usr/bin/cmake /home/ruben/go2_deploy/workhop_rl/src/unitree_mujoco/simulate -DCMAKE_INSTALL_PREFIX=/home/ruben/go2_deploy/workhop_rl/install/unitree_mujoco
[17.388s] DEBUG:colcon.colcon_core.event_handler.log_command:Invoking command in '/home/ruben/go2_deploy/workhop_rl/build/unitree_ros2_example': AMENT_PREFIX_PATH=/home/ruben/go2_deploy/workhop_rl/install/unitree_hg:/home/ruben/go2_deploy/workhop_rl/install/unitree_go:/home/ruben/go2_deploy/workhop_rl/install/unitree_api:${AMENT_PREFIX_PATH} CMAKE_PREFIX_PATH=/home/ruben/go2_deploy/workhop_rl/install/unitree_hg:/home/ruben/go2_deploy/workhop_rl/install/unitree_go:/home/ruben/go2_deploy/workhop_rl/install/unitree_api:/opt/ros/humble LD_LIBRARY_PATH=/home/ruben/go2_deploy/workhop_rl/install/unitree_hg/lib:/home/ruben/go2_deploy/workhop_rl/install/unitree_go/lib:/home/ruben/go2_deploy/workhop_rl/install/unitree_api/lib:${LD_LIBRARY_PATH} PYTHONPATH=/home/ruben/go2_deploy/workhop_rl/install/unitree_hg/local/lib/python3.10/dist-packages:/home/ruben/go2_deploy/workhop_rl/install/unitree_go/local/lib/python3.10/dist-packages:/home/ruben/go2_deploy/workhop_rl/install/unitree_api/local/lib/python3.10/dist-packages:${PYTHONPATH} /usr/bin/cmake /home/ruben/go2_deploy/workhop_rl/src/unitree_ros2/example/src -DCMAKE_INSTALL_PREFIX=/home/ruben/go2_deploy/workhop_rl/install/unitree_ros2_example
[17.917s] DEBUG:colcon.colcon_core.event_handler.log_command:Invoked command in '/home/ruben/go2_deploy/workhop_rl/build/unitree_rl_controller' returned '0': AMENT_PREFIX_PATH=/home/ruben/go2_deploy/workhop_rl/install/ros2_unitree_legged_msgs:${AMENT_PREFIX_PATH} CMAKE_PREFIX_PATH=/home/ruben/go2_deploy/workhop_rl/install/ros2_unitree_legged_msgs:/opt/ros/humble LD_LIBRARY_PATH=/home/ruben/go2_deploy/workhop_rl/install/ros2_unitree_legged_msgs/lib:${LD_LIBRARY_PATH} PYTHONPATH=/home/ruben/go2_deploy/workhop_rl/install/ros2_unitree_legged_msgs/local/lib/python3.10/dist-packages:${PYTHONPATH} /usr/bin/cmake /home/ruben/go2_deploy/workhop_rl/src/unitree_rl_controller-ros2 -DCMAKE_INSTALL_PREFIX=/home/ruben/go2_deploy/workhop_rl/install/unitree_rl_controller
[17.918s] DEBUG:colcon.colcon_core.event_handler.log_command:Invoking command in '/home/ruben/go2_deploy/workhop_rl/build/unitree_rl_controller': AMENT_PREFIX_PATH=/home/ruben/go2_deploy/workhop_rl/install/ros2_unitree_legged_msgs:${AMENT_PREFIX_PATH} CMAKE_PREFIX_PATH=/home/ruben/go2_deploy/workhop_rl/install/ros2_unitree_legged_msgs:/opt/ros/humble LD_LIBRARY_PATH=/home/ruben/go2_deploy/workhop_rl/install/ros2_unitree_legged_msgs/lib:${LD_LIBRARY_PATH} PYTHONPATH=/home/ruben/go2_deploy/workhop_rl/install/ros2_unitree_legged_msgs/local/lib/python3.10/dist-packages:${PYTHONPATH} /usr/bin/cmake --build /home/ruben/go2_deploy/workhop_rl/build/unitree_rl_controller -- -j22 -l22
[18.504s] DEBUG:colcon.colcon_core.event_handler.log_command:Invoked command in '/home/ruben/go2_deploy/workhop_rl/build/unitree_mujoco' returned '0': AMENT_PREFIX_PATH=/home/ruben/go2_deploy/workhop_rl/install/unitree_go:/home/ruben/go2_deploy/workhop_rl/install/unitree_api:${AMENT_PREFIX_PATH} CMAKE_PREFIX_PATH=/home/ruben/go2_deploy/workhop_rl/install/unitree_go:/home/ruben/go2_deploy/workhop_rl/install/unitree_api:/opt/ros/humble LD_LIBRARY_PATH=/home/ruben/go2_deploy/workhop_rl/install/unitree_go/lib:/home/ruben/go2_deploy/workhop_rl/install/unitree_api/lib:${LD_LIBRARY_PATH} PYTHONPATH=/home/ruben/go2_deploy/workhop_rl/install/unitree_go/local/lib/python3.10/dist-packages:/home/ruben/go2_deploy/workhop_rl/install/unitree_api/local/lib/python3.10/dist-packages:${PYTHONPATH} /usr/bin/cmake /home/ruben/go2_deploy/workhop_rl/src/unitree_mujoco/simulate -DCMAKE_INSTALL_PREFIX=/home/ruben/go2_deploy/workhop_rl/install/unitree_mujoco
[18.505s] DEBUG:colcon.colcon_core.event_handler.log_command:Invoking command in '/home/ruben/go2_deploy/workhop_rl/build/unitree_mujoco': AMENT_PREFIX_PATH=/home/ruben/go2_deploy/workhop_rl/install/unitree_go:/home/ruben/go2_deploy/workhop_rl/install/unitree_api:${AMENT_PREFIX_PATH} CMAKE_PREFIX_PATH=/home/ruben/go2_deploy/workhop_rl/install/unitree_go:/home/ruben/go2_deploy/workhop_rl/install/unitree_api:/opt/ros/humble LD_LIBRARY_PATH=/home/ruben/go2_deploy/workhop_rl/install/unitree_go/lib:/home/ruben/go2_deploy/workhop_rl/install/unitree_api/lib:${LD_LIBRARY_PATH} PYTHONPATH=/home/ruben/go2_deploy/workhop_rl/install/unitree_go/local/lib/python3.10/dist-packages:/home/ruben/go2_deploy/workhop_rl/install/unitree_api/local/lib/python3.10/dist-packages:${PYTHONPATH} /usr/bin/cmake --build /home/ruben/go2_deploy/workhop_rl/build/unitree_mujoco -- -j22 -l22
[18.661s] DEBUG:colcon.colcon_core.event_handler.log_command:Invoked command in '/home/ruben/go2_deploy/workhop_rl/build/stand_go2' returned '0': AMENT_PREFIX_PATH=/home/ruben/go2_deploy/workhop_rl/install/unitree_go:/home/ruben/go2_deploy/workhop_rl/install/unitree_api:${AMENT_PREFIX_PATH} CMAKE_PREFIX_PATH=/home/ruben/go2_deploy/workhop_rl/install/unitree_go:/home/ruben/go2_deploy/workhop_rl/install/unitree_api:/opt/ros/humble LD_LIBRARY_PATH=/home/ruben/go2_deploy/workhop_rl/install/unitree_go/lib:/home/ruben/go2_deploy/workhop_rl/install/unitree_api/lib:${LD_LIBRARY_PATH} PYTHONPATH=/home/ruben/go2_deploy/workhop_rl/install/unitree_go/local/lib/python3.10/dist-packages:/home/ruben/go2_deploy/workhop_rl/install/unitree_api/local/lib/python3.10/dist-packages:${PYTHONPATH} /usr/bin/cmake /home/ruben/go2_deploy/workhop_rl/src/unitree_mujoco/example/ros2 -DCMAKE_INSTALL_PREFIX=/home/ruben/go2_deploy/workhop_rl/install/stand_go2
[18.663s] DEBUG:colcon.colcon_core.event_handler.log_command:Invoking command in '/home/ruben/go2_deploy/workhop_rl/build/stand_go2': AMENT_PREFIX_PATH=/home/ruben/go2_deploy/workhop_rl/install/unitree_go:/home/ruben/go2_deploy/workhop_rl/install/unitree_api:${AMENT_PREFIX_PATH} CMAKE_PREFIX_PATH=/home/ruben/go2_deploy/workhop_rl/install/unitree_go:/home/ruben/go2_deploy/workhop_rl/install/unitree_api:/opt/ros/humble LD_LIBRARY_PATH=/home/ruben/go2_deploy/workhop_rl/install/unitree_go/lib:/home/ruben/go2_deploy/workhop_rl/install/unitree_api/lib:${LD_LIBRARY_PATH} PYTHONPATH=/home/ruben/go2_deploy/workhop_rl/install/unitree_go/local/lib/python3.10/dist-packages:/home/ruben/go2_deploy/workhop_rl/install/unitree_api/local/lib/python3.10/dist-packages:${PYTHONPATH} /usr/bin/cmake --build /home/ruben/go2_deploy/workhop_rl/build/stand_go2 -- -j22 -l22
[18.769s] DEBUG:colcon.colcon_core.event_handler.log_command:Invoked command in '/home/ruben/go2_deploy/workhop_rl/build/unitree_ros2_example' returned '0': AMENT_PREFIX_PATH=/home/ruben/go2_deploy/workhop_rl/install/unitree_hg:/home/ruben/go2_deploy/workhop_rl/install/unitree_go:/home/ruben/go2_deploy/workhop_rl/install/unitree_api:${AMENT_PREFIX_PATH} CMAKE_PREFIX_PATH=/home/ruben/go2_deploy/workhop_rl/install/unitree_hg:/home/ruben/go2_deploy/workhop_rl/install/unitree_go:/home/ruben/go2_deploy/workhop_rl/install/unitree_api:/opt/ros/humble LD_LIBRARY_PATH=/home/ruben/go2_deploy/workhop_rl/install/unitree_hg/lib:/home/ruben/go2_deploy/workhop_rl/install/unitree_go/lib:/home/ruben/go2_deploy/workhop_rl/install/unitree_api/lib:${LD_LIBRARY_PATH} PYTHONPATH=/home/ruben/go2_deploy/workhop_rl/install/unitree_hg/local/lib/python3.10/dist-packages:/home/ruben/go2_deploy/workhop_rl/install/unitree_go/local/lib/python3.10/dist-packages:/home/ruben/go2_deploy/workhop_rl/install/unitree_api/local/lib/python3.10/dist-packages:${PYTHONPATH} /usr/bin/cmake /home/ruben/go2_deploy/workhop_rl/src/unitree_ros2/example/src -DCMAKE_INSTALL_PREFIX=/home/ruben/go2_deploy/workhop_rl/install/unitree_ros2_example
[18.771s] DEBUG:colcon.colcon_core.event_handler.log_command:Invoking command in '/home/ruben/go2_deploy/workhop_rl/build/unitree_ros2_example': AMENT_PREFIX_PATH=/home/ruben/go2_deploy/workhop_rl/install/unitree_hg:/home/ruben/go2_deploy/workhop_rl/install/unitree_go:/home/ruben/go2_deploy/workhop_rl/install/unitree_api:${AMENT_PREFIX_PATH} CMAKE_PREFIX_PATH=/home/ruben/go2_deploy/workhop_rl/install/unitree_hg:/home/ruben/go2_deploy/workhop_rl/install/unitree_go:/home/ruben/go2_deploy/workhop_rl/install/unitree_api:/opt/ros/humble LD_LIBRARY_PATH=/home/ruben/go2_deploy/workhop_rl/install/unitree_hg/lib:/home/ruben/go2_deploy/workhop_rl/install/unitree_go/lib:/home/ruben/go2_deploy/workhop_rl/install/unitree_api/lib:${LD_LIBRARY_PATH} PYTHONPATH=/home/ruben/go2_deploy/workhop_rl/install/unitree_hg/local/lib/python3.10/dist-packages:/home/ruben/go2_deploy/workhop_rl/install/unitree_go/local/lib/python3.10/dist-packages:/home/ruben/go2_deploy/workhop_rl/install/unitree_api/local/lib/python3.10/dist-packages:${PYTHONPATH} /usr/bin/cmake --build /home/ruben/go2_deploy/workhop_rl/build/unitree_ros2_example -- -j22 -l22
[20.318s] DEBUG:colcon.colcon_core.event_handler.log_command:Invoked command in '/home/ruben/go2_deploy/workhop_rl/build/rmw_cyclonedds_cpp' returned '0': CMAKE_PREFIX_PATH=/home/ruben/go2_deploy/workhop_rl/install/cyclonedds:/opt/ros/humble LD_LIBRARY_PATH=/home/ruben/go2_deploy/workhop_rl/install/cyclonedds/lib:${LD_LIBRARY_PATH} PATH=/home/ruben/go2_deploy/workhop_rl/install/cyclonedds/bin:${PATH} PKG_CONFIG_PATH=/home/ruben/go2_deploy/workhop_rl/install/cyclonedds/lib/x86_64-linux-gnu/pkgconfig:/home/ruben/go2_deploy/workhop_rl/install/cyclonedds/lib/pkgconfig /usr/bin/cmake --build /home/ruben/go2_deploy/workhop_rl/build/rmw_cyclonedds_cpp -- -j22 -l22
[20.318s] DEBUG:colcon.colcon_core.event_handler.log_command:Invoking command in '/home/ruben/go2_deploy/workhop_rl/build/rmw_cyclonedds_cpp': CMAKE_PREFIX_PATH=/home/ruben/go2_deploy/workhop_rl/install/cyclonedds:/opt/ros/humble LD_LIBRARY_PATH=/home/ruben/go2_deploy/workhop_rl/install/cyclonedds/lib:${LD_LIBRARY_PATH} PATH=/home/ruben/go2_deploy/workhop_rl/install/cyclonedds/bin:${PATH} PKG_CONFIG_PATH=/home/ruben/go2_deploy/workhop_rl/install/cyclonedds/lib/x86_64-linux-gnu/pkgconfig:/home/ruben/go2_deploy/workhop_rl/install/cyclonedds/lib/pkgconfig /usr/bin/cmake --install /home/ruben/go2_deploy/workhop_rl/build/rmw_cyclonedds_cpp
[20.336s] Level 1:colcon.colcon_core.environment:create_environment_scripts_only(rmw_cyclonedds_cpp)
[20.337s] Level 1:colcon.colcon_core.environment:checking '/home/ruben/go2_deploy/workhop_rl/install/rmw_cyclonedds_cpp' for CMake module files
[20.338s] DEBUG:colcon.colcon_core.event_handler.log_command:Invoked command in '/home/ruben/go2_deploy/workhop_rl/build/rmw_cyclonedds_cpp' returned '0': CMAKE_PREFIX_PATH=/home/ruben/go2_deploy/workhop_rl/install/cyclonedds:/opt/ros/humble LD_LIBRARY_PATH=/home/ruben/go2_deploy/workhop_rl/install/cyclonedds/lib:${LD_LIBRARY_PATH} PATH=/home/ruben/go2_deploy/workhop_rl/install/cyclonedds/bin:${PATH} PKG_CONFIG_PATH=/home/ruben/go2_deploy/workhop_rl/install/cyclonedds/lib/x86_64-linux-gnu/pkgconfig:/home/ruben/go2_deploy/workhop_rl/install/cyclonedds/lib/pkgconfig /usr/bin/cmake --install /home/ruben/go2_deploy/workhop_rl/build/rmw_cyclonedds_cpp
[20.338s] Level 1:colcon.colcon_core.environment:checking '/home/ruben/go2_deploy/workhop_rl/install/rmw_cyclonedds_cpp' for CMake config files
[20.339s] Level 1:colcon.colcon_core.shell:create_environment_hook('rmw_cyclonedds_cpp', 'cmake_prefix_path')
[20.339s] INFO:colcon.colcon_core.shell:Creating environment hook '/home/ruben/go2_deploy/workhop_rl/install/rmw_cyclonedds_cpp/share/rmw_cyclonedds_cpp/hook/cmake_prefix_path.ps1'
[20.340s] INFO:colcon.colcon_core.shell:Creating environment descriptor '/home/ruben/go2_deploy/workhop_rl/install/rmw_cyclonedds_cpp/share/rmw_cyclonedds_cpp/hook/cmake_prefix_path.dsv'
[20.340s] INFO:colcon.colcon_core.shell:Creating environment hook '/home/ruben/go2_deploy/workhop_rl/install/rmw_cyclonedds_cpp/share/rmw_cyclonedds_cpp/hook/cmake_prefix_path.sh'
[20.341s] Level 1:colcon.colcon_core.environment:checking '/home/ruben/go2_deploy/workhop_rl/install/rmw_cyclonedds_cpp/lib'
[20.341s] Level 1:colcon.colcon_core.shell:create_environment_hook('rmw_cyclonedds_cpp', 'ld_library_path_lib')
[20.342s] INFO:colcon.colcon_core.shell:Creating environment hook '/home/ruben/go2_deploy/workhop_rl/install/rmw_cyclonedds_cpp/share/rmw_cyclonedds_cpp/hook/ld_library_path_lib.ps1'
[20.342s] INFO:colcon.colcon_core.shell:Creating environment descriptor '/home/ruben/go2_deploy/workhop_rl/install/rmw_cyclonedds_cpp/share/rmw_cyclonedds_cpp/hook/ld_library_path_lib.dsv'
[20.343s] INFO:colcon.colcon_core.shell:Creating environment hook '/home/ruben/go2_deploy/workhop_rl/install/rmw_cyclonedds_cpp/share/rmw_cyclonedds_cpp/hook/ld_library_path_lib.sh'
[20.343s] Level 1:colcon.colcon_core.environment:checking '/home/ruben/go2_deploy/workhop_rl/install/rmw_cyclonedds_cpp/bin'
[20.344s] Level 1:colcon.colcon_core.environment:checking '/home/ruben/go2_deploy/workhop_rl/install/rmw_cyclonedds_cpp/lib/pkgconfig/rmw_cyclonedds_cpp.pc'
[20.344s] Level 1:colcon.colcon_core.environment:checking '/home/ruben/go2_deploy/workhop_rl/install/rmw_cyclonedds_cpp/lib/python3.10/site-packages'
[20.345s] Level 1:colcon.colcon_core.environment:checking '/home/ruben/go2_deploy/workhop_rl/install/rmw_cyclonedds_cpp/bin'
[20.345s] INFO:colcon.colcon_core.shell:Creating package script '/home/ruben/go2_deploy/workhop_rl/install/rmw_cyclonedds_cpp/share/rmw_cyclonedds_cpp/package.ps1'
[20.346s] INFO:colcon.colcon_core.shell:Creating package descriptor '/home/ruben/go2_deploy/workhop_rl/install/rmw_cyclonedds_cpp/share/rmw_cyclonedds_cpp/package.dsv'
[20.347s] INFO:colcon.colcon_core.shell:Creating package script '/home/ruben/go2_deploy/workhop_rl/install/rmw_cyclonedds_cpp/share/rmw_cyclonedds_cpp/package.sh'
[20.348s] INFO:colcon.colcon_core.shell:Creating package script '/home/ruben/go2_deploy/workhop_rl/install/rmw_cyclonedds_cpp/share/rmw_cyclonedds_cpp/package.bash'
[20.348s] INFO:colcon.colcon_core.shell:Creating package script '/home/ruben/go2_deploy/workhop_rl/install/rmw_cyclonedds_cpp/share/rmw_cyclonedds_cpp/package.zsh'
[20.349s] Level 1:colcon.colcon_core.environment:create_file_with_runtime_dependencies(/home/ruben/go2_deploy/workhop_rl/install/rmw_cyclonedds_cpp/share/colcon-core/packages/rmw_cyclonedds_cpp)
[20.350s] Level 1:colcon.colcon_core.environment:create_environment_scripts_only(rmw_cyclonedds_cpp)
[20.350s] Level 1:colcon.colcon_core.environment:checking '/home/ruben/go2_deploy/workhop_rl/install/rmw_cyclonedds_cpp' for CMake module files
[20.351s] Level 1:colcon.colcon_core.environment:checking '/home/ruben/go2_deploy/workhop_rl/install/rmw_cyclonedds_cpp' for CMake config files
[20.351s] Level 1:colcon.colcon_core.shell:create_environment_hook('rmw_cyclonedds_cpp', 'cmake_prefix_path')
[20.351s] INFO:colcon.colcon_core.shell:Creating environment hook '/home/ruben/go2_deploy/workhop_rl/install/rmw_cyclonedds_cpp/share/rmw_cyclonedds_cpp/hook/cmake_prefix_path.ps1'
[20.352s] INFO:colcon.colcon_core.shell:Creating environment descriptor '/home/ruben/go2_deploy/workhop_rl/install/rmw_cyclonedds_cpp/share/rmw_cyclonedds_cpp/hook/cmake_prefix_path.dsv'
[20.352s] INFO:colcon.colcon_core.shell:Creating environment hook '/home/ruben/go2_deploy/workhop_rl/install/rmw_cyclonedds_cpp/share/rmw_cyclonedds_cpp/hook/cmake_prefix_path.sh'
[20.353s] Level 1:colcon.colcon_core.environment:checking '/home/ruben/go2_deploy/workhop_rl/install/rmw_cyclonedds_cpp/lib'
[20.353s] Level 1:colcon.colcon_core.shell:create_environment_hook('rmw_cyclonedds_cpp', 'ld_library_path_lib')
[20.354s] INFO:colcon.colcon_core.shell:Creating environment hook '/home/ruben/go2_deploy/workhop_rl/install/rmw_cyclonedds_cpp/share/rmw_cyclonedds_cpp/hook/ld_library_path_lib.ps1'
[20.354s] INFO:colcon.colcon_core.shell:Creating environment descriptor '/home/ruben/go2_deploy/workhop_rl/install/rmw_cyclonedds_cpp/share/rmw_cyclonedds_cpp/hook/ld_library_path_lib.dsv'
[20.355s] INFO:colcon.colcon_core.shell:Creating environment hook '/home/ruben/go2_deploy/workhop_rl/install/rmw_cyclonedds_cpp/share/rmw_cyclonedds_cpp/hook/ld_library_path_lib.sh'
[20.356s] Level 1:colcon.colcon_core.environment:checking '/home/ruben/go2_deploy/workhop_rl/install/rmw_cyclonedds_cpp/bin'
[20.356s] Level 1:colcon.colcon_core.environment:checking '/home/ruben/go2_deploy/workhop_rl/install/rmw_cyclonedds_cpp/lib/pkgconfig/rmw_cyclonedds_cpp.pc'
[20.356s] Level 1:colcon.colcon_core.environment:checking '/home/ruben/go2_deploy/workhop_rl/install/rmw_cyclonedds_cpp/lib/python3.10/site-packages'
[20.357s] Level 1:colcon.colcon_core.environment:checking '/home/ruben/go2_deploy/workhop_rl/install/rmw_cyclonedds_cpp/bin'
[20.357s] INFO:colcon.colcon_core.shell:Creating package script '/home/ruben/go2_deploy/workhop_rl/install/rmw_cyclonedds_cpp/share/rmw_cyclonedds_cpp/package.ps1'
[20.359s] INFO:colcon.colcon_core.shell:Creating package descriptor '/home/ruben/go2_deploy/workhop_rl/install/rmw_cyclonedds_cpp/share/rmw_cyclonedds_cpp/package.dsv'
[20.359s] INFO:colcon.colcon_core.shell:Creating package script '/home/ruben/go2_deploy/workhop_rl/install/rmw_cyclonedds_cpp/share/rmw_cyclonedds_cpp/package.sh'
[20.360s] INFO:colcon.colcon_core.shell:Creating package script '/home/ruben/go2_deploy/workhop_rl/install/rmw_cyclonedds_cpp/share/rmw_cyclonedds_cpp/package.bash'
[20.361s] INFO:colcon.colcon_core.shell:Creating package script '/home/ruben/go2_deploy/workhop_rl/install/rmw_cyclonedds_cpp/share/rmw_cyclonedds_cpp/package.zsh'
[20.364s] Level 1:colcon.colcon_core.environment:create_file_with_runtime_dependencies(/home/ruben/go2_deploy/workhop_rl/install/rmw_cyclonedds_cpp/share/colcon-core/packages/rmw_cyclonedds_cpp)
[24.075s] DEBUG:colcon.colcon_core.event_handler.log_command:Invoked command in '/home/ruben/go2_deploy/workhop_rl/build/stand_go2' returned '0': AMENT_PREFIX_PATH=/home/ruben/go2_deploy/workhop_rl/install/unitree_go:/home/ruben/go2_deploy/workhop_rl/install/unitree_api:${AMENT_PREFIX_PATH} CMAKE_PREFIX_PATH=/home/ruben/go2_deploy/workhop_rl/install/unitree_go:/home/ruben/go2_deploy/workhop_rl/install/unitree_api:/opt/ros/humble LD_LIBRARY_PATH=/home/ruben/go2_deploy/workhop_rl/install/unitree_go/lib:/home/ruben/go2_deploy/workhop_rl/install/unitree_api/lib:${LD_LIBRARY_PATH} PYTHONPATH=/home/ruben/go2_deploy/workhop_rl/install/unitree_go/local/lib/python3.10/dist-packages:/home/ruben/go2_deploy/workhop_rl/install/unitree_api/local/lib/python3.10/dist-packages:${PYTHONPATH} /usr/bin/cmake --build /home/ruben/go2_deploy/workhop_rl/build/stand_go2 -- -j22 -l22
[24.077s] DEBUG:colcon.colcon_core.event_handler.log_command:Invoking command in '/home/ruben/go2_deploy/workhop_rl/build/stand_go2': AMENT_PREFIX_PATH=/home/ruben/go2_deploy/workhop_rl/install/unitree_go:/home/ruben/go2_deploy/workhop_rl/install/unitree_api:${AMENT_PREFIX_PATH} CMAKE_PREFIX_PATH=/home/ruben/go2_deploy/workhop_rl/install/unitree_go:/home/ruben/go2_deploy/workhop_rl/install/unitree_api:/opt/ros/humble LD_LIBRARY_PATH=/home/ruben/go2_deploy/workhop_rl/install/unitree_go/lib:/home/ruben/go2_deploy/workhop_rl/install/unitree_api/lib:${LD_LIBRARY_PATH} PYTHONPATH=/home/ruben/go2_deploy/workhop_rl/install/unitree_go/local/lib/python3.10/dist-packages:/home/ruben/go2_deploy/workhop_rl/install/unitree_api/local/lib/python3.10/dist-packages:${PYTHONPATH} /usr/bin/cmake --install /home/ruben/go2_deploy/workhop_rl/build/stand_go2
[24.108s] Level 1:colcon.colcon_core.environment:create_environment_scripts_only(stand_go2)
[24.108s] Level 1:colcon.colcon_core.environment:checking '/home/ruben/go2_deploy/workhop_rl/install/stand_go2' for CMake module files
[24.109s] DEBUG:colcon.colcon_core.event_handler.log_command:Invoked command in '/home/ruben/go2_deploy/workhop_rl/build/stand_go2' returned '0': AMENT_PREFIX_PATH=/home/ruben/go2_deploy/workhop_rl/install/unitree_go:/home/ruben/go2_deploy/workhop_rl/install/unitree_api:${AMENT_PREFIX_PATH} CMAKE_PREFIX_PATH=/home/ruben/go2_deploy/workhop_rl/install/unitree_go:/home/ruben/go2_deploy/workhop_rl/install/unitree_api:/opt/ros/humble LD_LIBRARY_PATH=/home/ruben/go2_deploy/workhop_rl/install/unitree_go/lib:/home/ruben/go2_deploy/workhop_rl/install/unitree_api/lib:${LD_LIBRARY_PATH} PYTHONPATH=/home/ruben/go2_deploy/workhop_rl/install/unitree_go/local/lib/python3.10/dist-packages:/home/ruben/go2_deploy/workhop_rl/install/unitree_api/local/lib/python3.10/dist-packages:${PYTHONPATH} /usr/bin/cmake --install /home/ruben/go2_deploy/workhop_rl/build/stand_go2
[24.109s] Level 1:colcon.colcon_core.environment:checking '/home/ruben/go2_deploy/workhop_rl/install/stand_go2' for CMake config files
[24.109s] Level 1:colcon.colcon_core.shell:create_environment_hook('stand_go2', 'cmake_prefix_path')
[24.110s] INFO:colcon.colcon_core.shell:Creating environment hook '/home/ruben/go2_deploy/workhop_rl/install/stand_go2/share/stand_go2/hook/cmake_prefix_path.ps1'
[24.110s] INFO:colcon.colcon_core.shell:Creating environment descriptor '/home/ruben/go2_deploy/workhop_rl/install/stand_go2/share/stand_go2/hook/cmake_prefix_path.dsv'
[24.111s] INFO:colcon.colcon_core.shell:Creating environment hook '/home/ruben/go2_deploy/workhop_rl/install/stand_go2/share/stand_go2/hook/cmake_prefix_path.sh'
[24.112s] Level 1:colcon.colcon_core.environment:checking '/home/ruben/go2_deploy/workhop_rl/install/stand_go2/lib'
[24.113s] Level 1:colcon.colcon_core.environment:checking '/home/ruben/go2_deploy/workhop_rl/install/stand_go2/bin'
[24.113s] Level 1:colcon.colcon_core.environment:checking '/home/ruben/go2_deploy/workhop_rl/install/stand_go2/lib/pkgconfig/stand_go2.pc'
[24.113s] Level 1:colcon.colcon_core.environment:checking '/home/ruben/go2_deploy/workhop_rl/install/stand_go2/lib/python3.10/site-packages'
[24.114s] Level 1:colcon.colcon_core.environment:checking '/home/ruben/go2_deploy/workhop_rl/install/stand_go2/bin'
[24.114s] INFO:colcon.colcon_core.shell:Creating package script '/home/ruben/go2_deploy/workhop_rl/install/stand_go2/share/stand_go2/package.ps1'
[24.116s] INFO:colcon.colcon_core.shell:Creating package descriptor '/home/ruben/go2_deploy/workhop_rl/install/stand_go2/share/stand_go2/package.dsv'
[24.117s] INFO:colcon.colcon_core.shell:Creating package script '/home/ruben/go2_deploy/workhop_rl/install/stand_go2/share/stand_go2/package.sh'
[24.118s] INFO:colcon.colcon_core.shell:Creating package script '/home/ruben/go2_deploy/workhop_rl/install/stand_go2/share/stand_go2/package.bash'
[24.119s] INFO:colcon.colcon_core.shell:Creating package script '/home/ruben/go2_deploy/workhop_rl/install/stand_go2/share/stand_go2/package.zsh'
[24.119s] Level 1:colcon.colcon_core.environment:create_file_with_runtime_dependencies(/home/ruben/go2_deploy/workhop_rl/install/stand_go2/share/colcon-core/packages/stand_go2)
[24.121s] Level 1:colcon.colcon_core.environment:create_environment_scripts_only(stand_go2)
[24.121s] Level 1:colcon.colcon_core.environment:checking '/home/ruben/go2_deploy/workhop_rl/install/stand_go2' for CMake module files
[24.122s] Level 1:colcon.colcon_core.environment:checking '/home/ruben/go2_deploy/workhop_rl/install/stand_go2' for CMake config files
[24.122s] Level 1:colcon.colcon_core.shell:create_environment_hook('stand_go2', 'cmake_prefix_path')
[24.122s] INFO:colcon.colcon_core.shell:Creating environment hook '/home/ruben/go2_deploy/workhop_rl/install/stand_go2/share/stand_go2/hook/cmake_prefix_path.ps1'
[24.123s] INFO:colcon.colcon_core.shell:Creating environment descriptor '/home/ruben/go2_deploy/workhop_rl/install/stand_go2/share/stand_go2/hook/cmake_prefix_path.dsv'
[24.124s] INFO:colcon.colcon_core.shell:Creating environment hook '/home/ruben/go2_deploy/workhop_rl/install/stand_go2/share/stand_go2/hook/cmake_prefix_path.sh'
[24.126s] Level 1:colcon.colcon_core.environment:checking '/home/ruben/go2_deploy/workhop_rl/install/stand_go2/lib'
[24.126s] Level 1:colcon.colcon_core.environment:checking '/home/ruben/go2_deploy/workhop_rl/install/stand_go2/bin'
[24.126s] Level 1:colcon.colcon_core.environment:checking '/home/ruben/go2_deploy/workhop_rl/install/stand_go2/lib/pkgconfig/stand_go2.pc'
[24.126s] Level 1:colcon.colcon_core.environment:checking '/home/ruben/go2_deploy/workhop_rl/install/stand_go2/lib/python3.10/site-packages'
[24.127s] Level 1:colcon.colcon_core.environment:checking '/home/ruben/go2_deploy/workhop_rl/install/stand_go2/bin'
[24.127s] INFO:colcon.colcon_core.shell:Creating package script '/home/ruben/go2_deploy/workhop_rl/install/stand_go2/share/stand_go2/package.ps1'
[24.128s] INFO:colcon.colcon_core.shell:Creating package descriptor '/home/ruben/go2_deploy/workhop_rl/install/stand_go2/share/stand_go2/package.dsv'
[24.130s] INFO:colcon.colcon_core.shell:Creating package script '/home/ruben/go2_deploy/workhop_rl/install/stand_go2/share/stand_go2/package.sh'
[24.131s] INFO:colcon.colcon_core.shell:Creating package script '/home/ruben/go2_deploy/workhop_rl/install/stand_go2/share/stand_go2/package.bash'
[24.132s] INFO:colcon.colcon_core.shell:Creating package script '/home/ruben/go2_deploy/workhop_rl/install/stand_go2/share/stand_go2/package.zsh'
[24.133s] Level 1:colcon.colcon_core.environment:create_file_with_runtime_dependencies(/home/ruben/go2_deploy/workhop_rl/install/stand_go2/share/colcon-core/packages/stand_go2)
[31.050s] DEBUG:colcon.colcon_core.event_handler.log_command:Invoked command in '/home/ruben/go2_deploy/workhop_rl/build/unitree_ros2_example' returned '0': AMENT_PREFIX_PATH=/home/ruben/go2_deploy/workhop_rl/install/unitree_hg:/home/ruben/go2_deploy/workhop_rl/install/unitree_go:/home/ruben/go2_deploy/workhop_rl/install/unitree_api:${AMENT_PREFIX_PATH} CMAKE_PREFIX_PATH=/home/ruben/go2_deploy/workhop_rl/install/unitree_hg:/home/ruben/go2_deploy/workhop_rl/install/unitree_go:/home/ruben/go2_deploy/workhop_rl/install/unitree_api:/opt/ros/humble LD_LIBRARY_PATH=/home/ruben/go2_deploy/workhop_rl/install/unitree_hg/lib:/home/ruben/go2_deploy/workhop_rl/install/unitree_go/lib:/home/ruben/go2_deploy/workhop_rl/install/unitree_api/lib:${LD_LIBRARY_PATH} PYTHONPATH=/home/ruben/go2_deploy/workhop_rl/install/unitree_hg/local/lib/python3.10/dist-packages:/home/ruben/go2_deploy/workhop_rl/install/unitree_go/local/lib/python3.10/dist-packages:/home/ruben/go2_deploy/workhop_rl/install/unitree_api/local/lib/python3.10/dist-packages:${PYTHONPATH} /usr/bin/cmake --build /home/ruben/go2_deploy/workhop_rl/build/unitree_ros2_example -- -j22 -l22
[31.051s] DEBUG:colcon.colcon_core.event_handler.log_command:Invoking command in '/home/ruben/go2_deploy/workhop_rl/build/unitree_ros2_example': AMENT_PREFIX_PATH=/home/ruben/go2_deploy/workhop_rl/install/unitree_hg:/home/ruben/go2_deploy/workhop_rl/install/unitree_go:/home/ruben/go2_deploy/workhop_rl/install/unitree_api:${AMENT_PREFIX_PATH} CMAKE_PREFIX_PATH=/home/ruben/go2_deploy/workhop_rl/install/unitree_hg:/home/ruben/go2_deploy/workhop_rl/install/unitree_go:/home/ruben/go2_deploy/workhop_rl/install/unitree_api:/opt/ros/humble LD_LIBRARY_PATH=/home/ruben/go2_deploy/workhop_rl/install/unitree_hg/lib:/home/ruben/go2_deploy/workhop_rl/install/unitree_go/lib:/home/ruben/go2_deploy/workhop_rl/install/unitree_api/lib:${LD_LIBRARY_PATH} PYTHONPATH=/home/ruben/go2_deploy/workhop_rl/install/unitree_hg/local/lib/python3.10/dist-packages:/home/ruben/go2_deploy/workhop_rl/install/unitree_go/local/lib/python3.10/dist-packages:/home/ruben/go2_deploy/workhop_rl/install/unitree_api/local/lib/python3.10/dist-packages:${PYTHONPATH} /usr/bin/cmake --install /home/ruben/go2_deploy/workhop_rl/build/unitree_ros2_example
[31.082s] Level 1:colcon.colcon_core.environment:create_environment_scripts_only(unitree_ros2_example)
[31.082s] DEBUG:colcon.colcon_core.event_handler.log_command:Invoked command in '/home/ruben/go2_deploy/workhop_rl/build/unitree_ros2_example' returned '0': AMENT_PREFIX_PATH=/home/ruben/go2_deploy/workhop_rl/install/unitree_hg:/home/ruben/go2_deploy/workhop_rl/install/unitree_go:/home/ruben/go2_deploy/workhop_rl/install/unitree_api:${AMENT_PREFIX_PATH} CMAKE_PREFIX_PATH=/home/ruben/go2_deploy/workhop_rl/install/unitree_hg:/home/ruben/go2_deploy/workhop_rl/install/unitree_go:/home/ruben/go2_deploy/workhop_rl/install/unitree_api:/opt/ros/humble LD_LIBRARY_PATH=/home/ruben/go2_deploy/workhop_rl/install/unitree_hg/lib:/home/ruben/go2_deploy/workhop_rl/install/unitree_go/lib:/home/ruben/go2_deploy/workhop_rl/install/unitree_api/lib:${LD_LIBRARY_PATH} PYTHONPATH=/home/ruben/go2_deploy/workhop_rl/install/unitree_hg/local/lib/python3.10/dist-packages:/home/ruben/go2_deploy/workhop_rl/install/unitree_go/local/lib/python3.10/dist-packages:/home/ruben/go2_deploy/workhop_rl/install/unitree_api/local/lib/python3.10/dist-packages:${PYTHONPATH} /usr/bin/cmake --install /home/ruben/go2_deploy/workhop_rl/build/unitree_ros2_example
[31.082s] Level 1:colcon.colcon_core.environment:checking '/home/ruben/go2_deploy/workhop_rl/install/unitree_ros2_example' for CMake module files
[31.083s] Level 1:colcon.colcon_core.environment:checking '/home/ruben/go2_deploy/workhop_rl/install/unitree_ros2_example' for CMake config files
[31.083s] Level 1:colcon.colcon_core.shell:create_environment_hook('unitree_ros2_example', 'cmake_prefix_path')
[31.083s] INFO:colcon.colcon_core.shell:Creating environment hook '/home/ruben/go2_deploy/workhop_rl/install/unitree_ros2_example/share/unitree_ros2_example/hook/cmake_prefix_path.ps1'
[31.084s] INFO:colcon.colcon_core.shell:Creating environment descriptor '/home/ruben/go2_deploy/workhop_rl/install/unitree_ros2_example/share/unitree_ros2_example/hook/cmake_prefix_path.dsv'
[31.084s] INFO:colcon.colcon_core.shell:Creating environment hook '/home/ruben/go2_deploy/workhop_rl/install/unitree_ros2_example/share/unitree_ros2_example/hook/cmake_prefix_path.sh'
[31.085s] Level 1:colcon.colcon_core.environment:checking '/home/ruben/go2_deploy/workhop_rl/install/unitree_ros2_example/bin'
[31.085s] Level 1:colcon.colcon_core.shell:create_environment_hook('unitree_ros2_example', 'path')
[31.085s] INFO:colcon.colcon_core.shell:Creating environment hook '/home/ruben/go2_deploy/workhop_rl/install/unitree_ros2_example/share/unitree_ros2_example/hook/path.ps1'
[31.085s] INFO:colcon.colcon_core.shell:Creating environment descriptor '/home/ruben/go2_deploy/workhop_rl/install/unitree_ros2_example/share/unitree_ros2_example/hook/path.dsv'
[31.085s] INFO:colcon.colcon_core.shell:Creating environment hook '/home/ruben/go2_deploy/workhop_rl/install/unitree_ros2_example/share/unitree_ros2_example/hook/path.sh'
[31.086s] Level 1:colcon.colcon_core.environment:checking '/home/ruben/go2_deploy/workhop_rl/install/unitree_ros2_example/lib/pkgconfig/unitree_ros2_example.pc'
[31.086s] Level 1:colcon.colcon_core.environment:checking '/home/ruben/go2_deploy/workhop_rl/install/unitree_ros2_example/lib/python3.10/site-packages'
[31.086s] Level 1:colcon.colcon_core.environment:checking '/home/ruben/go2_deploy/workhop_rl/install/unitree_ros2_example/bin'
[31.086s] Level 1:colcon.colcon_core.shell:create_environment_hook('unitree_ros2_example', 'pythonscriptspath')
[31.087s] INFO:colcon.colcon_core.shell:Creating environment hook '/home/ruben/go2_deploy/workhop_rl/install/unitree_ros2_example/share/unitree_ros2_example/hook/pythonscriptspath.ps1'
[31.087s] INFO:colcon.colcon_core.shell:Creating environment descriptor '/home/ruben/go2_deploy/workhop_rl/install/unitree_ros2_example/share/unitree_ros2_example/hook/pythonscriptspath.dsv'
[31.087s] INFO:colcon.colcon_core.shell:Creating environment hook '/home/ruben/go2_deploy/workhop_rl/install/unitree_ros2_example/share/unitree_ros2_example/hook/pythonscriptspath.sh'
[31.088s] INFO:colcon.colcon_core.shell:Creating package script '/home/ruben/go2_deploy/workhop_rl/install/unitree_ros2_example/share/unitree_ros2_example/package.ps1'
[31.088s] INFO:colcon.colcon_core.shell:Creating package descriptor '/home/ruben/go2_deploy/workhop_rl/install/unitree_ros2_example/share/unitree_ros2_example/package.dsv'
[31.089s] INFO:colcon.colcon_core.shell:Creating package script '/home/ruben/go2_deploy/workhop_rl/install/unitree_ros2_example/share/unitree_ros2_example/package.sh'
[31.089s] INFO:colcon.colcon_core.shell:Creating package script '/home/ruben/go2_deploy/workhop_rl/install/unitree_ros2_example/share/unitree_ros2_example/package.bash'
[31.089s] INFO:colcon.colcon_core.shell:Creating package script '/home/ruben/go2_deploy/workhop_rl/install/unitree_ros2_example/share/unitree_ros2_example/package.zsh'
[31.090s] Level 1:colcon.colcon_core.environment:create_file_with_runtime_dependencies(/home/ruben/go2_deploy/workhop_rl/install/unitree_ros2_example/share/colcon-core/packages/unitree_ros2_example)
[31.090s] Level 1:colcon.colcon_core.environment:create_environment_scripts_only(unitree_ros2_example)
[31.090s] Level 1:colcon.colcon_core.environment:checking '/home/ruben/go2_deploy/workhop_rl/install/unitree_ros2_example' for CMake module files
[31.091s] Level 1:colcon.colcon_core.environment:checking '/home/ruben/go2_deploy/workhop_rl/install/unitree_ros2_example' for CMake config files
[31.091s] Level 1:colcon.colcon_core.shell:create_environment_hook('unitree_ros2_example', 'cmake_prefix_path')
[31.091s] INFO:colcon.colcon_core.shell:Creating environment hook '/home/ruben/go2_deploy/workhop_rl/install/unitree_ros2_example/share/unitree_ros2_example/hook/cmake_prefix_path.ps1'
[31.091s] INFO:colcon.colcon_core.shell:Creating environment descriptor '/home/ruben/go2_deploy/workhop_rl/install/unitree_ros2_example/share/unitree_ros2_example/hook/cmake_prefix_path.dsv'
[31.091s] INFO:colcon.colcon_core.shell:Creating environment hook '/home/ruben/go2_deploy/workhop_rl/install/unitree_ros2_example/share/unitree_ros2_example/hook/cmake_prefix_path.sh'
[31.092s] Level 1:colcon.colcon_core.environment:checking '/home/ruben/go2_deploy/workhop_rl/install/unitree_ros2_example/bin'
[31.092s] Level 1:colcon.colcon_core.shell:create_environment_hook('unitree_ros2_example', 'path')
[31.092s] INFO:colcon.colcon_core.shell:Creating environment hook '/home/ruben/go2_deploy/workhop_rl/install/unitree_ros2_example/share/unitree_ros2_example/hook/path.ps1'
[31.092s] INFO:colcon.colcon_core.shell:Creating environment descriptor '/home/ruben/go2_deploy/workhop_rl/install/unitree_ros2_example/share/unitree_ros2_example/hook/path.dsv'
[31.092s] INFO:colcon.colcon_core.shell:Creating environment hook '/home/ruben/go2_deploy/workhop_rl/install/unitree_ros2_example/share/unitree_ros2_example/hook/path.sh'
[31.093s] Level 1:colcon.colcon_core.environment:checking '/home/ruben/go2_deploy/workhop_rl/install/unitree_ros2_example/lib/pkgconfig/unitree_ros2_example.pc'
[31.093s] Level 1:colcon.colcon_core.environment:checking '/home/ruben/go2_deploy/workhop_rl/install/unitree_ros2_example/lib/python3.10/site-packages'
[31.093s] Level 1:colcon.colcon_core.environment:checking '/home/ruben/go2_deploy/workhop_rl/install/unitree_ros2_example/bin'
[31.093s] Level 1:colcon.colcon_core.shell:create_environment_hook('unitree_ros2_example', 'pythonscriptspath')
[31.093s] INFO:colcon.colcon_core.shell:Creating environment hook '/home/ruben/go2_deploy/workhop_rl/install/unitree_ros2_example/share/unitree_ros2_example/hook/pythonscriptspath.ps1'
[31.093s] INFO:colcon.colcon_core.shell:Creating environment descriptor '/home/ruben/go2_deploy/workhop_rl/install/unitree_ros2_example/share/unitree_ros2_example/hook/pythonscriptspath.dsv'
[31.094s] INFO:colcon.colcon_core.shell:Creating environment hook '/home/ruben/go2_deploy/workhop_rl/install/unitree_ros2_example/share/unitree_ros2_example/hook/pythonscriptspath.sh'
[31.094s] INFO:colcon.colcon_core.shell:Creating package script '/home/ruben/go2_deploy/workhop_rl/install/unitree_ros2_example/share/unitree_ros2_example/package.ps1'
[31.094s] INFO:colcon.colcon_core.shell:Creating package descriptor '/home/ruben/go2_deploy/workhop_rl/install/unitree_ros2_example/share/unitree_ros2_example/package.dsv'
[31.094s] INFO:colcon.colcon_core.shell:Creating package script '/home/ruben/go2_deploy/workhop_rl/install/unitree_ros2_example/share/unitree_ros2_example/package.sh'
[31.146s] INFO:colcon.colcon_core.shell:Creating package script '/home/ruben/go2_deploy/workhop_rl/install/unitree_ros2_example/share/unitree_ros2_example/package.bash'
[31.146s] INFO:colcon.colcon_core.shell:Creating package script '/home/ruben/go2_deploy/workhop_rl/install/unitree_ros2_example/share/unitree_ros2_example/package.zsh'
[31.147s] Level 1:colcon.colcon_core.environment:create_file_with_runtime_dependencies(/home/ruben/go2_deploy/workhop_rl/install/unitree_ros2_example/share/colcon-core/packages/unitree_ros2_example)
[37.441s] DEBUG:colcon.colcon_core.event_handler.log_command:Invoked command in '/home/ruben/go2_deploy/workhop_rl/build/unitree_rl_controller' returned '0': AMENT_PREFIX_PATH=/home/ruben/go2_deploy/workhop_rl/install/ros2_unitree_legged_msgs:${AMENT_PREFIX_PATH} CMAKE_PREFIX_PATH=/home/ruben/go2_deploy/workhop_rl/install/ros2_unitree_legged_msgs:/opt/ros/humble LD_LIBRARY_PATH=/home/ruben/go2_deploy/workhop_rl/install/ros2_unitree_legged_msgs/lib:${LD_LIBRARY_PATH} PYTHONPATH=/home/ruben/go2_deploy/workhop_rl/install/ros2_unitree_legged_msgs/local/lib/python3.10/dist-packages:${PYTHONPATH} /usr/bin/cmake --build /home/ruben/go2_deploy/workhop_rl/build/unitree_rl_controller -- -j22 -l22
[37.442s] DEBUG:colcon.colcon_core.event_handler.log_command:Invoking command in '/home/ruben/go2_deploy/workhop_rl/build/unitree_rl_controller': AMENT_PREFIX_PATH=/home/ruben/go2_deploy/workhop_rl/install/ros2_unitree_legged_msgs:${AMENT_PREFIX_PATH} CMAKE_PREFIX_PATH=/home/ruben/go2_deploy/workhop_rl/install/ros2_unitree_legged_msgs:/opt/ros/humble LD_LIBRARY_PATH=/home/ruben/go2_deploy/workhop_rl/install/ros2_unitree_legged_msgs/lib:${LD_LIBRARY_PATH} PYTHONPATH=/home/ruben/go2_deploy/workhop_rl/install/ros2_unitree_legged_msgs/local/lib/python3.10/dist-packages:${PYTHONPATH} /usr/bin/cmake --install /home/ruben/go2_deploy/workhop_rl/build/unitree_rl_controller
[37.451s] Level 1:colcon.colcon_core.environment:create_environment_scripts_only(unitree_rl_controller)
[37.451s] DEBUG:colcon.colcon_core.event_handler.log_command:Invoked command in '/home/ruben/go2_deploy/workhop_rl/build/unitree_rl_controller' returned '0': AMENT_PREFIX_PATH=/home/ruben/go2_deploy/workhop_rl/install/ros2_unitree_legged_msgs:${AMENT_PREFIX_PATH} CMAKE_PREFIX_PATH=/home/ruben/go2_deploy/workhop_rl/install/ros2_unitree_legged_msgs:/opt/ros/humble LD_LIBRARY_PATH=/home/ruben/go2_deploy/workhop_rl/install/ros2_unitree_legged_msgs/lib:${LD_LIBRARY_PATH} PYTHONPATH=/home/ruben/go2_deploy/workhop_rl/install/ros2_unitree_legged_msgs/local/lib/python3.10/dist-packages:${PYTHONPATH} /usr/bin/cmake --install /home/ruben/go2_deploy/workhop_rl/build/unitree_rl_controller
[37.452s] Level 1:colcon.colcon_core.environment:checking '/home/ruben/go2_deploy/workhop_rl/install/unitree_rl_controller' for CMake module files
[37.452s] Level 1:colcon.colcon_core.environment:checking '/home/ruben/go2_deploy/workhop_rl/install/unitree_rl_controller' for CMake config files
[37.452s] Level 1:colcon.colcon_core.shell:create_environment_hook('unitree_rl_controller', 'cmake_prefix_path')
[37.453s] INFO:colcon.colcon_core.shell:Creating environment hook '/home/ruben/go2_deploy/workhop_rl/install/unitree_rl_controller/share/unitree_rl_controller/hook/cmake_prefix_path.ps1'
[37.453s] INFO:colcon.colcon_core.shell:Creating environment descriptor '/home/ruben/go2_deploy/workhop_rl/install/unitree_rl_controller/share/unitree_rl_controller/hook/cmake_prefix_path.dsv'
[37.453s] INFO:colcon.colcon_core.shell:Creating environment hook '/home/ruben/go2_deploy/workhop_rl/install/unitree_rl_controller/share/unitree_rl_controller/hook/cmake_prefix_path.sh'
[37.454s] Level 1:colcon.colcon_core.environment:checking '/home/ruben/go2_deploy/workhop_rl/install/unitree_rl_controller/lib'
[37.454s] Level 1:colcon.colcon_core.shell:create_environment_hook('unitree_rl_controller', 'ld_library_path_lib')
[37.454s] INFO:colcon.colcon_core.shell:Creating environment hook '/home/ruben/go2_deploy/workhop_rl/install/unitree_rl_controller/share/unitree_rl_controller/hook/ld_library_path_lib.ps1'
[37.454s] INFO:colcon.colcon_core.shell:Creating environment descriptor '/home/ruben/go2_deploy/workhop_rl/install/unitree_rl_controller/share/unitree_rl_controller/hook/ld_library_path_lib.dsv'
[37.454s] INFO:colcon.colcon_core.shell:Creating environment hook '/home/ruben/go2_deploy/workhop_rl/install/unitree_rl_controller/share/unitree_rl_controller/hook/ld_library_path_lib.sh'
[37.454s] Level 1:colcon.colcon_core.environment:checking '/home/ruben/go2_deploy/workhop_rl/install/unitree_rl_controller/bin'
[37.454s] Level 1:colcon.colcon_core.environment:checking '/home/ruben/go2_deploy/workhop_rl/install/unitree_rl_controller/lib/pkgconfig/unitree_rl_controller.pc'
[37.455s] Level 1:colcon.colcon_core.environment:checking '/home/ruben/go2_deploy/workhop_rl/install/unitree_rl_controller/lib/python3.10/site-packages'
[37.455s] Level 1:colcon.colcon_core.environment:checking '/home/ruben/go2_deploy/workhop_rl/install/unitree_rl_controller/bin'
[37.455s] INFO:colcon.colcon_core.shell:Creating package script '/home/ruben/go2_deploy/workhop_rl/install/unitree_rl_controller/share/unitree_rl_controller/package.ps1'
[37.455s] INFO:colcon.colcon_core.shell:Creating package descriptor '/home/ruben/go2_deploy/workhop_rl/install/unitree_rl_controller/share/unitree_rl_controller/package.dsv'
[37.455s] INFO:colcon.colcon_core.shell:Creating package script '/home/ruben/go2_deploy/workhop_rl/install/unitree_rl_controller/share/unitree_rl_controller/package.sh'
[37.456s] INFO:colcon.colcon_core.shell:Creating package script '/home/ruben/go2_deploy/workhop_rl/install/unitree_rl_controller/share/unitree_rl_controller/package.bash'
[37.456s] INFO:colcon.colcon_core.shell:Creating package script '/home/ruben/go2_deploy/workhop_rl/install/unitree_rl_controller/share/unitree_rl_controller/package.zsh'
[37.456s] Level 1:colcon.colcon_core.environment:create_file_with_runtime_dependencies(/home/ruben/go2_deploy/workhop_rl/install/unitree_rl_controller/share/colcon-core/packages/unitree_rl_controller)
[37.456s] Level 1:colcon.colcon_core.environment:create_environment_scripts_only(unitree_rl_controller)
[37.456s] Level 1:colcon.colcon_core.environment:checking '/home/ruben/go2_deploy/workhop_rl/install/unitree_rl_controller' for CMake module files
[37.456s] Level 1:colcon.colcon_core.environment:checking '/home/ruben/go2_deploy/workhop_rl/install/unitree_rl_controller' for CMake config files
[37.457s] Level 1:colcon.colcon_core.shell:create_environment_hook('unitree_rl_controller', 'cmake_prefix_path')
[37.457s] INFO:colcon.colcon_core.shell:Creating environment hook '/home/ruben/go2_deploy/workhop_rl/install/unitree_rl_controller/share/unitree_rl_controller/hook/cmake_prefix_path.ps1'
[37.457s] INFO:colcon.colcon_core.shell:Creating environment descriptor '/home/ruben/go2_deploy/workhop_rl/install/unitree_rl_controller/share/unitree_rl_controller/hook/cmake_prefix_path.dsv'
[37.457s] INFO:colcon.colcon_core.shell:Creating environment hook '/home/ruben/go2_deploy/workhop_rl/install/unitree_rl_controller/share/unitree_rl_controller/hook/cmake_prefix_path.sh'
[37.457s] Level 1:colcon.colcon_core.environment:checking '/home/ruben/go2_deploy/workhop_rl/install/unitree_rl_controller/lib'
[37.457s] Level 1:colcon.colcon_core.shell:create_environment_hook('unitree_rl_controller', 'ld_library_path_lib')
[37.457s] INFO:colcon.colcon_core.shell:Creating environment hook '/home/ruben/go2_deploy/workhop_rl/install/unitree_rl_controller/share/unitree_rl_controller/hook/ld_library_path_lib.ps1'
[37.458s] INFO:colcon.colcon_core.shell:Creating environment descriptor '/home/ruben/go2_deploy/workhop_rl/install/unitree_rl_controller/share/unitree_rl_controller/hook/ld_library_path_lib.dsv'
[37.458s] INFO:colcon.colcon_core.shell:Creating environment hook '/home/ruben/go2_deploy/workhop_rl/install/unitree_rl_controller/share/unitree_rl_controller/hook/ld_library_path_lib.sh'
[37.458s] Level 1:colcon.colcon_core.environment:checking '/home/ruben/go2_deploy/workhop_rl/install/unitree_rl_controller/bin'
[37.458s] Level 1:colcon.colcon_core.environment:checking '/home/ruben/go2_deploy/workhop_rl/install/unitree_rl_controller/lib/pkgconfig/unitree_rl_controller.pc'
[37.458s] Level 1:colcon.colcon_core.environment:checking '/home/ruben/go2_deploy/workhop_rl/install/unitree_rl_controller/lib/python3.10/site-packages'
[37.458s] Level 1:colcon.colcon_core.environment:checking '/home/ruben/go2_deploy/workhop_rl/install/unitree_rl_controller/bin'
[37.459s] INFO:colcon.colcon_core.shell:Creating package script '/home/ruben/go2_deploy/workhop_rl/install/unitree_rl_controller/share/unitree_rl_controller/package.ps1'
[37.459s] INFO:colcon.colcon_core.shell:Creating package descriptor '/home/ruben/go2_deploy/workhop_rl/install/unitree_rl_controller/share/unitree_rl_controller/package.dsv'
[37.459s] INFO:colcon.colcon_core.shell:Creating package script '/home/ruben/go2_deploy/workhop_rl/install/unitree_rl_controller/share/unitree_rl_controller/package.sh'
[37.459s] INFO:colcon.colcon_core.shell:Creating package script '/home/ruben/go2_deploy/workhop_rl/install/unitree_rl_controller/share/unitree_rl_controller/package.bash'
[37.459s] INFO:colcon.colcon_core.shell:Creating package script '/home/ruben/go2_deploy/workhop_rl/install/unitree_rl_controller/share/unitree_rl_controller/package.zsh'
[37.460s] Level 1:colcon.colcon_core.environment:create_file_with_runtime_dependencies(/home/ruben/go2_deploy/workhop_rl/install/unitree_rl_controller/share/colcon-core/packages/unitree_rl_controller)
[37.527s] INFO:colcon.colcon_ros.task.ament_cmake.build:Building ROS package in '/home/ruben/go2_deploy/workhop_rl/src/unitree_ros2_to_real' with build type 'ament_cmake'
[37.527s] INFO:colcon.colcon_cmake.task.cmake.build:Building CMake package in '/home/ruben/go2_deploy/workhop_rl/src/unitree_ros2_to_real'
[37.528s] INFO:colcon.colcon_core.shell:Skip shell extension 'powershell' for command environment: Not usable outside of PowerShell
[37.528s] DEBUG:colcon.colcon_core.shell:Skip shell extension 'dsv' for command environment
[37.549s] DEBUG:colcon.colcon_core.event_handler.log_command:Invoking command in '/home/ruben/go2_deploy/workhop_rl/build/unitree_legged_real': AMENT_PREFIX_PATH=/home/ruben/go2_deploy/workhop_rl/install/unitree_rl_controller:/home/ruben/go2_deploy/workhop_rl/install/unitree_go:/home/ruben/go2_deploy/workhop_rl/install/unitree_api:/home/ruben/go2_deploy/workhop_rl/install/ros2_unitree_legged_msgs:${AMENT_PREFIX_PATH} CMAKE_PREFIX_PATH=/home/ruben/go2_deploy/workhop_rl/install/unitree_rl_controller:/home/ruben/go2_deploy/workhop_rl/install/unitree_go:/home/ruben/go2_deploy/workhop_rl/install/unitree_api:/home/ruben/go2_deploy/workhop_rl/install/ros2_unitree_legged_msgs:/opt/ros/humble LD_LIBRARY_PATH=/home/ruben/go2_deploy/workhop_rl/install/unitree_rl_controller/lib:/home/ruben/go2_deploy/workhop_rl/install/unitree_go/lib:/home/ruben/go2_deploy/workhop_rl/install/unitree_api/lib:/home/ruben/go2_deploy/workhop_rl/install/ros2_unitree_legged_msgs/lib:${LD_LIBRARY_PATH} PYTHONPATH=/home/ruben/go2_deploy/workhop_rl/install/unitree_go/local/lib/python3.10/dist-packages:/home/ruben/go2_deploy/workhop_rl/install/unitree_api/local/lib/python3.10/dist-packages:/home/ruben/go2_deploy/workhop_rl/install/ros2_unitree_legged_msgs/local/lib/python3.10/dist-packages:${PYTHONPATH} /usr/bin/cmake /home/ruben/go2_deploy/workhop_rl/src/unitree_ros2_to_real -DCMAKE_INSTALL_PREFIX=/home/ruben/go2_deploy/workhop_rl/install/unitree_legged_real
[37.942s] DEBUG:colcon.colcon_core.event_handler.log_command:Invoked command in '/home/ruben/go2_deploy/workhop_rl/build/unitree_mujoco' returned '0': AMENT_PREFIX_PATH=/home/ruben/go2_deploy/workhop_rl/install/unitree_go:/home/ruben/go2_deploy/workhop_rl/install/unitree_api:${AMENT_PREFIX_PATH} CMAKE_PREFIX_PATH=/home/ruben/go2_deploy/workhop_rl/install/unitree_go:/home/ruben/go2_deploy/workhop_rl/install/unitree_api:/opt/ros/humble LD_LIBRARY_PATH=/home/ruben/go2_deploy/workhop_rl/install/unitree_go/lib:/home/ruben/go2_deploy/workhop_rl/install/unitree_api/lib:${LD_LIBRARY_PATH} PYTHONPATH=/home/ruben/go2_deploy/workhop_rl/install/unitree_go/local/lib/python3.10/dist-packages:/home/ruben/go2_deploy/workhop_rl/install/unitree_api/local/lib/python3.10/dist-packages:${PYTHONPATH} /usr/bin/cmake --build /home/ruben/go2_deploy/workhop_rl/build/unitree_mujoco -- -j22 -l22
[37.943s] DEBUG:colcon.colcon_core.event_handler.log_command:Invoking command in '/home/ruben/go2_deploy/workhop_rl/build/unitree_mujoco': AMENT_PREFIX_PATH=/home/ruben/go2_deploy/workhop_rl/install/unitree_go:/home/ruben/go2_deploy/workhop_rl/install/unitree_api:${AMENT_PREFIX_PATH} CMAKE_PREFIX_PATH=/home/ruben/go2_deploy/workhop_rl/install/unitree_go:/home/ruben/go2_deploy/workhop_rl/install/unitree_api:/opt/ros/humble LD_LIBRARY_PATH=/home/ruben/go2_deploy/workhop_rl/install/unitree_go/lib:/home/ruben/go2_deploy/workhop_rl/install/unitree_api/lib:${LD_LIBRARY_PATH} PYTHONPATH=/home/ruben/go2_deploy/workhop_rl/install/unitree_go/local/lib/python3.10/dist-packages:/home/ruben/go2_deploy/workhop_rl/install/unitree_api/local/lib/python3.10/dist-packages:${PYTHONPATH} /usr/bin/cmake --install /home/ruben/go2_deploy/workhop_rl/build/unitree_mujoco
[37.952s] Level 1:colcon.colcon_core.environment:create_environment_scripts_only(unitree_mujoco)
[37.953s] DEBUG:colcon.colcon_core.event_handler.log_command:Invoked command in '/home/ruben/go2_deploy/workhop_rl/build/unitree_mujoco' returned '0': AMENT_PREFIX_PATH=/home/ruben/go2_deploy/workhop_rl/install/unitree_go:/home/ruben/go2_deploy/workhop_rl/install/unitree_api:${AMENT_PREFIX_PATH} CMAKE_PREFIX_PATH=/home/ruben/go2_deploy/workhop_rl/install/unitree_go:/home/ruben/go2_deploy/workhop_rl/install/unitree_api:/opt/ros/humble LD_LIBRARY_PATH=/home/ruben/go2_deploy/workhop_rl/install/unitree_go/lib:/home/ruben/go2_deploy/workhop_rl/install/unitree_api/lib:${LD_LIBRARY_PATH} PYTHONPATH=/home/ruben/go2_deploy/workhop_rl/install/unitree_go/local/lib/python3.10/dist-packages:/home/ruben/go2_deploy/workhop_rl/install/unitree_api/local/lib/python3.10/dist-packages:${PYTHONPATH} /usr/bin/cmake --install /home/ruben/go2_deploy/workhop_rl/build/unitree_mujoco
[37.953s] Level 1:colcon.colcon_core.environment:checking '/home/ruben/go2_deploy/workhop_rl/install/unitree_mujoco' for CMake module files
[37.954s] Level 1:colcon.colcon_core.environment:checking '/home/ruben/go2_deploy/workhop_rl/install/unitree_mujoco' for CMake config files
[37.954s] Level 1:colcon.colcon_core.shell:create_environment_hook('unitree_mujoco', 'cmake_prefix_path')
[37.954s] INFO:colcon.colcon_core.shell:Creating environment hook '/home/ruben/go2_deploy/workhop_rl/install/unitree_mujoco/share/unitree_mujoco/hook/cmake_prefix_path.ps1'
[37.955s] INFO:colcon.colcon_core.shell:Creating environment descriptor '/home/ruben/go2_deploy/workhop_rl/install/unitree_mujoco/share/unitree_mujoco/hook/cmake_prefix_path.dsv'
[37.955s] INFO:colcon.colcon_core.shell:Creating environment hook '/home/ruben/go2_deploy/workhop_rl/install/unitree_mujoco/share/unitree_mujoco/hook/cmake_prefix_path.sh'
[37.956s] Level 1:colcon.colcon_core.environment:checking '/home/ruben/go2_deploy/workhop_rl/install/unitree_mujoco/lib'
[37.956s] Level 1:colcon.colcon_core.environment:checking '/home/ruben/go2_deploy/workhop_rl/install/unitree_mujoco/bin'
[37.956s] Level 1:colcon.colcon_core.environment:checking '/home/ruben/go2_deploy/workhop_rl/install/unitree_mujoco/lib/pkgconfig/unitree_mujoco.pc'
[37.956s] Level 1:colcon.colcon_core.environment:checking '/home/ruben/go2_deploy/workhop_rl/install/unitree_mujoco/lib/python3.10/site-packages'
[37.956s] Level 1:colcon.colcon_core.environment:checking '/home/ruben/go2_deploy/workhop_rl/install/unitree_mujoco/bin'
[37.956s] INFO:colcon.colcon_core.shell:Creating package script '/home/ruben/go2_deploy/workhop_rl/install/unitree_mujoco/share/unitree_mujoco/package.ps1'
[37.956s] INFO:colcon.colcon_core.shell:Creating package descriptor '/home/ruben/go2_deploy/workhop_rl/install/unitree_mujoco/share/unitree_mujoco/package.dsv'
[37.957s] INFO:colcon.colcon_core.shell:Creating package script '/home/ruben/go2_deploy/workhop_rl/install/unitree_mujoco/share/unitree_mujoco/package.sh'
[37.957s] INFO:colcon.colcon_core.shell:Creating package script '/home/ruben/go2_deploy/workhop_rl/install/unitree_mujoco/share/unitree_mujoco/package.bash'
[37.957s] INFO:colcon.colcon_core.shell:Creating package script '/home/ruben/go2_deploy/workhop_rl/install/unitree_mujoco/share/unitree_mujoco/package.zsh'
[37.957s] Level 1:colcon.colcon_core.environment:create_file_with_runtime_dependencies(/home/ruben/go2_deploy/workhop_rl/install/unitree_mujoco/share/colcon-core/packages/unitree_mujoco)
[37.957s] Level 1:colcon.colcon_core.environment:create_environment_scripts_only(unitree_mujoco)
[37.958s] Level 1:colcon.colcon_core.environment:checking '/home/ruben/go2_deploy/workhop_rl/install/unitree_mujoco' for CMake module files
[37.958s] Level 1:colcon.colcon_core.environment:checking '/home/ruben/go2_deploy/workhop_rl/install/unitree_mujoco' for CMake config files
[37.958s] Level 1:colcon.colcon_core.shell:create_environment_hook('unitree_mujoco', 'cmake_prefix_path')
[37.958s] INFO:colcon.colcon_core.shell:Creating environment hook '/home/ruben/go2_deploy/workhop_rl/install/unitree_mujoco/share/unitree_mujoco/hook/cmake_prefix_path.ps1'
[37.958s] INFO:colcon.colcon_core.shell:Creating environment descriptor '/home/ruben/go2_deploy/workhop_rl/install/unitree_mujoco/share/unitree_mujoco/hook/cmake_prefix_path.dsv'
[37.958s] INFO:colcon.colcon_core.shell:Creating environment hook '/home/ruben/go2_deploy/workhop_rl/install/unitree_mujoco/share/unitree_mujoco/hook/cmake_prefix_path.sh'
[37.959s] Level 1:colcon.colcon_core.environment:checking '/home/ruben/go2_deploy/workhop_rl/install/unitree_mujoco/lib'
[37.959s] Level 1:colcon.colcon_core.environment:checking '/home/ruben/go2_deploy/workhop_rl/install/unitree_mujoco/bin'
[37.959s] Level 1:colcon.colcon_core.environment:checking '/home/ruben/go2_deploy/workhop_rl/install/unitree_mujoco/lib/pkgconfig/unitree_mujoco.pc'
[37.959s] Level 1:colcon.colcon_core.environment:checking '/home/ruben/go2_deploy/workhop_rl/install/unitree_mujoco/lib/python3.10/site-packages'
[37.959s] Level 1:colcon.colcon_core.environment:checking '/home/ruben/go2_deploy/workhop_rl/install/unitree_mujoco/bin'
[37.959s] INFO:colcon.colcon_core.shell:Creating package script '/home/ruben/go2_deploy/workhop_rl/install/unitree_mujoco/share/unitree_mujoco/package.ps1'
[37.959s] INFO:colcon.colcon_core.shell:Creating package descriptor '/home/ruben/go2_deploy/workhop_rl/install/unitree_mujoco/share/unitree_mujoco/package.dsv'
[37.959s] INFO:colcon.colcon_core.shell:Creating package script '/home/ruben/go2_deploy/workhop_rl/install/unitree_mujoco/share/unitree_mujoco/package.sh'
[37.960s] INFO:colcon.colcon_core.shell:Creating package script '/home/ruben/go2_deploy/workhop_rl/install/unitree_mujoco/share/unitree_mujoco/package.bash'
[37.960s] INFO:colcon.colcon_core.shell:Creating package script '/home/ruben/go2_deploy/workhop_rl/install/unitree_mujoco/share/unitree_mujoco/package.zsh'
[37.960s] Level 1:colcon.colcon_core.environment:create_file_with_runtime_dependencies(/home/ruben/go2_deploy/workhop_rl/install/unitree_mujoco/share/colcon-core/packages/unitree_mujoco)
[38.670s] DEBUG:colcon.colcon_core.event_handler.log_command:Invoked command in '/home/ruben/go2_deploy/workhop_rl/build/unitree_legged_real' returned '0': AMENT_PREFIX_PATH=/home/ruben/go2_deploy/workhop_rl/install/unitree_rl_controller:/home/ruben/go2_deploy/workhop_rl/install/unitree_go:/home/ruben/go2_deploy/workhop_rl/install/unitree_api:/home/ruben/go2_deploy/workhop_rl/install/ros2_unitree_legged_msgs:${AMENT_PREFIX_PATH} CMAKE_PREFIX_PATH=/home/ruben/go2_deploy/workhop_rl/install/unitree_rl_controller:/home/ruben/go2_deploy/workhop_rl/install/unitree_go:/home/ruben/go2_deploy/workhop_rl/install/unitree_api:/home/ruben/go2_deploy/workhop_rl/install/ros2_unitree_legged_msgs:/opt/ros/humble LD_LIBRARY_PATH=/home/ruben/go2_deploy/workhop_rl/install/unitree_rl_controller/lib:/home/ruben/go2_deploy/workhop_rl/install/unitree_go/lib:/home/ruben/go2_deploy/workhop_rl/install/unitree_api/lib:/home/ruben/go2_deploy/workhop_rl/install/ros2_unitree_legged_msgs/lib:${LD_LIBRARY_PATH} PYTHONPATH=/home/ruben/go2_deploy/workhop_rl/install/unitree_go/local/lib/python3.10/dist-packages:/home/ruben/go2_deploy/workhop_rl/install/unitree_api/local/lib/python3.10/dist-packages:/home/ruben/go2_deploy/workhop_rl/install/ros2_unitree_legged_msgs/local/lib/python3.10/dist-packages:${PYTHONPATH} /usr/bin/cmake /home/ruben/go2_deploy/workhop_rl/src/unitree_ros2_to_real -DCMAKE_INSTALL_PREFIX=/home/ruben/go2_deploy/workhop_rl/install/unitree_legged_real
[38.672s] DEBUG:colcon.colcon_core.event_handler.log_command:Invoking command in '/home/ruben/go2_deploy/workhop_rl/build/unitree_legged_real': AMENT_PREFIX_PATH=/home/ruben/go2_deploy/workhop_rl/install/unitree_rl_controller:/home/ruben/go2_deploy/workhop_rl/install/unitree_go:/home/ruben/go2_deploy/workhop_rl/install/unitree_api:/home/ruben/go2_deploy/workhop_rl/install/ros2_unitree_legged_msgs:${AMENT_PREFIX_PATH} CMAKE_PREFIX_PATH=/home/ruben/go2_deploy/workhop_rl/install/unitree_rl_controller:/home/ruben/go2_deploy/workhop_rl/install/unitree_go:/home/ruben/go2_deploy/workhop_rl/install/unitree_api:/home/ruben/go2_deploy/workhop_rl/install/ros2_unitree_legged_msgs:/opt/ros/humble LD_LIBRARY_PATH=/home/ruben/go2_deploy/workhop_rl/install/unitree_rl_controller/lib:/home/ruben/go2_deploy/workhop_rl/install/unitree_go/lib:/home/ruben/go2_deploy/workhop_rl/install/unitree_api/lib:/home/ruben/go2_deploy/workhop_rl/install/ros2_unitree_legged_msgs/lib:${LD_LIBRARY_PATH} PYTHONPATH=/home/ruben/go2_deploy/workhop_rl/install/unitree_go/local/lib/python3.10/dist-packages:/home/ruben/go2_deploy/workhop_rl/install/unitree_api/local/lib/python3.10/dist-packages:/home/ruben/go2_deploy/workhop_rl/install/ros2_unitree_legged_msgs/local/lib/python3.10/dist-packages:${PYTHONPATH} /usr/bin/cmake --build /home/ruben/go2_deploy/workhop_rl/build/unitree_legged_real -- -j22 -l22
[62.641s] DEBUG:colcon.colcon_core.event_handler.log_command:Invoked command in '/home/ruben/go2_deploy/workhop_rl/build/unitree_legged_real' returned '0': AMENT_PREFIX_PATH=/home/ruben/go2_deploy/workhop_rl/install/unitree_rl_controller:/home/ruben/go2_deploy/workhop_rl/install/unitree_go:/home/ruben/go2_deploy/workhop_rl/install/unitree_api:/home/ruben/go2_deploy/workhop_rl/install/ros2_unitree_legged_msgs:${AMENT_PREFIX_PATH} CMAKE_PREFIX_PATH=/home/ruben/go2_deploy/workhop_rl/install/unitree_rl_controller:/home/ruben/go2_deploy/workhop_rl/install/unitree_go:/home/ruben/go2_deploy/workhop_rl/install/unitree_api:/home/ruben/go2_deploy/workhop_rl/install/ros2_unitree_legged_msgs:/opt/ros/humble LD_LIBRARY_PATH=/home/ruben/go2_deploy/workhop_rl/install/unitree_rl_controller/lib:/home/ruben/go2_deploy/workhop_rl/install/unitree_go/lib:/home/ruben/go2_deploy/workhop_rl/install/unitree_api/lib:/home/ruben/go2_deploy/workhop_rl/install/ros2_unitree_legged_msgs/lib:${LD_LIBRARY_PATH} PYTHONPATH=/home/ruben/go2_deploy/workhop_rl/install/unitree_go/local/lib/python3.10/dist-packages:/home/ruben/go2_deploy/workhop_rl/install/unitree_api/local/lib/python3.10/dist-packages:/home/ruben/go2_deploy/workhop_rl/install/ros2_unitree_legged_msgs/local/lib/python3.10/dist-packages:${PYTHONPATH} /usr/bin/cmake --build /home/ruben/go2_deploy/workhop_rl/build/unitree_legged_real -- -j22 -l22
[62.643s] DEBUG:colcon.colcon_core.event_handler.log_command:Invoking command in '/home/ruben/go2_deploy/workhop_rl/build/unitree_legged_real': AMENT_PREFIX_PATH=/home/ruben/go2_deploy/workhop_rl/install/unitree_rl_controller:/home/ruben/go2_deploy/workhop_rl/install/unitree_go:/home/ruben/go2_deploy/workhop_rl/install/unitree_api:/home/ruben/go2_deploy/workhop_rl/install/ros2_unitree_legged_msgs:${AMENT_PREFIX_PATH} CMAKE_PREFIX_PATH=/home/ruben/go2_deploy/workhop_rl/install/unitree_rl_controller:/home/ruben/go2_deploy/workhop_rl/install/unitree_go:/home/ruben/go2_deploy/workhop_rl/install/unitree_api:/home/ruben/go2_deploy/workhop_rl/install/ros2_unitree_legged_msgs:/opt/ros/humble LD_LIBRARY_PATH=/home/ruben/go2_deploy/workhop_rl/install/unitree_rl_controller/lib:/home/ruben/go2_deploy/workhop_rl/install/unitree_go/lib:/home/ruben/go2_deploy/workhop_rl/install/unitree_api/lib:/home/ruben/go2_deploy/workhop_rl/install/ros2_unitree_legged_msgs/lib:${LD_LIBRARY_PATH} PYTHONPATH=/home/ruben/go2_deploy/workhop_rl/install/unitree_go/local/lib/python3.10/dist-packages:/home/ruben/go2_deploy/workhop_rl/install/unitree_api/local/lib/python3.10/dist-packages:/home/ruben/go2_deploy/workhop_rl/install/ros2_unitree_legged_msgs/local/lib/python3.10/dist-packages:${PYTHONPATH} /usr/bin/cmake --install /home/ruben/go2_deploy/workhop_rl/build/unitree_legged_real
[62.661s] Level 1:colcon.colcon_core.environment:create_environment_scripts_only(unitree_legged_real)
[62.662s] DEBUG:colcon.colcon_core.event_handler.log_command:Invoked command in '/home/ruben/go2_deploy/workhop_rl/build/unitree_legged_real' returned '0': AMENT_PREFIX_PATH=/home/ruben/go2_deploy/workhop_rl/install/unitree_rl_controller:/home/ruben/go2_deploy/workhop_rl/install/unitree_go:/home/ruben/go2_deploy/workhop_rl/install/unitree_api:/home/ruben/go2_deploy/workhop_rl/install/ros2_unitree_legged_msgs:${AMENT_PREFIX_PATH} CMAKE_PREFIX_PATH=/home/ruben/go2_deploy/workhop_rl/install/unitree_rl_controller:/home/ruben/go2_deploy/workhop_rl/install/unitree_go:/home/ruben/go2_deploy/workhop_rl/install/unitree_api:/home/ruben/go2_deploy/workhop_rl/install/ros2_unitree_legged_msgs:/opt/ros/humble LD_LIBRARY_PATH=/home/ruben/go2_deploy/workhop_rl/install/unitree_rl_controller/lib:/home/ruben/go2_deploy/workhop_rl/install/unitree_go/lib:/home/ruben/go2_deploy/workhop_rl/install/unitree_api/lib:/home/ruben/go2_deploy/workhop_rl/install/ros2_unitree_legged_msgs/lib:${LD_LIBRARY_PATH} PYTHONPATH=/home/ruben/go2_deploy/workhop_rl/install/unitree_go/local/lib/python3.10/dist-packages:/home/ruben/go2_deploy/workhop_rl/install/unitree_api/local/lib/python3.10/dist-packages:/home/ruben/go2_deploy/workhop_rl/install/ros2_unitree_legged_msgs/local/lib/python3.10/dist-packages:${PYTHONPATH} /usr/bin/cmake --install /home/ruben/go2_deploy/workhop_rl/build/unitree_legged_real
[62.662s] Level 1:colcon.colcon_core.environment:checking '/home/ruben/go2_deploy/workhop_rl/install/unitree_legged_real' for CMake module files
[62.662s] Level 1:colcon.colcon_core.environment:checking '/home/ruben/go2_deploy/workhop_rl/install/unitree_legged_real' for CMake config files
[62.663s] Level 1:colcon.colcon_core.shell:create_environment_hook('unitree_legged_real', 'cmake_prefix_path')
[62.663s] INFO:colcon.colcon_core.shell:Creating environment hook '/home/ruben/go2_deploy/workhop_rl/install/unitree_legged_real/share/unitree_legged_real/hook/cmake_prefix_path.ps1'
[62.663s] INFO:colcon.colcon_core.shell:Creating environment descriptor '/home/ruben/go2_deploy/workhop_rl/install/unitree_legged_real/share/unitree_legged_real/hook/cmake_prefix_path.dsv'
[62.664s] INFO:colcon.colcon_core.shell:Creating environment hook '/home/ruben/go2_deploy/workhop_rl/install/unitree_legged_real/share/unitree_legged_real/hook/cmake_prefix_path.sh'
[62.664s] Level 1:colcon.colcon_core.environment:checking '/home/ruben/go2_deploy/workhop_rl/install/unitree_legged_real/lib'
[62.664s] Level 1:colcon.colcon_core.shell:create_environment_hook('unitree_legged_real', 'ld_library_path_lib')
[62.664s] INFO:colcon.colcon_core.shell:Creating environment hook '/home/ruben/go2_deploy/workhop_rl/install/unitree_legged_real/share/unitree_legged_real/hook/ld_library_path_lib.ps1'
[62.665s] INFO:colcon.colcon_core.shell:Creating environment descriptor '/home/ruben/go2_deploy/workhop_rl/install/unitree_legged_real/share/unitree_legged_real/hook/ld_library_path_lib.dsv'
[62.665s] INFO:colcon.colcon_core.shell:Creating environment hook '/home/ruben/go2_deploy/workhop_rl/install/unitree_legged_real/share/unitree_legged_real/hook/ld_library_path_lib.sh'
[62.665s] Level 1:colcon.colcon_core.environment:checking '/home/ruben/go2_deploy/workhop_rl/install/unitree_legged_real/bin'
[62.665s] Level 1:colcon.colcon_core.environment:checking '/home/ruben/go2_deploy/workhop_rl/install/unitree_legged_real/lib/pkgconfig/unitree_legged_real.pc'
[62.665s] Level 1:colcon.colcon_core.environment:checking '/home/ruben/go2_deploy/workhop_rl/install/unitree_legged_real/lib/python3.10/site-packages'
[62.666s] Level 1:colcon.colcon_core.environment:checking '/home/ruben/go2_deploy/workhop_rl/install/unitree_legged_real/bin'
[62.666s] INFO:colcon.colcon_core.shell:Creating package script '/home/ruben/go2_deploy/workhop_rl/install/unitree_legged_real/share/unitree_legged_real/package.ps1'
[62.666s] INFO:colcon.colcon_core.shell:Creating package descriptor '/home/ruben/go2_deploy/workhop_rl/install/unitree_legged_real/share/unitree_legged_real/package.dsv'
[62.667s] INFO:colcon.colcon_core.shell:Creating package script '/home/ruben/go2_deploy/workhop_rl/install/unitree_legged_real/share/unitree_legged_real/package.sh'
[62.667s] INFO:colcon.colcon_core.shell:Creating package script '/home/ruben/go2_deploy/workhop_rl/install/unitree_legged_real/share/unitree_legged_real/package.bash'
[62.668s] INFO:colcon.colcon_core.shell:Creating package script '/home/ruben/go2_deploy/workhop_rl/install/unitree_legged_real/share/unitree_legged_real/package.zsh'
[62.668s] Level 1:colcon.colcon_core.environment:create_file_with_runtime_dependencies(/home/ruben/go2_deploy/workhop_rl/install/unitree_legged_real/share/colcon-core/packages/unitree_legged_real)
[62.669s] Level 1:colcon.colcon_core.environment:create_environment_scripts_only(unitree_legged_real)
[62.669s] Level 1:colcon.colcon_core.environment:checking '/home/ruben/go2_deploy/workhop_rl/install/unitree_legged_real' for CMake module files
[62.670s] Level 1:colcon.colcon_core.environment:checking '/home/ruben/go2_deploy/workhop_rl/install/unitree_legged_real' for CMake config files
[62.670s] Level 1:colcon.colcon_core.shell:create_environment_hook('unitree_legged_real', 'cmake_prefix_path')
[62.670s] INFO:colcon.colcon_core.shell:Creating environment hook '/home/ruben/go2_deploy/workhop_rl/install/unitree_legged_real/share/unitree_legged_real/hook/cmake_prefix_path.ps1'
[62.670s] INFO:colcon.colcon_core.shell:Creating environment descriptor '/home/ruben/go2_deploy/workhop_rl/install/unitree_legged_real/share/unitree_legged_real/hook/cmake_prefix_path.dsv'
[62.670s] INFO:colcon.colcon_core.shell:Creating environment hook '/home/ruben/go2_deploy/workhop_rl/install/unitree_legged_real/share/unitree_legged_real/hook/cmake_prefix_path.sh'
[62.671s] Level 1:colcon.colcon_core.environment:checking '/home/ruben/go2_deploy/workhop_rl/install/unitree_legged_real/lib'
[62.671s] Level 1:colcon.colcon_core.shell:create_environment_hook('unitree_legged_real', 'ld_library_path_lib')
[62.671s] INFO:colcon.colcon_core.shell:Creating environment hook '/home/ruben/go2_deploy/workhop_rl/install/unitree_legged_real/share/unitree_legged_real/hook/ld_library_path_lib.ps1'
[62.671s] INFO:colcon.colcon_core.shell:Creating environment descriptor '/home/ruben/go2_deploy/workhop_rl/install/unitree_legged_real/share/unitree_legged_real/hook/ld_library_path_lib.dsv'
[62.671s] INFO:colcon.colcon_core.shell:Creating environment hook '/home/ruben/go2_deploy/workhop_rl/install/unitree_legged_real/share/unitree_legged_real/hook/ld_library_path_lib.sh'
[62.672s] Level 1:colcon.colcon_core.environment:checking '/home/ruben/go2_deploy/workhop_rl/install/unitree_legged_real/bin'
[62.672s] Level 1:colcon.colcon_core.environment:checking '/home/ruben/go2_deploy/workhop_rl/install/unitree_legged_real/lib/pkgconfig/unitree_legged_real.pc'
[62.672s] Level 1:colcon.colcon_core.environment:checking '/home/ruben/go2_deploy/workhop_rl/install/unitree_legged_real/lib/python3.10/site-packages'
[62.672s] Level 1:colcon.colcon_core.environment:checking '/home/ruben/go2_deploy/workhop_rl/install/unitree_legged_real/bin'
[62.672s] INFO:colcon.colcon_core.shell:Creating package script '/home/ruben/go2_deploy/workhop_rl/install/unitree_legged_real/share/unitree_legged_real/package.ps1'
[62.672s] INFO:colcon.colcon_core.shell:Creating package descriptor '/home/ruben/go2_deploy/workhop_rl/install/unitree_legged_real/share/unitree_legged_real/package.dsv'
[62.673s] INFO:colcon.colcon_core.shell:Creating package script '/home/ruben/go2_deploy/workhop_rl/install/unitree_legged_real/share/unitree_legged_real/package.sh'
[62.709s] INFO:colcon.colcon_core.shell:Creating package script '/home/ruben/go2_deploy/workhop_rl/install/unitree_legged_real/share/unitree_legged_real/package.bash'
[62.710s] INFO:colcon.colcon_core.shell:Creating package script '/home/ruben/go2_deploy/workhop_rl/install/unitree_legged_real/share/unitree_legged_real/package.zsh'
[62.710s] Level 1:colcon.colcon_core.environment:create_file_with_runtime_dependencies(/home/ruben/go2_deploy/workhop_rl/install/unitree_legged_real/share/colcon-core/packages/unitree_legged_real)
[62.739s] DEBUG:colcon.colcon_parallel_executor.executor.parallel:closing loop
[62.739s] DEBUG:colcon.colcon_parallel_executor.executor.parallel:loop closed
[62.739s] DEBUG:colcon.colcon_parallel_executor.executor.parallel:run_until_complete finished with '0'
[62.739s] DEBUG:colcon.colcon_core.event_reactor:joining thread
[62.744s] INFO:colcon.colcon_core.plugin_system:Skipping extension 'colcon_notification.desktop_notification.terminal_notifier': Not used on non-Darwin systems
[62.744s] INFO:colcon.colcon_core.plugin_system:Skipping extension 'colcon_notification.desktop_notification.win32': Not used on non-Windows systems
[62.744s] INFO:colcon.colcon_notification.desktop_notification:Sending desktop notification using 'notify2'
[62.764s] DEBUG:colcon.colcon_core.event_reactor:joined thread
[62.764s] INFO:colcon.colcon_core.shell:Creating prefix script '/home/ruben/go2_deploy/workhop_rl/install/local_setup.ps1'
[62.766s] INFO:colcon.colcon_core.shell:Creating prefix util module '/home/ruben/go2_deploy/workhop_rl/install/_local_setup_util_ps1.py'
[62.767s] INFO:colcon.colcon_core.shell:Creating prefix chain script '/home/ruben/go2_deploy/workhop_rl/install/setup.ps1'
[62.768s] INFO:colcon.colcon_core.shell:Creating prefix script '/home/ruben/go2_deploy/workhop_rl/install/local_setup.sh'
[62.768s] INFO:colcon.colcon_core.shell:Creating prefix util module '/home/ruben/go2_deploy/workhop_rl/install/_local_setup_util_sh.py'
[62.769s] INFO:colcon.colcon_core.shell:Creating prefix chain script '/home/ruben/go2_deploy/workhop_rl/install/setup.sh'
[62.769s] INFO:colcon.colcon_core.shell:Creating prefix script '/home/ruben/go2_deploy/workhop_rl/install/local_setup.bash'
[62.769s] INFO:colcon.colcon_core.shell:Creating prefix chain script '/home/ruben/go2_deploy/workhop_rl/install/setup.bash'
[62.770s] INFO:colcon.colcon_core.shell:Creating prefix script '/home/ruben/go2_deploy/workhop_rl/install/local_setup.zsh'
[62.770s] INFO:colcon.colcon_core.shell:Creating prefix chain script '/home/ruben/go2_deploy/workhop_rl/install/setup.zsh'
