# https://github.com/mikedh/trimesh
v -0.0000000001 -0.0019052672 -0.0148785068
v -0.0000000001 0.0006366181 -0.0149864843
v -0.0000000001 -0.0043923417 -0.0143425008
v -0.0000000001 0.0031601891 -0.0146633284
v -0.0000000001 -0.0004617309 -0.0140229752
v -0.0000000001 0.0004617309 -0.0140229752
v -0.0000000001 -0.0012937413 -0.0136223007
v -0.0000000001 0.0012937413 -0.0136223007
v -0.0000000001 0.0055928472 -0.0139183355
v -0.0000000001 -0.0067530563 -0.0133938882
v -0.0000000001 -0.0067500002 -0.0131913433
v -0.0000000001 0.0067500002 -0.0131913433
v -0.0000000001 -0.0074999998 -0.0129903806
v -0.0000000001 -0.0060000001 -0.0129903806
v -0.0000000001 -0.0018695104 -0.0129003087
v -0.0000000001 0.0018695104 -0.0129003087
v -0.0000000001 0.0060000001 -0.0129903806
v -0.0000000001 0.0074999998 -0.0129903806
v -0.0000000001 -0.0080490382 -0.0124413427
v -0.0000000001 -0.0054509621 -0.0124413427
v -0.0000000001 0.0054509621 -0.0124413427
v -0.0000000001 0.0078646094 -0.0127729373
v -0.0000000001 0.0080490382 -0.0124413427
v -0.0000000001 -0.0089194980 -0.0120599568
v -0.0000000001 -0.0020750000 -0.0120000001
v -0.0000000001 0.0020750000 -0.0120000001
v -0.0000000001 -0.0082500000 -0.0116913430
v -0.0000000001 -0.0052499999 -0.0116913430
v -0.0000000001 0.0052499999 -0.0116913430
v -0.0000000001 0.0082500000 -0.0116913430
v -0.0000000001 -0.0018695104 -0.0110996915
v -0.0000000001 0.0018695104 -0.0110996915
v -0.0000000001 0.0099101206 -0.0112600848
v -0.0000000001 -0.0080490382 -0.0109413434
v -0.0000000001 -0.0054509621 -0.0109413434
v -0.0000000001 0.0054509621 -0.0109413434
v -0.0000000001 0.0080490382 -0.0109413434
v -0.0000000001 -0.0108293416 -0.0103790835
v -0.0000000001 -0.0074999998 -0.0103923045
v -0.0000000001 -0.0060000001 -0.0103923045
v -0.0000000001 -0.0012937413 -0.0103776995
v -0.0000000001 0.0012937413 -0.0103776995
v -0.0000000001 0.0060000001 -0.0103923045
v -0.0000000001 0.0074999998 -0.0103923045
v -0.0000000001 -0.0067500002 -0.0101913428
v -0.0000000001 -0.0004617309 -0.0099770250
v -0.0000000001 0.0004617309 -0.0099770250
v -0.0000000001 0.0067500002 -0.0101913428
v -0.0000000001 0.0116705364 -0.0094232997
v -0.0000000001 -0.0124276448 -0.0083996216
v -0.0000000001 -0.0004709289 -0.0074852007
v -0.0000000001 -0.0023176274 -0.0071329237
v -0.0000000001 0.0014053598 -0.0073671546
v -0.0000000001 0.0130952112 -0.0073154243
v -0.0000000001 0.0031933447 -0.0067862030
v -0.0000000001 -0.0136684272 -0.0061785188
v -0.0000000001 -0.0040187011 -0.0063324594
v -0.0000000001 0.0047806799 -0.0057788491
v -0.0000000001 -0.0054672649 -0.0051341034
v -0.0000000001 0.0141431615 -0.0049970970
v -0.0000000001 0.0060676276 -0.0044083893
v -0.0000000001 -0.0145159941 -0.0037796709
v -0.0000000001 -0.0065723001 -0.0036131525
v -0.0000000001 0.0069733234 -0.0027609342
v -0.0000000001 0.0147842383 -0.0025350123
v -0.0000000001 -0.0072643738 -0.0018651742
v -0.0000000001 -0.0149459625 -0.0012720888
v -0.0000000001 0.0074408604 -0.0009399992
v -0.0000000001 -0.0074999998 -0.0000000000
v -0.0000000001 0.0074999998 -0.0000000000
v -0.0000000001 0.0149999997 -0.0000000000
v -0.0000000001 0.0074408604 0.0009399992
v -0.0000000001 -0.0149459625 0.0012720888
v -0.0000000001 -0.0072643738 0.0018651742
v -0.0000000001 0.0069733234 0.0027609342
v -0.0000000001 0.0147842383 0.0025350123
v -0.0000000001 -0.0145159941 0.0037796709
v -0.0000000001 -0.0065723001 0.0036131525
v -0.0000000001 -0.0108540356 0.0039770245
v -0.0000000001 -0.0099305743 0.0039770245
v -0.0000000001 0.0099305743 0.0039770245
v -0.0000000001 0.0108540356 0.0039770245
v -0.0000000001 -0.0116860466 0.0043776995
v -0.0000000001 -0.0090985633 0.0043776995
v -0.0000000001 0.0060676276 0.0044083893
v -0.0000000001 0.0090985633 0.0043776995
v -0.0000000001 0.0116860466 0.0043776995
v -0.0000000001 -0.0122618154 0.0050996915
v -0.0000000001 -0.0085227946 0.0050996915
v -0.0000000001 -0.0054672649 0.0051341034
v -0.0000000001 0.0085227946 0.0050996915
v -0.0000000001 0.0122618154 0.0050996915
v -0.0000000001 0.0141431615 0.0049970970
v -0.0000000001 0.0047806799 0.0057788491
v -0.0000000001 -0.0136684272 0.0061785188
v -0.0000000001 -0.0124673052 0.0060000001
v -0.0000000001 -0.0083173048 0.0060000001
v -0.0000000001 0.0083173048 0.0060000001
v -0.0000000001 0.0124673052 0.0060000001
v -0.0000000001 -0.0040187011 0.0063324594
v -0.0000000001 -0.0122618154 0.0069003087
v -0.0000000001 -0.0085227946 0.0069003087
v -0.0000000001 0.0031933447 0.0067862030
v -0.0000000001 0.0085227946 0.0069003087
v -0.0000000001 0.0122618154 0.0069003087
v -0.0000000001 -0.0023176274 0.0071329237
v -0.0000000001 0.0014053598 0.0073671546
v -0.0000000001 0.0130952112 0.0073154243
v -0.0000000001 -0.0116860466 0.0076223002
v -0.0000000001 -0.0090985633 0.0076223002
v -0.0000000001 -0.0004709289 0.0074852007
v -0.0000000001 0.0090985633 0.0076223002
v -0.0000000001 0.0116860466 0.0076223002
v -0.0000000001 -0.0124276448 0.0083996216
v -0.0000000001 -0.0108540356 0.0080229752
v -0.0000000001 -0.0099305743 0.0080229752
v -0.0000000001 0.0099305743 0.0080229752
v -0.0000000001 0.0108540356 0.0080229752
v -0.0000000001 0.0116705364 0.0094232997
v -0.0000000001 -0.0108293416 0.0103790835
v -0.0000000001 -0.0067500002 0.0101913428
v -0.0000000001 0.0067500002 0.0101913428
v -0.0000000001 -0.0074999998 0.0103923045
v -0.0000000001 -0.0060000001 0.0103923045
v -0.0000000001 0.0060000001 0.0103923045
v -0.0000000001 0.0074999998 0.0103923045
v -0.0000000001 -0.0080490382 0.0109413434
v -0.0000000001 -0.0054509621 0.0109413434
v -0.0000000001 0.0054509621 0.0109413434
v -0.0000000001 0.0080490382 0.0109413434
v -0.0000000001 0.0099101206 0.0112600848
v -0.0000000001 -0.0082500000 0.0116913430
v -0.0000000001 -0.0052499999 0.0116913430
v -0.0000000001 0.0052499999 0.0116913430
v -0.0000000001 0.0082500000 0.0116913430
v -0.0000000001 -0.0089194980 0.0120599568
v -0.0000000001 -0.0080490382 0.0124413427
v -0.0000000001 -0.0054509621 0.0124413427
v -0.0000000001 0.0054509621 0.0124413427
v -0.0000000001 0.0080490382 0.0124413427
v -0.0000000001 -0.0074999998 0.0129903806
v -0.0000000001 -0.0060000001 0.0129903806
v -0.0000000001 0.0060000001 0.0129903806
v -0.0000000001 0.0074999998 0.0129903806
v -0.0000000001 0.0078646094 0.0127729373
v -0.0000000001 -0.0067530563 0.0133938882
v -0.0000000001 -0.0067500002 0.0131913433
v -0.0000000001 0.0067500002 0.0131913433
v -0.0000000001 -0.0043923417 0.0143425008
v -0.0000000001 0.0055928472 0.0139183355
v -0.0000000001 0.0031601891 0.0146633284
v -0.0000000001 -0.0019052672 0.0148785068
v -0.0000000001 0.0006366181 0.0149864843
v 0.0010000002 -0.0160000008 -0.0000000000
v 0.0010000002 -0.0159423593 -0.0013568948
v 0.0010000002 -0.0159423593 0.0013568948
v 0.0010000002 -0.0154837267 -0.0040316489
v 0.0010000002 -0.0154837267 0.0040316489
v 0.0010000002 -0.0145796556 -0.0065904199
v 0.0010000002 -0.0145796556 0.0065904199
v 0.0010000002 -0.0132561540 -0.0089595970
v 0.0010000002 -0.0132561540 0.0089595970
v 0.0010000002 -0.0115512973 -0.0110710217
v 0.0010000002 -0.0115512973 0.0110710217
v 0.0010000002 -0.0095141307 -0.0128639545
v 0.0010000002 -0.0095141307 0.0128639545
v 0.0010000002 -0.0072032600 -0.0142868133
v 0.0010000002 -0.0072032600 0.0142868133
v 0.0010000002 -0.0046851644 -0.0152986674
v 0.0010000002 -0.0046851644 0.0152986674
v 0.0010000002 -0.0020322851 -0.0158704072
v 0.0010000002 -0.0020322851 0.0158704072
v 0.0010000002 0.0006790592 -0.0159855839
v 0.0010000002 0.0006790592 0.0159855839
v 0.0010000002 0.0033708683 -0.0156408846
v 0.0010000002 0.0033708683 0.0156408846
v 0.0010000002 0.0059657036 -0.0148462243
v 0.0010000002 0.0059657036 0.0148462243
v 0.0010000002 0.0083889170 -0.0136244660
v 0.0010000002 0.0083889170 0.0136244660
v 0.0010000002 0.0105707953 -0.0120107569
v 0.0010000002 0.0105707953 0.0120107569
v 0.0010000002 0.0124485716 -0.0100515196
v 0.0010000002 0.0124485716 0.0100515196
v 0.0010000002 0.0139682256 -0.0078031193
v 0.0010000002 0.0139682256 0.0078031193
v 0.0010000002 0.0150860390 -0.0053302366
v 0.0010000002 0.0150860390 0.0053302366
v 0.0010000002 0.0157698542 -0.0027040131
v 0.0010000002 0.0157698542 0.0027040131
v 0.0010000002 0.0160000008 -0.0000000000
v 0.0035000001 -0.0124673052 0.0060000001
v 0.0035000001 -0.0122618154 0.0050996915
v 0.0035000001 -0.0122618154 0.0069003087
v 0.0035000001 -0.0116860466 0.0043776995
v 0.0035000001 -0.0116860466 0.0076223002
v 0.0035000001 -0.0108540356 0.0039770245
v 0.0035000001 -0.0108540356 0.0080229752
v 0.0035000001 -0.0103923045 0.0060000001
v 0.0035000001 -0.0099305743 0.0039770245
v 0.0035000001 -0.0099305743 0.0080229752
v 0.0035000001 -0.0090985633 0.0043776995
v 0.0035000001 -0.0090985633 0.0076223002
v 0.0035000001 -0.0085227946 0.0050996915
v 0.0035000001 -0.0085227946 0.0069003087
v 0.0035000001 -0.0083173048 0.0060000001
v 0.0035000001 -0.0020750000 -0.0120000001
v 0.0035000001 -0.0018695104 -0.0129003087
v 0.0035000001 -0.0018695104 -0.0110996915
v 0.0035000001 -0.0012937413 -0.0136223007
v 0.0035000001 -0.0012937413 -0.0103776995
v 0.0035000001 -0.0004617309 -0.0140229752
v 0.0035000001 -0.0004617309 -0.0099770250
v 0.0035000001 0.0000000000 -0.0120000001
v 0.0035000001 0.0004617309 -0.0140229752
v 0.0035000001 0.0004617309 -0.0099770250
v 0.0035000001 0.0012937413 -0.0136223007
v 0.0035000001 0.0012937413 -0.0103776995
v 0.0035000001 0.0018695104 -0.0129003087
v 0.0035000001 0.0018695104 -0.0110996915
v 0.0035000001 0.0020750000 -0.0120000001
v 0.0035000001 0.0083173048 0.0060000001
v 0.0035000001 0.0085227946 0.0050996915
v 0.0035000001 0.0085227946 0.0069003087
v 0.0035000001 0.0090985633 0.0043776995
v 0.0035000001 0.0090985633 0.0076223002
v 0.0035000001 0.0099305743 0.0039770245
v 0.0035000001 0.0099305743 0.0080229752
v 0.0035000001 0.0103923045 0.0060000001
v 0.0035000001 0.0108540356 0.0039770245
v 0.0035000001 0.0108540356 0.0080229752
v 0.0035000001 0.0116860466 0.0043776995
v 0.0035000001 0.0116860466 0.0076223002
v 0.0035000001 0.0122618154 0.0050996915
v 0.0035000001 0.0122618154 0.0069003087
v 0.0035000001 0.0124673052 0.0060000001
v 0.0060000001 -0.0244999994 -0.0000000000
v 0.0060000001 -0.0244205538 -0.0019714308
v 0.0060000001 -0.0244205538 0.0019714308
v 0.0060000001 -0.0237880740 -0.0058632339
v 0.0060000001 -0.0237880740 0.0058632339
v 0.0060000001 -0.0225394964 -0.0096031819
v 0.0060000001 -0.0225394964 0.0096031819
v 0.0060000001 -0.0207071565 -0.0130944131
v 0.0060000001 -0.0207071565 0.0130944131
v 0.0060000001 -0.0183385126 -0.0162465051
v 0.0060000001 -0.0183385126 0.0162465051
v 0.0060000001 -0.0179999992 -0.0020000001
v 0.0060000001 -0.0179999992 0.0020000001
v 0.0060000001 -0.0175000001 -0.0015000000
v 0.0060000001 -0.0175000001 0.0015000000
v 0.0060000001 -0.0174345057 -0.0133703016
v 0.0060000001 -0.0174345057 0.0133703016
v 0.0060000001 -0.0171428118 -0.0149358111
v 0.0060000001 -0.0171428118 0.0149358111
v 0.0060000001 -0.0170923062 -0.0118150506
v 0.0060000001 -0.0170923062 0.0118150506
v 0.0060000001 -0.0163783394 -0.0020000001
v 0.0060000001 -0.0163783394 0.0020000001
v 0.0060000001 -0.0162634552 -0.0162634552
v 0.0060000001 -0.0162634552 0.0162634552
v 0.0060000001 -0.0161704477 -0.0105165569
v 0.0060000001 -0.0161704477 0.0105165569
v 0.0060000001 -0.0161181018 -0.0035294213
v 0.0060000001 -0.0161181018 0.0035294213
v 0.0060000001 -0.0159423593 -0.0013568948
v 0.0060000001 -0.0159423593 0.0013568948
v 0.0060000001 -0.0159295332 -0.0015000000
v 0.0060000001 -0.0159295332 0.0015000000
v 0.0060000001 -0.0156714618 -0.0051628728
v 0.0060000001 -0.0156714618 0.0051628728
v 0.0060000001 -0.0154949119 -0.0189778209
v 0.0060000001 -0.0154949119 0.0189778209
v 0.0060000001 -0.0150615275 -0.0067379801
v 0.0060000001 -0.0150615275 0.0067379801
v 0.0060000001 -0.0149358111 -0.0171428118
v 0.0060000001 -0.0149358111 0.0171428118
v 0.0060000001 -0.0148150437 -0.0096806232
v 0.0060000001 -0.0148150437 0.0096806232
v 0.0060000001 -0.0144513510 -0.0094475355
v 0.0060000001 -0.0144513510 0.0094475355
v 0.0060000001 -0.0142937591 -0.0082424786
v 0.0060000001 -0.0142937591 0.0082424786
v 0.0060000001 -0.0142199025 -0.0090827970
v 0.0060000001 -0.0142199025 0.0090827970
v 0.0060000001 -0.0141638881 -0.0086544687
v 0.0060000001 -0.0141638881 0.0086544687
v 0.0060000001 -0.0133703016 -0.0174345057
v 0.0060000001 -0.0133703016 0.0174345057
v 0.0060000001 -0.0122499997 -0.0212176219
v 0.0060000001 -0.0122499997 0.0212176219
v 0.0060000001 -0.0118981479 -0.0106973862
v 0.0060000001 -0.0118981479 0.0106973862
v 0.0060000001 -0.0118150506 -0.0170923062
v 0.0060000001 -0.0118150506 0.0170923062
v 0.0060000001 -0.0115512973 -0.0110710217
v 0.0060000001 -0.0115512973 0.0110710217
v 0.0060000001 -0.0112986080 -0.0111029930
v 0.0060000001 -0.0112986080 0.0111029930
v 0.0060000001 -0.0105789257 -0.0111806011
v 0.0060000001 -0.0105789257 0.0111806011
v 0.0060000001 -0.0105165569 -0.0161704477
v 0.0060000001 -0.0105165569 0.0161704477
v 0.0060000001 -0.0099066962 -0.0109121362
v 0.0060000001 -0.0099066962 0.0109121362
v 0.0060000001 -0.0096806232 -0.0148150437
v 0.0060000001 -0.0096806232 0.0148150437
v 0.0060000001 -0.0095141307 -0.0128639545
v 0.0060000001 -0.0095141307 0.0128639545
v 0.0060000001 -0.0095055886 -0.0145143177
v 0.0060000001 -0.0095055886 0.0145143177
v 0.0060000001 -0.0094384644 -0.0103601180
v 0.0060000001 -0.0094384644 0.0103601180
v 0.0060000001 -0.0092381053 -0.0142917726
v 0.0060000001 -0.0092381053 0.0142917726
v 0.0060000001 -0.0091440957 -0.0142444400
v 0.0060000001 -0.0091440957 0.0142444400
v 0.0060000001 -0.0089322142 0.0144277532
v 0.0060000001 -0.0087900311 -0.0094917351
v 0.0060000001 -0.0087900311 0.0094917351
v 0.0060000001 -0.0086878194 -0.0229078978
v 0.0060000001 -0.0086878194 0.0229078978
v 0.0060000001 -0.0082685929 -0.0148447342
v 0.0060000001 -0.0082685929 0.0148447342
v 0.0060000001 -0.0082500000 -0.0116913430
v 0.0060000001 -0.0082500000 0.0116913430
v 0.0060000001 -0.0080490382 -0.0124413427
v 0.0060000001 -0.0080490382 -0.0109413434
v 0.0060000001 -0.0080490382 0.0109413434
v 0.0060000001 -0.0080490382 0.0124413427
v 0.0060000001 -0.0078753615 -0.0089104148
v 0.0060000001 -0.0078753615 0.0089104148
v 0.0060000001 -0.0075288233 -0.0151035907
v 0.0060000001 -0.0075288233 0.0151035907
v 0.0060000001 -0.0074999998 -0.0129903806
v 0.0060000001 -0.0074999998 -0.0103923045
v 0.0060000001 -0.0074999998 0.0103923045
v 0.0060000001 -0.0074999998 0.0129903806
v 0.0060000001 -0.0072032600 -0.0142868133
v 0.0060000001 -0.0072032600 0.0142868133
v 0.0060000001 -0.0068138246 -0.0086920224
v 0.0060000001 -0.0068138246 0.0086920224
v 0.0060000001 -0.0067500002 -0.0131913433
v 0.0060000001 -0.0067500002 -0.0101913428
v 0.0060000001 -0.0067500002 0.0101913428
v 0.0060000001 -0.0067500002 0.0131913433
v 0.0060000001 -0.0064669391 -0.0151798781
v 0.0060000001 -0.0064669391 0.0151798781
v 0.0060000001 -0.0060000001 -0.0129903806
v 0.0060000001 -0.0060000001 -0.0103923045
v 0.0060000001 -0.0060000001 0.0103923045
v 0.0060000001 -0.0060000001 0.0129903806
v 0.0060000001 -0.0057439585 -0.0088650594
v 0.0060000001 -0.0057439585 0.0088650594
v 0.0060000001 -0.0054509621 -0.0124413427
v 0.0060000001 -0.0054509621 -0.0109413434
v 0.0060000001 -0.0054509621 0.0109413434
v 0.0060000001 -0.0054509621 0.0124413427
v 0.0060000001 -0.0052499999 -0.0116913430
v 0.0060000001 -0.0052499999 0.0116913430
v 0.0060000001 -0.0050024823 0.0157233961
v 0.0060000001 -0.0049006296 -0.0240048710
v 0.0060000001 -0.0049006296 0.0240048710
v 0.0060000001 -0.0048053870 -0.0094069438
v 0.0060000001 -0.0048053870 0.0094069438
v 0.0060000001 -0.0046851644 -0.0152986674
v 0.0060000001 -0.0046851644 0.0152986674
v 0.0060000001 -0.0044968394 -0.0140355192
v 0.0060000001 -0.0044968394 0.0140355192
v 0.0060000001 -0.0043932213 -0.0147519186
v 0.0060000001 -0.0043932213 0.0147519186
v 0.0060000001 -0.0043695164 -0.0159109179
v 0.0060000001 -0.0042528934 -0.0133540090
v 0.0060000001 -0.0042528934 0.0133540090
v 0.0060000001 -0.0041205995 -0.0102469558
v 0.0060000001 -0.0041205995 0.0102469558
v 0.0060000001 -0.0039661699 -0.0153363785
v 0.0060000001 -0.0039661699 0.0153363785
v 0.0060000001 -0.0038250685 -0.0123582575
v 0.0060000001 -0.0038250685 0.0123582575
v 0.0060000001 -0.0037789650 -0.0112754703
v 0.0060000001 -0.0037789650 0.0112754703
v 0.0060000001 -0.0033645520 0.0161533207
v 0.0060000001 -0.0033151342 -0.0156527925
v 0.0060000001 -0.0033151342 0.0156527925
v 0.0060000001 -0.0024999999 -0.0179999992
v 0.0060000001 -0.0024999999 -0.0163095072
v 0.0060000001 -0.0020000001 -0.0175000001
v 0.0060000001 -0.0020000001 -0.0158745088
v 0.0060000001 -0.0016911828 0.0164131019
v 0.0060000001 -0.0009865155 -0.0244801305
v 0.0060000001 -0.0009865155 0.0244801305
v 0.0060000001 0.0000000000 0.0164999999
v 0.0060000001 0.0006790592 -0.0159855839
v 0.0060000001 0.0016911828 0.0164131019
v 0.0060000001 0.0020000001 -0.0175000001
v 0.0060000001 0.0020000001 -0.0158745088
v 0.0060000001 0.0024999999 -0.0179999992
v 0.0060000001 0.0024999999 -0.0163095072
v 0.0060000001 0.0029531487 -0.0243213680
v 0.0060000001 0.0029531487 0.0243213680
v 0.0060000001 0.0033151342 -0.0156527925
v 0.0060000001 0.0033151342 0.0156527925
v 0.0060000001 0.0033645520 0.0161533207
v 0.0060000001 0.0033708683 -0.0156408846
v 0.0060000001 0.0033708683 0.0156408846
v 0.0060000001 0.0037789650 -0.0112754703
v 0.0060000001 0.0037789650 0.0112754703
v 0.0060000001 0.0038250685 -0.0123582575
v 0.0060000001 0.0038250685 0.0123582575
v 0.0060000001 0.0039661699 -0.0153363785
v 0.0060000001 0.0039661699 0.0153363785
v 0.0060000001 0.0041205995 -0.0102469558
v 0.0060000001 0.0041205995 0.0102469558
v 0.0060000001 0.0042528934 -0.0133540090
v 0.0060000001 0.0042528934 0.0133540090
v 0.0060000001 0.0043695164 -0.0159109179
v 0.0060000001 0.0043932213 -0.0147519186
v 0.0060000001 0.0043932213 0.0147519186
v 0.0060000001 0.0044968394 -0.0140355192
v 0.0060000001 0.0044968394 0.0140355192
v 0.0060000001 0.0048053870 -0.0094069438
v 0.0060000001 0.0048053870 0.0094069438
v 0.0060000001 0.0050024823 0.0157233961
v 0.0060000001 0.0052499999 -0.0116913430
v 0.0060000001 0.0052499999 0.0116913430
v 0.0060000001 0.0054509621 -0.0124413427
v 0.0060000001 0.0054509621 -0.0109413434
v 0.0060000001 0.0054509621 0.0109413434
v 0.0060000001 0.0054509621 0.0124413427
v 0.0060000001 0.0057439585 -0.0088650594
v 0.0060000001 0.0057439585 0.0088650594
v 0.0060000001 0.0059657036 -0.0148462243
v 0.0060000001 0.0059657036 0.0148462243
v 0.0060000001 0.0060000001 -0.0129903806
v 0.0060000001 0.0060000001 -0.0103923045
v 0.0060000001 0.0060000001 0.0103923045
v 0.0060000001 0.0060000001 0.0129903806
v 0.0060000001 0.0064669391 -0.0151798781
v 0.0060000001 0.0064669391 0.0151798781
v 0.0060000001 0.0067500002 -0.0131913433
v 0.0060000001 0.0067500002 -0.0101913428
v 0.0060000001 0.0067500002 0.0101913428
v 0.0060000001 0.0067500002 0.0131913433
v 0.0060000001 0.0068138246 -0.0086920224
v 0.0060000001 0.0068138246 0.0086920224
v 0.0060000001 0.0068163280 -0.0235326942
v 0.0060000001 0.0068163280 0.0235326942
v 0.0060000001 0.0074999998 -0.0129903806
v 0.0060000001 0.0074999998 -0.0103923045
v 0.0060000001 0.0074999998 0.0103923045
v 0.0060000001 0.0074999998 0.0129903806
v 0.0060000001 0.0075288233 -0.0151035907
v 0.0060000001 0.0075288233 0.0151035907
v 0.0060000001 0.0078753615 -0.0089104148
v 0.0060000001 0.0078753615 0.0089104148
v 0.0060000001 0.0080490382 -0.0124413427
v 0.0060000001 0.0080490382 -0.0109413434
v 0.0060000001 0.0080490382 0.0109413434
v 0.0060000001 0.0080490382 0.0124413427
v 0.0060000001 0.0082500000 -0.0116913430
v 0.0060000001 0.0082500000 0.0116913430
v 0.0060000001 0.0082685929 -0.0148447342
v 0.0060000001 0.0082685929 0.0148447342
v 0.0060000001 0.0083889170 -0.0136244660
v 0.0060000001 0.0083889170 0.0136244660
v 0.0060000001 0.0087900311 -0.0094917351
v 0.0060000001 0.0087900311 0.0094917351
v 0.0060000001 0.0089322142 -0.0144277532
v 0.0060000001 0.0091440957 -0.0142444400
v 0.0060000001 0.0091440957 0.0142444400
v 0.0060000001 0.0092381053 -0.0142917726
v 0.0060000001 0.0092381053 0.0142917726
v 0.0060000001 0.0094384644 -0.0103601180
v 0.0060000001 0.0094384644 0.0103601180
v 0.0060000001 0.0095055886 -0.0145143177
v 0.0060000001 0.0095055886 0.0145143177
v 0.0060000001 0.0096806232 -0.0148150437
v 0.0060000001 0.0096806232 0.0148150437
v 0.0060000001 0.0099066962 -0.0109121362
v 0.0060000001 0.0099066962 0.0109121362
v 0.0060000001 0.0105029680 -0.0221345350
v 0.0060000001 0.0105029680 0.0221345350
v 0.0060000001 0.0105165569 -0.0161704477
v 0.0060000001 0.0105165569 0.0161704477
v 0.0060000001 0.0105707953 -0.0120107569
v 0.0060000001 0.0105707953 0.0120107569
v 0.0060000001 0.0105789257 -0.0111806011
v 0.0060000001 0.0105789257 0.0111806011
v 0.0060000001 0.0112986080 -0.0111029930
v 0.0060000001 0.0112986080 0.0111029930
v 0.0060000001 0.0118150506 -0.0170923062
v 0.0060000001 0.0118150506 0.0170923062
v 0.0060000001 0.0118981479 -0.0106973862
v 0.0060000001 0.0118981479 0.0106973862
v 0.0060000001 0.0133703016 -0.0174345057
v 0.0060000001 0.0133703016 0.0174345057
v 0.0060000001 0.0139175858 -0.0201631039
v 0.0060000001 0.0139175858 0.0201631039
v 0.0060000001 0.0141638881 -0.0086544687
v 0.0060000001 0.0141638881 0.0086544687
v 0.0060000001 0.0142199025 -0.0090827970
v 0.0060000001 0.0142199025 0.0090827970
v 0.0060000001 0.0142937591 -0.0082424786
v 0.0060000001 0.0142937591 0.0082424786
v 0.0060000001 0.0144513510 -0.0094475355
v 0.0060000001 0.0144513510 0.0094475355
v 0.0060000001 0.0148150437 -0.0096806232
v 0.0060000001 0.0148150437 0.0096806232
v 0.0060000001 0.0149358111 -0.0171428118
v 0.0060000001 0.0149358111 0.0171428118
v 0.0060000001 0.0150615275 -0.0067379801
v 0.0060000001 0.0150615275 0.0067379801
v 0.0060000001 0.0156714618 -0.0051628728
v 0.0060000001 0.0156714618 0.0051628728
v 0.0060000001 0.0159295332 -0.0015000000
v 0.0060000001 0.0159295332 0.0015000000
v 0.0060000001 0.0160000008 -0.0000000000
v 0.0060000001 0.0161181018 -0.0035294213
v 0.0060000001 0.0161181018 0.0035294213
v 0.0060000001 0.0161704477 -0.0105165569
v 0.0060000001 0.0161704477 0.0105165569
v 0.0060000001 0.0162634552 -0.0162634552
v 0.0060000001 0.0162634552 0.0162634552
v 0.0060000001 0.0163783394 -0.0020000001
v 0.0060000001 0.0163783394 0.0020000001
v 0.0060000001 0.0169717465 -0.0176694598
v 0.0060000001 0.0169717465 0.0176694598
v 0.0060000001 0.0170923062 -0.0118150506
v 0.0060000001 0.0170923062 0.0118150506
v 0.0060000001 0.0171428118 -0.0149358111
v 0.0060000001 0.0171428118 0.0149358111
v 0.0060000001 0.0174345057 -0.0133703016
v 0.0060000001 0.0174345057 0.0133703016
v 0.0060000001 0.0175000001 -0.0015000000
v 0.0060000001 0.0175000001 0.0015000000
v 0.0060000001 0.0179999992 -0.0020000001
v 0.0060000001 0.0179999992 0.0020000001
v 0.0060000001 0.0195863470 -0.0147181852
v 0.0060000001 0.0195863470 0.0147181852
v 0.0060000001 0.0216936730 -0.0113857174
v 0.0060000001 0.0216936730 0.0113857174
v 0.0060000001 0.0232391432 -0.0077583659
v 0.0060000001 0.0232391432 0.0077583659
v 0.0060000001 0.0241827313 -0.0039300765
v 0.0060000001 0.0241827313 0.0039300765
v 0.0060000001 0.0244999994 -0.0000000000
v 0.0062906649 -0.0215486642 -0.0122569231
v 0.0062906649 0.0001595248 0.0247901510
v 0.0062906649 0.0213891380 -0.0125332288
v 0.0063314606 -0.0211595856 -0.0129951285
v 0.0063314606 -0.0006743186 0.0248223022
v 0.0063314606 0.0218339041 -0.0118271746
v 0.0063745156 -0.0220024157 -0.0116032418
v 0.0063745156 0.0009525054 0.0248562712
v 0.0063745156 0.0210499093 -0.0132530294
v 0.0063848794 -0.0210292358 -0.0133052040
v 0.0063848794 -0.0010080267 0.0248644538
v 0.0063848794 0.0220372621 -0.0115592508
v 0.0063886791 -0.0160305426 -0.0016113205
v 0.0063886791 -0.0160305426 0.0016113205
v 0.0063886791 0.0160305426 -0.0016113205
v 0.0063886791 0.0160305426 0.0016113205
v 0.0064999992 -0.0249189325 -0.0020116642
v 0.0064999992 -0.0249189325 0.0020116642
v 0.0064999992 -0.0242735445 -0.0059828917
v 0.0064999992 -0.0242735445 0.0059828917
v 0.0064999992 -0.0229994860 -0.0097991657
v 0.0064999992 -0.0229994860 0.0097991657
v 0.0064999992 -0.0211297516 0.0133616459
v 0.0064999992 -0.0187127683 -0.0165780671
v 0.0064999992 -0.0187127683 0.0165780671
v 0.0064999992 -0.0158111341 -0.0193651244
v 0.0064999992 -0.0158111341 0.0193651244
v 0.0064999992 -0.0125000002 -0.0216506347
v 0.0064999992 -0.0125000002 0.0216506347
v 0.0064999992 -0.0088651218 -0.0233754069
v 0.0064999992 -0.0088651218 0.0233754069
v 0.0064999992 -0.0050006425 -0.0244947672
v 0.0064999992 -0.0050006425 0.0244947672
v 0.0064999992 -0.0010066485 -0.0249797255
v 0.0064999992 0.0014908878 0.0249555055
v 0.0064999992 0.0030134169 -0.0248177219
v 0.0064999992 0.0030134169 0.0248177219
v 0.0064999992 0.0069554364 -0.0240129530
v 0.0064999992 0.0069554364 0.0240129530
v 0.0064999992 0.0107173137 -0.0225862600
v 0.0064999992 0.0107173137 0.0225862600
v 0.0064999992 0.0142016187 -0.0205745958
v 0.0064999992 0.0142016187 0.0205745958
v 0.0064999992 0.0173181091 -0.0180300605
v 0.0064999992 0.0173181091 0.0180300605
v 0.0064999992 0.0199860688 -0.0150185563
v 0.0064999992 0.0199860688 0.0150185563
v 0.0064999992 0.0208666585 -0.0137688993
v 0.0064999992 0.0221364014 0.0116180796
v 0.0064999992 0.0237134118 -0.0079167001
v 0.0064999992 0.0237134118 0.0079167001
v 0.0064999992 0.0246762559 -0.0040102820
v 0.0064999992 0.0246762559 0.0040102820
v 0.0064999992 0.0250000004 -0.0000000000
v 0.0065000001 -0.0249189325 -0.0020116642
v 0.0065000001 -0.0249189325 0.0020116642
v 0.0065000001 -0.0242735445 -0.0059828917
v 0.0065000001 -0.0242735445 0.0059828917
v 0.0065000001 -0.0229994860 -0.0097991657
v 0.0065000001 -0.0229994860 0.0097991657
v 0.0065000001 -0.0223575458 -0.0111866063
v 0.0065000001 -0.0212576743 -0.0122731170
v 0.0065000001 -0.0211297516 0.0133616459
v 0.0065000001 -0.0208666567 -0.0137689002
v 0.0065000001 -0.0190525595 -0.0109999999
v 0.0065000001 -0.0187127683 -0.0165780671
v 0.0065000001 -0.0187127683 0.0165780671
v 0.0065000001 -0.0175000001 -0.0015000000
v 0.0065000001 -0.0175000001 0.0015000000
v 0.0065000001 -0.0169345699 -0.0133783929
v 0.0065000001 -0.0169345699 0.0133783929
v 0.0065000001 -0.0166793391 -0.0147482138
v 0.0065000001 -0.0166793391 0.0147482138
v 0.0065000001 -0.0166351460 -0.0120175481
v 0.0065000001 -0.0166351460 0.0120175481
v 0.0065000001 -0.0160980765 -0.0015000000
v 0.0065000001 -0.0160980765 0.0015000000
v 0.0065000001 -0.0159099028 -0.0159099028
v 0.0065000001 -0.0159099028 0.0159099028
v 0.0065000001 -0.0158981476 -0.0018024665
v 0.0065000001 -0.0158981476 0.0018024665
v 0.0065000001 -0.0158285219 -0.0108813662
v 0.0065000001 -0.0158285219 0.0108813662
v 0.0065000001 -0.0158111341 -0.0193651244
v 0.0065000001 -0.0158111341 0.0193651244
v 0.0065000001 -0.0156296734 -0.0034224691
v 0.0065000001 -0.0156296734 0.0034224691
v 0.0065000001 -0.0151965702 -0.0050064223
v 0.0065000001 -0.0151965702 0.0050064223
v 0.0065000001 -0.0147482138 -0.0166793391
v 0.0065000001 -0.0147482138 0.0166793391
v 0.0065000001 -0.0146425422 -0.0101499241
v 0.0065000001 -0.0146425422 0.0101499241
v 0.0065000001 -0.0146051180 -0.0065337988
v 0.0065000001 -0.0146051180 0.0065337988
v 0.0065000001 -0.0140970023 -0.0098002926
v 0.0065000001 -0.0140970023 0.0098002926
v 0.0065000001 -0.0138606150 -0.0079927063
v 0.0065000001 -0.0138606150 0.0079927063
v 0.0065000001 -0.0137498304 -0.0092531843
v 0.0065000001 -0.0137498304 0.0092531843
v 0.0065000001 -0.0136658084 -0.0086106919
v 0.0065000001 -0.0136658084 0.0086106919
v 0.0065000001 -0.0133783929 -0.0169345699
v 0.0065000001 -0.0133783929 0.0169345699
v 0.0065000001 -0.0125000002 -0.0216506347
v 0.0065000001 -0.0125000002 0.0216506347
v 0.0065000001 -0.0120175481 -0.0166351460
v 0.0065000001 -0.0120175481 0.0166351460
v 0.0065000001 -0.0108813662 -0.0158285219
v 0.0065000001 -0.0108813662 0.0158285219
v 0.0065000001 -0.0101499241 -0.0146425422
v 0.0065000001 -0.0101499241 0.0146425422
v 0.0065000001 -0.0098873712 -0.0141914533
v 0.0065000001 -0.0098873712 0.0141914533
v 0.0065000001 -0.0094861472 -0.0138576347
v 0.0065000001 -0.0094861472 0.0138576347
v 0.0065000001 -0.0089948289 -0.0136815049
v 0.0065000001 -0.0089948289 0.0136815049
v 0.0065000001 -0.0088651218 -0.0233754069
v 0.0065000001 -0.0088651218 0.0233754069
v 0.0065000001 -0.0086204698 -0.0140368370
v 0.0065000001 -0.0086204698 0.0140368370
v 0.0065000001 -0.0080516515 -0.0143942498
v 0.0065000001 -0.0080516515 0.0143942498
v 0.0065000001 -0.0074175629 -0.0146161271
v 0.0065000001 -0.0074175629 0.0146161271
v 0.0065000001 -0.0063880924 -0.0146694332
v 0.0065000001 -0.0063880924 0.0146694332
v 0.0065000001 -0.0050006425 -0.0244947672
v 0.0065000001 -0.0050006425 0.0244947672
v 0.0065000001 -0.0048508919 0.0152469296
v 0.0065000001 -0.0042371070 -0.0154287694
v 0.0065000001 -0.0032625960 0.0156638268
v 0.0065000001 -0.0020000001 -0.0175000001
v 0.0065000001 -0.0020000001 -0.0158745088
v 0.0065000001 -0.0016399348 0.0159157347
v 0.0065000001 -0.0014908890 0.0249555055
v 0.0065000001 -0.0010066485 -0.0249797255
v 0.0065000001 0.0000000000 0.0219999999
v 0.0065000001 0.0000000000 0.0160000008
v 0.0065000001 0.0000000057 0.0245462433
v 0.0065000001 0.0016399348 0.0159157347
v 0.0065000001 0.0020000001 -0.0175000001
v 0.0065000001 0.0020000001 -0.0158745088
v 0.0065000001 0.0030134169 -0.0248177219
v 0.0065000001 0.0030134169 0.0248177219
v 0.0065000001 0.0032625960 0.0156638268
v 0.0065000001 0.0042371070 -0.0154287694
v 0.0065000001 0.0048508919 0.0152469296
v 0.0065000001 0.0063880924 -0.0146694332
v 0.0065000001 0.0063880924 0.0146694332
v 0.0065000001 0.0069554364 -0.0240129530
v 0.0065000001 0.0069554364 0.0240129530
v 0.0065000001 0.0074175629 -0.0146161271
v 0.0065000001 0.0074175629 0.0146161271
v 0.0065000001 0.0080516515 -0.0143942498
v 0.0065000001 0.0080516515 0.0143942498
v 0.0065000001 0.0086204698 -0.0140368370
v 0.0065000001 0.0086204698 0.0140368370
v 0.0065000001 0.0089948289 -0.0136815049
v 0.0065000001 0.0089948289 0.0136815049
v 0.0065000001 0.0094861472 -0.0138576347
v 0.0065000001 0.0094861472 0.0138576347
v 0.0065000001 0.0098873712 -0.0141914533
v 0.0065000001 0.0098873712 0.0141914533
v 0.0065000001 0.0101499241 -0.0146425422
v 0.0065000001 0.0101499241 0.0146425422
v 0.0065000001 0.0107173137 -0.0225862600
v 0.0065000001 0.0107173137 0.0225862600
v 0.0065000001 0.0108813662 -0.0158285219
v 0.0065000001 0.0108813662 0.0158285219
v 0.0065000001 0.0120175481 -0.0166351460
v 0.0065000001 0.0120175481 0.0166351460
v 0.0065000001 0.0133783929 -0.0169345699
v 0.0065000001 0.0133783929 0.0169345699
v 0.0065000001 0.0136658084 -0.0086106919
v 0.0065000001 0.0136658084 0.0086106919
v 0.0065000001 0.0137498304 -0.0092531843
v 0.0065000001 0.0137498304 0.0092531843
v 0.0065000001 0.0138606150 -0.0079927063
v 0.0065000001 0.0138606150 0.0079927063
v 0.0065000001 0.0140970023 -0.0098002926
v 0.0065000001 0.0140970023 0.0098002926
v 0.0065000001 0.0142016187 -0.0205745958
v 0.0065000001 0.0142016187 0.0205745958
v 0.0065000001 0.0146051180 -0.0065337988
v 0.0065000001 0.0146051180 0.0065337988
v 0.0065000001 0.0146425422 -0.0101499241
v 0.0065000001 0.0146425422 0.0101499241
v 0.0065000001 0.0147482138 -0.0166793391
v 0.0065000001 0.0147482138 0.0166793391
v 0.0065000001 0.0151965702 -0.0050064223
v 0.0065000001 0.0151965702 0.0050064223
v 0.0065000001 0.0156296734 -0.0034224691
v 0.0065000001 0.0156296734 0.0034224691
v 0.0065000001 0.0158285219 -0.0108813662
v 0.0065000001 0.0158285219 0.0108813662
v 0.0065000001 0.0158981476 -0.0018024665
v 0.0065000001 0.0158981476 0.0018024665
v 0.0065000001 0.0159099028 -0.0159099028
v 0.0065000001 0.0159099028 0.0159099028
v 0.0065000001 0.0160980765 -0.0015000000
v 0.0065000001 0.0160980765 0.0015000000
v 0.0065000001 0.0166351460 -0.0120175481
v 0.0065000001 0.0166351460 0.0120175481
v 0.0065000001 0.0166793391 -0.0147482138
v 0.0065000001 0.0166793391 0.0147482138
v 0.0065000001 0.0169345699 -0.0133783929
v 0.0065000001 0.0169345699 0.0133783929
v 0.0065000001 0.0173181091 -0.0180300605
v 0.0065000001 0.0173181091 0.0180300605
v 0.0065000001 0.0175000001 -0.0015000000
v 0.0065000001 0.0175000001 0.0015000000
v 0.0065000001 0.0190525595 -0.0109999999
v 0.0065000001 0.0199860688 -0.0150185563
v 0.0065000001 0.0199860688 0.0150185563
v 0.0065000001 0.0212576687 -0.0122731272
v 0.0065000001 0.0221364014 0.0116180796
v 0.0065000001 0.0223575458 -0.0111866053
v 0.0065000001 0.0237134118 -0.0079167001
v 0.0065000001 0.0237134118 0.0079167001
v 0.0065000001 0.0246762559 -0.0040102820
v 0.0065000001 0.0246762559 0.0040102820
v 0.0065000001 0.0250000004 -0.0000000000
v 0.0065007722 -0.0212264936 -0.0123269102
v 0.0065007722 -0.0000621705 0.0245461389
v 0.0065007722 0.0212886650 -0.0122192279
v 0.0065293079 -0.0214450639 -0.0119405761
v 0.0065293079 0.0003816901 0.0245422591
v 0.0065293079 0.0210633744 -0.0126016829
v 0.0065476047 -0.0208224766 -0.0138356239
v 0.0065476047 -0.0015707633 0.0249506049
v 0.0065476047 0.0223932397 -0.0111149820
v 0.0065510320 -0.0210004132 -0.0127048874
v 0.0065510320 -0.0005025492 0.0245393347
v 0.0065510320 0.0215029623 -0.0118344473
v 0.0066369884 -0.0216499809 -0.0115571627
v 0.0066369884 0.0008161946 0.0245280154
v 0.0066369884 0.0208337866 -0.0129708527
v 0.0066805789 -0.0207706001 -0.0130691212
v 0.0066805789 -0.0009328910 0.0245224275
v 0.0066805789 0.0217034910 -0.0114533063
v 0.0067683961 -0.0225299858 -0.0108351167
v 0.0067683961 0.0018815069 0.0249290988
v 0.0067683961 0.0206484795 -0.0140939821
v 0.0068204030 -0.0218343642 -0.0111921653
v 0.0068204030 0.0012244827 0.0245051980
v 0.0068204030 0.0206098817 -0.0133130318
v 0.0068349363 -0.0196775589 -0.0099174678
v 0.0068349363 -0.0184275582 -0.0120825320
v 0.0068349363 -0.0012500000 0.0219999999
v 0.0068349363 0.0012500000 0.0219999999
v 0.0068349363 0.0184275582 -0.0120825320
v 0.0068349363 0.0196775589 -0.0099174678
v 0.0068349410 -0.0218456294 -0.0111691942
v 0.0068349410 0.0012500086 0.0245034657
v 0.0068349410 0.0205956195 -0.0133342724
v 0.0068349494 -0.0205956120 -0.0133342864
v 0.0068349494 -0.0012500250 0.0245034657
v 0.0068349494 0.0218456369 -0.0111691793
v 0.0068836985 -0.0205502249 -0.0134014590
v 0.0068836985 -0.0013308916 0.0244977456
v 0.0068836985 0.0218811166 -0.0110962866
v 0.0070742313 -0.0219944734 -0.0108577125
v 0.0070742313 0.0015941815 0.0244766288
v 0.0070742313 0.0204002913 -0.0136189163
v 0.0071074925 -0.0204470232 -0.0143846888
v 0.0071074925 -0.0022339947 0.0248999856
v 0.0071074925 0.0226810165 -0.0105152968
v 0.0071330722 -0.0226903893 -0.0104950564
v 0.0071330722 0.0022562090 0.0248979814
v 0.0071330722 0.0204341803 -0.0144029260
v 0.0072551034 -0.0001335498 0.0074988110
v 0.0072570583 -0.0065722764 -0.0036131958
v 0.0072627594 -0.0139606716 -0.0078166258
v 0.0072627594 -0.0065980908 -0.0035658379
v 0.0072627594 0.0002109392 0.0074970331
v 0.0072627594 0.0002109392 0.0159986094
v 0.0072627594 0.0063871513 -0.0039311950
v 0.0072627594 0.0137497326 -0.0081819836
v 0.0072628139 -0.0137495035 -0.0081823682
v 0.0072628139 -0.0002113865 0.0159986038
v 0.0072628832 0.0065985746 -0.0035649426
v 0.0072647082 0.0139682256 -0.0078031193
v 0.0072663771 -0.0063724676 -0.0039549535
v 0.0073145549 -0.0004709289 0.0074852007
v 0.0073637217 -0.0135357017 -0.0085314000
v 0.0073637217 -0.0061626397 -0.0042745611
v 0.0073637217 -0.0006205586 0.0159879606
v 0.0073637217 0.0067831981 -0.0031997222
v 0.0073637217 0.0141562596 -0.0074565611
v 0.0073638167 -0.0006208092 0.0074742623
v 0.0073639136 -0.0141564962 -0.0074561131
v 0.0073639136 0.0135354316 -0.0085318284
v 0.0073641459 -0.0067836768 -0.0031987075
v 0.0073641459 0.0006216764 0.0074741901
v 0.0073668566 -0.0202262066 -0.0138632702
v 0.0073668566 -0.0018928407 0.0244480446
v 0.0073668566 0.0221190490 -0.0105847744
v 0.0073871212 0.0006790592 0.0159855839
v 0.0073889298 -0.0221267566 -0.0105674900
v 0.0073889298 0.0019116629 0.0244460776
v 0.0073889298 0.0202150941 -0.0138785876
v 0.0074354229 0.0060676276 -0.0044083893
v 0.0075270422 -0.0202681608 -0.0146356290
v 0.0075270422 -0.0025407453 0.0248705577
v 0.0075270422 0.0228089076 -0.0102349287
v 0.0075594257 -0.0009936023 0.0159691181
v 0.0075594257 0.0143264635 -0.0071240743
v 0.0075597069 -0.0059408871 -0.0045777569
v 0.0075597069 -0.0009940101 0.0074338377
v 0.0075597782 -0.0143266916 -0.0071236161
v 0.0075597782 -0.0069349371 -0.0028559845
v 0.0075597782 0.0009941133 0.0074338238
v 0.0075597782 0.0009941133 0.0159690864
v 0.0075597782 0.0059408238 -0.0045778393
v 0.0075597782 0.0133325784 -0.0088454708
v 0.0075601218 -0.0228169635 -0.0102169551
v 0.0075601218 0.0025603389 0.0248685479
v 0.0075601218 0.0202566255 -0.0146515919
v 0.0076250006 -0.0190525595 -0.0109999999
v 0.0076250006 0.0000000000 0.0219999999
v 0.0076250006 0.0000000000 0.0160000008
v 0.0076250006 0.0000000000 0.0160000008
v 0.0076250006 0.0138564287 -0.0080000125
v 0.0076250006 0.0190525595 -0.0109999999
v 0.0076250257 -0.0138606150 -0.0079927063
v 0.0076250257 0.0138606150 -0.0079927063
v 0.0076354081 0.0069733234 -0.0027609342
v 0.0076644737 0.0137259252 -0.0083023710
v 0.0076647191 -0.0132561540 -0.0089595970
v 0.0076647745 -0.0137255574 -0.0083035724
v 0.0076718898 -0.0003560158 0.0159960389
v 0.0076719644 0.0003562932 0.0159960333
v 0.0076729842 0.0140329348 -0.0076861400
v 0.0076730689 -0.0140330838 -0.0076858676
v 0.0077289073 -0.0200712308 -0.0140739093
v 0.0077289073 -0.0021527475 0.0244191512
v 0.0077289073 0.0222239792 -0.0103452411
v 0.0077499924 -0.0200638101 -0.0140838400
v 0.0077499924 -0.0021650586 0.0244176891
v 0.0077499924 0.0222288687 -0.0103338491
v 0.0077499980 -0.0222288687 -0.0103338463
v 0.0077499980 0.0021650614 0.0244176891
v 0.0077499980 0.0200638082 -0.0140838427
v 0.0077499999 -0.0201350898 -0.0091249999
v 0.0077499999 -0.0179700274 -0.0128750000
v 0.0077499999 -0.0021650635 0.0219999999
v 0.0077499999 0.0021650635 0.0219999999
v 0.0077499999 0.0179700274 -0.0128750000
v 0.0077499999 0.0201350898 -0.0091249999
v 0.0077574532 -0.0222305711 -0.0103298780
v 0.0077574532 0.0021693488 0.0244171768
v 0.0077574532 0.0200612210 -0.0140872998
v 0.0077748336 -0.0136658084 -0.0086106919
v 0.0078092152 -0.0193963088 -0.0104046073
v 0.0078092152 -0.0187088083 -0.0115953926
v 0.0078092152 -0.0141873593 -0.0073972191
v 0.0078092152 -0.0136612812 -0.0086812014
v 0.0078092152 -0.0006875000 0.0159852225
v 0.0078092152 -0.0006875000 0.0219999999
v 0.0078092152 0.0006875000 0.0159852225
v 0.0078092152 0.0006875000 0.0219999999
v 0.0078092152 0.0136612812 -0.0086812014
v 0.0078092152 0.0141873593 -0.0073972191
v 0.0078092152 0.0187088083 -0.0115953926
v 0.0078092152 0.0193963088 -0.0104046073
v 0.0078391703 -0.0070501952 -0.0025582707
v 0.0078391703 0.0057406249 -0.0048265127
v 0.0078394841 -0.0144648198 -0.0068387850
v 0.0078394841 0.0013098484 0.0159462932
v 0.0078394841 0.0131549714 -0.0091075087
v 0.0078395354 -0.0131549453 -0.0091075469
v 0.0078395354 -0.0057404134 -0.0048267641
v 0.0078395354 -0.0013098938 0.0073847258
v 0.0078395354 -0.0013098938 0.0159462895
v 0.0078395354 0.0070503070 -0.0025579617
v 0.0078395354 0.0144648394 -0.0068387440
v 0.0079571847 0.0014053598 0.0073671546
v 0.0079920068 -0.0201345794 -0.0148188630
v 0.0079920068 -0.0027662225 0.0248464886
v 0.0079920068 0.0229008012 -0.0100276256
v 0.0080275722 -0.0143168662 -0.0071433433
v 0.0080275722 0.0009721160 0.0159704406
v 0.0080277249 -0.0009722684 0.0159704313
v 0.0080277249 0.0143169342 -0.0071432069
v 0.0080314726 -0.0229066852 -0.0100141782
v 0.0080314726 0.0027808098 0.0248448607
v 0.0080314726 0.0201258752 -0.0148306824
v 0.0081301499 -0.0199552439 -0.0142275430
v 0.0081301499 -0.0023437918 0.0243955199
v 0.0081301499 0.0222990345 -0.0101679768
v 0.0081642075 -0.0223038308 -0.0101564731
v 0.0081642075 0.0023561516 0.0243939199
v 0.0081642075 0.0199476797 -0.0142374476
v 0.0081866616 -0.0055803033 -0.0050110095
v 0.0081866616 -0.0015495098 0.0073381891
v 0.0081866616 0.0071298131 -0.0023271795
v 0.0081867147 -0.0145660415 -0.0066204560
v 0.0081867343 -0.0071298252 -0.0023271425
v 0.0081867343 0.0015495480 0.0073381811
v 0.0081867343 0.0015495480 0.0159247890
v 0.0081867343 0.0055802772 -0.0050110384
v 0.0081867343 0.0130164977 -0.0093043428
v 0.0081871962 -0.0130163562 -0.0093045402
v 0.0081871962 -0.0015497903 0.0159247648
v 0.0081871962 0.0145661468 -0.0066202250
v 0.0082291132 -0.0137498304 -0.0092531843
v 0.0082291132 0.0137498304 -0.0092531843
v 0.0082525732 -0.0145796556 -0.0065904199
v 0.0083125001 -0.0196479522 -0.0099687502
v 0.0083125001 -0.0184571669 -0.0120312497
v 0.0083125001 -0.0144133708 -0.0069465633
v 0.0083125001 -0.0137806218 -0.0093312459
v 0.0083125001 -0.0011907850 0.0159556270
v 0.0083125001 -0.0011907850 0.0219999999
v 0.0083125001 0.0011907850 0.0159556270
v 0.0083125001 0.0011907850 0.0219999999
v 0.0083125001 0.0137806218 -0.0093312459
v 0.0083125001 0.0144133708 -0.0069465633
v 0.0083125001 0.0184571669 -0.0120312497
v 0.0083125001 0.0196479522 -0.0099687502
v 0.0084876101 -0.0200520307 -0.0149303731
v 0.0084876101 -0.0029040670 0.0248307548
v 0.0084876101 0.0229560975 -0.0099003818
v 0.0085100457 -0.0229576975 -0.0098966714
v 0.0085100457 0.0029080806 0.0248302855
v 0.0085100457 0.0200496167 -0.0149336141
v 0.0085578319 -0.0198834669 -0.0143209659
v 0.0085578319 -0.0024605861 0.0243800711
v 0.0085578319 0.0223440547 -0.0100591052
v 0.0085771922 -0.0223453548 -0.0100559294
v 0.0085771922 0.0024639869 0.0243796092
v 0.0085771922 0.0198813677 -0.0143236797
v 0.0085795270 0.0016987355 0.0159095656
v 0.0085795270 0.0129287206 -0.0094259316
v 0.0085800216 -0.0071757953 -0.0021812753
v 0.0085800216 0.0016988579 0.0073050587
v 0.0085800216 0.0054769376 -0.0051237834
v 0.0085811978 -0.0129284766 -0.0094262669
v 0.0085811978 -0.0054767337 -0.0051240008
v 0.0085811978 -0.0016991482 0.0073049911
v 0.0085811978 -0.0016991482 0.0159095228
v 0.0085811978 0.0071758819 -0.0021809901
v 0.0085811978 0.0146276243 -0.0064832554
v 0.0086157238 -0.0146309398 -0.0064757708
v 0.0086243264 0.0138965705 -0.0095504932
v 0.0086439950 -0.0013281134 0.0159447826
v 0.0086439950 0.0144726438 -0.0068222117
v 0.0086444123 -0.0144726923 -0.0068221102
v 0.0086444123 0.0013282252 0.0159447733
v 0.0086907800 -0.0054603452 -0.0051414622
v 0.0088036787 0.0139462398 -0.0096233124
v 0.0088040195 -0.0139463106 -0.0096234092
v 0.0089967968 -0.0200240240 -0.0149679147
v 0.0089967968 -0.0029505827 0.0248252712
v 0.0089967968 0.0229746066 -0.0098573556
v 0.0089972354 -0.0198590979 -0.0143524054
v 0.0089972354 -0.0024999985 0.0243746862
v 0.0089972354 0.0223590974 -0.0100222807
v 0.0089994920 -0.0054409024 -0.0051620323
v 0.0089995516 -0.0128982756 -0.0094675487
v 0.0089995516 -0.0017499999 0.0159040093
v 0.0089995516 0.0146482754 -0.0064364602
v 0.0089997444 -0.0017499999 0.0072929761
v 0.0089997444 0.0071909027 -0.0021309436
v 0.0089999996 -0.0146482754 -0.0064364602
v 0.0089999996 -0.0071909027 -0.0021309436
v 0.0089999996 0.0017500001 0.0072929761
v 0.0089999996 0.0017500001 0.0159040093
v 0.0089999996 0.0054409024 -0.0051620323
v 0.0089999996 0.0128982756 -0.0094675487
v 0.0090000005 -0.0229746066 -0.0098573538
v 0.0090000005 -0.0223590974 -0.0100222798
v 0.0090000005 -0.0203025583 -0.0088349367
v 0.0090000005 -0.0198590979 -0.0143524064
v 0.0090000005 -0.0197400581 -0.0098092146
v 0.0090000005 -0.0183650590 -0.0121907853
v 0.0090000005 -0.0178025588 -0.0131650632
v 0.0090000005 -0.0169345699 -0.0133783929
v 0.0090000005 -0.0169345699 0.0133783929
v 0.0090000005 -0.0166793391 -0.0147482138
v 0.0090000005 -0.0166793391 0.0147482138
v 0.0090000005 -0.0166351460 -0.0120175481
v 0.0090000005 -0.0166351460 0.0120175481
v 0.0090000005 -0.0159099028 -0.0159099028
v 0.0090000005 -0.0159099028 0.0159099028
v 0.0090000005 -0.0158285219 -0.0108813662
v 0.0090000005 -0.0158285219 0.0108813662
v 0.0090000005 -0.0149350287 -0.0134350285
v 0.0090000005 -0.0149350287 0.0134350285
v 0.0090000005 -0.0147482138 -0.0166793391
v 0.0090000005 -0.0147482138 0.0166793391
v 0.0090000005 -0.0147340670 -0.0141850291
v 0.0090000005 -0.0147340670 -0.0126850288
v 0.0090000005 -0.0147340670 0.0126850288
v 0.0090000005 -0.0147340670 0.0141850291
v 0.0090000005 -0.0146425422 -0.0101499241
v 0.0090000005 -0.0146425422 0.0101499241
v 0.0090000005 -0.0144926449 -0.0067796195
v 0.0090000005 -0.0141850291 -0.0147340670
v 0.0090000005 -0.0141850291 -0.0121359909
v 0.0090000005 -0.0141850291 0.0121359909
v 0.0090000005 -0.0141850291 0.0147340670
v 0.0090000005 -0.0140970023 -0.0098002926
v 0.0090000005 -0.0140970023 0.0098002926
v 0.0090000005 -0.0139674712 -0.0096518369
v 0.0090000005 -0.0138606150 0.0079927063
v 0.0090000005 -0.0138564063 0.0080000004
v 0.0090000005 -0.0137498304 0.0092531843
v 0.0090000005 -0.0136658084 0.0086106919
v 0.0090000005 -0.0134350285 -0.0149350287
v 0.0090000005 -0.0134350285 -0.0119350292
v 0.0090000005 -0.0134350285 0.0119350292
v 0.0090000005 -0.0134350285 0.0149350287
v 0.0090000005 -0.0133783929 -0.0169345699
v 0.0090000005 -0.0133783929 0.0169345699
v 0.0090000005 -0.0131176449 -0.0091611892
v 0.0090000005 -0.0126850288 -0.0147340670
v 0.0090000005 -0.0126850288 -0.0121359909
v 0.0090000005 -0.0126850288 0.0121359909
v 0.0090000005 -0.0126850288 0.0147340670
v 0.0090000005 -0.0121359909 -0.0141850291
v 0.0090000005 -0.0121359909 -0.0126850288
v 0.0090000005 -0.0121359909 0.0126850288
v 0.0090000005 -0.0121359909 0.0141850291
v 0.0090000005 -0.0120175481 -0.0166351460
v 0.0090000005 -0.0120175481 0.0166351460
v 0.0090000005 -0.0119350292 -0.0134350285
v 0.0090000005 -0.0119350292 0.0134350285
v 0.0090000005 -0.0119339740 -0.0106574045
v 0.0090000005 -0.0119339740 0.0106574045
v 0.0090000005 -0.0108813662 -0.0158285219
v 0.0090000005 -0.0108813662 0.0158285219
v 0.0090000005 -0.0101499241 -0.0146425422
v 0.0090000005 -0.0101499241 0.0146425422
v 0.0090000005 -0.0098873712 -0.0141914533
v 0.0090000005 -0.0098873712 0.0141914533
v 0.0090000005 -0.0095100561 -0.0128669674
v 0.0090000005 -0.0095100561 0.0128669674
v 0.0090000005 -0.0094861472 -0.0138576347
v 0.0090000005 -0.0094861472 0.0138576347
v 0.0090000005 -0.0094529064 -0.0129929939
v 0.0090000005 -0.0094529064 0.0129929939
v 0.0090000005 -0.0089948289 -0.0136815049
v 0.0090000005 -0.0089948289 0.0136815049
v 0.0090000005 -0.0024999999 0.0219999999
v 0.0090000005 -0.0024999999 0.0243746862
v 0.0090000005 -0.0013750000 0.0159408078
v 0.0090000005 -0.0013750000 0.0219999999
v 0.0090000005 0.0013750000 0.0159408078
v 0.0090000005 0.0013750000 0.0219999999
v 0.0090000005 0.0024999999 0.0219999999
v 0.0090000005 0.0024999999 0.0243746862
v 0.0090000005 0.0029505845 0.0248252712
v 0.0090000005 0.0089948289 -0.0136815049
v 0.0090000005 0.0089948289 0.0136815049
v 0.0090000005 0.0094529064 -0.0129929939
v 0.0090000005 0.0094529064 0.0129929939
v 0.0090000005 0.0094861472 -0.0138576347
v 0.0090000005 0.0094861472 0.0138576347
v 0.0090000005 0.0095100561 -0.0128669674
v 0.0090000005 0.0095100561 0.0128669674
v 0.0090000005 0.0098873712 -0.0141914533
v 0.0090000005 0.0098873712 0.0141914533
v 0.0090000005 0.0101499241 -0.0146425422
v 0.0090000005 0.0101499241 0.0146425422
v 0.0090000005 0.0108813662 -0.0158285219
v 0.0090000005 0.0108813662 0.0158285219
v 0.0090000005 0.0119339740 -0.0106574045
v 0.0090000005 0.0119339740 0.0106574045
v 0.0090000005 0.0119350292 -0.0134350285
v 0.0090000005 0.0119350292 0.0134350285
v 0.0090000005 0.0120175481 -0.0166351460
v 0.0090000005 0.0120175481 0.0166351460
v 0.0090000005 0.0121359909 -0.0141850291
v 0.0090000005 0.0121359909 -0.0126850288
v 0.0090000005 0.0121359909 0.0126850288
v 0.0090000005 0.0121359909 0.0141850291
v 0.0090000005 0.0126850288 -0.0147340670
v 0.0090000005 0.0126850288 -0.0121359909
v 0.0090000005 0.0126850288 0.0121359909
v 0.0090000005 0.0126850288 0.0147340670
v 0.0090000005 0.0131176449 -0.0091611892
v 0.0090000005 0.0133783929 -0.0169345699
v 0.0090000005 0.0133783929 0.0169345699
v 0.0090000005 0.0134350285 -0.0149350287
v 0.0090000005 0.0134350285 -0.0119350292
v 0.0090000005 0.0134350285 0.0119350292
v 0.0090000005 0.0134350285 0.0149350287
v 0.0090000005 0.0136658084 0.0086106919
v 0.0090000005 0.0137498304 0.0092531843
v 0.0090000005 0.0138564063 0.0080000004
v 0.0090000005 0.0138606150 0.0079927063
v 0.0090000005 0.0139674712 -0.0096518369
v 0.0090000005 0.0140970023 -0.0098002926
v 0.0090000005 0.0140970023 0.0098002926
v 0.0090000005 0.0141850291 -0.0147340670
v 0.0090000005 0.0141850291 -0.0121359909
v 0.0090000005 0.0141850291 0.0121359909
v 0.0090000005 0.0141850291 0.0147340670
v 0.0090000005 0.0144926449 -0.0067796195
v 0.0090000005 0.0146425422 -0.0101499241
v 0.0090000005 0.0146425422 0.0101499241
v 0.0090000005 0.0147340670 -0.0141850291
v 0.0090000005 0.0147340670 -0.0126850288
v 0.0090000005 0.0147340670 0.0126850288
v 0.0090000005 0.0147340670 0.0141850291
v 0.0090000005 0.0147482138 -0.0166793391
v 0.0090000005 0.0147482138 0.0166793391
v 0.0090000005 0.0149350287 -0.0134350285
v 0.0090000005 0.0149350287 0.0134350285
v 0.0090000005 0.0158285219 -0.0108813662
v 0.0090000005 0.0158285219 0.0108813662
v 0.0090000005 0.0159099028 -0.0159099028
v 0.0090000005 0.0159099028 0.0159099028
v 0.0090000005 0.0166351460 -0.0120175481
v 0.0090000005 0.0166351460 0.0120175481
v 0.0090000005 0.0166793391 -0.0147482138
v 0.0090000005 0.0166793391 0.0147482138
v 0.0090000005 0.0169345699 -0.0133783929
v 0.0090000005 0.0169345699 0.0133783929
v 0.0090000005 0.0178025588 -0.0131650632
v 0.0090000005 0.0183650590 -0.0121907853
v 0.0090000005 0.0197400581 -0.0098092146
v 0.0090000005 0.0198590979 -0.0143524064
v 0.0090000005 0.0200240221 -0.0149679165
v 0.0090000005 0.0203025583 -0.0088349367
v 0.0090000005 0.0223590974 -0.0100222798
v 0.0093562463 -0.0131445676 -0.0091225179
v 0.0093562463 -0.0013280488 0.0159447882
v 0.0093562463 0.0144726168 -0.0068222703
v 0.0093572661 -0.0144724995 -0.0068225190
v 0.0093572661 0.0013277750 0.0159448106
v 0.0093572661 0.0131447241 -0.0091222925
v 0.0093597127 -0.0054672649 -0.0051341034
v 0.0093824817 -0.0146311037 -0.0064754002
v 0.0094183460 0.0016992606 0.0159095097
v 0.0094183460 0.0129284095 -0.0094263582
v 0.0094187614 -0.0071758851 -0.0021809801
v 0.0094187614 0.0016991583 0.0073049888
v 0.0094187614 0.0054767267 -0.0051240087
v 0.0094188023 -0.0129284766 -0.0094262669
v 0.0094188023 -0.0016991482 0.0073049911
v 0.0094188023 -0.0016991482 0.0159095228
v 0.0094188023 0.0071758819 -0.0021809901
v 0.0094188023 0.0146276243 -0.0064832554
v 0.0094311610 -0.0198822618 -0.0143225249
v 0.0094311610 -0.0024625394 0.0243798066
v 0.0094311610 0.0223448016 -0.0100572817
v 0.0094438009 -0.0223439410 -0.0100593790
v 0.0094438009 0.0024602928 0.0243801102
v 0.0094438009 0.0198836494 -0.0143207312
v 0.0094996346 -0.0200506449 -0.0149322348
v 0.0094996346 -0.0029063721 0.0248304848
v 0.0094996346 0.0229570176 -0.0098982509
v 0.0095142825 -0.0229559597 -0.0099007022
v 0.0095142825 0.0029037208 0.0248307958
v 0.0095142825 0.0200522393 -0.0149300937
v 0.0096875001 -0.0196479522 -0.0099687502
v 0.0096875001 -0.0184571669 -0.0120312497
v 0.0096875001 -0.0144133708 -0.0069465633
v 0.0096875001 -0.0132225854 -0.0090090632
v 0.0096875001 -0.0011907850 0.0159556270
v 0.0096875001 -0.0011907850 0.0219999999
v 0.0096875001 0.0011907850 0.0159556270
v 0.0096875001 0.0011907850 0.0219999999
v 0.0096875001 0.0132225854 -0.0090090632
v 0.0096875001 0.0144133708 -0.0069465633
v 0.0096875001 0.0184571669 -0.0120312497
v 0.0096875001 0.0196479522 -0.0099687502
v 0.0098132659 -0.0145660462 -0.0066204467
v 0.0098132659 -0.0071298252 -0.0023271425
v 0.0098132659 0.0015495480 0.0073381811
v 0.0098132659 0.0015495480 0.0159247890
v 0.0098132659 0.0055802772 -0.0050110384
v 0.0098132659 0.0130164977 -0.0093043428
v 0.0098138368 -0.0130166728 -0.0093040969
v 0.0098138368 -0.0015492479 0.0159248188
v 0.0098138368 0.0145659214 -0.0066207210
v 0.0098139327 -0.0055805165 -0.0050107720
v 0.0098139327 -0.0015491976 0.0073382552
v 0.0098139327 0.0071297139 -0.0023274831
v 0.0098523442 -0.0199513137 -0.0142326904
v 0.0098523442 -0.0023502149 0.0243946891
v 0.0098523442 0.0223015286 -0.0101619987
v 0.0098707015 -0.0222989134 -0.0101682702
v 0.0098707015 0.0023434761 0.0243955608
v 0.0098707015 0.0199554376 -0.0142272897
v 0.0099721029 -0.0143170115 -0.0071430518
v 0.0099721029 0.0009724411 0.0159704220
v 0.0099721029 0.0133445701 -0.0088273697
v 0.0099721299 -0.0133445850 -0.0088273464
v 0.0099721299 -0.0009724134 0.0159704238
v 0.0099721299 0.0143169984 -0.0071430770
v 0.0099877063 -0.0201300569 -0.0148250060
v 0.0099877063 -0.0027738032 0.0248456430
v 0.0099877063 0.0229038596 -0.0100206379
v 0.0100089787 -0.0229006521 -0.0100279693
v 0.0100089787 0.0027658497 0.0248465296
v 0.0100089787 0.0201348010 -0.0148185613
v 0.0100428155 0.0014053598 0.0073671546
v 0.0101604648 -0.0131549453 -0.0091075469
v 0.0101604648 -0.0057404134 -0.0048267641
v 0.0101604648 -0.0013098938 0.0073847258
v 0.0101604648 -0.0013098938 0.0159462895
v 0.0101604648 0.0070503070 -0.0025579617
v 0.0101604648 0.0144648394 -0.0068387440
v 0.0101609835 -0.0144646419 -0.0068391613
v 0.0101609835 0.0013094338 0.0159463286
v 0.0101609835 0.0131552080 -0.0091071669
v 0.0101610785 -0.0070501189 -0.0025584812
v 0.0101610785 0.0057407692 -0.0048263413
v 0.0101907849 -0.0193963088 -0.0104046073
v 0.0101907849 -0.0187088083 -0.0115953926
v 0.0101907849 -0.0141873593 -0.0073972191
v 0.0101907849 -0.0134998588 -0.0085880039
v 0.0101907849 -0.0006875000 0.0159852225
v 0.0101907849 -0.0006875000 0.0219999999
v 0.0101907849 0.0006875000 0.0159852225
v 0.0101907849 0.0006875000 0.0219999999
v 0.0101907849 0.0134998588 -0.0085880039
v 0.0101907849 0.0141873593 -0.0073972191
v 0.0101907849 0.0187088083 -0.0115953926
v 0.0101907849 0.0193963088 -0.0104046073
v 0.0102500003 -0.0201350898 -0.0091249999
v 0.0102500003 -0.0179700274 -0.0128750000
v 0.0102500003 -0.0021650635 0.0219999999
v 0.0102500003 0.0021650635 0.0219999999
v 0.0102500003 0.0179700274 -0.0128750000
v 0.0102500003 0.0201350898 -0.0091249999
v 0.0102500031 -0.0200638082 -0.0140838437
v 0.0102500031 -0.0021650628 0.0244176891
v 0.0102500031 0.0222288705 -0.0103338454
v 0.0102500077 -0.0222288668 -0.0103338500
v 0.0102500077 0.0021650568 0.0244176891
v 0.0102500077 0.0200638101 -0.0140838390
v 0.0102567589 -0.0200661682 -0.0140806865
v 0.0102567589 -0.0021611487 0.0244181547
v 0.0102567589 0.0222273171 -0.0103374673
v 0.0102738468 -0.0222233310 -0.0103467489
v 0.0102738468 0.0021511179 0.0244193431
v 0.0102738468 0.0200722124 -0.0140725942
v 0.0103282193 -0.0140307881 -0.0076900576
v 0.0103282193 0.0003556086 0.0159960482
v 0.0103282193 0.0136751793 -0.0083059901
v 0.0103282304 -0.0136752008 -0.0083059557
v 0.0103282304 -0.0003555681 0.0159960482
v 0.0103282304 0.0140307685 -0.0076900935
v 0.0103352806 -0.0132561540 -0.0089595970
v 0.0103645921 0.0069733234 -0.0027609342
v 0.0103749996 -0.0190525595 -0.0109999999
v 0.0103749996 -0.0138564063 -0.0080000004
v 0.0103749996 0.0000000000 0.0219999999
v 0.0103749996 0.0000000000 0.0160000008
v 0.0103749996 0.0138564063 -0.0080000004
v 0.0103749996 0.0190525595 -0.0109999999
v 0.0104399910 -0.0059406185 -0.0045781056
v 0.0104399910 -0.0009944467 0.0074337795
v 0.0104401130 -0.0009942702 0.0159690771
v 0.0104401130 0.0143267615 -0.0071234754
v 0.0104402220 -0.0143266916 -0.0071236161
v 0.0104402220 -0.0069349371 -0.0028559845
v 0.0104402220 0.0009941133 0.0074338238
v 0.0104402220 0.0009941133 0.0159690864
v 0.0104402220 0.0059408238 -0.0045778393
v 0.0104402220 0.0133325784 -0.0088454708
v 0.0104563469 -0.0202623252 -0.0146437082
v 0.0104563469 -0.0025506609 0.0248695426
v 0.0104563469 0.0228129867 -0.0102258343
v 0.0104761496 -0.0228081159 -0.0102366926
v 0.0104761496 0.0025388219 0.0248707533
v 0.0104761496 0.0202692933 -0.0146340607
v 0.0105645768 0.0060676276 -0.0044083893
v 0.0106128789 0.0006790592 0.0159855839
v 0.0106217992 -0.0202204660 -0.0138711883
v 0.0106217992 -0.0019025687 0.0244470313
v 0.0106217992 0.0221230332 -0.0105758421
v 0.0106339669 -0.0221187565 -0.0105854282
v 0.0106339669 0.0018921287 0.0244481191
v 0.0106339669 0.0202266276 -0.0138626909
v 0.0106359208 -0.0067836014 -0.0031988674
v 0.0106359208 0.0006215003 0.0074742050
v 0.0106361397 -0.0141564300 -0.0074562384
v 0.0106361397 0.0135355070 -0.0085317083
v 0.0106362784 -0.0135357017 -0.0085314000
v 0.0106362784 -0.0061626397 -0.0042745611
v 0.0106362784 -0.0006205586 0.0074742832
v 0.0106362784 -0.0006205586 0.0159879606
v 0.0106362784 0.0067831981 -0.0031997222
v 0.0106362784 0.0141562596 -0.0074565611
v 0.0106845181 -0.0004742336 0.0074849920
v 0.0107336640 -0.0063726255 -0.0039546993
v 0.0107352911 0.0139682256 -0.0078031193
v 0.0107371807 0.0065983259 -0.0035654029
v 0.0107372180 -0.0137496367 -0.0081821438
v 0.0107372180 -0.0002111260 0.0159986075
v 0.0107372403 -0.0139606716 -0.0078166258
v 0.0107372403 0.0002109392 0.0074970331
v 0.0107372403 0.0002109392 0.0159986094
v 0.0107372403 0.0063871513 -0.0039311950
v 0.0107372403 0.0137497326 -0.0081819836
v 0.0107429372 -0.0065723001 -0.0036131525
v 0.0107450113 -0.0001320476 0.0074988375
v 0.0108793611 -0.0204403866 -0.0143941157
v 0.0108793611 -0.0022454758 0.0248989519
v 0.0108793611 0.0226858631 -0.0105048371
v 0.0108934613 -0.0226806626 -0.0105160624
v 0.0108934613 0.0022331544 0.0249000601
v 0.0108934613 0.0204475075 -0.0143839987
v 0.0109337904 -0.0204058979 -0.0136109060
v 0.0109337904 -0.0015844414 0.0244774781
v 0.0109337904 0.0219903383 -0.0108665731
v 0.0111091752 -0.0218860321 -0.0110861203
v 0.0111091752 0.0013421547 0.0244969204
v 0.0111091752 0.0205438789 -0.0134108001
v 0.0111650471 -0.0218456369 -0.0111691775
v 0.0111650471 0.0012500265 0.0245034657
v 0.0111650471 0.0205956101 -0.0133342873
v 0.0111650564 -0.0205956195 -0.0133342743
v 0.0111650564 -0.0012500110 0.0245034657
v 0.0111650564 0.0218456294 -0.0111691924
v 0.0111650638 -0.0196775589 -0.0099174678
v 0.0111650638 -0.0184275582 -0.0120825320
v 0.0111650638 -0.0012500000 0.0219999999
v 0.0111650638 0.0012500000 0.0219999999
v 0.0111650638 0.0184275582 -0.0120825320
v 0.0111650638 0.0196775589 -0.0099174678
v 0.0111854207 -0.0206156969 -0.0133043518
v 0.0111854207 -0.0012140577 0.0245058946
v 0.0111854207 0.0218297560 -0.0112015419
v 0.0112408996 -0.0206549764 -0.0140844593
v 0.0112408996 -0.0018700113 0.0249299631
v 0.0112408996 0.0225249864 -0.0108455038
v 0.0113151520 -0.0217082929 -0.0114439037
v 0.0113151520 0.0009434359 0.0245218854
v 0.0113151520 0.0207648575 -0.0130779827
v 0.0113661466 -0.0208387040 -0.0129631478
v 0.0113661466 -0.0008070637 0.0245284215
v 0.0113661466 0.0216457676 -0.0115652727
v 0.0114441384 -0.0223991591 -0.0111030489
v 0.0114441384 0.0015840563 0.0249497648
v 0.0114441384 0.0208151024 -0.0138467150
v 0.0114459889 -0.0215097684 -0.0118218604
v 0.0114459889 0.0005168528 0.0245389361
v 0.0114459889 0.0209929161 -0.0127170756
v 0.0114722392 -0.0210686382 -0.0125929862
v 0.0114722392 -0.0003715270 0.0245424677
v 0.0114722392 0.0214401651 -0.0119494824
v 0.0114989523 -0.0212937314 -0.0122103784
v 0.0114989523 0.0000723672 0.0245461017
v 0.0114989523 0.0212213639 -0.0123357223
v 0.0115000000 -0.0212576687 -0.0122731272
v 0.0115000000 -0.0190525595 -0.0109999999
v 0.0115000000 -0.0000000060 0.0245462433
v 0.0115000000 0.0000000000 0.0219999999
v 0.0115000000 0.0190525595 -0.0109999999
v 0.0115000000 0.0212576743 -0.0122731170
v 0.0115324920 -0.0208986085 -0.0137203550
v 0.0115324920 -0.0014328719 0.0249589030
v 0.0115324920 0.0223314799 -0.0112385480
v 0.0116828261 -0.0221858881 -0.0115232980
v 0.0116828261 0.0011134750 0.0249751918
v 0.0116828261 0.0210724119 -0.0134518929
v 0.0117419194 -0.0211586524 -0.0133158332
v 0.0117419194 -0.0009525238 0.0249818470
v 0.0117419194 0.0221111756 -0.0116660139
v 0.0118344417 -0.0219491925 -0.0119679971
v 0.0118344417 0.0006100071 0.0249925572
v 0.0118344417 0.0213391855 -0.0130245602
v 0.0118648615 -0.0214280598 -0.0128778191
v 0.0118648615 -0.0004384887 0.0249961540
v 0.0118648615 0.0218665488 -0.0121183349
v 0.0118958168 -0.0216932148 -0.0124259600
v 0.0118958168 0.0000854103 0.0249998532
v 0.0118958168 0.0216078032 -0.0125738941
v 0.0120000001 -0.0175000001 -0.0015000000
v 0.0120000001 -0.0175000001 0.0015000000
v 0.0120000001 -0.0164999999 -0.0000000000
v 0.0120000001 -0.0162029061 -0.0013016512
v 0.0120000001 -0.0162029061 0.0013016512
v 0.0120000001 -0.0160980765 -0.0015000000
v 0.0120000001 -0.0160980765 0.0015000000
v 0.0120000001 -0.0159295332 -0.0015000000
v 0.0120000001 -0.0159295332 0.0015000000
v 0.0120000001 -0.0158981476 -0.0018024665
v 0.0120000001 -0.0158981476 0.0018024665
v 0.0120000001 -0.0154837267 -0.0040316489
v 0.0120000001 -0.0154837267 0.0040316489
v 0.0120000001 -0.0153704695 -0.0023454945
v 0.0120000001 -0.0153704695 0.0023454945
v 0.0120000001 -0.0151965702 -0.0050064223
v 0.0120000001 -0.0151965702 0.0050064223
v 0.0120000001 -0.0145796556 -0.0065904199
v 0.0120000001 -0.0145796556 0.0065904199
v 0.0120000001 -0.0141675631 -0.0029247836
v 0.0120000001 -0.0141675631 0.0029247836
v 0.0120000001 -0.0138564063 -0.0080000004
v 0.0120000001 -0.0138564063 0.0080000004
v 0.0120000001 -0.0132561540 -0.0089595970
v 0.0120000001 -0.0132561540 0.0089595970
v 0.0120000001 -0.0128324376 -0.0029247836
v 0.0120000001 -0.0128324376 0.0029247836
v 0.0120000001 -0.0119339740 -0.0106574045
v 0.0120000001 -0.0119339740 0.0106574045
v 0.0120000001 -0.0118981479 -0.0106973862
v 0.0120000001 -0.0118981479 0.0106973862
v 0.0120000001 -0.0116295302 -0.0023454945
v 0.0120000001 -0.0116295302 0.0023454945
v 0.0120000001 -0.0112986080 -0.0111029930
v 0.0120000001 -0.0112986080 0.0111029930
v 0.0120000001 -0.0107970936 -0.0013016512
v 0.0120000001 -0.0107970936 0.0013016512
v 0.0120000001 -0.0105789257 -0.0111806011
v 0.0120000001 -0.0105789257 0.0111806011
v 0.0120000001 -0.0104999999 -0.0000000000
v 0.0120000001 -0.0099066962 -0.0109121362
v 0.0120000001 -0.0099066962 0.0109121362
v 0.0120000001 -0.0097500002 -0.0116913430
v 0.0120000001 -0.0097500002 0.0116913430
v 0.0120000001 -0.0095100561 -0.0128669674
v 0.0120000001 -0.0095100561 0.0128669674
v 0.0120000001 -0.0094529064 -0.0103896922
v 0.0120000001 -0.0094529064 0.0103896922
v 0.0120000001 -0.0094384644 -0.0103601180
v 0.0120000001 -0.0094384644 0.0103601180
v 0.0120000001 -0.0087900311 -0.0094917351
v 0.0120000001 -0.0087900311 0.0094917351
v 0.0120000001 -0.0086204698 -0.0093458481
v 0.0120000001 -0.0086204698 0.0093458481
v 0.0120000001 -0.0080000004 -0.0000000000
v 0.0120000001 -0.0079106465 -0.0011923382
v 0.0120000001 -0.0079106465 0.0011923382
v 0.0120000001 -0.0078753615 -0.0089104148
v 0.0120000001 -0.0078753615 0.0089104148
v 0.0120000001 -0.0076445825 -0.0023580415
v 0.0120000001 -0.0076445825 0.0023580415
v 0.0120000001 -0.0074999998 -0.0000000000
v 0.0120000001 -0.0074175629 -0.0087665590
v 0.0120000001 -0.0074175629 0.0087665590
v 0.0120000001 -0.0072643738 -0.0018651742
v 0.0120000001 -0.0072643738 0.0018651742
v 0.0120000001 -0.0072077508 -0.0034710700
v 0.0120000001 -0.0072077508 0.0034710700
v 0.0120000001 -0.0068138246 -0.0086920224
v 0.0120000001 -0.0068138246 0.0086920224
v 0.0120000001 -0.0066099102 -0.0045065605
v 0.0120000001 -0.0066099102 0.0045065605
v 0.0120000001 -0.0065723001 -0.0036131525
v 0.0120000001 -0.0065723001 0.0036131525
v 0.0120000001 -0.0063880924 -0.0146694332
v 0.0120000001 -0.0063880924 0.0146694332
v 0.0120000001 -0.0060824370 -0.0146161271
v 0.0120000001 -0.0060824370 -0.0087665590
v 0.0120000001 -0.0060824370 0.0087665590
v 0.0120000001 -0.0060824370 0.0146161271
v 0.0120000001 -0.0058644149 -0.0054413821
v 0.0120000001 -0.0058644149 0.0054413821
v 0.0120000001 -0.0057439585 -0.0088650594
v 0.0120000001 -0.0057439585 0.0088650594
v 0.0120000001 -0.0054672649 -0.0051341034
v 0.0120000001 -0.0054672649 0.0051341034
v 0.0120000001 -0.0049879183 -0.0062546520
v 0.0120000001 -0.0049879183 0.0062546520
v 0.0120000001 -0.0048795305 -0.0140368370
v 0.0120000001 -0.0048795305 -0.0093458481
v 0.0120000001 -0.0048795305 0.0093458481
v 0.0120000001 -0.0048795305 0.0140368370
v 0.0120000001 -0.0048053870 -0.0094069438
v 0.0120000001 -0.0048053870 0.0094069438
v 0.0120000001 -0.0044968394 -0.0140355192
v 0.0120000001 -0.0044968394 0.0140355192
v 0.0120000001 -0.0043932213 -0.0147519186
v 0.0120000001 -0.0043932213 0.0147519186
v 0.0120000001 -0.0042528934 -0.0133540090
v 0.0120000001 -0.0042528934 0.0133540090
v 0.0120000001 -0.0042371070 -0.0154287694
v 0.0120000001 -0.0041205995 -0.0102469558
v 0.0120000001 -0.0041205995 0.0102469558
v 0.0120000001 -0.0040470934 -0.0129929939
v 0.0120000001 -0.0040470934 -0.0103896922
v 0.0120000001 -0.0040470934 0.0103896922
v 0.0120000001 -0.0040470934 0.0129929939
v 0.0120000001 -0.0040187011 -0.0063324594
v 0.0120000001 -0.0040187011 0.0063324594
v 0.0120000001 -0.0040000002 -0.0069282032
v 0.0120000001 -0.0040000002 0.0069282032
v 0.0120000001 -0.0039661699 -0.0153363785
v 0.0120000001 -0.0039661699 0.0153363785
v 0.0120000001 -0.0038250685 -0.0123582575
v 0.0120000001 -0.0038250685 0.0123582575
v 0.0120000001 -0.0037789650 -0.0112754703
v 0.0120000001 -0.0037789650 0.0112754703
v 0.0120000001 -0.0037499999 -0.0116913430
v 0.0120000001 -0.0037499999 0.0116913430
v 0.0120000001 -0.0033151342 -0.0156527925
v 0.0120000001 -0.0033151342 0.0156527925
v 0.0120000001 -0.0032625960 0.0156638268
v 0.0120000001 -0.0029227282 -0.0074469899
v 0.0120000001 -0.0029227282 0.0074469899
v 0.0120000001 -0.0023176274 -0.0071329237
v 0.0120000001 -0.0023176274 0.0071329237
v 0.0120000001 -0.0020322851 -0.0158704072
v 0.0120000001 -0.0020322851 0.0158704072
v 0.0120000001 -0.0020000001 -0.0175000001
v 0.0120000001 -0.0020000001 -0.0158745088
v 0.0120000001 -0.0017801675 -0.0077994233
v 0.0120000001 -0.0017801675 0.0077994233
v 0.0120000001 -0.0005978408 -0.0079776300
v 0.0120000001 -0.0005978408 0.0079776300
v 0.0120000001 -0.0004709289 -0.0074852007
v 0.0120000001 -0.0004709289 0.0074852007
v 0.0120000001 0.0000000000 0.0160000008
v 0.0120000001 0.0005978408 -0.0079776300
v 0.0120000001 0.0005978408 0.0079776300
v 0.0120000001 0.0006790592 0.0159855839
v 0.0120000001 0.0014053598 -0.0073671546
v 0.0120000001 0.0014053598 0.0073671546
v 0.0120000001 0.0017801675 -0.0077994233
v 0.0120000001 0.0017801675 0.0077994233
v 0.0120000001 0.0020000001 -0.0175000001
v 0.0120000001 0.0020000001 -0.0158745088
v 0.0120000001 0.0029227282 -0.0074469899
v 0.0120000001 0.0029227282 0.0074469899
v 0.0120000001 0.0031933447 -0.0067862030
v 0.0120000001 0.0031933447 0.0067862030
v 0.0120000001 0.0032625960 0.0156638268
v 0.0120000001 0.0033151342 -0.0156527925
v 0.0120000001 0.0033151342 0.0156527925
v 0.0120000001 0.0037499999 -0.0116913430
v 0.0120000001 0.0037499999 0.0116913430
v 0.0120000001 0.0037789650 -0.0112754703
v 0.0120000001 0.0037789650 0.0112754703
v 0.0120000001 0.0038250685 -0.0123582575
v 0.0120000001 0.0038250685 0.0123582575
v 0.0120000001 0.0039661699 -0.0153363785
v 0.0120000001 0.0039661699 0.0153363785
v 0.0120000001 0.0040000002 -0.0069282032
v 0.0120000001 0.0040000002 0.0069282032
v 0.0120000001 0.0040470934 -0.0129929939
v 0.0120000001 0.0040470934 -0.0103896922
v 0.0120000001 0.0040470934 0.0103896922
v 0.0120000001 0.0040470934 0.0129929939
v 0.0120000001 0.0041205995 -0.0102469558
v 0.0120000001 0.0041205995 0.0102469558
v 0.0120000001 0.0042371070 -0.0154287694
v 0.0120000001 0.0042528934 -0.0133540090
v 0.0120000001 0.0042528934 0.0133540090
v 0.0120000001 0.0043932213 -0.0147519186
v 0.0120000001 0.0043932213 0.0147519186
v 0.0120000001 0.0044968394 -0.0140355192
v 0.0120000001 0.0044968394 0.0140355192
v 0.0120000001 0.0047806799 -0.0057788491
v 0.0120000001 0.0047806799 0.0057788491
v 0.0120000001 0.0048053870 -0.0094069438
v 0.0120000001 0.0048053870 0.0094069438
v 0.0120000001 0.0048795305 -0.0140368370
v 0.0120000001 0.0048795305 -0.0093458481
v 0.0120000001 0.0048795305 0.0093458481
v 0.0120000001 0.0048795305 0.0140368370
v 0.0120000001 0.0049879183 -0.0062546520
v 0.0120000001 0.0049879183 0.0062546520
v 0.0120000001 0.0057439585 -0.0088650594
v 0.0120000001 0.0057439585 0.0088650594
v 0.0120000001 0.0058644149 -0.0054413821
v 0.0120000001 0.0058644149 0.0054413821
v 0.0120000001 0.0060676276 -0.0044083893
v 0.0120000001 0.0060676276 0.0044083893
v 0.0120000001 0.0060824370 -0.0146161271
v 0.0120000001 0.0060824370 -0.0087665590
v 0.0120000001 0.0060824370 0.0087665590
v 0.0120000001 0.0060824370 0.0146161271
v 0.0120000001 0.0063880924 -0.0146694332
v 0.0120000001 0.0063880924 0.0146694332
v 0.0120000001 0.0066099102 -0.0045065605
v 0.0120000001 0.0066099102 0.0045065605
v 0.0120000001 0.0068138246 -0.0086920224
v 0.0120000001 0.0068138246 0.0086920224
v 0.0120000001 0.0069733234 -0.0027609342
v 0.0120000001 0.0069733234 0.0027609342
v 0.0120000001 0.0072077508 -0.0034710700
v 0.0120000001 0.0072077508 0.0034710700
v 0.0120000001 0.0074175629 -0.0087665590
v 0.0120000001 0.0074175629 0.0087665590
v 0.0120000001 0.0074408604 -0.0009399992
v 0.0120000001 0.0074408604 0.0009399992
v 0.0120000001 0.0074999998 -0.0000000000
v 0.0120000001 0.0076445825 -0.0023580415
v 0.0120000001 0.0076445825 0.0023580415
v 0.0120000001 0.0078753615 -0.0089104148
v 0.0120000001 0.0078753615 0.0089104148
v 0.0120000001 0.0079106465 -0.0011923382
v 0.0120000001 0.0079106465 0.0011923382
v 0.0120000001 0.0080000004 -0.0000000000
v 0.0120000001 0.0086204698 -0.0093458481
v 0.0120000001 0.0086204698 0.0093458481
v 0.0120000001 0.0087900311 -0.0094917351
v 0.0120000001 0.0087900311 0.0094917351
v 0.0120000001 0.0094384644 -0.0103601180
v 0.0120000001 0.0094384644 0.0103601180
v 0.0120000001 0.0094529064 -0.0103896922
v 0.0120000001 0.0094529064 0.0103896922
v 0.0120000001 0.0095100561 -0.0128669674
v 0.0120000001 0.0095100561 0.0128669674
v 0.0120000001 0.0097500002 -0.0116913430
v 0.0120000001 0.0097500002 0.0116913430
v 0.0120000001 0.0099066962 -0.0109121362
v 0.0120000001 0.0099066962 0.0109121362
v 0.0120000001 0.0104999999 -0.0000000000
v 0.0120000001 0.0105789257 -0.0111806011
v 0.0120000001 0.0105789257 0.0111806011
v 0.0120000001 0.0107970936 -0.0013016512
v 0.0120000001 0.0107970936 0.0013016512
v 0.0120000001 0.0112986080 -0.0111029930
v 0.0120000001 0.0112986080 0.0111029930
v 0.0120000001 0.0116295302 -0.0023454945
v 0.0120000001 0.0116295302 0.0023454945
v 0.0120000001 0.0118981479 -0.0106973862
v 0.0120000001 0.0118981479 0.0106973862
v 0.0120000001 0.0119339740 -0.0106574045
v 0.0120000001 0.0119339740 0.0106574045
v 0.0120000001 0.0124485716 -0.0100515196
v 0.0120000001 0.0124485716 0.0100515196
v 0.0120000001 0.0128324376 -0.0029247836
v 0.0120000001 0.0128324376 0.0029247836
v 0.0120000001 0.0138564063 -0.0080000004
v 0.0120000001 0.0138564063 0.0080000004
v 0.0120000001 0.0139682256 -0.0078031193
v 0.0120000001 0.0139682256 0.0078031193
v 0.0120000001 0.0141675631 -0.0029247836
v 0.0120000001 0.0141675631 0.0029247836
v 0.0120000001 0.0150860390 -0.0053302366
v 0.0120000001 0.0150860390 0.0053302366
v 0.0120000001 0.0151965702 -0.0050064223
v 0.0120000001 0.0151965702 0.0050064223
v 0.0120000001 0.0153704695 -0.0023454945
v 0.0120000001 0.0153704695 0.0023454945
v 0.0120000001 0.0157698542 -0.0027040131
v 0.0120000001 0.0157698542 0.0027040131
v 0.0120000001 0.0158981476 -0.0018024665
v 0.0120000001 0.0158981476 0.0018024665
v 0.0120000001 0.0159295332 -0.0015000000
v 0.0120000001 0.0159295332 0.0015000000
v 0.0120000001 0.0160980765 -0.0015000000
v 0.0120000001 0.0160980765 0.0015000000
v 0.0120000001 0.0162029061 -0.0013016512
v 0.0120000001 0.0162029061 0.0013016512
v 0.0120000001 0.0164999999 -0.0000000000
v 0.0120000001 0.0175000001 -0.0015000000
v 0.0120000001 0.0175000001 0.0015000000
v 0.0125000002 -0.0074999998 -0.0000000000
v 0.0125000002 -0.0074162311 -0.0011178170
v 0.0125000002 -0.0074162311 0.0011178170
v 0.0125000002 -0.0071667959 -0.0022106639
v 0.0125000002 -0.0071667959 0.0022106639
v 0.0125000002 -0.0067572664 -0.0032541282
v 0.0125000002 -0.0067572664 0.0032541282
v 0.0125000002 -0.0061967908 -0.0042249006
v 0.0125000002 -0.0061967908 0.0042249006
v 0.0125000002 -0.0054978891 -0.0051012957
v 0.0125000002 -0.0054978891 0.0051012957
v 0.0125000002 -0.0046761734 -0.0058637359
v 0.0125000002 -0.0046761734 0.0058637359
v 0.0125000002 -0.0037499999 -0.0064951903
v 0.0125000002 -0.0037499999 0.0064951903
v 0.0125000002 -0.0027400577 -0.0069815530
v 0.0125000002 -0.0027400577 0.0069815530
v 0.0125000002 -0.0016689070 -0.0073119593
v 0.0125000002 -0.0016689070 0.0073119593
v 0.0125000002 -0.0005604757 -0.0074790283
v 0.0125000002 -0.0005604757 0.0074790283
v 0.0125000002 0.0005604757 -0.0074790283
v 0.0125000002 0.0005604757 0.0074790283
v 0.0125000002 0.0016689070 -0.0073119593
v 0.0125000002 0.0016689070 0.0073119593
v 0.0125000002 0.0027400577 -0.0069815530
v 0.0125000002 0.0027400577 0.0069815530
v 0.0125000002 0.0037499999 -0.0064951903
v 0.0125000002 0.0037499999 0.0064951903
v 0.0125000002 0.0046761734 -0.0058637359
v 0.0125000002 0.0046761734 0.0058637359
v 0.0125000002 0.0054978891 -0.0051012957
v 0.0125000002 0.0054978891 0.0051012957
v 0.0125000002 0.0061967908 -0.0042249006
v 0.0125000002 0.0061967908 0.0042249006
v 0.0125000002 0.0067572664 -0.0032541282
v 0.0125000002 0.0067572664 0.0032541282
v 0.0125000002 0.0071667959 -0.0022106639
v 0.0125000002 0.0071667959 0.0022106639
v 0.0125000002 0.0074162311 -0.0011178170
v 0.0125000002 0.0074162311 0.0011178170
v 0.0125000002 0.0074999998 -0.0000000000
v 0.0149999997 -0.0164999999 -0.0000000000
v 0.0149999997 -0.0162029061 -0.0013016512
v 0.0149999997 -0.0162029061 0.0013016512
v 0.0149999997 -0.0153704695 -0.0023454945
v 0.0149999997 -0.0153704695 0.0023454945
v 0.0149999997 -0.0149999997 -0.0000000000
v 0.0149999997 -0.0147990379 -0.0007500000
v 0.0149999997 -0.0147990379 0.0007500000
v 0.0149999997 -0.0142500000 -0.0012990381
v 0.0149999997 -0.0142500000 0.0012990381
v 0.0149999997 -0.0141675631 -0.0029247836
v 0.0149999997 -0.0141675631 0.0029247836
v 0.0149999997 -0.0135000004 -0.0015000000
v 0.0149999997 -0.0135000004 0.0015000000
v 0.0149999997 -0.0128324376 -0.0029247836
v 0.0149999997 -0.0128324376 0.0029247836
v 0.0149999997 -0.0127499998 -0.0012990381
v 0.0149999997 -0.0127499998 0.0012990381
v 0.0149999997 -0.0122009618 -0.0007500000
v 0.0149999997 -0.0122009618 0.0007500000
v 0.0149999997 -0.0120000001 -0.0000000000
v 0.0149999997 -0.0116295302 -0.0023454945
v 0.0149999997 -0.0116295302 0.0023454945
v 0.0149999997 -0.0107970936 -0.0013016512
v 0.0149999997 -0.0107970936 0.0013016512
v 0.0149999997 -0.0104999999 -0.0000000000
v 0.0149999997 -0.0097500002 -0.0116913430
v 0.0149999997 -0.0097500002 0.0116913430
v 0.0149999997 -0.0094529064 -0.0129929939
v 0.0149999997 -0.0094529064 -0.0103896922
v 0.0149999997 -0.0094529064 0.0103896922
v 0.0149999997 -0.0094529064 0.0129929939
v 0.0149999997 -0.0086204698 -0.0140368370
v 0.0149999997 -0.0086204698 -0.0093458481
v 0.0149999997 -0.0086204698 0.0093458481
v 0.0149999997 -0.0086204698 0.0140368370
v 0.0149999997 -0.0082500000 -0.0116913430
v 0.0149999997 -0.0082500000 0.0116913430
v 0.0149999997 -0.0080490382 -0.0124413427
v 0.0149999997 -0.0080490382 -0.0109413434
v 0.0149999997 -0.0080490382 0.0109413434
v 0.0149999997 -0.0080490382 0.0124413427
v 0.0149999997 -0.0074999998 -0.0129903806
v 0.0149999997 -0.0074999998 -0.0103923045
v 0.0149999997 -0.0074999998 0.0103923045
v 0.0149999997 -0.0074999998 0.0129903806
v 0.0149999997 -0.0074175629 -0.0146161271
v 0.0149999997 -0.0074175629 -0.0087665590
v 0.0149999997 -0.0074175629 0.0087665590
v 0.0149999997 -0.0074175629 0.0146161271
v 0.0149999997 -0.0067500002 -0.0131913433
v 0.0149999997 -0.0067500002 -0.0101913428
v 0.0149999997 -0.0067500002 0.0101913428
v 0.0149999997 -0.0067500002 0.0131913433
v 0.0149999997 -0.0060824370 -0.0146161271
v 0.0149999997 -0.0060824370 -0.0087665590
v 0.0149999997 -0.0060824370 0.0087665590
v 0.0149999997 -0.0060824370 0.0146161271
v 0.0149999997 -0.0060000001 -0.0129903806
v 0.0149999997 -0.0060000001 -0.0103923045
v 0.0149999997 -0.0060000001 0.0103923045
v 0.0149999997 -0.0060000001 0.0129903806
v 0.0149999997 -0.0054509621 -0.0124413427
v 0.0149999997 -0.0054509621 -0.0109413434
v 0.0149999997 -0.0054509621 0.0109413434
v 0.0149999997 -0.0054509621 0.0124413427
v 0.0149999997 -0.0052499999 -0.0116913430
v 0.0149999997 -0.0052499999 0.0116913430
v 0.0149999997 -0.0048795305 -0.0140368370
v 0.0149999997 -0.0048795305 -0.0093458481
v 0.0149999997 -0.0048795305 0.0093458481
v 0.0149999997 -0.0048795305 0.0140368370
v 0.0149999997 -0.0040470934 -0.0129929939
v 0.0149999997 -0.0040470934 -0.0103896922
v 0.0149999997 -0.0040470934 0.0103896922
v 0.0149999997 -0.0040470934 0.0129929939
v 0.0149999997 -0.0037499999 -0.0116913430
v 0.0149999997 -0.0037499999 0.0116913430
v 0.0149999997 0.0037499999 -0.0116913430
v 0.0149999997 0.0037499999 0.0116913430
v 0.0149999997 0.0040470934 -0.0129929939
v 0.0149999997 0.0040470934 -0.0103896922
v 0.0149999997 0.0040470934 0.0103896922
v 0.0149999997 0.0040470934 0.0129929939
v 0.0149999997 0.0048795305 -0.0140368370
v 0.0149999997 0.0048795305 -0.0093458481
v 0.0149999997 0.0048795305 0.0093458481
v 0.0149999997 0.0048795305 0.0140368370
v 0.0149999997 0.0052499999 -0.0116913430
v 0.0149999997 0.0052499999 0.0116913430
v 0.0149999997 0.0054509621 -0.0124413427
v 0.0149999997 0.0054509621 -0.0109413434
v 0.0149999997 0.0054509621 0.0109413434
v 0.0149999997 0.0054509621 0.0124413427
v 0.0149999997 0.0060000001 -0.0129903806
v 0.0149999997 0.0060000001 -0.0103923045
v 0.0149999997 0.0060000001 0.0103923045
v 0.0149999997 0.0060000001 0.0129903806
v 0.0149999997 0.0060824370 -0.0146161271
v 0.0149999997 0.0060824370 -0.0087665590
v 0.0149999997 0.0060824370 0.0087665590
v 0.0149999997 0.0060824370 0.0146161271
v 0.0149999997 0.0067500002 -0.0131913433
v 0.0149999997 0.0067500002 -0.0101913428
v 0.0149999997 0.0067500002 0.0101913428
v 0.0149999997 0.0067500002 0.0131913433
v 0.0149999997 0.0074175629 -0.0146161271
v 0.0149999997 0.0074175629 -0.0087665590
v 0.0149999997 0.0074175629 0.0087665590
v 0.0149999997 0.0074175629 0.0146161271
v 0.0149999997 0.0074999998 -0.0129903806
v 0.0149999997 0.0074999998 -0.0103923045
v 0.0149999997 0.0074999998 0.0103923045
v 0.0149999997 0.0074999998 0.0129903806
v 0.0149999997 0.0080490382 -0.0124413427
v 0.0149999997 0.0080490382 -0.0109413434
v 0.0149999997 0.0080490382 0.0109413434
v 0.0149999997 0.0080490382 0.0124413427
v 0.0149999997 0.0082500000 -0.0116913430
v 0.0149999997 0.0082500000 0.0116913430
v 0.0149999997 0.0086204698 -0.0140368370
v 0.0149999997 0.0086204698 -0.0093458481
v 0.0149999997 0.0086204698 0.0093458481
v 0.0149999997 0.0086204698 0.0140368370
v 0.0149999997 0.0094529064 -0.0129929939
v 0.0149999997 0.0094529064 -0.0103896922
v 0.0149999997 0.0094529064 0.0103896922
v 0.0149999997 0.0094529064 0.0129929939
v 0.0149999997 0.0097500002 -0.0116913430
v 0.0149999997 0.0097500002 0.0116913430
v 0.0149999997 0.0104999999 -0.0000000000
v 0.0149999997 0.0107970936 -0.0013016512
v 0.0149999997 0.0107970936 0.0013016512
v 0.0149999997 0.0116295302 -0.0023454945
v 0.0149999997 0.0116295302 0.0023454945
v 0.0149999997 0.0120000001 -0.0000000000
v 0.0149999997 0.0122009618 -0.0007500000
v 0.0149999997 0.0122009618 0.0007500000
v 0.0149999997 0.0127499998 -0.0012990381
v 0.0149999997 0.0127499998 0.0012990381
v 0.0149999997 0.0128324376 -0.0029247836
v 0.0149999997 0.0128324376 0.0029247836
v 0.0149999997 0.0135000004 -0.0015000000
v 0.0149999997 0.0135000004 0.0015000000
v 0.0149999997 0.0141675631 -0.0029247836
v 0.0149999997 0.0141675631 0.0029247836
v 0.0149999997 0.0142500000 -0.0012990381
v 0.0149999997 0.0142500000 0.0012990381
v 0.0149999997 0.0147990379 -0.0007500000
v 0.0149999997 0.0147990379 0.0007500000
v 0.0149999997 0.0149999997 -0.0000000000
v 0.0149999997 0.0153704695 -0.0023454945
v 0.0149999997 0.0153704695 0.0023454945
v 0.0149999997 0.0162029061 -0.0013016512
v 0.0149999997 0.0162029061 0.0013016512
v 0.0149999997 0.0164999999 -0.0000000000
v 0.0175000001 -0.0250000004 -0.0000000000
v 0.0175000001 -0.0249189325 -0.0020116642
v 0.0175000001 -0.0249189325 0.0020116642
v 0.0175000001 -0.0242735445 -0.0059828917
v 0.0175000001 -0.0242735445 0.0059828917
v 0.0175000001 -0.0229994860 -0.0097991657
v 0.0175000001 -0.0229994860 0.0097991657
v 0.0175000001 -0.0211297516 -0.0133616459
v 0.0175000001 -0.0211297516 0.0133616459
v 0.0175000001 -0.0187127683 -0.0165780671
v 0.0175000001 -0.0187127683 0.0165780671
v 0.0175000001 -0.0158111341 -0.0193651244
v 0.0175000001 -0.0158111341 0.0193651244
v 0.0175000001 -0.0125000002 -0.0216506347
v 0.0175000001 -0.0125000002 0.0216506347
v 0.0175000001 -0.0088651218 -0.0233754069
v 0.0175000001 -0.0088651218 0.0233754069
v 0.0175000001 -0.0074999998 -0.0000000000
v 0.0175000001 -0.0074162311 -0.0011178170
v 0.0175000001 -0.0074162311 0.0011178170
v 0.0175000001 -0.0071667959 -0.0022106639
v 0.0175000001 -0.0071667959 0.0022106639
v 0.0175000001 -0.0067572664 -0.0032541282
v 0.0175000001 -0.0067572664 0.0032541282
v 0.0175000001 -0.0061967908 -0.0042249006
v 0.0175000001 -0.0061967908 0.0042249006
v 0.0175000001 -0.0054978891 -0.0051012957
v 0.0175000001 -0.0054978891 0.0051012957
v 0.0175000001 -0.0050006425 -0.0244947672
v 0.0175000001 -0.0050006425 0.0244947672
v 0.0175000001 -0.0046761734 -0.0058637359
v 0.0175000001 -0.0046761734 0.0058637359
v 0.0175000001 -0.0037499999 -0.0064951903
v 0.0175000001 -0.0037499999 0.0064951903
v 0.0175000001 -0.0027400577 -0.0069815530
v 0.0175000001 -0.0027400577 0.0069815530
v 0.0175000001 -0.0016689070 -0.0073119593
v 0.0175000001 -0.0016689070 0.0073119593
v 0.0175000001 -0.0010066485 -0.0249797255
v 0.0175000001 -0.0010066485 0.0249797255
v 0.0175000001 -0.0005604757 -0.0074790283
v 0.0175000001 -0.0005604757 0.0074790283
v 0.0175000001 0.0005604757 -0.0074790283
v 0.0175000001 0.0005604757 0.0074790283
v 0.0175000001 0.0016689070 -0.0073119593
v 0.0175000001 0.0016689070 0.0073119593
v 0.0175000001 0.0027400577 -0.0069815530
v 0.0175000001 0.0027400577 0.0069815530
v 0.0175000001 0.0030134169 -0.0248177219
v 0.0175000001 0.0030134169 0.0248177219
v 0.0175000001 0.0037499999 -0.0064951903
v 0.0175000001 0.0037499999 0.0064951903
v 0.0175000001 0.0046761734 -0.0058637359
v 0.0175000001 0.0046761734 0.0058637359
v 0.0175000001 0.0054978891 -0.0051012957
v 0.0175000001 0.0054978891 0.0051012957
v 0.0175000001 0.0061967908 -0.0042249006
v 0.0175000001 0.0061967908 0.0042249006
v 0.0175000001 0.0067572664 -0.0032541282
v 0.0175000001 0.0067572664 0.0032541282
v 0.0175000001 0.0069554364 -0.0240129530
v 0.0175000001 0.0069554364 0.0240129530
v 0.0175000001 0.0071667959 -0.0022106639
v 0.0175000001 0.0071667959 0.0022106639
v 0.0175000001 0.0074162311 -0.0011178170
v 0.0175000001 0.0074162311 0.0011178170
v 0.0175000001 0.0074999998 -0.0000000000
v 0.0175000001 0.0107173137 -0.0225862600
v 0.0175000001 0.0107173137 0.0225862600
v 0.0175000001 0.0142016187 -0.0205745958
v 0.0175000001 0.0142016187 0.0205745958
v 0.0175000001 0.0173181091 -0.0180300605
v 0.0175000001 0.0173181091 0.0180300605
v 0.0175000001 0.0199860688 -0.0150185563
v 0.0175000001 0.0199860688 0.0150185563
v 0.0175000001 0.0221364014 -0.0116180796
v 0.0175000001 0.0221364014 0.0116180796
v 0.0175000001 0.0237134118 -0.0079167001
v 0.0175000001 0.0237134118 0.0079167001
v 0.0175000001 0.0246762559 -0.0040102820
v 0.0175000001 0.0246762559 0.0040102820
v 0.0175000001 0.0250000004 -0.0000000000
v 0.0179999992 -0.0244999994 -0.0000000000
v 0.0179999992 -0.0244205538 -0.0019714308
v 0.0179999992 -0.0244205538 0.0019714308
v 0.0179999992 -0.0237880740 -0.0058632339
v 0.0179999992 -0.0237880740 0.0058632339
v 0.0179999992 -0.0225394964 -0.0096031819
v 0.0179999992 -0.0225394964 0.0096031819
v 0.0179999992 -0.0207071565 -0.0130944131
v 0.0179999992 -0.0207071565 0.0130944131
v 0.0179999992 -0.0183385126 -0.0162465051
v 0.0179999992 -0.0183385126 0.0162465051
v 0.0179999992 -0.0154949119 -0.0189778209
v 0.0179999992 -0.0154949119 0.0189778209
v 0.0179999992 -0.0149999997 -0.0000000000
v 0.0179999992 -0.0149675142 -0.0140631860
v 0.0179999992 -0.0149675142 -0.0110631855
v 0.0179999992 -0.0149675142 -0.0047499998
v 0.0179999992 -0.0149675142 0.0047499998
v 0.0179999992 -0.0149675142 0.0090956716
v 0.0179999992 -0.0149675142 0.0110631855
v 0.0179999992 -0.0149350287 -0.0134350285
v 0.0179999992 -0.0149350287 0.0134350285
v 0.0179999992 -0.0147990379 -0.0007500000
v 0.0179999992 -0.0147990379 0.0007500000
v 0.0179999992 -0.0147340670 -0.0141850291
v 0.0179999992 -0.0147340670 -0.0126850288
v 0.0179999992 -0.0147340670 0.0126850288
v 0.0179999992 -0.0147340670 0.0141850291
v 0.0179999992 -0.0142500000 -0.0012990381
v 0.0179999992 -0.0142500000 0.0012990381
v 0.0179999992 -0.0141850291 -0.0147340670
v 0.0179999992 -0.0141850291 -0.0121359909
v 0.0179999992 -0.0141850291 0.0121359909
v 0.0179999992 -0.0141850291 0.0147340670
v 0.0179999992 -0.0135000004 -0.0015000000
v 0.0179999992 -0.0135000004 0.0015000000
v 0.0179999992 -0.0134350285 -0.0149350287
v 0.0179999992 -0.0134350285 -0.0119350292
v 0.0179999992 -0.0134350285 0.0119350292
v 0.0179999992 -0.0134350285 0.0149350287
v 0.0179999992 -0.0127499998 -0.0012990381
v 0.0179999992 -0.0127499998 0.0012990381
v 0.0179999992 -0.0126850288 -0.0147340670
v 0.0179999992 -0.0126850288 -0.0121359909
v 0.0179999992 -0.0126850288 0.0121359909
v 0.0179999992 -0.0126850288 0.0147340670
v 0.0179999992 -0.0122499997 -0.0212176219
v 0.0179999992 -0.0122499997 0.0212176219
v 0.0179999992 -0.0122009618 -0.0007500000
v 0.0179999992 -0.0122009618 0.0007500000
v 0.0179999992 -0.0121359909 -0.0141850291
v 0.0179999992 -0.0121359909 -0.0126850288
v 0.0179999992 -0.0121359909 0.0126850288
v 0.0179999992 -0.0121359909 0.0141850291
v 0.0179999992 -0.0120000001 -0.0000000000
v 0.0179999992 -0.0119350292 -0.0134350285
v 0.0179999992 -0.0119350292 0.0134350285
v 0.0179999992 -0.0100925146 -0.0140631860
v 0.0179999992 -0.0100925146 -0.0110631855
v 0.0179999992 -0.0100925146 -0.0047499998
v 0.0179999992 -0.0100925146 0.0047499998
v 0.0179999992 -0.0100925146 0.0090956716
v 0.0179999992 -0.0100925146 0.0110631855
v 0.0179999992 -0.0086878194 -0.0229078978
v 0.0179999992 -0.0086878194 0.0229078978
v 0.0179999992 -0.0082500000 -0.0116913430
v 0.0179999992 -0.0082500000 0.0116913430
v 0.0179999992 -0.0081249997 -0.0140631860
v 0.0179999992 -0.0081249997 -0.0110631855
v 0.0179999992 -0.0081249997 -0.0047499998
v 0.0179999992 -0.0081249997 0.0047499998
v 0.0179999992 -0.0081249997 0.0090956716
v 0.0179999992 -0.0081249997 0.0110631855
v 0.0179999992 -0.0080490382 -0.0124413427
v 0.0179999992 -0.0080490382 -0.0109413434
v 0.0179999992 -0.0080490382 0.0109413434
v 0.0179999992 -0.0080490382 0.0124413427
v 0.0179999992 -0.0080000004 -0.0000000000
v 0.0179999992 -0.0079106465 -0.0011923382
v 0.0179999992 -0.0079106465 0.0011923382
v 0.0179999992 -0.0076445825 -0.0023580415
v 0.0179999992 -0.0076445825 0.0023580415
v 0.0179999992 -0.0074999998 -0.0129903806
v 0.0179999992 -0.0074999998 -0.0103923045
v 0.0179999992 -0.0074999998 0.0103923045
v 0.0179999992 -0.0074999998 0.0129903806
v 0.0179999992 -0.0072077508 -0.0034710700
v 0.0179999992 -0.0072077508 0.0034710700
v 0.0179999992 -0.0067500002 -0.0131913433
v 0.0179999992 -0.0067500002 -0.0101913428
v 0.0179999992 -0.0067500002 0.0101913428
v 0.0179999992 -0.0067500002 0.0131913433
v 0.0179999992 -0.0066099102 -0.0045065605
v 0.0179999992 -0.0066099102 0.0045065605
v 0.0179999992 -0.0060000001 -0.0129903806
v 0.0179999992 -0.0060000001 -0.0103923045
v 0.0179999992 -0.0060000001 0.0103923045
v 0.0179999992 -0.0060000001 0.0129903806
v 0.0179999992 -0.0058644149 -0.0054413821
v 0.0179999992 -0.0058644149 0.0054413821
v 0.0179999992 -0.0054509621 -0.0124413427
v 0.0179999992 -0.0054509621 -0.0109413434
v 0.0179999992 -0.0054509621 0.0109413434
v 0.0179999992 -0.0054509621 0.0124413427
v 0.0179999992 -0.0052499999 -0.0116913430
v 0.0179999992 -0.0052499999 0.0116913430
v 0.0179999992 -0.0049879183 -0.0062546520
v 0.0179999992 -0.0049879183 0.0062546520
v 0.0179999992 -0.0049006296 -0.0240048710
v 0.0179999992 -0.0049006296 0.0240048710
v 0.0179999992 -0.0040000002 -0.0069282032
v 0.0179999992 -0.0040000002 0.0069282032
v 0.0179999992 -0.0029227282 -0.0074469899
v 0.0179999992 -0.0029227282 0.0074469899
v 0.0179999992 -0.0017801675 -0.0077994233
v 0.0179999992 -0.0017801675 0.0077994233
v 0.0179999992 -0.0009865155 -0.0244801305
v 0.0179999992 -0.0009865155 0.0244801305
v 0.0179999992 -0.0005978408 -0.0079776300
v 0.0179999992 -0.0005978408 0.0079776300
v 0.0179999992 0.0000000000 0.0110631855
v 0.0179999992 0.0000000000 0.0090956716
v 0.0179999992 0.0000000000 -0.0110631855
v 0.0179999992 0.0000000000 -0.0140631860
v 0.0179999992 0.0005978408 -0.0079776300
v 0.0179999992 0.0005978408 0.0079776300
v 0.0179999992 0.0017801675 -0.0077994233
v 0.0179999992 0.0017801675 0.0077994233
v 0.0179999992 0.0029227282 -0.0074469899
v 0.0179999992 0.0029227282 0.0074469899
v 0.0179999992 0.0029531487 -0.0243213680
v 0.0179999992 0.0029531487 0.0243213680
v 0.0179999992 0.0040000002 -0.0069282032
v 0.0179999992 0.0040000002 0.0069282032
v 0.0179999992 0.0049879183 -0.0062546520
v 0.0179999992 0.0049879183 0.0062546520
v 0.0179999992 0.0052499999 -0.0116913430
v 0.0179999992 0.0052499999 0.0116913430
v 0.0179999992 0.0054509621 -0.0124413427
v 0.0179999992 0.0054509621 -0.0109413434
v 0.0179999992 0.0054509621 0.0109413434
v 0.0179999992 0.0054509621 0.0124413427
v 0.0179999992 0.0058644149 -0.0054413821
v 0.0179999992 0.0058644149 0.0054413821
v 0.0179999992 0.0060000001 -0.0129903806
v 0.0179999992 0.0060000001 -0.0103923045
v 0.0179999992 0.0060000001 0.0103923045
v 0.0179999992 0.0060000001 0.0129903806
v 0.0179999992 0.0066099102 -0.0045065605
v 0.0179999992 0.0066099102 0.0045065605
v 0.0179999992 0.0067500002 -0.0131913433
v 0.0179999992 0.0067500002 -0.0101913428
v 0.0179999992 0.0067500002 0.0101913428
v 0.0179999992 0.0067500002 0.0131913433
v 0.0179999992 0.0068163280 -0.0235326942
v 0.0179999992 0.0068163280 0.0235326942
v 0.0179999992 0.0072077508 -0.0034710700
v 0.0179999992 0.0072077508 0.0034710700
v 0.0179999992 0.0074999998 -0.0129903806
v 0.0179999992 0.0074999998 -0.0103923045
v 0.0179999992 0.0074999998 0.0103923045
v 0.0179999992 0.0074999998 0.0129903806
v 0.0179999992 0.0076445825 -0.0023580415
v 0.0179999992 0.0076445825 0.0023580415
v 0.0179999992 0.0079106465 -0.0011923382
v 0.0179999992 0.0079106465 0.0011923382
v 0.0179999992 0.0080000004 -0.0000000000
v 0.0179999992 0.0080490382 -0.0124413427
v 0.0179999992 0.0080490382 -0.0109413434
v 0.0179999992 0.0080490382 0.0109413434
v 0.0179999992 0.0080490382 0.0124413427
v 0.0179999992 0.0082500000 -0.0116913430
v 0.0179999992 0.0082500000 0.0116913430
v 0.0179999992 0.0100925146 -0.0140631860
v 0.0179999992 0.0100925146 -0.0110631855
v 0.0179999992 0.0100925146 -0.0047499998
v 0.0179999992 0.0100925146 0.0047499998
v 0.0179999992 0.0100925146 0.0090956716
v 0.0179999992 0.0100925146 0.0110631855
v 0.0179999992 0.0101036746 0.0223196279
v 0.0179999992 0.0105029680 -0.0221345350
v 0.0179999992 0.0105029680 0.0221345350
v 0.0179999992 0.0119350292 -0.0134350285
v 0.0179999992 0.0119350292 0.0134350285
v 0.0179999992 0.0120000001 -0.0000000000
v 0.0179999992 0.0121359909 -0.0141850291
v 0.0179999992 0.0121359909 -0.0126850288
v 0.0179999992 0.0121359909 0.0126850288
v 0.0179999992 0.0121359909 0.0141850291
v 0.0179999992 0.0122009618 -0.0007500000
v 0.0179999992 0.0122009618 0.0007500000
v 0.0179999992 0.0126850288 -0.0147340670
v 0.0179999992 0.0126850288 -0.0121359909
v 0.0179999992 0.0126850288 0.0121359909
v 0.0179999992 0.0126850288 0.0147340670
v 0.0179999992 0.0127499998 -0.0012990381
v 0.0179999992 0.0127499998 0.0012990381
v 0.0179999992 0.0134350285 -0.0149350287
v 0.0179999992 0.0134350285 -0.0119350292
v 0.0179999992 0.0134350285 0.0119350292
v 0.0179999992 0.0134350285 0.0149350287
v 0.0179999992 0.0135000004 -0.0015000000
v 0.0179999992 0.0135000004 0.0015000000
v 0.0179999992 0.0139175858 -0.0201631039
v 0.0179999992 0.0139175858 0.0201631039
v 0.0179999992 0.0141850291 -0.0147340670
v 0.0179999992 0.0141850291 -0.0121359909
v 0.0179999992 0.0141850291 0.0121359909
v 0.0179999992 0.0141850291 0.0147340670
v 0.0179999992 0.0142500000 -0.0012990381
v 0.0179999992 0.0142500000 0.0012990381
v 0.0179999992 0.0147340670 -0.0141850291
v 0.0179999992 0.0147340670 -0.0126850288
v 0.0179999992 0.0147340670 0.0126850288
v 0.0179999992 0.0147340670 0.0141850291
v 0.0179999992 0.0147990379 -0.0007500000
v 0.0179999992 0.0147990379 0.0007500000
v 0.0179999992 0.0149350287 -0.0134350285
v 0.0179999992 0.0149350287 0.0134350285
v 0.0179999992 0.0149675142 -0.0140631860
v 0.0179999992 0.0149675142 -0.0110631855
v 0.0179999992 0.0149675142 -0.0047499998
v 0.0179999992 0.0149675142 0.0047499998
v 0.0179999992 0.0149675142 0.0090956716
v 0.0179999992 0.0149675142 0.0110631855
v 0.0179999992 0.0149999997 -0.0000000000
v 0.0179999992 0.0169717465 -0.0176694598
v 0.0179999992 0.0169717465 0.0176694598
v 0.0179999992 0.0195863470 -0.0147181852
v 0.0179999992 0.0195863470 0.0147181852
v 0.0179999992 0.0216936730 -0.0113857174
v 0.0179999992 0.0216936730 0.0113857174
v 0.0179999992 0.0232391432 -0.0077583659
v 0.0179999992 0.0232391432 0.0077583659
v 0.0179999992 0.0241827313 -0.0039300765
v 0.0179999992 0.0241827313 0.0039300765
v 0.0179999992 0.0244999994 -0.0000000000
f 1264 1440 1292
f 1292 1440 1446
f 1292 1446 1301
f 1264 1238 1440
f 1440 1238 1210
f 1440 1210 1181
f 635 1048 998
f 998 961 635
f 635 961 931
f 635 931 641
f 641 931 906
f 641 906 645
f 645 906 884
f 645 884 875
f 1178 1211 1452
f 1211 1241 1452
f 1452 1241 1265
f 1452 1265 1446
f 1446 1265 1295
f 1446 1295 1301
f 1469 1087 1452
f 1452 1087 1079
f 1452 1079 1178
f 1178 1079 1066
f 627 1434 633
f 633 1434 1440
f 633 1440 635
f 635 1440 1181
f 635 1181 1048
f 1554 683 1525
f 1525 683 680
f 1525 680 1499
f 1499 680 675
f 1668 1118 1651
f 1651 1118 1110
f 1270 1668 1294
f 1294 1668 1674
f 1294 1674 1304
f 1270 1240 1668
f 1668 1240 1216
f 1668 1216 1118
f 1118 1216 1183
f 1118 1183 1132
f 968 997 740
f 968 740 934
f 934 740 913
f 913 740 734
f 913 734 883
f 883 734 728
f 883 728 876
f 1150 1180 1682
f 1682 1180 1217
f 1217 1243 1682
f 1682 1243 1271
f 1682 1271 1674
f 1674 1271 1297
f 1674 1297 1304
f 997 1150 740
f 740 1150 1682
f 740 1682 742
f 742 1682 1688
f 742 1688 746
f 1621 698 1594
f 1594 698 696
f 1594 696 1570
f 1570 696 692
f 729 735 1683
f 1652 1111 1669
f 1669 1111 1119
f 1669 1119 1675
f 1675 1119 1141
f 1675 1141 1683
f 1683 1141 1142
f 1683 1142 729
f 747 1689 743
f 743 1689 1683
f 743 1683 741
f 741 1683 735
f 642 646 1056
f 1088 1470 1080
f 1080 1470 1453
f 1080 1453 1057
f 1057 1453 1447
f 1057 1447 1056
f 1056 1447 1441
f 1056 1441 642
f 642 1441 636
f 636 1441 634
f 634 1441 1435
f 634 1435 628
f 1268 1575 1293
f 1293 1575 1561
f 1293 1561 1303
f 1268 1239 1575
f 1575 1239 1214
f 1575 1214 1182
f 695 1099 999
f 882 688 910
f 910 688 690
f 910 690 932
f 932 690 695
f 932 695 965
f 965 695 999
f 963 996 681
f 882 872 688
f 688 872 881
f 688 881 684
f 684 881 908
f 684 908 681
f 681 908 933
f 681 933 963
f 1097 1179 1546
f 1546 1179 1212
f 1212 1242 1546
f 1546 1242 1266
f 1546 1266 1561
f 1561 1266 1296
f 1561 1296 1303
f 996 1097 681
f 681 1097 1546
f 681 1546 679
f 679 1546 1500
f 679 1500 676
f 699 1622 697
f 697 1622 1575
f 697 1575 695
f 695 1575 1182
f 695 1182 1099
f 1692 1694 1697
f 1697 1694 1696
f 1697 1696 1698
f 1698 1696 1695
f 1698 1695 1693
f 1570 1569 1553
f 1617 1621 1594
f 1504 1500 1546
f 1606 1589 1554
f 1554 1589 1578
f 1554 1578 1588
f 1553 1554 1570
f 1570 1554 1588
f 1570 1588 1594
f 1594 1588 1605
f 1594 1605 1617
f 1439 1435 1441
f 1684 1688 1682
f 1683 1644 1675
f 1675 1644 1650
f 1675 1650 1669
f 1669 1650 1654
f 1669 1654 1652
f 1607 1619 1665
f 1665 1619 1632
f 1665 1632 1673
f 1673 1632 1644
f 1673 1644 1679
f 1679 1644 1683
f 1679 1683 1685
f 1685 1683 1689
f 1512 1506 1461
f 1461 1506 1496
f 1461 1496 1492
f 1678 1684 1643
f 1643 1684 1682
f 1643 1682 1649
f 1649 1682 1674
f 1649 1674 1653
f 1653 1674 1668
f 1653 1668 1651
f 1480 1460 1479
f 1479 1460 1464
f 1479 1464 1481
f 1481 1464 1461
f 1481 1461 1485
f 1485 1461 1492
f 1445 1439 1478
f 1478 1439 1441
f 1478 1441 1472
f 1472 1441 1447
f 1472 1447 1468
f 1468 1447 1453
f 1468 1453 1470
f 1488 1457 1478
f 1478 1457 1451
f 1478 1451 1445
f 1622 1620 1575
f 1575 1620 1608
f 1575 1608 1561
f 1561 1608 1591
f 1561 1591 1546
f 1529 1514 1547
f 1515 1535 1503
f 1503 1535 1512
f 1503 1512 1488
f 1488 1512 1461
f 1488 1461 1457
f 1572 1568 1530
f 1530 1568 1563
f 1631 1664 1643
f 1643 1664 1672
f 1643 1672 1678
f 1567 1571 1618
f 1547 1555 1529
f 1529 1555 1557
f 1529 1557 1562
f 1563 1558 1530
f 1530 1558 1556
f 1530 1556 1515
f 1515 1556 1548
f 1515 1548 1535
f 1609 1613 1660
f 1660 1613 1623
f 1571 1586 1618
f 1618 1586 1609
f 1618 1609 1631
f 1631 1609 1660
f 1631 1660 1664
f 1614 1607 1624
f 1624 1607 1665
f 1624 1665 1630
f 1630 1665 1661
f 1630 1661 1637
f 1660 1640 1657
f 1657 1640 1642
f 1657 1642 1661
f 1661 1642 1641
f 1661 1641 1637
f 1623 1629 1660
f 1660 1629 1636
f 1660 1636 1640
f 1562 1567 1529
f 1529 1567 1618
f 1529 1618 1542
f 1542 1618 1606
f 1542 1606 1528
f 1528 1606 1554
f 1528 1554 1513
f 1513 1554 1525
f 1513 1525 1501
f 1501 1525 1499
f 1440 1477 1446
f 1446 1477 1471
f 1446 1471 1452
f 1452 1471 1467
f 1452 1467 1469
f 1614 1610 1607
f 1607 1610 1587
f 1607 1587 1590
f 1480 1484 1460
f 1460 1484 1491
f 1460 1491 1456
f 1456 1491 1495
f 1434 1438 1440
f 1440 1438 1444
f 1440 1444 1477
f 1477 1444 1450
f 1477 1450 1487
f 1487 1450 1456
f 1487 1456 1502
f 1502 1456 1495
f 1587 1572 1590
f 1590 1572 1530
f 1590 1530 1579
f 1579 1530 1543
f 1579 1543 1591
f 1591 1543 1531
f 1591 1531 1546
f 1546 1531 1516
f 1546 1516 1504
f 1495 1505 1502
f 1502 1505 1511
f 1502 1511 1514
f 1514 1511 1534
f 1514 1534 1547
f 624 1431 616
f 616 1431 1426
f 615 1425 623
f 623 1425 1430
f 750 1692 760
f 760 1692 1697
f 761 1698 751
f 751 1698 1693
f 659 1083 1085
f 659 1085 661
f 661 1085 1089
f 661 1089 663
f 663 1089 1093
f 663 1093 665
f 1114 714 712
f 1114 712 1112
f 1112 712 710
f 1112 710 1108
f 1108 710 708
f 1108 708 1104
f 1084 660 662
f 1084 662 1086
f 1086 662 664
f 1086 664 1090
f 1090 664 666
f 1090 666 1094
f 715 1115 1113
f 715 1113 713
f 713 1113 1109
f 713 1109 711
f 711 1109 1105
f 711 1105 709
f 1808 2084 1806
f 1806 2084 2082
f 1806 2082 1802
f 1802 2082 2076
f 1802 2076 1794
f 1794 2076 2070
f 1794 2070 1786
f 1786 2070 2064
f 1786 2064 1782
f 1782 2064 2055
f 1782 2055 1778
f 1778 2055 2045
f 1778 2045 1781
f 1781 2045 2054
f 1781 2054 1785
f 1785 2054 2063
f 1785 2063 1793
f 1793 2063 2069
f 1793 2069 1801
f 1801 2069 2075
f 1801 2075 1805
f 1805 2075 2081
f 1805 2081 1808
f 1808 2081 2084
f 1860 2151 1858
f 1858 2151 2149
f 1858 2149 1854
f 1854 2149 2140
f 1854 2140 1846
f 1846 2140 2132
f 1846 2132 1838
f 1838 2132 2126
f 1838 2126 1834
f 1834 2126 2120
f 1834 2120 1830
f 1830 2120 2116
f 1830 2116 1833
f 1833 2116 2119
f 1833 2119 1837
f 1837 2119 2125
f 1837 2125 1845
f 1845 2125 2131
f 1845 2131 1853
f 1853 2131 2139
f 1853 2139 1857
f 1857 2139 2148
f 1857 2148 1860
f 1860 2148 2151
f 1891 2204 1890
f 1890 2204 2195
f 1890 2195 1888
f 1888 2195 2189
f 1888 2189 1884
f 1884 2189 2181
f 1884 2181 1880
f 1880 2181 2175
f 1880 2175 1878
f 1878 2175 2169
f 1878 2169 1876
f 1876 2169 2163
f 1876 2163 1877
f 1877 2163 2168
f 1877 2168 1879
f 1879 2168 2174
f 1879 2174 1883
f 1883 2174 2180
f 1883 2180 1887
f 1887 2180 2188
f 1887 2188 1889
f 1889 2188 2194
f 1889 2194 1891
f 1891 2194 2204
f 1859 2150 1856
f 1856 2150 2147
f 1856 2147 1852
f 1852 2147 2138
f 1852 2138 1844
f 1844 2138 2130
f 1844 2130 1836
f 1836 2130 2124
f 1836 2124 1832
f 1832 2124 2118
f 1832 2118 1829
f 1829 2118 2115
f 1829 2115 1831
f 1831 2115 2117
f 1831 2117 1835
f 1835 2117 2123
f 1835 2123 1843
f 1843 2123 2129
f 1843 2129 1851
f 1851 2129 2137
f 1851 2137 1855
f 1855 2137 2146
f 1855 2146 1859
f 1859 2146 2150
f 1807 2083 1804
f 1804 2083 2080
f 1804 2080 1800
f 1800 2080 2074
f 1800 2074 1792
f 1792 2074 2068
f 1792 2068 1784
f 1784 2068 2062
f 1784 2062 1780
f 1780 2062 2053
f 1780 2053 1777
f 1777 2053 2044
f 1777 2044 1779
f 1779 2044 2052
f 1779 2052 1783
f 1783 2052 2061
f 1783 2061 1791
f 1791 2061 2067
f 1791 2067 1799
f 1799 2067 2073
f 1799 2073 1803
f 1803 2073 2079
f 1803 2079 1807
f 1807 2079 2083
f 1761 2033 1760
f 1760 2033 2028
f 1760 2028 1758
f 1758 2028 2020
f 1758 2020 1754
f 1754 2020 2014
f 1754 2014 1750
f 1750 2014 2008
f 1750 2008 1748
f 1748 2008 2002
f 1748 2002 1746
f 1746 2002 1992
f 1746 1992 1747
f 1747 1992 2001
f 1747 2001 1749
f 1749 2001 2007
f 1749 2007 1753
f 1753 2007 2013
f 1753 2013 1757
f 1757 2013 2019
f 1757 2019 1759
f 1759 2019 2027
f 1759 2027 1761
f 1761 2027 2033
f 1066 1055 1178
f 1178 1055 1211
f 1241 1209 1265
f 1265 1209 1263
f 1265 1263 1295
f 1295 1263 1301
f 1301 1263 1300
f 1301 1300 1292
f 1292 1300 1262
f 1292 1262 1264
f 1264 1262 1238
f 1238 1262 1208
f 1238 1208 1210
f 1210 1208 1181
f 1181 1208 1025
f 1181 1025 1048
f 1048 1025 998
f 998 1025 959
f 998 959 961
f 904 906 959
f 959 906 931
f 959 931 961
f 905 907 869
f 869 907 903
f 903 880 869
f 869 880 875
f 869 875 904
f 904 875 884
f 904 884 906
f 1241 1211 1209
f 1209 1211 1055
f 1209 1055 1026
f 1026 1055 960
f 1055 1002 960
f 960 1002 962
f 960 962 905
f 905 962 956
f 905 956 907
f 876 874 883
f 883 874 915
f 883 915 913
f 913 915 934
f 934 915 970
f 934 970 968
f 968 970 997
f 997 970 1173
f 997 1173 1150
f 1150 1173 1180
f 1180 1173 1219
f 1180 1219 1217
f 1273 1271 1219
f 1219 1271 1243
f 1219 1243 1217
f 1272 1294 1305
f 1305 1294 1304
f 1305 1304 1273
f 1273 1304 1297
f 1273 1297 1271
f 1172 1216 1218
f 1218 1216 1240
f 1218 1240 1272
f 1272 1240 1270
f 1272 1270 1294
f 1143 1132 1183
f 1183 1216 1143
f 1143 1216 1172
f 1143 1172 1001
f 1001 1172 969
f 1001 969 995
f 914 957 969
f 969 957 967
f 969 967 995
f 876 873 874
f 874 873 878
f 874 878 914
f 914 878 912
f 914 912 957
f 882 910 911
f 965 999 966
f 966 999 1100
f 911 910 966
f 966 910 932
f 966 932 965
f 882 911 871
f 871 911 870
f 871 870 881
f 881 870 909
f 881 909 908
f 908 909 933
f 933 909 964
f 933 964 963
f 963 964 996
f 996 964 1098
f 996 1098 1097
f 1097 1098 1179
f 1179 1098 1213
f 1179 1213 1212
f 1267 1266 1213
f 1213 1266 1242
f 1213 1242 1212
f 1269 1293 1302
f 1302 1293 1303
f 1302 1303 1267
f 1267 1303 1296
f 1267 1296 1266
f 1215 1239 1269
f 1269 1239 1268
f 1269 1268 1293
f 999 1099 1100
f 1100 1099 1182
f 1100 1182 1215
f 1215 1182 1214
f 1215 1214 1239
f 1078 2035 1074
f 1074 2035 2032
f 1074 2032 1070
f 1070 2032 2024
f 1070 2024 1063
f 1063 2024 2018
f 1063 2018 1052
f 1052 2018 2012
f 1052 2012 1045
f 1045 2012 2006
f 1045 2006 1039
f 1039 2006 2000
f 1039 2000 1044
f 1044 2000 2005
f 1044 2005 1051
f 1051 2005 2011
f 1051 2011 1062
f 1062 2011 2017
f 1062 2017 1069
f 1069 2017 2023
f 1069 2023 1073
f 1073 2023 2031
f 1073 2031 1078
f 1078 2031 2035
f 1159 2196 1154
f 1154 2196 2191
f 1154 2191 1147
f 1147 2191 2185
f 1147 2185 1136
f 1136 2185 2177
f 1136 2177 1129
f 1129 2177 2171
f 1129 2171 1125
f 1125 2171 2165
f 1125 2165 1120
f 1120 2165 2161
f 1120 2161 1124
f 1124 2161 2164
f 1124 2164 1128
f 1128 2164 2170
f 1128 2170 1135
f 1135 2170 2176
f 1135 2176 1146
f 1146 2176 2184
f 1146 2184 1153
f 1153 2184 2190
f 1153 2190 1159
f 1159 2190 2196
f 1077 2034 1072
f 1072 2034 2030
f 1072 2030 1068
f 1068 2030 2022
f 1068 2022 1061
f 1061 2022 2016
f 1061 2016 1050
f 1050 2016 2010
f 1050 2010 1043
f 1043 2010 2004
f 1043 2004 1038
f 1038 2004 1999
f 1038 1999 1042
f 1042 1999 2003
f 1042 2003 1049
f 1049 2003 2009
f 1049 2009 1060
f 1060 2009 2015
f 1060 2015 1067
f 1067 2015 2021
f 1067 2021 1071
f 1071 2021 2029
f 1071 2029 1077
f 1077 2029 2034
f 1160 2197 1156
f 1156 2197 2193
f 1156 2193 1149
f 1149 2193 2187
f 1149 2187 1138
f 1138 2187 2179
f 1138 2179 1131
f 1131 2179 2173
f 1131 2173 1127
f 1127 2173 2167
f 1127 2167 1121
f 1121 2167 2162
f 1121 2162 1126
f 1126 2162 2166
f 1126 2166 1130
f 1130 2166 2172
f 1130 2172 1137
f 1137 2172 2178
f 1137 2178 1148
f 1148 2178 2186
f 1148 2186 1155
f 1155 2186 2192
f 1155 2192 1160
f 1160 2192 2197
f 1419 1413 1904
f 1421 1415 1972
f 1420 1414 1936
f 1936 1414 1926
f 1926 1414 1408
f 1926 1408 1381
f 1203 1004 580
f 1381 1354 1926
f 1926 1354 1317
f 1926 1317 1245
f 1004 972 580
f 580 972 929
f 580 929 854
f 854 816 580
f 580 816 780
f 580 780 685
f 582 792 584
f 584 792 819
f 584 819 867
f 867 936 584
f 584 936 975
f 584 975 1103
f 1946 1206 1248
f 1248 1320 1946
f 1946 1320 1357
f 1946 1357 1390
f 1390 1411 1946
f 1946 1411 1417
f 1946 1417 1936
f 1936 1417 1423
f 1936 1423 1420
f 1972 1415 1974
f 1974 1415 1409
f 1974 1409 1382
f 1204 1005 597
f 1382 1355 1974
f 1974 1355 1318
f 1974 1318 1246
f 1204 597 1246
f 1005 973 597
f 597 973 930
f 597 930 855
f 855 817 597
f 597 817 781
f 597 781 767
f 595 793 593
f 593 793 820
f 593 820 868
f 868 937 593
f 593 937 976
f 593 976 1175
f 1970 1207 1249
f 1249 1321 1970
f 1970 1321 1358
f 1970 1358 1391
f 1391 1412 1970
f 1970 1412 1418
f 1970 1418 1972
f 1972 1418 1424
f 1972 1424 1421
f 1904 1413 1906
f 1906 1413 1407
f 1906 1407 1380
f 1202 1003 571
f 1380 1353 1906
f 1906 1353 1316
f 1906 1316 1244
f 1202 571 1244
f 1003 971 571
f 571 971 928
f 571 928 853
f 853 815 571
f 571 815 779
f 571 779 611
f 608 791 568
f 568 791 818
f 568 818 866
f 866 935 568
f 568 935 974
f 568 974 1021
f 1021 1205 1902
f 1902 1205 1247
f 1247 1319 1902
f 1902 1319 1356
f 1902 1356 1389
f 1389 1410 1902
f 1902 1410 1416
f 1902 1416 1904
f 1904 1416 1422
f 1904 1422 1419
f 1244 571 1906
f 1906 571 573
f 1906 573 1908
f 1908 573 575
f 1908 575 1910
f 1910 575 577
f 1910 577 1912
f 1912 577 579
f 1912 579 1925
f 1925 579 581
f 1925 581 1935
f 1935 581 583
f 1935 583 1945
f 1945 583 585
f 1945 585 1957
f 1957 585 587
f 1957 587 1964
f 1964 587 589
f 1964 589 1966
f 1966 589 591
f 1966 591 1968
f 1968 591 593
f 1968 593 1970
f 1970 593 1175
f 1970 1175 1207
f 1021 1902 568
f 568 1902 1900
f 568 1900 566
f 566 1900 1898
f 566 1898 564
f 564 1898 1897
f 564 1897 565
f 1897 1899 565
f 565 1899 1901
f 565 1901 567
f 567 1901 1903
f 567 1903 569
f 569 1903 1905
f 569 1905 570
f 570 1905 1907
f 570 1907 572
f 572 1907 1909
f 572 1909 574
f 574 1909 1911
f 574 1911 576
f 576 1911 1913
f 576 1913 578
f 578 1913 1926
f 578 1926 580
f 580 1926 1245
f 580 1245 1203
f 1246 597 1974
f 1974 597 599
f 1974 599 1976
f 1976 599 601
f 1976 601 1978
f 1978 601 600
f 1978 600 1977
f 1977 600 598
f 1977 598 1975
f 1975 598 596
f 1975 596 1973
f 1973 596 594
f 1973 594 1971
f 1971 594 592
f 1971 592 1969
f 1969 592 590
f 1969 590 1967
f 1967 590 588
f 1967 588 1965
f 1965 588 586
f 1965 586 1958
f 1958 586 584
f 1958 584 1946
f 1946 584 1103
f 1946 1103 1206
f 519 525 537
f 372 387 386
f 241 249 239
f 239 249 237
f 547 537 546
f 546 537 538
f 546 538 544
f 544 538 526
f 544 526 520
f 264 270 240
f 240 270 274
f 246 244 252
f 321 386 362
f 362 386 391
f 504 512 508
f 247 273 277
f 237 249 238
f 238 249 248
f 238 248 240
f 240 248 258
f 240 258 264
f 514 519 543
f 543 519 537
f 543 537 545
f 545 537 547
f 505 501 503
f 499 497 483
f 483 497 493
f 483 493 448
f 448 493 485
f 448 485 401
f 252 244 256
f 256 244 242
f 256 242 262
f 262 242 240
f 262 240 278
f 278 240 274
f 278 274 282
f 372 386 347
f 447 484 482
f 482 484 492
f 482 492 498
f 514 543 512
f 512 543 521
f 512 521 508
f 520 515 544
f 544 515 513
f 544 513 509
f 509 513 505
f 509 505 507
f 507 505 503
f 509 522 544
f 544 522 530
f 544 530 542
f 542 530 534
f 542 534 540
f 540 534 532
f 540 532 528
f 528 532 524
f 528 524 499
f 499 524 511
f 499 511 497
f 333 302 323
f 323 302 306
f 277 273 289
f 289 273 291
f 289 291 295
f 295 291 322
f 295 322 303
f 303 322 363
f 303 363 392
f 259 249 265
f 265 249 241
f 265 241 271
f 271 241 275
f 282 286 278
f 278 286 284
f 278 284 280
f 333 347 302
f 302 347 386
f 302 386 294
f 294 386 321
f 294 321 288
f 288 321 290
f 288 290 276
f 276 290 272
f 276 272 260
f 260 272 246
f 260 246 254
f 254 246 252
f 391 386 400
f 400 386 398
f 400 398 447
f 447 398 399
f 447 399 417
f 417 439 447
f 447 439 453
f 447 453 484
f 492 496 498
f 498 496 510
f 498 510 527
f 527 510 523
f 527 523 539
f 539 523 531
f 539 531 541
f 541 531 533
f 541 533 543
f 543 533 529
f 543 529 521
f 506 502 508
f 508 502 500
f 508 500 504
f 464 485 479
f 306 310 323
f 323 310 314
f 323 314 316
f 469 470 472
f 479 477 464
f 464 477 473
f 464 473 471
f 440 424 401
f 390 383 392
f 392 383 361
f 285 287 281
f 281 287 283
f 281 283 279
f 279 283 275
f 279 275 263
f 263 275 241
f 263 241 257
f 257 241 243
f 257 243 253
f 253 243 245
f 253 245 255
f 255 245 247
f 255 247 261
f 261 247 277
f 453 463 484
f 484 463 469
f 484 469 478
f 478 469 472
f 478 472 476
f 485 464 401
f 401 464 454
f 401 454 440
f 424 404 401
f 401 404 395
f 401 395 392
f 392 395 393
f 392 393 390
f 361 348 392
f 392 348 334
f 392 334 303
f 318 317 315
f 334 324 303
f 303 324 318
f 303 318 307
f 307 318 315
f 307 315 311
f 2207 2198 2205
f 2196 2190 2198
f 2170 2164 2152
f 2152 2164 2161
f 2152 2161 2153
f 2153 2161 2165
f 2165 2171 2153
f 2153 2171 2177
f 2153 2177 2199
f 2199 2177 2185
f 2199 2185 2191
f 2198 2190 2205
f 2205 2190 2184
f 2205 2184 2182
f 2182 2184 2176
f 2182 2176 2159
f 2030 2034 2036
f 2010 2016 1994
f 1990 2025 2015
f 2015 2025 2021
f 2021 2025 2042
f 2021 2042 2029
f 2015 2009 1990
f 1990 2009 2003
f 1990 2003 1993
f 1993 2003 1999
f 1993 1999 1994
f 1994 1999 2004
f 1994 2004 2010
f 2043 2055 2064
f 2043 2064 2088
f 2088 2064 2070
f 2088 2070 2096
f 2096 2070 2076
f 2096 2076 2082
f 2069 2050 2075
f 2075 2050 2100
f 2075 2100 2081
f 2081 2100 2099
f 2081 2099 2084
f 2069 2063 2050
f 2050 2063 2054
f 2050 2054 2051
f 2051 2054 2045
f 2116 2096 2099
f 2099 2096 2082
f 2099 2082 2084
f 2116 2120 2096
f 2096 2120 2126
f 2096 2126 2110
f 2110 2126 2132
f 2110 2132 2134
f 2134 2132 2158
f 2132 2140 2158
f 2158 2140 2149
f 2158 2149 2157
f 2149 2151 2157
f 2157 2151 2148
f 2157 2148 2156
f 2148 2139 2156
f 2156 2139 2131
f 2156 2131 2100
f 2100 2131 2125
f 2100 2125 2099
f 2099 2125 2119
f 2099 2119 2116
f 2211 2213 2200
f 2200 2213 2204
f 2200 2204 2194
f 2194 2188 2200
f 2200 2188 2180
f 2200 2180 2154
f 2154 2180 2174
f 2174 2168 2154
f 2154 2168 2163
f 2154 2163 2155
f 2155 2163 2169
f 2155 2169 2175
f 2201 2181 2189
f 2213 2215 2204
f 2204 2215 2201
f 2204 2201 2195
f 2195 2201 2189
f 2146 2152 2150
f 2150 2152 2153
f 2150 2153 2147
f 2147 2153 2138
f 2146 2137 2152
f 2152 2137 2129
f 2152 2129 2102
f 2129 2123 2102
f 2102 2123 2117
f 2102 2117 2101
f 2101 2117 2115
f 2101 2115 2118
f 2130 2113 2124
f 2124 2113 2111
f 2124 2111 2118
f 2111 2107 2118
f 2118 2107 2105
f 2118 2105 2101
f 2101 2105 2103
f 2101 2103 2097
f 2046 2102 2067
f 2067 2102 2073
f 2062 2048 2053
f 2053 2048 2047
f 2062 2068 2071
f 2071 2068 2077
f 2097 2080 2101
f 2101 2080 2083
f 2101 2083 2102
f 2102 2083 2079
f 2102 2079 2073
f 2097 2093 2080
f 2080 2093 2091
f 2080 2091 2074
f 2074 2091 2089
f 2074 2089 2068
f 2068 2089 2085
f 2068 2085 2077
f 2052 2044 2037
f 2067 2061 2046
f 2046 2061 2052
f 2046 2052 2036
f 2036 2052 2037
f 2036 2037 2030
f 2030 2037 2022
f 1992 2002 1996
f 1996 2002 2008
f 1996 2008 2014
f 2020 2028 2039
f 2039 2028 2033
f 2039 2033 2038
f 2038 2033 2027
f 2038 2027 2019
f 2019 2013 1995
f 1995 2013 2007
f 2007 2001 1995
f 1995 2001 1992
f 1995 1992 1980
f 1998 1991 1989
f 1989 1987 1998
f 1998 1987 1985
f 1998 1985 1997
f 1997 1985 1983
f 1997 1983 1996
f 1996 1983 1981
f 1996 1981 1992
f 1992 1981 1979
f 1992 1979 1980
f 2017 2011 1998
f 1991 2012 2026
f 2026 2012 2018
f 2026 2018 2043
f 2035 2041 2032
f 2032 2041 2043
f 2032 2043 2024
f 2024 2043 2018
f 2011 2005 1998
f 1998 2005 2000
f 1998 2000 1991
f 1991 2000 2006
f 1991 2006 2012
f 2035 2031 2041
f 2041 2031 2023
f 2041 2023 2017
f 2179 2187 2206
f 2178 2172 2157
f 2172 2166 2157
f 2157 2166 2162
f 2157 2162 2158
f 2162 2167 2158
f 2158 2167 2173
f 2158 2173 2160
f 2160 2173 2179
f 2160 2179 2183
f 2183 2179 2206
f 2203 2186 2178
f 2187 2193 2206
f 2206 2193 2197
f 2206 2197 2203
f 2203 2197 2192
f 2203 2192 2186
f 2215 2214 2201
f 2201 2214 2212
f 2201 2212 2202
f 2202 2212 2210
f 2202 2210 2203
f 2203 2210 2208
f 2203 2208 2206
f 2191 2196 2199
f 2199 2196 2198
f 2199 2198 2209
f 2209 2198 2207
f 2176 2170 2159
f 2159 2170 2152
f 2159 2152 2133
f 2133 2152 2102
f 2133 2102 2109
f 2034 2029 2036
f 2036 2029 2042
f 2036 2042 2046
f 2046 2042 2087
f 2046 2087 2102
f 2102 2087 2095
f 2102 2095 2109
f 1980 1982 1995
f 1995 1982 1984
f 1995 1984 1994
f 1994 1984 1986
f 1994 1986 1993
f 1993 1986 1988
f 1993 1988 1990
f 2062 2071 2048
f 2048 2071 2065
f 2048 2065 2059
f 2059 2057 2048
f 2048 2057 2056
f 2048 2056 2049
f 2049 2056 2058
f 2049 2058 2060
f 2136 2142 2155
f 2141 2135 2154
f 2154 2135 2127
f 2154 2127 2130
f 2130 2127 2121
f 2130 2121 2113
f 2142 2144 2155
f 2155 2144 2145
f 2155 2145 2154
f 2154 2145 2143
f 2154 2143 2141
f 2100 2104 2106
f 2100 2106 2156
f 2156 2106 2108
f 2156 2108 2112
f 2112 2114 2156
f 2156 2114 2122
f 2156 2122 2155
f 2155 2122 2128
f 2155 2128 2136
f 2086 2090 2050
f 2060 2066 2049
f 2049 2066 2072
f 2049 2072 2050
f 2050 2072 2078
f 2050 2078 2086
f 2090 2092 2050
f 2050 2092 2094
f 2050 2094 2100
f 2100 2094 2098
f 2100 2098 2104
f 2019 1995 2038
f 2038 1995 1994
f 2038 1994 2037
f 2037 1994 2016
f 2037 2016 2022
f 2209 2211 2199
f 2199 2211 2200
f 2199 2200 2153
f 2153 2200 2154
f 2153 2154 2138
f 2138 2154 2130
f 2017 1998 2041
f 2041 1998 1997
f 2041 1997 2040
f 2040 1997 1996
f 2040 1996 2039
f 2039 1996 2014
f 2039 2014 2020
f 2055 2043 2045
f 2045 2043 2041
f 2045 2041 2051
f 2051 2041 2040
f 2051 2040 2050
f 2050 2040 2039
f 2050 2039 2049
f 2049 2039 2038
f 2049 2038 2048
f 2048 2038 2037
f 2048 2037 2047
f 2047 2037 2044
f 2047 2044 2053
f 2178 2157 2203
f 2203 2157 2156
f 2203 2156 2202
f 2202 2156 2155
f 2202 2155 2201
f 2201 2155 2175
f 2201 2175 2181
f 1431 1429 1426
f 1426 1429 1427
f 1426 1427 1425
f 1425 1427 1428
f 1425 1428 1430
f 616 1426 615
f 615 1426 1425
f 683 1554 682
f 682 1554 1553
f 682 1553 691
f 691 1553 1569
f 691 1569 692
f 692 1569 1570
f 760 1697 761
f 761 1697 1698
f 1915 1700 1914
f 1914 1700 1699
f 1914 1699 1916
f 1916 1699 1701
f 1916 1701 1918
f 1918 1701 1703
f 1918 1703 1920
f 1920 1703 1705
f 1920 1705 1922
f 1922 1705 1707
f 1922 1707 1924
f 1924 1707 1709
f 1924 1709 1928
f 1928 1709 1711
f 1928 1711 1930
f 1930 1711 1713
f 1930 1713 1932
f 1932 1713 1715
f 1932 1715 1934
f 1934 1715 1717
f 1934 1717 1938
f 1938 1717 1719
f 1938 1719 1940
f 1940 1719 1721
f 1940 1721 1942
f 1942 1721 1723
f 1942 1723 1944
f 1944 1723 1725
f 1944 1725 1948
f 1948 1725 1727
f 1948 1727 1950
f 1950 1727 1729
f 1950 1729 1952
f 1952 1729 1731
f 1952 1731 1954
f 1954 1731 1733
f 1954 1733 1956
f 1956 1733 1735
f 1956 1735 1960
f 1960 1735 1737
f 1960 1737 1962
f 1962 1737 1739
f 1962 1739 1963
f 1963 1739 1740
f 1963 1740 1961
f 1961 1740 1738
f 1961 1738 1959
f 1959 1738 1736
f 1959 1736 1955
f 1955 1736 1734
f 1955 1734 1953
f 1953 1734 1732
f 1953 1732 1951
f 1951 1732 1730
f 1951 1730 1949
f 1949 1730 1728
f 1949 1728 1947
f 1947 1728 1726
f 1947 1726 1943
f 1943 1726 1724
f 1943 1724 1941
f 1941 1724 1722
f 1941 1722 1939
f 1939 1722 1720
f 1939 1720 1937
f 1937 1720 1718
f 1937 1718 1933
f 1933 1718 1716
f 1933 1716 1931
f 1931 1716 1714
f 1931 1714 1929
f 1929 1714 1712
f 1929 1712 1927
f 1927 1712 1710
f 1927 1710 1923
f 1923 1710 1708
f 1923 1708 1921
f 1921 1708 1706
f 1921 1706 1919
f 1919 1706 1704
f 1919 1704 1917
f 1917 1704 1702
f 1917 1702 1915
f 1915 1702 1700
f 1115 715 1117
f 1117 715 719
f 1117 719 1123
f 1123 719 721
f 1123 721 1134
f 1134 721 723
f 1134 723 1158
f 1158 723 739
f 1158 739 1164
f 1164 739 749
f 1164 749 1168
f 1168 749 755
f 1168 755 1170
f 1170 755 757
f 1170 757 1166
f 1166 757 753
f 1166 753 1162
f 1162 753 745
f 1162 745 1152
f 1152 745 737
f 1127 1117 1131
f 1131 1117 1123
f 1131 1123 1138
f 1138 1123 1134
f 1138 1134 1149
f 1140 1139 1137
f 1105 1109 1121
f 1121 1109 1113
f 1121 1113 1127
f 1127 1113 1115
f 1127 1115 1117
f 1134 1158 1149
f 1149 1158 1164
f 1149 1164 1156
f 1156 1164 1168
f 1156 1168 1160
f 1160 1168 1170
f 1160 1170 1155
f 1130 1119 1126
f 1126 1119 1111
f 1126 1111 1121
f 1121 1111 1107
f 1121 1107 1105
f 1130 1137 1119
f 1119 1137 1139
f 1119 1139 1141
f 1141 1139 1142
f 1170 1166 1155
f 1155 1166 1162
f 1155 1162 1148
f 1148 1162 1152
f 1148 1152 1137
f 1137 1152 1145
f 1137 1145 1140
f 1047 640 1037
f 1037 640 630
f 1037 630 1033
f 1033 630 622
f 1033 622 1029
f 1029 622 618
f 1029 618 1031
f 1031 618 620
f 1031 620 1035
f 1035 620 626
f 1035 626 1041
f 1041 626 638
f 1041 638 1065
f 1065 638 652
f 1065 652 1076
f 1076 652 656
f 1076 656 1082
f 1082 656 658
f 1082 658 1084
f 1084 658 660
f 1045 1035 1052
f 1052 1035 1041
f 1052 1041 1063
f 1063 1041 1065
f 1063 1065 1070
f 1059 1062 1069
f 1051 1037 1044
f 1044 1037 1033
f 1044 1033 1039
f 1039 1033 1029
f 1039 1029 1045
f 1045 1029 1031
f 1045 1031 1035
f 1065 1076 1070
f 1070 1076 1082
f 1070 1082 1074
f 1074 1082 1084
f 1074 1084 1078
f 1078 1084 1086
f 1078 1086 1090
f 1090 1094 1078
f 1078 1094 1092
f 1078 1092 1073
f 1073 1092 1088
f 1073 1088 1069
f 1069 1088 1080
f 1069 1080 1059
f 1059 1080 1057
f 1059 1057 1056
f 1059 1058 1062
f 1062 1058 1054
f 1062 1054 1051
f 1051 1054 1047
f 1051 1047 1037
f 1151 736 1161
f 1161 736 744
f 1161 744 1165
f 1165 744 752
f 1165 752 1169
f 1169 752 756
f 1169 756 1167
f 1167 756 754
f 1167 754 1163
f 1163 754 748
f 1163 748 1157
f 1157 748 738
f 1157 738 1133
f 1133 738 722
f 1133 722 1122
f 1122 722 720
f 1122 720 1116
f 1116 720 718
f 1116 718 1114
f 1114 718 714
f 1132 1136 1118
f 1118 1136 1129
f 1118 1129 1110
f 1110 1129 1125
f 1110 1125 1106
f 1106 1125 1120
f 1106 1120 1104
f 1104 1120 1108
f 1132 1143 1136
f 1136 1143 1144
f 1136 1144 1147
f 1144 1151 1147
f 1147 1151 1161
f 1147 1161 1154
f 1154 1161 1165
f 1154 1165 1159
f 1159 1165 1169
f 1159 1169 1153
f 1128 1116 1124
f 1124 1116 1114
f 1124 1114 1120
f 1120 1114 1112
f 1120 1112 1108
f 1169 1167 1153
f 1153 1167 1163
f 1153 1163 1146
f 1146 1163 1157
f 1146 1157 1135
f 1135 1157 1133
f 1135 1133 1128
f 1128 1133 1122
f 1128 1122 1116
f 1083 659 1081
f 1081 659 657
f 1081 657 1075
f 1075 657 655
f 1075 655 1064
f 1064 655 651
f 1064 651 1040
f 1040 651 637
f 1040 637 1034
f 1034 637 625
f 1034 625 1030
f 1030 625 619
f 1030 619 1028
f 1028 619 617
f 1028 617 1032
f 1032 617 621
f 1032 621 1036
f 1036 621 629
f 1036 629 1046
f 1046 629 639
f 1049 1034 1042
f 1042 1034 1030
f 1042 1030 1038
f 1038 1030 1028
f 1038 1028 1043
f 1053 1055 1066
f 1071 1081 1067
f 1067 1081 1075
f 1067 1075 1060
f 1060 1075 1064
f 1060 1064 1049
f 1049 1064 1040
f 1049 1040 1034
f 1093 1089 1077
f 1077 1089 1085
f 1077 1085 1071
f 1071 1085 1083
f 1071 1083 1081
f 1028 1032 1043
f 1043 1032 1036
f 1043 1036 1050
f 1050 1036 1046
f 1050 1046 1061
f 1046 1053 1061
f 1061 1053 1066
f 1061 1066 1068
f 1068 1066 1079
f 1068 1079 1072
f 1072 1079 1087
f 1072 1087 1077
f 1077 1087 1091
f 1077 1091 1093
f 1002 1055 1053
f 647 956 643
f 643 956 962
f 643 962 1002
f 649 645 875
f 875 880 649
f 649 880 903
f 649 903 647
f 647 903 907
f 647 907 956
f 1002 1053 643
f 643 1053 1046
f 643 1046 639
f 726 912 724
f 724 912 878
f 724 878 728
f 728 878 873
f 728 873 876
f 1144 1143 1001
f 1001 995 730
f 730 995 967
f 730 967 726
f 726 967 957
f 726 957 912
f 1001 730 1144
f 1144 730 736
f 1144 736 1151
f 640 1047 1054
f 640 1054 644
f 644 1054 1058
f 644 1058 648
f 648 1058 1059
f 648 1059 650
f 650 1059 1056
f 650 1056 646
f 1152 737 731
f 1152 731 1145
f 1145 731 727
f 1145 727 1140
f 1140 727 725
f 1140 725 1139
f 1139 725 729
f 1139 729 1142
f 901 892 897
f 1200 1101 1236
f 1236 1101 1277
f 1236 1277 1284
f 1284 1277 1290
f 1384 1366 1374
f 1374 1366 1363
f 1374 1363 1277
f 1277 1363 1328
f 1277 1328 1290
f 1384 1374 1393
f 1393 1374 1404
f 1393 1404 1399
f 1378 1387 1373
f 1373 1387 1396
f 1373 1396 1404
f 1404 1396 1403
f 1404 1403 1399
f 1276 1281 1373
f 1373 1281 1287
f 1373 1287 1325
f 1325 1360 1373
f 1373 1360 1369
f 1373 1369 1378
f 1007 1096 1095
f 1095 1096 1197
f 1095 1197 1276
f 1276 1197 1233
f 1276 1233 1281
f 886 889 896
f 896 889 939
f 896 939 1095
f 1095 939 978
f 1095 978 1007
f 789 807 799
f 799 807 810
f 799 810 896
f 896 810 846
f 896 846 886
f 789 799 783
f 783 799 687
f 783 687 774
f 795 786 800
f 800 786 777
f 800 777 687
f 687 777 689
f 687 689 774
f 892 850 897
f 897 850 813
f 897 813 800
f 800 813 804
f 800 804 795
f 1200 1102 1101
f 1101 1102 981
f 1101 981 897
f 897 981 942
f 897 942 901
f 1098 1095 1213
f 1213 1095 1276
f 1213 1276 1267
f 1267 1276 1373
f 1267 1373 1302
f 1302 1373 1404
f 1302 1404 1269
f 1269 1404 1374
f 1269 1374 1215
f 1215 1374 1277
f 1215 1277 1100
f 1100 1277 1101
f 1100 1101 966
f 966 1101 897
f 966 897 911
f 911 897 800
f 911 800 870
f 870 800 687
f 870 687 909
f 909 687 799
f 909 799 964
f 964 799 896
f 964 896 1098
f 1098 896 1095
f 902 893 898
f 1201 1171 1237
f 1237 1171 1278
f 1237 1278 1285
f 1285 1278 1291
f 1385 1367 1375
f 1375 1367 1364
f 1375 1364 1278
f 1278 1364 1329
f 1278 1329 1291
f 1385 1375 1394
f 1394 1375 1405
f 1394 1405 1400
f 1379 1388 1376
f 1376 1388 1397
f 1376 1397 1405
f 1405 1397 1406
f 1405 1406 1400
f 1279 1282 1376
f 1376 1282 1288
f 1376 1288 1326
f 1326 1361 1376
f 1376 1361 1370
f 1376 1370 1379
f 1008 1177 1176
f 1176 1177 1198
f 1176 1198 1279
f 1279 1198 1234
f 1279 1234 1282
f 887 890 899
f 899 890 940
f 899 940 1176
f 1176 940 979
f 1176 979 1008
f 790 808 802
f 802 808 811
f 802 811 899
f 899 811 847
f 899 847 887
f 790 802 784
f 784 802 762
f 784 762 775
f 796 787 801
f 801 787 778
f 801 778 762
f 762 778 765
f 762 765 775
f 893 851 898
f 898 851 814
f 898 814 801
f 801 814 805
f 801 805 796
f 1201 1174 1171
f 1171 1174 982
f 1171 982 898
f 898 982 943
f 898 943 902
f 914 801 874
f 874 801 762
f 874 762 915
f 915 762 802
f 915 802 970
f 970 802 899
f 970 899 1173
f 1173 899 1176
f 1173 1176 1219
f 1219 1176 1279
f 1219 1279 1273
f 1273 1279 1376
f 1273 1376 1305
f 1305 1376 1405
f 1305 1405 1272
f 1272 1405 1375
f 1272 1375 1218
f 1218 1375 1278
f 1218 1278 1172
f 1172 1278 1171
f 1172 1171 969
f 969 1171 898
f 969 898 914
f 914 898 801
f 900 891 894
f 1199 1023 1235
f 1235 1023 1274
f 1235 1274 1283
f 1283 1274 1289
f 1383 1365 1371
f 1371 1365 1362
f 1371 1362 1274
f 1274 1362 1327
f 1274 1327 1289
f 1383 1371 1392
f 1392 1371 1402
f 1392 1402 1398
f 1377 1386 1372
f 1372 1386 1395
f 1372 1395 1402
f 1402 1395 1401
f 1402 1401 1398
f 1275 1280 1372
f 1372 1280 1286
f 1372 1286 1324
f 1324 1359 1372
f 1372 1359 1368
f 1372 1368 1377
f 1006 1024 1027
f 1027 1024 1196
f 1027 1196 1275
f 1275 1196 1232
f 1275 1232 1280
f 885 888 895
f 895 888 938
f 895 938 1027
f 1027 938 977
f 1027 977 1006
f 788 806 798
f 798 806 809
f 798 809 895
f 895 809 845
f 895 845 885
f 788 798 782
f 782 798 612
f 782 612 773
f 794 785 797
f 797 785 776
f 797 776 612
f 612 776 609
f 612 609 773
f 891 849 894
f 894 849 812
f 894 812 797
f 797 812 803
f 797 803 794
f 1199 1022 1023
f 1023 1022 980
f 1023 980 894
f 894 980 941
f 894 941 900
f 904 797 869
f 869 797 612
f 869 612 905
f 905 612 798
f 905 798 960
f 960 798 895
f 960 895 1026
f 1026 895 1027
f 1026 1027 1209
f 1209 1027 1275
f 1209 1275 1263
f 1263 1275 1372
f 1263 1372 1300
f 1300 1372 1402
f 1300 1402 1262
f 1262 1402 1371
f 1262 1371 1208
f 1208 1371 1274
f 1208 1274 1025
f 1025 1274 1023
f 1025 1023 959
f 959 1023 894
f 959 894 904
f 904 894 797
f 1434 1742 1438
f 1438 1742 1744
f 1438 1744 1444
f 1444 1744 1751
f 1444 1751 1450
f 1450 1751 1755
f 1450 1755 1456
f 1456 1755 1762
f 1456 1762 1460
f 1460 1762 1764
f 1460 1764 1464
f 1464 1764 1766
f 1464 1766 1461
f 1461 1766 1765
f 1461 1765 1457
f 1457 1765 1763
f 1457 1763 1451
f 1451 1763 1756
f 1451 1756 1445
f 1445 1756 1752
f 1445 1752 1439
f 1439 1752 1745
f 1439 1745 1435
f 561 628 624
f 624 628 1435
f 624 1435 1431
f 1431 1435 1745
f 1431 1745 1429
f 1429 1745 1743
f 1429 1743 1427
f 1427 1743 1741
f 1427 1741 1428
f 1428 1741 1742
f 1428 1742 1430
f 1430 1742 1434
f 1430 1434 623
f 623 1434 627
f 623 627 560
f 1753 1751 1749
f 1749 1751 1744
f 1749 1744 1747
f 1747 1744 1742
f 1747 1742 1746
f 1746 1742 1741
f 1746 1741 1748
f 1748 1741 1743
f 1748 1743 1750
f 1750 1743 1745
f 1750 1745 1754
f 1745 1752 1754
f 1754 1752 1756
f 1754 1756 1758
f 1758 1756 1763
f 1758 1763 1760
f 1760 1763 1765
f 1760 1765 1761
f 1761 1765 1766
f 1761 1766 1759
f 1759 1766 1764
f 1759 1764 1757
f 1757 1764 1762
f 1757 1762 1753
f 1753 1762 1755
f 1753 1755 1751
f 1499 1787 1501
f 1501 1787 1795
f 1501 1795 1513
f 1513 1795 1809
f 1513 1809 1528
f 1528 1809 1813
f 1528 1813 1542
f 1542 1813 1817
f 1542 1817 1529
f 1529 1817 1814
f 1529 1814 1514
f 1514 1814 1810
f 1514 1810 1502
f 1502 1810 1796
f 1502 1796 1487
f 1487 1796 1788
f 1487 1788 1477
f 1477 1788 1774
f 1477 1774 1471
f 1471 1774 1770
f 1471 1770 1467
f 1467 1770 1767
f 1467 1767 1469
f 1469 1767 1769
f 1087 1469 1091
f 1091 1469 1769
f 1091 1769 1093
f 1093 1769 1773
f 665 1093 669
f 669 1093 1773
f 669 1773 671
f 671 1773 1787
f 671 1787 673
f 673 1787 1499
f 673 1499 675
f 1791 1787 1783
f 1783 1787 1773
f 1783 1773 1779
f 1779 1773 1769
f 1779 1769 1777
f 1777 1769 1767
f 1777 1767 1780
f 1780 1767 1770
f 1780 1770 1784
f 1784 1770 1774
f 1784 1774 1792
f 1774 1788 1792
f 1792 1788 1796
f 1792 1796 1800
f 1800 1796 1810
f 1800 1810 1804
f 1804 1810 1814
f 1804 1814 1807
f 1807 1814 1817
f 1807 1817 1803
f 1803 1817 1813
f 1803 1813 1799
f 1799 1813 1809
f 1799 1809 1791
f 1791 1809 1795
f 1791 1795 1787
f 1865 1106 1861
f 1861 1106 1104
f 1110 1106 1651
f 1651 1106 1865
f 1651 1865 1653
f 1653 1865 1869
f 1653 1869 1649
f 1649 1869 1866
f 1649 1866 1643
f 1643 1866 1862
f 1643 1862 1631
f 1631 1862 1848
f 1631 1848 1618
f 1618 1848 1840
f 1618 1840 1606
f 1606 1840 1826
f 1606 1826 1589
f 1589 1826 1822
f 1589 1822 1578
f 1578 1822 1819
f 1578 1819 1588
f 1588 1819 1821
f 1588 1821 1605
f 1605 1821 1825
f 1605 1825 1617
f 1617 1825 1839
f 1617 1839 1621
f 1621 1839 1847
f 1621 1847 698
f 698 1847 702
f 702 1847 704
f 704 1847 1861
f 704 1861 706
f 706 1861 1104
f 706 1104 708
f 1843 1839 1835
f 1835 1839 1825
f 1835 1825 1831
f 1831 1825 1821
f 1831 1821 1829
f 1829 1821 1819
f 1829 1819 1832
f 1832 1819 1822
f 1832 1822 1836
f 1836 1822 1826
f 1836 1826 1844
f 1826 1840 1844
f 1844 1840 1848
f 1844 1848 1852
f 1852 1848 1862
f 1852 1862 1856
f 1856 1862 1866
f 1856 1866 1859
f 1859 1866 1869
f 1859 1869 1855
f 1855 1869 1865
f 1855 1865 1851
f 1851 1865 1861
f 1851 1861 1843
f 1843 1861 1847
f 1843 1847 1839
f 1689 1895 1685
f 1685 1895 1893
f 1685 1893 1679
f 1679 1893 1886
f 1679 1886 1673
f 1673 1886 1882
f 1673 1882 1665
f 1665 1882 1875
f 1665 1875 1661
f 1661 1875 1873
f 1661 1873 1657
f 1657 1873 1871
f 1657 1871 1660
f 1660 1871 1872
f 1660 1872 1664
f 1664 1872 1874
f 1664 1874 1672
f 1672 1874 1881
f 1672 1881 1678
f 1678 1881 1885
f 1678 1885 1684
f 1684 1885 1892
f 1684 1892 1688
f 562 746 750
f 750 746 1688
f 750 1688 1692
f 1692 1688 1892
f 1692 1892 1694
f 1694 1892 1894
f 1694 1894 1696
f 1696 1894 1896
f 1696 1896 1695
f 1695 1896 1895
f 1695 1895 1693
f 1693 1895 1689
f 1693 1689 751
f 751 1689 747
f 751 747 563
f 1884 1886 1888
f 1888 1886 1893
f 1888 1893 1890
f 1890 1893 1895
f 1890 1895 1891
f 1891 1895 1896
f 1891 1896 1889
f 1889 1896 1894
f 1889 1894 1887
f 1887 1894 1892
f 1887 1892 1883
f 1892 1885 1883
f 1883 1885 1881
f 1883 1881 1879
f 1879 1881 1874
f 1879 1874 1877
f 1877 1874 1872
f 1877 1872 1876
f 1876 1872 1871
f 1876 1871 1878
f 1878 1871 1873
f 1878 1873 1880
f 1880 1873 1875
f 1880 1875 1884
f 1884 1875 1882
f 1884 1882 1886
f 1622 1850 1620
f 1620 1850 1842
f 1620 1842 1608
f 1608 1842 1828
f 1608 1828 1591
f 1591 1828 1824
f 1591 1824 1579
f 1579 1824 1820
f 1579 1820 1590
f 1590 1820 1823
f 1590 1823 1607
f 1607 1823 1827
f 1607 1827 1619
f 1619 1827 1841
f 1619 1841 1632
f 1632 1841 1849
f 1632 1849 1644
f 1644 1849 1863
f 1644 1863 1650
f 1650 1863 1867
f 1650 1867 1654
f 1654 1867 1870
f 1654 1870 1652
f 1652 1870 1868
f 1111 1652 1107
f 1107 1652 1868
f 1107 1868 1105
f 1105 1868 1864
f 709 1105 707
f 707 1105 1864
f 707 1864 705
f 705 1864 1850
f 705 1850 703
f 703 1850 1622
f 703 1622 699
f 1845 1841 1837
f 1837 1841 1827
f 1837 1827 1833
f 1833 1827 1823
f 1833 1823 1830
f 1830 1823 1820
f 1830 1820 1834
f 1834 1820 1824
f 1834 1824 1838
f 1838 1824 1828
f 1838 1828 1846
f 1828 1842 1846
f 1846 1842 1850
f 1846 1850 1854
f 1854 1850 1864
f 1854 1864 1858
f 1858 1864 1868
f 1858 1868 1860
f 1860 1868 1870
f 1860 1870 1857
f 1857 1870 1867
f 1857 1867 1853
f 1853 1867 1863
f 1853 1863 1845
f 1845 1863 1849
f 1845 1849 1841
f 1772 1092 1776
f 1776 1092 1094
f 1088 1092 1470
f 1470 1092 1772
f 1470 1772 1468
f 1468 1772 1768
f 1468 1768 1472
f 1472 1768 1771
f 1472 1771 1478
f 1478 1771 1775
f 1478 1775 1488
f 1488 1775 1789
f 1488 1789 1503
f 1503 1789 1797
f 1503 1797 1515
f 1515 1797 1811
f 1515 1811 1530
f 1530 1811 1815
f 1530 1815 1543
f 1543 1815 1818
f 1543 1818 1531
f 1531 1818 1816
f 1531 1816 1516
f 1516 1816 1812
f 1516 1812 1504
f 1504 1812 1798
f 1504 1798 1500
f 1500 1798 1790
f 1500 1790 676
f 676 1790 674
f 674 1790 672
f 672 1790 1776
f 672 1776 670
f 670 1776 1094
f 670 1094 666
f 1794 1798 1802
f 1802 1798 1812
f 1802 1812 1806
f 1806 1812 1816
f 1806 1816 1808
f 1808 1816 1818
f 1808 1818 1805
f 1805 1818 1815
f 1805 1815 1801
f 1801 1815 1811
f 1801 1811 1793
f 1811 1797 1793
f 1793 1797 1789
f 1793 1789 1785
f 1785 1789 1775
f 1785 1775 1781
f 1781 1775 1771
f 1781 1771 1778
f 1778 1771 1768
f 1778 1768 1782
f 1782 1768 1772
f 1782 1772 1786
f 1786 1772 1776
f 1786 1776 1794
f 1794 1776 1790
f 1794 1790 1798
f 552 774 549
f 549 774 689
f 689 777 549
f 549 777 786
f 549 786 555
f 555 786 795
f 555 795 582
f 582 795 804
f 582 804 792
f 792 804 813
f 792 813 819
f 819 813 850
f 819 850 867
f 854 886 816
f 816 886 846
f 816 846 780
f 780 846 810
f 780 810 685
f 685 810 807
f 685 807 558
f 558 807 789
f 558 789 552
f 552 789 783
f 552 783 774
f 1004 1007 972
f 972 1007 978
f 972 978 929
f 929 978 939
f 929 939 854
f 854 939 889
f 854 889 886
f 1317 1281 1245
f 1245 1281 1233
f 1245 1233 1203
f 1203 1233 1197
f 1203 1197 1004
f 1004 1197 1096
f 1004 1096 1007
f 1408 1369 1381
f 1381 1369 1360
f 1381 1360 1354
f 1354 1360 1325
f 1354 1325 1317
f 1317 1325 1287
f 1317 1287 1281
f 1423 1403 1420
f 1420 1403 1396
f 1420 1396 1414
f 1414 1396 1387
f 1414 1387 1408
f 1408 1387 1378
f 1408 1378 1369
f 1390 1366 1411
f 1411 1366 1384
f 1411 1384 1417
f 1417 1384 1393
f 1417 1393 1423
f 1423 1393 1399
f 1423 1399 1403
f 1320 1290 1357
f 1357 1290 1328
f 1357 1328 1390
f 1390 1328 1363
f 1390 1363 1366
f 850 892 867
f 867 892 901
f 867 901 936
f 936 901 942
f 936 942 975
f 975 942 981
f 975 981 1103
f 1103 981 1102
f 1103 1102 1206
f 1206 1102 1200
f 1206 1200 1248
f 1248 1200 1236
f 1248 1236 1320
f 1320 1236 1284
f 1320 1284 1290
f 551 773 548
f 548 773 609
f 609 776 548
f 548 776 785
f 548 785 554
f 554 785 794
f 554 794 608
f 608 794 803
f 608 803 791
f 791 803 812
f 791 812 818
f 818 812 849
f 818 849 866
f 853 885 815
f 815 885 845
f 815 845 779
f 779 845 809
f 779 809 611
f 611 809 806
f 611 806 557
f 557 806 788
f 557 788 551
f 551 788 782
f 551 782 773
f 1003 1006 971
f 971 1006 977
f 971 977 928
f 928 977 938
f 928 938 853
f 853 938 888
f 853 888 885
f 1316 1280 1244
f 1244 1280 1232
f 1244 1232 1202
f 1202 1232 1196
f 1202 1196 1003
f 1003 1196 1024
f 1003 1024 1006
f 1407 1368 1380
f 1380 1368 1359
f 1380 1359 1353
f 1353 1359 1324
f 1353 1324 1316
f 1316 1324 1286
f 1316 1286 1280
f 1422 1401 1419
f 1419 1401 1395
f 1419 1395 1413
f 1413 1395 1386
f 1413 1386 1407
f 1407 1386 1377
f 1407 1377 1368
f 1389 1365 1410
f 1410 1365 1383
f 1410 1383 1416
f 1416 1383 1392
f 1416 1392 1422
f 1422 1392 1398
f 1422 1398 1401
f 1319 1289 1356
f 1356 1289 1327
f 1356 1327 1389
f 1389 1327 1362
f 1389 1362 1365
f 849 891 866
f 866 891 900
f 866 900 935
f 935 900 941
f 935 941 974
f 974 941 980
f 974 980 1021
f 1021 980 1022
f 1021 1022 1205
f 1205 1022 1199
f 1205 1199 1247
f 1247 1199 1235
f 1247 1235 1319
f 1319 1235 1283
f 1319 1283 1289
f 559 784 553
f 553 784 775
f 553 775 550
f 550 775 765
f 765 778 550
f 550 778 787
f 550 787 556
f 556 787 796
f 556 796 595
f 595 796 805
f 595 805 793
f 793 805 814
f 793 814 820
f 820 814 851
f 820 851 868
f 855 887 817
f 817 887 847
f 817 847 781
f 781 847 811
f 781 811 767
f 767 811 808
f 767 808 559
f 559 808 790
f 559 790 784
f 1005 1008 973
f 973 1008 979
f 973 979 930
f 930 979 940
f 930 940 855
f 855 940 890
f 855 890 887
f 1318 1282 1246
f 1246 1282 1234
f 1246 1234 1204
f 1204 1234 1198
f 1204 1198 1005
f 1005 1198 1177
f 1005 1177 1008
f 1409 1370 1382
f 1382 1370 1361
f 1382 1361 1355
f 1355 1361 1326
f 1355 1326 1318
f 1318 1326 1288
f 1318 1288 1282
f 1424 1406 1421
f 1421 1406 1397
f 1421 1397 1415
f 1415 1397 1388
f 1415 1388 1409
f 1409 1388 1379
f 1409 1379 1370
f 1391 1367 1412
f 1412 1367 1385
f 1412 1385 1418
f 1418 1385 1394
f 1418 1394 1424
f 1424 1394 1400
f 1424 1400 1406
f 1321 1291 1358
f 1358 1291 1329
f 1358 1329 1391
f 1391 1329 1364
f 1391 1364 1367
f 851 893 868
f 868 893 902
f 868 902 937
f 937 902 943
f 937 943 976
f 976 943 982
f 976 982 1175
f 1175 982 1174
f 1175 1174 1207
f 1207 1174 1201
f 1207 1201 1249
f 1249 1201 1237
f 1249 1237 1321
f 1321 1237 1285
f 1321 1285 1291
f 554 242 548
f 548 242 244
f 548 244 551
f 613 611 244
f 244 611 557
f 244 557 551
f 556 539 550
f 550 539 541
f 550 541 553
f 768 767 541
f 541 767 559
f 541 559 553
f 555 401 549
f 549 401 392
f 549 392 552
f 678 685 392
f 392 685 558
f 392 558 552
f 244 246 613
f 613 246 272
f 613 272 631
f 631 272 290
f 631 290 653
f 653 290 321
f 653 321 667
f 667 321 362
f 667 362 677
f 677 362 391
f 677 391 686
f 686 391 400
f 686 400 693
f 693 400 447
f 693 447 700
f 700 447 482
f 700 482 716
f 716 482 498
f 716 498 732
f 732 498 527
f 732 527 758
f 758 527 539
f 758 539 763
f 763 539 556
f 763 556 595
f 602 240 604
f 604 240 242
f 604 242 606
f 606 242 554
f 606 554 608
f 392 363 678
f 678 363 322
f 678 322 668
f 668 322 291
f 668 291 654
f 654 291 273
f 654 273 632
f 632 273 247
f 632 247 614
f 614 247 245
f 614 245 610
f 610 245 243
f 610 243 607
f 607 243 241
f 607 241 605
f 605 241 239
f 605 239 603
f 603 239 237
f 603 237 602
f 602 237 238
f 602 238 240
f 541 543 768
f 768 543 545
f 768 545 770
f 770 545 547
f 770 547 772
f 772 547 546
f 772 546 771
f 771 546 544
f 771 544 769
f 769 544 542
f 769 542 766
f 766 542 540
f 766 540 764
f 764 540 528
f 764 528 759
f 759 528 499
f 759 499 733
f 733 499 483
f 733 483 717
f 717 483 448
f 717 448 701
f 701 448 401
f 701 401 694
f 694 401 555
f 694 555 582
f 561 624 259
f 259 624 616
f 259 616 249
f 615 248 616
f 616 248 249
f 283 646 275
f 275 646 642
f 275 642 271
f 271 642 636
f 271 636 265
f 265 636 634
f 265 634 259
f 259 634 628
f 259 628 561
f 623 560 615
f 615 560 258
f 615 258 248
f 279 640 644
f 279 644 281
f 281 644 648
f 281 648 285
f 285 648 650
f 285 650 287
f 287 650 646
f 287 646 283
f 645 282 641
f 641 282 274
f 641 274 635
f 635 274 270
f 635 270 633
f 633 270 264
f 633 264 627
f 627 264 258
f 627 258 560
f 640 279 630
f 630 279 263
f 630 263 622
f 622 263 257
f 622 257 618
f 618 257 253
f 618 253 620
f 620 253 255
f 620 255 626
f 626 255 261
f 626 261 638
f 638 261 277
f 638 277 652
f 652 277 289
f 652 289 656
f 656 289 295
f 656 295 658
f 658 295 303
f 658 303 660
f 660 303 307
f 282 645 649
f 282 649 286
f 286 649 647
f 286 647 284
f 284 647 643
f 284 643 280
f 280 643 639
f 280 639 278
f 315 317 666
f 666 664 315
f 315 664 662
f 315 662 311
f 311 662 660
f 311 660 307
f 659 306 657
f 657 306 302
f 657 302 655
f 655 302 294
f 655 294 651
f 651 294 288
f 651 288 637
f 637 288 276
f 637 276 625
f 625 276 260
f 625 260 619
f 619 260 254
f 619 254 617
f 617 254 252
f 617 252 621
f 621 252 256
f 621 256 629
f 629 256 262
f 629 262 639
f 639 262 278
f 666 317 670
f 670 317 318
f 670 318 672
f 672 318 324
f 672 324 674
f 674 324 334
f 674 334 676
f 676 334 348
f 663 665 316
f 316 314 663
f 663 314 310
f 663 310 661
f 661 310 306
f 661 306 659
f 676 348 679
f 679 348 361
f 679 361 681
f 681 361 383
f 681 383 684
f 684 383 390
f 684 390 688
f 688 390 393
f 688 393 690
f 690 393 395
f 690 395 695
f 695 395 404
f 695 404 697
f 697 404 424
f 697 424 699
f 699 424 440
f 675 347 673
f 673 347 333
f 673 333 671
f 671 333 323
f 671 323 669
f 669 323 316
f 669 316 665
f 699 440 703
f 703 440 454
f 703 454 705
f 705 454 464
f 705 464 707
f 707 464 471
f 707 471 709
f 683 387 680
f 680 387 372
f 680 372 675
f 675 372 347
f 711 709 471
f 471 473 711
f 711 473 477
f 711 477 713
f 713 477 479
f 713 479 715
f 682 386 683
f 683 386 387
f 715 479 719
f 719 479 485
f 719 485 721
f 721 485 493
f 721 493 723
f 723 493 497
f 723 497 739
f 739 497 511
f 739 511 749
f 749 511 524
f 749 524 755
f 755 524 532
f 755 532 757
f 757 532 534
f 757 534 753
f 753 534 530
f 753 530 745
f 745 530 522
f 745 522 737
f 737 522 509
f 691 398 682
f 682 398 386
f 505 729 725
f 505 725 501
f 501 725 727
f 501 727 503
f 503 727 731
f 503 731 507
f 507 731 737
f 507 737 509
f 692 399 691
f 691 399 398
f 729 505 735
f 735 505 513
f 735 513 741
f 741 513 515
f 741 515 743
f 743 515 520
f 743 520 747
f 747 520 526
f 747 526 563
f 698 439 696
f 696 439 417
f 696 417 692
f 692 417 399
f 751 563 761
f 761 563 526
f 761 526 538
f 708 470 706
f 706 470 469
f 706 469 704
f 704 469 463
f 704 463 702
f 702 463 453
f 702 453 698
f 698 453 439
f 537 760 538
f 538 760 761
f 472 470 708
f 708 710 472
f 472 710 712
f 472 712 476
f 476 712 714
f 476 714 478
f 562 750 525
f 525 750 760
f 525 760 537
f 736 508 744
f 744 508 521
f 744 521 752
f 752 521 529
f 752 529 756
f 756 529 533
f 756 533 754
f 754 533 531
f 754 531 748
f 748 531 523
f 748 523 738
f 738 523 510
f 738 510 722
f 722 510 496
f 722 496 720
f 720 496 492
f 720 492 718
f 718 492 484
f 718 484 714
f 714 484 478
f 504 728 512
f 512 728 734
f 512 734 514
f 514 734 740
f 514 740 519
f 519 740 742
f 519 742 525
f 525 742 746
f 525 746 562
f 508 736 730
f 508 730 506
f 506 730 726
f 506 726 502
f 502 726 724
f 502 724 500
f 500 724 728
f 500 728 504
f 1701 1481 1703
f 1703 1481 1485
f 1703 1485 1705
f 1705 1485 1492
f 1705 1492 1707
f 1707 1492 1496
f 1707 1496 1709
f 1709 1496 1506
f 1709 1506 1711
f 1711 1506 1512
f 1711 1512 1713
f 1713 1512 1535
f 1713 1535 1715
f 1715 1535 1548
f 1715 1548 1717
f 1717 1548 1556
f 1717 1556 1719
f 1719 1556 1558
f 1719 1558 1721
f 1721 1558 1563
f 1721 1563 1723
f 1723 1563 1568
f 1723 1568 1725
f 1725 1568 1572
f 1725 1572 1727
f 1727 1572 1587
f 1727 1587 1729
f 1729 1587 1610
f 1729 1610 1731
f 1731 1610 1614
f 1731 1614 1733
f 1733 1614 1624
f 1733 1624 1735
f 1735 1624 1630
f 1735 1630 1737
f 1737 1630 1637
f 1737 1637 1739
f 1739 1637 1641
f 1739 1641 1740
f 1740 1641 1642
f 1740 1642 1738
f 1738 1642 1640
f 1738 1640 1736
f 1736 1640 1636
f 1736 1636 1734
f 1734 1636 1629
f 1734 1629 1732
f 1732 1629 1623
f 1732 1623 1730
f 1730 1623 1613
f 1730 1613 1728
f 1728 1613 1609
f 1728 1609 1726
f 1726 1609 1586
f 1726 1586 1724
f 1724 1586 1571
f 1724 1571 1722
f 1722 1571 1567
f 1722 1567 1720
f 1720 1567 1562
f 1720 1562 1718
f 1718 1562 1557
f 1718 1557 1716
f 1716 1557 1555
f 1716 1555 1714
f 1714 1555 1547
f 1714 1547 1712
f 1712 1547 1534
f 1712 1534 1710
f 1710 1534 1511
f 1710 1511 1708
f 1708 1511 1505
f 1708 1505 1706
f 1706 1505 1495
f 1706 1495 1704
f 1704 1495 1491
f 1704 1491 1702
f 1702 1491 1484
f 1702 1484 1700
f 1700 1484 1480
f 1700 1480 1699
f 1699 1480 1479
f 1699 1479 1701
f 1701 1479 1481
f 1962 2144 1960
f 1960 2144 2142
f 1960 2142 1956
f 1956 2142 2136
f 1956 2136 1954
f 1954 2136 2128
f 1954 2128 1952
f 1952 2128 2122
f 1952 2122 1950
f 1950 2122 2114
f 1950 2114 1948
f 1948 2114 2112
f 1948 2112 1944
f 1944 2112 2108
f 1944 2108 1942
f 1942 2108 2106
f 1942 2106 1940
f 1940 2106 2104
f 1940 2104 1938
f 1938 2104 2098
f 1938 2098 1934
f 1934 2098 2094
f 1934 2094 1932
f 1932 2094 2092
f 1932 2092 1930
f 1930 2092 2090
f 1930 2090 1928
f 1928 2090 2086
f 1928 2086 1924
f 1924 2086 2078
f 1924 2078 1922
f 1922 2078 2072
f 1922 2072 1920
f 1920 2072 2066
f 1920 2066 1918
f 1918 2066 2060
f 1918 2060 1916
f 1916 2060 2058
f 1916 2058 1914
f 1914 2058 2056
f 1914 2056 1915
f 1915 2056 2057
f 1915 2057 1917
f 1917 2057 2059
f 1917 2059 1919
f 1919 2059 2065
f 1919 2065 1921
f 1921 2065 2071
f 1921 2071 1923
f 1923 2071 2077
f 1923 2077 1927
f 1927 2077 2085
f 1927 2085 1929
f 1929 2085 2089
f 1929 2089 1931
f 1931 2089 2091
f 1931 2091 1933
f 1933 2091 2093
f 1933 2093 1937
f 1937 2093 2097
f 1937 2097 1939
f 1939 2097 2103
f 1939 2103 1941
f 1941 2103 2105
f 1941 2105 1943
f 1943 2105 2107
f 1943 2107 1947
f 1947 2107 2111
f 1947 2111 1949
f 1949 2111 2113
f 1949 2113 1951
f 1951 2113 2121
f 1951 2121 1953
f 1953 2121 2127
f 1953 2127 1955
f 1955 2127 2135
f 1955 2135 1959
f 1959 2135 2141
f 1959 2141 1961
f 1961 2141 2143
f 1961 2143 1963
f 1963 2143 2145
f 1963 2145 1962
f 1962 2145 2144
f 2134 2158 1965
f 2158 2160 1965
f 1965 2160 2183
f 1965 2183 1967
f 1967 2183 2206
f 1967 2206 1969
f 1969 2206 2208
f 1969 2208 1971
f 1971 2208 2210
f 1971 2210 1973
f 1973 2210 2212
f 1973 2212 1975
f 1975 2212 2214
f 1975 2214 1977
f 1977 2214 2215
f 1977 2215 1978
f 1978 2215 2213
f 1978 2213 1976
f 1976 2213 2211
f 1976 2211 1974
f 1974 2211 2209
f 1974 2209 1972
f 1972 2209 2207
f 1972 2207 1970
f 1970 2207 2205
f 1970 2205 1968
f 1968 2205 2182
f 1968 2182 1966
f 1966 2182 2159
f 1966 2159 1964
f 1964 2159 2133
f 1964 2133 1957
f 1957 2133 2109
f 1957 2109 1945
f 1945 2109 2095
f 1945 2095 1935
f 1935 2095 2087
f 1935 2087 1925
f 1925 2087 2042
f 1925 2042 1912
f 1912 2042 2025
f 1912 2025 1910
f 1910 2025 1990
f 1910 1990 1908
f 1908 1990 1988
f 1908 1988 1906
f 1906 1988 1986
f 1906 1986 1904
f 1904 1986 1984
f 1904 1984 1902
f 1902 1984 1982
f 1902 1982 1900
f 1900 1982 1980
f 1900 1980 1898
f 1898 1980 1979
f 1898 1979 1897
f 1897 1979 1981
f 1897 1981 1899
f 1899 1981 1983
f 1899 1983 1901
f 1901 1983 1985
f 1901 1985 1903
f 1903 1985 1987
f 1903 1987 1905
f 1905 1987 1989
f 1905 1989 1907
f 1907 1989 1991
f 1907 1991 1909
f 1909 1991 2026
f 1909 2026 1911
f 1911 2026 2043
f 1911 2043 1913
f 1913 2043 2088
f 1913 2088 1926
f 1926 2088 2096
f 1926 2096 1936
f 1936 2096 2110
f 1936 2110 1946
f 1946 2110 2134
f 1946 2134 1958
f 1958 2134 1965
f 351 365 357
f 357 365 376
f 357 376 360
f 329 320 337
f 337 320 332
f 337 332 345
f 345 332 342
f 345 342 351
f 351 342 354
f 351 354 365
f 340 346 367
f 367 346 352
f 378 385 367
f 299 301 326
f 326 301 305
f 326 305 329
f 329 305 313
f 329 313 320
f 293 299 297
f 297 299 326
f 297 326 309
f 309 326 330
f 309 330 340
f 340 330 338
f 340 338 346
f 376 382 360
f 360 382 380
f 360 380 358
f 358 380 374
f 358 374 352
f 352 374 369
f 352 369 367
f 367 369 371
f 367 371 378
f 491 495 487
f 412 438 444
f 430 410 426
f 426 410 408
f 426 408 429
f 429 408 414
f 429 414 437
f 406 403 412
f 414 423 437
f 437 423 432
f 437 432 443
f 443 432 446
f 443 446 451
f 412 419 438
f 438 419 421
f 438 421 430
f 430 421 416
f 430 416 410
f 406 412 434
f 434 412 444
f 434 444 466
f 466 444 452
f 466 452 487
f 487 452 460
f 487 460 462
f 446 456 451
f 451 456 468
f 451 468 459
f 459 468 475
f 459 475 462
f 462 475 481
f 462 481 487
f 487 481 489
f 487 489 491
f 458 467 450
f 450 467 455
f 450 455 442
f 442 455 445
f 442 445 436
f 461 480 458
f 458 480 474
f 458 474 467
f 418 411 435
f 488 486 490
f 490 486 494
f 441 433 449
f 449 433 465
f 449 465 457
f 457 465 486
f 457 486 461
f 461 486 488
f 461 488 480
f 445 431 436
f 436 431 422
f 436 422 428
f 428 422 413
f 428 413 425
f 441 435 433
f 433 435 411
f 433 411 405
f 405 411 402
f 413 407 425
f 425 407 409
f 425 409 427
f 427 409 415
f 427 415 435
f 435 415 420
f 435 420 418
f 298 292 296
f 339 366 349
f 350 353 344
f 344 353 341
f 344 341 336
f 355 379 359
f 359 379 381
f 359 381 356
f 356 381 375
f 356 375 350
f 350 375 364
f 350 364 353
f 384 377 366
f 366 377 370
f 366 370 349
f 349 370 368
f 349 368 355
f 355 368 373
f 355 373 379
f 341 331 336
f 336 331 319
f 336 319 328
f 328 319 312
f 328 312 325
f 325 312 304
f 325 304 300
f 349 343 339
f 339 343 335
f 339 335 308
f 308 335 327
f 308 327 296
f 296 327 325
f 296 325 298
f 298 325 300
f 28 359 35
f 35 359 356
f 35 356 40
f 40 356 350
f 40 350 45
f 45 350 344
f 45 344 39
f 39 344 336
f 39 336 34
f 34 336 328
f 34 328 27
f 27 328 325
f 27 325 19
f 19 325 327
f 19 327 13
f 13 327 335
f 13 335 11
f 11 335 343
f 11 343 14
f 14 343 349
f 14 349 20
f 20 349 355
f 20 355 28
f 28 355 359
f 133 360 138
f 138 360 358
f 138 358 142
f 142 358 352
f 142 352 147
f 147 352 346
f 147 346 141
f 141 346 338
f 141 338 137
f 137 338 330
f 137 330 132
f 132 330 326
f 132 326 127
f 127 326 329
f 127 329 123
f 123 329 337
f 123 337 121
f 121 337 345
f 121 345 124
f 124 345 351
f 124 351 128
f 128 351 357
f 128 357 133
f 133 357 360
f 135 462 140
f 140 462 460
f 140 460 144
f 144 460 452
f 144 452 148
f 148 452 444
f 148 444 143
f 143 444 438
f 143 438 139
f 139 438 430
f 139 430 134
f 134 430 426
f 134 426 129
f 129 426 429
f 129 429 125
f 125 429 437
f 125 437 122
f 122 437 443
f 122 443 126
f 126 443 451
f 126 451 130
f 130 451 459
f 130 459 135
f 135 459 462
f 30 461 37
f 37 461 458
f 37 458 44
f 44 458 450
f 44 450 48
f 48 450 442
f 48 442 43
f 43 442 436
f 43 436 36
f 36 436 428
f 36 428 29
f 29 428 425
f 29 425 21
f 21 425 427
f 21 427 17
f 17 427 435
f 17 435 12
f 12 435 441
f 12 441 18
f 18 441 449
f 18 449 23
f 23 449 457
f 23 457 30
f 30 457 461
f 405 402 173
f 389 171 394
f 394 171 173
f 394 173 397
f 397 173 402
f 397 402 1570
f 1570 402 1576
f 173 175 405
f 405 175 177
f 405 177 433
f 433 177 179
f 433 179 465
f 465 179 181
f 183 494 181
f 181 494 486
f 181 486 465
f 1687 1691 517
f 487 495 184
f 184 182 487
f 487 182 180
f 487 180 466
f 466 180 178
f 466 178 434
f 434 178 176
f 434 176 406
f 848 863 403
f 403 863 919
f 403 919 950
f 950 983 403
f 403 983 1018
f 403 1018 1577
f 1577 1018 1186
f 1577 1186 1223
f 1323 1564 1313
f 1313 1564 1577
f 1313 1577 1258
f 1258 1577 1223
f 406 176 403
f 403 176 174
f 403 174 848
f 1545 1552 385
f 385 1552 172
f 385 172 367
f 172 170 367
f 367 170 168
f 367 168 340
f 340 168 166
f 340 166 309
f 309 166 164
f 309 164 297
f 297 164 293
f 293 164 162
f 293 162 1455
f 267 269 158
f 158 156 267
f 267 156 154
f 267 154 266
f 266 154 155
f 266 155 268
f 268 155 157
f 268 157 1432
f 1432 157 1436
f 296 292 161
f 1251 1454 1298
f 1298 1454 1448
f 1298 1448 1334
f 1251 1226 1454
f 1454 1226 1191
f 1454 1191 292
f 292 1191 1010
f 292 1010 988
f 879 161 921
f 921 161 292
f 921 292 953
f 953 292 988
f 161 163 296
f 296 163 165
f 296 165 308
f 308 165 167
f 308 167 339
f 339 167 169
f 339 169 366
f 1551 1544 384
f 366 169 384
f 384 169 171
f 384 171 1551
f 1551 171 389
f 1551 389 1554
f 1442 1436 1185
f 879 835 161
f 161 835 829
f 161 829 159
f 159 829 823
f 823 841 159
f 159 841 860
f 159 860 918
f 918 947 159
f 159 947 958
f 159 958 157
f 157 958 994
f 157 994 1436
f 1436 994 1015
f 1436 1015 1185
f 1185 1220 1442
f 1442 1220 1257
f 1442 1257 1310
f 1310 1332 1442
f 1442 1332 1346
f 1442 1346 1448
f 1448 1346 1344
f 1448 1344 1334
f 952 984 183
f 185 828 183
f 183 828 842
f 842 865 183
f 183 865 920
f 183 920 952
f 1666 494 1670
f 1670 494 183
f 1670 183 1020
f 1020 183 984
f 1020 1187 1670
f 1670 1187 1225
f 1670 1225 1259
f 1350 1676 1333
f 1333 1676 1670
f 1333 1670 1315
f 1315 1670 1259
f 1350 1342 1676
f 1676 1342 1339
f 1676 1339 1680
f 1680 1339 1309
f 1680 1309 1256
f 1256 1228 1680
f 1680 1228 1195
f 1680 1195 1012
f 1012 993 187
f 187 993 955
f 187 955 926
f 926 857 187
f 187 857 839
f 187 839 185
f 185 839 832
f 185 832 828
f 1254 1227 1552
f 1254 1552 1308
f 1323 1348 1564
f 1564 1348 1345
f 1564 1345 1552
f 1552 1345 1337
f 1552 1337 1308
f 991 172 1011
f 1011 172 1552
f 1011 1552 1193
f 1193 1552 1227
f 991 954 172
f 172 954 924
f 172 924 856
f 856 837 172
f 172 837 830
f 172 830 174
f 174 830 826
f 174 826 848
f 1012 187 1680
f 1680 187 189
f 1680 189 1686
f 1455 162 1449
f 1449 162 160
f 1449 160 1443
f 1443 160 158
f 1443 158 1437
f 1437 158 269
f 1437 269 1433
f 1690 1686 516
f 516 1686 189
f 516 189 518
f 518 189 191
f 518 191 517
f 517 191 190
f 517 190 1687
f 1687 190 188
f 1687 188 1681
f 1681 188 186
f 1681 186 1677
f 1677 186 184
f 1677 184 1671
f 1671 184 495
f 1671 495 1667
f 12 18 9
f 19 13 24
f 141 137 136
f 136 137 132
f 144 145 140
f 140 145 131
f 140 131 135
f 113 122 126
f 51 53 35
f 127 114 132
f 132 114 120
f 132 120 136
f 153 133 152
f 152 133 138
f 152 138 149
f 149 138 142
f 149 142 146
f 146 142 147
f 146 147 141
f 69 66 67
f 67 66 63
f 103 107 129
f 129 107 111
f 129 111 134
f 37 49 30
f 30 49 33
f 30 33 23
f 23 33 22
f 23 22 18
f 44 76 71
f 19 24 27
f 27 24 38
f 27 38 34
f 34 38 50
f 34 50 39
f 39 50 56
f 39 56 62
f 78 97 121
f 121 97 102
f 121 102 123
f 123 102 110
f 123 110 127
f 144 148 150
f 150 148 143
f 150 143 151
f 151 143 139
f 151 139 153
f 153 139 134
f 153 134 133
f 133 134 111
f 133 111 128
f 128 111 106
f 128 106 124
f 124 106 100
f 124 100 121
f 121 100 90
f 121 90 78
f 113 118 122
f 122 118 117
f 122 117 112
f 62 67 39
f 39 67 63
f 39 63 45
f 45 63 59
f 45 59 40
f 40 59 57
f 40 57 35
f 35 57 52
f 35 52 51
f 110 116 127
f 127 116 115
f 127 115 114
f 114 115 109
f 114 109 95
f 20 1 14
f 14 1 3
f 14 3 11
f 11 3 10
f 11 10 13
f 4 21 9
f 9 21 17
f 9 17 12
f 109 101 95
f 95 101 96
f 95 96 77
f 77 96 88
f 77 88 73
f 73 88 83
f 73 83 67
f 67 83 79
f 67 79 69
f 69 79 80
f 69 80 74
f 74 80 84
f 74 84 78
f 78 84 89
f 78 89 97
f 98 94 104
f 104 94 103
f 71 65 44
f 44 65 60
f 44 60 37
f 37 60 54
f 37 54 49
f 135 131 130
f 130 131 119
f 130 119 108
f 36 53 43
f 43 53 55
f 43 55 48
f 48 55 58
f 48 58 61
f 112 104 122
f 122 104 103
f 122 103 125
f 125 103 129
f 72 75 98
f 98 75 85
f 98 85 94
f 48 98 91
f 76 92 93
f 93 92 99
f 93 99 108
f 126 130 113
f 113 130 108
f 113 108 105
f 105 108 99
f 29 26 36
f 36 26 32
f 36 32 53
f 53 32 42
f 53 42 47
f 1 5 2
f 2 5 6
f 2 6 8
f 4 2 21
f 21 2 8
f 21 8 29
f 29 8 16
f 29 16 26
f 91 86 48
f 48 86 81
f 48 81 44
f 44 81 82
f 44 82 76
f 76 82 87
f 76 87 92
f 47 46 53
f 53 46 41
f 53 41 35
f 35 41 31
f 35 31 28
f 28 31 25
f 28 25 20
f 20 25 15
f 20 15 1
f 1 15 7
f 1 7 5
f 61 64 48
f 48 64 68
f 48 68 98
f 98 68 70
f 98 70 72
f 9 18 179
f 167 3 169
f 169 3 1
f 169 1 171
f 171 1 2
f 171 2 173
f 173 2 4
f 173 4 175
f 175 4 9
f 175 9 177
f 177 9 179
f 24 13 167
f 167 13 10
f 167 10 3
f 155 62 157
f 157 62 56
f 157 56 159
f 159 56 50
f 159 50 161
f 161 50 38
f 161 38 163
f 163 38 24
f 163 24 165
f 165 24 167
f 154 73 155
f 155 73 67
f 155 67 62
f 166 120 164
f 164 120 114
f 164 114 162
f 162 114 95
f 162 95 160
f 160 95 77
f 160 77 158
f 158 77 73
f 158 73 156
f 156 73 154
f 178 151 176
f 176 151 153
f 176 153 174
f 174 153 152
f 174 152 172
f 172 152 149
f 172 149 170
f 170 149 146
f 170 146 168
f 168 146 141
f 168 141 166
f 166 141 136
f 166 136 120
f 18 22 179
f 179 22 33
f 179 33 181
f 181 33 49
f 181 49 183
f 183 49 54
f 183 54 185
f 185 54 60
f 185 60 187
f 187 60 65
f 187 65 189
f 189 65 71
f 189 71 191
f 191 71 76
f 191 76 190
f 190 76 93
f 190 93 188
f 188 93 108
f 188 108 186
f 186 108 119
f 186 119 184
f 184 119 131
f 184 131 182
f 182 131 145
f 182 145 180
f 180 145 144
f 180 144 178
f 178 144 150
f 178 150 151
f 207 25 209
f 209 25 31
f 209 31 211
f 211 31 41
f 211 41 213
f 213 41 46
f 213 46 216
f 216 46 47
f 216 47 218
f 218 47 42
f 218 42 220
f 220 42 32
f 220 32 221
f 221 32 26
f 221 26 219
f 219 26 16
f 219 16 217
f 217 16 8
f 217 8 215
f 215 8 6
f 215 6 212
f 212 6 5
f 212 5 210
f 210 5 7
f 210 7 208
f 208 7 15
f 208 15 207
f 207 15 25
f 207 209 214
f 207 214 208
f 215 212 214
f 214 212 210
f 214 210 208
f 221 219 214
f 214 219 217
f 214 217 215
f 216 218 214
f 214 218 220
f 214 220 221
f 209 211 214
f 214 211 213
f 214 213 216
f 192 96 194
f 194 96 101
f 194 101 196
f 196 101 109
f 196 109 198
f 198 109 115
f 198 115 201
f 201 115 116
f 201 116 203
f 203 116 110
f 203 110 205
f 205 110 102
f 205 102 206
f 206 102 97
f 206 97 204
f 204 97 89
f 204 89 202
f 202 89 84
f 202 84 200
f 200 84 80
f 200 80 197
f 197 80 79
f 197 79 195
f 195 79 83
f 195 83 193
f 193 83 88
f 193 88 192
f 192 88 96
f 192 194 199
f 192 199 193
f 200 197 199
f 199 197 195
f 199 195 193
f 206 204 199
f 199 204 202
f 199 202 200
f 201 203 199
f 199 203 205
f 199 205 206
f 194 196 199
f 199 196 198
f 199 198 201
f 222 98 224
f 224 98 104
f 224 104 226
f 226 104 112
f 226 112 228
f 228 112 117
f 228 117 231
f 231 117 118
f 231 118 233
f 233 118 113
f 233 113 235
f 235 113 105
f 235 105 236
f 236 105 99
f 236 99 234
f 234 99 92
f 234 92 232
f 232 92 87
f 232 87 230
f 230 87 82
f 230 82 227
f 227 82 81
f 227 81 225
f 225 81 86
f 225 86 223
f 223 86 91
f 223 91 222
f 222 91 98
f 222 224 229
f 222 229 223
f 230 227 229
f 229 227 225
f 229 225 223
f 236 234 229
f 229 234 232
f 229 232 230
f 231 233 229
f 229 233 235
f 229 235 236
f 224 226 229
f 229 226 228
f 229 228 231
f 517 536 518
f 518 536 535
f 518 535 516
f 388 389 396
f 396 389 394
f 396 394 397
f 1648 475 1646
f 1646 475 468
f 1646 468 1639
f 1639 468 456
f 1639 456 1626
f 1626 456 446
f 1626 446 1612
f 1612 446 432
f 1612 432 1604
f 1604 432 423
f 1604 423 1593
f 1593 423 414
f 1593 414 1581
f 1581 414 408
f 1581 408 1583
f 1583 408 410
f 1583 410 1596
f 1596 410 416
f 1524 374 1539
f 1539 374 380
f 1539 380 1541
f 1541 380 382
f 1541 382 1527
f 1527 382 376
f 1527 376 1518
f 1518 376 365
f 1518 365 1508
f 1508 365 354
f 1508 354 1494
f 1494 354 342
f 1494 342 1483
f 1483 342 332
f 1483 332 1476
f 1476 332 320
f 1476 320 1474
f 1474 320 313
f 1473 312 1475
f 1475 312 319
f 1475 319 1482
f 1482 319 331
f 1482 331 1493
f 1493 331 341
f 1493 341 1507
f 1507 341 353
f 1507 353 1517
f 1517 353 364
f 1517 364 1526
f 1526 364 375
f 1526 375 1540
f 1540 375 381
f 1540 381 1538
f 1538 381 379
f 1538 379 1523
f 1523 379 373
f 1595 415 1582
f 1582 415 409
f 1582 409 1580
f 1580 409 407
f 1580 407 1592
f 1592 407 413
f 1592 413 1603
f 1603 413 422
f 1603 422 1611
f 1611 422 431
f 1611 431 1625
f 1625 431 445
f 1625 445 1638
f 1638 445 455
f 1638 455 1645
f 1645 455 467
f 1645 467 1647
f 1647 467 474
f 838 877 64
f 1349 1322 1615
f 1497 1351 1489
f 1489 1351 1330
f 1221 1188 1489
f 1330 1311 1489
f 1489 1311 1260
f 1489 1260 1221
f 1016 985 66
f 985 948 66
f 66 948 916
f 66 916 861
f 1532 1184 1509
f 1509 1184 1229
f 1509 1229 1252
f 1252 1306 1509
f 1509 1306 1335
f 1509 1335 1497
f 1497 1335 1341
f 1497 1341 1351
f 836 858 59
f 59 858 922
f 59 922 944
f 861 843 66
f 66 843 824
f 66 824 63
f 63 824 822
f 63 822 59
f 59 822 833
f 59 833 836
f 944 989 59
f 59 989 1000
f 59 1000 1532
f 1532 1000 1009
f 1532 1009 1184
f 1224 1190 1601
f 1224 1601 1261
f 1615 1322 1601
f 1601 1322 1314
f 1601 1314 1261
f 1019 987 58
f 58 987 951
f 951 917 58
f 58 917 864
f 58 864 61
f 1349 1615 1343
f 1343 1615 1627
f 1343 1627 1338
f 946 992 68
f 64 877 68
f 68 877 925
f 68 925 946
f 1633 1014 1194
f 1194 1231 1633
f 1633 1231 1255
f 1633 1255 1627
f 1627 1255 1299
f 1627 1299 1338
f 864 852 61
f 61 852 827
f 61 827 64
f 64 827 831
f 64 831 838
f 1189 1017 1574
f 103 986 949
f 1331 1312 1566
f 1566 1312 1250
f 1566 1250 1574
f 1574 1250 1222
f 1574 1222 1189
f 1560 1352 1566
f 1566 1352 1347
f 1566 1347 1331
f 859 923 106
f 106 923 945
f 106 945 990
f 111 834 106
f 106 834 840
f 106 840 859
f 1013 1192 1550
f 1550 1192 1230
f 1550 1230 1253
f 1253 1307 1550
f 1550 1307 1336
f 1550 1336 1560
f 1560 1336 1340
f 1560 1340 1352
f 103 949 107
f 107 949 927
f 107 927 862
f 862 844 107
f 107 844 825
f 107 825 111
f 111 825 821
f 111 821 834
f 1017 986 1574
f 1574 986 103
f 1574 103 1602
f 1602 103 94
f 1602 94 1616
f 1616 94 85
f 1616 85 1628
f 1628 85 75
f 1628 75 1634
f 1634 75 72
f 1634 72 1635
f 1635 72 70
f 1635 70 1633
f 1633 70 68
f 1633 68 1014
f 1014 68 992
f 1190 1019 1601
f 1601 1019 58
f 1601 58 1573
f 1573 58 55
f 1573 55 1565
f 1565 55 53
f 1565 53 1559
f 1559 53 51
f 1559 51 1549
f 1549 51 52
f 1549 52 1532
f 1532 52 57
f 1532 57 59
f 1188 1016 1489
f 1489 1016 66
f 1489 66 1486
f 1486 66 69
f 1486 69 1490
f 1490 69 74
f 1490 74 1498
f 1498 74 78
f 1498 78 1510
f 1510 78 90
f 1510 90 1533
f 1533 90 100
f 1533 100 1550
f 1550 100 106
f 1550 106 1013
f 1013 106 990
f 251 269 267
f 251 267 250
f 250 267 266
f 250 266 268
f 1690 1697 1698
f 1676 1680 1647
f 1595 1582 1554
f 1554 1582 1580
f 1449 1443 1474
f 1553 1569 1554
f 1554 1569 1570
f 1554 1570 1595
f 1426 1425 1433
f 1433 1425 1432
f 1574 1602 1691
f 1691 1602 1616
f 1691 1616 1628
f 1628 1634 1691
f 1691 1634 1635
f 1691 1635 1698
f 1432 1518 1508
f 1474 1443 1476
f 1592 1603 1538
f 1611 1625 1690
f 1690 1625 1638
f 1690 1638 1645
f 1647 1680 1645
f 1645 1680 1686
f 1645 1686 1690
f 1597 1599 1584
f 1584 1599 1595
f 1584 1595 1576
f 1576 1595 1570
f 1508 1494 1432
f 1432 1494 1483
f 1432 1483 1433
f 1433 1483 1476
f 1433 1476 1437
f 1437 1476 1443
f 1463 1459 1455
f 1583 1596 1552
f 1658 1662 1655
f 1655 1662 1666
f 1655 1666 1647
f 1647 1666 1670
f 1647 1670 1676
f 1449 1474 1455
f 1455 1474 1466
f 1455 1466 1463
f 1473 1448 1454
f 1522 1520 1537
f 1537 1520 1583
f 1537 1583 1545
f 1545 1583 1552
f 1580 1592 1554
f 1554 1592 1538
f 1554 1538 1551
f 1551 1538 1523
f 1551 1523 1544
f 1497 1489 1493
f 1598 1585 1600
f 1600 1585 1577
f 1600 1577 1596
f 1596 1577 1564
f 1596 1564 1552
f 1458 1462 1454
f 1454 1462 1465
f 1454 1465 1473
f 1677 1671 1648
f 1648 1671 1667
f 1566 1574 1639
f 1639 1574 1691
f 1639 1691 1646
f 1646 1691 1687
f 1646 1687 1648
f 1648 1687 1681
f 1648 1681 1677
f 1519 1521 1523
f 1523 1521 1536
f 1523 1536 1544
f 1520 1524 1583
f 1583 1524 1539
f 1583 1539 1581
f 1493 1489 1482
f 1667 1663 1648
f 1648 1663 1659
f 1648 1659 1656
f 1486 1490 1432
f 1432 1490 1498
f 1432 1498 1518
f 1518 1498 1510
f 1518 1510 1533
f 1489 1486 1482
f 1482 1486 1432
f 1482 1432 1475
f 1475 1432 1436
f 1475 1436 1473
f 1473 1436 1442
f 1473 1442 1448
f 1539 1541 1581
f 1581 1541 1527
f 1581 1527 1593
f 1639 1626 1566
f 1566 1626 1612
f 1566 1612 1560
f 1560 1612 1604
f 1560 1604 1550
f 1550 1604 1593
f 1550 1593 1533
f 1533 1593 1527
f 1533 1527 1518
f 1526 1559 1517
f 1517 1559 1549
f 1517 1549 1507
f 1507 1549 1532
f 1507 1532 1493
f 1493 1532 1509
f 1493 1509 1497
f 1698 1635 1690
f 1690 1635 1633
f 1690 1633 1627
f 1627 1615 1690
f 1690 1615 1601
f 1690 1601 1573
f 1603 1611 1538
f 1538 1611 1690
f 1538 1690 1540
f 1540 1690 1573
f 1540 1573 1526
f 1526 1573 1565
f 1526 1565 1559
f 389 388 1554
f 1554 388 1553
f 1569 1553 396
f 396 1553 388
f 1570 1569 397
f 397 1569 396
f 1698 1697 536
f 536 1697 535
f 1691 1698 517
f 517 1698 536
f 516 535 1690
f 1690 535 1697
f 269 251 1433
f 1433 251 1426
f 1425 1426 250
f 250 1426 251
f 1425 250 1432
f 1432 250 268
f 1220 1221 1260
f 1220 1260 1257
f 1257 1260 1311
f 1257 1311 1310
f 1310 1311 1330
f 1310 1330 1332
f 1332 1330 1351
f 1332 1351 1346
f 988 1010 1000
f 1346 1351 1344
f 1344 1351 1341
f 1344 1341 1334
f 1334 1341 1335
f 1334 1335 1298
f 1298 1335 1306
f 1298 1306 1251
f 1251 1306 1252
f 1251 1252 1226
f 1226 1252 1229
f 1226 1229 1191
f 1191 1229 1184
f 1191 1184 1010
f 1010 1184 1009
f 1010 1009 1000
f 1221 1220 1188
f 1188 1220 1185
f 1188 1185 1016
f 1016 1185 1015
f 1016 1015 985
f 985 1015 994
f 985 994 948
f 1000 989 988
f 988 989 944
f 988 944 953
f 953 944 922
f 953 922 921
f 921 922 858
f 921 858 879
f 879 858 836
f 879 836 835
f 835 836 833
f 835 833 829
f 829 833 822
f 829 822 823
f 823 822 824
f 823 824 841
f 841 824 843
f 841 843 860
f 860 843 861
f 860 861 918
f 918 861 916
f 918 916 947
f 947 916 948
f 947 948 958
f 958 948 994
f 1020 1019 1190
f 1020 1190 1187
f 1187 1190 1224
f 1187 1224 1225
f 1225 1224 1261
f 1225 1261 1259
f 1259 1261 1314
f 1259 1314 1315
f 1315 1314 1322
f 1315 1322 1333
f 1333 1322 1349
f 1333 1349 1350
f 1350 1349 1342
f 1342 1349 1343
f 1342 1343 1339
f 1339 1343 1338
f 1339 1338 1309
f 1309 1338 1299
f 1309 1299 1256
f 1256 1299 1255
f 1256 1255 1228
f 1228 1255 1231
f 1228 1231 1195
f 1195 1231 1194
f 1195 1194 1012
f 1012 1194 1014
f 1012 1014 993
f 1014 992 993
f 993 992 946
f 993 946 955
f 955 946 925
f 955 925 926
f 926 925 877
f 926 877 857
f 857 877 838
f 857 838 839
f 839 838 831
f 839 831 832
f 832 831 827
f 1019 1020 987
f 987 1020 984
f 987 984 951
f 951 984 952
f 951 952 917
f 917 952 920
f 917 920 864
f 864 920 865
f 864 865 852
f 852 865 842
f 852 842 827
f 827 842 828
f 827 828 832
f 1018 1189 1186
f 1186 1189 1222
f 1186 1222 1223
f 1223 1222 1250
f 1223 1250 1258
f 1258 1250 1312
f 1258 1312 1313
f 1313 1312 1331
f 1313 1331 1323
f 1323 1331 1347
f 1323 1347 1348
f 1348 1347 1345
f 1345 1347 1352
f 1345 1352 1337
f 1352 1340 1337
f 1337 1340 1336
f 1337 1336 1308
f 1308 1336 1307
f 1308 1307 1254
f 1254 1307 1253
f 1254 1253 1227
f 1227 1253 1230
f 1227 1230 1193
f 1193 1230 1192
f 1193 1192 1011
f 1011 1192 1013
f 1011 1013 991
f 1013 990 991
f 991 990 945
f 991 945 954
f 954 945 923
f 954 923 924
f 924 923 859
f 924 859 856
f 856 859 840
f 856 840 837
f 837 840 834
f 837 834 830
f 830 834 821
f 830 821 826
f 826 821 825
f 826 825 848
f 848 825 844
f 848 844 863
f 863 844 862
f 863 862 919
f 919 862 927
f 919 927 950
f 950 927 949
f 950 949 983
f 983 949 986
f 983 986 1018
f 1018 986 1017
f 1018 1017 1189
f 384 1544 1536
f 384 1536 377
f 377 1536 1521
f 377 1521 370
f 370 1521 1519
f 370 1519 368
f 368 1519 1523
f 368 1523 373
f 312 1473 1465
f 312 1465 304
f 304 1465 1462
f 304 1462 300
f 300 1462 1458
f 300 1458 298
f 298 1458 1454
f 298 1454 292
f 415 1595 1599
f 415 1599 420
f 420 1599 1597
f 420 1597 418
f 418 1597 1584
f 418 1584 411
f 411 1584 1576
f 411 1576 402
f 494 1666 1662
f 494 1662 490
f 490 1662 1658
f 490 1658 488
f 488 1658 1655
f 488 1655 480
f 480 1655 1647
f 480 1647 474
f 475 1648 1656
f 475 1656 481
f 481 1656 1659
f 481 1659 489
f 489 1659 1663
f 489 1663 491
f 491 1663 1667
f 491 1667 495
f 403 1577 1585
f 403 1585 412
f 412 1585 1598
f 412 1598 419
f 419 1598 1600
f 419 1600 421
f 421 1600 1596
f 421 1596 416
f 293 1455 1459
f 293 1459 299
f 299 1459 1463
f 299 1463 301
f 301 1463 1466
f 301 1466 305
f 305 1466 1474
f 305 1474 313
f 374 1524 1520
f 374 1520 369
f 369 1520 1522
f 369 1522 371
f 371 1522 1537
f 371 1537 378
f 378 1537 1545
f 378 1545 385

